Date,Open,High,Low,Close,EMA20,EMA50,RSI14,ROC3
2011-03-30,7.33115732241116,7.448769168066961,7.115534608365021,7.13513708114624,,,,
2011-03-31,7.076332477973059,7.288034759313632,7.0214470336661385,7.0567307472229,,,0.0,
2011-04-01,7.060651242924552,7.146899905086583,7.013606042262836,7.0567307472229,,,0.0,
2011-04-04,7.084173438851639,7.119457152256369,6.978322298637451,7.009685516357422,,,0.0,-1.758222208796932
2011-04-05,7.009682583285241,7.068489246191958,6.919513463539688,7.048886775970459,,,4.076004118239016,-0.11115588129146511
2011-04-06,7.060650680276649,7.1155361202098675,7.0096849879746275,7.0959343910217285,,,8.876512384368084,0.5555496617786685
2011-04-07,7.190019814805211,7.193940307892166,7.056726040879109,7.0606465339660645,,,8.531635101383106,0.7270086152898402
2011-04-08,7.060651242924552,7.115536687231472,7.009685546561185,7.0567307472229,,,8.492205611781714,0.11127957508384696
2011-04-11,7.033208670333036,7.0959351073771435,7.017526687192953,7.0802531242370605,,,11.148644318675123,-0.22098945565941255
2011-04-12,7.095937567861529,7.190027256052865,7.005768376814628,7.131221294403076,,,16.7855768635873,0.9995509631802639
2011-04-13,7.2017855232569685,7.2017855232569685,7.060650680276649,7.0959343910217285,,,16.027449143592484,0.5555496617786685
2011-04-14,7.060650216828311,7.162580846983773,7.05672972169641,7.154739856719971,,,22.323719330523964,1.0520348803339787
2011-04-15,7.166500799951275,7.327237349409139,7.139057336104138,7.252749443054199,,,31.53743343678365,1.704170206392335
2011-04-18,7.252750259244136,7.288033968974614,7.041048000861271,7.127297401428223,,,27.105461719915535,0.4419856311830731
2011-04-19,7.154738806169581,7.1821815203054085,7.088091894229192,7.13513708114624,,,27.7884022041683,-0.27398306530067457
2011-04-20,7.209626134076473,7.209626134076473,7.095934753020834,7.146899700164795,,,28.865264041378833,-1.4594429839400325
2011-04-21,7.174341634044604,7.193944109839148,6.9900828481238495,7.099854469299316,,,27.123101628320736,-0.3850398065809212
2011-04-25,7.072412880425132,7.15474104863623,7.072412880425132,7.0802531242370605,,,26.407942599678762,-0.7692067620425133
2011-04-26,7.139058139499705,7.150819625329203,7.017525776960291,7.127297401428223,,,31.103286329550397,-0.27427695306987826
2011-04-27,7.095934186974245,7.135138391981221,7.0724119630732645,7.127297401428223,7.103970861434936,,31.1032863295504,0.38652809360491847
2011-04-28,7.099854469299316,7.162580896325871,7.001844333600576,7.099854469299316,7.103578824088687,,29.816273466714044,0.27684525847185754
2011-04-29,7.1272955683677015,7.131216062635893,7.029285454936369,7.0880913734436035,7.102103828789155,,29.257432003289992,-0.5500826719643092
2011-05-02,7.084176076428222,7.174345267475123,7.029290611922869,7.131221294403076,7.104876920752385,,34.132160021679134,0.055054430225785385
2011-05-03,7.0684913254819,7.193944180771983,7.064570830284334,7.162580966949463,7.110372544199726,,37.50423849870636,0.883489907030967
2011-05-04,7.1468968838046125,7.19002157053413,6.958717656224905,7.048886775970459,7.1045167567493195,,31.256581609339385,-0.553105136596141
2011-05-05,7.00968492126005,7.092013828134352,6.939118248199544,7.033207893371582,7.0977254364276305,,30.501965350347415,-1.3744265811582617
2011-05-06,7.1233794269885955,7.1233794269885955,7.021448757002217,7.044970989227295,7.092701203360932,,31.831680082810994,-1.6420055600747778
2011-05-09,7.190023021205176,7.2762716643081005,7.174341041863954,7.252749443054199,7.107943892855529,,50.02163305051489,2.892125715208035
2011-05-10,7.291955710059336,7.354682149683912,7.244910506461832,7.335079669952393,7.129575871626659,,55.130701813088,4.292092330518317
2011-05-11,7.354680911236772,7.354680911236772,7.205705081395683,7.244909286499023,7.140560006376408,,49.198683833021704,2.8380286814163034
2011-05-12,7.370364421781288,7.413489135494634,7.07241416556002,7.221389293670654,7.148258033737765,,47.75527860964251,-0.4323898078897218
2011-05-13,7.311556045666936,7.311556045666936,7.080252063316595,7.162580966949463,7.149622122615069,,44.25887560045248,-2.3516950157959124
2011-05-16,7.221388195148976,7.25275141459908,6.895994512944856,6.990084171295166,7.134428032013173,,35.94559139127342,-3.517298907782422
2011-05-17,7.001844361717907,7.017525594658521,6.5862808463007125,6.735256671905518,7.09641171200292,,27.675392053429228,-6.73184344446322
2011-05-18,6.809744105580805,7.1272967148049835,6.7352561980193,6.997923374176025,7.087031870305121,,42.388999749064936,-2.2988583798664552
2011-05-19,7.037616305829816,7.144788312214394,6.902659132698645,7.053493976593018,7.083837785189682,,44.941030648353866,0.9071393669084045
2011-05-20,7.04952494306857,7.176543287740049,7.04952494306857,7.085248947143555,7.083972181566241,,46.40212865285153,5.196420749604757
2011-05-23,6.91060025708226,7.14082125978184,6.89869200006548,6.98601770401001,7.074643183703743,,42.59794624932006,-0.1701314737161932
2011-05-24,7.017771063431807,7.132881165970929,6.958231303008874,6.9741082191467285,7.065068425174504,,42.15130006250034,-1.1254813247126925
2011-05-25,6.986016332805022,7.0296784191180945,6.851059141461095,6.894721984863281,7.048844954668673,,39.20072936516056,-2.689065178960086
2011-05-26,6.87487580127027,7.132881963337586,6.87487580127027,7.045557022094727,7.048531818233059,,46.81803141199116,0.8522640595448381
2011-05-27,7.081282933363362,7.339289164642649,7.065405254102154,7.22020959854126,7.064882083024316,,54.003928498676295,3.5287863574999325
2011-05-31,7.16463605591734,7.216237738980782,7.105096292996505,7.15272855758667,7.0732484139350165,,51.12932403817373,3.7420881261030976
2011-06-01,7.093190067020226,7.184484437014218,7.021742035863433,7.117005825042725,7.077415786421465,,49.62345460253723,1.0140972917249271
2011-06-02,7.124942621827612,7.124942621827612,7.029678102856181,7.089218616485596,7.078539865475192,,48.4286293921807,-1.8142268623632327
2011-06-03,6.970138099104369,7.132880447850833,6.970138099104369,7.085248947143555,7.0791788256340835,,48.249895113476136,-0.9434107543692788
2011-06-06,7.085248131683531,7.101125044395623,6.878842966803569,6.906628131866455,7.062745426227643,,40.92992882599215,-2.955985963029707
2011-06-07,6.926476260379314,6.9344143393842135,6.688316477183491,6.71610164642334,7.029731732912947,,34.85566021526577,-5.263160726833736
2011-06-08,6.72404379336404,6.767705899201517,6.644656907513159,6.648626327514648,6.993435980017871,,32.988466390323985,-6.162417480121603
2011-06-09,6.608932114526226,6.728012429427486,6.434281440257997,6.466036796569824,6.943207486356153,7.061383123397827,28.534011798836623,-6.379253767316483
2011-06-10,6.521605673274798,6.53748259073179,6.144519230784008,6.208028793334961,6.873190467973182,7.027918247709088,23.670204052403925,-7.564996479154736
2011-06-13,6.188182933486692,6.267569424460502,6.0611645479285965,6.156428337097168,6.804927407889752,6.99374217278313,22.831976150585916,-7.403002758337768
2011-06-14,6.200089989774767,6.362832747856714,6.200089989774767,6.350924491882324,6.761689034936664,6.968533636277217,32.53058056497054,-1.7802605878853963
2011-06-15,6.291385023850323,6.450157992241498,6.2715383081652725,6.339016914367676,6.721434547263427,6.943846706006254,32.26323263390177,2.109979276728642
2011-06-16,6.2675708624807625,6.370773135152936,6.204061655130276,6.299325466156006,6.681233682396053,6.918571363267029,31.338695954666473,2.321104400708669
2011-06-17,6.339013070701635,6.354890357913545,6.275503921853992,6.331074237823486,6.6478851638653325,6.895532260308459,32.99276126431506,-0.3125569211885647
2011-06-20,6.323140126964456,6.346955884869587,6.200090782639128,6.231845378875732,6.608262327199657,6.869505323781685,30.518215476425173,-1.6906649239101115
2011-06-21,6.279476470214377,6.470004023269439,6.255660715354793,6.350924491882324,6.583753961931339,6.849168820569946,36.657970987828435,0.819119856618637
2011-06-22,6.3390166956600815,6.533513291320323,6.3390166956600815,6.477942943572998,6.573676722087687,6.834610943040654,42.495119289262604,2.319807037991749
2011-06-23,6.438248395828371,6.466034321967326,6.350923470658878,6.3906168937683105,6.556242452723938,6.817199411696641,39.78089934263102,2.5477447728528464
2011-06-24,6.354893910540454,6.426341932208402,6.346955073224194,6.350924491882324,6.536688361215212,6.798914120723531,38.574867765126776,0.0
2011-06-27,6.358863753983007,6.450158117951049,6.346955497213123,6.398557186126709,6.5235330112067835,6.783213848778558,40.89077827524202,-1.225477873729199
2011-06-28,6.5176368241995535,6.771673582424671,6.45015821565985,6.585115432739258,6.529398003733686,6.775445283443683,49.00097734656603,3.0435017808782883
2011-06-29,6.517635666104888,7.017771012810325,6.462065324389548,6.799457550048828,6.555117960525604,6.776386940957611,56.402420385668414,7.062484505048257
2011-06-30,6.827242374420166,6.85502754078656,6.76770186696189,6.827242374420166,6.581034571372705,6.778381271681633,57.26816717849192,6.6997164489352095
2011-07-01,6.795487710788444,6.83914979010015,6.700223202807103,6.8034257888793945,6.6022146873257235,6.779363409610958,56.23728417827579,3.315209252897251
2011-07-05,6.779611433027814,6.847090031740122,6.712132834315504,6.743887424468994,6.615707328958416,6.777972194507352,53.637903007772735,-0.8172729246531575
2011-07-06,6.712135042886742,6.747859063200249,6.628779500214827,6.700226783752441,6.6237568008435606,6.774923354869904,51.74893361071542,-1.8604230478709491
2011-07-07,6.81533665949332,6.81533665949332,6.652594261238331,6.6962571144104,6.630661592611831,6.77183840426365,51.571102206900704,-1.5752163365134038
2011-07-08,6.858995633880113,6.858995633880113,6.628774755045015,6.747854232788086,6.641822796438141,6.77089784851951,53.79371545221465,0.05882079681073767
2011-07-11,6.6883155227326565,6.743885853282232,6.493818608720171,6.5652666091918945,6.634531730986117,6.7628338783498005,45.78578096483834,-2.0142627841764313
2011-07-12,6.64862449660028,6.708164266047508,6.45412751262507,6.608931064605713,6.632093572283221,6.756798473889249,47.787507699082624,-1.3041024009780198
2011-07-13,6.664500990942607,6.664500990942607,6.370770100500529,6.505727291107178,6.620058688361693,6.746952545152697,43.68217766380007,-3.5882064627952985
2011-07-14,6.450157416377837,6.648623798420232,6.358863062339735,6.454126834869385,6.604255654695759,6.735469183965116,41.750910763132794,-1.6928447988221111
2011-07-15,6.501759946796234,6.668471779128925,6.438250749439909,6.549392223358154,6.59903056599694,6.72817204825504,46.457466619823656,-0.9008845858057178
2011-07-18,6.4739725394998775,6.56129822362774,6.259629261463225,6.311230182647705,6.571621005677965,6.711821386858674,38.15687636325875,-2.98962898007322
2011-07-19,6.402525420259622,6.4461882684098555,6.283445888872507,6.350924491882324,6.5506022900783805,6.6976685674478365,40.07853509618144,-1.5990132457499049
2011-07-20,6.3628342567069405,6.4977914947296505,6.335048698055703,6.4858832359313965,6.54443857063581,6.689363260329545,46.19961049547917,-0.9696928395928932
2011-07-21,6.600994044586229,6.72404379336404,6.517638495823311,6.648626327514648,6.554361214148081,6.6877657335524905,52.500739520369514,5.345964813557124
2011-07-22,6.6645021693601825,6.747857695132512,6.569237629778601,6.724041938781738,6.57052128316081,6.68918832983599,55.123709273218175,5.875009967073744
2011-07-25,6.84708870551359,6.9185367087923195,6.708162116592615,6.827242374420166,6.594970910899796,6.694602213937331,58.50086032651963,5.263109526820662
2011-07-26,6.831213319571323,6.926477860528856,6.787551225145814,6.858999252319336,6.620116467225466,6.7010491566189785,59.51061453198457,3.1641562398247745
2011-07-27,6.886783631940014,6.898691130366386,6.616869230301131,6.6724395751953125,6.625099620365451,6.699927212249423,51.57183363724547,-0.7674307218222838
2011-07-28,6.652594261238331,6.743888629607855,6.577176812238197,6.6962571144104,6.631876524560208,6.699783286843972,52.44405750167563,-1.918567597666256
2011-07-29,6.644652479139162,6.898689133214395,6.481910152986096,6.870903968811035,6.654641043060287,6.706493901823072,58.36555179200718,0.17356346099139316
2011-08-01,6.926477534815058,7.120974512369503,6.735949218948735,6.946323871612549,6.682420360065264,6.715898998677562,60.644536628729014,4.104710028928502
2011-08-02,6.997924584644769,6.997924584644769,6.497789947628432,6.6764092445373535,6.68184787287213,6.714350380868142,50.079445062070704,-0.2964024459325807
2011-08-03,6.648622963794121,6.898690240656441,6.442217770679434,6.640684127807617,6.677927516199319,6.711461508199102,48.865999523191874,-3.350648503434927
2011-08-04,6.600990805311132,6.735947990777015,5.874604336007697,5.926205635070801,6.606334956091842,6.680667160233287,32.109215716377285,-14.685728097283974
2011-08-05,5.957958161151455,6.104823171423082,5.140276873684544,5.576902866363525,6.508293804689145,6.637382285963884,27.19867631647737,-16.468528783993367
2011-08-08,5.378438525466623,5.61262889491619,5.084708398396967,5.255389213562012,6.388969557915132,6.583186479203027,23.618289003271915,-20.86072590690972
2011-08-09,5.140279212933693,6.049255226439908,5.06089273592226,5.612629413604736,6.315032401314142,6.545125417807016,34.01245813158408,-5.2913489807094445
2011-08-10,5.557058980448555,5.636445461603185,5.168065033518565,5.402255058288574,6.228101225787897,6.5003069723357045,31.310334237213436,-3.1316272178294544
2011-08-11,5.28317552582893,5.41416331437022,5.1601261961308005,5.402255058288574,6.149449209835581,6.4572461129613075,31.310334237213436,2.7945759820711618
2011-08-12,5.545151756369745,5.545151756369745,5.199820238743692,5.271267890930176,6.065812893749351,6.410737163077734,29.61156673918364,-6.082024974731399
2011-08-15,5.223632897730639,5.477669895200442,5.215694442661432,5.291111469268799,5.992031805703585,6.366830273124442,30.229150930393146,-2.0573554528724065
2011-08-16,5.291114324015657,5.640415242042912,5.287144905067198,5.624537944793701,5.957032390378834,6.337720770052649,39.78870463901733,4.114631466059395
2011-08-17,5.564997126178981,5.823003252500848,5.564997126178981,5.731708526611328,5.935572974781929,6.313955584035343,42.51503254751469,8.734912457653566
2011-08-18,5.4975968274741085,5.687308427961652,5.408795595445949,5.642907619476318,5.907700083800442,6.287639977582048,40.86395667468322,6.648813812575673
2011-08-19,5.578325029898615,5.683271905193706,5.509705948739709,5.590434551239014,5.8774843187945915,6.2602985883136935,39.878434597455794,-0.6063323581318351
2011-08-22,5.630798737050418,5.650980888641213,5.166611175174756,5.3361406326293945,5.825927777255049,6.224057099855486,35.420216119616754,-6.901395842886646
2011-08-23,5.39668632998033,5.424941109291786,5.259448170566123,5.388613700866699,5.784278817599016,6.191294613620632,36.98569623674426,-4.506434195944156
2011-08-24,5.408797230900427,5.408797230900427,5.271559411650861,5.319996356964111,5.740061440395691,6.157126054536063,35.764772430567504,-4.837516507817176
2011-08-25,5.388615389892598,5.392651513243261,5.186794594539956,5.247340679168701,5.693135653612169,6.121448196678519,34.4673454089456,-1.6641231851668234
2011-08-26,5.247338554985994,5.247338554985994,4.932498349470723,5.049554347991943,5.631842195934052,6.079413143788849,31.15409671140482,-6.292144356538712
2011-08-29,5.12220893934217,5.219083163032531,4.997080327195013,5.0899176597595215,5.580230335346001,6.040609399317111,32.57845774271514,-4.324790502974811
2011-08-30,5.069735456955507,5.206973190751794,5.037443795244306,5.166609287261963,5.540837854576092,6.00633488511887,35.31674915639409,-1.5385201160510125
2011-08-31,5.235228061676025,5.3482475242152026,5.202936786664832,5.235228061676025,5.511732160014181,5.976095401846601,37.752768370637064,3.677031692072369
2011-09-01,5.247338724141833,5.247338724141833,5.170647019855988,5.211010932922363,5.483092043148294,5.946092089339769,37.22001066319458,2.37908118082529
2011-09-02,5.1101020452976655,5.134320708069978,4.851771695420112,4.8921356201171875,5.4268104790500935,5.904760463095746,31.013891247745782,-5.312452556098592
2011-09-06,4.851771422470403,4.94864529822458,4.847734914745005,4.9203901290893555,5.378579969530024,5.866157704899417,32.094332621356685,-6.01383414203882
2011-09-07,4.9930447118544485,5.089918567886313,4.710495772623602,4.811406135559082,5.324563413913744,5.82479489825862,30.133888908792898,-7.668469755813402
2011-09-08,4.787188019913877,4.787188019913877,4.504639048761976,4.528857707977295,5.248781918110272,5.773973831973078,25.743452605240858,-7.425753093312457
2011-09-09,4.4925298680036185,4.742787547733473,4.476384223664354,4.641877174377441,5.1909814663261935,5.729577884616386,30.12872150595941,-5.660383575386532
2011-09-12,4.585366275385676,4.585366275385676,4.310890378564129,4.379509449005127,5.11369841705752,5.676634024396337,26.252769094096053,-8.976516934664652
2011-09-13,4.528857499046092,4.653986141882143,4.440056265943322,4.573257923126221,5.062227893825968,5.6333643733661365,33.09744659899845,0.9803844150527764
2011-09-14,4.613621410804759,4.839660383432003,4.565184488098922,4.775077819824219,5.034880267730563,5.599706077148807,39.40623002449014,2.8695426536063384
2011-09-15,4.799297351095636,4.815442994949462,4.730678268481246,4.779115200042725,5.010521689855531,5.56752604275249,39.5290785269128,9.124440892081514
2011-09-16,4.803333720566495,4.843698024749756,4.762969801325767,4.843698024749756,4.994633721750219,5.539140630281795,41.56978910294035,5.913510809350235
2011-09-19,4.734713668698372,4.803332740848417,4.641876326932109,4.787187099456787,4.974876900579416,5.509652256523952,40.28858903713218,0.2535933463177387
2011-09-20,4.807370398260119,4.839661688773537,4.64995045324284,4.686277866363525,4.94739127827314,5.477363064752955,38.03435816346426,-1.9425632108296798
2011-09-21,4.67820464259256,4.758932858632563,4.464274773850925,4.484456539154053,4.903302255499894,5.438425553945155,33.943673416546105,-7.416677996028931
2011-09-22,4.440057885725311,4.508676992936478,4.153472315885335,4.1776909828186035,4.834196420006438,5.388984982528428,28.862360032842247,-12.731821505521363
2011-09-23,4.181725393198506,4.181725393198506,3.967795526866358,4.056596755981445,4.760139309146915,5.336734463840311,27.135502404283866,-13.436700262733295
2011-09-26,4.290709804474818,4.371438039024997,4.004124283114742,4.0364155769348145,4.691213239412429,5.285741566314606,26.847211028739594,-9.990975680271765
2011-09-27,4.100996096839801,4.359326702091856,4.064668313373158,4.096959590911865,4.634617653840946,5.23912266531842,29.27481173018459,-1.932440485396324
2011-09-28,4.109069576209677,4.125215216816019,3.9799040664165033,4.0243048667907715,4.5764926265028345,5.191482751650669,28.070938840244587,-0.7960339943342776
2011-09-29,4.068705264674308,4.141360839560703,3.9960496897879128,4.137324333190918,4.5346670747588425,5.150143205828718,32.706813600535206,2.499959539169451
2011-09-30,4.1373248903973,4.226126117779968,4.080814948436969,4.133288383483887,4.496440532732656,5.110266546128921,32.62594729359479,0.8867256746346317
2011-10-03,4.1413619110759425,4.242272286775011,3.834594276564569,3.8789947032928462,4.4376361680241025,5.061981375821624,27.938772032978566,-3.610813999134328
2011-10-04,3.834593467889399,4.0444871898515125,3.572226700379211,3.9960498809814458,4.395580331162897,5.0201801407298525,32.72961278291588,-3.4146332468093954
2011-10-05,3.975868370262544,4.2341986475971005,3.8991762804719903,4.157506942749023,4.37290667512348,4.9863498192404085,38.77583426569708,0.5859392575149392
2011-10-06,4.096959621811815,4.2019064670753385,4.016231427356181,4.173651695251465,4.353930010373764,4.954479304574176,39.36272711183826,7.596220528697467
2011-10-07,4.197870388967957,4.197870388967957,4.121178692654212,4.137324333190918,4.333300898261112,4.922434011578754,38.469142664356376,3.5353525710938984
2011-10-10,4.218051910400391,4.351253521312017,4.141360225458876,4.218051910400391,4.3223248041791384,4.894811184081563,41.63973507946245,1.4562806144427913
2011-10-11,4.181725370031874,4.3351091704018305,4.177689248004566,4.246308326721191,4.315085139659334,4.869379699479196,42.75169699484525,1.740840797817197
2011-10-12,4.29878093765282,4.419873439757644,4.226125744343888,4.3754730224609375,4.32083636659282,4.850010810184362,47.660893233536186,5.756103947653216
2011-10-13,4.347218357112803,4.363363998808292,4.238234986961414,4.3310723304748535,4.321811220295871,4.829660281568303,46.19444045429774,2.6794459261108203
2011-10-14,4.371438222912764,4.4360208132696215,4.282636968700785,4.347219944000244,4.3242310987439065,4.810741052644066,46.83511005278314,2.3764552527671055
2011-10-17,4.399693009958239,4.407766026224148,4.323001280145122,4.347219944000244,4.326420512577843,4.792563754265877,46.835110052783136,-0.6457148362167874
2011-10-18,4.371436627184804,4.411800923894755,4.278599283671364,4.3310723304748535,4.326863542853749,4.774466051372111,46.19715285566517,0.0
2011-10-19,4.347218920292549,4.468311056224894,4.218053385052862,4.25438117980957,4.319960460659066,4.754070566212796,43.18825630100341,-2.135589305040891
2011-10-20,4.282636970919452,4.460239479435422,4.242273044396806,4.399693012237549,4.3275540369998735,4.7401734072333745,49.85291817413127,1.2070488476140866
2011-10-21,4.452165589186979,4.589403759297285,4.415837792988071,4.549039840698242,4.348647923066385,4.732677973251604,55.6158985646138,5.032645349506112
2011-10-24,4.581331228444634,4.76700633584719,4.512712141908306,4.750860691070557,4.386953900971544,4.7333910210092105,61.97537204459493,11.669840812975982
2011-10-25,4.73067927974006,4.746824927045278,4.65802367439528,4.718569755554199,4.418536363312749,4.732809794912936,60.48216397285006,7.247704383685613
2011-10-26,4.791225071765167,4.989009335554144,4.754897271285034,4.900208473205566,4.464409897588256,4.739374448963628,65.5153147023334,7.719620948701618
2011-10-27,5.09799047249412,5.368430217115457,5.09799047249412,5.364393711090088,4.550122641731288,4.7638850082627044,74.4656479324844,12.914144613263288
2011-10-28,5.324031394086024,5.38054134455954,5.271558336076562,5.360359191894531,4.627288027461121,4.787276152718855,74.28517990896673,13.601355274760655
2011-10-31,5.267521688688025,5.404759861234987,5.267521688688025,5.348249912261963,4.69595106410882,4.80927512368133,73.7077904021553,9.143313830550182
2011-11-01,5.126248057320961,5.235231470145664,5.08992025304606,5.174685001373291,4.741544772419721,4.8236049228065045,65.81192711159078,-3.5364426985402333
2011-11-02,5.275592644776137,5.319993442361572,5.146427528038315,5.283665657043457,4.793175332860077,4.841646520227561,68.1211261572625,-1.4307536511180727
2011-11-03,4.944607300830348,5.400722142936771,4.916352525150043,5.263484001159668,4.837966634602895,4.858189166538624,67.21570719821798,-1.5849280137031674
2011-11-04,5.2352302596179445,5.348249769606862,5.211011600720486,5.3361406326293945,4.885411777272085,4.876932361287282,68.82233225335922,3.120105498465228
2011-11-07,5.324030223218278,5.630797798422562,5.324030223218278,5.614652156829834,4.954863241991871,4.905862549347774,74.06836713816548,6.26433467350742
2011-11-08,5.63887093601997,5.66712571319461,5.513741922210554,5.574288368225098,5.01385611115694,4.93207532655865,72.17298980522364,5.9049171042783115
2011-11-09,5.473378009809992,5.606579652122534,5.404758935292324,5.574288368225098,5.067230611830098,4.95726015172204,72.17298980522364,4.4629209009125255
2011-11-10,5.634835244357082,5.655017395947876,5.198902463743019,5.3361406326293945,5.09284109000146,4.972118209796839,61.418579961213915,-4.960441295755954
2011-11-11,5.404760562751011,5.485488796803146,5.219085431959807,5.303850173950195,5.112937193234672,4.985127306430304,60.110675750657435,-4.851528597201229
2011-11-14,5.31191974359202,5.31191974359202,5.202936786664832,5.235228061676025,5.124583942610039,4.994935179185038,57.317256554703675,-6.0825756428713795
2011-11-15,5.106063891692188,5.202938126616886,4.952680488358212,5.142391681671143,5.1262799177587155,5.00071778712567,53.68265123317572,-3.630881648311839
2011-11-16,5.102026456019262,5.275591962968836,5.102026456019262,5.235228061676025,5.136655931465126,5.009914268480586,56.643465138173376,-1.293816944739629
2011-11-17,5.194865536962964,5.243302465904187,4.86387966339336,4.884061813354492,5.112599348787922,5.0049788780834845,44.940742402580405,-6.707754546400975
2011-11-18,4.92442556878663,5.081845871452177,4.908279926329328,4.964789867401123,5.098522255322513,5.003402838448882,47.61990917902251,-3.4536811908559946
2011-11-21,4.884060407639668,4.884060407639668,4.540965111876491,4.730676651000977,5.063489340625224,4.992707693843082,41.33783253809105,-9.637620457618036
2011-11-22,4.714251193323967,4.792274736889268,4.570524252039978,4.755316257476807,5.0341395231825175,4.983398225750287,42.20204330363558,-2.6360345302276174
2011-11-23,4.726572585948728,4.74710512514248,4.586951789381947,4.652655601501465,4.997807721117655,4.970427926760137,39.585360263973776,-6.286958244680927
2011-11-25,4.623909671599027,4.644442208084037,4.5582058681474455,4.566418647766113,4.956723047465127,4.954584425623117,37.48291336752389,-3.472188343291387
2011-11-28,4.726571768532009,4.874405320234483,4.701932647435492,4.763530254364014,4.93832373383645,4.947092105181584,44.711136791900444,0.17273292547666255
2011-11-29,4.825127204602142,5.075623029132469,4.821020619374057,4.960641384124756,4.940449224340098,4.947623449453865,50.83308221349363,6.619569746875322
2011-11-30,5.022237823907496,5.211136407476713,4.972959983623195,5.141326427459717,4.959580386541966,4.955219644669781,55.677803608214575,12.589905219812637
2011-12-01,5.141329055152404,5.202926289083274,5.100263971448049,5.194713115692139,4.981973979794364,4.964611545494187,57.025229382943365,9.051750242020724
2011-12-02,5.2439903389454585,5.404143272242156,5.2439903389454585,5.338439464569092,5.015923073582433,4.979271463889281,60.50620175118626,7.615911959557902
2011-12-05,5.428782109500583,5.8353246917469805,5.428782109500583,5.675171375274658,5.07870862612455,5.00656165649263,67.20795040247913,10.383408938278782
2011-12-06,5.666958806892276,5.765514516877218,5.613574366077371,5.736769199371338,5.141381061671863,5.035197246409441,68.26870000413142,10.434764569418887
2011-12-07,5.740875259067715,5.740875259067715,5.49859257560413,5.580722332000732,5.18322308741747,5.056590387020865,62.732505787806936,4.5384586458207075
2011-12-08,5.5150182520112825,5.576615468332296,5.285054553936769,5.408249378204346,5.204654162730505,5.070380935694727,57.210277357626836,-4.703329281530189
2011-12-09,5.441100889666989,5.642318866313604,5.395929627039847,5.568402290344238,5.2392968415508605,5.0899111848966685,60.6722186663267,-2.9348733263585025
2011-12-12,5.4985925693459325,5.506805349163461,5.350758616374735,5.416462421417236,5.256169753919087,5.102717115740613,56.0398926693955,-2.943344979584527
2011-12-13,5.3630793203739024,5.502699734925971,5.3630793203739024,5.441102504730225,5.273782396853481,5.115987130995108,56.61834879517007,0.607463233080181
2011-12-14,5.391824544635858,5.391824544635858,5.067411662118384,5.215245246887207,5.268207430190027,5.119879606128132,50.109445224920144,-6.342161091152039
2011-12-15,5.24809584652287,5.293267502106841,5.01813254975651,5.161859512329102,5.2580790570604155,5.121525876959542,48.68475806821436,-4.700538640892426
2011-12-16,5.190605936632596,5.235777206843683,4.763530791896253,4.829234600067139,5.217236727822961,5.110063473944154,40.88504497003525,-11.245292734903604
2011-12-19,4.9072575643595435,5.009919858139558,4.582844731679723,4.862086296081543,5.183412877180921,5.100338878733856,41.87549503514532,-6.771665263804267
2011-12-20,4.919575570263726,5.005811888869581,4.841552420870553,4.972959995269775,5.1633697455703365,5.095343628401932,45.21188644212562,-3.65952456877487
2011-12-21,4.964747098205478,5.030450883823923,4.907256089976613,5.026344299316406,5.150319703069962,5.092637772359362,46.7954525970444,4.081592955673084
2011-12-22,5.059196960213926,5.059196960213926,4.940108732794134,5.038664817810059,5.13968590447378,5.090521185906448,47.1749335642252,3.6317438847357346
2011-12-23,5.046878750233909,5.059198116817712,4.956535814826277,5.050985336303711,5.131238231314726,5.088970760431831,47.57759760628535,1.568991930523318
2011-12-27,5.0304527975803035,5.075624069471318,4.956535814826277,5.050985336303711,5.123595098456534,5.087481135956218,47.57759760628536,0.4902377457639725
2011-12-28,5.03455641992297,5.137218661479514,5.026343252618268,5.124898910522461,5.123719271034242,5.088948499664698,50.21782452026362,1.711447294679983
2011-12-29,5.120794346932569,5.149539658389428,5.030451435978229,5.046877384185791,5.116400996096294,5.087298651998859,47.49839273186856,-0.08132971775614188
2011-12-30,5.022236795018439,5.100260319869923,5.009917435377556,5.096153736114502,5.114472685621838,5.087645910199472,49.3634541470446,0.8942492761985537
2012-01-03,5.133114023565036,5.46573998460728,5.133114023565036,5.358971118927002,5.1377582506985195,5.098286114463297,57.94455477385928,4.567352693024698
2012-01-04,5.322012089574999,5.4205677747313645,5.256308299470755,5.383609294891357,5.161172635859742,5.109475258793809,58.651967583782806,6.672084242837041
2012-01-05,5.342545504546224,5.5889347581438145,5.313799797907346,5.5026984214782715,5.193698901156745,5.124895774977514,61.980870252504864,7.977480790713633
2012-01-06,5.457527500884957,5.744981844048556,5.449314721059148,5.720343112945557,5.24385549275568,5.148246650976261,67.1811867277026,6.743309228561587
2012-01-09,5.740874913277092,5.740874913277092,5.547870095276744,5.551976680755615,5.273200367803293,5.164079201163687,60.30890209726172,3.127407221471771
2012-01-10,5.613574760556376,5.708023891356045,5.613574760556376,5.691597938537598,5.313047755492274,5.184766210472468,63.631372349564,3.4328524405773138
2012-01-11,5.666959708406235,5.724450352563749,5.535551682562686,5.5766167640686035,5.338149565832877,5.2001328988487865,59.23394640112872,-2.512547692317439
2012-01-12,5.568402015315227,5.68749023965537,5.535549726742478,5.625892639160156,5.365553668054523,5.216829359253154,60.493981931784845,1.3313449002902003
2012-01-13,5.580722254040244,5.687491131677093,5.543763766271676,5.605360984802246,5.3883924601257345,5.232065893588413,59.66644278113383,-1.5151624318268224
2012-01-17,5.54376363857283,5.901028359396902,5.54376363857283,5.798366069793701,5.427437565808398,5.254273743635679,64.57263658361147,3.976412852213161
2012-01-18,5.843538684462951,5.950307584274276,5.761408912156411,5.942094802856445,5.476452540765354,5.281247118507082,67.72148166182751,5.620479877189628
2012-01-19,5.950306618014959,6.089927404076137,5.859964078961146,6.057075500488281,5.531749965500871,5.311671760937718,70.01735748001876,8.058615973364851
2012-01-20,6.130993087063516,6.254187541915932,6.081715226797424,6.143312454223633,5.589994012045896,5.344285121458734,71.64627138862602,5.949027368708448
2012-01-23,6.1515235991757535,6.291144361944851,5.765513600601352,6.221333980560303,5.650121628094887,5.378679194364678,73.07169192243443,4.69933898681023
2012-01-24,6.172058252078232,6.172058252078232,5.962627427658901,6.118673801422119,5.694745644602242,5.407698590719872,68.21244771751995,1.0169643903047312
2012-01-25,6.122780301930833,6.20080387934128,5.937988216334706,5.942094802856445,5.718302707293119,5.428655304921306,60.73152046608786,-3.275393411397249
2012-01-26,5.9954748124127635,6.110456408484618,5.970835703156117,6.016006946563721,5.746655491985557,5.451688702632773,62.58138910955236,-3.300369898773542
2012-01-27,5.987265356419989,6.229548449174223,5.933880912963498,6.204909324645996,5.7902987141436935,5.481226766241135,66.87619320002321,1.409382588819065
2012-01-30,6.14741688470691,6.188481558048599,5.798365007362394,5.921559810638428,5.802799770952716,5.498494728766519,56.416243574547266,-0.34558506552514323
2012-01-31,5.917455505121883,6.184377746971538,5.888710183547934,6.1104607582092285,5.832100817358098,5.522493396587802,60.81631451815332,1.5700415987627612
2012-02-01,6.151522825323921,6.250078898873362,6.01190247174436,6.0283284187316895,5.850789160346059,5.542330064122856,58.07119943058673,-2.8458257272660625
2012-02-02,6.040648663145603,6.143310944713934,5.9872642297350085,6.007796764373779,5.865742265491556,5.560583660211128,57.37401110552135,1.4563215857487726
2012-02-03,6.065289760743221,6.143312947860903,6.007798723333694,6.098141670227051,5.887875542133032,5.581664366486263,59.66856065044608,-0.2016065313180744
2012-02-06,6.089927132437426,6.130992205903346,6.036542693581955,6.094033718109131,5.907509654130756,5.601757282236179,59.51169362241385,1.0899422661392635
2012-02-07,6.073500512552994,6.356848235063352,6.036542028828704,6.196695327758789,5.935051146857235,5.625088185982165,62.18712137291905,3.144223594665815
2012-02-08,6.184376166890791,6.2254408455580705,6.085820076513145,6.163843631744385,5.956840907322678,5.64621585052186,60.802536060640236,1.0774095629511296
2012-02-09,6.184377177424819,6.348636702185193,6.139205514396518,6.29935884475708,5.989461663268812,5.6718293012761825,64.33055241578587,3.369281105842944
2012-02-10,5.827111382217643,6.217228395786321,5.757301385623048,5.9133477210998535,5.982212716395578,5.681300611857503,50.41177572555076,-4.5725599157610395
2012-02-13,6.024223181787934,6.085820398864275,5.86406986911367,5.9133477210998535,5.9756541454150325,5.690400498494458,50.41177572555076,-4.063956284589267
2012-02-14,5.95851993560791,6.044756282543762,5.90513549306423,5.95851993560791,5.974022315909592,5.700914986224397,51.82637693552892,-5.4106920648416175
2012-02-15,6.044754571332355,6.1474168414016015,6.02422203899341,6.085819244384766,5.9846696424310375,5.716009270858137,55.66472392476935,2.9166477504697332
2012-02-16,6.040646423804592,6.102243613260555,5.905132293701172,5.905132293701172,5.977094656837717,5.723425859989237,49.621232673117994,-0.13893022677099753
2012-02-17,5.942092683395097,6.040648375009508,5.913346979621764,5.950305461883545,5.9745433049373196,5.73232309927921,51.05203911821055,-0.1378609757647335
2012-02-21,5.958788366086706,6.005440655452093,5.85276010478433,5.903653621673584,5.967791906531249,5.7390419432946755,49.48884266585071,-2.99328020429232
2012-02-22,6.01816446804813,6.081781673159011,5.916377425229626,6.005441188812256,5.971377552462774,5.749488972530659,52.879041874271074,1.6986731223292064
2012-02-23,6.026645659564412,6.0605746667195355,5.895170453489061,5.907894134521484,5.9653315126588415,5.7557009396675545,49.45342800422679,-0.7127588261432786
2012-02-24,5.963030123204089,6.03937020308509,5.907895373894295,6.005441188812256,5.96915148181631,5.7654946749281315,52.749849307950704,1.724145311726755
2012-02-27,5.975753857269353,6.013924102347962,5.92486033198647,5.9503068923950195,5.967356759014282,5.7727422128680095,50.735854508214814,-0.9180723727666823
2012-02-28,5.950307998074459,5.97575496767732,5.90365569234605,5.916378974914551,5.962501731957165,5.7783750270659135,49.483808497592776,0.1436186939012177
2012-02-29,5.94606351852417,5.950304340462958,5.882446335854995,5.94606351852417,5.960936187820689,5.7849510463387865,50.63172711592093,-0.9887311926174992
2012-03-01,5.971513978218267,5.971513978218267,5.895173470813079,5.920620441436768,5.957096592926982,5.7902714147740015,49.59153867542351,-0.4989062160170877
2012-03-02,5.903653621673584,5.963029593610574,5.869724610414081,5.903653621673584,5.952006786140944,5.794717775828888,48.8705114537936,-0.2150868511791131
2012-03-05,5.895170017185036,5.979992933260732,5.878205514863025,5.963028430938721,5.953056466597875,5.801318193676332,51.52655057892218,0.2853133398541548
2012-03-06,5.895172025732953,5.924860218260786,5.801867433404843,5.865484237670898,5.944716254319116,5.8038345091271,47.18952025183041,-0.9312571935871157
2012-03-07,5.895170589980367,6.035127848852105,5.801866020376328,5.873965263366699,5.9379780647046,5.806584734783555,47.602476264077744,-0.5028811005763009
2012-03-08,5.963028019676161,5.963028019676161,5.844276107146613,5.94606351852417,5.9387481079255116,5.812054491008677,51.10295432173118,-0.28450161878366403
2012-03-09,5.979995032601337,6.043611837525822,5.920619051396911,6.030888557434082,5.947523388831089,5.8206362191037915,54.91884259605133,2.81996017823864
2012-03-12,6.081781290363075,6.081781290363075,5.984235077119058,6.052093505859375,5.957482447595688,5.829712975447148,55.84647570483307,3.0325041859471344
2012-03-13,6.06481726186132,6.073299313330688,5.975753496871269,6.043611526489258,5.965685217014124,5.838101153919387,55.355806232507895,1.6405476944736639
2012-03-14,6.052093532131628,6.149639341333366,5.988476330748741,6.098745822906494,5.97835765567054,5.84832251348751,57.94250568114417,1.1251619861018098
2012-03-15,6.098744866999387,6.132673873965992,6.0605746330455394,6.090262413024902,5.989015251609051,5.857810352685055,57.3914927332928,0.6306727932834127
2012-03-16,6.1326759040082175,6.238704186992822,6.069059096003774,6.183569431304932,6.007544221103897,5.870585218513286,61.70504120541756,2.3157991575440584
2012-03-19,6.183567800142087,6.192050254686854,6.001199072086541,6.1157097816467285,6.017845703060357,5.880197946479304,57.171863961621305,0.278154873687617
2012-03-20,6.056332998269315,6.183566968059915,6.043609722629946,6.073297500610352,6.023126826636547,5.887770478013855,54.478045812388466,-0.2785579875551647
2012-03-21,6.077540281505071,6.175086498260498,6.018164305894561,6.175086498260498,6.037599176315019,5.899037772925488,59.41993042443599,-0.13718505369225592
2012-03-22,6.149639314637664,6.230220617347306,6.035128595324999,6.052093505859375,6.038979588652577,5.905039958530739,52.06495220305498,-1.0402108350246808
2012-03-23,6.081782009158783,6.086023237293641,5.958789224508346,6.047852993011475,6.039824674781996,5.910640469686846,51.8267608358342,-0.4189570426332621
2012-03-26,6.094504762191856,6.153880737549132,6.064816976746088,6.111469268798828,6.046647969450266,5.918516108867708,55.14228524343522,-1.0302241026031083
2012-03-27,6.128432995248541,6.1496387269241755,5.996958186897844,6.013922691345215,6.043531276297404,5.922257543474669,49.514852091919686,-0.630704308801654
2012-03-28,6.030888247052325,6.1453985709162415,5.941824482062274,6.043611526489258,6.043538919172819,5.927016523200732,51.148903464548475,-0.07013177283108524
2012-03-29,6.018164044955399,6.217497293143966,6.005440766614004,6.107227802276611,6.049604527087466,5.9340836321841,54.544006753511134,-0.06940174834668572
2012-03-30,6.149639483720252,6.149639483720252,5.988476469404108,6.056334495544434,6.05024547646432,5.938877783688427,51.462610172645114,0.7052269604372305
2012-04-02,6.094504523935218,6.179327053654057,5.9715117547264684,6.107227802276611,6.055672364636919,5.945479745201689,54.246243325431045,1.0526202008273073
2012-04-03,6.0817814128641885,6.234461970557351,6.026646665914112,6.128433704376221,6.062602016040662,5.952654410267358,55.39415408912842,0.3472263158696059
2012-04-04,6.0987460106903395,6.0987460106903395,5.8994127540315455,5.992717742919922,6.055946370981544,5.9542255213517725,47.2276438888879,-1.050416760687735
2012-04-05,5.988474289251974,6.141154792483144,5.988474289251974,6.086020469665527,6.058810570856209,5.95939395069741,52.4208692490247,-0.34724973912350965
2012-04-09,5.992717909576381,6.035128975184547,5.937583160266587,6.005441188812256,6.053727772566308,5.96119972474113,48.02530575601353,-2.0069159837062083
2012-04-10,5.996959285447914,6.018164616542347,5.755214547206885,5.7891435623168945,6.028529276352078,5.954452424253905,38.655428852379764,-3.3970260128393237
2012-04-11,5.9078935221360025,5.954545801022115,5.840035514859611,5.933340072631836,6.019463637902531,5.9536244888961765,46.19237252970798,-2.5087065972698306
2012-04-12,5.742490054247293,5.886688540228036,5.742490054247293,5.873965263366699,6.005606649851499,5.950500597698942,43.805756878625125,-2.1892800430797275
2012-04-13,5.84852048827568,5.861243769886279,5.734010144848624,5.750974655151367,5.981355983689582,5.942676050932371,39.2786273301077,-0.6593187188167022
2012-04-16,5.755213433481125,5.8654829134826345,5.598291667847755,5.6491851806640625,5.949720669115723,5.931166605039496,35.96581211899443,-4.789121953054202
2012-04-17,5.661910713772447,5.784903511082652,5.5304354593194205,5.729768753051758,5.928772867585821,5.923268650059585,40.261415401644584,-2.454841046034622
2012-04-18,5.721285227194513,5.907895204820397,5.670391707241747,5.818831443786621,5.918302255795421,5.919173073342998,44.67854208665604,1.1799180609233253
2012-04-19,5.776421053939829,5.878208112858794,5.627981694132792,5.729768753051758,5.900346684105548,5.91174545293942,41.38324796743082,1.4264636369775137
2012-04-20,5.763695713536819,5.763695713536819,5.466816695520784,5.509227752685547,5.863097262065548,5.895960445086327,34.58154327123071,-3.8490384144865812
2012-04-23,5.471056636037523,5.5092268644577675,5.309894078542992,5.492262363433838,5.827779652672052,5.880129147766622,34.117003131389524,-5.612279432866119
2012-04-24,5.496503911130175,5.653425655891527,5.471056955873855,5.606773376464844,5.806731435890413,5.8694093135979255,39.97782738759051,-2.1466028017519023
2012-04-25,5.653426305129573,5.776419059984042,5.538916004489876,5.6110148429870605,5.788091760375808,5.859276197103382,40.19006003393389,1.8475745580112601
2012-04-26,5.63222012930903,5.63222012930903,5.509227384166706,5.555880069732666,5.7659763612669375,5.847378309755511,38.2945267384403,1.1583151366252915
2012-04-27,5.581327268108596,5.6407032364058525,5.500745972423319,5.560121536254883,5.746371139837218,5.836113338245682,38.53469627959597,-0.8320621697639514
2012-04-30,5.56012178692568,5.594050797634988,5.424405744088448,5.445611476898193,5.717727362414454,5.820799539761468,34.6172821268186,-2.9478333370583925
2012-05-01,5.445610626077796,5.530433139598425,5.415922847461988,5.4752984046936035,5.694638890250563,5.807250475641159,36.42180358644626,-1.4503852499994636
2012-05-02,5.43712954449877,5.513470028163926,5.326860451329462,5.365030288696289,5.663247594864442,5.789908507525674,32.80062020475232,-3.508758689652688
2012-05-03,5.356547602260825,5.3947178395672015,5.208107880395072,5.233554840087891,5.622324475361913,5.768090716645761,29.087228191997077,-3.8940831109583613
2012-05-04,5.216591579043377,5.216591579043377,5.080875102428742,5.157215595245361,5.578028391541289,5.744134829532021,27.16425006354659,-5.809415048056034
2012-05-07,5.0766323350762805,5.2165895820174875,5.0766323350762805,5.174178123474121,5.539566461249177,5.721783586157201,28.298548571874715,-3.557336211582607
2012-05-08,5.500746461716903,5.6491857889652435,5.326860173087452,5.44985294342041,5.531022316694057,5.7111196393832095,43.656069171479295,4.132909846969084
2012-05-09,5.428646857430376,5.4837815997904675,5.097838807735536,5.106320858001709,5.490574558723357,5.687402040113347,33.909192047883685,-0.9868646424356234
2012-05-10,5.131767577183747,5.339582854785103,5.089356114443775,5.102079391479492,5.4535750189858465,5.664448210755157,33.808826564462386,-1.3934335129966369
2012-05-11,5.089356252268967,5.186902052960588,4.911228751082297,5.068150520324707,5.4168679238752615,5.641063987601021,32.968205444653115,-7.003903170571442
2012-05-14,5.02997994754444,5.102079188656825,4.979086436959052,5.042703628540039,5.381233229081431,5.617598875480983,32.319152420116346,-1.245852566471228
2012-05-15,4.983328554693799,5.017257567815306,4.868817832059407,4.923952579498291,5.337682691025894,5.59039705995225,29.40938541863656,-3.491259118364057
2012-05-16,4.962121893552224,5.068150140869432,4.851852419270567,4.860334873199463,5.2922209940900435,5.56176717027567,27.957215611626154,-4.1004237402153905
2012-05-17,4.8213149076994375,4.85166477961164,4.548164820031642,4.665229320526123,5.23250750136967,5.526608823226668,24.037170196702764,-7.485554095972168
2012-05-18,4.67823420750219,4.777955819320145,4.526484090447576,4.569841384887695,5.169396442657101,5.4890885315271,22.384617333343908,-7.191604486302276
2012-05-21,4.517811640741581,4.786625717490946,4.517811640741581,4.773618698120117,5.131703324129769,5.461030891001337,32.98435863559937,-1.7841605021396838
2012-05-22,4.7649484590234055,4.877677095580073,4.717255765165959,4.851662635803223,5.1050327823843835,5.437134096679842,36.55785501212641,3.996230463030583
2012-05-23,4.847328849799946,5.077121598090674,4.821314381368001,5.064114570617676,5.101135809835173,5.4225058799715224,45.1345901054701,10.815981214676826
2012-05-24,5.068450176511145,5.133486143487818,4.981735967361546,5.0857930183410645,5.09967459159764,5.40930145402523,45.937728889299954,6.539573852932233
2012-05-25,5.077120853936508,5.129149369688624,5.038099363750949,5.124813556671143,5.102068778747497,5.398145065893697,47.42943869021078,5.6300477047225295
2012-05-29,5.1768426169676465,5.25922141902155,5.124814095742727,5.207192897796631,5.112080599609319,5.390656745576165,50.532697697960906,2.8253374836561735
2012-05-30,5.150828776247578,5.150828776247578,5.046771729491695,5.064114570617676,5.10751240637202,5.377851170087597,45.508068300642755,-0.426255013627353
2012-05-31,5.081458302591976,5.103136961171501,4.955722579013958,5.059779644012451,5.102966429004442,5.36537777690818,45.36090286524491,-1.2690005585478241
2012-06-01,4.860337034223469,5.081458621329777,4.7649511785820335,4.92537260055542,5.086052731056916,5.34812267195317,40.940190666769375,-5.412134767668396
2012-06-04,4.934043608650676,4.968729294791707,4.882015079439128,4.951386451721191,5.07322737112018,5.3325643888068175,42.11599864656976,-2.226018335970128
2012-06-05,4.925371030220274,5.051106721597369,4.790964125723678,5.029428482055664,5.069056048352131,5.320676706189126,45.61415211030118,-0.5998514578140475
2012-06-06,5.072785974298199,5.2245361499445835,4.94271445424215,5.202857494354248,5.081799043209475,5.316056344940699,52.48608630672195,5.63378481797574
2012-06-07,5.276562063871097,5.441319185938119,5.250547607340195,5.41964054107666,5.113974423958731,5.320118470279364,59.39297571199597,9.457029741491803
2012-06-08,5.38929212004562,5.502020359039307,5.384956307222744,5.502020359039307,5.150931179680691,5.327251877681714,61.67303590818946,9.396532402633579
2012-06-11,5.5280359186849815,5.536707546050293,5.441321712461623,5.4716715812683105,5.181477884593797,5.332915395469424,60.3291045486634,5.166662496633042
2012-06-12,5.406634418108703,5.515027246944562,5.406634418108703,5.493348598480225,5.211179857344886,5.33920689362671,60.98310413746125,1.360017455861043
2012-06-13,5.458664956261809,5.5800648539272855,5.432650485733359,5.506357669830322,5.239292029962547,5.345761826026852,61.39443082499371,0.07883123849023618
2012-06-14,5.502021714084284,5.567057681986955,5.467336029930581,5.532371997833252,5.267204407854995,5.353079871980044,62.25144017539084,1.1093578198798126
2012-06-15,5.528035098262648,5.6320921302874485,5.523699285223475,5.562720775604248,5.295348823831114,5.361301083886875,63.275682254347764,1.2628395209292882
2012-06-18,5.571393565684418,5.571393565684418,5.441322041735315,5.541043281555176,5.31874829599531,5.368349797520927,61.982021168865074,0.6299193369674867
2012-06-19,5.584399361849951,5.636427877252437,5.549713684914961,5.597406387329102,5.345287161836624,5.3773324088859535,64.04059612521716,1.1755245222360367
2012-06-20,5.619085038784942,5.619085038784942,5.562720710394111,5.597406387329102,5.369298516645431,5.385962760981763,64.04059612521716,0.6235368109247907
2012-06-21,5.619085038784942,5.645099503229127,5.5367066594358105,5.597406387329102,5.391023075758161,5.3942546678973455,64.04059612521715,1.0171930250309584
2012-06-22,5.601742610498378,5.6407641032790155,5.56705693102357,5.593070983886719,5.410265733675167,5.402051386171439,63.7091840291312,-0.07745379095927185
2012-06-25,5.549715116270357,5.567057959210834,5.467336302188601,5.515029430389404,5.420243228600333,5.406481897709399,57.900516753455356,-1.4716986982788085
2012-06-26,5.532371111027882,5.580063815722881,5.484677992846978,5.497685432434082,5.427618676584499,5.410058506914289,56.66402877544481,-1.7815564565895865
2012-06-27,5.497687686006806,5.536709193791724,5.376287347679044,5.489016056060791,5.433466046058432,5.413154881390622,56.02004600636537,-1.8604256610671195
2012-06-28,5.458663587359983,5.476006425534456,5.293906417959562,5.311249256134033,5.4218263517799175,5.409158582360952,44.781442353237345,-3.694997040858631
2012-06-29,5.4326489246814385,5.445656362951015,5.332927712196534,5.376284599304199,5.417489042020325,5.407869406554805,48.82626492482384,-2.2082171601464835
2012-07-02,5.39362818712873,5.536707133596117,5.371949947302263,5.519363880157471,5.427191407557196,5.4122417388529485,56.39410013025619,0.5528827714608453
2012-07-03,5.515027246944562,5.5367058954088995,5.489012786090192,5.493348598480225,5.433492092407008,5.415422400014802,54.80702585364748,3.428559526478303
2012-07-05,5.523700436284708,5.593071805423923,5.471671909430297,5.536707878112793,5.44332216723613,5.420178693273547,56.980084006831895,2.983906001355579
2012-07-06,5.510692322656001,5.510692322656001,5.371949611701834,5.4499921798706055,5.443957406534651,5.421347849610687,51.63287584587835,-1.2568785424034412
2012-07-09,5.428314899593817,5.445657741524411,5.3459360903090145,5.36761474609375,5.4366866769688516,5.419240669080611,47.1100222318569,-2.2888380399026524
2012-07-10,5.319919353594014,5.480340663991592,5.2028549194335945,5.41964054107666,5.43506323545531,5.419256350335358,50.083892880532,-2.1143852920056103
2012-07-11,5.462997632876093,5.597404481873232,5.415304533211646,5.441318988800049,5.435659021488142,5.420121551843778,51.31235452804231,-0.15914134891038617
2012-07-12,5.393628915311925,5.554050723390269,5.3632790446686585,5.541043281555176,5.445695617685002,5.4248635804599115,56.60331934316341,3.231016823396973
2012-07-13,5.571392473929677,5.610413551330566,5.515028144147199,5.610413551330566,5.461383039936961,5.4321400499058194,59.8702481951459,3.520030688529898
2012-07-16,5.562719160355329,5.63642630667533,5.515026471230646,5.623419284820557,5.476815063259208,5.439641196373064,60.471068211375254,3.346620486601276
2012-07-17,5.593070713541333,5.6754495084265955,5.562720848839338,5.649435043334961,5.49325506136166,5.447868406057845,61.7061432735029,1.9561616156400679
2012-07-18,5.653772006018292,5.718807561742279,5.554050765443381,5.705800533294678,5.513497487260043,5.457983391439681,64.30815221044232,1.7001773771469901
2012-07-19,5.727478644080944,5.727478644080944,5.640764440214293,5.7014641761779785,5.531399076680799,5.46753165750785,63.94815088098307,1.3878547446762595
2012-07-20,5.640763441218675,5.8358704687361005,5.61908479071988,5.814191818237305,5.5583317187337995,5.4811261736148875,68.83272760422084,2.9163407250202655
2012-07-23,5.770834930725581,5.8358704687361005,5.710134792026127,5.814191818237305,5.582699347257943,5.494187571443217,68.83272760422082,1.8996683166566815
2012-07-24,5.792513163923351,5.831534652098308,5.671113300090268,5.77517032623291,5.601029916684131,5.505206503003597,65.28185809672367,1.2927582771263002
2012-07-25,5.779507576492755,5.853214758380873,5.723143236608548,5.73615026473999,5.61389852126088,5.514263121110907,61.84611323017305,-1.3422596972552998
2012-07-26,5.688455492550714,5.744819812022821,5.580062665908774,5.601741313934326,5.612740691991684,5.517693638476532,51.74397878156447,-3.6539988865965447
2012-07-27,5.6320926097569535,5.740485464048593,5.571392875984627,5.723142623901367,5.623255161697368,5.525750461434368,58.35992677771897,-0.9008860240054626
2012-07-30,5.723142890381744,5.918249954494064,5.723142890381744,5.783843040466309,5.6385492453896475,5.535871739043464,61.222602853573235,0.831442230854463
2012-07-31,5.792513511809618,5.887899331578646,5.7838422991865555,5.88356351852417,5.661883938069126,5.5495067107878056,65.42761649995171,5.0309749914515205
2012-08-01,5.922585815620421,6.148043163326812,5.913914601816455,6.070000171661377,5.700752150792197,5.5699182190573575,71.62321860922255,6.060613382435033
2012-08-02,6.00496498603656,6.0830075689610865,5.614750417470034,5.857550621032715,5.7156853384341515,5.581197921095607,58.71143851846543,1.2743703459916809
2012-08-03,6.043983294286354,6.043983294286354,5.883561974736683,5.952933311462402,5.738280383484462,5.5957757795413645,62.021727639426175,1.1790438349110082
2012-08-06,5.987619981160897,5.991955380017556,5.749155677640059,5.840205669403076,5.7479875535719485,5.605361265418295,56.27888162829738,-3.7857412810485203
2012-08-07,5.96160691128823,5.974613937864075,5.840207031779873,5.874892711639404,5.760073759102182,5.6159311260544165,57.58046137454532,0.29606386233213566
2012-08-08,5.896570960626956,6.052656509292898,5.80118514081038,5.961606502532959,5.779267353714637,5.629487023171222,60.727980255218604,0.1456960899235402
2012-08-09,5.892236441592431,5.9182504986735465,5.848879128475929,5.87055778503418,5.7879616805069745,5.638940778538397,56.02718286867582,0.5197097045763079
2012-08-10,5.866220947404303,5.900906626450665,5.788178376292943,5.8618855476379395,5.795002048805162,5.647683710659948,55.58582713146887,-0.22140257941553387
2012-08-13,5.835871916376961,5.866221786512314,5.73615026473999,5.73615026473999,5.789397116989432,5.651152987290538,49.49767521468424,-3.7818034064673207
2012-08-14,5.744820527350213,5.84887755464674,5.718806063783146,5.740484714508057,5.784738792943586,5.65465619227946,49.702193408798635,-2.21568503861283
2012-08-15,5.75349235534668,5.801185057829823,5.71880626487562,5.75349235534668,5.781762941743881,5.658532120242881,50.351981495658755,-1.849118196020341
2012-08-16,5.736148838057953,5.887898977963706,5.688456137780708,5.77517032623291,5.7811350735999785,5.663106167536608,51.47703911997529,0.6802482447640105
2012-08-17,5.775170593347999,5.783842219337235,5.705799239377651,5.75349235534668,5.778502433766331,5.666650723921316,50.25073014466951,0.2265948170848455
2012-08-20,5.727477029413469,5.853212692944701,5.701462568844398,5.840205669403076,5.784378932398402,5.673456800214719,54.880916361198736,1.5071422485825399
2012-08-21,5.831536494142159,5.874893808806738,5.809857836809869,5.848879337310791,5.790521828104344,5.680336115394957,55.32877534892756,1.276308869074699
2012-08-22,5.857550867922934,6.000629425048828,5.80985773989031,6.000629425048828,5.81053207543239,5.692896637342168,62.366967004969226,4.295427097812786
2012-08-23,5.965331060575226,6.093285625770089,5.899147403609278,6.05357551574707,5.833679069748074,5.707040907083536,64.4703291162696,3.653464593924182
2012-08-24,6.027101683060682,6.027101683060682,5.907971779422301,5.934444904327393,5.843275815898485,5.715958710897021,56.78047655097902,1.4629395151096254
2012-08-27,5.938857204745871,5.969742657253943,5.828551536322496,5.859436988830566,5.84481497522535,5.72158531003167,52.531843919958206,-2.3529604349315876
2012-08-28,5.859437916128793,5.969743602008838,5.793254672913886,5.9476823806762695,5.8546118709825805,5.7304518618216544,56.64226536731782,-1.7492659469654364
2012-08-29,5.956508159637451,6.035928403083139,5.9212103671688965,5.956508159637451,5.864316279425902,5.739316814677176,57.04291476189242,0.3717829664905994
2012-08-30,5.952093663633077,5.982979536386787,5.850612652423995,5.912383556365967,5.868894115324956,5.746103745723795,54.339421040732674,0.9036118595750533
2012-08-31,5.9565069499554015,5.9565069499554015,5.806491152038685,5.850613594055176,5.8671531132992625,5.750202171148556,50.7157581799122,-1.632043885471516
2012-09-04,5.877084769273501,6.000627397544721,5.846199322597022,5.8638482093811035,5.866838360545152,5.754658878530225,51.46259886162855,-1.5556085507316337
2012-09-05,5.885911465884435,5.9476823806762695,5.824140130309803,5.9476823806762695,5.874537791033831,5.762228427633992,56.01004762939196,0.597032042555762
2012-09-06,5.982981637687974,6.1197604765546165,5.925622620466105,5.996218204498291,5.886126401839969,5.771404497314944,58.437860475947005,2.488706664734524
2012-09-07,5.982979620059111,6.137407302856445,5.982979620059111,6.137407302856445,5.910057916222491,5.785757548512651,64.56451675246963,4.665180333926386
2012-09-10,6.110933855974171,6.172704757523241,6.031513644516556,6.132994651794434,5.931289986276962,5.799374689817819,64.24576452653402,3.115705568277059
2012-09-11,6.110933076571648,6.283009618405829,6.071222975907559,6.141818523406982,5.951340323146487,5.812803859762492,64.62189469576508,2.4282024760116934
2012-09-12,6.208002513708569,6.221239496092926,6.0844602902668505,6.159468173980713,5.971162023225937,5.826398538751442,65.40582113935403,0.35944935761392444
2012-09-13,6.177117998878759,6.26536245756333,6.027102208723603,6.247713565826416,5.997500265378364,5.842920696675951,69.09333374912309,1.8705203663990997
2012-09-14,6.287422124522712,6.569804743351457,6.287422124522712,6.415376663208008,6.037298017552616,5.8653699502654435,74.62720374337151,4.454025119082768
2012-09-17,6.437439592412014,6.6183408414188865,6.437439592412014,6.596279621124268,6.090534360749916,5.894033074612849,78.9969150472918,7.0917071864867545
2012-09-18,6.596279730705869,6.600692058994649,6.5080352688442,6.543333053588867,6.133658045782197,5.919495818886418,74.92953924111984,4.731642778558593
2012-09-19,6.560981170328822,6.618340168953683,6.459500156380579,6.613927841186523,6.179398026296895,5.946728447211912,76.6554161358752,3.0949262748234356
2012-09-20,6.552157642313662,6.618340882828838,6.494798637501878,6.583043098449707,6.217840414120973,5.971681962946728,74.24726362966933,-0.20066648830609335
2012-09-21,6.618339730792276,6.644813274859836,6.508034068612405,6.600690841674805,6.25430235960229,5.996348977798809,74.73566721789147,0.8765836557024722
2012-09-24,6.556567553481747,6.613926540829317,6.490384333117519,6.547743320465088,6.282249117779699,6.017972285354349,70.4205179878801,-1.0006840460110342
2012-09-25,6.552156398332301,6.62716428109278,6.459499626733044,6.463911533355713,6.29955030021551,6.035460099001462,64.10898866859586,-1.809673175648043
2012-09-26,6.450675194165804,6.600690964855218,6.446262866608418,6.521270751953125,6.320666533714331,6.054511497156429,66.33243322376364,-1.20320874930613
2012-09-27,6.530097119555001,6.622753918645346,6.4771504373294935,6.538921356201172,6.341452707284506,6.073507962217007,67.00971243281819,-0.13473289700197638
2012-09-28,6.583040722119196,6.583040722119196,6.252123797431365,6.46832275390625,6.353535568867529,6.088990895224428,61.666227338462996,0.06824382616893648
2012-10-01,6.508036216503505,6.556570572398994,6.300661385344873,6.40655517578125,6.3585850552402645,6.1014443964227345,57.35678751490006,-1.7590985029645887
2012-10-02,6.393316851976881,6.503622527493871,6.265362285208482,6.340370178222656,6.356850305048112,6.110814034924692,53.07662364477174,-3.0364515363106492
2012-10-03,6.331546071065046,6.3668438542818775,6.106522387470666,6.362431526184082,6.357381849918204,6.120681387523099,54.300792749866076,-1.637073964162035
2012-10-04,6.353604918330299,6.560979646616269,6.353604918330299,6.490384101867676,6.370048731056249,6.135179533183671,60.704058555530615,1.308486757490592
2012-10-05,6.512447665398089,6.569806671405122,6.384493089161721,6.503623008728027,6.382770090834514,6.149628296930509,61.30814650992628,2.5748154432070467
2012-10-08,6.477148639410711,6.578629646978256,6.450675095255036,6.574217319488525,6.401003160230134,6.166278846834746,64.44673399782577,3.328692692924957
2012-10-09,6.552155991896788,6.574216785989785,6.428613356906094,6.437438011169434,6.404473146033877,6.176912539553753,55.11761733694519,-0.8157620545601669
2012-10-10,6.4286126556184895,6.534506391313394,6.388902557330729,6.46832275390625,6.410554061069341,6.188340391096989,56.643774791969264,-0.5427783064055759
2012-10-11,6.512445889277114,6.578629113121455,6.353605478798414,6.437438011169434,6.41311443726935,6.198108925217477,54.64280244676151,-2.080541327917849
2012-10-12,6.3403692789966115,6.4065529273899315,6.296247267517097,6.388903617858887,6.410808644944543,6.205591070026944,51.56035890173077,-0.7539395832058668
2012-10-15,6.388904863581703,6.609516226342665,6.358019407445659,6.583043098449707,6.42721192623075,6.220393110357249,61.03014023711797,1.7735717419817507
2012-10-16,6.569804689486824,6.649224471644802,6.4330254978426815,6.631575584411621,6.446675131771785,6.236517913261342,62.97861614566127,3.0157583328234674
2012-10-17,6.600689681655321,6.684521785034796,6.569804236323298,6.644812107086182,6.465545319896966,6.252529450274081,63.514429328656234,4.005514944879659
2012-10-18,6.649224013003161,6.702170671050614,6.605102008354933,6.644812107086182,6.48261834724832,6.267913083874556,63.51442932865623,0.938304788723335
2012-10-19,6.666873205387804,6.768354620229198,6.600689984982769,6.635987758636475,6.497224957856716,6.282347384845612,62.81155385204079,0.06653281966995753
2012-10-22,6.613925373433607,6.706582118058672,6.5830399321527775,6.666872024536133,6.513381821349993,6.297426782480534,64.30059363963115,0.3319870764506037
2012-10-23,6.680110339889863,6.702171133344341,6.4859721595422215,6.631575584411621,6.5246383702130055,6.310530657066067,61.28064269831082,-0.19920085716862954
2012-10-24,6.6492263389648825,6.688936451587101,6.455088524879661,6.583043098449707,6.5302007252831675,6.321217419473269,57.29594733232481,-0.7978414384183004
2012-10-25,6.622753425993244,6.728646782567084,6.57863098369608,6.702173233032227,6.546579059354507,6.336156863142248,63.55961304311618,0.5295018168366586
2012-10-26,6.675700328823875,6.750708230782342,6.3271343694568625,6.534509181976318,6.54542954722325,6.343935385449467,51.99950931035043,-1.4637004615233506
2012-10-31,6.693348997042471,6.7639445680916985,6.565394419320048,6.702173233032227,6.560357517300296,6.357983928491929,59.86140589541221,1.8096514454018147
2012-11-01,6.724233819803895,6.8257152592003045,6.653638255414787,6.808066368103027,6.583948836424366,6.375634220241384,63.8847302581902,1.5799820653530339
2012-11-02,6.821303353400234,6.830127589103626,6.538920657584402,6.583043098449707,6.583862575664875,6.38376790173975,51.9647387398897,0.7427323938461422
2012-11-05,6.583043533509463,6.649226778398553,6.459501280017852,6.534509181976318,6.579162252456441,6.389679324494126,49.80617602560524,-2.501637084364841
2012-11-06,6.530093281050251,6.666872024536133,6.428611884183475,6.666872024536133,6.587515564083078,6.400549626456558,55.26398855516461,-2.073927249423045
2012-11-07,6.578629527413336,6.578629527413336,6.265361434642097,6.375667095184326,6.567339519426054,6.39957384091647,43.94318649215581,-3.1501541181496666
2012-11-08,6.494797922915696,6.596278936644617,6.194766367921088,6.199178695678711,6.532276583831068,6.3917152077698915,38.76079968000353,-5.131685899570333
2012-11-09,6.362432513421695,6.490387102632693,6.238890252993139,6.274188041687012,6.507696722674492,6.387106299296053,41.89711605942964,-5.89007830664701
2012-11-12,6.274188253322914,6.415379412860954,6.274188253322914,6.40655517578125,6.498064194398945,6.387869000334688,47.05059937114915,0.4844682154163011
2012-11-13,6.3844933508763715,6.490386710561181,6.318309685486261,6.446264266967773,6.493130867976928,6.390159010790888,48.52558922800789,3.9857791397641034
2012-11-14,6.4550878146625585,6.48597326740045,6.102109588924678,6.199178695678711,6.465135422996146,6.382669586668842,40.892301089288914,-1.1955227594379236
2012-11-15,6.221240372572075,6.397729288067734,6.185942589472943,6.287423610687256,6.448210488490537,6.378934450355839,44.26440147758983,-1.8595260920306769
2012-11-16,6.327132223718369,6.38890311912423,6.225650805750265,6.238887786865234,6.428274993097651,6.3734424243365995,42.81751228240902,-3.2170024608700363
2012-11-19,6.313896309335065,6.622752080310143,6.287422765179391,6.574217319488525,6.442174262277734,6.381315949636675,54.004022249888465,6.049811470529867
2012-11-20,6.692099816631396,6.864389698524076,6.683031723294182,6.859855651855469,6.4819534422375185,6.400082212468785,61.00241963284282,9.10439754997902
2012-11-21,6.8462553584816925,6.896128584967296,6.778245941575238,6.882526874542236,6.5201032929332055,6.41900161098147,61.503085294131395,10.316567786842695
2012-11-23,6.914264258613085,6.955069821780834,6.8553229376364,6.950535774230957,6.5610968625806105,6.439846087971646,63.036157954723244,5.72415599385311
2012-11-26,6.932397489573711,6.982270697271933,6.855320438882557,6.923329830169678,6.595595240446236,6.45880623472451,61.97294157090919,0.9252990374081757
2012-11-27,6.936933784851941,7.027612570247998,6.864390756535096,6.955069541931152,6.629830888206704,6.478267540889477,62.76205866216398,1.0540121195493464
2012-11-28,6.94146673778116,7.091086818192186,6.873457335164019,7.0094757080078125,6.665987537711572,6.499099233717647,64.13590579633035,0.8479912296167829
2012-11-29,7.014009416055932,7.109222229211097,6.959602156023047,7.0593485832214355,6.7034504944267965,6.521069796443286,65.39621559577633,1.9646435514169958
2012-11-30,6.9868068370487135,7.150029079141624,6.9868068370487135,7.113757133483887,6.7425273171941384,6.544312437111545,66.76822902948494,2.2816104223836846
2012-12-03,7.186300018322999,7.2225715286926,7.077485054823685,7.14549446105957,6.780905140419418,6.567888202756565,67.57582035738295,1.9404982443460979
2012-12-04,7.145493778408167,7.2089686992955775,7.095620132121808,7.163629531860352,6.817355082461412,6.591250607819459,68.05356317955157,1.4772035607757006
2012-12-05,7.1409605363339725,7.272445304161368,7.1409605363339725,7.2180376052856445,6.855515322730387,6.615830490073035,69.5052694413554,1.465898678363898
2012-12-06,7.195370157989749,7.385796301603556,7.1590986351273065,7.3449907302856445,6.90213202821184,6.644425009297059,72.6305378276173,2.7919169248994407
2012-12-07,7.394860808173795,7.422065088879803,7.240707109020917,7.267910957336426,6.936968116699895,6.668875438631937,68.06917400770206,1.4557065662354676
2012-12-10,7.272444994359701,7.390326751470181,7.22257134457996,7.372191429138184,6.978417955979732,6.696456457867476,70.74593118642665,2.1356749892748534
2012-12-11,7.399395607036341,7.467404586151827,7.335920675166033,7.426599025726318,7.021101867384169,6.725089499744294,72.06187491334072,1.1110741788165621
2012-12-12,7.46287064375559,7.46287064375559,7.240707946697712,7.313250541687012,7.048925550651107,6.748154638644008,65.4558478313506,0.6238324136981747
2012-12-13,7.326853056094078,7.494609355926514,7.290581540560192,7.494609355926514,7.091371627344002,6.7774273726550875,70.16805145115339,1.6605364628010053
2012-12-14,7.435666676976901,7.508209699013278,7.381259842840137,7.449268817901611,7.125457074063775,6.803774095998088,67.68230219456613,0.30525132832354407
2012-12-17,7.435667132317338,7.62155874576669,7.435667132317338,7.553549766540527,7.166227806680608,6.833177063470341,70.28926196416857,3.285805996714611
2012-12-18,7.571682754217237,7.72583683650291,7.54447848220396,7.67142915725708,7.214342221021224,6.866049694599233,72.94596801700453,2.35929309898911
2012-12-19,7.558082887212307,7.725839155866497,7.558082887212307,7.68049955368042,7.258738157464957,6.89798890475928,73.14495697913104,3.1040729154937936
2012-12-20,7.707702701299264,7.748508255370972,7.685033333384294,7.743974208831787,7.304951114737988,6.931164799036633,74.55538718268096,2.520992754092528
2012-12-21,7.612488054159125,7.753039995946079,7.476469292782112,7.689564228057861,7.341580935054166,6.960905953115898,71.10787088430935,0.23639755290740957
2012-12-24,7.648763319886736,7.7167723016968095,7.58528752072036,7.675966739654541,7.373427202158964,6.988947552588002,70.2338166608524,-0.05901717712758445
2012-12-26,7.67143244777374,7.830120643461276,7.67143244777374,7.762111663818359,7.410444769936049,7.019267713812722,72.5369796769673,0.2342137834845447
2012-12-27,7.734905612880562,7.870924405870189,7.689566015217353,7.834652900695801,7.450845544294121,7.051243603494411,74.33766429352599,1.8868256813375266
2012-12-28,7.798384689845443,8.093090901979679,7.689569263573751,7.811985969543457,7.485239870508344,7.0810766374571195,72.7328947212248,1.7720143208311712
2012-12-31,7.780246219398478,7.970671862451491,7.730372569023806,7.870925426483154,7.52197182822023,7.1120510997718664,74.28725031233483,1.4018577337918243
2013-01-02,8.056817177822593,8.156563615711358,8.034146943224448,8.12936019897461,7.579818339720647,7.151945574250406,79.74064034650338,3.761587169389922
2013-01-03,8.12029196973506,8.170165620238347,8.088554506607883,8.161097526550293,7.635178262275851,7.191520160615108,80.29339689716566,4.468921966423328
2013-01-04,8.161099258218536,8.492076965032135,8.129361788357123,8.297117233276367,7.698220069037805,7.234876908562608,82.49746631657646,5.414761082085892
2013-01-07,8.319784430524363,8.401395531633842,8.315250384375961,8.360589981079102,7.761302917803643,7.27902251924953,83.42886557630598,2.8443786035419882
2013-01-08,8.360590927677773,8.483006728421213,8.301649185855952,8.464871406555176,7.828309440541884,7.325526397183085,84.85484431740461,3.7222184763338864
2013-01-09,8.346987995301205,8.596354484558105,8.346987995301205,8.596354484558105,7.901456587591047,7.375362792766419,86.43933400330528,3.6065207091641325
2013-01-10,8.591826194044433,8.83665877644208,8.591826194044433,8.773183822631836,7.9844782290235035,7.430179303741533,88.22373474916553,4.9349847616792335
2013-01-11,8.727839893986989,8.804916956213438,8.668899018063687,8.750509262084961,8.057433565505548,7.481956949166766,86.64922519100797,3.374390960134231
2013-01-14,8.750510768984455,9.13589614648277,8.705172024980863,9.04068374633789,8.151076439870533,7.5430834902323,89.2847504280753,5.168810366975296
2013-01-15,8.986276232281245,9.063353309405782,8.768647143264124,8.918267250061035,8.224142231317247,7.597012265127545,81.93619602722927,1.653714664623044
2013-01-16,8.977208251757308,9.036150004605306,8.909199268670584,8.99081039428711,8.297158246838187,7.651671015290665,82.83764790044025,2.746138824666446
2013-01-17,9.0361493083496,9.149497893020758,9.022547166867875,9.090556144714355,8.372719951397823,7.708097883111202,84.01859641222013,0.551644098784748
2013-01-18,9.144962647372894,9.534882004270983,9.10415709305654,9.498610496520996,8.479947622361934,7.778314064029233,87.73636048927565,6.507354289657435
2013-01-22,9.52128200034172,9.747979190826046,9.507679857591445,9.70263957977295,8.596394475448697,7.853777809744673,89.1015428725642,7.917297265418325
2013-01-23,9.734378862407029,9.743446959264023,9.607428965534329,9.630098342895508,8.694842462824584,7.923437438495687,85.45898394793308,5.935194608471404
2013-01-24,9.634627616737497,9.70717062608105,9.435133908652285,9.525813102722168,8.773982523767211,7.986275699837902,80.37212841457516,0.2863851108657969
2013-01-25,9.557551904099434,9.72984135930274,9.48954293138184,9.63916301727295,8.856380666005853,8.051094810325552,81.65061514040524,-0.6542195242656371
2013-01-28,9.639161239444514,9.743441702696936,9.516744592262532,9.607423782348633,8.927908581848023,8.11212731903234,80.07773817154442,-0.23545512973502386
2013-01-29,9.584754225917274,9.643695963049083,9.416998836685622,9.611958503723145,8.993056193455176,8.1709442282359,80.13661269981887,0.9043364600168253
2013-01-30,9.525816104661285,9.602893184476276,9.457807120067152,9.494078636169434,9.04077261657082,8.22283185207643,74.01348436848834,-1.5051553837561509
2013-01-31,9.480476020699792,10.246712733039416,9.453272601174568,10.097092628479004,9.141374522466837,8.296332274680452,81.71167604416948,5.09677575616079
2013-02-01,10.310187454684366,10.6094276576471,10.214975055914904,10.323789596557615,9.253985481904055,8.375840404950145,83.67018249167961,7.405682125643247
2013-02-04,10.042680891631258,10.187766890542544,9.779712302409363,10.069884300231934,9.331690131268614,8.442273498882765,74.09883251355237,6.064892509620289
2013-02-05,10.110692045103304,10.19230315344058,9.865859584872428,9.961071968078612,9.391631258583852,8.501834223164956,70.38295801666862,-1.3471269939303523
2013-02-06,10.020012588487102,10.42806721978332,9.924799351142164,9.979207038879396,9.447590856707237,8.559770412016503,70.64715369715043,-3.3377526193784246
2013-02-07,10.115228541535126,10.201373717286494,9.865861974358369,10.042685508728027,9.504266537852073,8.617923945220877,71.6020642259238,-0.2701003377295983
2013-02-08,10.858790478304476,10.858790478304476,10.174165192906065,10.287513732910156,9.578861508809986,8.683398054542025,74.98252329455552,3.2771750457949156
2013-02-11,10.378194704284793,10.378194704284793,10.001877489673664,10.051751136779783,9.623898616235682,8.73705895972782,66.74315784702276,0.7269525285701791
2013-02-12,10.060818018315867,10.13789507057047,9.924799232982592,9.965604782104492,9.65644206060414,8.785237227272004,63.9768332567945,-0.7675310210256494
2013-02-13,10.047216423095724,10.092556020656048,9.770645656280562,9.793315887451172,9.669477663161,8.824769723749618,58.733723111513235,-4.803860857828323
2013-02-14,9.815987744114624,10.169635657067015,9.775182182436229,10.097092628479004,9.710202897953192,8.874664739621359,64.29059930279767,0.4510805240025699
2013-02-15,10.173224462286802,10.644296009921153,10.111367086501009,10.56340503692627,9.791460244522057,8.940889849319591,70.79245864458944,5.99863498395264
2013-02-19,10.558649223330296,10.977378481182214,10.482516630993585,10.825113296508787,9.889903392330316,9.014780964895639,73.68802545063191,10.535730909892596
2013-02-20,10.944065547728789,11.348520325572228,10.511061287793948,10.601469039916992,9.957671549243333,9.077004026661182,67.52715540585626,4.995263785293867
2013-02-21,10.568160441299682,10.601469229836638,10.044749327436838,10.087574005126951,9.97004321170844,9.116634221895135,55.95122110294575,-4.504523211369495
2013-02-22,10.201774972620507,10.539613158727391,9.992409938829663,10.406381607055664,10.011599249360556,9.16721255072496,60.477683529604455,-3.86815064178745
2013-02-25,10.539613296634714,11.058267034756604,10.44920552283746,10.68236255645752,10.075481469084076,9.22663019800859,63.93287188809372,0.7630406336701496
2013-02-26,10.75373533358333,10.81083430402669,10.33024691619818,10.677602767944336,10.132826354689815,9.283531083104108,63.829228365243964,5.8490650231414
2013-02-27,10.682359483976535,11.029714373432927,10.653809095680558,10.901240348815918,10.206008639844681,9.34697066215163,66.57130266541947,4.755339179804181
2013-02-28,10.925033426496604,11.381829739359278,10.83938496868341,11.186739921569824,10.299411619056599,9.419118476246462,69.72651916174476,4.721590026987121
2013-03-01,11.072538678879326,11.277145250315822,10.958339852220451,11.139154434204102,10.379387125261124,9.486570866754604,68.5648959688764,4.32261506904348
2013-03-04,11.277148246765137,11.410379792815622,11.205773167013133,11.277148246765137,10.464888184451983,9.556789587539331,70.119517474483,3.4483039169946337
2013-03-05,11.400865386203805,11.833870724420194,11.386591093316383,11.419898986816406,10.555841594200976,9.629852701236471,71.67982137969345,2.084244980050122
2013-03-06,11.472238505824324,11.472238505824324,11.334247647856088,11.37707233428955,10.634054045637983,9.698371118218946,70.49057163651182,2.1358703794867404
2013-03-07,11.367554210733012,11.419895689733924,11.300938442965863,11.41513729095459,10.708442926144327,9.765695281855638,70.9518786895912,1.2236164779427765
2013-03-08,11.46748208077588,11.648296748735447,11.324732798897458,11.419898986816406,10.776200646208334,9.830566015383512,71.01292433624917,0.0
2013-03-11,11.419898986816406,11.657813549041748,11.201018025203666,11.419898986816406,10.83750525007577,9.892892798576959,71.01292433624917,0.37642946505472674
2013-03-12,11.434170821989266,11.657810117934002,11.2866631833719,11.372312545776367,10.888439278237732,9.950909259251446,69.3243757713685,-0.3751575131046141
2013-03-13,11.443690080010128,11.519822667316475,11.377074293010082,11.419898986816406,10.939054488578558,10.008516699548112,70.09027780258617,0.0
2013-03-14,11.472238158058795,11.486512448055995,11.03923381508808,11.26763153076172,10.97034754021505,10.057893751752568,64.53761531432312,-1.3333520395449157
2013-03-15,11.26763201537461,11.362797280545696,10.967859206534577,11.167707443237305,10.989143721455264,10.101415857300989,61.1158879468952,-1.7991512431220689
2013-03-18,11.120125457792328,11.120125457792328,10.8964852202293,10.958343505859377,10.986210367588988,10.135020863126808,54.585672310407936,-4.041677439440295
2013-03-19,11.005924983884626,11.067783265571384,10.748977781505651,10.834627151489258,10.971773870817586,10.162456403846905,51.11037185505304,-3.842905033682713
2013-03-20,10.829866558934796,10.901240716941729,10.568160102813838,10.715667724609377,10.947382809273947,10.184150965445433,47.949176883087674,-4.047739618229919
2013-03-21,10.672844469310292,10.80131851537124,10.544370423249344,10.615744590759276,10.915798217034455,10.20107620565382,45.40860067366424,-3.126375030285509
2013-03-22,10.696636587102404,10.73470287394871,10.420655780573725,10.56340503692627,10.882236961786056,10.21528517942921,44.09080595826001,-2.503289783494837
2013-03-25,10.615744716029056,10.777526648332277,10.277906562295255,10.311214447021484,10.827853865141812,10.219047111491653,38.320205372034465,-3.7744104052333904
2013-03-26,10.368313919178291,10.61574429924674,10.273147760063829,10.549128532409668,10.801308595357797,10.231991480939419,45.559129125412085,-0.6275212989543392
2013-03-27,10.444448637840196,10.55864750779055,10.28742507821197,10.4254150390625,10.765509209043959,10.239576718512874,42.74953201686485,-1.3063022517966587
2013-03-28,10.525335547995404,10.558643425406304,10.268387509274309,10.296936988830566,10.72088328330935,10.241826140878274,39.9913005332975,-0.13846534047250061
2013-04-01,10.439688497185962,10.70615248263363,10.392105415748787,10.606228828430176,10.709963811416095,10.256116442350898,48.590651166491774,0.5412797450052944
2013-04-02,10.658568333447452,11.358037473087707,10.658568333447452,11.205771446228027,10.757183586160089,10.293357815051962,60.42844644450332,7.485135164802998
2013-04-03,11.305696500985944,11.576918870230868,11.048748420077024,11.15818977355957,10.795374651626707,10.327272793816967,59.26214604343338,8.364164854686726
2013-04-04,11.181981969325104,11.448445966388908,11.058266315223952,11.434171676635742,10.85621246353233,10.370680593143193,63.64501556935575,7.806194469293851
2013-04-05,11.367553539653532,11.624501613138156,11.253354698406492,11.534093856811523,10.920772596225586,10.416304642698815,65.10868729668432,2.9299402737150473
2013-04-08,11.548367582892224,12.019438083436633,11.534092389213328,11.938547134399414,11.017703504623093,10.476000426687074,70.31783260617095,6.993583875844964
2013-04-09,12.024200774768843,12.671327690562324,11.938551397256136,12.566645622253418,11.165221801540266,10.557986512787716,76.24828920380887,9.904293705260176
2013-04-10,12.542852060995164,13.113846285977408,12.252596096063517,12.381070137023926,11.281016881110139,10.62947998824796,71.69072264027207,7.343240749789944
2013-04-11,12.519062839981643,12.58092112861848,12.086058449811548,12.10509204864502,11.359500230399176,10.687347127871375,65.42744638796705,1.3950182745916155
2013-04-12,12.166947130654597,12.347762655118062,11.71015173583025,11.752976417541504,11.396974152984159,10.729136511780007,58.41516113727434,-6.474832100549112
2013-04-15,11.80056018460478,12.12888248621955,10.639537945466792,10.915518760681152,11.351121258479111,10.736445619580053,45.83334363552649,-11.837033149180208
2013-04-16,11.201014694947906,11.814833611052832,11.09157333910832,11.572160720825195,11.372172635845404,10.769218760805353,54.168801713836956,-4.402538416710988
2013-04-17,11.500790680895904,11.59119847421645,11.181985111623336,11.491273880004885,11.38351561147964,10.797534647832785,53.08511406323013,-2.2266915906172
2013-04-18,11.562645464409798,11.68160272600896,11.262873564511535,11.515063285827637,11.396043961417543,10.825673025793368,53.380515610983814,5.492588472351006
2013-04-19,11.58643673527149,12.052748953704029,11.56740313897376,11.876691818237305,11.44181994778133,10.866889449026463,57.7369094143441,2.631583718536478
2013-04-22,12.062265352956183,12.071782150790332,11.676844116391164,11.9670991897583,11.491846542255328,10.910034929055163,58.77409320315782,4.140753364005749
2013-04-23,12.06702517050294,12.414380164139088,12.06702517050294,12.162190437316896,11.555688817975478,10.959139066634055,60.9984040160415,5.619831480090278
2013-04-24,12.171704980877752,12.295420621626352,11.886207418194196,11.905241012573242,11.588979503175265,10.99624110372971,56.66216727410189,0.24038002141386428
2013-04-25,12.02419840607062,12.381070137023926,11.943307444085,12.381070137023926,11.664416706398947,11.050548124643209,62.04327081343776,3.4592422165257073
2013-04-26,12.414376323542909,12.55236623538381,12.18597866476179,12.309694290161133,11.725871714376298,11.099926405643911,60.82327346668179,1.212806637130551
2013-04-29,12.428653817789863,12.5523685585141,12.323970857462264,12.366795539855955,11.786912078707694,11.149607548162031,61.47591625265666,3.8769020030359806
2013-04-30,12.50002796860612,13.028197538110357,12.43341129187944,12.809316635131836,11.884283941224279,11.214694179023592,66.17827919111984,3.458881125528048
2013-05-01,12.87593112117419,12.94254779126238,12.20501237488987,12.300178527832031,11.923892949472636,11.257262192702354,57.48428631684606,-0.07730299473568
2013-05-02,12.50002582933133,12.62849985434718,12.352518212059069,12.490509033203123,11.977856386018397,11.305624813898463,59.61992795473788,1.0003682275530605
2013-05-03,12.685601090109383,12.823591935990937,12.533335955048225,12.65229320526123,12.042088464041523,11.358435339049944,61.39507343057501,-1.2258532936873519
2013-05-06,13.194739906291392,13.389829752577976,12.571404078096988,12.60947036743164,12.096124835792963,11.407495536241383,60.63524404194711,2.5145313045641107
2013-05-07,12.990132129534429,13.08529829836949,12.737943324993651,12.913999557495115,12.174017666431263,11.466574125310157,64.04325584758149,3.3904985230485067
2013-05-08,12.60946595513718,12.942546550943032,12.419134575064524,12.823589324951172,12.235881633909349,11.51979040764902,62.31828267087276,1.3538740915260403
2013-05-09,12.78552806979312,12.78552806979312,12.119366616580876,12.171708106994627,12.22976986944128,11.54535580762336,51.539192214664894,-3.471694271693499
2013-05-10,11.772010777638515,11.919517531393469,11.667328711678856,11.824352264404297,12.191158668961569,11.55629684514418,46.885516004848746,-8.437721313521353
2013-05-13,11.84814596716722,11.962344857282003,11.810079670462292,11.895729064941406,12.163022516197744,11.569607912587209,47.92602640637928,-7.2355737266508156
2013-05-14,11.929809776249382,12.606643584723203,11.881116489372394,12.465434074401855,12.191823616979088,11.60473835030543,55.4309234681986,2.4131860937285783
2013-05-15,12.465432872978964,12.854977272956043,12.241444146431812,12.811153411865234,12.250807406968244,11.652048744876403,59.2673348069236,8.345498555820063
2013-05-16,12.820896438501668,13.044885238153691,12.606646484214387,12.99132251739502,12.321332655580317,11.704569284975173,61.14442938493096,9.20997314643371
2013-05-17,13.030276453755,13.380866514266176,12.903674255272453,13.31269645690918,12.415748255706875,11.767633095639253,64.30433307319062,6.7968943355707365
2013-05-20,13.049750049755817,13.093573912783684,12.71863775951338,12.75759220123291,12.448304821947449,11.806455021348809,55.854851895172054,-0.41808265743440187
2013-05-21,12.781938844520516,13.181222118873608,12.723506715439662,12.820893287658691,12.483789437729472,11.846236914145274,56.55589059553014,-1.3118697461950324
2013-05-22,12.820896671379518,12.937760031636891,11.993113375288829,12.236578941345217,12.460245580930971,11.861544444623703,48.84508193035825,-8.083392564738205
2013-05-23,11.934679749841248,11.954156508244608,11.360100981359924,11.647390365600586,12.382830798518553,11.853146245446327,42.54605039558363,-8.702283456944429
2013-05-24,11.637651769907436,12.217099972518664,11.569481720922797,12.192753791809082,12.364728226450984,11.866464188440945,49.090433497636994,-4.899342672590937
2013-05-28,12.416744055946005,12.684555811143902,11.978506216191516,11.9979829788208,12.329800107629062,11.871621788063685,47.030055662544875,-1.9498584013399582
2013-05-29,11.808078479622974,11.96876569601022,11.438010753966555,11.769124031066896,12.276402386051712,11.867602268181457,44.6582432366432,1.0451582856348551
2013-05-30,11.959024145764293,12.139189010038058,11.623042451269564,12.046671867370604,12.254523289034465,11.874624605404561,48.07811580794346,-1.1981044391843136
2013-05-31,11.885985960338944,12.051542579160522,11.69121374076862,11.71069049835205,12.202729689921854,11.868195816892698,44.49370646360601,-2.3945064847640416
2013-06-03,11.735035969978052,12.041802056933657,11.238366182767002,11.369837760925291,12.12340664906504,11.848652363717505,41.14252905011143,-3.3926592080057207
2013-06-04,11.369839139283105,11.598696377018092,11.1117653725841,11.301668167114258,12.045145841260203,11.827202003066398,40.485764381122024,-6.184311388726785
2013-06-05,11.209154677704314,11.296802428470055,10.926734663429931,11.024120330810549,11.947905316455474,11.795708604154404,37.83743323610617,-5.862764178065483
2013-06-06,11.004642430449636,11.564612978390668,10.931602955282946,11.51591968536377,11.906763827780074,11.784736489692026,44.73583309174455,1.284819779403695
2013-06-07,11.676607325486213,12.01259003792855,11.433141780273836,11.70095443725586,11.887162933444435,11.781450919008256,47.11383150614725,3.5329852570211715
2013-06-10,11.842161431908243,12.01258746277189,11.6376503806213,11.876246452331545,11.88612326857654,11.785168390903287,49.337882721078145,7.7296518538485826
2013-06-11,11.637654897829185,11.812950418044634,11.399058733506768,11.452621459960938,11.844837382041721,11.772127334787902,44.470668498945244,-0.5496584478900223
2013-06-12,11.851903892781143,12.051545583706384,11.311410036070283,11.584092140197754,11.820004501866105,11.764753405588289,46.243087075410266,-0.9987415786016199
2013-06-13,11.5013127644815,11.856772237592203,11.462358314397411,11.70095443725586,11.808666400474653,11.762251485261528,47.8369003163069,-1.4759883586052733
2013-06-14,11.700954210234244,11.730169815043633,11.33575589950125,11.54026699066162,11.783104551921031,11.753546210963492,45.82503843529904,0.7652879387229896
2013-06-17,11.56461422642072,11.920073725007114,11.56461422642072,11.686347007751465,11.773889547714406,11.750910948092432,47.96745417938135,0.8827180094577988
2013-06-18,11.686343950513873,11.798337857140307,11.50131057994616,11.788599014282228,11.775290449292294,11.752388911472424,49.473674715256145,0.7490378455564999
2013-06-19,11.788597804623802,11.973632084951843,11.681473330418724,11.754512786865234,11.773311624299241,11.752472200703515,48.96482506785806,1.8565064081878062
2013-06-20,11.545133532888608,11.598696239942432,10.980293648720345,11.282191276550291,11.72653825784696,11.734029811521037,42.44956152100728,-3.458358124511451
2013-06-21,11.34549197559079,11.394185261542328,10.90238483805144,11.038725852966309,11.661032314524993,11.70676298961693,39.529741975578624,-6.361003206635722
2013-06-24,10.848822580765614,10.887777022058875,10.157380551249856,10.59561824798584,11.55956430818793,11.663188686023554,34.8336329700823,-9.859145673603505
2013-06-25,10.595622221571215,11.394189031936326,10.581013952327652,10.882911682128906,11.495121200944213,11.632589587831607,39.82512695914088,-3.539025218011292
2013-06-26,11.009514334111392,11.26758726645174,10.921866572657114,11.07768440246582,11.455365315374843,11.610828600170203,43.0120890116147,0.352926143999154
2013-06-27,11.369839257469645,11.808076980266163,11.136112595811126,11.442878723144531,11.454176116114814,11.604242330482922,48.517639267987676,7.996328815638014
2013-06-28,11.399052359663044,11.82755207420336,11.29679731587885,11.735034942626951,11.480924575782637,11.609371452527787,52.473404456776066,7.829919835675387
2013-07-01,11.82755518363989,11.924940832549154,11.491572512346924,11.511049270629885,11.483793594339518,11.605515680688654,49.34308856220121,3.9120528480446697
2013-07-02,11.486702804182364,11.608435558844112,11.22862902995046,11.345492362976074,11.47062204849538,11.595318687837182,47.106227543992695,-0.8510652129125688
2013-07-03,11.218891025411317,11.330884935902215,11.019248454920431,11.204282760620115,11.44525640203107,11.579983945593375,45.22312134460231,-4.522800184249167
2013-07-05,11.321144258167704,11.545132042853297,11.009508756432254,11.467223167419434,11.4473484749252,11.575561954292436,49.28832430153284,-0.38073074122158485
2013-07-08,11.442881720225698,11.92981285725658,11.442881720225698,11.725301742553713,11.473820214699343,11.581434102851702,52.977032410078024,3.3476676677080714
2013-07-09,11.77399191625732,11.915201425559433,11.554872591266054,11.691213607788086,11.494524347374462,11.585739181476658,52.43450773775565,4.345935010488978
2013-07-10,11.67660751747701,11.827556826688737,11.389318095102906,11.598698616027832,11.504445706293831,11.586247394596311,50.910685283066236,1.1465325710407839
2013-07-11,11.808079622329569,12.085630211244531,11.739909562946217,12.056414604187012,11.557014172759848,11.604685324384182,57.492575281652826,2.8239176176730463
2013-07-12,12.056414460848025,12.217101690875086,11.973636134546364,12.168408393859863,11.615242193816993,11.626792111422445,58.9431232676534,4.081653129268759
2013-07-15,12.207362741531844,12.44595887324787,12.100238232010582,12.285271644592283,11.679054522462259,11.652614838213418,60.45940267632218,5.919397091805631
2013-07-16,12.26092623992196,12.382659024784177,11.812949554479108,11.9979829788208,11.709428661163072,11.666158686864689,55.07459887398912,-0.48465175829237417
2013-07-17,12.080759813325647,12.256055299013909,11.881118145179498,11.924942016601562,11.729953742633404,11.676307052736723,53.76352711846483,-2.000807084853867
2013-07-18,11.988246563997391,12.85498350641944,11.929814411293156,12.611517906188965,11.8139122344006,11.712981988166224,62.74198213614028,2.6555885049581964
2013-07-19,12.630992635908148,12.86958875669327,12.494651597424928,12.728378295898438,11.901004240257537,11.752801451214546,64.02257323137914,6.087650885710977
2013-07-22,12.845239506121302,13.16174540243977,12.71376884058979,13.078967094421388,12.013191178749333,11.80480794702658,67.61844220020984,9.677406197977527
2013-07-23,12.962106871742952,13.171486473981696,12.879328543882089,12.98645305633545,12.105882786138487,11.851146970921047,65.75090283237239,2.9729581556752107
2013-07-24,13.083839536031109,13.12279398828168,12.71864119790172,12.971844673156738,12.188355346806892,11.895095900420486,65.4435405383714,1.912783950935484
2013-07-25,12.854980332864589,13.16174743352093,12.781940856576476,12.966974258422852,12.262509528865555,11.937130345832344,65.33388367495554,-0.8562819616413407
2013-07-26,12.806287298549115,13.13253116607666,12.786810537893102,13.13253116607666,12.34536873240947,11.984008809371337,67.33736933004153,1.1248499425325889
2013-07-29,13.09357153788759,13.09357153788759,12.723503944300882,12.952362060546877,12.40317762080351,12.021983446672339,63.06575212828347,-0.15019153482602063
2013-07-30,12.72350963106236,12.952367849596335,12.582300090608165,12.83063507080078,12.443887854136582,12.053695275069533,60.28331995699779,-1.0514340886696167
2013-07-31,12.91828032164286,13.040013076894402,12.640728859521676,13.010796546936035,12.49787915821272,12.091228658279984,62.89277161963008,-0.9269699618538441
2013-08-01,13.1471378848362,13.478251135720525,12.889064103118187,13.307825088500977,12.57501686585922,12.138938322210219,66.76925023836294,2.7443876745605067
2013-08-02,13.346782518286084,13.585378666244164,13.098447524595644,13.322436332702637,12.64619967222526,12.185350008896197,66.95214273223145,3.8330235345954953
2013-08-05,13.322433229774685,13.497727768392036,13.229916074360352,13.419818878173828,12.71987769183941,12.233760552789438,68.20803314518992,3.143714758448938
2013-08-06,13.512337186957591,13.78014890384882,13.473382738523464,13.575637817382812,12.801378656176876,12.286383190616629,70.16193564986958,2.0124455130782226
2013-08-07,13.429560792569344,13.68276520805227,13.268873553656611,13.580509185791016,12.875581563759175,12.337133229643076,70.2235488609878,1.9371295658203782
2013-08-08,13.877539017690268,14.043095697815149,13.585380115778856,13.658419609069824,12.950137568074474,12.388948381777459,71.24620047877484,1.7779728106767483
2013-08-09,13.867796044996023,13.877534888870017,13.41495002107544,13.624330520629885,13.0143464206988,12.437394740163828,70.11158406724986,0.35867709423364197
2013-08-12,13.517206309231671,13.75093299465132,13.39060412244254,13.663285255432127,13.076150119244831,12.485468878017487,70.68608498167993,0.6095211049061272
2013-08-13,13.799624620209237,14.232992913195725,13.64380684874206,14.203777313232422,13.183543185338888,12.55285352253572,77.22680476193732,3.992831672856608
2013-08-14,14.232989555757127,14.374199958305937,14.125865095329967,14.262206077575684,13.286272984599535,12.619886956066699,77.80338601403088,4.681885513419771
2013-08-15,14.096656885901952,14.096656885901952,13.819105355729585,13.979792594909668,13.352322471295738,12.673216588962502,68.74370529814027,2.316480506411931
2013-08-16,13.974918437118204,14.252468926058848,13.809361842180438,14.111258506774902,13.424602093722324,12.729610389661028,70.46765557023505,-0.6513676215644962
2013-08-19,14.12587014428756,14.354727407850763,13.91162021810772,13.921359062194824,13.471912281195896,12.776345631721178,64.89935297184614,-2.3898618034749166
2013-08-20,13.974921368554703,14.086915286049884,13.8483191853547,13.867795944213867,13.509615487197609,12.819147604760108,63.37810814214386,-0.8011324197798262
2013-08-21,13.823974019789205,13.950576220792149,13.551292856185302,13.60972499847412,13.5191497263668,12.850150639807717,56.50569984981296,-3.5541373440221062
2013-08-22,13.711937265817111,13.793707965649158,13.323525954223085,13.369522094726562,13.504899475734396,12.87051814784375,50.966140124957796,-3.9639590143669476
2013-08-23,13.369522855977266,13.64549971471206,13.165096094757246,13.287752151489258,13.48421877818724,12.88688026563377,49.19794542789116,-4.182667491344391
2013-08-26,13.349078277009204,13.563726581551991,13.292860562195957,13.33885669708252,13.47037477046298,12.904604831572938,50.35713820801867,-1.9902555078957782
2013-08-27,13.175311554667168,13.308189131415157,12.919777978178704,13.01688003540039,13.427184795695114,12.909007780742641,43.60609169598569,-2.6376564310048676
2013-08-28,12.955559028898746,13.02199736324489,12.664250761379057,12.930005073547363,13.379834345966756,12.909831203989885,41.971100810684405,-2.6923069745984023
2013-08-29,12.904452595045068,13.262200185613288,12.832903466844929,13.07821559906006,13.351108751023261,12.91643451360048,45.71091316983961,-1.953998786713607
2013-08-30,13.027108677473407,13.170207908836726,12.965781131734673,12.976001739501951,13.315384273735518,12.918770483243675,43.62288988722645,-0.31404065941506454
2013-09-03,13.185539579530362,13.2877534575791,13.027108945860224,13.149765014648438,13.29961101096532,12.927829092318373,47.97371054797287,1.699612179972508
2013-09-04,13.13442918220585,13.722156345659132,13.13442918220585,13.533061027526855,13.321844345875942,12.951563678012823,56.03393225914049,3.477885993097446
2013-09-05,13.527954101562498,13.73749166338028,13.461515766628164,13.5279541015625,13.341473846417518,12.97416722403438,55.909646655391796,4.253639704596201
2013-09-06,13.64038955653654,13.73238184704849,13.49217953853757,13.5279541015625,13.35923387071704,12.995884356486464,55.909646655391796,2.8760140313744875
2013-09-09,13.619948797010188,13.757937257143356,13.451296559553173,13.676166534423828,13.38941793392721,13.022562088954595,58.972585434551334,1.0574511310182495
2013-09-10,13.742599013424748,14.044128790253083,13.655717535782966,14.003243446350098,13.447877506538912,13.061020181401478,64.78633018914732,3.5133867340125065
2013-09-11,14.16678692889829,14.647190522293378,14.16678692889829,14.601194381713867,13.557717208936527,13.121419169649023,72.46750603832501,7.933500306801058
2013-09-12,14.59097385406494,14.815843782603348,14.299665592549854,14.59097385406494,13.656122603710662,13.179048765116315,72.17769702238965,6.6890624455214125
2013-09-13,14.688071961450689,14.6931827506858,14.366100037905564,14.504087448120115,13.736881160321087,13.231011066410582,69.6284127259191,3.5766285410153404
2013-09-16,14.866952328053422,15.01516138295754,14.688078524037714,14.928279876708984,13.850347704738981,13.297570627598756,74.38509147939355,2.240128351450139
2013-09-17,14.94871739666246,15.270689342455093,14.769843660207249,15.127591133117676,13.971989936013143,13.369336137619106,76.26597268941619,3.6777344981893614
2013-09-18,15.127595039274375,15.306468821917305,15.076488104978726,15.219587326049805,14.090808735064254,13.441895007753644,77.10175554463812,4.93309131297623
2013-09-19,15.321798625560252,15.321798625560252,14.95894128190698,14.97938346862793,14.175434900165556,13.50218867288597,70.15509550066302,0.3423273970008885
2013-09-20,14.948717204933512,14.948717204933512,14.274108584471092,14.412096977233888,14.197974145600634,13.53787135148785,57.07612874226036,-4.729729601941784
2013-09-23,14.345659099273094,14.412098394819877,14.125900002098165,14.258777618408203,14.203764952534689,13.566142185484727,54.13848228173099,-6.312981338180453
2013-09-24,14.233226401280817,14.284333333064565,14.05435262742953,14.171897888183594,14.20072999402506,13.589897311080762,52.48984004716611,-5.3906462981970735
2013-09-25,14.171896686700132,14.360992025833529,14.013466088907435,14.197450637817385,14.200417674386234,13.613722931737101,52.94372082235326,-1.4893484255314866
2013-09-26,14.299670908045297,14.463212380580128,14.182125596508891,14.228121757507324,14.203056158493004,13.637817003335934,53.517730603869936,-0.2149964163919769
2013-09-27,14.187230318061928,14.70340847909572,14.131012595391978,14.473427772521973,14.228805836019571,13.670586053107936,57.93713560974689,2.127660576709291
2013-09-30,14.279222876518888,14.539867357409374,14.161676638230782,14.442764282226562,14.249182830896428,13.70086755228906,57.20497168240377,1.7278710852196397
2013-10-01,14.412099873008817,14.88228188095221,14.412099873008817,14.820953369140623,14.303637167872067,13.744792486283238,63.3557398055656,4.166618909628725
2013-10-02,14.800511293531612,15.214476585388184,14.67274444476238,15.214476585388184,14.390383779064077,13.802427156836373,68.43890424727805,5.120064331084746
2013-10-03,15.29113684463886,15.383129133793313,14.861840145107236,15.076488494873049,14.4557270853316,13.852390346563302,65.03236290045213,4.387831860043265
2013-10-04,15.10203565445052,15.607993049786776,15.086704262023169,15.510890007019045,14.556218792158974,13.917429548934116,70.08117847484112,4.655143435745299
2013-10-07,15.383125826141873,15.449564145810353,15.27069039700266,15.326908111572266,14.62961777496024,13.97270321805718,65.75111010269481,0.7389772862252786
2013-10-08,15.301355322712531,15.398457408425408,15.056042276469872,15.096928596496582,14.674123567487511,14.016790487799902,60.70221181219895,0.1355760104913309
2013-10-09,15.255359660379852,15.311576402592248,14.89761214732418,14.943608283996582,14.699788778583613,14.053136283729184,57.5305471595258,-3.657312525366077
2013-10-10,15.102035313860494,15.439339586622015,14.989600881201094,15.33712673187256,14.7604876312778,14.103488850323043,62.89003592033113,0.06667111348165118
2013-10-11,15.505780502694329,15.940187861823883,15.224693904025251,15.684654235839844,14.848503498378946,14.165495336029585,66.86671024400468,3.8930146326561434
2013-10-14,15.664210541695638,15.725539038737304,15.158254096539602,15.638657569885254,14.923756267093832,14.223266404023924,65.86075638561526,4.6511476524248465
2013-10-15,15.705095391512472,16.139502722220573,15.705095391512472,15.904412269592283,15.01715207685559,14.289193692869743,68.78289007366467,3.698773229413494
2013-10-16,16.021960091590255,16.50747344298177,16.016849301602953,16.45636749267578,15.154220211695607,14.374180900705275,73.79904445180095,4.9201802298743225
2013-10-17,16.579025027471612,16.855001879271303,16.34393450167217,16.809005737304688,15.311818833182187,14.469664227630743,76.40738627156875,7.4836868969695125
2013-10-18,16.865217307419567,17.34050995113945,16.73234069553406,17.27918243408203,15.499186795172648,14.57984141219746,79.35801879640522,8.64395452775188
2013-10-21,17.304737273081866,17.32006866661075,16.911215259450255,17.074756622314453,15.649241064424249,14.677681224358912,74.96792430212494,3.757749879576387
2013-10-22,17.105419856279486,17.601153715977375,16.98276287012297,17.452945709228516,15.821022459167512,14.786515125726348,77.45294917575208,3.8309224351962383
2013-10-23,17.376289396230757,17.43761693057394,16.992988894843315,17.371179580688477,15.968656470740937,14.88787451611702,75.70311555800029,0.532416084831578
2013-10-24,17.304734788681692,17.82602353905868,17.217852355502252,17.565378189086914,16.120725205821508,14.992874660155055,77.03041614229619,2.8733737037943095
2013-10-25,17.815807743838235,17.815807743838235,17.074759712609083,17.15142059326172,16.218886671292005,15.077523520276886,68.4468705213468,-1.7276459859000237
2013-10-28,17.187191927689813,17.248519450970107,16.5739108461864,16.87544059753418,16.281415616648403,15.148030072326192,63.376505825519864,-2.853801498347351
2013-10-29,17.003207741926182,17.120752976172778,16.727230957399293,17.049203872680664,16.354538307699094,15.22258590763421,65.12807232503084,-2.938589256944896
2013-10-30,17.08498061218316,17.25874357844326,16.28260507816163,16.39504051208496,16.35839566049775,15.268564519573456,54.55065318910738,-4.410014185495031
2013-10-31,16.185499350489287,16.5739105655605,16.00662562351416,16.487028121948242,16.37064637111208,15.316347405941094,55.64162841005243,-2.3016434643057075
2013-11-01,16.527919098041757,16.926551029394993,16.527919098041757,16.803895950317383,16.4119082357983,15.37468264297546,59.268645404286104,-1.4388233268555033
2013-11-04,16.952100333988312,17.151418206029533,16.763005990816136,16.998096466064453,16.46773568629984,15.438345930155421,61.354253078218754,3.67828279250041
2013-11-05,16.972539504299444,17.47849683824459,16.77833539189472,17.447832107543945,16.5610782026088,15.517149309660853,65.73051182540235,5.827635996548338
2013-11-06,17.447834953238,17.447834953238,17.01853840124415,17.13097381591797,16.615353975304913,15.580436545200348,60.5297979228739,1.946440674041476
2013-11-07,17.13097716361267,17.325183295209627,15.756205770721069,16.354154586791992,16.59047784306559,15.610778429184334,50.07020279319498,-3.788317595196893
2013-11-08,15.975967115486288,16.246833189671747,15.73576578728812,16.108844757080078,16.544608025352684,15.63031044204299,47.291099260962326,-7.674233350084377
2013-11-11,15.996407387279868,15.996407387279868,15.342241814502154,15.388237953186035,16.434477542289194,15.620817403264287,40.22763201937383,-10.173011070232311
2013-11-12,15.33201707866588,15.413787758436095,14.928273494364984,14.999823570251465,16.297843830666555,15.596464703930451,37.01815055373809,-8.281265835864836
2013-11-13,14.826063778133951,15.357573309426638,14.76473526790069,15.275802612304688,16.200506571774948,15.583889719945127,40.64188203234113,-5.171333868676437
2013-11-14,15.224697376016875,15.46489868829774,14.999827460929984,15.403570175170898,16.12460786733647,15.576818365248098,42.297145345200036,0.09963598192013169
2013-11-15,15.434235493548714,15.470010054710956,15.316689253579469,15.444456100463867,16.059831508586697,15.571627688197736,42.84639337979133,2.9642517335618788
2013-11-18,15.444452993642392,15.653990502399337,15.102037873881423,15.470006942749023,16.00365774041168,15.567642560925238,43.210189202723335,1.27131997822428
2013-11-19,15.546669823427306,15.577333593455206,15.27069296882518,15.357574462890623,15.942125999695389,15.55940459629643,41.94497160583667,-0.2986042310789479
2013-11-20,15.373435913475516,15.680164215867045,15.01911175306754,15.066707611083984,15.858752819827636,15.540083145895942,38.78131922231314,-2.4458516824592955
2013-11-21,14.82873308967965,15.727764061834776,14.82873308967965,15.532093048095703,15.827642365376976,15.539769808727305,45.82229283550877,0.4013321104279154
2013-11-22,15.621993514952589,16.055643803300196,15.46334030617848,15.96045207977295,15.840290909605164,15.55626715268988,51.3667824672419,3.9256043871972968
2013-11-25,16.002762150967236,16.023915310561318,15.754206725790764,15.949877738952637,15.8507277504954,15.571702861955087,51.227411144417374,5.861732706745691
2013-11-26,15.865264537807132,16.171992945190613,15.796515501965295,16.029205322265625,15.867725614473517,15.589644134908442,52.27358880218393,3.200549163790065
2013-11-27,16.09795348716204,16.129683730100584,15.796513657530287,15.881128311157228,15.869002061776728,15.601074886918198,50.112732840090445,-0.4970020161036023
2013-11-29,16.023913094886552,16.07150895824984,15.80179940208658,15.965741157531738,15.878215308991491,15.615375524981475,51.35026732091714,0.099457932146778
2013-12-02,15.918147805778018,16.34122109277635,15.701322620105588,15.89699363708496,15.88000372119087,15.626419372514945,50.25935481358949,-0.8248174661348624
2013-12-03,15.68016686298622,15.812377377865849,15.38930413372552,15.537379264831545,15.84737282058522,15.622927603586184,44.887355847349795,-2.164512744879619
2013-12-04,15.49507043463945,15.9921822047107,15.44218704077564,15.875837326049805,15.850083725867561,15.63284563191809,50.27441134499515,-0.5631046538639518
2013-12-05,15.80709278255356,16.0027648372479,15.775362533492954,15.817669868469238,15.846996691829625,15.640093641194607,49.38106360194868,-0.4989859744969145
2013-12-06,16.02920791748671,16.034496460897916,15.822959767882084,15.971035957336426,15.858809955211225,15.653071771239384,51.81238795133944,2.7910543027449406
2013-12-09,16.023909687074568,16.1296784739849,15.907564828421933,15.99746799468994,15.872015482780625,15.666577505492347,52.238179207859915,0.7661370303949748
2013-12-10,16.050352388145107,16.119101393556683,15.875834595823196,15.99746799468994,15.883963341057703,15.679553603107939,52.23817920785991,1.1366916095467947
2013-12-11,16.03978308677427,16.11910921108606,15.706612961190196,15.81238079071045,15.877145955310345,15.684762512425685,48.74060173893027,-0.993393083891324
2013-12-12,15.73304760459495,15.865258088667176,15.489780798071306,15.706605911254885,15.860904046352681,15.685619116301341,46.811638369220624,-1.8181757483846899
2013-12-13,15.844109213511702,15.9340124130249,15.584976699311609,15.934012413024902,15.867866747940512,15.695360029898344,51.27620419161228,-0.39666015700797264
2013-12-16,15.944590863400904,16.261896359966798,15.944590863400904,16.12439727783203,15.8922982269778,15.712185020013392,54.70415960855223,1.973241672151529
2013-12-17,16.171990623463074,16.182567707054506,15.865262260114966,15.92343521118164,15.895263654044832,15.720469341235676,50.6531190170976,1.3804974871839284
2013-12-18,15.971030341559768,16.129682553364297,15.865261527899309,16.055644989013672,15.910538066899008,15.733613484285794,53.11310099384405,0.7633518340260843
2013-12-19,16.103236076547145,16.33592578366449,15.86525682076138,16.09265899658203,15.927882917345011,15.747693700454274,53.8073768458363,-0.19683390766880993
2013-12-20,16.171992281914832,16.83304494387781,16.129684951896653,16.441701889038086,15.976818057506255,15.774909707849718,59.845623014948075,3.2547416495437607
2013-12-23,16.473426695781857,16.626791346894322,16.203717177701506,16.277755737304688,16.00547878891563,15.794629159985208,56.133940423123136,1.3833810379028586
2013-12-24,16.246030704550407,16.372952701224275,16.12968579310429,16.198434829711914,16.023855554705754,15.81046467644508,54.376734369262174,0.6572924533624236
2013-12-26,16.22487531489111,16.499873440933456,16.22487531489111,16.2883358001709,16.049044149511957,15.82920472051276,56.05577184922948,-0.9327871889554136
2013-12-27,16.372952056093187,16.56333554794563,16.23545398829567,16.536893844604492,16.095506025235057,15.856957235183025,60.39553745515233,1.5919768761852267
2013-12-30,16.56332920446117,16.605636518815775,16.26188946359884,16.37294578552246,16.12192885954814,15.877192080294375,56.43651674465555,1.0773322092233928
2013-12-31,16.34650785064104,16.87534990600616,16.34650785064104,16.716697692871094,16.178573510340804,15.910113869022874,62.05321879987946,2.629868993096894
2014-01-02,16.669097934576588,17.29313157557105,16.59505937820858,17.086883544921875,16.265079227919955,15.956261699450286,66.98920716667087,3.3258343766706133
2014-01-03,17.208518736142757,17.69505239570261,17.113327017120685,17.531112670898438,16.385653841536953,16.018020561075705,71.73978597769111,7.0736622508093125
2014-01-06,17.69505215062203,17.75322509114893,17.568131205265207,17.583995819091797,16.49978164892313,16.079431355507708,72.25172879914895,5.188214455720917
2014-01-07,17.769087338845516,18.107547855262464,17.716203954884126,17.959470748901367,16.638799658444867,16.153158390542753,75.62764619812226,5.106766261298832
2014-01-08,18.017651747824743,18.55707097867961,17.959478789001274,18.54120635986328,16.819981249056145,16.24680733051611,79.74026951619867,5.761720364969158
2014-01-09,18.763313898349185,18.86908270171331,18.40899072705729,18.583507537841797,16.987936133702398,16.338442632764174,80.004489373569,5.684212672894187
2014-01-10,18.805625063594626,19.038314852200777,18.562356173946785,18.890239715576172,17.16910790340466,16.438513106599938,81.85263784057135,5.182607993789252
2014-01-13,19.070047922291145,19.30802526674625,18.73158726470691,18.8426456451416,17.32849245023675,16.53279281399373,80.60766778029036,1.6257803264131463
2014-01-14,18.869076570763383,19.18638086038498,18.705134877948392,19.154651641845703,17.50241237324713,16.635610807242827,82.48808665839042,3.0733923767667615
2014-01-15,18.81091709777312,18.95899226982879,18.541208460475595,18.906108856201172,17.636097752576084,16.724649946417664,76.15324346990636,0.08400708971371555
2014-01-16,18.87965869653649,19.070042128153613,18.62052524408607,19.06475257873535,17.772160116972206,16.816418677096788,77.34898867949794,1.178746009327083
2014-01-17,18.974856758072995,19.085913124532695,18.424860442216342,18.54120635986328,17.845402616295164,16.8840574097543,65.64971281839557,-3.2025916913167705
2014-01-21,18.668125406539065,18.842644264886477,18.36668557609578,18.61524200439453,17.918720653257008,16.951947001700976,66.42313218062776,-1.538480784274321
2014-01-22,18.73686727056274,18.86907773562888,18.562348488337072,18.572925567626953,17.981025883197002,17.015514788600033,65.51514588596605,-2.579771277267861
2014-01-23,18.54120411468119,18.620529216529945,17.71620974079601,17.858997344970703,17.969404117651642,17.048592535908686,52.48076897459723,-3.679420862114867
2014-01-24,17.673897130911588,17.67918668017886,16.83303935220587,17.028711318969727,17.879814327300984,17.047812880342452,42.012305558116296,-8.522750792336032
2014-01-27,17.155638887249918,17.293138978122638,16.34651103069263,16.785449981689453,17.775589151528457,17.037524139218807,39.52470076477903,-9.624092765725138
2014-01-28,16.72198887478289,17.17150489455674,16.621508585966073,17.04987144470215,17.706473179449763,17.03800834727698,43.44470417822382,-4.530634529135051
2014-01-29,16.80131359174751,17.018138769893078,16.67439161005397,16.737852096557617,17.614223552507653,17.026237513915436,40.13843393935719,-1.7080518717120807
2014-01-30,16.975829778970358,17.38303841828738,16.970542245870945,17.298423767089844,17.58414738246786,17.03691148462816,47.82138944450456,3.0560621607402383
2014-01-31,17.139766935352597,17.55755254580008,17.060439838604186,17.160921096801758,17.54384011716633,17.041774606674185,46.25324131097337,0.6513225185291087
2014-02-03,17.16092574783667,17.240250848712275,15.81766639233663,16.23016357421875,17.418728065457035,17.009946723048483,37.329828311139735,-3.0331760575377573
2014-02-04,16.20900313449635,16.870055472841926,16.166695825189667,16.743133544921875,17.354385730167973,16.999483461161166,43.76866335433888,-3.210062544683437
2014-02-05,16.748427933760873,16.885926989198147,16.436411040400557,16.716697692871094,17.293653536139697,16.988393823189007,43.520506423793236,-2.588575528229968
2014-02-06,16.81718237063489,17.04458468903313,16.563338344431205,16.80660629272461,17.24726808438588,16.981264900425696,44.66950706033509,3.5516753473854425
2014-02-07,16.928233816331744,17.060444334169727,16.526314729748126,16.87006187438965,17.211343683433856,16.97690399744389,45.512033147342024,0.7580918418121935
2014-02-10,17.314291385643838,17.340733087389246,17.081599568590175,17.187368392944336,17.209060322434855,16.985157503149793,49.641425010401534,2.815572242321291
2014-02-11,17.055154320936417,17.182077287247576,16.96525215021893,17.012845993041992,17.19037324344506,16.98624332628282,47.508790961814974,1.227134715511612
2014-02-12,16.95467447929431,17.113326668643115,16.88592445754008,16.970539093017578,17.16943665769006,16.98562747399791,46.981868040884756,0.5955948435521959
2014-02-13,16.838328778286165,16.917654873805198,16.552753623994406,16.833040237426758,17.137398903379268,16.97964366079904,45.226225799118836,-2.061561417762099
2014-02-14,16.712610683385936,17.128646964385506,16.696187827674702,16.871360778808594,17.112061939134442,16.975397273270005,45.833733626551385,-0.8316375419566123
2014-02-18,16.89872990824273,17.358558320416122,16.712608411930944,16.739978790283203,17.076625448767658,16.966165175897974,44.0306208200793,-1.358591506555249
2014-02-19,16.805673820000884,17.01369146785146,16.701664474018944,16.969898223876953,17.06646095115902,16.966311569936366,47.89385585992824,0.8130318975053825
2014-02-20,16.964422615968623,17.02463871328391,16.833042894282443,16.953474044799805,17.055700293410524,16.96580813757807,47.64088347070888,0.48670209278169163
2014-02-21,16.92063061226953,17.347615522046237,16.88231165449084,17.254554748535156,17.074638812946205,16.97713153408619,52.58504443917505,3.0739343502074274
2014-02-24,17.23813131418866,17.48994324049249,17.210760929294295,17.358562469482422,17.10167916118775,16.99208960998408,54.194164473756416,2.290315713612302
2014-02-25,17.489943763419532,17.517314149132236,17.084854954901157,17.314769744873047,17.121973502491112,17.004743732920904,53.37284053628625,2.131101266433729
2014-02-26,17.391404623534168,17.85670733615072,17.331188536159445,17.522783279418945,17.160145862198526,17.02505900925416,56.7274986523274,1.5545375397563395
2014-02-27,17.736279856683716,17.89502891519351,17.374984323441566,17.528261184692383,17.195204464340797,17.0447924278988,56.81561240148276,0.9776081141989912
2014-02-28,17.544679018599656,17.807438397634936,17.396877520462912,17.62131690979004,17.23578660200263,17.06740123111022,58.36652596680225,1.7704374325148717
2014-03-03,17.29834391867075,17.478991137167302,16.9698941457371,17.462568283081055,17.257384857343432,17.082897978246333,54.75386526248004,-0.3436383100658159
2014-03-04,17.648696688419626,18.27275073325321,17.610375638718978,17.659643173217773,17.295695173140988,17.105515436872665,58.21184561044152,0.7495437633033898
2014-03-05,17.659641723419334,18.21253313054048,17.528263034359487,18.07020378112793,17.36945789771117,17.143346352333655,64.32824914277661,2.5474081967647852
2014-03-06,17.933348624105683,18.436972468820183,17.933348624105683,18.185161590576172,17.447143963698316,17.184201851872576,65.83609295015762,4.137955515943297
2014-03-07,18.27821933023739,18.316538281972484,17.615846492272194,17.791019439697266,17.47989400903155,17.207998620022565,56.9479839744482,0.7439350002197923
2014-03-10,17.791019439697266,17.938822005629593,17.69248439574238,17.791019439697266,17.509525002428287,17.230862181578434,56.94798397444819,-1.5449983011383481
2014-03-11,17.92787407134578,18.048306260057473,17.741752547076036,17.94429588317871,17.550931752975945,17.258839973798054,59.41891635270802,-1.324517828438111
2014-03-12,17.82386444428301,17.88955377490839,17.385931048957136,17.840286254882812,17.578489324586123,17.281641788742554,57.02708078086028,0.27691957367893927
2014-03-13,17.94976870103731,18.081147353770625,17.28192060359385,17.58847427368164,17.57944027211903,17.293674435210754,51.61042138790025,-1.1384685779370467
2014-03-14,17.51730848478918,17.621316752156293,17.243600539714347,17.42424774169922,17.564660031126667,17.29879495703383,48.38272743298979,-2.8981250914782017
2014-03-17,17.50636635544773,17.763652586683282,17.45162453747549,17.599428176879883,17.567971283103166,17.31058449506701,51.842487281349044,-1.3500796711544234
2014-03-18,17.79102276106784,17.79102276106784,17.38046069735089,17.610374450683594,17.572009680015586,17.32234096391472,52.058722234217335,0.12451436469804128
2014-03-19,17.64869143199358,17.927872652185197,17.528259252815232,17.812915802001953,17.594953120204764,17.341579192859317,55.99591702892023,2.230616013181361
2014-03-20,17.714386707502456,17.741757096985307,17.243608490780716,17.665119171142578,17.60163560124646,17.354267035144936,52.60116413411102,0.37325641266568327
2014-03-21,17.681537426970216,17.791021051083714,17.325717214771185,17.374984741210938,17.5800498050526,17.355079494206347,46.62539575984627,-1.336653630687103
2014-03-24,17.380461695585073,17.380461695585073,16.47175102589615,17.01369285583496,17.52611104798425,17.341691782897666,40.46114632226638,-4.486760927018862
2014-03-25,17.041060780082372,17.429726709466465,16.74545666290799,16.887784957885742,17.46531808702249,17.32389151525014,38.54845830913397,-4.400390428877916
2014-03-26,16.942525716487754,17.25455267125001,16.641446288263367,16.66334342956543,17.388939548217056,17.2979876687527,35.3412796648177,-4.09578093014147
2014-03-27,16.718084324444327,17.281922108666688,16.652393948243713,17.0903263092041,17.360500192120586,17.289844086025305,44.75758850232548,0.4504222217862518
2014-03-28,17.287403933600096,17.697967136723268,17.01369582759369,17.626802444458008,17.385862311390817,17.303058139297175,53.85123908462279,4.376047471087567
2014-03-31,17.736285984638045,17.780078195425002,17.221713412358298,17.407835006713867,17.38795494904063,17.307167036058615,50.217649845928555,4.467840324454343
2014-04-01,17.353084328278168,17.478989733824985,17.26002358415379,17.418773651123047,17.39089006352467,17.311543766061142,50.39770706337716,1.9218318947020805
2014-04-02,17.46256802575279,17.48993944882653,17.073903215123018,17.156015396118164,17.368521047581194,17.305444614298672,46.085705340187566,-2.6708590501498617
2014-04-03,17.4187750967608,17.64869087813818,17.314765775492564,17.402353286743164,17.37174316559662,17.309244954394536,50.37265807410765,-0.03148995822047332
2014-04-04,17.69796260163721,17.75817661541805,16.9151564078805,16.969898223876953,17.333472218766175,17.295937239472277,43.789830463080946,-2.576963431734778
2014-04-07,16.83303959430183,16.926100342766556,15.984545333209867,16.110450744628906,17.216993983134053,17.24944757300783,34.219028520611474,-6.094449249129459
2014-04-08,16.011919536025285,16.077609921736762,15.387865570275927,15.459029197692873,17.049568765472987,17.179235087701365,29.03847331707738,-11.167018948699798
2014-04-09,15.508297740655053,15.979075910736048,15.261960083260734,15.88054084777832,16.93823277331159,17.12830590182203,35.810304063687134,-6.419351263791832
2014-04-10,15.984548650285548,16.07213513241479,15.212692123950813,15.360493659973145,16.787971905374594,17.05897993155345,31.780682868305952,-4.655096847031368
2014-04-11,15.14700365566638,15.30028054083134,14.67622547160592,15.048468589782717,16.62230492293727,16.980136349523224,29.626567441473323,-2.6557981271646014
2014-04-14,15.147001608975136,15.261958474230653,14.922561119950656,15.081311225891112,16.475543618456683,16.90567261918471,30.163134108515862,-5.032760719853068
2014-04-15,15.190794336969237,15.409760533003816,14.845922708728926,15.010147094726562,16.3359820447681,16.831338284892233,29.635855383994773,-2.280828813201011
2014-04-16,15.141527309335263,15.519244662463407,15.04299225685721,15.420709609985352,16.24881324145546,16.776019513327256,36.52935165381687,2.4736139626551177
2014-04-17,15.508295448787562,16.022866788125448,15.398811829655868,15.497346878051758,16.17724501636939,16.72587548841449,37.75519962790842,2.7586172444104835
2014-04-21,15.546609942275843,16.126870451338476,15.502816716009097,16.115922927856445,16.171404817463397,16.701955780157313,46.702787003541815,7.366855408887827
2014-04-22,16.159718442991608,16.712608655491422,16.115925210521972,16.53196144104004,16.205743543518317,16.69528933548605,51.728721136311144,7.206230187585661
2014-04-23,16.515540336960928,16.73998080765894,16.24730662915387,16.25278091430664,16.210223293117206,16.67793606406725,48.42845347756786,4.874602357418819
2014-04-24,16.312992236699618,16.400578690912035,15.896957101247082,15.907904624938965,16.18143103900499,16.647738752728888,44.63965786821303,-1.2907625821287585
2014-04-25,15.875064743778143,16.000970179089904,15.40428662760505,15.453554153442385,16.112109430856172,16.600907984129417,40.179803155721665,-6.523165998443141
2014-04-28,15.546613045483236,15.590406280491404,14.665274060429692,14.769282341003418,15.984221136584482,16.52907952753624,34.57695393151596,-9.127659944012173
2014-04-29,14.659801303342944,15.371441707419132,14.659801303342944,14.977302551269531,15.88832412845925,16.468225528466956,37.43326930410789,-5.849934957558901
2014-04-30,15.02109435402926,15.02109435402926,14.763808182553865,14.851394653320312,15.78956894035078,16.404820396108263,36.397462801754045,-3.8965761153911442
2014-05-01,14.933508326274964,15.021094799639725,14.741912524247136,14.780231475830078,15.693441562777378,16.34111102668559,35.79459052336446,0.07413450818976135
2014-05-02,14.906136300613532,15.146999614725324,14.851394495936342,14.938982009887695,15.62158827202598,16.286125575046455,38.251695913614725,-0.25585742993879595
2014-05-05,14.780234938645195,14.977305071943409,14.703597017524054,14.845925331115724,15.547715610986907,16.229647134107996,37.34939220957657,-0.036826993910402187
2014-05-06,14.928038263134228,15.015624761270264,14.75833850939642,14.796658515930176,15.476186363838647,16.17345150202259,36.85374203810337,0.11114196774902059
2014-05-07,14.917082834310122,15.042988237003431,13.981002174138633,14.68716812133789,15.401041769314764,16.115165879250643,35.71925299602683,-1.6856161175047677
2014-05-08,14.117859465555233,14.92803491358318,14.079539467619714,14.21639347076416,15.288218121833754,16.040704216172742,31.26298870772215,-4.240435313466936
2014-05-09,14.232813197890948,14.386090023595052,14.106907793265943,14.336822509765623,15.197609015922504,15.973885325725405,33.54693772426522,-3.107701685954908
2014-05-12,14.21091933835258,14.254713622178988,13.64160722208081,14.041220664978027,15.08747679202303,15.898094554715705,30.838323683573467,-4.39803950648195
2014-05-13,14.030269622802734,14.0904857083447,13.84962241028984,14.030269622802734,14.986790394954431,15.824846518170098,30.739304060551657,-1.309219868908294
2014-05-14,14.074060735852388,14.123328244948604,13.893413550537216,14.06311321258545,14.89882113949072,15.755758937558936,31.450217036260646,-1.9091350052895966
2014-05-15,14.095962560663756,14.123332944107144,13.575916922333796,13.838677406311035,14.797855069664083,15.680579269666861,29.24142734329258,-1.4424903895441283
2014-05-16,13.92927291837733,14.070830567791736,13.702780895314111,13.748079299926758,14.697876424927195,15.604794957128034,28.375104340165972,-2.0112965072128475
2014-05-19,13.73109324939738,13.889638220045825,13.629171559694754,13.69711971282959,14.60256626187028,15.529984163233978,27.874856319081758,-2.6025069571958093
2014-05-20,13.74808500866897,13.844344293441347,13.640500848041109,13.725435256958008,14.51902997568816,15.45921753945845,28.62779690798451,-0.818301821974577
2014-05-21,13.725430344686313,13.940598588934256,13.62350865846352,13.810364723205566,14.451538046880293,15.394556644703435,30.95598582468938,0.45304818164047406
2014-05-22,13.872652705691388,14.031197696841929,13.787718313289073,13.934938430786133,14.402338083442753,15.337316714745894,34.33933684857132,1.7362680836744597
2014-05-23,13.929269643554338,14.036853734215631,13.872646381101085,13.991554260253906,14.363215814567624,15.284541716530523,35.87724142908432,1.9388747847613166
2014-05-27,14.07649263213816,14.625735908581529,14.048180455002443,14.144439697265623,14.342379993872196,15.239831833422096,39.966377863311386,2.4190163022900504
2014-05-28,14.155765073483217,14.201063478518394,14.099141797189448,14.172752380371094,14.326224983062568,15.197985580361273,40.720297425063826,1.7066020834334235
2014-05-29,14.246363634194209,14.32563558274718,14.036858890161549,14.127455711364746,14.307294576234204,15.156004016871213,39.857885716941915,0.9713106105509512
2014-05-30,13.974573934150564,14.195403562899502,13.974573934150564,14.059508323669434,14.28369588551375,15.113004185765261,38.53932836163057,-0.6004576739268676
2014-06-02,14.036859025361949,14.229376462273564,14.019871716222994,14.138779640197754,14.269894338340798,15.07479930162536,40.991914569893716,-0.23970460543988079
2014-06-03,14.212394575858278,14.212394575858278,13.974577575242336,14.01421356201172,14.245543788214219,15.033207703993453,38.39884848777728,-0.8015749733473141
2014-06-04,14.053841722601875,14.546462763836889,13.95758248833752,14.348281860351562,14.255328366513014,15.00634786698789,47.91475653868316,2.053937662926473
2014-06-05,14.4162310312842,15.141006611898336,14.348283961851148,15.056072235107422,14.33158968733153,15.008297842208263,61.48864500816596,6.487777716697183
2014-06-06,15.090045382652496,15.588328919039798,15.078720511371154,15.344849586486816,14.428090630108224,15.02149594982703,65.44539549414756,9.49490328934366
2014-06-09,15.333526743096966,15.344851615876046,15.124020916681248,15.225942611694336,14.504076533116425,15.029513465978688,62.593660909514796,6.116835171519756
2014-06-10,15.225940416319643,15.429783776954368,15.203291754026427,15.288226127624512,14.5787574468791,15.039659060553035,63.49104805859688,1.541928657699705
2014-06-11,15.259915995544471,15.769523349384714,15.08438372166678,15.407135009765623,14.657650548106389,15.054069882090785,65.2071779444748,0.4059044236813988
2014-06-12,15.401471008235784,15.565677302044683,15.350510173605668,15.486405372619627,14.736579579012412,15.0710242150527,66.34299273125012,1.7106511404111158
2014-06-13,15.497733389486212,15.497733389486212,15.316538674008733,15.412797927856444,14.800981326521368,15.084427105750887,64.24570722491423,0.8148218059572083
2014-06-16,15.418456408294832,15.435443712262472,15.333522048454592,15.401470184326172,14.858170741550397,15.0968601676558,63.91086245147037,-0.03676754591856805
2014-06-17,15.429790452025284,15.87145089780055,15.3505184797065,15.865788459777832,14.954134333762534,15.127014218327252,70.66086288141874,2.449781456896151
2014-06-18,15.809161231204568,16.273470233697072,15.650616245963494,16.222509384155273,15.074931957609461,15.169974813065606,74.59260423135778,5.25350076014032
2014-06-19,16.279133926736737,16.381055633686653,15.87144817893652,15.888434410095217,15.152408381655723,15.198149699223631,65.71128275773096,3.1618035157748796
2014-06-20,15.973366711644326,16.007341329506232,15.775186840779693,15.831809043884276,15.217113206629872,15.222999085288755,64.31351244195055,-0.21416783653519275
2014-06-23,15.916739967547452,15.984687023887604,15.424118949085909,15.661935806274414,15.259477263738876,15.240212290033291,60.17797407217119,-3.455529379618535
2014-06-24,15.661934500139973,15.809154549931469,15.254248956101229,15.322196006774902,15.265450477361355,15.243427337748649,52.857449916077265,-3.5638401412321463
2014-06-25,15.350504488261594,15.401465304017426,15.11835014092886,15.259907722473145,15.26492259594343,15.244073627345688,51.61766152209321,-3.612356110573812
2014-06-26,15.271231508197722,15.401465304017426,15.15232365809987,15.259907722473145,15.26444498894626,15.244694572252648,51.61766152209321,-2.5669118349994187
2014-06-27,15.237265862410045,15.797834045308168,15.095708207738824,15.69591236114502,15.305537119631856,15.26238938750333,59.3566614443037,2.4390521711435738
2014-06-30,15.735549411652284,15.854457323176494,15.565679578047304,15.69591236114502,15.342715714061681,15.279390288430456,59.3566614443037,2.8571905322191067
2014-07-01,15.809159221354276,15.882768728001327,15.622303156789528,15.644951820373535,15.371500105139,15.293726034781166,58.09697120721707,2.5232400149664027
2014-07-02,15.741205728688518,15.899750639969856,15.639285157149285,15.76951789855957,15.409406561655246,15.312384539243064,60.31405192285311,0.46894717376710204
2014-07-03,15.837470968211209,15.882769377230074,15.514719668951876,15.57700538635254,15.42536835448356,15.322761827365005,55.43263951032293,-0.7575665055752414
2014-07-07,15.593993167131238,15.673265115315866,15.463759292257402,15.571343421936035,15.439270741859985,15.33251012519132,55.29090566922747,-0.4704929697619391
2014-07-08,15.46376067759532,15.554357506493767,15.005114096297016,15.152334213256836,15.411943453421591,15.325444403154673,45.93129463981886,-3.9137764976259013
2014-07-09,14.954152236103154,14.99378821107211,14.608751174232,14.727660179138184,15.346773617775552,15.302001884565792,38.7682575196182,-5.452557703796474
2014-07-10,14.484177601586609,14.688020947660243,14.235035854163172,14.495502471923828,15.265700175313484,15.270374456619049,35.508172558264434,-6.909108102365931
2014-07-11,14.506828308105469,14.671034618931465,14.36527065946275,14.506828308105469,15.193426664150815,15.24043147040283,35.79184339610895,-4.26010868072466
2014-07-14,14.55212643188094,15.197628951645603,14.55212643188094,15.174979209899902,15.191669763745965,15.23786471508899,49.8156844305105,3.0372715375070154
2014-07-15,15.24859508670585,15.429788763607002,15.20329666748056,15.356179237365724,15.207337332662133,15.242504500276315,52.824930558140544,5.9375435043313
2014-07-16,15.395813338388423,15.69591492409482,15.37316359154299,15.63929271697998,15.248475940692405,15.258064822499989,57.148502412111135,7.806423187911892
2014-07-17,15.68458963101247,15.763861577393271,15.35617589315008,15.458096504211426,15.268439803884693,15.265909202174948,53.752984930957616,1.8656848908684003
2014-07-18,15.503398733780124,15.826151195001597,15.4807500635187,15.599658012390137,15.299984395170926,15.278997390810838,55.95479812378059,1.5855426747817762
2014-07-21,15.956379314647595,15.956379314647595,15.48640793528782,15.644951820373535,15.332838435666412,15.293348544911337,56.66569553031372,0.036185161924940853
2014-07-22,15.75253673606845,15.85445842732974,15.407135689016142,15.492071151733398,15.34800345624422,15.301141588316124,53.52542631165538,0.2197854536146579
2014-07-23,15.514721269328836,15.656278947114682,15.367501154831633,15.63929271697998,15.375745290600006,15.314402416891177,56.051215320684236,0.2540741890518601
2014-07-24,15.64495260862606,15.67892722571267,15.435447869921653,15.492071151733398,15.386823944041282,15.321369818257539,52.952020524240815,-0.9771884911850536
2014-07-25,15.424120866212624,15.424120866212624,15.095707173084715,15.293888092041016,15.377972910517448,15.32029210350395,49.02250405417083,-1.2792547733051705
2014-07-28,15.225945975150433,15.333530130318715,15.005116307173024,15.112700462341309,15.352708867834005,15.312151254830907,45.68460535347546,-3.367110419686289
2014-07-29,15.152337731443737,15.305220320707097,15.016442456542851,15.073065757751465,15.326076190683287,15.302775352984655,44.96338426227717,-2.7046441362041596
2014-07-30,15.146674324454686,15.316543137215096,15.084388589109402,15.214622497558594,15.315461553242839,15.299318378262065,48.11395146833076,-0.5182828199434252
2014-07-31,15.027760925052725,15.152331270596036,14.78428158967332,14.869215965270996,15.272961973435997,15.282451616968297,41.82274120794935,-1.61112501155595
2014-08-01,14.784282381011502,14.999449549375854,14.51815328856176,14.835243225097656,15.231274473594251,15.26491403297337,41.25141163623512,-1.5777980171784638
2014-08-04,14.954149343113794,15.005110181072082,14.603086992733497,14.73898220062256,15.184389495215994,15.244289255234124,39.60066189093027,-3.1262050505187147
2014-08-05,14.705011205213284,14.767296929147372,14.44454559603324,14.659712791442873,15.134420285332839,15.221364688026624,38.24347517859933,-1.4089725666601747
2014-08-06,14.17275193333662,14.484178323130624,13.963246141657628,14.297322273254396,15.054696665134891,15.185127730584576,32.722241942197094,-3.6259665155555205
2014-08-07,14.359606896513256,14.529475627182173,13.765064179173953,14.002881050109863,14.954523749418222,15.138765115663999,29.052250926526977,-4.9942468244625795
2014-08-08,14.008542462789272,14.008542462789272,13.708439908510003,13.861322402954102,14.850409335469259,15.088669323008709,27.457803457659566,-5.446153003453147
2014-08-11,13.872649204522064,14.031194155659144,13.8160259305446,13.883974075317385,14.75836788212146,15.041426372118854,28.13744766227286,-2.8910882054484475
2014-08-12,13.702785794972945,14.008549865439525,13.41400795731034,13.629175186157228,14.650825720601057,14.986043972669378,25.269510165817202,-2.6687783936413783
2014-08-13,13.663143720274508,13.917947918870244,13.646157493700889,13.844338417053224,14.574017405977454,14.94127120578247,31.608797431747984,-0.12252789024846238
2014-08-14,13.80470276909878,13.923611767175124,13.793378976900431,13.816027641296388,14.501827904579256,14.897144007175173,31.23336671725,-0.4893875028316981
2014-08-15,13.617845075928956,13.793377334087907,13.589533978806095,13.634832382202148,14.419256902448103,14.847641590509564,28.869913283558795,0.041507985389064146
2014-08-18,13.697121444865587,13.816029377888691,13.578212431843095,13.759406089782717,14.356413967908543,14.804965688520277,32.64364539598335,-0.613480577489276
2014-08-19,13.872649760912385,13.92927303716084,13.6008593309188,13.640495300292969,14.28823123765944,14.759300183099597,30.95540688858225,-1.270497899691153
2014-08-20,13.623178331071,13.767491658516615,13.617405665850375,13.646267890930176,14.227091871304273,14.715651857916484,31.141584030847216,0.0838698152457992
2014-08-21,13.686677293672894,13.854081304594674,13.59431683972414,13.842535972595217,14.190467499998649,14.681412019276435,37.329228171802356,0.6041676673401588
2014-08-22,13.830989792075677,13.882942681862517,13.709767116588647,13.72708511352539,14.146335844144053,14.643987434737179,35.31872180159911,0.6347996265983253
2014-08-25,13.900264761103791,14.050350808896804,13.727089144970778,13.99262523651123,14.131696738655213,14.618443819120476,42.93192363237536,2.5381104075441523
2014-08-26,14.41978695172912,14.41978695172912,13.888713879717944,14.067663192749023,14.125598305711767,14.596844578870614,44.90540606372405,1.6263437609951155
2014-08-27,14.131160380857912,14.188885930495182,13.95798483296939,14.061890602111816,14.119530905368915,14.57586599154674,44.77712260518253,2.439013714984106
2014-08-28,14.044575918593234,14.090756148987587,13.917580560264646,14.027257919311523,14.110743001934878,14.554351949498301,43.96562848789259,0.24750668452068045
2014-08-29,14.119615856009023,14.217748965682215,14.06189140410284,14.084980964660645,14.108289474575427,14.53594524421055,45.73097119142574,0.12310340156954634
2014-09-02,14.131162666440938,14.171570227415584,13.830990640595756,13.842535972595217,14.082979617243979,14.508752723755048,40.02701258611213,-1.5599227424202624
2014-09-03,13.957984628663771,13.998392182511424,13.507726669311523,13.507726669311523,14.028193622202792,14.469496800051381,33.76393272469529,-3.703726366111469
2014-09-04,13.50772949076386,13.611635280088915,13.392279470087628,13.415369033813477,13.969829375689525,14.428158456277346,32.26419413681317,-4.754084741237712
2014-09-05,13.43268835803982,13.663589523203283,13.323009891703322,13.56545639038086,13.931317662802986,14.394327002712778,37.14987057990842,-2.0016533297287866
2014-09-08,13.623177157128454,13.813670688900444,13.6116318276821,13.66358470916748,13.90581928626627,14.36567044218159,40.18749000124743,1.153843601307495
2014-09-09,13.692450488190769,13.692450488190769,13.507729573163171,13.588545799255373,13.875602763693804,14.335194965988405,38.64917847843832,1.2908833518139067
2014-09-10,13.565450737279734,13.854077348711218,13.484635638406326,13.657811164855955,13.854860706661627,14.30863089535576,40.89807431412535,0.6808084580227157
2014-09-11,13.634724315192422,13.70399409911422,13.450002322346451,13.66935920715332,13.837193897184646,14.283561417387038,41.28451118509642,0.04226195474138999
2014-09-12,13.680904991593666,13.784809670920218,13.49618299262519,13.62317943572998,13.816811567522297,14.257664084773035,40.15385068174813,0.2548737516600596
2014-09-15,13.588543272948469,13.703993272865135,13.230645740853207,13.369186401367188,13.774180599317049,14.222821822678688,34.549319572432246,-2.11325782737026
2014-09-16,13.392280125027876,13.450004587677222,13.132515639011634,13.247966766357422,13.724064996178036,14.184592212626873,32.23672825025656,-3.0827519740309355
2014-09-17,13.294144404248362,13.432685069428697,13.213328190459,13.323006629943848,13.68586896129859,14.150804542717735,35.131389424993266,-2.203397578386579
2014-09-18,13.39805176719894,13.39805176719894,13.213330843206704,13.242194175720217,13.643614219814935,14.115172763619793,33.473063920111656,-0.9498874638623046
2014-09-19,13.242188229203151,13.29991376728447,13.017058740788311,13.074784278869627,13.589439939724906,14.074373215198218,30.28392038790094,-1.3072382392110418
2014-09-22,13.219103516612565,13.484640670757738,12.9362494639738,13.051700592041016,13.538226668516916,14.034268406446955,29.861448133484508,-2.036372460350382
2014-09-23,13.045921629943493,13.24218779233114,12.988196093766591,13.219097137451172,13.507833379843989,14.002300905702024,36.752069936689985,-0.174420024072699
2014-09-24,13.26528275508249,13.565454784778543,13.2075571953681,13.542364120483398,13.511122021809648,13.984264169026783,47.482255395604405,3.5761954586848117
2014-09-25,13.501957893371582,13.588546792012377,13.311464298204289,13.501957893371582,13.51024924767269,13.965350197432462,46.422129115714405,3.4497979642985013
2014-09-26,13.559683664044542,13.940670860146156,13.450005198189956,13.854083061218262,13.54299532515322,13.960986780326023,55.70380030453259,4.803549873070409
2014-09-29,13.77903652191162,13.940666738517267,13.58277031515624,13.77903652191162,13.56547543913021,13.953851476074478,53.573649992120565,1.74764464551831
2014-09-30,13.755946084881431,13.900259409775709,13.6924478696005,13.76171875,13.584165278260667,13.946316859365675,53.06931979245012,1.9238754755407768
2014-10-01,13.77903793186922,13.77903793186922,13.201784582584809,13.444231033325195,13.57083820731443,13.926627219128793,44.751800009275335,-2.9583482795795075
2014-10-02,13.398048981227548,13.490410525041693,12.970881658064185,13.426912307739258,13.557130978783462,13.907030555937046,44.34352367322449,-2.5555067918748064
2014-10-03,13.605859162958923,13.698219596483328,13.513498729434517,13.66358470916748,13.567269429296227,13.8974836599853,50.931644738768014,-0.7130943642669599
2014-10-06,13.652043868371631,13.882945028100552,13.652043868371631,13.790584564208984,13.588537537383155,13.893291538582307,54.07325171599358,2.5762241813998683
2014-10-07,13.784809263653852,13.784809263653852,13.438458140751337,13.473093032836914,13.577542822664466,13.87681316580798,46.12299025835177,0.3439415111919494
2014-10-08,13.536588875679389,13.819442830263744,13.149829162059316,13.715537071228027,13.59068513205147,13.870488613079354,51.93458913088889,0.3802249787765419
2014-10-09,13.698217670732769,13.698217670732769,13.109419164022931,13.172917366027832,13.550897725763505,13.843132877900864,41.218172011848566,-4.478905120412357
2014-10-10,13.149829468122183,13.19600968421033,12.69957153549536,12.705344200134276,13.470368818560722,13.79851371406688,34.59398988328887,-5.698385892767639
2014-10-13,12.734204865448673,12.843883278132669,12.156951684409002,12.174269676208496,13.346930805003367,13.734817869444983,28.91077754927644,-11.237382736201763
2014-10-14,12.191589816299324,12.324357807088084,11.914507403797804,12.058820724487305,13.224253654478028,13.66909249121135,27.840041759543013,-8.457478405001735
2014-10-15,11.978008384338214,12.37631354974255,11.556613654821597,12.25508975982666,13.131952331177898,13.613641403706069,32.42222955201979,-3.543819303241363
2014-10-16,11.972235718054264,12.457128675670802,11.60856655035362,12.25508975982666,13.048441610096827,13.560364868651975,32.42222955201979,0.6638598106308282
2014-10-17,12.457126922490032,12.96510937272684,12.457126922490032,12.711118698120115,13.016315618479997,13.527061097258569,42.29618414033336,5.409301527372562
2014-10-20,12.716892047977192,13.155604738212698,12.69957405063063,13.126741409301758,13.026832360463022,13.511362285966145,49.533565252024125,7.112568463859432
2014-10-21,13.276825852256664,13.640494945498665,13.115194532469504,13.5712251663208,13.07867929435424,13.513709849901621,55.90333792320317,10.739500340573242
2014-10-22,13.640495516687531,13.657813512718825,13.265281077529542,13.323006629943848,13.101948564410392,13.506231292256219,51.95924499236032,4.8138007861906456
2014-10-23,13.409597598811349,13.553910963674207,13.219104001233315,13.288374900817873,13.119703453592058,13.497687904356676,51.4142189043658,1.2313298973161741
2014-10-24,13.282597012045503,13.634721836200503,13.27682434759768,13.530816078186035,13.158857036886722,13.498987048428416,54.97484649422906,-0.2977556384153683
2014-10-27,13.47309017560668,13.47309017560668,13.22487111608241,13.374957084655762,13.179437993817107,13.494123128280469,52.32025684140593,0.3899304125178013
2014-10-28,13.35764099988671,13.807898969925237,13.328778775317172,13.76171875,13.234893303929763,13.504617074230255,57.769718327394415,3.5620898169647046
2014-10-29,13.721310869536165,13.848306196060674,13.363413347842334,13.507726669311523,13.26087743396612,13.504739019135403,53.449324482892656,-0.17064313594311398
2014-10-30,13.092108802654856,13.392280869624305,12.890069869078358,13.086336135864258,13.244254453194515,13.488331062928692,47.149231112022335,-2.1579205597797424
2014-10-31,13.219104664016276,13.323010468090963,12.95356858784642,13.132516860961914,13.23361277774379,13.474377564812348,47.874362658698374,-4.572117047793074
2014-11-03,13.103653489568906,13.294147080163322,12.993975028007409,13.051700592041016,13.21628780767686,13.45780199725269,46.66764922805607,-3.3760386809318748
2014-11-04,13.080563249354077,13.172923714405012,12.884296985864944,12.924704551696776,13.188517973773994,13.436896215074027,44.758445798317545,-1.2351171671688659
2014-11-05,13.074789736419207,13.155605963875791,12.936249047809593,12.999747276306152,13.17053981211039,13.419753119436072,46.160108616741375,-1.0109987754931904
2014-11-06,13.074787515459112,13.161375293503877,12.95933751174054,13.034379959106444,13.157572207062394,13.404640446481968,46.83061287965021,-0.13270786295185386
2014-11-07,13.0516982120587,13.623178879632224,13.034380215699496,13.496182441711426,13.189820800838492,13.40823032864783,54.896662024597184,4.421593450966936
2014-11-10,13.577001001319967,13.727087025944464,13.473095207270427,13.536593437194824,13.22284676620576,13.41326417604183,55.53238948546314,4.129666134872858
2014-11-11,13.478861812464409,13.807895944976869,13.288368309377033,13.57699489593506,13.256575159513313,13.419684988586663,56.19712228934123,4.162951659618607
2014-11-12,13.571041055788584,13.74380612723296,13.404232421039822,13.445934295654297,13.27460936295531,13.420714373177551,53.40798860548878,-0.3723137729809544
2014-11-13,13.481679916381836,13.77955177710543,13.445935611256475,13.481679916381836,13.29433036804355,13.423105178793406,54.077436455310206,-0.40566720916727156
2014-11-14,13.487637827676782,13.72593623125534,13.445935947937834,13.630616188049316,13.32635758899648,13.431242865430894,56.858812470816666,0.3949422720215517
2014-11-17,13.630614104236187,13.660401968275115,13.404232018994469,13.517423629760742,13.344554354783552,13.434622503247752,54.17333664034487,0.5316799304125006
2014-11-18,13.517423278111515,14.05359231766495,13.517423278111515,13.904656410217283,13.397897407682002,13.453055205481851,60.965538413066895,3.137416823859473
2014-11-19,13.904660920417529,13.92253364417324,13.582958710561703,13.767640113830566,13.43311099874377,13.46539186855435,57.70641199625561,1.0052658213748704
2014-11-20,13.737852675452258,14.226362443982325,13.654448901203086,14.148916244506836,13.501282926911681,13.492196746042683,63.54636915286581,4.671693601107263
2014-11-21,14.262104908424073,14.464657863182374,14.220403030025182,14.363381385803224,13.583387542044209,13.526360849562705,66.36015413028595,3.299074511822279
2014-11-24,14.393166346304993,14.738697614329386,14.363379618625114,14.5838041305542,13.678665312378493,13.567829213523156,69.00795165922702,5.928132998651951
2014-11-25,14.53018333447083,14.768481639125785,14.411035318433882,14.696991920471191,13.775648798863513,13.612110103991707,70.30067391959432,3.8736230146046693
2014-11-26,14.62550674261458,15.000825893568532,14.62550674261458,14.88763427734375,13.881552177766393,13.662130659809435,72.38964057866454,3.649926695246688
2014-11-28,14.863805032371486,14.863805032371486,14.49444345672133,14.559975624084473,13.94616393455859,13.697340266251594,64.05095752156068,-0.1633901981706131
2014-12-01,14.554019440935786,14.554019440935786,13.898701113593996,14.059552192687988,13.9569628162852,13.711544655523609,53.84868683941485,-4.337212207998319
2014-12-02,14.011891142673807,14.297847826493882,13.994018423825985,14.083379745483398,13.969002523827886,13.726126423757327,54.22258127584255,-5.402164755513101
2014-12-03,14.101248656149536,14.452737411197765,14.029758936355597,14.30380153656006,14.000888144088092,13.748780349749591,57.6413288630207,-1.7594403599183255
2014-12-04,14.297849595615038,14.422955234156992,14.113169356499824,14.285934448242188,14.028035411150388,13.769845216357144,57.267982810846206,1.6101668989993494
2014-12-05,14.297849456369278,14.428912667321242,14.029764324545962,14.059552192687988,14.031037009392064,13.781206274252472,52.617666986614346,-0.16918916642187226
2014-12-08,13.964233498542898,14.077423990322613,13.416149215636016,13.630616188049316,13.992901693073707,13.77530078067588,45.138510948673265,-4.706338708560124
2014-12-09,13.47572071776329,13.88678298320066,13.177848918077274,13.725933074951172,13.96747611039537,13.773364792216087,46.943287233961435,-3.919949201222332
2014-12-10,13.708061898007676,13.708061898007676,13.285083304060654,13.34465789794922,13.908160090162404,13.7565527571468,41.1165454961918,-5.084758639116301
2014-12-11,13.356574813685729,14.01785073451294,13.344659666071124,13.553170204162598,13.874351529590994,13.748576970755263,45.12781953592449,-0.5681766900209526
2014-12-12,13.404232742027371,13.648487558867709,13.35061572015599,13.588912963867188,13.847166904283965,13.74231563715181,45.80930228679709,-0.998257170101143
2014-12-15,13.594872372699925,13.636574253943987,13.046788070011385,13.136149406433104,13.779450952107693,13.718544412417744,39.172589848466146,-1.5624866003358542
2014-12-16,13.237424580073002,13.291041603875572,12.85019140305848,12.987212181091309,13.703999640582323,13.68986471707161,37.26026469400239,-4.175834985806242
2014-12-17,13.022956687236729,13.61274277047869,12.963382094362714,13.10636043548584,13.647081621049324,13.666982196225108,39.79247255826769,-3.5510752748542216
2014-12-18,13.28508131840828,13.553166382692094,13.225507869714718,13.439974784851074,13.627357160459015,13.658079944798676,46.32485521700557,2.3128952710387076
2014-12-19,13.422105714367376,13.69614726572711,13.34465839851986,13.523382186889648,13.617454782023836,13.652797679782635,47.8483243084537,4.128445722777787
2014-12-22,13.523382186889648,13.845083187889813,13.41019056788454,13.523382186889648,13.60849548724915,13.647722562414284,47.84832430845369,3.181827277347802
2014-12-23,13.565080358548578,14.148908741267997,13.410186905447192,13.952313423156738,13.641240052573682,13.659667302051243,55.39857845844193,3.8120505916659067
2014-12-24,13.922529097321094,13.970188542147094,13.767635617563895,13.898698806762695,13.665759933925017,13.669041086549733,54.33959323875136,2.7753162240500795
2014-12-26,13.970191691317888,14.047637880509066,13.84508491026623,14.035722732543944,13.700994486174439,13.683420758941663,56.62182847352359,3.788553326186313
2014-12-29,14.041674724790838,14.196568177892225,13.946355851542386,13.952313423156738,13.724929623029896,13.693965569303039,54.825418778112976,0.0
2014-12-30,13.898699529219291,14.470614033150293,13.856997654865223,14.083379745483398,13.75906772993023,13.709236713466975,57.12720290359892,1.3287642338924768
2014-12-31,14.119124815669805,14.315720172715244,13.97018890468717,14.047635078430176,13.786550334549272,13.72250723758318,56.28490213556047,0.08487162444874799
2015-01-02,14.119128620577657,14.23231912529832,13.845085879647696,14.041681289672852,13.810848520751518,13.735023867076894,56.136433095927984,0.6405236451167223
2015-01-05,13.934447304125204,13.976149188874489,13.428065976408323,13.612746238708496,13.79198163674742,13.730228665964407,46.59951270120189,-3.3417653665544065
2015-01-06,13.410188671698112,13.5889112985058,13.094444152294397,13.183805465698242,13.734060096647498,13.708800305169657,39.39233058562978,-6.149288530838364
2015-01-07,13.285079549881234,13.75571745868518,13.237420115496452,13.571037292480469,13.718534115298258,13.703397834083807,47.31433349802072,-3.351763848525208
2015-01-08,13.708066308221316,14.196576089949287,13.577003068532983,14.190618515014648,13.763494534318866,13.722504527453644,56.99923996817162,4.245082264612741
2015-01-09,14.17869494942896,14.268057384116524,14.095291222430497,14.22039794921875,13.807009145261713,13.742029759679728,57.404533071857635,7.862619683046178
2015-01-12,14.208483385915263,14.208483385915263,13.91061162158283,13.964228630065918,13.82198242952878,13.750743440871343,52.794762822305145,2.897282861372073
2015-01-13,14.101251323916582,14.297846670179926,13.970188138504607,14.27401638031006,13.865033281984141,13.771263948300312,57.26414319592664,0.5876971832282805
2015-01-14,14.077421638461074,14.452740765990455,13.97018873831492,14.357421875,13.911927433699937,13.794250533661085,58.405977691379775,0.9635730748925906
2015-01-15,14.363377287809037,14.506355602794144,13.880824196407325,14.01188850402832,13.921447535635973,13.802785356028428,52.18528405410725,0.34129972535530856
2015-01-16,14.029765131547688,14.327637012355842,13.767638694566068,14.26806354522705,13.954458584168457,13.821031559526414,55.93268057823768,-0.04170399503829266
2015-01-20,14.315722911847455,14.345509645226969,13.98806316321763,14.25019073486328,13.982623550901296,13.837861331108252,55.605245991397,-0.7468690484287975
2015-01-21,14.220399985605653,14.774440569522916,14.17274054388296,14.434866905212402,14.025694346549972,13.861273314406455,58.320345344816815,3.018710868720363
2015-01-22,14.476570626724854,14.994868116021223,14.476570626724854,14.76848602294922,14.096436410968948,13.896850283368916,62.75214476279468,3.507290783615629
2015-01-23,14.732737782326158,14.834014231714546,14.64933404857948,14.667206764221191,14.150795492231067,13.927060341441555,60.64401097078287,2.926389106762457
2015-01-26,14.667212483120949,15.00678625868225,14.607637877377137,14.988913536071776,14.230616258311134,13.96870164319176,64.70060234393826,3.8382524376397824
2015-01-27,14.834016723679705,15.108059394769072,14.768485694566186,15.048484802246094,14.308508500590653,14.011046080801735,65.41155836893715,1.8959206709595975
2015-01-28,15.191462987902218,15.239122434177338,14.911463883072248,15.018696784973145,14.376145480055653,14.050561794690811,64.70972430497622,2.3964346204579927
2015-01-29,15.012741406716607,15.048485709869915,14.69103926946411,14.923378944396973,14.428262952850064,14.0847899182087,62.402451845081984,-0.43722042639774883
2015-01-30,14.685086285609296,14.959129058870978,14.655299546387733,14.816150665283203,14.465204639748459,14.113470731819467,59.818498516475195,-1.543903854879882
2015-02-02,14.834016433170971,14.893591024527243,14.58380405850728,14.798272132873535,14.49692535337942,14.140325688723548,59.37702096087624,-1.4676683020869945
2015-02-03,14.893592556039408,15.370187063316296,14.816146374716016,15.30465602874756,14.57385208436686,14.185985702057824,66.8415168023623,2.55489782690092
2015-02-04,15.262956267976872,15.298700576906722,14.899552195601608,14.988913536071776,14.613381746433996,14.217473068097586,59.5000344403582,1.1660442357230185
2015-02-05,14.56593199429444,14.893590531470476,14.131038287194508,14.625505447387695,14.614536384620063,14.23347433787367,52.370366316571115,-1.1674787700521354
2015-02-06,14.506357993440448,14.559975012432274,14.297847490282331,14.476570129394531,14.601396741265251,14.243007506168606,49.739830673545285,-5.410679585333971
2015-02-09,14.470611615119283,14.536142634029405,14.220399274514346,14.256143569946287,14.568515486853922,14.243522645924594,46.05288821561624,-4.888746368187599
2015-02-10,14.256142662754884,14.303802099061553,13.97018604491489,14.154866218566896,14.529120318445633,14.240045923283116,44.42356023821875,-3.2179347955790565
2015-02-11,14.178692985514395,14.411033692713378,13.940395844032468,14.315714836120604,14.508795986795631,14.243013331629685,47.59470793123185,-1.1111422929338248
2015-02-12,14.581396117421964,14.643181928885268,14.23539722308033,14.420753479003906,14.500410986053563,14.249983533487498,49.61647334529421,1.1546594508534342
2015-02-13,14.501075971017787,14.68643342793064,14.433112630769571,14.643183708190918,14.514008388161882,14.26540314818175,53.69076931362889,3.4498205923239107
2015-02-17,14.692608940946,14.766750964857051,14.482537909087652,14.630823135375977,14.525133602182272,14.279733343757995,53.432188412707674,2.2011356251684298
2015-02-18,14.550502464074532,14.67407408565606,14.27246808321558,14.41457462310791,14.514604175603761,14.285021237065836,48.98712478644553,-0.04284696985488507
2015-02-19,14.3157196232621,14.581397818624376,14.297183524120612,14.507254600524902,14.513904216072442,14.293736270926976,50.873417335008526,-0.9282756426116633
2015-02-20,14.464004242140676,14.56286107626263,14.229219555717638,14.519611358642578,14.514447753460074,14.302594117504059,51.132864802672984,-0.7601197533753152
2015-02-23,14.476360230073634,14.538146039994462,14.130361344369822,14.2168607711792,14.486106136099991,14.29923202549132,44.87909230496619,-1.3716246028638068
2015-02-24,14.210684014628836,14.439291189041588,14.11800587631368,14.28482723236084,14.466936716696262,14.298667131643066,46.46215171040147,-1.5332147555748736
2015-02-25,14.278649370417522,14.599933523528964,14.278649370417522,14.538148880004885,14.47371882748756,14.308058572755295,51.99592413149189,0.12767229717393425
2015-02-26,14.556685546971655,14.692614607341746,14.241578877659196,14.272472381591797,14.45455249930701,14.306663035846922,46.56038683833772,0.3911665965339901
2015-02-27,14.371328557410372,14.575220959853745,14.210685879960046,14.40839958190918,14.450156983364359,14.310652704319953,49.470792849762184,0.8650601616545919
2015-03-02,14.44547100082875,14.531971631643284,14.173615242459222,14.328079223632812,14.438530530056592,14.311336097234182,47.81370099384732,-1.4449546369757738
2015-03-03,14.334258079528809,14.482543361645313,14.185971618945638,14.334258079528809,14.428599820482518,14.312234998500639,47.958117827989646,0.43290115605128826
2015-03-04,14.272470514374977,14.433113178408156,14.037684629070128,14.111827850341797,14.398431061421496,14.304375894651272,43.311519146027834,-2.0583252836751607
2015-03-05,14.334253645273357,14.37750335853651,13.93264647133538,14.025325775146484,14.3628972246334,14.293432752709908,41.62255970722058,-2.1130079179557084
2015-03-06,14.02532568159508,14.1180038063217,13.592826194915787,13.765826225280762,14.30603331993315,14.272742300653864,36.965544304378085,-3.965547788342403
2015-03-09,13.79054039980654,13.809076496888242,13.4568989016003,13.493969917297363,14.22869394825355,14.242202207188903,32.82234364934923,-4.378298400440512
2015-03-10,13.327152074763184,13.438366329492965,13.277723648046244,13.35804557800293,14.145775055848729,14.207529398201219,30.95423781992721,-4.7576805547433745
2015-03-11,13.351862689417135,13.673146773070137,13.339505291997254,13.599004745483398,14.093701692956792,14.183665686329933,37.72133043777922,-1.2118522859964467
2015-03-12,13.636075907890458,13.870861747561944,13.617540990024908,13.765826225280762,14.062475457940026,14.167279825112319,41.962330293476974,2.01465031899113
2015-03-13,13.716402348461486,13.963544488931658,13.716402348461486,13.920294761657717,14.048934439246473,14.157594136349394,45.65277776835899,4.209067714072323
2015-03-16,14.000616735563348,14.062402570682304,13.79054560323897,14.05622386932373,14.049628670682402,14.153618831760152,48.74158867040976,3.362151366203376
2015-03-17,14.03768497704825,14.068578477704978,13.62372149598052,13.772007942199709,14.023188601303099,14.138653698836213,43.21147915698465,0.04490625421084021
2015-03-18,13.592828161627011,13.858506355158903,13.50632872316229,13.636077880859377,13.986320913641793,14.11894484322928,40.825755867021336,-2.0417447019957606
2015-03-19,13.62372067244494,13.71639999034623,13.52486383325228,13.71022129058838,13.96002571144623,14.102916468615911,42.68456275239279,-2.461561383427202
2015-03-20,13.592829346754527,13.864686263660255,13.592829346754527,13.741114616394045,13.939177035726974,14.088728160685642,43.48121930162995,-0.22431969205450286
2015-03-23,13.734935992814696,13.858507640770346,13.642257846081243,13.648436546325684,13.911487465307804,14.071461822867604,41.6125977663775,0.09063211265208722
2015-03-24,13.64225445798671,13.64225445798671,13.4445408131337,13.599004745483398,13.881727206276908,14.052934094342733,40.61013510767534,-0.811194383721062
2015-03-25,13.611366171317258,13.660794597159326,13.382758965256052,13.444544792175291,13.840090785886279,14.029075690336168,37.56490690788192,-2.1582661414156785
2015-03-26,13.438363754512132,13.4568998529042,12.974971900908264,13.141793251037598,13.773586258757833,13.994280300559753,32.43148060720018,-3.7120976719086562
2015-03-27,13.14179348975583,13.154150888908346,12.95025733829119,13.018221855163574,13.701646791748855,13.956003498779511,30.593781324122137,-4.270774966180655
2015-03-30,13.117077963351242,13.500149066550664,13.018221132551336,13.283899307250977,13.661861317034772,13.929646471660746,38.643647033471865,-1.1948748537608362
2015-03-31,13.228293968278942,13.450722456668958,13.166508146118767,13.34568691253662,13.631749468987328,13.906746096793134,40.375636925852554,1.5514904062497212
2015-04-01,13.314793380524849,13.438365024551011,13.240651336882378,13.277722358703612,13.59803260134126,13.882078499220995,39.06920676012618,1.9933636592397483
2015-04-02,13.253008736978302,13.395115302681814,13.19122291496522,13.277722358703612,13.567526863947197,13.858378258416392,39.06920676012618,-0.04649951346735509
2015-04-06,13.123258392904177,13.30861585894342,13.092366071130902,13.277722358703612,13.53992643487638,13.835607438819814,39.069206760126185,-0.5092623128238047
2015-04-07,13.203580750019157,13.327151219649496,13.129437525467694,13.228294372558594,13.510247190846114,13.811791240142904,37.95371690871354,-0.37226253727633846
2015-04-08,13.24064914008935,13.24064914008935,12.974970974439076,12.981149673461914,13.459856951095238,13.779217061057375,32.89617489918615,-2.233611136229947
2015-04-09,12.981153000353792,13.370401710820891,12.8390464218076,12.999689102172852,13.41603144167406,13.748647337179552,33.610855490501855,-2.093983056879539
2015-04-10,13.080008073261707,13.13561519268551,12.962615134648514,13.129436492919922,13.388736684649857,13.724364558973292,38.54391727169228,-0.7473214373256418
2015-04-13,13.12326272236474,13.413654649622154,13.12326272236474,13.203584671020508,13.371103159542299,13.703941818269262,41.23143361348604,1.7135230942859396
2015-04-14,13.17268657090232,13.617543538385853,13.17268657090232,13.401293754577637,13.373978454307569,13.692073266751944,47.78787831668727,3.0893404392083377
2015-04-15,13.419827383833688,13.660791944175733,13.419827383833688,13.549577713012695,13.390702193231867,13.686485205820993,52.1038277205323,3.199994305310327
2015-04-16,13.61754502014716,13.753472898076406,13.57429411590606,13.642258644104004,13.414659950457786,13.6847508308517,54.62830192435716,3.322385427999008
2015-04-17,13.531043135046598,13.648436078735974,13.45690109158654,13.629899978637695,13.435159000760635,13.682599817039387,54.217928786938764,1.7058518994255378
2015-04-20,13.65461460448946,13.74729274686491,13.611364883278686,13.66079330444336,13.456647982063751,13.68174465968268,55.12541378012433,0.8208048530092213
2015-04-21,13.679325742350846,13.685504441183,13.450719777892688,13.543397903442385,13.464909879337908,13.676319296692865,50.989285108553716,-0.7246654915485389
2015-04-22,13.537221826130729,13.54957922618808,13.222115195467454,13.43836498260498,13.462381793934773,13.666987754963928,47.55159806069891,-1.405256064482571
2015-04-23,13.370400460756075,13.543400526159404,13.33950813907923,13.43836498260498,13.460094478570031,13.658022156047892,47.55159806069891,-1.6282240487895463
2015-04-24,13.438365095624686,13.6669722847422,13.438365095624686,13.605186462402344,13.473912762744538,13.655950168061793,53.345567725032964,0.4562264167417993
2015-04-27,13.72257993266871,13.82143796776906,13.592830750262037,13.759652137756348,13.501126036555187,13.660016911971384,57.9748909767441,2.390820278860195
2015-04-28,13.802898719894474,13.889398155121226,13.666970867614372,13.815256118774414,13.531043187242732,13.666104724002876,59.53157159916384,2.8045907121684275
2015-04-29,13.802897764428916,14.000611418956147,13.679326141116224,13.938825607299805,13.569879608200548,13.676799660602756,62.826975242642796,2.4522938058913484
2015-04-30,13.975900294783116,14.229221107148836,13.938828094095534,14.124185562133787,13.622670651432285,13.694344205760835,67.14849847762807,2.64929244379052
2015-05-01,14.192151359777409,14.216866164508104,14.105651900153484,14.136544227600098,13.671610992019696,13.711685383087865,67.4204517906739,2.325603709865828
2015-05-04,14.204507897749652,14.414579011309993,14.167436871376264,14.303364753723145,13.731778016943833,13.734888495661798,70.91988596110019,2.6152787666159596
2015-05-05,14.303362802658585,14.358969923866864,13.982077475336643,14.043863296508787,13.761500424521447,13.747005154518543,60.10465333709785,-0.5686859980113816
2015-05-06,13.722579131365643,14.074757988333294,13.617544758484003,13.957365036010742,13.780154197044236,13.755254561635885,56.98517496622167,-1.2674893432549603
2015-05-07,13.283901509846816,13.858507670687866,13.283901509846816,13.716401100158691,13.774082473531328,13.753730896479917,49.307706486973835,-4.10367534961777
2015-05-08,13.772001651071015,13.93882176454676,13.555751959124224,13.561930656433104,13.753877538569592,13.746209318438867,45.111812898601926,-3.4316244034893795
2015-05-11,13.50633010084992,13.660794072987851,13.364222350848422,13.395115852355955,13.719709758930199,13.73244094721993,41.04934643015313,-4.028333300763821
2015-05-12,13.358042246613085,13.39511326278891,13.240649320512222,13.339506149291992,13.683499891345608,13.71703173945805,39.76379916043023,-2.7477685153311735
2015-05-13,13.308617838314008,13.500152854421392,13.308617838314008,13.376581192016602,13.65426953902856,13.703680737597603,41.08843986149074,-1.366689368291244
2015-05-14,13.407471985759774,13.493971424872266,13.290079048059628,13.382757186889648,13.628411219777234,13.691095500314939,41.31993456653773,-0.09226247538675192
2015-05-15,13.388935802022653,13.623720497473222,13.364221003308662,13.512507438659668,13.617372764432703,13.684092046916692,46.1109445415387,1.2969092515981786
2015-05-18,13.562692234551754,13.637970149373784,13.311762661089302,13.625423431396484,13.61813949461973,13.681791316896293,49.941372960609286,1.8602828017699815
2015-05-19,13.55014455111002,13.681881490922594,13.45604656602664,13.52505111694336,13.609273934841028,13.675644642388335,46.759657998975044,1.0632631831137793
2015-05-20,13.895173343863814,13.895173343863814,13.550146938917257,13.675610542297363,13.615591706979727,13.675643305129865,51.72761929702421,1.2070528314460178
2015-05-21,13.650516025074918,13.67560826296037,13.499959008199776,13.600330352783203,13.614138244675296,13.672689856018232,49.25289637655002,-0.184163660965283
2015-05-22,13.55014714461132,13.656791867189854,13.51250818267802,13.644245147705078,13.61700556877337,13.671574377260853,50.7336053548928,0.8812834031540164
2015-05-26,13.637971580935432,13.694430621238832,13.38076981800705,13.675610542297363,13.622586994823275,13.671732658242677,51.81502600561575,0.0
2015-05-27,13.713248712307056,13.85753237371327,13.619149527761335,13.78225326538086,13.63779330630495,13.676066799699077,55.39967819443716,1.3376359829408637
2015-05-28,13.794802096780286,14.001818180766636,13.73834305600937,13.951632499694824,13.66768275329446,13.686873297738126,60.43431047178292,2.2528718053812433
2015-05-29,13.97045365317993,14.03945822213478,13.84498884259111,13.926541328430176,13.692335950926433,13.696272044039775,59.36523731602128,1.8348781237715672
2015-06-01,13.95163118819624,14.05200254090463,13.78225408180549,13.976724624633787,13.719420586517609,13.707270184455227,60.856672972683505,1.4110273226614798
2015-06-02,13.989276207093836,14.252751421232496,13.888904810900195,14.052008628845217,13.751095638167858,13.720789339137188,63.04783690251038,0.7194579498319499
2015-06-03,14.183740986132175,14.45976161359898,14.064549553600049,14.359390258789062,13.809028459179402,13.74583251245687,70.34663026979837,3.108086352174551
2015-06-04,14.284112334962693,14.390757048968704,14.083369625426892,14.259018898010254,13.851884691449007,13.765957468753081,65.77777925972342,2.0197455481016404
2015-06-05,14.240197982772017,14.240197982772017,13.95162948164222,14.064547538757324,13.87213829595456,13.777666883263052,57.927597138882675,0.08923215351838307
2015-06-08,14.077098383224094,14.102190627429191,13.7195252285234,13.926541328430176,13.877319537142714,13.783505096799018,53.08580034506302,-3.0143963118068298
2015-06-09,13.95163349603267,13.989272460394211,13.430956569033777,13.449776649475098,13.836601166888656,13.770417706707885,40.49368991630184,-5.675301045067556
2015-06-10,13.47486868401782,13.550147808091472,13.21139354454167,13.481142044067385,13.802747917096154,13.759073563074924,41.47719509917096,-4.148057326993731
2015-06-11,13.51250457763672,13.644241507517291,13.46231771308712,13.51250457763672,13.775105694290493,13.749404191096955,42.500541007291005,-2.973004861933844
2015-06-12,13.493687330475778,13.543873009019006,13.343130294846096,13.430954933166504,13.742329431326304,13.736915984903606,40.51661227986199,-0.1399407350703352
2015-06-15,13.380769999851532,13.456049120119449,13.30549087958362,13.361949920654297,13.706102811262303,13.722211433364418,38.863447364210465,-0.8841396598557488
2015-06-16,13.380769846796898,13.449775606543088,13.223939444843571,13.355677604675291,13.672728982063541,13.707837557729551,38.70884177005658,-1.1606062522337934
2015-06-17,13.387045179411876,13.499963276903262,13.249034836100842,13.36822509765625,13.64372861211999,13.694519422040402,39.22966367103372,-0.46705417315747494
2015-06-18,13.412134566551297,13.694429750110988,13.412134566551297,13.568964958190918,13.636608264126744,13.689595717575717,46.990467785732115,1.5492876321638254
2015-06-19,13.600331395886911,13.663063790193137,13.562692437911537,13.5940580368042,13.632555861524597,13.685849141859187,47.88639192248346,1.784862132681763
2015-06-22,13.650517130071067,13.98299798374318,13.650517130071067,13.976724624633787,13.665333838963567,13.697256023536623,59.20872293085572,4.5518348362059
2015-06-23,13.945357644285464,14.284111852577851,13.939084285259211,14.208832740783691,13.717095639136913,13.717317855585527,64.2782955040865,4.715671273117384
2015-06-24,14.227651286525836,14.28411031516449,14.014361888673308,14.164918899536133,13.759745473460647,13.734870837701237,62.69083160590655,4.199341073772083
2015-06-25,13.12984557272226,14.403308071353544,13.12984557272226,14.19629192352295,13.801321325847534,13.752965782243265,63.38652847934864,1.570949595030137
2015-06-26,14.202561776167231,14.27156754056882,13.932813275165852,14.05827808380127,13.825793398033603,13.764938813676913,58.241497912793776,-1.0595849759726146
2015-06-29,13.895173072814943,14.208833869928242,13.882626353765374,13.89517307281494,13.832400986108016,13.770046039525464,52.7882231004732,-1.9043231283874609
2015-06-30,14.033184589318225,14.10218915104888,13.882626353765374,13.89517307281494,13.838379280080105,13.774952982007406,52.78822310047321,-2.1211091764678502
2015-07-01,13.97672711410393,14.18374321550285,13.700705246731662,13.819896697998049,13.836619034167528,13.776715480673706,50.268893812778146,-1.6956656027305164
2015-07-02,13.83871403361287,14.045730111846808,13.769709471882214,13.89517307281494,13.842195609276805,13.781360876443951,52.69994562712078,0.0
2015-07-06,13.844985656237728,13.870079091188808,13.650516321450189,13.78225326538086,13.836486814620049,13.781395872088536,48.84282692768051,-0.8126549186710095
2015-07-07,13.725791085214336,13.744611157111212,13.336852504843378,13.700698852539062,13.823554627755193,13.778231283086596,46.21212985324391,-0.862508946801702
2015-07-08,13.60660239212729,13.60660239212729,13.22393593017972,13.336853981018066,13.7772021852088,13.760922369279987,36.711964744759754,-4.01807943572283
2015-07-09,13.47486972808838,13.550148857994866,13.368224992024874,13.47486972808838,13.748408617863998,13.749704618645023,41.61508855762265,-2.230285072939301
2015-07-10,13.600333119359645,13.750890166861064,13.581513039726572,13.70697784423828,13.744462829899643,13.748029058864367,48.79921889288311,0.04582971837274803
2015-07-13,13.913993059346632,13.913993059346632,13.7195237014487,13.801074981689451,13.749854463403434,13.750109291132018,51.409548104446046,3.4807384210106553
2015-07-14,13.775979321738292,14.18373924673472,13.775979321738292,14.02690887451172,13.776240597794699,13.760964176754753,57.06684410727628,4.096805071685507
2015-07-15,14.10218716523686,14.171192913771396,13.939083430123024,13.982996940612791,13.795931678063088,13.769671343964871,55.70865951425956,2.013712282248535
2015-07-16,13.98927513024346,14.083374353887784,13.775985630619976,13.863811492919922,13.802396422335168,13.77336311451213,52.08526850452224,0.4545769899352483
2015-07-17,13.83871679225911,14.001820582854082,13.738345412896235,13.901449203491213,13.811830020540505,13.778386098393662,53.12218668404091,-0.894421373539258
2015-07-20,13.913998120932977,13.9453637332385,13.612883935322868,13.66934299468994,13.798259827602356,13.774109898248419,46.446759103795415,-2.2431095941375925
2015-07-21,13.562694156614556,13.832441452228936,13.562694156614556,13.70697784423828,13.789566305377207,13.771477268679394,47.59663360029292,-1.1312448150476904
2015-07-22,13.675609351404692,13.794800781279283,13.142386989561274,13.305489540100098,13.743463756303196,13.753203240107657,38.17874186802924,-4.287032629960951
2015-07-23,13.267850582910478,13.374495294590533,12.684441348220814,12.985556602478027,13.671282122605561,13.723099450396692,32.63686763951656,-5.002335463215309
2015-07-24,12.954191906298048,12.954191906298048,12.590345395105658,12.772269248962402,13.58566184892526,13.685811991516916,29.556651971317017,-6.8192172329860545
2015-07-27,12.590341789167129,12.866363572696606,12.558976194081833,12.659347534179688,13.49744143799711,13.645558483386045,28.04739817182099,-4.8562061844704525
2015-07-28,12.69699012406831,12.935373022465347,12.590345395105658,12.772269248962402,13.428377419993806,13.611311846741982,31.797900729039714,-1.6424968143061613
2015-07-29,13.211393286083362,13.211393286083362,12.76599549996772,12.816181182861328,13.370073016457379,13.580130252079996,33.254876359881635,0.34380682902134335
2015-07-30,12.816181646736538,12.9667387008667,12.709536917162534,12.9667387008667,13.331660224496362,13.556075681444181,38.13472195443534,2.4281754320834383
2015-07-31,12.991828731131717,13.073381202714566,12.872638498081244,12.904004096984863,13.290931069495267,13.530504246759502,36.92335130229654,1.0314130203069658
2015-08-03,12.916550138878357,13.217664180062808,12.734626324503894,12.765993118286133,13.240936978903921,13.50052341819192,34.33909010987947,-0.39159921242616497
2015-08-04,12.791085105050986,12.947915481313094,12.759719508406889,12.885184288024902,13.207055770248777,13.476392471910861,38.35208681595095,-0.6289508466484773
2015-08-05,12.985558778532518,13.04828998701575,12.602892184875056,12.684443473815918,13.157283170588505,13.445335648456158,34.52497173924863,-1.7014921997757861
2015-08-06,12.602887908293868,12.690712527585449,12.41469195366314,12.63425350189209,13.107470821188846,13.413528505453646,33.62159928494069,-1.0319574448566626
2015-08-07,12.64680332129605,13.418408599752627,12.56525204001666,13.28667163848877,13.1245375656936,13.408553726356985,51.4171147252892,3.1158836496967863
2015-08-10,13.311764345783017,13.82616907926573,13.311764345783017,13.738343238830566,13.182995248849503,13.421486648414772,59.51014943986162,8.308600745394777
2015-08-11,13.55641980903188,13.637971088458023,13.048288464650271,13.123567581176758,13.177335470975908,13.409803547738772,47.830893933285786,3.872916426850141
2015-08-12,13.060835748279292,13.123568148677265,12.684442542412476,13.067109107971191,13.166837722118316,13.396364550100827,46.92018214556121,-1.6525021201062153
2015-08-13,13.32430981582911,13.32430981582911,12.853818644945932,13.173752784729004,13.16749629950981,13.387634676948991,48.899380359417506,-4.109596363161047
2015-08-14,13.026525607413102,13.256969451904297,12.917704462175102,13.256969451904297,13.17601755211881,13.38251055047665,50.45193348623919,1.0165061436409903
2015-08-17,13.192959593239458,13.212162537023524,13.045730105568468,13.135348320007324,13.172144291917716,13.372817913987658,48.14945750631312,0.5222211850554271
2015-08-18,12.54643100967337,13.039326797057248,12.533628236274906,12.808881759643556,13.137547860272559,13.350702770680046,42.53762297249553,-2.76968173798134
2015-08-19,12.738469054645993,12.770475991478298,12.469616889953612,12.469616889953612,13.073935386908849,13.31615038320058,37.62938660297987,-5.93915951007631
2015-08-20,12.437611420840565,12.437611420840565,11.931912797314553,12.066339492797852,12.977973873183991,13.26713819142008,32.78657109714676,-8.138412481846363
2015-08-21,11.925509845586555,12.168757654673154,11.87429997329564,12.0599365234375,12.890541744636707,13.219796949538411,32.71458073310235,-5.847077444072666
2015-08-24,11.522232585342511,11.573442459106444,9.825904143355023,11.573442459106444,12.765103717443349,13.155234028345001,27.732135930276296,-7.186864189622283
2015-08-25,11.816687544661104,11.976718532346805,11.285384714382165,11.336594581604004,12.629055228315792,13.08391483435516,25.68145804101919,-6.047773739744496
2015-08-26,11.554239027822264,11.73347420777806,11.47102343555622,11.535036087036133,12.5248629291463,13.02317449132304,30.329908519164253,-4.3524311706058
2015-08-27,11.70786826732424,12.130349999591132,11.701466880963878,12.02793025970459,12.477536008247089,12.984145305769376,40.315591535094725,3.9269888989730735
2015-08-28,12.00232685278652,12.271179023126532,11.951116973718891,12.194363594055176,12.450567206895478,12.953173473937447,43.27223127848045,7.566372831600431
2015-08-31,12.168759615887982,12.194363945690206,11.842296169565554,11.893506050109863,12.397513763392086,12.911617888689307,39.466233961225385,3.1076622593023675
2015-09-01,11.720669746398926,11.906306286878989,11.599047069125367,11.720669746398926,12.333052428440356,12.864914039972037,37.4295104242853,-2.554558487381939
2015-09-02,11.880700646113253,12.104744281777016,11.701466714333913,12.098342895507812,12.310699139589637,12.834852426463636,44.20537311691684,-0.7874186939462257
2015-09-03,12.18156498512844,12.354397605680017,11.970324030285292,12.16876220703125,12.297181336488839,12.808731241387855,45.39279578217461,2.3143399075232667
2015-09-04,12.002327185944797,12.104746946923004,11.842296156798866,12.04073429107666,12.272757808354346,12.778613713924672,43.57699652006717,2.730770097639441
2015-09-08,12.22636433553655,12.5144193014603,12.098339092277635,12.495216369628906,12.293944337999541,12.767500092579741,51.06098181066891,3.280395319828927
2015-09-09,12.552831885658655,12.70006011093199,12.239171275795613,12.258374214172363,12.290556707158858,12.747534371857883,47.5233646536783,0.736410208503659
2015-09-10,12.213566859226209,12.271178121562064,12.079141394402363,12.187962532043455,12.280785833338344,12.725590378139671,46.49209744684425,1.2227513489431068
2015-09-11,12.091944694519045,12.200765847882176,11.951117822318484,12.091944694519045,12.262800962974602,12.700741527801608,45.05624149712889,-3.227408499224237
2015-09-14,12.10474619379854,12.10474619379854,11.861499581844406,11.951116561889648,12.233116734299845,12.671344470314864,42.960566575908885,-2.506512257779525
2015-09-15,12.002326955338898,12.168759368965713,11.95751846338934,12.149555206298828,12.225158493537844,12.650882146235803,46.721069802293286,-0.3151250723297694
2015-09-16,12.175164466545873,12.335195541381836,12.015133391709906,12.335195541381836,12.23563821238013,12.638502279378786,50.03946866997762,2.0116768064036075
2015-09-17,12.21356923214941,12.514427155402627,12.06634096465996,12.11755084991455,12.224391796907216,12.61807281155666,46.39133782922793,1.3926254267792584
2015-09-18,12.008729112269853,12.008729112269853,11.695068427587492,11.944716453552246,12.19775604992103,12.591666679870212,43.668671161022104,-1.685977381627808
2015-09-21,11.938311863007929,12.09194147015346,11.85509628365644,11.970318794250488,12.176095358904787,12.56730009612042,44.1911811383742,-2.9580134818882065
2015-09-22,11.86790130793014,11.86790130793014,11.528635098025251,11.650259017944336,12.126015707384743,12.531337700897828,39.2853627441623,-3.8563224347724527
2015-09-23,11.66305731128558,11.66305731128558,11.26618116704732,11.496624946594238,12.0660737301666,12.490760730140824,37.153233158917644,-3.7513783495861017
2015-09-24,11.368603077575706,11.400608791145382,11.042139671218228,11.362201690673828,11.999038297833955,12.446503512906824,35.345681402442445,-5.080208088265346
2015-09-25,11.387806052669434,11.44541608690899,11.125354100775814,11.323793411254885,11.934729261016901,12.40247566578322,34.82435190721047,-2.8022175832023306
2015-09-28,11.33019783457493,11.33659800158634,11.010135762648408,11.093351364135742,11.854598032742505,12.351137457875476,31.79432106462708,-3.507756270486687
2015-09-29,11.06134454771876,11.093350263359572,10.530041609878705,10.702874183654783,11.744910047115104,12.28649968241584,27.437868459412535,-5.802814674203725
2015-09-30,10.747683624903708,11.01653455978892,10.702873914816411,10.997331619262695,11.67371210160535,12.23594407209611,34.703673452128434,-2.8829719877061173
2015-10-01,10.99732890271308,11.342995177136316,10.99732890271308,11.266180992126465,11.634899614988313,12.197914147391419,40.556298922257355,1.557956854674885
2015-10-02,11.125357528074217,11.458222389221191,10.97812926212304,11.458222389221191,11.618073212534302,12.168906627463175,44.39055452174845,7.057433289461262
2015-10-05,11.54143556855817,11.855096165984396,11.400607514367914,11.70146656036377,11.62601543613711,12.15057564443967,48.887661691086244,6.402779924065636
2015-10-06,11.778281211853027,11.893503725795073,11.688664243649049,11.778281211853027,11.640516938586245,12.135975862769605,50.25574918545631,4.545464164692998
2015-10-07,11.78468708843905,11.951119536330989,11.778285699565505,11.90631103515625,11.665830662069103,12.12696939894163,52.536108234708294,3.9106296833318392
2015-10-08,11.848698075945796,11.944716453552246,11.707871203518998,11.944716453552246,11.692391213638926,12.119822224612635,53.22874477998721,2.078798344922284
2015-10-09,11.976722255717888,12.02153197178972,11.88710526545406,11.919112205505373,11.713983689054778,12.111951243471175,52.676837705094165,1.1956837429778873
2015-10-12,11.92551176759761,11.976721648141922,11.810290452077806,11.893506050109863,11.73108105677431,12.103384765300143,52.09509147763806,-0.10754787951177251
2015-10-13,11.842298180929378,11.89350807017147,11.727075624899657,11.848699569702148,11.742282819910294,12.09339711057081,51.03303786809514,-0.803843977573391
2015-10-14,11.861498014562114,11.931910823462546,11.714268568447489,11.778281211853027,11.745711238190554,12.081039624346584,49.33088603916144,-1.1815560691449525
2015-10-15,11.842299641697531,11.899910926818848,11.618255890774671,11.899910926818848,11.760396922821819,12.073936538169026,52.2908539097279,0.05385188086674586
2015-10-16,11.887103080749512,11.925510180812406,11.810288880623723,11.887103080749512,11.77246417595779,12.06660973591728,51.94672358722827,0.32411583078334955
2015-10-19,11.810290452077806,11.912710213166427,11.810290452077806,11.893506050109863,11.783991973496082,12.059821356081695,52.11638152235772,0.9782822823153506
2015-10-20,11.90631231638124,11.95752221194016,11.797491135701003,11.899910926818848,11.795031873812537,12.053550358855702,52.29780919591029,0.0
2015-10-21,11.91270930531688,11.91270930531688,11.554238947885327,11.560640335083008,11.77270887012401,12.034220554001871,43.00308851181353,-2.7463608538500166
2015-10-22,11.631057418294208,11.938316758583897,11.611853251673567,11.90631103515625,11.785432885841367,12.029204494439298,52.304185140518776,0.10766366950533006
2015-10-23,11.938318043252984,11.970324991064944,11.861503810384711,11.899910926818848,11.79633555641065,12.024134158454183,52.13454919044659,0.0
2015-10-26,11.84869781596718,11.899907697629656,11.70146955880504,11.765480995178224,11.793397026769467,12.013990897149244,48.57123638018934,1.7718798799888953
2015-10-27,11.695066856905587,11.8294923233129,11.599048492194688,11.81028938293457,11.795005822594716,12.006002602474158,49.802797208770656,-0.8064769342758865
2015-10-28,11.951115532729965,11.951115532729965,11.592646422478468,11.66305923461914,11.782439480882756,11.992553842950432,45.91233435565606,-1.9903652527844893
2015-10-29,11.656657632723832,11.842294181621911,11.592646208493816,11.771880149841309,11.78143383030738,11.983899972632427,49.07860570876186,0.054389231224007656
2015-10-30,11.784681504564464,11.842292756188652,11.560637883908129,11.695064544677734,11.773208184056937,11.972573093104792,46.98760136694791,-0.9756309479032034
2015-11-02,11.80388843568522,12.072740599458022,11.752678557868483,12.034332275390623,11.798077145136336,11.974995021821885,55.92023923863194,3.1833246603896423
2015-11-03,12.047134200303788,12.264776470907892,11.951115838787793,12.136751174926758,11.830331814640186,11.981338400375018,58.20953403561329,3.099513590361926
2015-11-04,12.136747037530403,12.277575059289562,12.034327324036086,12.143148422241213,11.86012387250695,11.987683891428594,58.35502059153882,3.831392942310825
2015-11-05,12.175157173985935,12.175157173985935,11.618248829914757,11.867897987365724,11.860864264398263,11.982986404994756,50.24924225683891,-1.3829956180057068
2015-11-06,11.842292479328282,11.893502343914824,11.72706997877369,11.829489707946776,11.857876211402884,11.97696692667915,49.22180443451665,-2.5316615834948637
2015-11-09,11.810286207948826,11.835890528549916,11.586242603227037,11.611846923828123,11.834444850681479,11.962648495194797,43.76143876216452,-4.3753191506740166
2015-11-10,11.65025960259221,11.797487858812229,11.400610362762745,11.515832901000977,11.804100855473811,11.945126315030334,41.570527396552166,-2.9665327991489967
2015-11-11,11.515833505583878,11.688667322015029,11.419815125657664,11.669463157653809,11.791278217586191,11.934315995133217,46.21091389970276,-1.3527764446632458
2015-11-12,11.57344235248027,11.618250838993433,11.426214119382836,11.471022605895996,11.760777683139505,11.916147626927836,41.613679384487064,-1.2127641610840407
2015-11-13,11.509432494146624,11.509432494146624,11.24058028899021,11.368605613708496,11.723427962241313,11.894675391115314,39.433255129762934,-1.2784771067638816
2015-11-16,11.266184075876428,11.490227748535464,11.234177139245256,11.304591178894045,11.68353874477967,11.871534833773303,38.089856784624494,-3.126724630176756
2015-11-17,11.355800478006383,11.38780741300686,10.594052518151276,10.651663780212402,11.585264938630406,11.823696753241503,27.71766596253206,-7.142857736697783
2015-11-18,10.671280218441709,11.155149401459466,10.527427622573397,11.00475788116455,11.529978552205087,11.791581503356133,37.61172285347597,-3.200460504190684
2015-11-19,11.017834887581236,11.259768837005408,10.952446895487167,11.11591625213623,11.490544047436625,11.765084826837706,40.37854474143924,-1.669011499593856
2015-11-20,11.115918683637044,11.142074385064866,10.815135600252011,10.83475112915039,11.428087579028412,11.728601152418596,36.02640264896351,1.7188615104253449
2015-11-23,10.945910108194791,11.076686117910317,10.697437186342244,10.775901794433594,11.36597464716224,11.69124039328193,35.171900743639476,-2.0796103758235427
2015-11-24,10.749746663676042,10.893599267563992,10.592816210205813,10.7105131149292,11.303549739330522,11.652780500013195,34.20121345009723,-3.6470510213597715
2015-11-25,10.736667296134598,10.802055287629011,10.579736864851323,10.651663780212402,11.241465362271654,11.61352102080532,33.310199680188866,-1.6898159150642633
2015-11-27,10.723589940957227,10.87398145528162,10.592815199133856,10.68435764312744,11.188407484257919,11.577083241288541,34.33371584380286,-0.8495265923214168
2015-11-30,10.690897101001042,10.723590476295923,10.592815727944071,10.67781925201416,11.139780033568037,11.541817986807192,34.22060290475935,-0.3052502019671462
2015-12-01,10.867444881192664,10.919755032665272,10.520889348203896,10.547043800354004,11.08332896373813,11.502807234397263,31.953116374118387,-0.9821937869720503
2015-12-02,10.547042045846954,10.717050321645043,10.45549960779113,10.494731903076172,11.027272100817942,11.463274868463103,31.066355955907998,-1.7747977593509499
2015-12-03,10.429345200690204,10.501271495684763,10.167794470177132,10.246259689331056,10.95288996639062,11.415548783006944,27.20450158136328,-4.041645138371288
2015-12-04,10.25933554953957,10.429343813554492,10.252797249835954,10.363956451416016,10.896801060202563,11.374309868042594,31.545399646791786,-1.7359115255768929
2015-12-07,10.35087803633536,10.455498308879704,10.233179917929974,10.265873908996582,10.836712760087707,11.330841791217262,29.94296001664326,-2.1806940491019877
2015-12-08,9.984709903635231,10.213566658593528,9.853933902417705,10.122023582458496,10.76864712412302,11.283437155579664,27.718999775811795,-1.2125020313697643
2015-12-09,10.095867376865357,10.259336736503364,9.788545429727913,9.984708786010742,10.69398633001709,11.232506631282844,25.75271473855928,-3.65929427804048
2015-12-10,10.069714405651125,10.46204120008896,10.06317610382662,10.102408409118652,10.637645575645811,11.188189053943072,30.315672520727748,-1.5923193809605958
2015-12-11,9.971633833202867,10.010866765285243,9.736238111467506,9.860474586486816,10.563629290964002,11.13612181992518,26.68535173815544,-2.5839595594792435
2015-12-14,9.814698783972712,9.971629192089212,9.252363886176244,9.481221199035645,10.460542806018443,11.071223756360885,22.19783588795549,-5.0425865968221135
2015-12-15,9.64469228252288,10.311647573584784,9.540071991435394,10.13510036468506,10.429548287796216,11.034513035118696,40.71032604624027,0.32360556257950884
2015-12-16,10.24625986864097,10.298570015659012,9.886627140202314,10.174333572387695,10.405242124423976,11.00078050716846,41.608099531266184,3.183000809423551
2015-12-17,10.193951890397406,10.22010696947095,10.004327411217648,10.12856388092041,10.378891815518875,10.966575933590105,40.83133367214657,6.827629777803393
2015-12-18,10.128562027383916,10.128562027383916,9.65123176574707,9.65123176574707,10.309590858397751,10.914993809360967,33.754064970356914,-4.7741865549155404
2015-12-21,9.703543859429043,9.827780331300032,9.598923541308992,9.80162525177002,10.261213181576062,10.871332297298578,37.43370721705897,-3.6632209664245283
2015-12-22,9.8081636428833,9.91932288072288,9.736237333993207,9.8081636428833,10.218065606462465,10.829639408890136,37.59599483254053,-3.1633333392966048
2015-12-23,9.80816262373384,10.390113830566406,9.80816262373384,10.390113830566406,10.234451151615222,10.81240311170097,50.02181438400798,7.6558317399617595
2015-12-24,10.357419491371155,10.357419491371155,10.069713047951868,10.200489044189451,10.23121666519372,10.788406481602479,46.754928594977905,4.069363826651129
2015-12-28,10.069714317959663,10.135102324325294,9.952016779522276,9.991249084472656,10.208362609886953,10.75714540720523,43.38768024467826,1.8666638145072174
2015-12-29,10.023941857458004,10.13510108048571,9.932398784498082,10.056635856628418,10.19391244290995,10.729674444437514,44.727320604088625,-3.2095699756141083
2015-12-30,9.997787079178527,10.2789546073574,9.906244003505218,9.97163200378418,10.172742877278925,10.69994728990209,43.29305718280969,-2.243588904549988
2015-12-31,9.938935720519671,10.043555998064187,9.853931589118243,9.925858497619627,10.149230079216135,10.669590866675327,42.5026831918471,-0.6544785972221657
2016-01-04,9.795083816046494,10.13510038639529,9.625076154458222,10.115484237670898,10.14601618954516,10.647861194949662,46.83304298723972,0.5851696519735571
2016-01-05,10.115484376922844,10.161255599105228,9.873549794037734,9.958553314208984,10.128162582370285,10.620829513351989,43.88719614029924,-0.1311589674612142
2016-01-06,9.749310528576224,9.775465595861755,9.559686134859604,9.710078239440918,10.088345025900821,10.585113777120183,39.63604024900968,-2.1739203538964067
2016-01-07,9.559690528602468,9.762392860919157,9.441992359929149,9.520458221435549,10.0342605683327,10.54336257885804,36.71337208993367,-5.882328539640483
2016-01-08,9.526993438899808,9.644691569464548,9.147744599953512,9.15428352355957,9.950453230735258,10.488888890414964,31.83199910634209,-8.07617095850531
2016-01-11,9.167364120483398,9.291600588332315,9.030049801499718,9.167364120483398,9.875873315473177,10.437064389633335,32.178900828609805,-5.5891837900244115
2016-01-12,9.245831607981454,9.343913021030874,8.990819061031983,9.23275375366211,9.814623833395933,10.389836521556033,33.987401797848456,-3.021960299407286
2016-01-13,9.271983208125034,9.441990885273594,9.01697075702292,9.108513832092283,9.747375261843205,10.339588572949612,32.22892480792256,-0.4999811437945255
2016-01-14,9.134668621795178,9.154284771701844,8.59195036021689,8.755419731140137,9.652903306538152,10.277464304643358,27.823003718003037,-4.493596893602386
2016-01-15,8.520023028619672,8.87965575209155,8.199623226662565,8.748880386352539,9.566805885568094,10.217519837259404,27.74734816004372,-5.240834752228123
2016-01-19,8.840423889669683,9.016970486218048,8.402325925172333,8.631182670593262,9.477698912713349,10.15531053660583,26.35813167124086,-5.240494446165601
2016-01-20,8.421941051486732,8.676953463935487,8.10807957281241,8.500406265258789,9.384623422479581,10.09041232988634,24.868289040554064,-2.912635529903255
2016-01-21,8.533100485924098,8.99081455682717,8.533100485924098,8.598487854003906,9.309753368339042,10.031905487694871,28.148518906306357,-1.7189917533131616
2016-01-22,8.703109221508338,9.030047949800242,8.703109221508338,9.02350902557373,9.282492002361392,9.992360528396004,40.31008990616575,4.545453038749119
2016-01-25,8.931966748374316,9.069281051363966,8.605027991121458,8.65733814239502,9.222953539507452,9.940006709337142,34.83895959745113,1.846169138734133
2016-01-26,8.66387653827742,9.030048198424032,8.624643615424292,8.977737426757812,9.199599624007487,9.902270659039914,42.22777473715872,4.410654282395803
2016-01-27,8.977738056490857,9.06274220898002,8.768497449493653,8.89273452758789,9.17037437672943,9.86268100682611,40.902625291751164,-1.4492643340324578
2016-01-28,8.971200631118025,9.023510787974644,8.611567835039065,8.781576156616211,9.133345974813885,9.820284738190427,39.17149434078713,1.4350602018511598
2016-01-29,8.892734641585083,9.04312617389566,8.735803560739262,8.879656791687012,9.109185100230373,9.783397367739314,41.52322681580266,-1.09248723156544
2016-02-01,8.781575411796304,9.082359100003668,8.591950953377717,8.879656791687012,9.087325261321482,9.747956560835302,41.52322681580266,-0.14706090528518426
2016-02-02,8.755421339150649,8.801192571867878,8.382710680955448,8.461175918579102,9.027691990584112,9.697494574864471,34.855036050455816,-3.6485504688781134
2016-02-03,8.67695461255147,8.814268287139969,8.153852494572435,8.323860168457031,8.96066038847677,9.643626558926925,32.98331695047966,-6.2592128982992685
2016-02-04,8.271550904732088,8.990816471920198,8.258473677765046,8.761959075927734,8.941736453948291,9.609051363515192,43.42227426535212,-1.32547595611425
2016-02-05,8.788113600503092,8.931966829606766,8.650799296264628,8.89273452758789,8.93706960381873,9.580960507204319,46.120252764717506,5.100456640561863
2016-02-08,8.729266259942763,8.794653646169337,8.199625126500257,8.461175918579102,8.89174639570067,9.537047386081762,39.43690497438742,1.6496643065007677
2016-02-09,8.317322720580009,8.657338726811036,8.212702410970463,8.611567497253418,8.865062691086646,9.500754057108102,42.56068232770222,-1.7164149863184865
2016-02-10,8.729265708845196,8.860041096628482,8.415404154579068,8.467714309692383,8.827219988096715,9.460242694464348,40.41345208831237,-4.779409714491864
2016-02-11,8.27808669790757,8.382706968404664,8.075385079715952,8.23885440826416,8.771185170969805,9.41234511461336,37.19811939006703,-2.627548610906038
2016-02-12,8.356555062569681,8.768498001204373,8.291167680562003,8.761959075927734,8.770306495251512,9.386839779762944,47.48308307015843,1.746390290992696
2016-02-16,8.761961599134784,9.298141778086,8.663880186085365,9.23275375366211,8.814349091290616,9.380797190504088,54.67715691369126,9.03478100452729
2016-02-17,9.33948477126518,9.81313009582742,9.232747904243029,9.77977466583252,8.90629438410413,9.396443366007164,61.309110150815414,18.70308881806075
2016-02-18,9.859829043250729,10.406856536865234,9.55963139311466,10.406856536865234,9.049205065319473,9.436067411923167,67.22906208731595,18.773169866275996
2016-02-19,10.106658563827786,10.106658563827786,9.779776682128736,9.946553230285645,9.134666795316251,9.456086463623656,59.974955544730676,7.731165540296268
2016-02-22,10.140015792762824,10.146687008556606,9.926541976979024,10.00659465789795,9.217707544133557,9.477675020261863,60.57256437693183,2.3192762595836482
2016-02-23,9.893185219415686,9.98658031951004,9.699724440521866,9.806461334228516,9.27377933366641,9.490568601201732,57.491223017827345,-5.769227244652404
2016-02-24,9.673041458407438,9.746422923197064,9.432883416748718,9.726409912109377,9.316887007803835,9.499817280060855,56.25844215993209,-2.2132623540983722
2016-02-25,9.793121186304402,9.959897769797584,9.633015182637292,9.853160858154297,9.367960707837213,9.51367389096648,57.801383408699195,-1.5333268208535955
2016-02-26,9.88651193915138,10.08664389114351,9.82647228993355,10.053288459777832,9.433230017545844,9.534835246606141,60.189176903644196,2.5169846404002016
2016-02-29,10.073306886160289,10.393517652518716,9.91987208346186,10.373504638671877,9.522779981462609,9.567724242373425,63.72601206030357,6.652965815854289
2016-03-01,10.520265151331031,10.700384131939952,10.37350160819066,10.506922721862791,9.616507861500722,9.604555555294576,65.11656958070876,6.635047099301672
2016-03-02,10.647016144224168,10.773766056185426,10.406858114938672,10.600318908691406,9.710204151709359,9.64360509856504,66.09637299190423,5.4413085937222085
2016-03-03,10.593648193191408,11.053951263427734,10.54027973972059,11.053951263427734,9.838180067111109,9.698912791304753,70.43940031158441,6.559467108340499
2016-03-04,11.120661445243828,11.320792815004657,11.013924545050823,11.240740776062012,9.971757277487386,9.759376633844253,72.02830668674186,6.984138682892307
2016-03-07,11.174027696086998,11.394172668457031,11.100645614495663,11.394172668457031,10.107225409960686,9.823486282260442,73.29793821843622,7.488961102054477
2016-03-08,11.340807793971823,11.420861114728371,11.040609431640236,11.207386016845703,10.212002610616402,9.877756860087315,69.18112251928336,1.3880534639736593
2016-03-09,11.22072913887016,11.400848167342518,11.0406101103978,11.21405792236328,10.30743644983039,9.930160823313823,69.24756378950816,-0.23737629245534558
2016-03-10,11.28743933760225,11.300781769795735,10.953886167191314,11.207386016845703,10.393145932403277,9.98024808580527,69.08716423392052,-1.6393173690303773
2016-03-11,11.300780132512186,11.407517029787044,11.194043235237327,11.280766487121582,10.47768122332883,10.031248807425518,69.91262835023095,0.6547509844452711
2016-03-14,11.374164211602611,11.42753267552433,11.16069035591575,11.32746696472168,10.558613198699577,10.082080892025369,70.45337366695654,1.0113113659974755
2016-03-15,11.267424364908154,11.267424364908154,11.033938190988597,11.240740776062012,10.623577729876951,10.127518534536609,68.0088862770109,0.29761408383875965
2016-03-16,11.240740631687732,11.347477530509824,11.053950422546972,11.300780296325684,10.688073212395878,10.173528799704808,68.8155558034719,0.17741533101451795
2016-03-17,11.320792199990551,11.641004155577924,11.287437397643854,11.514253616333008,10.76675706038989,10.226106243494149,71.56134053953564,1.6489710558685133
2016-03-18,11.500910899357212,11.634332650221944,11.33413434697836,11.440871238708496,10.830958410705948,10.273744086443731,69.30237576185309,1.7804027922490393
2016-03-21,11.427527466050927,11.460883536048792,11.22072492168004,11.394172668457031,10.8845978638251,10.317682462208959,67.83486780923145,0.8264241024286889
2016-03-22,11.387503271840504,11.6610167274544,11.300780020813438,11.654345512390137,10.957907163688438,10.370100621039594,71.46078163484115,1.216682389715718
2016-03-23,11.587632649065249,11.627658655794624,11.37415764423301,11.380828857421877,10.99818542023448,10.40973702246635,63.3727773250789,-0.5248060224948149
2016-03-24,11.30077945747755,11.30077945747755,10.38017281916978,11.160686492919922,11.013661712871189,10.439186021307668,57.71119041916348,-2.0491718208157317
2016-03-28,11.174029537376684,11.200714397772185,10.993910546919578,11.08063507080078,11.020040127912102,10.464340885993673,55.76039647477987,-4.922716946905563
2016-03-29,11.08063422667666,11.340805233692056,10.807120790479944,11.247410774230955,11.041694475180565,10.495049509061802,58.879021899740756,-1.1723055048307351
2016-03-30,11.294111518526911,11.57429625650376,11.26742665186032,11.367493629455566,11.072722966063898,10.529263003979205,61.01027519030435,1.8529965577551
2016-03-31,11.387504212450814,11.487569901871852,11.340806975547949,11.420860290527344,11.105878901727083,10.56422760345168,61.95401902286885,3.0704487382957986
2016-04-01,11.33413355706495,11.60764698211188,11.294107543556724,11.574292182922363,11.150489690412348,10.603837979117198,64.60653115468256,2.906281412254712
2016-04-04,11.560955479319071,11.641008818382309,11.387507638352616,11.494244575500488,11.183228250896933,10.63875588485772,62.17121502674916,1.1150298401442118
2016-04-05,11.374161531856014,11.380832747325062,11.167358941932518,11.23406982421875,11.18807030549901,10.662101529538544,54.92442148911178,-1.6355201058148041
2016-04-06,11.234068490592554,11.29410815028227,10.8404757314729,10.880501747131348,11.158778061844947,10.67066624395395,46.92035945565233,-5.994236406220067
2016-04-07,10.7537546058212,10.807123061356606,10.486911691941998,10.673701286315918,11.112580273699326,10.670785265223046,42.97552082703951,-7.138731769580793
2016-04-08,10.72707074957214,10.860492537146715,10.47357024386357,10.560294151306152,11.059981595376167,10.66645228036356,40.94261594202396,-5.997609801748353
2016-04-11,10.627004579350386,10.79378117030716,10.553622472159994,10.740412712097168,11.02954646363531,10.669352689451152,45.36324035622709,-1.2875236665543872
2016-04-12,10.767093763954426,10.96722638931369,10.74708139210138,10.933870315551758,11.020434449532114,10.679725929690392,49.71679852445453,2.4374771436538722
2016-04-13,11.007254623560888,11.254084529522904,10.97389981548154,11.207386016845703,11.038239360704837,10.700418482127855,55.157226047506796,6.127593192652831
2016-04-14,11.2207220506767,11.36748617630739,11.15401120015399,11.314116477966309,11.064513371872597,10.724485070199952,57.10744267688392,5.3415430230438465
2016-04-15,11.260754481905913,11.407518691338783,11.260754481905913,11.287439346313477,11.085744417057443,10.746561708478914,56.44665185567018,3.2337042653489396
2016-04-18,11.26742479979556,11.567623138427736,11.26742479979556,11.567623138427734,11.131637628616518,10.778760195927887,61.48706839371802,3.214283161484423
2016-04-19,11.554280983968775,11.72772877573142,11.534268609183588,11.641005516052246,11.18014885599135,10.81257373789355,62.704473385810836,2.8892140073203065
2016-04-20,11.647672995620107,11.734397509359296,11.574292182922363,11.574292182922363,11.217686315699066,10.842445049463308,60.82214338398715,2.5413455417820163
2016-04-21,11.580965833751254,11.701045171943358,11.454215279836893,11.560952186584473,11.250378303402437,10.870621799938649,60.43149294438349,-0.05766916646083295
2016-04-22,11.54761001886659,11.661018143926473,11.474229189054428,11.554281234741213,11.279321439720416,10.897431973852475,60.22318439671355,-0.7449896075682279
2016-04-25,11.494241383109136,11.56095226839955,11.32079359031578,11.414189338684082,11.29216600152648,10.917696968551754,55.867904778883194,-1.3832625071838933
2016-04-26,11.474229659954476,11.60765016570944,11.440873579212452,11.534269332885742,11.315223461655934,10.941876276957009,58.62965142690786,-0.23080152281655233
2016-04-27,11.547612438053925,11.854482070552985,11.47423159286871,11.821125984191896,11.363404654278407,10.976356657632888,64.36642415096894,2.309488093887999
2016-04-28,11.707713308546834,11.767752968377668,11.580964046596495,11.61431884765625,11.387301244123915,11.001374782731844,58.11015038840593,1.7533396637631078
2016-04-29,11.567622375699331,11.600977178946156,11.127332356339496,11.280766487121582,11.377155076790359,11.012331320158893,49.71667836441131,-2.1978231862627804
2016-05-02,11.300781393527298,11.694374223299569,11.300781393527298,11.554281234741213,11.394024234690441,11.03358425798565,55.4049196654901,-2.2573547545938397
2016-05-03,11.447546058795618,11.447546058795618,11.100650415218896,11.33413791656494,11.388320775821345,11.045370675969151,50.45739133474751,-2.4123750584637205
2016-05-04,11.220726318700876,11.407516516733065,11.073963409649666,11.180700302124023,11.368547397373982,11.050677720132088,47.287821806832575,-0.8870512931173318
2016-05-05,11.000582240305103,11.214056043133889,10.673700320673,11.100647926330566,11.343033162036514,11.05263733606144,45.675736142748065,-3.92610582341262
2016-05-06,11.020596613858446,11.440873031866364,11.020596613858446,11.38750457763672,11.34726853495082,11.065769384750668,51.99158278657054,0.470848876770637
2016-05-09,11.327460424314769,11.394171283799604,11.140671544641805,11.380828857421877,11.350464756138539,11.078124658188756,51.84053128186219,1.7899465139928172
2016-05-10,11.474230820046945,11.52759928222558,11.374163840108062,11.480900764465332,11.362887233122043,11.093919799611367,53.99810893305713,3.4255012919814503
2016-05-11,11.454214530787578,11.460885746073574,11.187372281368797,11.27409553527832,11.35443088094645,11.100985514735562,49.10233950858089,-0.9959077652633207
2016-05-12,11.287438101385137,11.43420102222668,11.080635514652906,11.407517433166504,11.359486743062646,11.113006374281873,52.118539115329376,0.2345046751777001
2016-05-13,11.354147339140026,11.520923881939131,11.04727783873957,11.093975067138672,11.334199916784172,11.112260048511551,45.32149230916918,-3.370168467305617
2016-05-16,11.120660244168736,11.174028688501236,10.88717282306252,10.94054126739502,11.296708616842349,11.105525978663845,42.40692366937848,-2.9585900424522737
2016-05-17,10.880502935958924,11.073964365520272,10.820463269709142,10.987239837646484,11.267235399776075,11.100887306467087,43.5958323771234,-3.68421611435012
2016-05-18,10.9533689640067,11.339480091855984,10.9533689640067,11.26496696472168,11.267019358342322,11.107321802869228,50.1824171195981,1.5413041452517846
2016-05-19,11.190456369329528,11.190456369329528,10.668867005636825,10.824666023254396,11.22489046928633,11.096237262492176,41.84056277595953,-1.0591363014730761
2016-05-20,10.73660781295814,11.048205897843786,10.695964219359835,10.838215827941896,11.188064312967812,11.086118774862754,42.15921234046352,-1.356337095636839
2016-05-23,10.8517629512783,10.980465822639024,10.82466679392916,10.960144996643066,11.166357711413074,11.081178626697277,45.07542441990569,-2.705928646157769
2016-05-24,11.048204512412566,11.183682710079443,10.980465413579124,11.041430473327637,11.15445987921446,11.079619875584742,46.99408976042765,2.002504738784273
2016-05-25,11.04820376053882,11.380123901016768,10.98723870493922,11.27174186706543,11.165629592343125,11.087154071329083,52.0998088538986,3.999976066225441
2016-05-26,11.237873249544007,11.339481247435447,11.08207423330941,11.102395057678224,11.159607255708373,11.087751757068265,48.407551098263326,1.2978848462198918
2016-05-27,11.156587031990806,11.27174311733931,11.095621969628898,11.224326133728027,11.165770958376912,11.093107614976491,51.09494721148448,1.656448961411338
2016-05-31,11.29883803202449,11.312386109284892,11.122716903686523,11.122716903686523,11.161670572215924,11.094268763553355,48.81310598635307,-1.3221112152535883
2016-06-01,11.102396033278788,11.298839299544648,10.91950213780908,11.19723129272461,11.165057307502465,11.098306509795366,50.55693740873554,0.8541961851807628
2016-06-02,11.143039009258064,11.3259328840411,11.115942854762348,11.27174186706543,11.175217741746557,11.105107896354976,52.30664721073638,0.42243723830264157
2016-06-03,11.041431635431035,11.129492860787646,10.987240609063884,11.000788688659668,11.158605450976378,11.101016947033592,45.93997568373686,-1.096208921638952
2016-06-06,11.000787059786784,11.251421327133745,10.93982200264876,11.102395057678224,11.153252080186077,11.101070990588283,48.47279112073509,-0.8469614725919317
2016-06-07,11.09562229504536,11.149813319621291,11.027884483337402,11.027884483337402,11.141312309057632,11.098200931480406,46.74326158478057,-2.1634401018404
2016-06-08,11.027884186622968,11.115944114683552,10.953371045329924,11.07530117034912,11.135025533942535,11.097302901632121,48.014451860641074,0.677337632766855
2016-06-09,10.9601457418883,11.05497971502682,10.838215609558212,11.000788688659668,11.122241072487023,11.093518030535162,46.15025155903783,-0.915175225622036
2016-06-10,10.831441217623556,10.926275187678964,10.736607247568145,10.905954360961914,11.10164233805606,11.086162592512682,43.81841305842595,-1.1056528798403609
2016-06-13,10.797569764520606,11.034656585937087,10.6756403036317,10.70950984954834,11.06429638676961,11.071391896710159,39.379711561434675,-3.3027663552850264
2016-06-14,10.648546991762029,10.73660757089968,10.262435122311109,10.49274730682373,11.00986314106048,11.04869995200873,35.14875764649497,-4.618226894583111
2016-06-15,11.021109576024475,11.021109576024475,10.45210321676953,10.458876609802246,10.9573882333216,11.025569624863378,34.52456512436049,-4.0993913633087615
2016-06-16,10.32339859289977,10.546936703084016,10.2692075750374,10.519841194152832,10.915717086734098,11.005737137384534,36.703413642649,-1.7710302157619926
2016-06-17,10.431781303798436,10.614676485427337,10.404685793113554,10.41823387145996,10.868337732898466,10.982697793622787,34.634736984571006,-0.7101422838546118
2016-06-20,10.519840821349543,10.750152962106732,10.41145878946566,10.425006866455078,10.826115745618143,10.960827561184837,34.89813954109284,-0.32383729735777395
2016-06-21,10.397907815570589,10.479194311786486,10.303073246981551,10.404681205749512,10.785979122773512,10.939017900187373,34.44949291436027,-1.0946932209141034
2016-06-22,10.4385567840603,10.540165447662078,10.296305171824228,10.357270240783691,10.745149705441149,10.916204266485268,33.37178667538118,-0.5851628157750755
2016-06-23,10.479199380719672,10.709511554407044,10.425008357029462,10.62822437286377,10.734013959481398,10.90491093732364,44.12912242105658,1.9493273147146957
2016-06-24,10.140504168841897,10.296303185226426,10.038895524844778,10.16759967803955,10.680069742201223,10.875996770292891,34.06115057193418,-2.278604437961562
2016-06-27,9.99148037195934,9.99148037195934,9.659560162102274,9.808585166931152,10.59707121122312,10.834137491729686,28.586809437990865,-5.297583833353974
2016-06-28,9.964381537925185,10.201467692265062,9.964381537925185,10.18791961669922,10.558104392697034,10.808795614277512,39.627724184071894,-4.142787550559672
2016-06-29,10.235338495566689,10.336947143212436,10.079539473587632,10.262434005737305,10.52994530822468,10.787369668844564,41.539733284048985,0.9327110694826178
2016-06-30,10.303077593997187,10.303077593997187,10.160826004099478,10.262434005737305,10.50446804132112,10.766783956565847,41.53973328404899,4.627057124775415
2016-07-01,10.160825639238164,10.3098512628292,10.120182052437736,10.16759967803955,10.472385340056208,10.743286533878543,39.684624122627945,-0.19945130531225366
2016-07-05,10.086314406897417,10.086314406897417,9.80181120187759,9.876323699951172,10.415617564808109,10.709287991371587,34.57702121249489,-3.7623657854488948
2016-07-06,9.781488319865852,10.045670031348555,9.65278480668685,9.984704971313477,10.374578270189572,10.680872970977152,37.78565142121281,-2.706268651945155
2016-07-07,10.018576114207676,10.208244717585972,9.96438508467102,10.154053688049316,10.353575929033356,10.660213391254493,42.52865111330744,-0.13322701934746337
2016-07-08,10.275982925418043,10.472425551745417,10.215017861039213,10.465651512145996,10.364249794091704,10.652583513642394,50.07109019647599,5.96707671901983
2016-07-11,10.46565200230681,10.61467765043383,10.377591421413934,10.452104568481444,10.372616915462155,10.644721594224318,49.765303442198785,4.681155812924146
2016-07-12,10.431779790901643,10.641770452760968,10.431779790901643,10.560483932495115,10.390509012322436,10.641418156509449,52.27635255665266,4.002640294527317
2016-07-13,10.540164264019287,10.770475787768742,10.4791992019061,10.641772270202637,10.414438846406265,10.641432043320947,54.12843907516052,1.682845619809166
2016-07-14,10.824665162764306,10.824665162764306,10.628222573640544,10.668866157531738,10.438670018894404,10.642507890937056,54.75865720067485,2.073855917055635
2016-07-15,10.662093256609015,10.777249336242676,10.594354804241398,10.777249336242676,10.470915668165668,10.647791869184335,57.28670726426678,2.052608622229544
2016-07-18,10.750152231763847,10.939820774674962,10.702735257538023,10.851760864257812,10.507186639222063,10.655790653304864,58.98359850557725,1.973248334238008
2016-07-19,10.838213056451677,10.858535171058168,10.716282952844086,10.831439018249512,10.538067818177058,10.662678824479164,58.303286148739595,1.523806356901425
2016-07-20,10.838213641826924,11.102394685901416,10.723057570201885,11.007560729980469,10.582781428825003,10.676203605087059,62.355674342446804,2.1370146180369205
2016-07-21,10.93982452276154,11.156588646068236,10.912729653356246,11.14981460571289,10.636784588528611,10.694776585503758,65.28994647364668,2.7465933426230453
2016-07-22,11.061752302771373,11.278516379785808,11.061752302771373,11.210777282714844,10.69145055940349,10.715011906963017,66.49523774893046,3.5021963732261088
2016-07-25,11.231095768125943,11.353025845027249,11.156582656238394,11.170130729675291,10.737039147048424,10.732859703932126,64.87761959534473,1.476893961184722
2016-07-26,11.143041295804103,11.319161168102914,11.06852814766659,11.31238842010498,10.791834315910954,10.75558632025263,67.82751608109669,1.4580853596327155
2016-07-27,11.319161769745758,11.508831024169922,11.27174477914374,11.508831024169922,10.860119716697522,10.785125328249388,71.3997308863906,2.6586358281742646
2016-07-28,11.481735971927728,11.590118032154606,11.346257750636092,11.522378921508787,10.923192021917643,10.814037233867403,71.63365620713873,3.1534831628934366
2016-07-29,11.515602390202613,11.651080582187785,11.46818541061254,11.617210388183594,10.989289009181068,10.845534220311174,73.28102974046368,2.69458541166132
2016-08-01,11.529150467804287,11.71204563937953,11.46818541061254,11.617210388183594,11.049091045276546,10.875796030815975,73.2810297404637,0.9417061019148013
2016-08-02,11.563015613025886,11.85429272674845,11.40721664727231,11.488502502441406,11.090939755482722,10.8998237355856,67.14322620678938,-0.294005424558153
2016-08-03,11.712046038675188,12.071061063248846,11.671401804484487,11.928810119628906,11.170736933020454,10.940176142802985,74.89113128200505,2.6822250870334163
2016-08-04,12.118471818256182,12.450391808185492,11.996541762360687,12.267498016357422,11.275190369528737,10.99222798098159,78.99434203974174,5.597622892628905
2016-08-05,12.281050047181814,12.572327240376342,12.206538208282923,12.477493286132812,11.389695409205315,11.050473679222815,81.06091263069557,8.608526511451227
2016-08-08,12.646841521151808,12.66716363834415,12.443625517291762,12.463946342468262,11.492005021897024,11.105903979742244,80.51063267876862,4.48608216136148
2016-08-09,12.477495074932394,12.782320388723736,12.477495074932394,12.633294105529783,11.600699220338239,11.165801631733913,82.14260617453898,2.981831247778567
2016-08-10,12.701031968400288,12.721354084675408,12.457171741161948,12.53168487548828,11.689364520828718,11.219365680508595,77.92624791238711,0.43431471460452886
2016-08-11,12.721354002951136,12.768770981939356,12.592649851400411,12.660388946533203,11.781843037562478,11.275876396823286,79.37068192747023,1.5760867278095123
2016-08-12,12.538458833697335,12.687483809376854,12.477493777279404,12.660388946533203,11.86551407651207,11.330171006615831,79.37068192747023,0.2144717029231507
2016-08-15,12.450399730263577,12.822964170560924,12.396208703386,12.78909397125244,11.953474066487344,11.387383671895698,80.82584095104987,2.0540661397227367
2016-08-16,12.789091774130055,12.829736006317695,12.552006879781024,12.565553665161133,12.011767361599134,11.433586416729637,71.4048168173162,-0.7490708363903708
2016-08-17,12.531686032605416,12.640068078715323,12.41652994711165,12.6129732131958,12.069025061751198,11.479836879336155,72.14649248171177,-0.37452035271306733
2016-08-18,12.585329457792565,12.910157601971726,12.585329457792565,12.882512092590332,12.146500017069211,11.534843750444162,75.96287850323259,0.73045144204804
2016-08-19,12.84104326069336,12.868688766014303,12.55768342220492,12.619884490966797,12.191584252678505,11.57739436771956,66.41432089333362,0.43237908375100126
2016-08-22,12.612973085016682,12.7442865985623,12.516216453041093,12.647528648376465,12.235007528459263,11.6193604179414,66.8861596201778,0.27396740321712465
2016-08-23,12.730463548853722,12.737374925006444,12.592238662219742,12.668262481689451,12.276269904957376,11.66049383220603,67.25770299509938,-1.663104287122006
2016-08-24,12.654436175927549,12.820305202384985,12.654436175927549,12.744282722473145,12.320842554244592,11.702995357314544,68.64674974017478,0.9857319343563788
2016-08-25,12.6889950177414,12.771928884745826,12.633705333668432,12.76501750946045,12.363144930931817,11.744643284849678,69.03264272431154,0.9289471828875134
2016-08-26,12.841042377411588,12.88942069018525,12.619883622897614,12.75810718536377,12.40076038373486,11.78438696722278,68.72903829552571,0.7092109419439216
2016-08-29,12.758109739780748,12.896334648132324,12.716642794559444,12.896334648132324,12.447957932725096,11.827992758630998,71.43526631203493,1.1930991250771046
2016-08-30,12.8756002852635,13.08293764406858,12.8756002852635,12.937801361083984,12.494609687806895,11.871514664609547,72.21217096704711,1.353573165845492
2016-08-31,13.0000007771541,13.048379092568892,12.654439874808196,12.868688583374023,12.530236249289478,11.910619524168938,68.85099546895468,0.8667539502812299
2016-09-01,12.827217796505632,12.965442657470703,12.744283934494566,12.965442657470703,12.571684478640071,11.951985137239596,70.89351468153748,0.5358732634034685
2016-09-02,12.951620228364742,13.138223399824176,12.951620228364742,13.062199592590332,12.618400203778192,11.995522959018057,72.81339633996994,0.9615098271683856
2016-09-06,13.062204526245058,13.117494229241029,12.71664355296762,12.792667388916016,12.634997078553223,12.026783524896409,60.78530920349401,-0.5907454669174683
2016-09-07,12.806489711117678,12.87560084886751,12.654442044362952,12.847956657409668,12.655278943206218,12.058986392838106,62.16595697247387,-0.9061472343432839
2016-09-08,12.78575495884885,13.0414706380384,12.758109450521165,12.799577713012695,12.669021683187788,12.088029189707697,60.169719006014475,-2.0105486653764784
2016-09-09,12.758105520764614,12.847952076944638,12.502391238550668,12.688994407653809,12.670923847422648,12.111596453156565,55.761981265944215,-0.8104094174451271
2016-09-12,12.543862318225184,13.020736802006658,12.460928427782576,12.896334648132324,12.69239154272833,12.14237050001836,61.462335774840966,0.3765422939433386
2016-09-13,12.792661883768082,12.827217438941112,12.523124862430628,12.751194953918455,12.69799186760358,12.166245968798757,56.02055669374638,-0.37800277617793365
2016-09-14,12.737376519720806,12.77884346361856,12.357258692991868,12.481660842895508,12.677388912869478,12.178615179547648,47.593239713569744,-1.6339637176704902
2016-09-15,12.44710106229371,12.61297009994339,12.39872275775546,12.536946296691896,12.66401342561447,12.192667380219973,49.27868342895901,-2.7867480276070173
2016-09-16,12.488569973147651,12.488569973147651,12.32961228496169,12.412546157836914,12.640064162016609,12.201290077381422,45.71590410117865,-2.6558200804346894
2016-09-19,12.460928494261196,12.543862385146252,12.329614962447687,12.398727416992188,12.617079710109522,12.209032718150473,45.32390109186361,-0.6644422320650185
2016-09-20,12.440194362434717,12.495484062428233,12.371081907890217,12.398727416992188,12.596284253622157,12.216471725948187,45.32390109186361,-1.10249239670254
2016-09-21,12.38489956556723,12.50930166890888,12.28123158551915,12.47474479675293,12.584709067253659,12.226600081666021,48.15987306563813,0.5010949254496447
2016-09-22,12.48165945732922,12.5991502171724,12.384902826238443,12.419458389282228,12.568970907446856,12.23416315255293,46.27975291717818,0.16720241999698687
2016-09-23,12.343433066359095,12.419455551325646,12.288143387197094,12.39181137084961,12.55209857062807,12.24034543562339,45.32680322147976,-0.05578029026672393
2016-09-26,12.30196637989401,12.3157891309916,12.032429324541498,12.177565574645996,12.516428761486921,12.237883480290943,38.679983304387335,-2.382246907241636
2016-09-27,12.149921944704118,12.239767204263044,12.025519802076143,12.205211639404297,12.48678903557429,12.236602231628723,39.90461539640778,-1.7250893168000192
2016-09-28,12.19829648899801,12.343432716566554,12.108451257234544,12.322698593139648,12.471161374390038,12.239978559531112,44.93732300283618,-0.5577294201922831
2016-09-29,12.322702537886467,12.502394377146292,12.232857277361711,12.28814697265625,12.453731431367771,12.241867516908568,43.77624200461753,0.9080747488684209
2016-09-30,12.377990597173929,12.536948285359893,12.322700909187065,12.412546157836914,12.449809024364832,12.248560796944975,48.89594192794989,1.6987375930724673
2016-10-03,12.412546438420616,12.688996202814176,12.412546438420616,12.57841682434082,12.462057386267308,12.261496327431088,54.80540318924172,2.075180442565856
2016-10-04,12.57841540388906,12.606059586280516,12.412545036700216,12.543858528137209,12.469847971207297,12.27256935490976,53.41941650343738,2.0809610761490043
2016-10-05,12.668265227622458,12.868691224864412,12.612975524626489,12.792667388916016,12.500592677655746,12.292965356243338,61.05563742736863,3.062395307501872
2016-10-06,12.834130018823837,13.048377381077664,12.737373400685344,12.972354888916016,12.545522412061485,12.319608083014815,65.45954613003657,3.1318572923491894
2016-10-07,13.013825625731068,13.062203948938064,12.730465745623995,12.882512092590332,12.577616667349947,12.341682750056993,61.70249985214437,2.6997559299117353
2016-10-10,12.93779903347012,13.193514667861306,12.889420720582368,12.993088722229004,12.617185434481286,12.367228082299032,64.40998739920845,1.5666891604376416
2016-10-11,13.200428859424148,13.200428859424148,12.744288500314692,12.882512092590332,12.642454640015481,12.387435298388887,59.85310900632514,-0.6925712185260062
2016-10-12,12.972353391084662,13.006908945512778,12.654436753864388,12.91706371307373,12.668607885068647,12.408205040141233,60.78665951648087,0.26820561265587
2016-10-13,12.792661886949691,12.827217442131316,12.433278312937086,12.536946296691896,12.656068686175624,12.413253716868711,47.65716190078566,-3.5106542815852873
2016-10-14,12.592239171551208,12.723552687343842,12.246678259199207,12.37108039855957,12.628926944497906,12.411599861248746,43.265714086092274,-3.9699686703567947
2016-10-17,12.371081697059994,12.440194150426668,12.08081044748829,12.087721824645996,12.577383599750105,12.398898761774129,36.99414165002956,-6.420514033606056
2016-10-18,12.19138806077676,12.2605005040254,12.122276935738332,12.170655250549316,12.538647566492887,12.389948035843744,39.747032177389485,-2.921692711080947
2016-10-19,12.15683599439404,12.21212570125146,12.066989396869111,12.10154628753662,12.497018873258957,12.378638163361112,38.247351387472584,-2.178743507756479
2016-10-20,12.143010175622935,12.253589561449315,12.01169666062526,12.23285675048828,12.471860575852226,12.372921245209236,42.67324642145253,1.2006805579059876
2016-10-21,12.232853769325336,12.44018973766918,12.177564089886314,12.267409324645996,12.452389028118299,12.368783522834207,43.81437992688404,0.7949783483704606
2016-10-24,12.322702081743932,12.695908499825022,12.301967952447116,12.37108039855957,12.444645349112706,12.368873596392064,47.209805710166656,2.2272700084661423
2016-10-25,12.33652516577366,12.571506697937757,12.322702412538057,12.557683944702148,12.455410929645033,12.376277923776772,52.745353007557924,2.6553666150051445
2016-10-26,12.467831312847778,12.73045687798197,12.460919940316678,12.516209602355955,12.461201279427026,12.3817654405838,51.453925253266185,2.0281403442706014
2016-10-27,12.578415747361747,12.723550674852584,12.384901192497235,12.612971305847168,12.475655567657515,12.390832337260795,54.26726247264693,1.9552933090287108
2016-10-28,12.488570450581722,12.944710723463974,12.44019213652,12.564594268798828,12.484125920147164,12.397646530654443,52.62522860489156,0.05502865119961092
2016-10-31,12.716639004887734,12.723550380066705,12.447101963958062,12.633705139160156,12.498371560053164,12.406903730988,54.7325093418014,0.938746957242427
2016-11-01,12.74428735909263,12.778842924514557,12.329613982977882,12.42637062072754,12.491514327736438,12.407667138428767,47.855258436466144,-1.4794347865765942
2016-11-02,12.426366925997137,12.509302103845108,12.36416587216364,12.39181137084961,12.48201880803293,12.407045343621741,46.7996817555492,-1.3751570027078697
2016-11-03,12.384906216611707,12.474751496046862,12.288149559033762,12.357260704040527,12.470137083843177,12.405093004814635,45.71404000893043,-2.188150127572203
2016-11-04,12.281233446400757,12.48165806243454,12.198298258869825,12.21212100982666,12.445564124413032,12.397525475599421,41.37226434675392,-1.7241527509529309
2016-11-07,12.398727416992188,12.523129571530204,12.3157922078967,12.398727416992188,12.441103485611047,12.397572610556,48.18606443265369,0.0558114220399398
2016-11-08,12.336525880148182,12.571507425919414,12.281236182214386,12.481660842895508,12.444966091066709,12.400870188294805,50.916366567262294,1.0066967253859476
2016-11-09,12.384904201063955,12.626797123853212,12.343437257166205,12.481660842895508,12.448460829336119,12.404038449259538,50.916366567262294,2.2071500343958146
2016-11-10,12.59914785264487,13.41467164224404,12.5162139896202,13.19351291656494,12.519418170976959,12.434998232291123,67.80468277108703,6.410218346146685
2016-11-11,13.193515032294034,13.456140731600463,13.193515032294034,13.2971830368042,12.593491015341458,12.468809401095559,69.45309343483136,6.533763448418663
2016-11-14,13.393940823431665,13.525254343544711,13.165870666503906,13.165870666503906,12.648003363071215,12.496145136993926,64.91908992868599,5.4817210002773535
2016-11-15,13.165867254977137,13.393937352807592,13.165867254977137,13.32482624053955,12.712462684734867,12.528642435172186,67.67043418571411,0.9952870384485882
2016-11-16,13.338648282303726,13.400849340758606,12.958531874599489,13.255714416503906,12.764200944903347,12.557155061891077,65.27341401841072,-0.3118601901283552
2016-11-17,13.34723336548312,13.452829645428295,13.269797794292456,13.368352890014648,12.821739225390138,12.588966741425335,67.30604821221874,1.5379326490415066
2016-11-18,13.396508036841402,13.685134734307288,13.368348679668118,13.642895698547363,12.899944603786064,12.630297288763455,71.66018569077656,2.3870439453845607
2016-11-21,13.727372754483689,13.741452433405854,13.466904065271963,13.713293075561523,12.977406363002775,12.672767711775144,72.66544435938675,3.4519351027049363
2016-11-22,13.748491871809788,13.790729564632086,13.664015143453147,13.73441219329834,13.049502156364257,12.714400828697622,72.97514928116176,2.738252844575307
2016-11-23,13.76257462274242,13.966725998515509,13.642900002426726,13.896328926086426,13.130152324909226,12.76075095016385,75.28701175427739,1.8576205018268004
2016-11-25,13.903368008136749,14.086399849369354,13.903368008136749,14.079360008239746,13.220553056654989,12.812461109304081,77.617879927947,2.6694312639652615
2016-11-28,14.079356303713508,14.079356303713508,13.586578295998716,13.678094863891602,13.264128466868,12.846407531052613,63.48169451717685,-0.41004542905897445
2016-11-29,13.699219268730868,13.7977757207196,13.495069207700055,13.579545974731444,13.294168229521661,12.875158058255705,60.56431937881083,-2.2796160988986944
2016-11-30,13.692178293458715,13.7977732261222,13.537304472354016,13.55842399597168,13.319335445374044,12.901952800911234,59.92862896765519,-3.6999978121391597
2016-12-01,13.656975346059694,13.917444028471696,13.565460120878855,13.678094863891602,13.353503009042383,12.932389744557524,62.340436379409844,0.0
2016-12-02,13.706254099668405,13.727373619382297,13.431707056948651,13.593619346618652,13.376371231668694,12.958320317187372,59.61286862911378,0.10363654214504864
2016-12-05,13.62178008193738,13.832969929556254,13.502105476896734,13.551383018493652,13.393039020890118,12.981577678022912,58.24080868962456,-0.05193064828271543
2016-12-06,13.551383567202825,13.621780633497,13.488026341809304,13.572503089904783,13.410130836986752,13.004751223586908,58.752053957695324,-0.7719772017780545
2016-12-07,13.57250353131958,14.19199478088867,13.509146303865508,14.079360008239746,13.473866948534656,13.046892744553686,68.66636745588556,3.5732989812012015
2016-12-08,14.156799570030014,14.56510103305,14.072322803361589,14.424306869506836,13.564385036246293,13.100908984747928,73.35942074625713,6.441584964589218
2016-12-09,14.41022313038531,14.90300122143374,14.297588368324917,14.684771537780762,13.671088512582909,13.163021241729608,76.25180893809748,8.195013406946893
2016-12-12,14.656611845393645,14.670691526011758,14.107517728409716,14.206072807312012,13.722039397795204,13.203925224693624,62.76450451883738,0.8999897651463472
2016-12-13,14.325746527047256,14.325746527047256,13.818888797631692,14.11455535888672,13.75942187028011,13.239636210348255,60.55913688476277,-2.147427349004436
2016-12-14,14.044162005595949,14.149756936064833,13.628820782067605,13.840010643005373,13.767096991492041,13.263180305746573,54.38546419009341,-5.752632191804964
2016-12-15,13.797771171924564,13.93856394694399,13.69217625498194,13.903366088867188,13.780075000765864,13.288285630574833,55.51255000204821,-2.1308261794140457
2016-12-16,13.966726591195496,14.05824184933803,13.8400121239885,13.88224983215332,13.78980593708848,13.311578344362225,55.024541018666106,-1.6458579163610523
2016-12-19,13.854084664015083,13.938560036786582,13.699210909414267,13.727370262145996,13.783859682332052,13.32788390976551,51.45181876616946,-0.8138749583715407
2016-12-20,13.776648485223042,13.868165043529418,13.699211603996403,13.832965850830078,13.788536460284245,13.34769104470922,53.66097311706143,-0.5063539116148341
2016-12-21,13.783686084068936,13.811845433652833,13.621773852096617,13.741448402404783,13.784051883343343,13.36313250971689,51.474770905486736,-1.0142551203942478
2016-12-22,13.72033631556985,13.783693543710424,13.375392152755849,13.55842399597168,13.76256351311747,13.37079099937394,47.322468602890076,-1.2307256448104655
2016-12-23,13.502102297329984,13.600657357315406,13.304990834647157,13.480982780456545,13.735746300483097,13.375112245690906,45.644697491430826,-2.544523525679143
2016-12-27,13.48098354968666,13.523221243131657,13.36834880535863,13.473943710327148,13.710812720468244,13.37898798940213,45.48683503562996,-1.9466993889146433
2016-12-28,13.47394045406646,13.56545700091113,13.382425249933531,13.495059967041016,13.69026483918946,13.38353983166248,46.089187543495484,-0.46734066547476344
2016-12-29,13.473944753664268,13.65697656304816,13.445786736757912,13.593619346618652,13.68106050656367,13.391778244013702,48.92590274401422,0.8355219199997603
2016-12-30,13.62882137298584,13.755535832127538,13.5725039847798,13.62882137298584,13.67608535098483,13.401074052993001,49.939097469713886,1.1494605142218675
2017-01-03,13.65697258314152,13.96671873511839,13.65697258314152,13.854084014892578,13.693037604690328,13.418839149538083,55.959806418995406,2.6604109113142655
2017-01-04,14.191993144707672,14.635493685755428,13.945604104426948,14.403182983398438,13.760670497900625,13.457440868513,66.52755611687614,5.955467901057272
2017-01-05,14.325750993986288,14.494703175568716,14.220156048336344,14.43134593963623,13.824544349494492,13.495633224243324,66.96539538381865,5.888437045929022
2017-01-06,14.508778288912152,15.128269426218507,14.424301553377934,15.078991889953612,13.944015543823932,13.557725720937846,75.04835720771024,8.841493048145999
2017-01-09,15.11418750229532,15.23386207661694,14.973394754259974,15.00859260559082,14.045403835420778,13.614622461512473,72.95861240641021,4.203304386885851
2017-01-10,15.10010983745776,15.10010983745776,14.762204273212056,14.881878852844238,14.125068122794442,13.664318790584307,69.22234000659812,3.121905019064108
2017-01-11,14.931161132730564,15.121232821311244,14.846685721836336,15.093074798583984,14.217259234774398,13.720348437956844,71.81325628722668,0.0933942317440705
2017-01-12,15.156431844815742,15.205709391026842,14.952280475984123,15.086034774780272,14.299999762394005,13.773904764891096,71.59689219460341,0.5159855505745657
2017-01-13,15.100111409515208,15.233864338602162,15.064912210245884,15.078991889953612,14.374189488828254,13.82508465214845,71.36524424172434,1.3245171463796777
2017-01-17,15.06491282199678,15.071952662136518,14.741088231842191,14.811485290527344,14.415836708037691,13.863767030124093,63.02437283630798,-1.8656868253449526
2017-01-18,14.825562583367477,15.00155454632245,14.57213506975656,14.924118995666504,14.46424454495472,13.905349460145365,64.88531143338182,-1.0732825525793346
2017-01-19,14.389102933548935,15.135308463217973,14.346863896666322,14.64253044128418,14.481224154128954,13.93425851822924,57.14236874335019,-2.8945001884391526
2017-01-20,14.663649959725488,14.748126690778628,14.52285585554095,14.64253044128418,14.496586657667548,13.962033887760807,57.142368743350175,-1.1407015969642071
2017-01-23,14.642529723875487,14.691808597824128,14.459499277200065,14.572134017944336,14.503781644360576,13.985959383062122,55.231412408650925,-2.358497528895162
2017-01-24,14.529893408021133,14.783322218578856,14.50173539724354,14.663647651672363,14.51900697839027,14.012535393595858,57.233645545090866,0.14421831303586877
2017-01-25,14.783328353826922,15.11419283836943,14.663653737254112,15.050835609436035,14.569657324204151,14.053253049119002,64.47328624720531,2.7884877534599566
2017-01-26,15.100109747748643,15.402814771879198,15.022672860590216,15.262022018432615,14.635596818892576,14.100655753797968,67.68641906389165,4.734296292078714
2017-01-27,14.95931361115664,15.00155129715824,14.846678886677818,14.910036087036133,14.661733892049106,14.132396159022994,58.23303898613439,1.680267019616155
2017-01-30,14.881881780538206,14.881881780538206,14.698849955521837,14.80444622039795,14.675325542368045,14.158751063390639,55.71900827826385,-1.637047905058597
2017-01-31,14.69180889022046,15.10011016922246,14.60733216162499,14.952276229858398,14.701701798319506,14.189869697369767,58.42518699592799,-2.0295199954509524
2017-02-01,14.987479682358074,15.276106461062312,14.797407996076036,15.086034774780272,14.738304938934817,14.22501342589567,60.76182557707039,1.180404170162706
2017-02-02,15.121228287977596,15.283140562577383,14.938196495629647,15.27610206604004,14.789523712944838,14.266232588254272,63.86930385292426,3.1859067108652264
2017-02-03,15.712564983007557,15.804081571652254,15.353541154727091,15.578810691833496,14.864693901410424,14.317706239375026,68.19009937894175,4.190227978292447
2017-02-06,15.719606932098204,15.804083691198787,15.58585262298584,15.58585262298584,14.933375684417607,14.367437470104862,68.28511656536982,3.3131161081580367
2017-02-07,15.73368012027593,16.14198137815606,15.635123718227636,16.057504653930664,15.040435586275994,14.43371461456862,73.90696431275967,5.1151961705449835
2017-02-08,16.127904891967773,16.46580917031503,15.9096752133742,16.127904891967773,15.144004091579973,14.50015344897643,74.6298604730946,3.524622071581599
2017-02-09,16.49397192630163,16.895233507265175,16.33205959410801,16.578447341918945,15.280617734469399,14.581655170268293,78.69738751615425,6.368562201526517
2017-02-10,16.754436797914686,16.78259616062668,16.43061218300064,16.627723693847656,15.408913540124471,14.661893151585131,79.09221121496252,3.551106178738738
2017-02-13,16.775552814252492,16.845949863608833,16.423568910182812,16.43060874938965,15.506217845768774,14.731254547577466,73.24418658605899,1.8768951047859381
2017-02-14,16.402449392562296,16.52212397365447,16.24757695814797,16.43060874938965,15.594255074685048,14.797895888825003,73.244186586059,-0.8917517393530814
2017-02-15,16.501006518894673,16.557323892295184,16.191260293835818,16.247577667236328,15.656476273975645,14.854746154645056,67.84223964245635,-2.286218087398121
2017-02-16,16.240395141186074,16.355269617229208,15.91730982143241,15.946027755737305,15.684052605571994,14.897541511550635,59.99189416200517,-2.949257699720618
2017-02-17,15.902953661059737,15.974750566702614,15.709102426647592,15.867055892944336,15.701481490083646,14.935561683369997,58.09592138500295,-3.4298963905780235
2017-02-21,15.931674389384623,16.21886066811055,15.931674389384623,15.938854217529297,15.72408841650704,14.974906488631147,59.35365209206533,-1.9001198580486265
2017-02-22,15.6516623259213,16.017825245552547,15.622944390540797,15.97474765777588,15.747960725199311,15.014115946244667,60.00001533646005,0.18010693621326923
2017-02-23,15.95321102743266,16.060907070219884,15.622947179827246,15.65884494781494,15.739473508305561,15.039399436502325,52.141168404960986,-1.3122216656587329
2017-02-24,15.615765239047716,15.852694036174032,15.357296962396502,15.78089714050293,15.743418616133882,15.068477777835684,54.614603509680805,-0.9910190210074732
2017-02-27,15.823974771945974,16.075261831594414,15.773715990604517,16.060903549194336,15.773655276425353,15.107396435536023,59.753539303321965,0.5393255234083021
2017-02-28,16.247576614254548,16.376810766149834,15.902953122141804,16.326553344726562,15.826312235311184,15.15520651040624,63.92673462966864,4.264097378426344
2017-03-01,16.534765736055956,16.65682007182773,16.096805818978623,16.462968826293945,15.886946196357162,15.206491307107719,65.88309774954428,4.322135045417819
2017-03-02,16.477329319192105,16.49886743462636,16.010650066737373,16.01782989501953,15.899411310515482,15.238308506633672,55.33690963002083,-0.26818948288227157
2017-03-03,16.010648905303754,16.333734307502723,15.838337147268344,16.31219482421875,15.93872402610627,15.280421695558577,59.907382022328484,-0.08794581565771975
2017-03-06,16.36244997452433,16.513222215697812,16.125519819402886,16.441425323486328,15.986600340142466,15.32595124959496,61.75759269438469,-0.1308603753972299
2017-03-07,16.369634193714305,16.47015042595884,16.247579844812748,16.333736419677734,16.019660919145824,15.36547223665703,59.30167209256088,1.9722180016184891
2017-03-08,16.369633553441023,16.513227382795446,16.08244726414442,16.27629852294922,16.04410259569853,15.401190914550842,57.977347150311616,-0.22005807100976954
2017-03-09,16.376808917319973,16.47014529177932,16.039365290564497,16.111162185668945,16.05048922331476,15.429032925182925,54.227803321971535,-2.008725711545257
2017-03-10,16.204501547490064,16.412712462331772,16.204501547490064,16.38399314880371,16.082251501932756,15.466482345717074,58.95121787347058,0.3076866666308561
2017-03-13,16.506046593075812,16.979904285170836,16.47014882253401,16.764514923095703,16.147228970614943,15.517385584045648,64.45985366780553,2.999554225784874
2017-03-14,16.69271780907473,16.800412488799232,16.563483645640463,16.74297523498535,16.20396671007879,15.565447923298185,63.93680835209758,3.921585805140804
2017-03-15,16.821948170769446,17.04451730782136,16.728611798533205,17.022977828979492,16.281967769021715,15.6226059588151,67.61550866501541,3.9000546104503053
2017-03-16,17.073237987676855,17.13785505999356,16.642457962036133,16.642457962036133,16.31630016835642,15.662600155019847,58.83242597838286,-0.7280673590586152
2017-03-17,16.73579337517893,16.73579337517893,16.470146622071635,16.506044387817383,16.33437104640032,15.69567639944328,56.02291157444859,-1.4151060002339904
2017-03-20,16.5563040195992,16.900928916096444,16.520406249057398,16.764514923095703,16.37533712989512,15.737591635664945,59.9276951339478,-1.5183178200689909
2017-03-21,16.829134289213414,16.936828984864505,16.699900106667165,16.735797882080078,16.409666725341307,15.776736978661617,59.297722281546896,0.5608541734452162
2017-03-22,16.735798701327386,17.03734468555907,16.656823317670522,16.98708724975586,16.464659156237932,15.824201695175118,62.96639798450841,2.9143436830541902
2017-03-23,17.00862354150477,17.066060795831095,16.78605298275463,16.872209548950195,16.503473479353385,15.865300042381984,60.29099406212511,0.642396313573775
2017-03-24,16.857848473856265,16.958364687524607,16.692716552746056,16.800411224365234,16.53175326459261,15.901971069126425,58.614699595175914,0.38607864853782226
2017-03-27,16.592201352486047,16.87220776657048,16.448607547133406,16.829130172729492,16.56007487489136,15.938330249659879,59.104492372420445,-0.929865577917941
2017-03-28,16.771699054389554,17.13068232956459,16.76451922455655,16.865034103393555,16.589118610939188,15.97467157725728,59.74590059976694,-0.04252819131852881
2017-03-29,16.886573592892564,16.95119069197707,16.64246485622054,16.865034103393555,16.615396276887225,16.00958775475282,59.74590059976694,0.38465057887749377
2017-03-30,16.879386990298542,17.231190294481436,16.829129571045552,17.224010467529297,16.67335953313885,16.0572121748617,65.94022471625541,2.346409414787714
2017-03-31,17.180936754745932,17.590177397541964,17.137859152718004,17.4609432220459,16.74836750351095,16.112260451221864,69.2982981811519,3.5334000216011177
2017-04-03,17.590174243733152,17.755306163076657,17.468119918694033,17.690689086914062,16.838112416216006,16.174159613405873,72.16418861655234,4.895661511614559
2017-04-04,17.690687595700997,17.862999327805785,17.590172760992854,17.733766555786133,16.923412810460782,16.235320669969806,72.67915446314441,2.959566758379694
2017-04-05,17.84864836173411,18.178912307988934,17.819929043235877,17.927623748779297,17.019051947443497,16.301685496589787,74.92714632183,2.672710865608768
2017-04-06,17.913257503298368,18.523527686815108,17.80556147617248,18.23634147644043,17.134984283538444,16.377554358544714,78.02770748301401,3.084404382698639
2017-04-07,18.30096479126699,18.430198972397577,18.099933690684708,18.16455078125,17.23303823570145,16.447632649631196,75.68385091651561,2.429175009768649
2017-04-10,18.164545437842108,18.509170275950567,18.107108193059354,18.315319061279297,17.3361126000422,16.520875254009553,77.23073476594486,2.162558283980042
2017-04-11,18.25070348493138,18.473272655522287,18.107109676504447,18.45173454284668,17.44236230888072,16.596595226120815,78.55975333422647,1.1811199449435446
2017-04-12,18.40866024667407,18.825080753412156,18.35840281180415,18.523534774780273,17.54533111515687,16.672161482930992,79.24638320993749,1.9762888598424773
2017-04-13,18.46609600797988,18.545072753155516,18.229167141865258,18.39430046081543,17.626185338552922,16.739696344808813,74.61454790906997,0.43123136032671483
2017-04-17,18.37993949898569,18.810719598456483,18.34404035853935,18.73174285888672,17.731476530965665,16.817815815949125,78.19782200113896,1.517517582912507
2017-04-18,18.57378550636873,18.78917481060046,18.236340528484064,18.37993431091309,17.793234414770183,16.879075364771243,67.5001072768124,-0.7752325115760058
2017-04-19,18.473272077144617,18.652763647352575,18.229163432108823,18.279420852661133,17.839537885045512,16.93399087410026,64.77365879349345,-0.624539152217394
2017-04-20,18.372754484850457,18.580963963019556,18.308137419698575,18.37993431091309,17.891004211318617,16.990694538289,66.24208825668047,-1.8781410284346507
2017-04-21,18.480461850262262,18.480461850262262,17.827112292632744,17.95634651184082,17.897227287558827,17.02856324313417,55.70371406162318,-2.304620853953563
2017-04-24,18.30814288861525,18.437377057523193,17.992237294552744,18.013776779174805,17.9083272391413,17.06719906807694,56.70929342846064,-1.4532411919804091
2017-04-25,18.078395961762133,18.55943355218516,18.056856474640252,18.55225372314453,17.96965357095113,17.12543650553057,64.78208347483317,0.9375409580714719
2017-04-26,18.580972611037083,19.184064586873156,18.580972611037083,18.932777404785156,18.061379650363897,17.196312619226827,69.15889789964864,5.437803799901363
2017-04-27,19.040471014604627,19.593305522305,18.93995477812397,19.528688430786133,18.201123343737443,17.287778337327193,74.50293107821543,8.409739224495514
2017-04-28,19.94510344777553,19.94510344777553,19.14098062387495,19.21995735168457,18.298155154018122,17.363550063380423,67.93516737008018,3.5990432133162202
2017-05-01,19.1697005783037,19.34201232436112,18.796357777139935,19.27739524841309,18.39141611538907,17.438602815734644,68.4916765297307,1.8202181130637123
2017-05-02,19.21277821681939,19.35637065415939,19.105083546461383,19.169700622558594,18.465538449405216,17.506489004237544,66.17266890094488,-1.8382586700579968
2017-05-03,19.14815954276383,19.212776613468595,18.939948677290264,18.96866798400879,18.51345554793889,17.563829356385437,61.95567750196697,-1.3074397777149933
2017-05-04,19.011754392721535,19.011754392721535,18.60969349806139,18.782005310058594,18.539031715759812,17.611600962411835,58.24415573484972,-2.5697970704588635
2017-05-05,18.810719890038985,19.076366686398732,18.72456332104445,18.990211486816406,18.582001217765203,17.66566412023162,61.047202626971924,-0.9363168433155789
2017-05-08,19.062004171634424,19.133801073461832,18.925591564515553,19.12662124633789,18.633869791914982,17.722956556549516,62.808734739534295,0.8327061365735399
2017-05-09,19.227138501981734,19.68663650759944,19.148161768736667,19.507144927978516,18.71703885249246,17.792924727978104,67.25700571532164,3.8608210675543657
2017-05-10,19.507148812155116,19.514328641099016,19.377914629989583,19.39945411682129,18.78203078242854,17.85592588048176,64.89152241340759,2.155018812133776
2017-05-11,19.399453212811903,19.456890472274207,19.29175852249662,19.42817115783691,18.84356796103886,17.9175825580251,65.24257779984907,1.5765979135324626
2017-05-12,19.428170518681107,19.45688983217358,19.097906629991087,19.3707332611084,18.893774180093104,17.974568860106796,63.86700457225861,-0.6992907848573269
2017-05-15,19.45688953819044,19.70099822153917,19.4281702251319,19.46406936645508,18.948088007365673,18.032980644669475,65.15275558189857,0.33307766932351285
2017-05-16,19.49279224085233,19.63638610364303,19.334840087312617,19.622026443481445,19.012272620329078,18.095296166191513,67.27505167358856,0.9978051154152907
2017-05-17,19.34421403741387,19.636644702554538,19.13951424511071,19.336904525756836,19.04318994465553,18.143986690096035,60.153499959548355,-0.1746383830470794
2017-05-18,19.249171226681256,19.336900687693117,19.044470080595225,19.16875267028809,19.05514829947768,18.18417359128004,56.364030777367404,-1.5172402574558699
2017-05-19,19.293032892853184,19.293032892853184,18.883632045324383,19.08102226257324,19.05761248643916,18.219344127409187,54.43718778914061,-2.7571269586578886
2017-05-22,19.351521350030108,19.724369123877533,19.24917147288424,19.709747314453125,19.119720565297634,18.27779131121483,63.9488896634915,1.9281410227767373
2017-05-23,19.731681674476555,20.206879365107703,19.629331788793337,20.170326232910156,19.219778247927398,18.35200836696759,69.04668956996414,5.225032530022278
2017-05-24,20.301920564639108,20.301920564639108,20.04604444562359,20.111841201782227,19.304736624485,18.42102141931326,67.73686070079295,5.4023255411787
2017-05-25,20.15570368339928,20.294608090600697,20.09721783737961,20.214189529418945,19.391351186859662,18.49134173735662,68.8504973689084,2.5593540440567377
2017-05-26,20.258056340337035,20.294610870614523,20.06797836054511,20.14839553833008,19.463450648904463,18.55632423935558,67.24363657066476,-0.10872751549398431
2017-05-30,20.016805369015184,20.221506589598302,20.016805369015184,20.067981719970703,19.52102503662506,18.6156049248699,65.23957333009491,-0.2180779043125937
2017-05-31,20.16301921705301,20.16301921705301,19.65857780782653,19.760929107666016,19.543873043390864,18.66051959870504,58.11709812047406,-2.242288374180286
2017-06-01,19.81210196757526,20.04604538064567,19.62933350181241,20.031423568725582,19.590306426756076,18.714280538705847,62.047938991339365,-0.580552279619353
2017-06-02,20.053353599686,20.089906730175777,19.717058942647373,20.082595825195312,19.637191131369338,18.767939961705434,62.76000328288344,0.0728229945020635
2017-06-05,20.05334961509167,20.08990273831835,19.483111689634462,19.68781280517578,19.642012243160426,18.80401340654741,54.296262425857144,-0.3700043762713049
2017-06-06,19.54160316495039,19.812101095920156,19.37345651850542,19.69512939453125,19.64707101948146,18.838959131566384,54.418949449257326,-1.6788331245682293
2017-06-07,19.790161477598808,19.92175494437402,19.592771277435997,19.899822235107425,19.671142563826788,18.880561606215053,57.829571399727755,-0.9101093886407959
2017-06-08,20.03873257257231,20.506619354300454,19.980246724856293,20.44082260131836,19.74444542454027,18.94174831190538,65.23388780812526,3.824750893327355
2017-06-09,20.477378952995835,20.506621182254182,19.98024850588933,20.053356170654297,19.77386549559875,18.985340776954356,57.45328846737013,1.818859723879325
2017-06-12,20.199570300575107,20.272677966045123,19.855966085602606,20.016801834106445,19.797002289742338,19.025790230176007,56.765407870114984,0.5878424320426519
2017-06-13,20.104528867430098,20.38964719424708,20.01679940064887,20.36040496826172,19.850659687696563,19.078128063042115,61.4389860031068,-0.39341681411321466
2017-06-14,20.46275246134372,20.48468517408103,20.10452651977539,20.10452651977539,19.87483748122788,19.11837898291401,56.53762202157937,0.2551709982390652
2017-06-15,19.958311223684788,20.16301235932915,19.958311223684788,20.10452651977539,19.896712627756212,19.157051435339948,56.537622021579374,0.43825525374124463
2017-06-16,20.206880186004337,20.27267694216297,20.10453029616319,20.111841201782227,19.91720106337774,19.194494171278862,56.65227104858444,-1.2208193641873002
2017-06-19,20.28729915206206,20.777118682861328,20.192260165972368,20.777118682861328,19.999097979519032,19.25655787761543,65.55258916616204,3.3454762658765254
2017-06-20,20.652835667876733,20.777118274574978,20.024111728766485,20.111841201782227,20.009835429258384,19.290098400131775,53.68244146207581,0.0363832592607491
2017-06-21,20.214191053132936,20.243434675553388,19.66588568246344,20.119152069091797,20.020246537813946,19.322610308718442,53.781486564998495,0.03635105924027709
2017-06-22,20.111841278456897,20.21419116868824,19.848654252818964,20.09721946716309,20.027577292990056,19.35298713846137,53.41247836540007,-3.272346017155282
2017-06-23,20.104530218621285,20.177637880116983,19.834032289410988,19.958314895629883,20.02098087419385,19.376725481879742,51.024696179101156,-0.7633627603361293
2017-06-26,19.965623107518343,20.09721660157387,18.759351736030137,19.176063537597656,19.940512556422785,19.36885638602554,40.14142927909463,-4.687516294202914
2017-06-27,19.139515654919116,19.33690595010492,18.72280373913543,18.934814453125,19.84473178468014,19.351835133754932,37.48590153001012,-5.783909639526735
2017-06-28,19.01523273224304,19.461188267443895,18.905571923669363,19.388080596923828,19.801241195370014,19.353256524467437,44.865814881149184,-2.8571264742942524
2017-06-29,19.424634804130772,19.43194571102646,18.876329336670192,19.285730361938477,19.752144925519392,19.35060843966238,43.61377765489353,0.5718943521740082
2017-06-30,19.32959361968705,19.65126512028137,19.285728183268297,19.336904525756836,19.7125982207801,19.350071031273927,44.448503837754075,2.12354905102054
2017-07-03,19.505049373429852,19.56353522215207,19.256484167757275,19.314970016479492,19.674728867989568,19.348694520889833,44.146833612597035,-0.3770903472308439
2017-07-05,19.26379581429757,19.3734566105692,18.949433842416266,19.271106719970703,19.636288663416344,19.34565186203026,43.5108716913189,-0.07582622847737235
2017-07-06,19.16144310711785,19.877896471369965,19.022540092875797,19.519670486450195,19.62518217037195,19.352476121811435,48.075690268814256,0.9451665878057905
2017-07-07,19.673198798115553,19.673198798115553,19.212622848554584,19.256486892700195,19.590068334403213,19.348711838316877,44.01957602235804,-0.30278651082243047
2017-07-10,19.16143897702522,19.936378020877054,19.13950766077337,19.67319107055664,19.597984785465446,19.361436514090986,51.060049991149846,2.086462165503221
2017-07-11,19.731684734031177,19.929075025095123,19.651266157431905,19.804792404174805,19.61768074915205,19.37882301958447,53.067552229849525,1.460690219758218
2017-07-12,19.907141215677115,19.929073933843085,19.702441423779053,19.74630546569824,19.62993072215645,19.393234095902656,52.04576332862087,2.543654903032833
2017-07-13,19.768236470075824,19.892517679003635,19.63664296131387,19.87789726257324,19.653546583148522,19.412240494595622,54.18328574313836,1.0405337460630173
2017-07-14,19.877900289757537,19.96562837935043,19.724374041350696,19.929075241088867,19.67978740771427,19.432508523869867,55.022965164314314,0.6275392055503898
2017-07-17,19.9217586517334,19.97293358846672,19.746301128185237,19.9217586517334,19.702832288097042,19.451694803393927,54.86814764501745,0.8885367763602339
2017-07-18,19.88520891291651,19.965626086740397,19.49042837184174,19.66588592529297,19.699313586877608,19.460094455233104,49.61095709628335,-1.0665682314368927
2017-07-19,19.775542940180124,20.28729508569228,19.63663994176854,20.250741958618164,19.751830574662424,19.49110023967958,59.22734678787905,1.6140574193131598
2017-07-20,20.279988229804403,20.506620730612955,20.104530674880422,20.375028610229492,19.811182768525956,19.525764097348205,60.93358513914807,2.2752507267055693
2017-07-21,20.37502215845416,20.60165458749928,20.33115673780368,20.418886184692383,19.86905928435133,19.560788492930328,61.54512800061239,3.8289668833630053
2017-07-24,20.49930969140405,20.594348670332952,20.17032592893364,20.47006607055664,19.926298025894692,19.59644643715097,62.28704160091346,1.0830423516662222
2017-07-25,20.62359187773257,20.66014640553055,20.36771715520996,20.55048561096191,19.98574446256776,19.633859738084734,63.479346848674076,0.8611374447068424
2017-07-26,20.616283494047735,20.835605095179268,20.411582310422304,20.601661682128903,20.044403245383105,19.67181275549823,64.25383773925384,0.8951296157061833
2017-07-27,20.66746326864128,21.347362343130584,20.382343447279705,20.51393699645996,20.089120745485662,19.704837235535944,61.83315031367502,0.2143174611752845
2017-07-28,20.477381450518635,20.528556403771844,20.177641243395925,20.279991149902344,20.107298879239632,19.727392291001294,55.79613898005159,-1.3162436459179403
2017-07-31,20.382337609867054,20.652835538425165,20.228812776067635,20.543174743652344,20.148810866326556,19.759383759732707,60.47173063532631,-0.28389427697132785
2017-08-01,20.6528330890931,20.857534237628364,20.418889716145657,20.718629837036133,20.20307933972747,19.797001252960293,63.26162741115087,0.9978232877067684
2017-08-02,20.067976387034697,21.16458708808769,19.98024691740891,20.572416305541992,20.238254288852662,19.82740968639487,59.49325075878394,1.4419392665319608
2017-08-03,20.5504821440341,21.252312226402697,20.470063590858036,21.076854705810547,20.318120995229602,19.876407530293523,66.83361123112438,2.5978456047700487
2017-08-04,21.193826638311418,21.318109224510785,21.11340808417876,21.20113754272461,20.402217809276745,19.92835772685945,68.35514236790804,2.3288591450480824
2017-08-07,21.274251225401137,21.9322174706377,21.128035884498416,21.87373161315918,20.54236198107507,20.004646898871204,75.03104002106632,6.3255345813054875
2017-08-08,21.881036944994065,21.990697725526314,21.74944345059038,21.844482421875,20.666373451627447,20.07679731153802,74.2969940173672,3.6420411241570623
2017-08-09,21.771377029503444,21.990698599282236,21.690958469858707,21.946834564208984,20.788322129016166,20.15013210576041,75.21091889378351,3.5172500531240063
2017-08-10,21.80792946297164,22.063805549147528,21.55205337679575,21.566675186157227,20.86245099160103,20.20568281479558,65.84589780840093,-1.4037679186720422
2017-08-11,21.215762923679463,21.60323116193009,21.01106174888161,21.48625946044922,20.921861321967523,20.255901506782,64.02967501045588,-1.63987845766974
2017-08-14,21.764066771811272,21.96876653784885,21.522812480115142,21.74944496154785,21.000678811451362,20.314471838341444,67.2167886627311,-0.8993989638170273
2017-08-15,21.932216342276227,22.4001031780327,21.71289473661857,22.224645614624023,21.11724707842019,20.389380613881936,72.03482889151643,3.050866314753613
2017-08-16,22.297751210007867,22.480519662548915,22.07842962472366,22.085739135742188,21.20948441721276,20.4559044774843,68.84953087603962,2.790060672945235
2017-08-17,21.94683584090614,21.98338897319147,21.120721664896525,21.149965286254883,21.203815928550107,20.48312254841648,52.12696058057486,-2.756298730164493
2017-08-18,21.3360790538788,22.080534014362872,21.13507587376366,21.79764175415039,21.26037076908347,20.534672321190357,59.46534448918808,-1.9213078484034873
2017-08-21,21.84975354296667,22.013533124361587,21.388190839129877,21.574304580688477,21.290269227331564,20.575442213719697,56.26263828590037,-2.3156777860607662
2017-08-22,21.60408524978464,22.087980733917853,21.596640529113635,21.931644439697266,21.3513525808902,20.628626614738426,59.97687271635046,3.6958885882918544
2017-08-23,21.86464411310021,21.961422638940984,21.812531070024917,21.842309951782227,21.39811042573706,20.676222039720535,58.636253872451654,0.2049221568811721
2017-08-24,21.87208458983734,22.39320359382995,21.715749740600582,21.715749740600582,21.428361789057394,20.71698783191191,56.70256357348174,0.655618629018132
2017-08-25,21.745528498386054,21.953976396429784,21.522192580431096,21.760417938232425,21.45998618421692,20.757906659610757,57.238556405400296,-0.7807280568296672
2017-08-28,21.872091123778215,21.886980567182576,21.499863558282133,21.522197723388672,21.46591109270947,20.787878858190282,53.43910543683374,-1.4655603235198806
2017-08-29,21.30630742642709,21.53708812977153,21.16486054763219,21.4700870513916,21.466308803060148,20.814632120668765,52.6163222544963,-1.131265059431407
2017-08-30,21.537083244037643,21.93164348283975,21.51474908299904,21.87953186035156,21.505663379945045,20.856392894773972,58.07795023644962,0.5473880256217588
2017-08-31,22.05820138430665,22.07309082533348,21.81253128710487,21.98375701904297,21.55119610747818,20.900603252588443,59.362016332947356,2.144573252167039
2017-09-01,22.07309129257584,22.288983932229197,21.916756418290532,21.931644439697266,21.587429281975236,20.9410362403182,58.39884441619129,2.1497695244591375
2017-09-05,21.86464462992356,21.961423158051932,21.127632908296743,21.298858642578125,21.559946363937417,20.95506849138722,48.176912807095604,-2.653956316248641
2017-09-06,21.39563243902291,21.47007820877683,21.090406060973304,21.276519775390625,21.53295335550439,20.967674424093236,47.85843708148079,-3.2170899771122574
2017-09-07,21.224410672606737,21.365857509873617,20.91918425846012,21.231855392456055,21.504277359023597,20.978034462068248,47.18678764110588,-3.190773264473325
2017-09-08,21.246743868781156,21.35096710207572,21.07551815988073,21.17974281311035,21.47336930703186,20.985944593481666,46.36911610959791,-0.559259214151745
2017-09-11,21.417973237155184,21.529641216444283,21.231859465028226,21.507307052612305,21.476601473277615,21.00639018011424,51.999555886814825,1.084704075939236
2017-09-12,21.58919469841366,21.75297428494909,21.328635168066455,21.559415817260746,21.48448855365696,21.02807746000234,52.84762244195424,1.5427781451501286
2017-09-13,21.462634732560954,21.507301629025672,21.097852001573152,21.291410446166992,21.466100162467438,21.038404243773503,48.13697225272726,0.527237908609154
2017-09-14,21.216966057101462,22.050756225169543,21.14996499806318,21.90930938720703,21.50831056482359,21.072557386653248,57.53514960239639,1.8691430480409628
2017-09-15,21.8199773521625,22.125203812344377,21.790199888209195,22.058202743530273,21.56068124850994,21.111210145746465,59.442370030875374,2.3135456475132896
2017-09-18,22.14753433941428,22.408093850923823,22.10286744084939,22.378314971923828,21.63855112693031,21.160900531086753,63.26261457609941,5.104896777528926
2017-09-19,22.408096374939607,22.542098505663184,22.13264739290389,22.333650588989254,21.70475107569783,21.206890729435873,62.37972616409921,1.9368077481711872
2017-09-20,22.31875796003427,22.4006484548768,21.968864661958563,22.39320373535156,21.77031799566485,21.253412808099235,63.11880659252027,1.5187139030152497
2017-09-21,22.341091751740183,22.668652305796275,22.341091751740183,22.579317092895508,21.847365528734436,21.305409054561835,65.40612426976371,0.8982004285124237
2017-09-22,22.594202714925885,23.13020964197921,22.519756953407004,23.115320205688477,21.96812311701577,21.376385962449156,70.98685189779067,3.499963490449673
2017-09-25,23.130212784930237,23.591775433116965,22.757985346692067,22.847320556640625,22.051856206503853,21.43406967202529,65.3134226204069,2.0279225190639596
2017-09-26,22.91432526006936,23.107883729185176,22.274093509912063,22.422985076904297,22.087201813208658,21.472850668295056,57.48011533328846,-0.6923682206509256
2017-09-27,22.57932034618258,22.61654252862553,22.29642806778454,22.341094970703125,22.111382113922417,21.50689946446792,56.08221989171395,-3.34940302836394
2017-09-28,22.34109492011846,22.63887663879354,22.199648071272083,22.623987197875977,22.16020164572752,21.550706826562354,59.72603021245803,-0.9775035029205474
2017-09-29,22.504871009819283,22.66120727526544,22.341091445007375,22.408092498779297,22.183810298399116,21.584329794100274,55.913299353865696,-0.06641657243191663
2017-10-02,22.34853929340818,22.54209776252399,22.311315691692513,22.422985076904297,22.20658884873294,21.617218236563176,56.12138303462278,0.3665447298288559
2017-10-03,22.482540798171488,22.55698515967433,22.326204515158125,22.363428115844727,22.22152592179121,21.64648136908402,55.00331908152195,-1.1516939067916032
2017-10-04,22.460206049827608,22.616540908813477,22.32620393073393,22.616540908813477,22.25914639674571,21.68452291966165,58.76332216097562,0.9302371901826767
2017-10-05,22.59420799299783,22.8473227893295,22.564429113459926,22.735654830932617,22.30452815238256,21.72574377892718,60.43869489470651,1.3944162784569238
2017-10-06,22.76542926196979,23.04832148027008,22.661206037322565,22.67609405517578,22.33991538122001,21.76301241721144,59.14471881344876,1.398112747792578
2017-10-09,22.71332141365651,22.929212617622127,22.71332141365651,22.75054359436035,22.37902283009052,21.801739130040808,60.28919359892381,0.5924985880341024
2017-10-10,22.75054254099344,23.1302147303213,22.75054254099344,22.95154571533203,22.43354881916114,21.846829584365956,63.27997265392606,0.9495696781325484
2017-10-11,22.98132521638844,23.07065901633308,22.891989996508645,23.0111026763916,22.488553948421185,21.89248735268069,64.14172328714913,1.477364754267965
2017-10-12,23.107887409799417,23.152554319037524,22.914328909853687,22.958995819091797,22.5333579361041,21.934311214108575,62.754111955094785,0.9162516221507722
2017-10-13,23.174882888793945,23.346108613242475,22.97388112346468,23.174882888793945,22.59445555064599,21.98296108370408,66.03282271805361,0.9730811869142257
2017-10-16,23.346113944543603,23.420558323551074,23.189777624769786,23.36100196838379,22.66745997138292,22.03700190271113,68.59916684838421,1.5205672536117492
2017-10-17,23.420551479940748,23.696000429561476,23.2493271863594,23.636444091796875,22.759744173327107,22.099725125812533,71.97391947880227,2.9506877306094497
2017-10-18,23.64388948814568,23.867226826105696,23.569443708825677,23.62155532836914,22.841821426188254,22.15940474159907,71.52643261251002,1.9273989073367903
2017-10-19,23.43543864872555,23.807666078673293,23.36843759774016,23.718332290649418,22.92529865137503,22.22053915528732,72.71396014866663,1.5296018670313487
2017-10-20,23.837453014955276,24.172458383159835,23.718340310690422,23.84489631652832,23.012879381389627,22.284239436120302,74.2277879629726,0.8819102565592323
2017-10-23,23.89700387595868,23.99378381914569,23.532222523736746,23.934228897094727,23.100626954313924,22.348944905178122,75.27066404741404,1.3236790058022538
2017-10-24,24.15011683960462,24.45534324645996,23.81511297399844,24.45534324645996,23.22964755356593,22.43154876169898,80.28290349510324,3.1073472906065085
2017-10-25,24.232012891478956,24.261791776991984,23.710895174419708,24.031009674072266,23.305967755518914,22.494272719046954,68.16707635920217,0.7805165309732928
2017-10-26,24.031005283321303,24.26178734407439,23.755557742330417,23.79277992248535,23.352330819039526,22.545194570162185,62.46732159276729,-0.5909903144050941
2017-10-27,23.94167097912148,24.03100477758735,23.71089034316034,24.023561477661133,23.41625754843206,22.60316974300528,65.47865595457574,-1.7655927559361932
2017-10-30,24.045892440504808,24.045892440504808,23.30143754860144,23.41310691833496,23.415957488422812,22.634931985175072,53.297393006853724,-2.5712725520808117
2017-10-31,23.56199931557847,23.56199931557847,23.07810387319212,23.5098876953125,23.424903222412308,22.669243973807912,54.73511343707602,-1.188983498752512
2017-11-01,24.6265732714194,24.842463067573725,23.450332984004504,23.54711151123047,23.436542107061655,22.703670151746053,55.30502632315049,-1.9832611699714138
2017-11-02,23.57688576726984,24.15011493747397,20.90429267291735,22.810096740722656,23.3768806436008,22.707843743470626,43.59997624182491,-2.5755239563702816
2017-11-03,22.601651607456468,23.293994903564453,22.422982598772965,23.293994903564453,23.368986763597338,22.730830063474308,50.94148815568043,-0.9183063506981043
2017-11-06,23.293994326192554,23.5173302265275,23.100435883265927,23.159992218017575,23.34908252116117,22.74765995188777,49.0378607467913,-1.6440202995949758
2017-11-07,23.12277210134191,23.44288798128548,22.966437231565877,23.375886917114254,23.35163532077575,22.77229630346528,52.14090496336145,2.480437425683943
2017-11-08,23.264213943270036,23.651330804070433,23.078100231723877,23.182323455810547,23.335510381255254,22.78837579963568,49.24572897484075,-0.4794001553456949
2017-11-09,23.048322047323055,23.063211485477535,22.57931610493676,22.705873489379883,23.27554496298141,22.785140414919766,42.9273066744895,-1.9607896425992968
2017-11-10,22.661210800169886,22.86221257281604,22.37831710247713,22.623987197875977,23.213491842495177,22.77882068091805,41.93153576792025,-3.216561244945907
2017-11-13,22.5569844412069,22.5569844412069,21.71575097157656,21.730640411376953,23.072267896674393,22.737715572308595,32.951232297973746,-6.262025664514382
2017-11-14,21.499856676963987,22.177311935678834,21.40307816568188,22.05075454711914,22.974980911002465,22.71077592426195,38.0695140350509,-2.8852399911730244
2017-11-15,21.84975637545433,21.86464581749365,21.403083053822275,21.596641540527344,22.84371049476674,22.667084379801768,34.09349312307474,-4.540957561384599
2017-11-16,21.6338642646844,21.998647084123895,21.6338642646844,21.834867477416992,22.747630207400096,22.6344484228455,37.765570513257714,0.47963181971145025
2017-11-17,21.91675443423303,21.94653189428611,21.514748074002757,21.79764175415039,22.657155116614412,22.60163247505354,37.41476585840679,-1.147864543264885
2017-11-20,21.99381243451338,22.710592498532755,21.97872199463636,22.57478141784668,22.649310002446057,22.600579492417975,48.226954704292844,4.529129566205005
2017-11-21,22.589872662447583,23.05011958226375,22.589872662447583,22.755863189697266,22.659457925041412,22.606669049174027,50.378127197330954,4.2180045893698495
2017-11-22,22.831309811027012,23.20856211833591,22.680408312462113,22.959575653076172,22.688040565806627,22.620508523836858,52.75629775000155,5.330548653064924
2017-11-24,23.13311817334918,23.155753836522894,22.733230091902843,22.861495971679688,22.704560128270728,22.62995901198756,51.47712195424147,1.2700656920041904
2017-11-27,22.808674509871945,23.057660979010908,22.604957915366413,22.899215698242188,22.723098753982296,22.640518097723035,51.95955507521491,0.6299585621073027
2017-11-28,23.057662963867188,23.30664945443948,22.838857351717472,23.057662963867188,22.75496201206657,22.656876719924767,54.02727497544099,0.4272174376091907
2017-11-29,23.035033954355303,23.50282616288535,23.02748873304304,23.32929039001465,22.80965995282353,22.683245883457705,57.411437566013035,2.046210881888282
2017-11-30,23.46509937705109,23.69145023956939,23.2387470754291,23.623544692993164,22.88717278522064,22.720120346576742,60.77962750689614,3.1631170442513374
2017-12-01,23.69899255338119,23.76689809162841,22.8464028740934,23.35192108154297,22.93143452772753,22.74489684598718,56.349435553139,1.2761836190289635
2017-12-04,23.721625948079023,23.91779732438892,23.412279165195105,23.4273681640625,22.978666302616574,22.771660427088175,57.28085788671603,0.4204061607027301
2017-12-05,23.427372062142144,23.683903793916052,23.329287077218527,23.344377517700195,23.013495942148346,22.794119920837666,55.868657269889994,-1.1817327963308184
2017-12-06,23.24629383286597,23.412285819516516,22.85395240783691,22.85395240783691,22.998301319832972,22.796466292876854,48.29180897879251,-2.1324527089963734
2017-12-07,22.770952975134342,23.359465743339495,22.725683094296308,23.17838478088379,23.015452125647336,22.81144348848497,52.8475668514542,-1.062788536190124
2017-12-08,23.41983140789645,24.47613647878043,23.15575442062355,24.06870460510254,23.11576188559545,22.860747845999384,62.58872053193235,3.102790326506431
2017-12-11,24.061157622868933,24.74775687606543,24.05361240217292,24.43086624145508,23.241009919486842,22.922321116409414,65.69345427857957,6.899961133538667
2017-12-12,24.70248301240569,24.823203638858335,24.45349510135581,24.611940383911133,23.371574725622487,22.98858069552713,67.16086661324012,6.184881373656626
2017-12-13,24.611946724639637,24.702489376460527,23.94043788710935,24.27241897583008,23.45736941611845,23.038927294754696,61.82126935695757,0.8463869330315159
2017-12-14,24.31014162023205,24.596851325256956,24.212055206298828,24.212055206298828,23.529244253278485,23.084932310893684,60.89430557817401,-0.8956335522191511
2017-12-15,24.40068407225492,24.74021179015694,24.159242779126203,24.378049850463867,23.610082881581853,23.135642802641534,62.55694666916635,-0.9503132617701295
2017-12-18,24.63458392652837,24.747757924451847,24.483682384422885,24.61949348449707,23.706217224716635,23.193833025459398,64.89489621903202,1.4299131413832196
2017-12-19,24.83829681041131,24.8609339117527,24.34787041386164,24.521406173706055,23.783854267477533,23.245894717547504,63.169251596036744,1.2776733109659693
2017-12-20,24.619489166801777,24.77039068244259,24.2799614761617,24.604398727416992,23.86200135890034,23.29916938460121,64.04054593765963,0.928494602076704
2017-12-21,24.80057362563435,25.52490046942354,24.627037855435063,25.39663314819336,24.008156767404436,23.381422865526392,71.07495547144194,3.156602974734858
2017-12-22,25.52489166608464,25.66069984436035,25.29099420698586,25.66069984436035,24.16554182235262,23.470806276461058,72.97279832603884,4.646118834228784
2017-12-26,25.638070111757408,25.67579477222126,25.170277989950034,25.38153839111328,24.281351019377443,23.54573694762389,67.90070758145522,3.158539545330618
2017-12-27,25.4569917314938,25.4569917314938,24.898656945694324,25.215547561645508,24.370322118641067,23.61121971680121,65.00735194767594,-0.7130298945186498
2017-12-28,25.313634036071885,25.313634036071885,24.90620077629097,25.11746406555176,24.44147849453732,23.670288122634563,63.29115523304429,-2.1169951798020867
2017-12-29,25.132554272663537,25.358905122148265,24.453498846002148,25.25327491760254,24.518792439591152,23.73236603616272,64.68152326882365,-0.5053416051237086
2018-01-02,25.389089774084184,25.5701693292856,25.06465245295671,25.351362228393555,24.598084800429476,23.79585608291687,65.69220609778678,0.5386147828676536
2018-01-03,26.196402130998703,26.415206290073407,25.40416995313168,25.856874465942383,24.717969530478324,23.876680333231597,70.39430456058615,2.9438099262764035
2018-01-04,26.00777698318476,26.083226299155143,25.788969937380987,25.887056350708008,24.82931113240496,23.95551860842675,70.65292515923856,2.509699970294537
2018-01-05,25.78142990882484,26.083233006732012,25.65316546304927,26.01532745361328,24.942265067758132,24.036295425885047,71.78114663926831,2.6190514704416348
2018-01-08,26.01532046717632,26.36239192181787,25.826694301191974,26.347301483154297,25.076078059700624,24.12692311440541,74.51215270806875,1.8966987593875062
2018-01-09,26.36239371095688,26.950909345949565,26.36239371095688,26.928272247314453,25.252477506140036,24.236779943146942,78.44392103564714,4.022148685043397
2018-01-10,26.93582086586095,27.19235260280086,26.792463117501804,26.830190658569336,25.402735901609493,24.3384823241439,76.30389350890106,3.132242738089687
2018-01-11,26.883005973755356,27.44888455573383,26.867915532851057,27.07917594909668,25.562396858513033,24.4459605055146,77.94852496606394,2.7777966802798466
2018-01-12,27.305522918701172,27.456424428052724,27.116896751563456,27.305522918701172,25.728408864245235,24.558100207992503,79.35154792244525,1.400946439942287
2018-01-16,27.546960267567137,27.61486579321465,26.090769112159737,26.468021392822266,25.798848152681142,24.63299907798583,63.30266726761057,-1.3498572200097152
2018-01-17,26.46047857835592,26.935817326923537,26.25676197182694,26.72455406188965,25.88701062022481,24.71502084206049,65.59784711600562,-1.3095741461027026
2018-01-18,26.717015302470653,26.78492085074167,26.23413268285779,26.46048355102539,25.941627089824866,24.783470360059113,61.34460133205715,-3.0947562154066115
2018-01-19,26.302032289625203,26.35484738432671,25.539980989148862,26.21149253845215,25.967328561122702,24.839471229800015,57.55525479203638,-0.9692029886287005
2018-01-22,26.03796142549703,26.317130295720343,25.773885876050787,26.151138305664062,25.984834251079022,24.890909154343703,56.641910302335866,-2.14565135454702
2018-01-23,25.441899967686084,26.92827230237715,25.155187369447333,26.701921463012695,26.05312827126318,24.96192924487974,62.49163429065405,0.9124470893425851
2018-01-24,26.830184431423778,26.96599548876547,26.286940202056993,26.815093994140625,26.125696435346747,25.034602372301737,63.57896725105141,2.3028122294180533
2018-01-25,26.86036976303496,27.569606117993843,26.86036976303496,27.46397590637207,26.253151623063445,25.129871922657436,69.10843840319474,5.020192946720262
2018-01-26,27.584692292851173,27.652597829563224,27.40360990221672,27.47905921936035,26.369904727472676,25.221996914685004,69.22539898755835,2.9104188529059294
2018-01-29,27.32815793782988,27.47905655749979,26.56610666874613,26.860363006591797,26.416615039769734,25.286246565348016,59.306423851436186,0.16881914514662386
2018-01-30,26.694379970902727,27.041451479564913,26.535931779376664,26.78491973876953,26.451691677769716,25.345018062344938,58.21111902959877,-2.472534093088057
2018-01-31,27.056539145064654,27.154625562479403,26.87545674969951,26.973543167114254,26.501391819612053,25.408881791943735,60.19071892873897,-1.8396410452434133
2018-02-01,27.539426214749835,28.18075416709799,27.18480802465679,27.750686645507812,26.620372279221172,25.50071727639723,67.1048657901425,3.3146374034391175
2018-02-02,27.63750369879836,27.743133879972618,26.686826311816912,27.086715698242188,26.664785938175555,25.56291329294017,57.85881355657955,1.1267383379007296
2018-02-05,26.49820850339935,26.558570270609327,25.298545723072223,25.65316390991211,26.568440983102846,25.566452532821422,43.82016425697011,-4.895090159352636
2018-02-06,24.95901869099795,25.49471637657996,24.25732903819614,25.343814849853516,26.451809922793387,25.55772164329327,41.481181519718206,-8.673197266792362
2018-02-07,25.38153877831064,25.84933090725422,25.27590857611762,25.464534759521484,26.357783716767493,25.554067255694378,42.765074781267515,-5.988843227774476
2018-02-08,25.622978567661725,25.675793665676373,24.159240506014207,24.166784286499023,26.149117104360972,25.499664002000443,34.10298402715722,-5.794137630090785
2018-02-09,24.38559604004813,24.80811978385664,23.28401967157769,24.393142700195312,25.981881446821387,25.45627100977279,36.518290452900985,-3.7511012264347325
2018-02-12,24.63458371515925,24.98919902612583,24.25733130223618,24.91374969482422,25.880154613297847,25.434995664088536,41.801706141112106,-2.1629496470235754
2018-02-13,24.86847368257795,25.396627536779512,24.710028389779566,25.32872200012207,25.82763722156682,25.430828069423185,45.68232623497249,4.80799472469398
2018-02-14,25.253276702839035,25.887060853124865,25.17028071391236,25.864423751831055,25.831140700639605,25.447831821674477,50.290403470722424,6.031535459446814
2018-02-15,26.10586440981405,26.173769955592594,25.59280092575555,26.04550552368164,25.85155639807218,25.471270006066916,51.779579153600004,4.542695670947284
2018-02-16,26.068133013807277,26.128494762557903,25.456986137843483,25.66069984436035,25.833379583432958,25.478698627176463,48.45744167580034,1.3106774366139804
2018-02-20,25.606847932197663,25.96848405683536,25.25290781690027,25.85306739807129,25.83525461339851,25.49337975544685,50.178328887392816,-0.043907236707570796
2018-02-21,25.853061332295308,26.376278308308844,25.853061332295308,26.03772735595703,25.85453773173742,25.51472672017274,51.84056758785586,-0.029863761782381787
2018-02-22,26.099282782902502,26.399365461732824,25.853063355529244,26.08389663696289,25.87638143699699,25.53704710906647,52.269350535240775,1.6492020684133768
2018-02-23,26.283951507999618,26.407061234271634,26.08389930349535,26.353200912475582,25.921792815613998,25.569053140572713,54.79744859057146,1.9345229202535739
2018-02-26,26.4301415067749,26.61480755060369,26.2300893165303,26.276256561279297,25.95555126758212,25.596786608051403,53.918720866994875,0.9160907250520611
2018-02-27,26.23778527965168,26.28395252948568,25.122104626087975,25.16057586669922,25.87983932464089,25.579680304468965,43.12102827958411,-3.5398114902635185
2018-02-28,25.260603403013448,25.476044698251386,25.083630413162272,25.237518310546875,25.818665894727175,25.566262187060257,43.9545983361029,-4.233575289901669
2018-03-01,25.29137261525577,25.46064955560932,24.252634691662372,24.614269256591797,25.703961452999994,25.528929130963455,38.97233039392481,-6.325053573790283
2018-03-02,24.39883756607942,24.706613426624372,23.975647959206206,24.660446166992188,25.604579044808776,25.494870975513603,39.51933033868608,-1.987751402657552
2018-03-05,24.55271201002703,25.006679540632874,24.268021403257222,24.96820831298828,25.54397230844492,25.47421753776751,43.17506334246198,-1.067101742115618
2018-03-06,25.006680365514207,25.39909159669973,24.72198974935347,25.275981903076172,25.518449412695517,25.46644359130903,46.64809424690592,2.6883294384502836
2018-03-07,25.037464221956775,25.32984797638852,24.891269409573617,25.199045181274418,25.488029962083985,25.45595737915081,45.89299660494664,2.1840602989703433
2018-03-08,25.34523712271792,25.42218253342175,25.045157358891213,25.399097442626953,25.479560198326173,25.453727577718503,48.23919483259124,1.725751100108078
2018-03-09,25.61454220990197,25.95309321879904,25.499125558940484,25.822290420532227,25.512201171869606,25.46818102253473,52.89268931170411,2.161374064718598
2018-03-12,26.17623304874697,26.31473186925629,25.745347503254894,25.806903839111328,25.540268092559295,25.481464270243617,52.70714993959809,2.412228929565214
2018-03-13,25.9377035768846,25.9377035768846,25.22212740075908,25.399097442626953,25.526823268756214,25.478234198572377,47.91020192304925,0.0
2018-03-14,25.468348233359393,25.537597639185076,25.114408130324776,25.260602951049805,25.501468952784176,25.469699639846002,46.366845685907286,-2.1752039045916858
2018-03-15,25.21443394036545,25.21443394036545,24.698909969645843,24.906658172607425,25.444820307053057,25.447619582307237,42.59076461477428,-3.488390827959558
2018-03-16,24.76816683763248,25.029775438545258,24.660446166992188,24.660446166992188,25.37011800799964,25.416750036608608,40.14176550707928,-2.9081792268535396
2018-03-19,24.62196619033985,24.637355271428863,23.898695522575224,24.060277938842773,25.245371334746604,25.363555052382498,34.8771923511833,-4.7517670680032085
2018-03-20,24.05258341377065,24.47577287090592,24.006417638057457,24.437301635742188,25.168412315793802,25.32723138898484,40.18434846590089,-1.884462112951952
2018-03-21,24.50654863460929,24.729684418370685,24.3526607738485,24.614269256591797,25.11563678634599,25.29927208967531,42.550930659888586,-0.18725091220043721
2018-03-22,24.31419530428777,24.406526868557723,23.467814804699877,23.483203887939453,24.96016698649775,25.228053728822925,33.44348055498691,-2.3984513078782657
2018-03-23,23.475508444049016,23.790977300416657,23.113873807320765,23.206205368041992,24.793123022835296,25.14876555781191,31.656479614245626,-5.037774980440493
2018-03-26,23.490891092593227,23.614000784891186,23.044618091117304,23.475502014160156,24.667635307723376,25.083147379629487,35.27730896750211,-4.626451553611222
2018-03-27,23.567841318280813,23.66017435173175,23.17542996196972,23.260066986083984,24.53358118185296,25.011654030863,33.73740905278849,-0.9501978644833374
2018-03-28,23.26006573013165,23.406259080375193,22.5983513185344,22.79071044921875,24.367593493030654,24.924558204131852,30.603153111354253,-1.7904474783086834
2018-03-29,22.69837742075343,23.006151736331653,22.459852509628274,22.79071044921875,24.217414155524757,24.840877900017613,30.603153111354253,-2.9170475865791827
2018-04-02,22.698375621753687,22.98306775833958,22.475238343404804,22.913818359375,24.093262174939067,24.765306937639473,32.51042188815134,-1.4885968596571013
2018-04-03,22.89073333253175,23.498588804457544,22.89073333253175,23.190813064575195,24.0073146406187,24.703562079872246,36.724275818797246,1.7555513078363056
2018-04-04,22.698376510866172,23.283148420815472,22.66759834675027,23.22928810119629,23.93321687495942,24.645747414041818,37.30978643093698,1.92437025144415
2018-04-05,23.321618621903703,23.652476533527228,23.1292595074792,23.244674682617188,23.867641428069685,24.590803385358498,37.55862510848028,1.4439161472484152
2018-04-06,22.929207790541177,23.160039627912617,22.5983513185344,22.79071044921875,23.765076572941023,24.52021150550988,33.352254684794104,-1.725263423245891
2018-04-09,22.97537381228918,23.398563290174163,22.85226409262869,22.89842987060547,23.68253879176621,24.45661222570971,35.20657943495072,-1.4243149817999863
2018-04-10,23.136958786051967,23.698647162971568,23.052320288746536,23.644786834716797,23.678943367285314,24.42477593586685,46.34551357710636,1.7213067404157774
2018-04-11,23.42934533502646,23.483205662852107,22.752240297145548,22.93690490722656,23.608273037755907,24.366428052390763,39.42303388442327,0.6414651194553718
2018-04-12,23.044624236235,23.229288823924904,22.759932079639928,22.9215145111084,23.542867463789477,24.309764776262043,39.28564186689548,0.10081320262295912
2018-04-13,23.413949201548284,23.413949201548284,22.36751525854796,22.41368103027344,23.43532589869271,24.235408550929158,34.95655501129427,-5.2066690769898045
2018-04-16,22.47523760282896,22.79840096482066,22.413682746620232,22.54448699951172,23.35048409877071,24.169097901853966,36.885770100358734,-1.7108581532777076
2018-04-17,22.629128518419876,22.990763163800665,22.475240623424284,22.652212142944336,23.283982007739628,24.109612185818296,38.50348440280985,-1.1748890677950234
2018-04-18,22.74453993044829,22.74453993044829,22.12899138780992,22.475236892700195,23.20695866345016,24.045519037068566,36.83318638459901,0.27463522097781584
2018-04-19,22.436767788014745,22.729154474198342,22.436767788014745,22.644515991210938,23.15339269466547,23.99057774115258,39.535107728104684,0.4436960206785155
2018-04-20,22.62912327533759,22.62912327533759,22.25979417402081,22.513708114624023,23.092470353709142,23.932661285210287,38.17619485622465,-0.6114370969435471
2018-04-23,22.521403913264432,22.652208160740493,22.128991170836255,22.22901725769043,23.010236725516883,23.865851715503627,35.32992721240733,-1.0955151938342242
2018-04-24,22.21363288382118,22.267493205179104,21.790441919067767,21.867385864257812,22.901393786349352,23.78748050565085,32.0600968952918,-3.4318690108225502
2018-04-25,21.867387606757845,21.921247932407624,21.54422418527536,21.62116813659668,22.779467533991955,23.702527079413432,30.022724348620823,-3.96442902023583
2018-04-26,21.62885976744282,21.998188922976283,21.559610367332343,21.936634063720703,22.699197679680406,23.633276372915677,35.66400211292601,-1.3153221781254079
2018-04-27,21.936640981352905,22.02127948986359,21.56731170935293,21.90586280822754,22.623641977637277,23.565534664496536,35.36452357384722,0.17595584679656215
2018-04-30,21.928941310406703,22.559879036103258,21.86738644613347,22.190549850463867,22.582395108382666,23.511613691397216,40.354733120146406,2.6334456596886358
2018-05-01,22.136690352784974,22.182856135814728,21.613473253168507,22.00588607788086,22.527489486430113,23.452565549690693,38.289693425375326,0.3156911582651907
2018-05-02,22.03666054277641,22.829180653605658,21.952023527068324,22.80609703063965,22.554023538259592,23.427213843061242,50.18557246570347,4.109558387602035
2018-05-03,22.62143101646613,23.82944599106341,22.175157940482737,23.598615646362305,22.65350850093604,23.433935482406383,58.680887433430115,6.345339819819758
2018-05-04,23.39086590055613,24.629657487219692,23.290839815857662,23.96794319152832,22.778692757182924,23.45487696119548,61.93848424614621,8.916055943866835
2018-05-07,23.96794619863878,24.406524759990045,23.898696797627142,24.152610778808594,22.909542092575844,23.482239071690113,63.488512216806406,5.904183194344584
2018-05-08,23.89870085904921,24.11414363965218,23.50628800915659,23.644786834716797,22.979565401351174,23.48861349376959,56.65563313446272,0.19565210538784047
2018-05-09,23.660174758539284,23.82175573537689,23.113875492944945,23.337011337280273,23.01360787143966,23.48266831116217,52.93707898431122,-2.6323988220693684
2018-05-10,23.30623221912028,23.706338082549497,23.229288275835703,23.513978958129883,23.061262260648252,23.483896179670708,54.77511061124622,-2.6441523300621563
2018-05-11,23.475508254279337,23.52167403426676,23.244676419174855,23.298538208007812,23.083859969920592,23.4766272396055,52.107087284547575,-1.4643761820707129
2018-05-14,23.32931410226802,23.43703474105786,23.06001103770979,23.106178283691406,23.08598552361305,23.462099829569652,49.77579876269104,-0.9891286002853217
2018-05-15,23.06000625328288,23.08308987148436,22.85225955980285,22.867647171020508,23.065191394794713,23.43878796060694,46.969522071456964,-2.748712960321451
2018-05-16,22.87535050605504,23.236986659011706,22.783018932914032,23.136959075927734,23.072026412045478,23.426951533756778,50.371552119516934,-0.6935161795882226
2018-05-17,23.082409566905675,23.479843388732956,23.02006686089675,23.230472564697266,23.087116521821837,23.4192464761466,51.53420830589074,0.5379266076795903
2018-05-18,23.1447471683058,23.25384650816755,22.7940685953687,22.817447662353516,23.061433773301044,23.39564652266452,46.36742494566854,-0.21952196608406893
2018-05-21,22.988888761013445,24.06430053040854,22.965509694977932,23.892858505249023,23.140617081105614,23.41514503178548,58.13651487204472,3.2670647289502517
2018-05-22,23.90065493968159,23.9707906614348,23.49542665541131,23.885068893432617,23.211517253708184,23.433573418516744,58.037169750444875,2.817834750938835
2018-05-23,23.77597281286468,24.048722714270415,23.42529415586197,24.001964569091797,23.286797950411383,23.455863267558904,59.16488296617144,5.191276974824027
2018-05-24,23.978582872825292,24.50070351355346,23.807139342624705,24.36822509765625,23.389791012053752,23.491642162856838,62.55993795781113,1.989576058062677
2018-05-25,24.24354068833039,24.742282280713574,24.157818919751836,24.64097595214844,23.50895148253896,23.53671407616239,64.90026995444119,3.164768174161165
2018-05-29,24.50849712818366,24.60980345508426,24.1500254997728,24.469532012939453,23.600435342577104,23.573295171722275,62.26557922504922,1.9480382220452066
2018-05-30,24.531869888305664,24.78903365289359,24.39159847373645,24.531869888305664,23.68914339455125,23.610886337078487,62.85603308598295,0.6715498974324294
2018-05-31,24.46173617688042,24.594214580741856,24.29029414862262,24.40718650817871,23.757528452991963,23.642113794768694,60.806570278141436,-0.9487832155014382
2018-06-01,24.594216413415765,25.34233024578213,24.594216413415765,25.19426727294922,23.89436072155932,23.70298255861891,67.91790617071887,2.9617863538482334
2018-06-04,25.209854267310114,25.42805596505387,24.89034920374215,25.077377319335938,24.007028968966615,23.75688039237252,66.00258572930495,2.223668368999123
2018-06-05,24.976065899204208,25.225436684099986,24.976065899204208,25.163095474243164,24.117130540897715,23.812026081857642,66.74324312191962,3.097075387247737
2018-06-06,25.24881863884255,25.24881863884255,24.81241825471189,25.1163387298584,24.21229322556064,23.863175597465517,65.89988455344135,-0.3093106151751087
2018-06-07,25.11633711482313,25.20985041514716,24.866966332136236,25.08516502380371,24.29542387301236,23.911096751439565,65.30737407795654,0.031054700691402527
2018-06-08,25.007242095887975,25.30337106634195,24.93710636532611,25.124135971069336,24.37434883473207,23.95866691691524,65.722290272103,-0.15482794322227528
2018-06-11,25.147509136548937,25.60728707324865,25.13971462744845,25.19426727294922,24.452436305038468,24.007121832838145,66.4987865395639,0.3102703141926437
2018-06-12,25.311161399787352,25.37350558964704,24.726697997158453,24.937105178833008,24.49859524539985,24.043591767975197,61.038549272736084,-0.5902287062102514
2018-06-13,25.007239194690573,26.355400994431797,24.820211097012645,25.022825241088867,24.54852191165595,24.081993080646324,62.154068850722304,-0.40324065311988816
2018-06-14,25.209851723477357,25.287781955070287,24.757868271175855,25.155302047729492,24.606310496043907,24.124083628375075,63.875486081863656,-0.15465909287055574
2018-06-15,25.092962068006702,25.1553032836095,24.71111134627695,25.007240295410156,24.64449428645974,24.158717223160764,60.56004830729091,0.28124802808579474
2018-06-18,24.960479632460267,25.15530074223029,24.77345303181221,25.08516502380371,24.686462928111546,24.195048509460488,61.687162898293366,0.24913167124101707
2018-06-19,24.45394715093541,24.820211820130144,24.407190496745503,24.66435432434082,24.68435734680005,24.213452659063638,52.895924290262975,-1.9516669784252685
2018-06-20,24.765659024288652,25.01502831069265,24.695523308650916,24.804622650146484,24.695811185213994,24.236635795968848,55.18839247793466,-0.8102359271561063
2018-06-21,24.921515929434857,24.921515929434857,24.352638647360617,24.69552421569824,24.695783854783922,24.254631420271963,53.026752085220416,-1.5532718550415592
2018-06-22,24.835794643542,24.944892498247125,24.516286670006146,24.75786590576172,24.70169643106752,24.274366105977442,54.13232444202989,0.3791365473882018
2018-06-25,24.773447509726864,24.773447509726864,23.57334902759333,23.74479103088379,24.610562583430976,24.25359845597377,38.340250118920565,-4.272718171168939
2018-06-26,23.83052337743198,24.181202047407307,23.472053169339368,24.064308166503903,24.558538353247446,24.246175307367107,43.89915448783143,-2.555993724535274
2018-06-27,24.095474344073384,24.329259075703323,23.962995933118535,23.970788955688477,24.502562220146594,24.235375842595396,42.6861408065761,-3.179098525976229
2018-06-28,23.96299394450485,24.321464034771388,23.853894610313635,24.26691436767578,24.480119567530327,24.23661264750051,47.62153492352885,2.198896322620358
2018-06-29,24.50849682404727,24.976066310238146,24.37601840659529,24.835796356201172,24.51399354740374,24.260110047841714,55.541885666338835,3.205943775151347
2018-07-02,24.57083861681475,25.848863120209018,24.54745954881896,25.786521911621097,24.635186724948248,24.319969336617376,65.05279018277997,7.574773443165005
2018-07-03,25.989138096835372,27.01000190958556,25.989138096835372,26.37878036499023,24.801243262095102,24.400707024004546,69.4389092536639,8.70265566242536
2018-07-05,26.495668244235016,27.25157502483069,26.121612108103296,27.08792304992676,25.019022289507642,24.50608804462895,73.69586366573468,9.068067161708962
2018-07-06,27.0411719002772,27.438605674865507,26.955450132316063,27.173648834228516,25.224224817576296,24.61069827167207,74.16436603864784,5.379271106671769
2018-07-09,27.17364318007334,27.57887137983174,26.947652988430217,27.50094413757324,25.441055229004576,24.724041246805452,75.9272602747983,4.254039637375871
2018-07-10,27.578876495361328,27.711356399054587,27.32171417002098,27.578876495361328,25.644657254371886,24.835995570278232,76.34122385644102,1.8124440346706248
2018-07-11,27.34508877210791,27.703558870292436,27.25936701542597,27.594459533691406,25.830352709545174,24.944170627666985,76.42850946977116,1.5485984308917262
2018-07-12,27.70356616855387,28.093208457767663,27.594466803211567,27.960731506347656,26.033245928288267,25.062467132713287,78.44176892517032,1.6718966682537706
2018-07-13,27.929554072850593,28.186716388769906,27.758110547081593,28.14775276184082,26.23462753148375,25.183458726012407,79.4088550695503,2.0627245876936837
2018-07-16,28.02306203831715,28.07761170018211,27.765899771344273,27.99188995361328,26.40198585740085,25.29359328395754,76.33548593736154,1.440254408449758
2018-07-17,27.99189970189673,28.217892935602343,27.898386387952375,28.0698299407959,26.56082815105752,25.402465309715907,76.8186417252968,0.3901844786266576
2018-07-18,28.069822422639938,28.436087015529942,27.976309133741967,28.288021087646484,26.725322716446946,25.515624359830834,78.16279304848068,0.4983286836163425
2018-07-19,28.30361279927403,28.319198846000564,27.687977330881,27.74252700805664,26.822199315647868,25.602953875447533,67.60809983405804,-0.8908399753281113
2018-07-20,27.617837130192544,27.617837130192544,27.282744611725914,27.586668014526367,26.8950058583982,25.680746586783957,64.9110397614788,-1.7212855485359295
2018-07-23,27.54770878317799,27.913973487974125,27.407437320606476,27.83604621887207,26.984628749871902,25.76526814098349,67.16788636521161,-1.5977606470740142
2018-07-24,27.875008102638866,28.046451651177012,27.76590874365444,27.937349319458008,27.075364042213437,25.850447795041315,68.0664074035841,0.7022514976548074
2018-07-25,27.984110595720956,28.038660281322496,27.532127061774645,27.571090698242188,27.122576104692364,25.917923987323704,61.511923280007984,-0.05646682765739273
2018-07-26,27.571081727801655,27.75031677542492,27.087923280051353,27.16585350036621,27.126697761423205,25.966862399599883,55.18055099769138,-2.407643360110127
2018-07-27,27.173652522281117,27.345096081471993,26.924281694040623,27.298337936401367,27.14304444475446,26.019077126533276,56.74797060421648,-2.2873014033997037
2018-07-30,27.3061303786177,27.446401830469824,27.13468683241298,27.197031021118164,27.148186023455764,26.065271396909154,55.159433111096476,-1.3567097552215148
2018-07-31,27.298331933607624,27.74252380953092,27.1970271006666,27.664596557617188,27.197367979090185,26.12799003066241,60.636288334086885,1.835918968068694
2018-08-01,27.664595451811067,27.664595451811067,26.98661887451248,27.337297439575195,27.21069459437447,26.175413850619776,55.52386420817096,0.14271749168244052
2018-08-02,26.495672426773694,27.010000066736986,25.77093761963437,26.58139419555664,27.150761223058485,26.191334648460437,45.89883628106229,-2.2636177643195277
2018-08-03,26.760621292136776,27.212604611792113,26.565800229431275,27.080127716064453,27.144034222392385,26.226189278562554,51.83177655767408,-2.1126960602351756
2018-08-06,27.103513384728004,27.70356279374832,27.041172171870176,27.477569580078125,27.175799494552933,26.27526301587689,55.97512307572937,0.5131163415585583
2018-08-07,27.508738296913425,28.062029498837905,27.321711708558063,27.984102249145508,27.252780709276035,26.34227631914233,60.62393018387709,5.277029651903453
2018-08-08,27.882792633161976,28.05423613861724,27.7191436358095,27.85941505432129,27.310555408804156,26.401771955816013,58.97312214957616,2.8777092428354676
2018-08-09,27.859422359278817,27.968521719453843,27.30613104825714,27.345094680786133,27.31384486327863,26.43876500385406,52.60938454121771,-0.48212014860309754
2018-08-10,27.119093632449157,27.16585176164537,26.737245981914885,26.916481018066406,27.27600068754413,26.45749896519572,47.964303923956116,-3.815099092956256
2018-08-13,26.838557124408883,26.963242525567303,26.44112333719594,26.51905059814453,27.203910202839406,26.459912754723128,44.07804167403086,-4.811172286149106
2018-08-14,26.73724795298084,26.89310244965695,26.565804439356356,26.799589157104492,27.165403436578938,26.47323339795377,47.32259185798066,-1.9948935267901515
2018-08-15,26.589184305198383,26.80738597022501,26.51904858657094,26.643733978271484,27.115720631025848,26.47991969522113,45.735016590012805,-1.0133086847862967
2018-08-16,26.770010194106273,27.109370841936823,26.493787811266603,26.54114151000977,27.0609988099767,26.48232055070304,44.67262123791108,0.0833020465173952
2018-08-17,26.49378652991375,26.643735386117665,26.26491484628828,26.61216926574707,27.018253139097688,26.487412657175355,45.61454847838587,-0.6993386736592468
2018-08-20,26.651632745655036,27.03834411474946,26.485899301757428,26.998884201049805,27.016408478331222,26.507470364778275,50.55066345260798,1.3329596484785229
2018-08-21,27.101474686997648,27.243532744443684,26.967307405810796,27.109365463256836,27.025261524514615,26.531074094130375,51.89399792432983,2.140917537524774
2018-08-22,27.10936735150345,27.37769892196965,26.81736044001305,27.32245445251465,27.05356561289557,26.56210861798858,54.46345200484416,2.6690240080570846
2018-08-23,27.314562464887075,27.35402236837747,27.188288967359213,27.22774887084961,27.07015449460548,26.588212157316466,53.10581726778324,0.8476819563932412
2018-08-24,27.37769771989801,27.53554034452381,27.227748882332204,27.385591506958008,27.10019611482953,26.61948193573378,55.11408359493222,1.0189321623022116
2018-08-27,27.488188406996972,27.535539084800103,27.346130352392528,27.40137481689453,27.12887980074048,26.650144401661652,55.32013360667596,0.2888480041829452
2018-08-28,27.46451254810245,27.622355179820985,27.377698950127368,27.425052642822266,27.157086738081603,26.68053296013854,55.64905629754096,0.724642249745047
2018-08-29,27.496081676565716,27.519757017614268,27.235640882640464,27.425052642822266,27.182607300437855,26.70972981043986,55.64905629754096,0.1440945171997899
2018-08-30,27.377697070640753,27.401375420661576,27.093583965769188,27.156719207763672,27.18014176780222,26.727258806413342,50.73962120086627,-0.8928588830514265
2018-08-31,27.093583275814552,27.29088579424397,26.983091336592167,27.25142288208008,27.18693044535249,26.747814260361057,52.33779701190295,-0.6331063899985864
2018-09-04,27.227747636689653,27.440834718596317,27.06990501928499,27.40137481689453,27.207353718832685,26.773444086107467,54.83633475245108,-0.08633648305477867
2018-09-05,27.338241693401127,27.425055299786795,26.990990278456547,27.117263793945312,27.198773725986268,26.78692721190503,49.53765205028363,-0.1452878512919915
2018-09-06,27.125150202314664,27.1961792314984,26.635840784936494,26.825252532958984,27.163200279031287,26.788430165671855,44.75133274804786,-1.563846229113186
2018-09-07,26.5569197307652,26.77789758423664,26.39118333006417,26.41486167907715,27.091929936178513,26.773780421099513,39.04204922035416,-3.6002322672114264
2018-09-10,26.56481478955486,26.79368646646241,26.320158547626303,26.714763641357425,27.056009336671742,26.771466037580215,44.603921092930406,-1.4842948597113124
2018-09-11,26.572702379158432,27.09358393057363,26.53324247663844,27.054121017456055,27.05582949674644,26.782550546594955,50.14692565235868,0.85318296338821
2018-09-12,26.99098777770996,27.06201681175385,26.7621161112799,26.99098777770996,27.04965409493344,26.79072455565829,49.16138223390013,2.1810680125164317
2018-09-13,27.06201751694878,27.456622602898115,26.872605751030033,26.896284103393555,27.0350474290725,26.794864145765555,47.6486046769862,0.6794762045175478
2018-09-14,26.95942054685088,27.267212045841298,26.95942054685088,27.148832321166992,27.04588408546245,26.80874525068326,51.89934109303064,0.3500808754785535
2018-09-17,27.046234138171425,27.19618299359194,26.754227204732302,26.888391494750977,27.030884791108978,26.811868632803563,47.60643838686305,-0.38011310961991446
2018-09-18,26.912062940203736,27.21196361821177,26.793683232730427,27.109365463256836,27.038359140837347,26.823535175174282,51.28807742472705,0.7922334514469096
2018-09-19,27.156721692102316,27.28299519824057,26.83314564446068,27.180397033691406,27.0518865592044,26.83752975786123,52.44487038944246,0.11626545168133866
2018-09-20,27.306669185757112,28.190586695491387,27.140935781656076,27.788087844848633,27.122000967360997,26.874806545586228,60.98182958175344,3.3460400570011437
2018-09-21,27.922263783379023,28.798287777337578,27.922263783379023,28.46681785583496,27.25007876626328,26.937238361674414,67.9107355099788,5.007318944510053
2018-09-24,28.387884152371615,28.600971209807433,28.103768075790523,28.332639694213867,27.353179807020478,26.991959982558313,65.43679500033863,4.239241461757166
2018-09-25,28.42735344921756,28.679900487329803,28.30897070796575,28.50627326965332,27.46299823203313,27.051344817346354,67.10671117284886,2.584508256971791
2018-09-26,28.403680283572807,28.561519936549544,27.938046081855273,28.064319610595703,27.520266934753373,27.091069319042408,59.25868596305693,-1.4139207524973012
2018-09-27,28.15112192372878,28.23793551365454,27.448725438834927,27.567108154296875,27.524728003281325,27.10973750866023,51.90429361082201,-2.701942170511314
2018-09-28,27.425050720017225,27.70127304821002,27.069905576199645,27.26720809936523,27.50020229814646,27.115912825942782,48.03218753101354,-4.346640329190805
2018-10-01,27.961710037740147,28.26161067531134,27.740732205107253,28.009063720703125,27.548665290770902,27.150938351227502,56.647741699574475,-0.19689018176559045
2018-10-02,28.001173693360613,28.348425049907327,27.8433310728948,27.961713790893555,27.588003243163534,27.182733466508523,56.009485567278716,1.4314364582168646
2018-10-03,27.993287155029716,28.735143669752343,27.993287155029716,28.577301025390625,27.682222079566113,27.237422390386254,62.00341838525111,4.804646376890681
2018-10-04,28.403672607058834,28.67200415943646,27.503970571017895,27.74073600769043,27.68779483462557,27.257160179300143,51.69491864285712,-0.9580031510098594
2018-10-05,27.73284566344188,27.819659266252096,26.62795320107007,26.69898223876953,27.593622206448806,27.235270848298942,42.27027447276963,-4.51593046680588
2018-10-08,26.43854663378052,26.651633788817147,25.893992577974853,26.099185943603516,27.451294943320683,27.1907184990952,37.977244340129566,-8.67162045703802
2018-10-09,25.97290223957903,26.122851063038375,25.75981516797004,25.925548553466797,27.305985763334597,27.1411039914235,36.81167373272768,-6.543400484112668
2018-10-10,25.996577352587902,25.996577352587902,24.71805794458453,24.78119468688965,27.06552947033984,27.048558528500603,30.22727763878904,-7.182998717812801
2018-10-11,24.710176091287128,25.34943606505546,24.11826831790552,24.205081939697266,26.793105895992927,26.93704964266518,27.555106298221567,-7.2573298186354505
2018-10-12,24.694386453413877,24.91536433325184,24.14193874322115,24.512866973876953,26.575940284362833,26.841983655653877,31.061431747047056,-5.448993978570757
2018-10-15,24.4260536101247,24.86011857034452,24.17350510940352,24.583894729614254,26.386221660101064,26.753431148750362,31.880800237581127,-0.7961680611781586
2018-10-16,24.796984909770288,25.152130107125455,24.63124998257154,25.049531936645508,26.258917876914822,26.686611571805074,37.154276506868335,3.4887301726639137
2018-10-17,25.057426485799283,25.254729056553607,24.79698715261554,25.002182006835938,26.13922874643112,26.620555510433736,36.841937469795525,1.9961558698149877
2018-10-18,24.88379886237324,24.94693561997407,23.881501518323443,23.96831512451172,25.93247506815308,26.516546083534834,30.761264932148546,-2.5039954485364597
2018-10-19,24.047235094815964,24.047235094815964,23.155428199894583,23.2738094329834,25.67926881718454,26.389379940375957,27.480131917212486,-7.088845045700698
2018-10-22,23.494788838635152,23.51057340446007,23.18699582624538,23.2738094329834,25.45017744726062,26.267200704791936,27.48013191721249,-6.912886936748074
2018-10-23,22.93444627103326,23.305376000614597,22.121560789369745,23.25802230834961,25.241400767364336,26.149193708853023,27.403074308050854,-2.963465777516055
2018-10-24,23.250131558642057,23.273808406335014,22.1136699647619,22.374109268188477,24.968325386490445,26.00115118176814,23.439896218497015,-3.8657193932329625
2018-10-25,22.66611623432831,23.90517750360851,22.53984272368685,23.56581687927246,24.83475314770778,25.905647875787917,36.72642489300845,1.2546611551920357
2018-10-26,23.16332029029408,24.08669630919102,22.894988694696742,23.920961380004883,24.747725360307502,25.827817032816036,40.06462456587289,2.850367339347159
2018-10-29,24.34713718545467,24.544439753399523,23.131752644370795,23.30537986755371,24.61035912290238,25.728897928295947,36.472731615578894,4.162268934161842
2018-10-30,23.273809977104772,23.834150034597357,23.179105590539237,23.613170623779297,24.51538878965256,25.64592823007961,39.39824568793144,0.20094251240866756
2018-10-31,23.91306343286423,23.960417118728756,22.37410476943558,23.21855926513672,24.39188121588915,25.550737290277926,37.04294576178987,-2.9363456748661023
2018-11-01,23.400083032429404,24.205077828782425,23.131751433645064,24.14194107055664,24.36807739252415,25.49549037970062,45.28560506612004,3.5895626149720457
2018-11-02,24.386599690564843,24.749637236949837,23.289597777815363,23.329057693481445,24.269123135472462,25.410532235143005,40.285252226623534,-1.2031968718836081
2018-11-05,23.336942676222147,23.928850257818443,23.226453742686463,23.70787239074707,24.215670683593853,25.34376126085297,43.42057506494061,2.1074224288544388
2018-11-06,23.731546729728883,24.212965357485405,23.731546729728883,24.165613174438477,24.21090330176953,25.297559375111224,47.039114994265624,0.09805385495993231
2018-11-07,24.402374548862294,25.073203385347412,24.30766868152964,25.057418823242188,24.29152382762407,25.28814209856734,53.304975743551516,7.408619552789212
2018-11-08,24.994286210668974,25.39678357907665,24.73384691408741,25.06531524658203,24.36521824847721,25.27940379064635,53.35759580142311,5.725705088427743
2018-11-09,24.844337693980854,25.00218034219484,24.055127463509045,24.14194107055664,24.343953755341918,25.23479740946636,46.726625020013955,-0.09795780355731029
2018-11-12,24.07091101056315,24.268213559830063,23.179104150208268,23.24224090576172,24.239028722048566,25.156657938732845,41.336275095218625,-7.244073822147984
2018-11-13,23.23434929451428,23.526356232899445,22.839744184578297,22.94234085083008,24.115534639075378,25.069821974501366,39.69256530482466,-8.46976937998593
2018-11-14,22.981800160679903,23.147533569134144,22.1136686972512,22.287294387817383,23.94141651990795,24.9607032456118,36.29748120838704,-7.682260002701992
2018-11-15,22.287293134417705,22.53194784493357,21.979501675855857,22.303077697753903,23.785384251131372,24.856482635891883,36.4385548228419,-4.040760147938226
2018-11-16,22.200483972941655,22.303082149808397,22.018965974237872,22.21626853942871,23.63594465954064,24.752944828187445,35.96677128139003,-3.164769960145983
2018-11-19,22.16812848020577,22.336616685383685,21.10104161509847,21.333715438842773,23.41668473375989,24.618857401154322,31.501274776641072,-4.278576539536589
2018-11-20,21.04487699836871,21.68673464139061,20.739995727404928,21.012784957885746,23.187741897962354,24.477442795535946,30.040669987668302,-5.785267653881238
2018-11-21,21.173247772707587,22.48103167885347,21.173247772707587,22.464984893798828,23.118907897565826,24.398522877820767,42.93441299948421,1.1195235326252178
2018-11-23,22.208241771801728,23.07474824415558,21.967544594294452,23.026609420776367,23.11011756644302,24.344722350093537,47.0025248412506,7.935298409630532
2018-11-26,23.16300627445416,23.64439761552552,23.026611653069075,23.17102813720703,23.115918573182448,24.298695126058774,48.028521080624316,10.271095352885784
2018-11-27,22.994519571780938,23.130914202009745,22.432894263708015,22.55324363708496,23.062330484030305,24.2302460480598,44.09585919922894,0.39287248000997105
2018-11-28,22.56126466888335,22.94637833851836,22.087895209425685,22.74579811096191,23.032184543738076,24.17203240346773,45.591259141052795,-1.2195078514732927
2018-11-29,22.721725594100977,23.02660836557775,22.44091299836358,22.938352584838867,23.023248166700057,24.123652802737187,47.11472536342364,-1.0041658531092272
2018-11-30,22.95440461917864,23.08277585854085,22.48905849391416,22.617429733276367,22.984598792088278,24.064585231385784,44.86019037921021,0.2845980703452481
2018-12-03,23.17904788574831,23.219164844733704,22.801957653118674,22.99451446533203,22.985543141921017,24.022621671932697,48.00835109565302,1.0934606609836064
2018-12-04,22.922307269787204,22.970446094045,21.052899682798447,21.22138786315918,22.81752835346751,23.912769365706286,37.24120052770015,-7.485126559675072
2018-12-06,20.876390988852908,21.48615507996079,20.57953157109162,21.45406150817871,22.687674368201908,23.816349449724814,39.16916878196629,-5.1436800680584245
2018-12-07,21.46208205195913,21.69475582557375,20.916503646537077,20.93255043029785,22.52051970744914,23.703259292100228,36.465181417437215,-8.967199712535464
2018-12-10,20.892440249907384,21.213368354220403,20.314768131838036,20.35488510131836,22.31426879257954,23.57195050030486,33.690782843981985,-4.083157837876802
2018-12-11,20.715927084095817,21.06092534410533,19.729072663816844,19.94569969177246,22.088690782978865,23.42974458624477,31.8426700590514,-7.030658581039458
2018-12-12,20.234530479165777,20.58755206757334,20.001858237703313,20.36290168762207,21.92432991675441,23.309476237279174,35.714710581101954,-2.721353733615133
2018-12-13,20.459183349220268,20.55546253243346,19.937675060105203,20.033952713012695,21.74429399258853,23.181024334366764,34.07116717094336,-1.5766848435065728
2018-12-14,19.897556167044755,19.985811948908193,19.247676716855903,19.48035049438477,21.528680326092935,23.035899870053747,31.4482504477731,-2.3330803360066974
2018-12-17,19.464305508761772,19.656862344005138,19.167446097987188,19.26372528076172,21.312970321775676,22.887971454787394,30.460096453761278,-5.397936029561564
2018-12-18,19.416169699214457,19.90558449096701,19.247681485757465,19.255704879760746,21.117040279679017,22.74552962831576,30.421982200917284,-3.8846444553423183
2018-12-19,19.247681419826726,19.713027558281382,18.57373162891917,18.78233528137207,20.8946874226974,22.590110242161106,28.180698402362964,-3.583175842826352
2018-12-20,18.670007630703974,18.894656502350916,18.156521216284535,18.357101440429688,20.653012567243334,22.42410989699517,26.30581910584385,-4.706378580042655
2018-12-21,18.32500677204409,19.68092932127643,18.32500677204409,19.055118560791016,20.500832185676447,22.291992589693045,34.06091890263562,-1.0416981368496256
2018-12-24,18.58977256872918,19.351977923283,18.50954018451739,19.055118560791016,20.3631451737826,22.165056353265516,34.06091890263563,1.452339527180553
2018-12-26,19.039080592197703,19.65686824724163,18.501525358509863,19.64082145690918,20.29435243884227,22.066066749486836,40.18633086551474,6.993043104573289
2018-12-27,19.2797724964151,19.62476921081543,18.998959864888835,19.62476921081543,20.23058260760162,21.970329591107568,40.076449317327324,2.989488877789311
2018-12-28,19.65686636038563,19.953725831815895,19.255705822418577,19.384077072143555,20.149963032796087,21.868907923697215,38.38178994215121,1.7263524774357706
2018-12-31,19.46430679326012,19.745119437052857,19.079193097358765,19.68895721435547,20.106057716754123,21.783419660585775,41.742250490843155,0.24508016404454425
2019-01-02,19.24767844240832,20.106161571042872,19.223608264204348,19.913604736328125,20.087728861475455,21.710093585124692,44.158831710691985,1.4717906866059594
2019-01-03,19.833375530569754,19.937678122597404,19.08721824985456,19.159425735473633,19.999319039951473,21.6100673949423,38.39997675289325,-1.1589478097606387
2019-01-04,19.335937031106848,20.41907072218096,19.335937031106848,20.35488510131836,20.03318247436737,21.56084455989822,49.61636701493365,3.3822405103168904
2019-01-07,20.435114448193257,21.133134361779863,20.0740709317636,21.06894874572754,20.131826881163576,21.54155452796996,54.89894288886141,5.801782372890707
2019-01-08,21.413951519676576,21.630577063074107,21.01279095221328,21.47011375427246,20.259282773840614,21.538752929001433,57.58925677483043,12.06031981700054
2019-01-09,21.510223610202885,21.654641621816587,21.25348115858107,21.590456008911133,20.386061177180665,21.540780500762597,58.3910869304149,6.070144348359634
2019-01-10,21.518245655143268,21.518245655143268,21.261503219604492,21.261503219604492,20.469436609792456,21.529828450521105,55.31264449212899,0.913925398940468
2019-01-11,21.245460116263704,21.285577085209205,20.916508622440055,21.141159057617188,20.533410176251955,21.514586513544483,54.18711559684459,-1.5321516244403357
2019-01-14,20.868366795316337,21.47813086303131,20.659763177652867,21.44603729248047,20.620327044464194,21.511898308796876,56.59669427737058,-0.668900723407868
2019-01-15,21.413943784561287,22.24033327563249,21.325688001901035,21.903358459472656,20.742520512560237,21.527249687254752,59.99561214464921,3.0188610524787904
2019-01-16,22.055800534784147,22.641494402667117,22.055800534784147,22.14405632019043,20.87600011328692,21.551438182663993,61.6958110944077,4.743813997330941
2019-01-17,21.98359396392952,22.424871409430324,21.750921681648485,22.36870765686035,21.018162736484392,21.583487965965812,63.26506372419851,4.302288351906367
2019-01-18,22.649522768832703,23.347542752419265,22.304524474089114,22.906265258789062,21.197982024322933,21.635361585292216,66.77290293959629,4.578780926094345
2019-01-22,22.85812366977548,22.85812366977548,21.614526810055427,21.77499008178711,21.252935172652855,21.640837212605742,54.89317101080014,-1.666660493754319
2019-01-23,21.791036825213222,22.1280116845848,21.622550160680316,21.87126922607422,21.311824130121554,21.649873762153526,55.61689458014233,-2.2238139029617625
2019-01-24,21.967548054162396,22.152083045073734,21.710805581962425,21.823131561279297,21.360520075946102,21.656668185648655,55.14053068169203,-4.72854778058667
2019-01-25,22.02371148089333,22.65754425840676,21.90336210982478,22.392778396606445,21.458830392199467,21.68553525274504,59.5552180794857,2.8371462512676975
2019-01-28,22.168127278739764,22.505102140526414,22.03975604856445,22.24835968017578,21.534023657721022,21.707606798918796,57.9969105821166,1.7241361267319935
2019-01-29,22.22429193292852,22.464987616699393,22.144059528236284,22.21626853942871,21.5989993607408,21.72755431815448,57.63602154143755,1.8014691294211669
2019-01-30,22.35266042101672,22.35266042101672,21.76696500996351,22.208242416381836,21.65702250889709,21.746404831810455,57.53958516090661,-0.8240870201822531
2019-01-31,22.464983574849395,23.556140409611288,22.184170974102667,23.491954803466797,21.831777965522775,21.81485777187541,67.03894964291004,5.589603643450222
2019-02-01,23.61230611429023,24.069628816963615,23.331493472031163,23.548120498657227,21.99523915915463,21.88282885920019,67.38278088792218,5.994939955216998
2019-02-04,23.524048807432543,24.46276433219079,23.43579301774322,24.358463287353516,22.220308123745,21.979912562265024,71.9320110531155,9.682084834347704
2019-02-05,24.422645472968316,24.599155497281284,24.09369406884092,24.55904006958008,22.443044499538818,22.08105481745385,72.93812112482954,4.542343432211146
2019-02-06,24.52694579354516,24.59915478556251,24.27020339095255,24.318342208862305,22.62164428137915,22.168791577901242,69.70889361556151,3.270841552934121
2019-02-07,24.270208822577363,24.358464617084586,23.33149324657454,24.077651977539062,22.760311681013427,22.243648848475274,66.53658454500538,-1.1528285118061836
2019-02-08,23.973350605998903,24.077653192097134,23.652422514746373,23.93323516845703,22.87201867981758,22.309907135533383,64.63592115474424,-2.5481651536462135
2019-02-11,23.99741379425649,24.06962278503603,23.756718178528292,23.820903778076172,22.96238868917554,22.36916190582918,63.12543359524839,-2.0455277194218113
2019-02-12,23.836950642211672,24.342413611850468,23.804858605420204,24.23008918762207,23.08312206997997,22.442139446291648,66.22200282398379,0.6331066261162405
2019-02-13,24.31032082738812,24.44671543133027,24.181949615478516,24.181949615478516,23.187772312408406,22.510367296063684,65.52485208731659,1.0392011162338775
2019-02-14,23.861025894515265,24.38253422835991,23.861025894515265,23.949281692504883,23.260297015274737,22.5667953116104,62.1209174618782,0.5389296544947424
2019-02-15,23.957300987115893,24.567065014625225,23.957300987115893,24.262182235717773,23.35571465531693,22.6332810733401,64.77140048827441,0.13245121735704482
2019-02-19,24.294276738416855,24.32636877778013,23.885092906972105,24.133811950683594,23.429819159637564,22.692125421471218,62.82904417967169,-0.1990644491464396
2019-02-20,24.011179439203172,24.24008991725376,23.94577622271219,24.06840705871582,23.490637054787875,22.74609725038277,61.81197926296064,0.497406843931435
2019-02-21,24.035708950787885,24.13381457266165,23.626938385096473,23.790447235107425,23.5191904052945,22.787052151744522,57.54836699155218,-1.9443222214194706
2019-02-22,23.74139256093203,24.09293389845064,23.643286949979444,23.839496612548828,23.54969575836634,22.82832448354077,58.09762930689771,-1.219514508259973
2019-02-25,23.831320745649386,23.953951588452128,23.67598751312017,23.757741928100582,23.56950967929341,22.864772226464684,56.77895771992843,-1.2907590014468269
2019-02-26,23.749573509196587,23.88855558887118,23.54518818963608,23.70052146911621,23.581986992609867,22.897546706568665,55.8239169377885,-0.37799106970343777
2019-02-27,23.79044770566541,24.003008591149563,23.528834787942145,23.99483299255371,23.621305659271187,22.94057754131318,59.58900118992021,0.6515925337245401
2019-02-28,23.98665327071996,24.06840768328913,23.75774122739344,23.953950881958008,23.652986156669932,22.980317672318858,58.83882681816786,0.8258737486551704
2019-03-01,24.109288702554235,24.509883685184356,23.90490341186523,23.90490341186523,23.676978276212342,23.016575936614796,57.89710858688189,0.8623520921906587
2019-03-04,23.994833695148717,24.240095422861813,23.733220769765136,23.986658096313477,23.70647159241245,23.05461837425004,59.072948374868936,-0.034069402536668125
2019-03-05,23.82314514821777,23.93760195292466,23.561532267749044,23.757741928100582,23.711354481525603,23.082191846950064,54.484579377327165,-0.819108942922685
2019-03-06,23.79044651276894,23.855849738920323,23.56971003975707,23.651464462280273,23.705650670168904,23.104516263237524,52.44778924696451,-1.060196501187964
2019-03-07,23.50430803057935,23.635114489654825,23.071010660306843,23.32444953918457,23.669345800551348,23.11314109758839,46.66692312094889,-2.7607370500298307
2019-03-08,23.079184296563895,23.16093871636874,22.776694970422596,22.88297462463379,23.59445330760682,23.104114961394092,40.22155502451762,-3.682030498159934
2019-03-11,22.989255871803653,23.455254038236184,22.90750145187924,23.365324020385746,23.572631470728624,23.11435845390357,48.57810518073397,-1.2098212453223307
2019-03-12,23.42255237274956,23.487955598849748,23.09553624224862,23.16911506652832,23.53420133699526,23.116505772045716,45.77492010423983,-0.665972727010305
2019-03-13,23.283573354980835,23.692343961182058,23.259048116583873,23.553361892700195,23.536026151824302,23.133637384620403,51.6580871849905,2.92963340240183
2019-03-14,23.594236134309543,23.79862140488579,23.561533742536128,23.659639358520508,23.547798838176323,23.154264913008642,53.17143048336261,1.2596244669150671
2019-03-15,23.708694010702644,23.9049037050502,23.675991615310032,23.79862403869629,23.57168695251156,23.179533898329726,55.14884485045004,2.7170177642105986
2019-03-18,23.75774392192854,24.45265416857759,23.75774392192854,24.34637451171875,23.6454667200551,23.225292353756746,61.96541606385172,3.3668765530424345
2019-03-19,24.493531049060543,24.583461070669188,23.8722011740755,23.921253204345703,23.67173209951135,23.252584936132784,54.98114740093723,1.1057389415827286
2019-03-20,24.1910445997351,24.1910445997351,23.496134257325803,23.553361892700195,23.660458746481716,23.264380110900134,49.75480414437334,-1.0305727994916862
2019-03-21,23.430728452775856,24.379076030399055,23.430728452775856,24.191041946411133,23.710990479808327,23.300719790724095,57.326754975658304,-0.6380110732004483
2019-03-22,23.945780224647024,24.052059884455957,22.8748002315333,22.891151428222656,23.6329105701335,23.284658286312276,43.0760156910497,-4.306219943091908
2019-03-25,22.850272627489733,23.03013109442317,22.637711770567066,22.833921432495117,23.556816366548894,23.26698233126062,42.57421836789224,-3.0545128270119757
2019-03-26,23.087362744680068,23.144590377807617,22.850276613246496,23.144590377807617,23.517556748573533,23.262182646811485,46.235611300592616,-4.32578129921668
2019-03-27,23.25904140168641,23.708688314960007,22.784867697760635,22.80939292907715,23.450112575288163,23.244426187292493,43.046533240378224,-0.35716202132456826
2019-03-28,22.76852057172437,23.20181636864072,22.76852057172437,22.891151428222656,23.396878180329544,23.230572275172108,44.06004214784681,0.25063586163563933
2019-03-29,23.046483250626412,23.19364089304396,22.85844761901741,23.095535278320312,23.368178856328665,23.225276706668115,46.61747852053227,-0.21195060567734902
2019-04-01,23.2999212561259,23.58606095184024,23.111887178124096,23.42255210876465,23.373357261322568,23.23301299694641,50.5156320723867,2.6881871937321566
2019-04-02,23.39802470118979,23.430725531166903,23.103709434717043,23.152761459350582,23.352348137325237,23.229865877825006,47.43792678008345,1.142843477962342
2019-04-03,23.29992105917702,23.610585987191595,23.21816663833028,23.447078704833984,23.361370096135595,23.23838402790379,50.94886962885402,1.5221272089054558
2019-04-04,23.299921980645617,23.74139493507594,23.136413132485657,23.226343154907227,23.348510387447178,23.23791183680589,48.340873042124336,-0.8376924638541036
2019-04-05,23.24269367114843,23.43072774949243,23.201815680637196,23.381675720214844,23.35166899056791,23.24354963615526,50.27002150931971,0.9887125614202317
2019-04-08,23.17729258107301,23.487957540901597,23.13641458679554,23.316274642944336,23.348298100318043,23.246401597205814,49.43298860958183,-0.557869334326417
2019-04-09,23.21817026275002,23.250872659928003,22.97290852125964,22.989259719848633,23.314103968844766,23.236317602015337,45.36549856496088,-1.0207523133425467
2019-04-10,22.989256325485343,23.463430099201492,22.989256325485343,23.42255210876465,23.32443236312285,23.243620916005508,51.10616018309863,0.17482232256974048
2019-04-11,23.455254302852246,23.5615339584179,23.30809665719528,23.447078704833984,23.33611296709534,23.25159965282231,51.41734408261756,0.5609989755770467
2019-04-12,23.577882535884203,23.913074220727022,23.49612812411714,23.83131980895996,23.3832755234634,23.274333776592414,56.12819834904937,3.6628412544502433
2019-04-15,23.782268956787373,23.904899800809044,23.610584527688403,23.692338943481445,23.41271013489369,23.29072613607826,54.08535994339164,1.151825101995796
2019-04-16,23.741397269801507,24.38725400894133,23.67599247663687,24.248271942138672,23.4922874498694,23.3282769520022,60.30841296149128,3.4170279692007384
2019-04-17,24.248269610133583,24.57528574782648,24.248269610133583,24.4853572845459,23.586865529362402,23.373652651317638,62.6343189371924,2.744445044709762
2019-04-18,25.392831718210736,25.99781207824333,25.31925287826956,25.875181198120117,23.804800354958374,23.471751810015775,72.72462227521214,9.213283077900778
2019-04-22,25.834297912633257,26.71724219864044,25.801595521619443,26.496505737304688,24.061153248515165,23.59036961108593,75.86269822085745,9.27172790098511
2019-04-23,26.68454039933179,26.970681649040092,26.16131460619536,26.43110466003418,24.286862906755072,23.70177098555449,74.88603553643051,7.946575387390214
2019-04-24,26.431104929390056,26.70089186730651,26.202191303556244,26.50468063354492,24.49808364263982,23.81168901096588,75.2717321312702,2.4328310229206647
2019-04-25,26.529205712180136,26.66001214565058,26.275766882912425,26.480152130126953,24.686852070019548,23.916334623482,74.85897543723422,-0.06171986351660692
2019-04-26,26.33300110574691,26.95433415953686,26.324827066024056,26.88892936706543,24.89657371735725,24.032906966367626,77.11154886359316,1.7321436728428359
2019-04-29,26.856223103664732,27.330398424787195,26.651837834630232,27.117835998535156,25.10812250604086,24.153884575472237,78.28486455984965,2.3133852222849076
2019-04-30,27.08513624655905,27.191414339133356,26.65183736317396,26.72541618347168,25.262150475319988,24.254728952256528,71.51652530528035,0.9262184451942221
2019-05-01,26.888922163201233,27.21593980060213,26.561907644471663,26.798992156982425,25.408516349764028,24.35450397989284,72.00523495359593,-0.3344767240645986
2019-05-02,27.60018405162346,27.984429337193276,26.92980065041968,27.01155662536621,25.56118685220233,24.458702122852582,73.42392686571242,-0.3919168667244919
2019-05-03,27.183246656968787,27.510264405574205,27.068791380558604,27.289527893066406,25.72579076085605,24.569714898155084,75.1942690385565,2.1107686620184465
2019-05-06,26.69271512049911,26.929799642289787,26.300292692789384,26.79081916809082,25.827222037735552,24.65681702638786,66.6199008413167,-0.030497374094255476
2019-05-07,26.496503513236693,26.651835179506563,25.965102178553717,26.07955741882324,25.851253978791522,24.71261076726768,56.691048600853804,-3.450372073957943
2019-05-08,26.12861174322515,26.72541634767496,26.07955971583723,26.56191062927246,25.91893556455161,24.785132330483556,60.942347198352465,-2.6662874735140245
2019-05-09,26.21036757223511,26.6354892987448,25.8588231067215,26.537382125854492,25.977835237056645,24.853848008733397,60.61649151693036,-0.945984669771442
2019-05-10,26.42292746949885,27.019732083960733,26.28394698279083,26.807172775268555,26.0568197645054,24.93044897997007,62.96229036635255,2.7899835290922184
2019-05-13,26.202189399459776,26.488330631290403,25.752542456493405,25.793418884277344,26.03173396638844,24.964290937001728,50.7339988179916,-2.8932095876725206
2019-05-14,26.071387333341715,26.815349671041357,25.924229673693695,26.733596801757812,26.098578045947427,25.033675480717655,58.73785479917948,0.7393897219129043
2019-05-15,26.537380333251505,27.06060607863588,26.324821043690893,26.79081916809082,26.164505771865844,25.102583076300917,59.17260924145034,-0.061004594982211974
2019-05-16,26.684533749597232,27.264987024293134,26.53737614211504,27.109655380249023,26.25452002028329,25.181291794102805,61.60036941453392,5.102993526670502
2019-05-17,26.864400401403824,27.117836140382376,26.78264442215935,26.807172775268555,26.307153615996175,25.245051832579893,58.072273120501634,0.2752191336479809
2019-05-20,26.66621253459216,26.981299266364903,26.49208690507764,26.641338348388672,26.33898073336689,25.29980816653318,56.17276189599082,-0.5579553904801366
2019-05-21,27.304677867048017,27.528555044541807,27.006174963722952,27.263219833374023,26.42700350479614,25.37680470248772,61.28665194767878,0.56645667741273
2019-05-22,27.163716756902193,27.594887265811145,27.113968381711494,27.263219833374023,26.506643155136892,25.45078176644405,61.28665194767877,1.7012128131848476
2019-05-23,26.97300400658891,27.172006972398822,26.450625570524533,26.483793258666992,26.50446697452071,25.491292021041026,52.39934656757786,-0.5913557632182858
2019-05-24,26.649626547588003,26.749126447450116,26.160414225619157,26.375999450683594,26.492231972250508,25.52598643004662,51.29156672028177,-3.2542758636466957
2019-05-28,26.37600495520974,26.500380646755097,25.76241683959961,25.76241683959961,26.4227257691409,25.535258210813403,45.407002167595344,-5.504863339498953
2019-05-29,25.70437072834022,25.70437072834022,25.264908336862447,25.414159774780273,26.32667186491608,25.530509252537595,42.43144842348314,-4.038822813029905
2019-05-30,25.48049862725707,25.729251600318044,25.36441485540895,25.422456741333008,26.240556138860548,25.526271899157024,42.528076822982,-3.6151908144124287
2019-05-31,25.140535861737124,25.29807924195821,24.361112465484197,24.385988235473633,26.06393062425227,25.481554892738068,34.69388984139562,-5.34277747579279
2019-06-03,24.39428170457775,24.900077989087993,24.153820657344113,24.808868408203125,25.944400889390444,25.45517503059944,39.58397303325759,-2.3817091414440896
2019-06-04,25.198577007717105,25.638039442228667,24.991283675092852,25.60487174987793,25.912064780865443,25.46104549017899,47.54599442701108,0.717534935356358
2019-06-05,25.70437076824045,26.152125082688972,25.339534095155265,26.14383316040039,25.93413795986877,25.487821477246495,52.144633142679275,7.208421934566788
2019-06-06,26.201879390162187,26.641341855369376,26.011169890392605,26.400880813598633,25.978589660223996,25.523627725730893,54.206656782604995,6.417110120464439
2019-06-07,26.649627729774892,27.470510638425157,26.649627729774892,27.072507858276367,26.082772345752794,25.584368123085618,59.15846953685119,5.731862759302571
2019-06-10,27.354428852823222,27.769015507280383,27.122258175456512,27.24663543701172,26.193616449682214,25.649555076572916,60.35540281379386,4.218211881346166
2019-06-11,27.495382244483277,27.495382244483277,27.163711710616383,27.32125663757324,26.301010753290882,25.715112000533715,60.884452788165554,3.4861557478814733
2019-06-12,27.27150650710037,27.329548379046848,26.9232552754215,27.172006607055664,26.383962739363717,25.772245122358107,59.18327934686042,0.36752689961406365
2019-06-13,27.25492648696904,27.777306570819203,27.25492648696904,27.652929306030273,26.504816698093865,25.84599744328643,62.791021303341864,1.491170790455275
2019-06-14,27.735848183198375,27.735848183198375,27.387593744057696,27.661222457885746,26.614950579978807,25.9171827379766,62.85199771269409,1.2443271728759837
2019-06-17,27.71097381706966,28.30797968386538,27.445638579170573,27.578306198120117,26.706698734087503,25.982324834452818,61.76221052522102,1.4952873997864797
2019-06-18,27.777304500180016,28.27480719615927,27.669511089601347,27.744136810302734,26.805502360393717,26.051415500172425,63.13879181166753,0.3298294486746159
2019-06-19,27.97630403207594,28.32455524377722,27.96801052910518,28.2913875579834,26.947015236354638,26.13925754165521,67.31996314536575,2.2781534729966473
2019-06-20,28.573312081086456,28.929856864637717,28.191893109906804,28.341144561767575,27.079789457822535,26.22560605224785,67.67894007045767,2.766081274779147
2019-06-21,28.316266609366515,28.506976069600675,28.142137829983323,28.208473205566406,27.187283148083857,26.303365548456423,65.60947458873636,1.6736379237116557
2019-06-24,28.24163744005158,28.399179193230445,27.31296127371309,27.62804794311523,27.229260747610656,26.35531387765873,57.34768133540206,-2.344669781602788
2019-06-25,27.611468014453784,27.959722416947816,27.2880909598096,27.669509887695312,27.27118923714253,26.406850976091537,57.75689641100753,-2.369821983048287
2019-06-26,27.86021839624593,27.926553770844233,27.437341453838403,27.793886184692383,27.320969898813942,26.461244513683727,59.02683049416314,-1.4697251349010005
2019-06-27,27.78559368822522,28.58989273762924,27.78559368822522,28.39918327331543,27.423656886861703,26.537242112100657,64.603793091971,2.791132155945031
2019-06-28,28.48209752232006,28.540139391987623,27.9845948785853,28.44063949584961,27.52051237343198,26.61188514675748,64.95561464713823,2.786929046752721
2019-07-01,28.739140775078923,29.261520736553894,28.52355715139968,29.25322723388672,27.68553283633243,26.71546718939,71.03320455668104,5.250582950138419
2019-07-02,29.22836548713173,29.99120357874664,29.029362458032363,29.59320068359375,27.86721548845256,26.828319483280346,73.13261684467926,4.204407566186061
2019-07-03,29.609771622396824,29.767316540962312,29.22006240336177,29.568313598632812,28.029224832279247,26.935770232902012,72.71713908784966,3.965009657914923
2019-07-05,29.070819214306233,29.8502410359942,28.971316133460263,29.667821884155273,28.18528169436268,27.042909513343318,73.36861785754652,1.4172612373799611
2019-07-08,29.352734368171816,29.369315049722193,28.70597708113448,29.14544105529785,28.27672544302317,27.125361730674868,64.64214419807728,-1.5130490043415041
2019-07-09,28.91327097432336,29.74244424246147,28.788896881929645,29.6429443359375,28.406841528062632,27.22409046029301,68.48645985081315,0.25240106120945055
2019-07-10,29.850239413204683,29.850239413204683,29.11227566713213,29.734155654907227,28.533252397285928,27.32252438949357,69.14874262430719,0.2235882735543187
2019-07-11,29.850239413204683,30.190200346666597,29.41906890878186,29.734155654907227,28.647624136107005,27.417098164607832,69.14874262430718,2.0199200228001444
2019-07-12,29.742449720624155,29.991201114273277,29.42736609808987,29.69270133972168,28.74715529835602,27.506337504808375,68.39114860256652,0.16785445878888958
2019-07-15,29.70098815353323,29.800488066562572,29.31127567985427,29.336153030395508,28.803250320455017,27.578094976400028,62.09016452939473,-1.3385368299369675
2019-07-16,29.369314794318026,29.742443386855317,29.228356861051104,29.50198554992676,28.86979653278566,27.65354166555794,63.762423853862096,-0.7808195654688066
2019-07-17,29.286402139014033,29.36931820786177,28.722564014322643,28.971315383911133,28.87946499479761,27.70521906627767,55.348522507217744,-2.4295059838341695
2019-07-18,28.929853637152977,29.037647043259,27.802177532475753,28.39918327331543,28.83372387846597,27.732433348906603,47.99515414295758,-3.1939080632326724
2019-07-19,28.415762745653904,29.12055862111824,28.258220994079768,28.38259506225586,28.790759229303102,27.757929886685005,47.79687924065613,-3.794288644662701
2019-07-22,28.39918386373359,29.14544105529785,28.017764927176277,29.14544105529785,28.824538450826413,27.812342089375704,56.66329753562302,0.6010278410880071
2019-07-23,29.228360838491543,29.26152853190724,28.6313550091904,29.162025451660156,28.856680069953438,27.86527084868098,56.83494269273619,2.686141256257576
2019-07-24,28.971314152069287,29.94144856417376,28.971314152069287,29.933155059814453,28.95920149755925,27.946364347156802,63.9789851894815,5.463066341035818
2019-07-25,30.049238046991885,30.05752838722109,29.49369036029309,29.891693115234375,29.048010223052117,28.02265174982651,63.37167043245406,2.5604418149674046
2019-07-26,29.866831541948347,30.20679256969016,29.67612200570743,29.966331481933594,29.135469390564637,28.098874484418946,64.03353837228028,2.7580595579915363
2019-07-29,29.93315788304589,29.93315788304589,28.91327500077298,29.28640365600586,29.14984408251142,28.14544425585373,54.39146637202568,-2.1606523018245536
2019-07-30,29.087396419540212,29.17860281158901,28.39089082787948,29.062519073486328,29.141527414985223,28.18140797419226,51.634394943779554,-2.7739279891290476
2019-07-31,28.979605110924844,29.427359415643327,27.113965337642707,27.362716674804688,28.972116868301363,28.149302433039807,36.50482817151746,-8.68846695064626
2019-08-01,27.495389647256985,28.001185924212933,26.11896193830013,26.243337631225582,28.712233131437003,28.074558715321604,30.224169476183793,-10.390712565884563
2019-08-02,26.276500753972737,26.276500753972737,25.29807606523483,26.14383316040039,28.467623610385896,27.998843987677635,29.734430559135298,-10.042783647576677
2019-08-05,26.036041132450254,26.21016834669671,24.92494879123637,26.06091690063477,28.238413447552457,27.92284684700929,29.308261330494343,-4.757567713912715
2019-08-06,26.35113151359822,27.71926732246712,26.35113151359822,27.578306198120117,28.175546090463662,27.909335449013636,44.87822650898656,5.086885615136564
2019-08-07,26.906679389846573,28.249939508407163,26.342841184417043,28.092397689819336,28.1676271951642,27.916514360417782,48.978390398550815,7.453247262801547
2019-08-08,28.200182965286167,28.97131439892473,27.85193169231142,28.191892623901367,28.169938188377262,27.927313508005373,49.757316217924334,8.176902337671372
2019-08-09,28.191884034132944,28.191884034132944,26.93154060362993,27.230043411254883,28.08042440007989,27.89996958264261,42.93347796166921,-1.2628142727959624
2019-08-12,26.9730086380753,27.453930709584693,26.599883153060865,27.42076301574707,28.01759950633391,27.88117716825455,44.5571210831615,-2.3908058026519594
2019-08-13,27.27150868933193,28.556726641487277,27.172008781325367,27.851930618286133,28.001821516996024,27.880030244726377,48.14884598424378,-1.2058857138488503
2019-08-14,27.27150315035735,27.37929654058071,26.359413992282654,26.633039474487305,27.871461322471383,27.83112864589347,40.21705835582224,-2.1924457767144836
2019-08-15,26.68357794517407,26.919416618783583,26.152937716491707,26.20347595214844,27.712605572916818,27.767299128491707,37.8505679291549,-4.439289537273529
2019-08-16,26.380359635800232,27.45006171561772,26.355092120021254,26.953113555908203,27.64027299986838,27.73537028250804,44.03910189196962,-3.2271266028065324
2019-08-19,27.795400932504226,29.050406812597828,26.152944780243885,28.351308822631836,27.707990697274422,27.759524735061916,53.366307782660144,6.451645707920495
2019-08-20,28.401842334358292,29.488387202187663,28.2165386642048,29.311508178710938,27.860706647887422,27.82038683089129,58.48385831138681,11.861144804751245
2019-08-21,29.56419891760338,30.170645078148905,29.37889842315153,29.943227767944336,28.05904199265475,27.90363549508945,61.478936877346676,11.0937617868667
2019-08-22,30.15379934768392,31.36669168298287,30.120107179911844,30.79393768310547,28.31950824888815,28.016980678933216,65.12745654335647,8.615577064730674
2019-08-23,30.70970435436714,30.920275563401027,29.96849601197226,30.111682891845703,28.490191548217442,28.099125863753315,60.202706150003515,2.729899492909531
2019-08-26,30.61704999853825,30.73497256490258,30.027453232023568,30.56651496887207,28.687936635898836,28.195886220816796,62.25199548066975,2.081563169335382
2019-08-27,30.70970970583774,31.299309836488604,30.62548249277142,30.82762908935547,28.89171686956137,28.299091823504586,63.41665012683975,0.10940921747881621
2019-08-28,30.726554109196417,31.417227500334192,30.558096479222364,31.25719451904297,29.117000455226286,28.415095850780602,65.3127312675144,3.804209918494699
2019-08-29,31.459335232525227,32.08262738317011,31.366686605741755,31.535140991210938,29.347299553891492,28.53745056217003,66.5218029119252,3.1689122012283177
2019-08-30,31.846793743935574,32.107900010824864,31.358266951716217,31.779409408569336,29.578929063860812,28.664586203205296,67.59095383767226,3.0874262709437787
2019-09-03,31.509876595250248,31.71202637611064,30.24644930079264,31.080312728881836,29.721917984339004,28.75932057676124,61.5340959584417,-0.5658914463784339
2019-09-04,31.602520535924892,32.92490718282621,31.543560867316117,32.73118209838867,30.008514566629447,28.91507985211918,68.67308332671543,3.7927247812561844
2019-09-05,34.10411543937803,34.794788768428845,33.27867344801314,34.4915657043457,30.43547181784052,29.13376557181434,74.17673678930916,8.534319379280323
2019-09-06,34.49156217223461,34.516829687300095,33.66612347846059,34.26414489746094,30.80010734923294,29.33495691791813,72.40694881471603,10.243887171767351
2019-09-09,34.3568054647773,34.57579814812104,33.77562676613717,34.49999237060547,31.152477351268416,29.537507327827438,73.12312199139511,5.404052523675501
2019-09-10,34.36522237603741,35.19908581891361,33.20286834486694,33.4639778137207,31.372620252454347,29.69148656256835,65.12668350462458,-2.9792439677376863
2019-09-11,33.52293414130308,34.129380220850074,33.39659335010512,33.94407653808594,31.617520851085928,29.858254796902376,66.93139241155119,-0.9341203766585691
2019-09-12,34.41576276351659,34.96324604033252,33.86827627363864,34.17992401123047,31.86155924729017,30.027732020993675,67.81261370281734,-0.9277345801609603
2019-09-13,34.40733157302801,34.41575622004331,33.69139080367449,33.84300231933594,32.05026811129453,30.17735046406592,65.1419910393669,1.1326343440851463
2019-09-16,33.64085181935891,34.35679578599521,33.33763200778006,34.16307067871094,32.25148740342942,30.33365321758141,66.49203692270451,0.6451615803401932
2019-09-17,34.09569804248246,34.54210808561835,33.969357214287136,34.222042083740234,32.439159277744736,30.486139055469994,66.74757328703572,0.1232245937583914
2019-09-18,34.11253680081498,34.60106356146666,33.716661888773906,34.2809944152832,32.61457214798649,30.634956912717573,67.01835614963171,1.2941880623192294
2019-09-19,34.28941184855163,34.59263487659593,34.213606091540555,34.43260192871094,32.78771784138882,30.783884168246725,67.74578206361576,0.7889549874916868
2019-09-20,34.407334498300884,34.74424972020634,33.489243892323266,33.7419319152832,32.8785953722359,30.89988604067953,61.1310413665833,-1.4029267081205066
2019-09-23,33.50609781420725,33.88512672426756,33.17760716317579,33.800899505615234,32.96643386112917,31.013651274598576,61.47688471508805,-1.4004696125557319
2019-09-24,33.81773442703857,34.5673673499653,33.60716323686539,33.85984802246094,33.05152092411315,31.125266833338276,61.84239684506023,-1.6634058251996942
2019-09-25,33.615584860398286,34.205184838822255,33.30394039684073,33.99461364746094,33.1413392787177,31.237790237813677,62.71340858370153,0.7488656334561677
2019-09-26,33.94407283701921,34.230449764129126,33.75034774118915,34.15464401245117,33.237844491454226,31.35217666034848,63.7709746824569,1.046553529669147
2019-09-27,34.26415148937954,34.441030554989744,32.411123985628095,32.74803924560547,33.19119637280196,31.406916369574244,50.27360267576098,-3.2835610370074613
2019-09-30,32.75645770892285,32.79857130933314,31.838367082506736,31.855213165283203,33.0639598768478,31.424496636072636,43.91938766886501,-6.293351365496476
2019-10-01,32.16686147871012,32.3437437623089,31.15612209675095,31.2319278717041,32.88948063826268,31.41694491982289,40.108204568522,-8.557302309113764
2019-10-02,30.97081459111155,31.156118287913003,29.479970007996872,30.077991485595703,32.621719766580114,31.36443694201006,34.19241189200786,-8.153305729191299
2019-10-03,30.019032369158143,31.73729428175835,29.960072685074373,31.063467025756836,32.473314743644565,31.352634200196206,42.05306862569934,-2.4854523352844384
2019-10-04,31.14768955494711,32.107893652328,31.14768955494711,31.66148376464844,32.395997507549694,31.364745947821785,46.248939093282864,1.375374247497267
2019-10-07,31.585686315620144,32.31005190254832,31.34142290364443,31.9984073638916,32.35813177958226,31.38959541511864,48.51102278851329,6.384787625249452
2019-10-08,31.770979394763405,32.35215467159648,31.48460247290484,31.880474090576172,32.31264057110549,31.40884555925423,47.75346438936326,2.630121950463223
2019-10-09,32.099477685605656,32.76488352012275,31.33299856390301,32.5880012512207,32.33886539778313,31.45508695893919,52.54173803994707,2.926323647556793
2019-10-10,32.52063014197041,32.88281301336376,32.46167043854013,32.7901611328125,32.3818459439764,31.507442808895007,53.843381352447835,2.4743536761593576
2019-10-11,33.270243165268596,33.556620070403476,32.60483753082861,32.61326217651367,32.40388558517043,31.550808274291818,52.486801844349344,2.29854827081794
2019-10-14,32.512188246543374,32.76487622786096,32.225811319036445,32.57114791870117,32.419815331220974,31.59082159368042,52.14993731646486,-0.05171637373402871
2019-10-15,32.7396105656957,33.32078915694308,32.70592161429572,33.1860237121582,32.492787557976904,31.65337853950308,56.536027124045205,1.2072602441394253
2019-10-16,33.18602437008956,33.28709765241664,32.62169184988479,33.2281379699707,32.562820930547744,31.715133811286126,56.82792061767193,1.8853550746598784
2019-10-17,33.371326681738765,33.851428815440805,33.244985875168794,33.7166633605957,32.672710685790406,31.79362516616101,60.16951165430518,3.516963678264523
2019-10-18,33.63243408631753,33.80931313246665,33.38817071036206,33.6661262512207,32.767321692021866,31.86705658126139,59.65510581371593,1.4467010065041541
2019-10-21,33.76719953286853,33.994616826372415,33.46397647486336,33.6661262512207,32.85292212623128,31.937608333024503,59.655105813715934,1.3181246618327622
2019-10-22,33.79246829776372,34.061999200817844,33.514515959703694,33.5397834777832,32.91833749304575,32.00043873085818,58.21215198707822,-0.5246067231528538
2019-10-23,33.59032286824819,34.88743917836801,33.59032286824819,34.7695198059082,33.094640570461216,32.109030145566024,66.66420031667445,3.277459207673149
2019-10-24,34.77794734813458,35.42650716369211,34.40733990320903,34.66844940185547,33.2445271258321,32.20939952816561,65.49174789229222,2.9772452677070986
2019-10-25,34.651596350989834,34.98008691073035,34.35679795457182,34.71055603027344,33.38414892625509,32.307484096875726,65.76190925799764,3.490698004254427
2019-10-28,34.862162964877136,35.08958021778733,33.69138775449811,34.74424362182617,33.513681754404715,32.403043293932605,65.99130976094058,-0.0726963852912809
2019-10-29,34.533679000545646,35.20750624087078,34.533679000545646,34.7189826965332,33.62847232032171,32.49386444697576,65.63617590861818,0.1457616234634071
2019-10-30,34.7863686252932,35.09801316459766,34.280998928417745,34.53368377685547,33.71468293522969,32.57385736187301,62.959623433593684,-0.5095632961445689
2019-10-31,33.85985659793785,34.98009394258289,33.64086070537962,34.66844940185547,33.805517836813095,32.65599822618605,64.10604598356129,-0.21814899986220898
2019-11-01,34.89585966379732,36.68992719479373,34.53367694127078,36.42881774902344,34.05535592369027,32.80395193296399,74.99358746870436,4.924784425382851
2019-11-04,36.68992633558804,37.21214200183784,36.22666713409233,36.82469177246094,34.31910219500176,32.961628005101126,76.70483358470725,6.634125714502853
2019-11-05,37.04368620916198,37.212143816734425,36.46251083675177,36.81626892089844,34.55692759746811,33.112790393955926,76.58474818772174,6.195314633621937
2019-11-06,36.91734916014829,37.009997801307826,35.856068373872,36.1087532043457,34.704720512408834,33.23027913161827,67.08418708655756,-0.8786026131367233
2019-11-07,37.06053531216088,37.11107356247065,35.70445611960328,35.8560676574707,34.81437262146235,33.33325123067131,64.02916873198812,-2.6303658452196808
2019-11-08,35.54443004305346,36.02453226843148,35.224360821780614,35.603389739990234,34.88951710894119,33.422276270252446,61.035867960327636,-3.2944109125075483
2019-11-11,35.46018839774107,35.805525033352005,35.21592825040271,35.73814392089844,34.97033871007998,33.513094609493464,62.05467152034616,-1.0263696487938072
2019-11-12,35.80552796484489,36.32774689115754,35.42650234850609,36.1340217590332,35.081165667123145,33.61587606633816,64.95381569111056,0.775194045866286
2019-11-13,36.02451914960186,36.411969363537416,35.56968461338464,36.36143112182617,35.203095710428194,33.72354489204357,66.53552735182893,2.1291269942886775
2019-11-14,36.38670744420001,36.942615336257354,36.218249825654375,36.8078498840332,35.35592944124772,33.84449802898434,69.45034669418995,2.993177165278688
2019-11-15,37.01842536976997,37.17003692262583,36.8331216467101,37.00157928466797,35.51265799776393,33.968305137050365,70.64527923997927,2.4009437184165185
2019-11-18,37.060534705320755,37.060534705320755,36.42039961052151,36.8078498840332,35.63600960598005,34.079659833010474,67.7897549968637,1.22772605047183
2019-11-19,37.01233349057751,37.06345666986726,36.30514738677661,36.484073638916016,35.71677760911681,34.17395057049697,63.19246270158754,-0.8796391153986902
2019-11-20,36.36479315127006,36.96973620796699,36.1943857866406,36.49259948730469,35.79066540703946,34.26487797899924,63.26311360258698,-1.3755623603184497
2019-11-21,36.50111520107168,36.654481490802006,36.04101633188069,36.10065841674805,35.82018855082123,34.33686936871488,57.773087908945975,-1.9213061059345584
2019-11-22,36.21994711551853,36.45851873506946,35.810971375181545,36.16030502319336,35.85258059580905,34.408376649282665,58.365234973846576,-0.8874245209759307
2019-11-25,36.35627218389984,36.83341217041016,36.02397959964722,36.83341217041016,35.945993126723444,34.50347608148375,64.4275342504032,0.9339227347288326
2019-11-26,36.50963323142994,37.10605731606731,36.46703220758079,36.85896682739258,36.032943002977646,34.59584826759782,64.63805164046477,2.100539003722802
2019-11-27,36.95269222213734,37.66840049674162,36.731164940825245,37.659881591796875,36.18788953524614,34.71600643717426,70.52543525691435,4.147024112882017
2019-11-29,37.54059945223949,37.80472777306598,37.23386685363448,37.319068908691406,36.29562090414569,34.81808731841023,65.52607497261836,1.3185222591769314
2019-12-02,37.46392163133343,37.4724405379508,36.06658692804726,36.70561218261719,36.33466769257155,34.89210790132031,57.609847682393706,-0.4160579038841144
2019-12-03,36.37330837557979,36.53519681820576,35.785406439871835,36.484073638916016,36.348896830318644,34.95453793024563,55.024549483898916,-3.1221764466114927
2019-12-04,36.97826040454983,37.63432343166656,36.80785303051613,37.26795196533203,36.43642589079611,35.04526004926863,61.592295010747264,-0.1369727189186924
2019-12-05,37.455388753281184,38.000689627721194,37.28498141745629,37.94956970214844,36.58053482521061,35.15915454545999,66.2126171581293,3.389011776570656
2019-12-06,38.28186515224731,38.58007557510041,37.96661366948121,38.04329681396485,36.71984549080626,35.27225816383273,66.80397320447088,4.273709099703378
2019-12-09,37.932525411414154,38.16257480763845,37.199776204977354,37.34462356567383,36.77934816460317,35.35352739527748,58.57409115154224,0.20573065140021515
2019-12-10,37.31905924457184,38.00068525926394,37.23385721157878,37.73655700683594,36.870510911482484,35.44697953690723,61.44361916298544,-0.5613046392471763
2019-12-11,37.83028599225225,38.47782997579186,37.78768172010192,38.30742263793945,37.00735964733553,35.5591537761634,65.2223418215055,0.6942769057744952
2019-12-12,37.7706503580144,38.35003020519835,37.438354529875554,37.88993453979492,37.091414398998324,35.650556943364634,60.54876954236406,1.4602128018832914
2019-12-13,37.88141481364244,37.924015845546585,37.21682961523655,37.83881378173828,37.162595292592606,35.736370937026344,59.98199368594524,0.2709753698086978
2019-12-16,38.08590494136296,39.96037962812196,38.04330390876058,39.60252380371094,37.39496943650864,35.887984774935546,70.30848807984536,3.380809975163465
2019-12-17,39.61956115768128,39.875170579616295,39.253186461149376,39.52583694458008,37.59790919918211,36.03064564433337,69.4690908496759,4.31751182643772
2019-12-18,39.59400214317216,40.09670209351409,39.28726952937028,39.88369369506836,37.81560296069509,36.1817455678916,71.19718595502115,5.40418609612169
2019-12-19,39.98593131712277,41.13617521044048,39.8751660550941,40.65903854370117,38.08640634955281,36.357325684590016,74.55735096755207,2.6677964900086346
2019-12-20,40.769803872835034,41.57923639152221,40.52271661470424,41.110618591308594,38.37442656305336,36.54372932799075,76.29212471563464,4.009482832585096
2019-12-23,41.16172948914832,41.289532532744666,40.309696197509766,40.309696197509766,38.558737956811115,36.691414303266,67.50123900443855,1.0681119599864988
2019-12-24,40.30119115892331,40.761290111855416,40.16486590437866,40.64200592041016,38.75714442953483,36.84633946472263,69.09254418225348,-0.04189135774251402
2019-12-26,40.73571848652844,40.897603664276375,40.437504842993384,40.79536056518555,38.95126025197776,37.001203037289805,69.82679870688703,-0.7668530343878046
2019-12-27,40.820927264404936,41.18730195104983,40.79536729797624,40.957252502441406,39.142307132974295,37.156342232001634,70.62029299300771,1.6064529530531293
2019-12-30,40.98281743164655,41.05950059046857,40.403434287269185,40.64200592041016,39.28513558892057,37.29303492566471,66.92925710289617,0.0
2019-12-31,40.5056761797797,40.769804502941334,40.3097088512162,40.65052032470703,39.41517223042404,37.4247010197448,66.97945569605555,-0.3550409616972995
2020-01-02,40.7527613471275,40.96576970896635,40.44602878603962,40.607913970947266,39.52876668190245,37.54953290018412,66.43601028886314,-0.8529344869344374
2020-01-03,40.17337100085756,40.37785717071134,39.9347994690294,40.309696197509766,39.6031409214841,37.65777459811846,62.60704563840927,-0.8176508894545331
2020-01-06,39.815526326800175,40.57383564579247,39.47471486614913,40.539756774902344,39.69234243133346,37.770793507011945,64.31567800226472,-0.27247756958566255
2020-01-07,40.45455298005032,40.70164349215169,40.062618323079235,40.58235931396485,39.77710594396502,37.88105098963755,64.63791446411832,-0.06293023818139913
2020-01-08,40.61643184232503,41.51958844364189,40.25857936365677,41.4514274597168,39.93656513594138,38.02106575317007,70.49178599500075,2.8323985787756065
2020-01-09,41.707039505355915,42.61019291419757,41.511072194942166,42.439788818359375,40.17496739140976,38.19434901062848,75.46596020501427,4.6868363172650245
2020-01-10,42.60168249035559,42.899892967687904,42.34607304546355,42.49091720581055,40.39553404040031,38.36284188102778,75.69421439113879,4.702924926271942
2020-01-13,41.97117354535433,42.76356505034354,41.75816514616907,42.695404052734375,40.61456927967022,38.532746279918236,76.63066319585602,3.001046451841727
2020-01-14,42.55054936931157,42.82319981358892,41.71555697743096,41.72407913208008,40.72023688466164,38.65789658784615,64.01427497900285,-1.6864119879165897
2020-01-15,41.792231834054256,42.30345375342819,41.528103596780966,41.587745666503906,40.80285676864661,38.772792630146455,62.45989799394154,-2.125563764444072
2020-01-16,41.84335857506666,42.34605838441823,41.6559101969273,41.81779861450195,40.89951789682331,38.89220462953295,64.04636954321695,-2.055503297611296
2020-01-17,42.098976614577694,43.19810064905012,41.88596823193962,42.908409118652344,41.09084087033084,39.049702844792535,70.42694183996831,2.8384808273975275
2020-01-21,42.678353351599334,43.700794086814085,42.473863904456586,43.24921417236328,41.296400232429164,39.2143895635208,72.09358261369026,3.9950915329309966
2020-01-22,43.53038560954517,44.31425476074219,43.50482564816899,44.31425476074219,41.583814949411355,39.41438427713732,76.5426546962291,5.969841141696279
2020-01-23,44.212017566044295,44.55283226437961,43.956408167417734,44.425025939941406,41.85440647231898,39.61088002861984,76.95418584762199,3.5345445157270747
2020-01-24,44.42502562084508,44.6635939578163,43.22365853070456,43.46222686767578,42.00753222425772,39.761913237994584,66.09953569196927,0.49252385133188714
2020-01-27,42.14157298884121,42.78912022071502,41.263979589334184,42.4738655090332,42.05194491804586,39.86826430744708,57.182659957101684,-4.153041186510887
2020-01-28,42.77208199698462,43.69227647925888,42.49090938418564,43.240699768066406,42.16515966566686,40.00051667845176,61.51996706019852,-2.6658986614348885
2020-01-29,43.47075031283755,44.118294353941494,43.23218196878609,43.59003448486328,42.30086202939986,40.14128208262476,63.3417520439589,0.29406596577902117
2020-01-30,43.79451564611803,44.87659514425358,39.593990955633686,39.730316162109375,42.05604813727695,40.12516577201632,40.51728766224236,-6.4593822908356175
2020-01-31,39.19354558377847,40.906131688959555,38.5800803519523,40.31822967529297,41.890541617088005,40.13273690547815,43.837020805869734,-6.758609616516208
2020-02-03,40.71015968124161,40.82944385146922,38.75900543205466,39.14241790771485,41.62881554952865,40.093900866350175,39.133044836665704,-10.203287585589944
2020-02-04,39.721813267811854,40.94022181342548,39.721813267811854,40.096710205078125,41.48290075481908,40.09401103649637,44.352201685175565,0.9222026864165213
2020-02-05,40.769801186707305,40.974290654368616,40.05409292526747,40.863525390625,41.423912624895834,40.12418806999161,48.19612725130986,1.352479312022444
2020-02-06,41.20434965767931,41.22139072146358,39.84109380719351,40.08818435668945,41.29670040887618,40.12277615966604,44.82457488002005,2.416218771166394
2020-02-07,40.13077204599215,40.463067803908224,39.83256165456048,40.35230255126953,41.20675775577078,40.131777194630885,46.20511485486027,0.6374396923941064
2020-02-10,40.369683465408656,40.55203657924202,39.69236669438505,40.482566833496094,41.13778719174462,40.14553365105697,46.910656041905945,-0.9322704134976729
2020-02-11,40.760425454186944,41.13381693047945,40.40440140847765,40.67359161376953,41.093578089080324,40.166241806457464,47.98795042632314,1.4602987550429984
2020-02-12,40.77779129214601,40.85594307046885,39.98759145021447,40.23941421508789,41.012229148700094,40.16911131267827,45.71720277195743,-0.27975686403077143
2020-02-13,40.26547555642067,40.28284299143794,38.94558030760395,39.76183319091797,40.89314381938751,40.153139621628846,43.290620517621576,-1.7803555924269492
2020-02-14,39.94418274094391,40.031016595815835,39.54474170853429,39.692359924316406,40.77878344842836,40.135069829577375,42.933620513580955,-2.4124540039904945
2020-02-18,39.536058377613394,39.93550274315383,39.44922451825643,39.65762710571289,40.672006653884026,40.11634658550426,42.74383855566128,-1.4458140624643019
2020-02-19,40.16126802765979,40.673595687431515,39.813926006204746,40.43914031982422,40.64982890778309,40.12900516332073,48.28331902712584,1.7034102166621288
2020-02-20,40.43912785454169,40.743049545257314,39.70971248432618,40.33492660522461,40.61983821230133,40.137080513983626,47.62167453224258,1.6188674146193882
2020-02-21,40.29152388852974,40.42177466793821,39.65762417457839,39.674991607666016,40.529852821383685,40.11895938040254,43.55168307216787,0.04378603365964766
2020-02-24,38.25957937630286,39.28423470841326,37.86013505298085,39.0063591003418,40.384758181284454,40.07532799687075,39.83680671225955,-3.5430555846411966
2020-02-25,39.28423112190151,39.39711445432885,37.39122421082742,37.48674011230469,40.10875646042924,39.973814746495606,32.95643954097572,-7.061340462563267
2020-02-26,37.399915451384715,37.91224319643791,37.035209249397475,37.51280212402344,39.86152271410488,39.87730444757513,33.169625647477545,-5.449754104610318
2020-02-27,36.661815548509864,38.15537845281363,35.56769038096822,36.739967346191406,39.56423172668455,39.754271620069886,30.111868833181862,-5.810313514061176
2020-02-28,35.51558368578796,36.36656790231191,34.54302745619032,36.17552947998047,39.2414981793794,39.613928791046774,28.07616617244537,-3.497798497271374
2020-03-02,36.340521402824514,37.799352687722774,35.915030877020406,37.67778396606445,39.09257301620654,39.53800154300826,39.750725748529405,0.43980143497560853
2020-03-03,37.79935195987973,38.32036501588205,36.34920607587982,37.17414093017578,38.90986519848933,39.44530112681875,37.550116315278764,1.1817473322533667
2020-03-04,37.97302029025968,38.19010822010053,36.870213209168355,37.28702163696289,38.75530866882014,39.36066271545185,38.37358367961544,3.072497273599054
2020-03-05,36.45340831819939,37.521480639144215,36.07133471710913,37.11335754394531,38.59893237121302,39.27253310088297,37.55316359615748,-1.498035082497174
2020-03-06,35.66320747437091,36.03659900618188,33.67468109565649,35.16824722290039,38.2722004523261,39.1115807135111,29.854256589737226,-5.395938297654443
2020-03-09,31.49511575456771,32.38083486351529,29.39370297157471,29.576059341430664,37.443996537002725,38.73763869891972,18.262243335183946,-20.680016684111596
2020-03-10,31.4169730593401,31.929300830000972,28.273540003547843,30.774391174316406,36.8087960262707,38.42535448226861,24.984053267276373,-17.080013205819604
2020-03-11,29.54132591377734,30.88727041736309,28.69902368532415,29.45448875427246,36.10838580988992,38.07355582626876,22.7635430056389,-16.24692419958684
2020-03-12,26.74523346580924,28.11723083252075,25.616376843672633,26.137388229370117,35.15876699269756,37.60547082246881,18.349671611516502,-11.626535747592296
2020-03-13,27.986979052583095,31.55590559995318,26.467363351756372,31.217248916625977,34.78338431878598,37.35495231635733,38.13359941818191,1.439046315493543
2020-03-16,26.050552025888997,29.862615609010916,24.45278470246785,27.049156188964844,34.04679116356492,36.95080344861645,31.408840234798454,-8.166268256680288
2020-03-17,27.431233654567077,28.5774577722556,25.18220234694353,27.09257698059082,33.38448505090072,36.564206332223286,31.544273008105975,3.6544919593281113
2020-03-18,25.260352412163048,26.98837218716799,16.898124174482657,26.050552368164062,32.68601527159247,36.151906176769984,30.012740558077073,-16.550774740788214
2020-03-19,25.8334598411534,28.021706248727384,22.360053475956303,25.955028533935547,32.04496891562514,35.75202862214903,29.86957020157928,-4.044960395014705
2020-03-20,26.65840089871545,26.849437698295144,22.49031126868441,23.306562423706055,31.21273972591856,35.26397112417087,26.145545771203977,-13.974361167625636
2020-03-23,22.49899157646364,23.844935998830493,20.406264189912942,20.66676902770996,30.208361564184408,34.69153182627045,23.059554696992357,-20.666676331337726
2020-03-24,22.19506933146837,25.034579831877615,22.06481690570407,23.8623046875,29.603975194976368,34.26685625220102,33.319687739803555,-8.06288401378316
2020-03-25,25.59901102294979,31.94666396183648,25.26035434623409,30.123123168945312,29.653417859163888,34.104356915602764,47.96150947346949,29.24738801594291
2020-03-26,30.5659756480023,34.51697459300369,30.461774388051253,32.736854553222656,29.947078496693294,34.05072937198002,52.637235512832405,58.40335037048679
2020-03-27,31.095673105289443,31.608000700189447,29.4371216222231,30.791748046875,30.02752321575822,33.922926182760214,49.101450842981635,29.03928790669122
2020-03-30,30.609404291184607,31.469074124521953,28.84665100477016,30.7830753326416,30.099480560223302,33.79979477687321,49.08561856750189,2.190849069649758
2020-03-31,30.46178402153101,30.93069149585095,28.751129843226856,29.089786529541016,30.003319223967846,33.615088571095484,45.9690598187534,-11.140557251009989
2020-04-01,27.49201628012093,27.49201628012093,25.685844705870235,26.01581764221191,29.62355716856252,33.317077946433386,40.893037376968564,-15.510423108790636
2020-04-02,25.72057925956658,27.743838746888617,25.434023251705504,26.892852783203125,29.363490084242578,33.06514754787534,42.83262054915563,-12.637537047227319
2020-04-03,26.884168281895512,28.542719923842256,26.189487572899292,27.71778678894043,29.206756437070943,32.855447125956324,44.67171432265995,-4.716431106179842
2020-04-06,29.00295095060284,31.92061016636779,29.00295095060284,31.19119453430176,29.395750541569118,32.79018231844046,51.71519484201225,19.893193299804476
2020-04-07,33.71810800939128,33.74415750804654,30.19259787888647,30.46178817749023,29.497277935466368,32.698872744285545,50.26798975457804,13.270943856563294
2020-04-08,30.90464433854604,32.927902548614014,30.43573351625574,32.36347579956055,29.770249160618196,32.68571992292378,53.89086368686661,16.76067806565918
2020-04-09,33.857035725190194,35.51558741242066,33.03210091151558,34.00465393066406,30.173525805384468,32.737442825188104,56.81470830852434,9.020043760325587
2020-04-13,33.52706037143808,33.66599651385732,30.331525783296684,31.37354850769043,30.28781368179456,32.68395677352153,51.20841462078883,2.9931280622387924
2020-04-14,32.73685438816628,33.8657107506896,31.269338135637476,31.57326316833496,30.410237442417454,32.64040016155343,51.59883034482588,-2.441680356336497
2020-04-15,30.39230886623319,31.27802797926327,29.376338988418528,29.541324615478516,30.32748383985184,32.51886778719755,47.43963765487075,-13.125642520245417
2020-04-16,29.68026805190446,31.712211619786434,29.228724668764062,31.54722595214844,30.44364975530866,32.48076418582308,51.588256962442046,0.5535792179052961
2020-04-17,32.96263802166073,33.94387661677989,32.780284913828766,33.752838134765625,30.75881055335218,32.53064943872278,55.726302752836794,6.903229972809952
2020-04-20,32.5631963396102,33.405498744927996,32.16375525951089,32.36347579956055,30.911635814895835,32.52409360973603,52.672110669738665,9.553231687530127
2020-04-21,31.41697186388036,31.842462437942256,30.26206225214172,30.826492309570312,30.903526909626738,32.45752100972953,49.44372323510117,-2.284618126713753
2020-04-22,31.781682456231092,32.07692227413051,31.130418444320615,31.3648738861084,30.947464716910705,32.41467210292086,50.58622950281338,-7.074854680731601
2020-04-23,31.6774746237516,34.01333987333424,31.44301923020623,33.04078674316406,31.146828719411026,32.43922561822452,54.06609756699988,2.092825096409183
2020-04-24,33.48364263171222,33.874398245396904,32.76290913314052,33.81361389160156,31.400808259619648,32.493123197572636,55.61825158107622,9.690111842870543
2020-04-27,34.204378145898254,36.41867465586704,34.204378145898254,35.93239974975586,31.832388401537383,32.62799678785433,59.64444110251801,14.562551344006623
2020-04-28,37.00915711094178,37.10467635009771,35.003266338665604,35.27245330810547,32.16001363073434,32.73170096511908,57.88308256930072,6.754277924096721
2020-04-29,36.48814137515054,37.66910029947702,35.906343973093044,37.32175827026367,32.651608358308565,32.911703212379656,61.66851915614048,10.374946581895651
2020-04-30,36.60102879185518,36.60102879185518,34.820904995781035,35.15956497192383,32.89046136912906,32.999854653930406,55.95419755798653,-2.150802014934397
2020-05-01,32.207167433486994,34.98589377307387,30.409679526121245,34.35199737548828,33.029655274496605,33.05287985869738,53.9436670127782,-2.609560283706352
2020-05-04,33.69205257367625,34.91642860259401,32.78896581564482,34.69065856933594,33.187846064481306,33.117106474800856,54.679107760675684,-7.049774241274368
2020-05-05,35.17692689801158,36.548924212565694,34.9077399834464,35.515586853027344,33.40953566339045,33.211164528848954,56.50120278967413,1.01258898222379
2020-05-06,35.88029444781872,36.54892570032515,35.35059934437212,36.192901611328125,33.67461813462261,33.32809539482853,57.994471792468204,5.358943806724359
2020-05-07,36.48813851118707,37.4346419883781,36.35788443233096,37.3391227722168,34.02361857629825,33.48539058609866,60.46776034700064,7.63451693367941
2020-05-08,37.85145822909718,38.355100592305774,37.39991485820356,38.146697998046875,34.41629280694097,33.66818695519467,62.15834793006557,7.408327943186601
2020-05-11,38.01643809287354,39.35370056661759,37.44332607734024,39.14529800415039,34.86667425429425,33.88297562378117,64.19724793367375,8.157390707514278
2020-05-12,39.362381999973934,39.56210248256,38.33772678496808,38.34640884399414,35.19807754855138,34.058012220652266,61.34940620519662,2.6976693531933824
2020-05-13,37.886183284497235,38.11195325520822,35.17692376097351,36.17552947998047,35.29116820868749,34.14105211317494,54.30027904025349,-5.1673372048278745
2020-05-14,34.73407395873241,36.27105712890625,34.35200033768615,36.27105712890625,35.384490962994036,34.224581721635,54.54776938774376,-7.342493279625559
2020-05-15,35.26229974956707,35.90263462983691,34.920203353573726,35.69211196899414,35.413788201660715,34.282131927413786,52.685556572291596,-6.921891658221651
2020-05-18,37.113130135860914,38.770983859047035,37.113130135860914,38.165733337402344,35.67587821458849,34.43443002192314,59.10890570351091,5.501519635042946
2020-05-19,38.183286317147726,38.893796659922266,37.90259161667637,37.93767929077149,35.89128784089163,34.571812346191706,58.32277418636252,4.594909257654433
2020-05-20,39.03414310786656,39.9376289449902,38.613101066892106,39.463958740234375,36.2315422122576,34.76366122438946,61.96836746099348,10.56773209306541
2020-05-21,39.63938641089165,40.03411433010894,38.45520599938414,39.43763732910156,36.53688460433798,34.946954404966405,61.86786092446879,3.3325810366461774
2020-05-22,39.3499240659315,39.972715186768745,39.21834696890073,39.65693283081055,36.83403205447822,35.13165944127402,62.41480919034573,4.531783630890863
2020-05-26,40.84112382329093,42.06916244417234,40.48148348734166,41.76215362548828,37.303376966002986,35.39167882104713,67.2685145369117,5.823528501997053
2020-05-27,42.79721630290658,43.042823355525115,41.323567294905125,41.82355499267578,37.73387011140039,35.64390925915021,67.40074435669943,6.04984939555093
2020-05-28,42.27090984610492,42.928788727367376,41.2446203974851,41.40251159667969,38.08326453856985,35.86973680179843,65.44822623516654,4.401698873980878
2020-05-29,41.42005313497444,42.48143020139759,41.104270754120805,41.75337600708008,38.43279896414225,36.100467751025164,66.32371720313539,-0.021018117233412906
2020-06-01,41.56916395025183,42.88492142500288,41.472674533387,42.32353210449219,38.803344977508914,36.344509490376815,67.7536039618997,1.1954438399699958
2020-06-02,42.753355254802166,43.70947265625,41.998986966999034,43.70947265625,39.27059523262711,36.63333157531302,70.97928296732731,5.572031672965757
2020-06-03,43.85858857675563,45.3322374206262,43.7182412271558,45.262062072753906,39.841211122162996,36.97171316344796,74.10437662034371,8.403358964503527
2020-06-04,44.884879495266254,45.04277068729349,43.65684098034263,45.016456604003906,40.33409164424308,37.287193298371726,72.76941169026664,6.36271210272144
2020-06-05,45.85853185484316,48.11286268162018,45.762042439930305,46.621673583984375,40.93290897183749,37.65325134878791,75.83361817419406,6.662631120345856
2020-06-08,47.31463804649984,47.31463804649984,45.560294729810494,46.33220672607422,41.447127805574326,37.99360254005404,74.2118672748081,2.364330311774505
2020-06-09,45.28838487378495,46.19187083487924,44.49892884729323,45.674339294433594,41.84971937594187,38.29480790297089,70.52070419363655,1.4614270870248223
2020-06-10,45.63925427284974,45.683115546098534,44.341040222944706,44.577877044677734,42.109543915821476,38.54120277127312,64.74095545094235,-4.383790589638404
2020-06-11,42.156880458056435,42.87616110979521,41.253391174124985,41.28847885131836,42.03134724301165,38.64893908813764,51.187163081128865,-10.886008310753343
2020-06-12,42.97265120188042,43.46386530547028,41.29725307111118,43.17440032958984,42.14020944173338,38.826408156429885,56.77459945491509,-5.4733992947948975
2020-06-15,42.007757337478,45.472586647295856,41.753376710157454,44.990142822265625,42.41163166845074,39.068123241364624,61.360507002698185,0.9248214695704359
2020-06-16,46.78834736102114,47.025184165845715,45.55153516658953,46.46379470825195,42.79755195795562,39.35814957339942,64.63942750211169,12.53452779301978
2020-06-17,46.44624290106422,46.7883393339609,46.016427289127016,46.50764465332031,43.15089411941892,39.638521929474756,64.73532299833826,7.720418345790009
2020-06-18,46.14800563695252,48.20058763617889,45.74450744084985,47.656742095947266,43.58002249813591,39.95296193600309,67.24237755010837,5.927074479883492
2020-06-19,48.568996706850065,48.58654054260947,46.314665677007035,46.56027603149414,43.86385616797955,40.212072292689015,62.66445775358591,0.20764839343836988
2020-06-22,46.05151761021427,46.376070225975255,44.779617883179405,45.323463439941406,44.00286638435687,40.412519004345974,57.8778188966265,-2.5462076658710435
2020-06-23,45.86729903395758,46.32342862042616,44.67434524567725,45.00767135620117,44.09856209596109,40.5927210573599,56.687190238840394,-5.558648416236096
2020-06-24,44.67435367648311,45.14802718406881,42.88492265636674,43.428768157958984,44.03477219710375,40.70393859071673,51.034361716907114,-6.725707277630726
2020-06-25,42.81476210610672,44.69190945700083,42.534067362766216,43.45509719848633,43.97956505437828,40.81182716357044,51.12189223048364,-4.122293619354288
2020-06-26,43.02527942515503,43.63930040154142,39.911319965228834,40.560428619384766,43.653933012950326,40.80196839713179,42.19199238496333,-9.881077164867948
2020-06-29,40.709538020097334,42.16564289240423,39.56921549173678,41.99898147583008,43.496318580843635,40.84891008649251,47.134253603772976,-3.292257051658685
2020-06-30,41.849868801061675,44.077886137242906,41.849868801061675,43.78841781616211,43.52413755563587,40.96418489942073,52.56670782816146,0.7670460755231996
2020-07-01,44.06911868853621,44.928746767729415,42.91124867685348,43.99894332885742,43.56935715308554,41.083195033908446,53.176329401291504,8.477510782095903
2020-07-02,44.84102107788011,44.99891226815902,43.218254600857186,43.77964401245117,43.58938447302513,41.1889381311062,52.420548612797795,4.23977552323702
2020-07-06,44.91119518531626,45.26206188478635,43.89367606840695,43.98139190673828,43.626718514331145,41.29844612230746,53.08121268029905,0.44069665039357964
2020-07-07,43.542811848982296,43.937539866578874,42.9200206135217,42.998966217041016,43.5669325812559,41.36513318484603,49.47831799642731,-2.272729834310714
2020-07-08,43.03404328371675,44.226993942739064,43.03404328371675,44.16559219360352,43.62394778243186,41.47495510675809,53.513423636954414,0.8815699393137711
2020-07-09,44.04279513906599,44.04279513906599,41.49022534278572,43.7708740234375,43.63794075776573,41.564991142706305,52.00013510779339,-0.4786521621397988
2020-07-10,43.90245428151153,43.98139988879524,42.80598937265187,43.93754196166992,43.66647420575661,41.658032351293116,52.609531159510944,2.182786767224504
2020-07-13,44.31472705095786,44.84102887935742,43.09545858312073,43.1568603515625,43.61793955297622,41.71680991993113,49.44308744301921,-2.283976715673059
2020-07-14,43.14807894645921,44.53401197441585,42.96387367448365,44.48138046264648,43.70017202056386,41.82522445101801,54.452025918144265,1.623240236940506
2020-07-15,45.18311902151597,45.67433644582412,44.762076949028256,45.48135757446289,43.869808739982815,41.96860222056487,57.847530797663254,3.5136594899636333
2020-07-16,45.26206817870045,45.3673312147091,44.05157337990798,44.92874526977539,43.970659838058296,42.08468626171038,55.39009284230851,4.105685408481619
2020-07-17,45.10416615307747,45.674329083201854,44.80593099435049,45.45503616333008,44.1120290118937,42.21685684608762,57.25259785604674,2.188906213244066
2020-07-20,45.42873063374939,45.59539207960693,44.788395588745146,45.27960968017578,44.22322717077771,42.33696480036559,56.407212434891065,-0.44358371219857307
2020-07-21,45.61293448562645,46.91992196530682,45.30592568812347,46.88483428955078,44.47671356304181,42.5153126234709,61.94455839335965,4.353758396834859
2020-07-22,46.542738869258635,47.34973535303505,46.37607407871937,46.656768798828125,44.68433787121194,42.67772266956334,60.76358835444937,2.6437832568869895
2020-07-23,46.56905596506039,47.59534547442248,45.84977528000015,46.13924026489258,44.822900003943424,42.813468457615464,58.05862210723968,1.8984938050231437
2020-07-24,46.01643229661752,46.11292173098976,45.3410096021567,45.63047790527344,44.899812185022476,42.92393941634715,55.445555195851725,-2.6753989926267097
2020-07-27,45.61293739220626,45.74451451160338,44.95505848751098,45.72697067260742,44.97858918384009,43.0338622107103,55.85140483753866,-1.9928472334416283
2020-07-28,45.41118826297046,46.3848495773027,45.253297058151986,45.72697067260742,45.04986361134174,43.13947430725529,55.85140483753865,-0.8935335517408873
2020-07-29,46.02520692321675,47.51639635510896,45.90240340258045,47.393592834472656,45.27307591830659,43.30630248479323,62.664014515247835,3.8638975749045543
2020-07-30,47.04272901301653,47.27079223024808,43.96385383044697,44.33226776123047,45.183475141442194,43.346536417202536,48.00925839846181,-3.0500662756836525
2020-07-31,44.24454409666737,44.762075589112584,42.2358232309363,43.06913375854492,44.98210929545198,43.335657881568906,43.4899314113934,-5.812405403130428
2020-08-03,43.235795903593065,43.92876238184346,42.56037326169459,43.56034851074219,44.846703506432,43.34446927879139,45.63325981546235,-8.088106628924498
2020-08-04,43.270882941153445,43.534033790280525,42.34107970501688,43.0340461730957,44.67406947468569,43.332295823666065,43.71992542025758,-2.9283897569302524
2020-08-05,43.19194307677215,43.93753780581613,43.19194307677215,43.323516845703125,44.545445414782584,43.33195155002046,45.08376746521799,0.5906389680004499
2020-08-06,43.191947564618694,43.7357932275606,42.16565466036623,42.613014221191406,44.36140434872628,43.30375792928207,42.369758964462704,-2.1747628794043377
2020-08-07,42.323540706214814,43.23580021052201,42.323540706214814,42.7884407043457,44.2115982873567,43.283549410657116,43.27770276518789,-0.5707236260380953
2020-08-10,42.78844096136201,43.174398709580665,42.34108479864355,42.77967071533203,44.07522423287816,43.26378946182084,43.241025825108544,-1.2553139033195386
2020-08-11,43.183162402505495,43.28842206961683,41.6042540112575,41.90249252319336,43.868297403384375,43.21040526814918,39.62393084445046,-1.6673819277602409
2020-08-12,42.262134726495454,43.37614323850771,42.05161203646427,42.19195938110352,43.70864616316715,43.17046621375523,41.366949825082656,-1.3940244454423416
2020-08-13,42.0691543363073,42.92001196431293,42.0691543363073,42.5340576171875,43.59678058735957,43.145509013889836,43.444948911460926,-0.5741350834112537
2020-08-14,42.42880122420465,42.586692424065006,41.920043293878535,41.99021530151367,43.443774369659955,43.10020337811038,40.95971842615724,0.20934978574784602
2020-08-17,42.35357456494312,43.248678946655424,42.06997693623721,43.01825714111328,43.40324891932217,43.09698980018892,47.117976986918094,1.9584247144014644
2020-08-18,43.27526401260169,43.29298590438163,42.40674256238201,42.45105743408203,43.31256401596597,43.071659119165126,44.3682373983983,-0.1951381733962042
2020-08-19,42.699202877924435,43.00052573807219,42.23835595177198,42.26494216918945,43.21279050674916,43.04002316034255,43.47175294239139,0.6542640129446486
2020-08-20,42.06111680902074,42.15860413751448,41.12170083790085,41.34326171875,43.034740145987335,42.97348349596637,39.24296888654453,-3.8936849925574033
2020-08-21,41.35211410420873,42.03452188161686,41.35211410420873,41.680023193359375,42.90571948383229,42.9227595625308,41.48281653936797,-1.8162898342872085
2020-08-24,41.715484605094645,41.715484605094645,40.01389857200072,40.37725830078125,42.66491365687505,42.822935983638665,35.95989715113245,-4.466311253548332
2020-08-25,40.536780854334,40.651990079959155,39.82778332040579,40.49246597290039,42.45801387744889,42.7315450028254,36.76172387995331,-2.057882495187254
2020-08-26,40.607671056210314,42.034523426810374,40.545634290597285,41.564815521240234,42.37294736733378,42.685790905508334,43.81352348036743,-0.2764098080864215
2020-08-27,41.55595565167648,42.29153935248867,41.52936942949068,41.919315338134766,42.329744316933876,42.655733040121135,45.958923386477025,3.819122699878012
2020-08-28,42.10542723686983,42.185189287174495,40.58995166183188,41.29008483886719,42.23072912854657,42.602178208699414,42.832630656559985,1.9697957306443223
2020-08-31,41.29894475108043,42.007942238571545,41.29894475108043,41.538230895996094,42.164776915922715,42.56045478467183,44.437802400078944,-0.06395944481109386
2020-09-01,41.7066220920575,42.74352540817801,41.48506120768124,42.69034957885742,42.21483145524983,42.56554869816931,51.27805913272422,1.8393292793626148
2020-09-02,42.75237934638856,43.09801370109366,41.87499696996408,42.95621490478515,42.28543940282462,42.58086894156601,52.72442760971707,4.035181987200956
2020-09-03,42.66375876310686,42.8321471807914,40.8824109319604,41.130558013916016,42.17545069911904,42.5239940032268,43.233352234259776,-0.9814401655689532
2020-09-04,41.56481933534431,41.92817901617075,40.297490925955636,41.30780792236328,42.09281805371373,42.47630043142823,44.282049709850156,-3.238534399771817
2020-09-08,40.13797221106309,40.3772583813351,39.039028693600976,39.561912536621094,41.85177943303824,42.362010710063245,37.02627377328377,-7.901772480856883
2020-09-09,39.88094661039799,40.54562905390463,39.10105159674029,40.17340850830078,41.691934583063244,42.27618317273923,40.69175728782115,-2.3271007052503268
2020-09-10,40.421564383792514,41.05079642328807,39.872094390201354,39.88981628417969,41.520304268883855,42.182600157501604,39.54223217800858,-3.432744823566199
2020-09-11,40.15570079358189,40.54564678052084,39.57078012279787,39.64167785644531,41.341387467699235,42.082956145695476,38.51693875683498,0.20162149580201097
2020-09-14,39.72143290178589,40.41270174128331,39.56190880332485,40.253177642822266,41.23774843675857,42.01120012597496,42.475409944634634,0.19856202767809003
2020-09-15,40.53677700751931,40.93558385656989,39.81005426613156,40.191139221191406,41.13807136860932,41.93982518853247,42.178712071235225,0.7553881293036275
2020-09-16,40.36838750571137,41.201458492464056,40.06706460468919,40.35066223144531,41.063080022212745,41.87750507256827,43.27592658687335,1.7884822574045682
2020-09-17,39.615086675396654,39.88095905964412,38.61363053462203,39.411251068115234,40.90576297896536,41.780789229256385,38.62739039941765,-2.0915779175936913
2020-09-18,39.71257027018149,39.934131133008485,39.384657759057184,39.58849334716797,40.78030872831799,41.69481684172351,39.93827344215837,-1.4994495943665191
2020-09-21,38.56044765509272,39.21626923836035,37.92235472571765,38.72883605957031,40.58493037891345,41.57850386987437,35.92973480512622,-4.019329751200735
2020-09-22,38.9060930440914,39.42897687176236,38.14392305317262,39.28717803955078,40.46133491802176,41.48864795495972,40.13261212985905,-0.3148162649036827
2020-09-23,39.29603408143315,40.013892481553015,38.932674407958984,38.932674407958984,40.31574820277769,41.38841369821459,38.409802252318556,-1.6565897910229501
2020-09-24,38.72882986227956,38.86176431845036,37.39060069054591,37.97552108764648,40.09286942990805,41.25457477230996,34.147499123046835,-1.9451009856457666
2020-09-25,37.931223131927574,39.81892283347252,37.88691163073186,39.6328125,40.04905448420252,41.190976251827216,45.4375990844549,0.8797640291223391
2020-09-28,40.40384135088426,41.29894579947616,40.16455519989419,41.03307342529297,40.142770573830184,41.18478398411999,52.80062802760242,5.394951796336398
2020-09-29,41.14828377271395,41.52050440002795,40.18227827419605,40.191139221191406,40.14737711167411,41.14581752282867,48.557616039475946,5.834332407003296
2020-09-30,40.155698571008806,40.41270664460078,39.1896929156774,39.659400939941406,40.10090319055671,41.08752667644094,46.04117902511454,0.06708693697023457
2020-10-01,40.12909734854545,41.95475984579643,40.058199639343975,41.680023193359375,40.25129557177601,41.11076183396715,55.48247489614022,1.5766544254704147
2020-10-02,40.457018775571434,42.44220240323001,40.457018775571434,41.95476913452149,40.41353114918034,41.14386015947909,56.594575311672045,4.388106302794681
2020-10-05,42.362438191720074,42.761248438802035,42.06997959769373,42.61944961547851,40.62361862216112,41.20172641265554,59.246976129566875,7.463674703558132
2020-10-06,42.48649479082337,42.637157882174314,41.10395766012841,41.228031158447266,40.68118172085504,41.20275797131404,52.073329089721014,-1.0844332615057721
2020-10-07,41.06852339128312,41.78638183402022,40.37725455211077,40.7672004699707,40.689373982675576,41.18567728498685,49.91759216984801,-2.830592776575728
2020-10-08,41.20145590441725,41.82182356100922,41.077378992348685,41.609127044677734,40.77696951239007,41.20228315791591,53.689631092310215,-2.3705669123278534
2020-10-09,42.01680481933656,42.43334035231887,41.24577390957736,41.254634857177734,40.82246144998889,41.2043361657301,51.916607933928034,0.06452818139247449
2020-10-12,41.25462891067568,41.325530004261694,38.87949636754771,38.90608596801758,40.639949499324956,41.11420870699627,42.01684034647092,-4.56522518224922
2020-10-13,38.569312972140985,38.77314854738578,36.86772389504272,38.22367858886719,40.40982846023374,41.0008545847167,39.650916753082434,-8.136312141745792
2020-10-14,38.49840749322065,39.10991753006126,38.08187544374574,38.09073638916016,40.188962548702925,40.886732302538014,39.18796696736035,-7.669195180058894
2020-10-15,37.59444373675468,38.38320320954033,37.390608158647254,38.143917083740234,39.99419631394457,40.77917092140869,39.492312574319016,-1.95899655622999
2020-10-16,38.13505184967848,38.60476314356201,35.42314924992736,35.85740661621094,39.60021634273184,40.586160556498974,32.06248734981685,-6.190591957691474
2020-10-19,36.00807573601163,36.034661960193574,34.37738749808658,34.545772552490234,39.11884074366121,40.349282595557455,28.724100602888832,-9.306629833700859
2020-10-20,35.05092469391166,36.0523806510949,34.77619141221328,35.63584518432617,38.7871268808674,40.16444191276407,34.80004978778129,-6.575286680463105
2020-10-21,35.38770412309181,37.869185309886035,35.38770412309181,36.56640625,38.575629677927644,40.02334247500862,39.53838008333685,1.977275270846073
2020-10-22,36.53094465998836,36.72591585906985,35.91057376295774,36.01692199707031,38.33194323213171,39.86622794646202,37.791868432009174,4.258551295515984
2020-10-23,36.33597998224937,36.51322934123968,35.64471120101254,36.46891784667969,38.15451224304104,39.73300009941173,40.13444350966503,2.3377379098052895
2020-10-26,36.46891608612187,36.67275165585783,35.432009583573546,35.59153366088867,37.91041904474081,39.5705896508422,37.20560909728852,-2.666033359817327
2020-10-27,35.63585119164918,36.025800504828105,35.29021675915021,35.618125915527344,37.69210541338715,39.41559107298672,37.35482504493612,-1.1072464259311432
2020-10-28,34.8736745485041,35.086374440511726,34.10264377888288,34.46600341796875,37.38485760429968,39.22148959631935,33.62657366942899,-5.492113687418594
2020-10-29,34.31534677240108,35.25476264673721,32.79100698736455,33.55317687988281,37.019935630545696,38.99920282312576,30.987680363671604,-5.7270833014026525
2020-10-30,33.59748993786396,34.129234669548346,32.21494890243379,32.666934967041016,36.605364138783344,38.750878593475385,28.6378908862783,-8.28564353858884
2020-11-02,33.12778216090322,34.4571473781702,33.11005688564959,34.04947280883789,36.361945916883776,38.56650973917588,36.70171845099422,-1.20852599032037
2020-11-03,34.607805541107986,35.03320198520753,33.88108619317745,34.84709167480469,36.21767408430482,38.42065020723975,40.85413592382235,3.856310833260192
2020-11-04,35.352257792666805,36.903184142222514,34.73188657669429,36.096702575683594,36.206152988245655,38.32951500600226,46.74810958088139,10.4992023650306
2020-11-05,36.832274890948185,38.06415260812948,36.48663714416882,36.95634841918945,36.277600172145064,38.27566533593117,50.40923073428904,8.537211799640707
2020-11-06,37.74510893697097,37.77169515881835,36.5132310737018,36.920902252197266,36.33886703691194,38.222537371863176,50.255804475416106,5.951172616485509
2020-11-09,38.968122795131585,39.65053060858223,37.913491001275936,38.99470901489258,36.591804368148196,38.25281861276629,58.26012482899086,8.02845199816455
2020-11-10,38.59589937461423,39.30489341811082,37.97552831877336,38.959259033203125,36.81727624101057,38.280522158665775,58.08805635488059,5.419665902309947
2020-11-11,39.26945622788939,39.34921828934318,37.69194027699808,37.993263244628906,36.92927500325993,38.26925710321335,53.45505351423273,2.904482087427377
2020-11-12,37.84259202086734,38.74656065071688,37.53240481746058,37.94894027709961,37.02638598172085,38.25669565905203,53.245210483698,-2.681822134878802
2020-11-13,38.3211655185578,39.411244478227715,38.3211655185578,39.2074089050293,37.23410245060737,38.293978531443294,58.25591686819491,0.6369471031640657
2020-11-16,39.854369143359826,40.35066331311183,39.233998050419345,40.191139221191406,37.5157250001868,38.36837698986479,61.710319358068176,5.784909715206453
2020-11-17,39.721433924012494,40.60767743571424,39.27831216816162,40.5633659362793,37.80597651790989,38.4544549877634,62.959349124365815,6.889324550539214
2020-11-18,40.651987863554865,40.79378668645928,39.99616957540346,40.208866119384766,38.03482314662178,38.523255424297574,60.921124181377046,2.554255030678673
2020-11-19,40.24472085813982,40.71080368745366,39.51870130234942,40.06545639038086,38.22821678888455,38.583733893555745,60.07384873229013,-0.3127127850714882
2020-11-20,39.9041161170133,39.966858163772066,38.58652629670908,38.70304870605469,38.27343887623409,38.58841290581061,52.59078385984712,-4.586200349218969
2020-11-23,39.13328467659681,40.03856529907914,38.81957441612902,39.79656219482422,38.41849823990934,38.63579130930134,57.199161629303774,-1.0254054997133442
2020-11-24,40.33435468682157,41.060374302091176,40.146128518887615,40.85422134399414,38.6504718688698,38.7227885655638,61.1342839854915,1.9686907991959188
2020-11-25,40.94384980225535,40.94384980225535,39.03468948638573,39.31254959106445,38.7135268900312,38.74591644891677,53.42395562781828,1.5748136267994195
2020-11-27,39.44698676373396,40.10130246145466,39.26772574871509,39.321502685546875,38.77142934674698,38.76848845819639,53.46066476314994,-1.1937199674476608
2020-11-30,39.294630111560885,39.42907934639359,38.44312626905456,39.09743881225586,38.802477867271634,38.781388472081076,52.348675469991264,-4.300124868238471
2020-12-01,39.617302267597374,40.674959008752985,39.53663341719785,40.61221694946289,38.97483397033747,38.85318566727252,58.61572935761764,3.305985930492398
2020-12-02,40.63909680982064,41.30237426349144,40.09234176406196,41.23066711425781,39.18967522213941,38.946420233820966,60.8780261275751,4.855268233206854
2020-12-03,41.427850965394015,42.65580661389903,41.266513327583496,41.79534149169922,39.43783391447844,39.0581426360907,62.873632075122885,6.900458857160865
2020-12-04,41.965642694082625,43.489385219973144,41.90290065647401,43.471458435058594,39.82198863072417,39.231213843893364,68.07869090334893,7.040348201512101
2020-12-07,43.10398060384309,43.65969742333922,42.66478279187663,43.28324508666992,40.151632102719006,39.3901170298846,66.94372236325829,4.978279800140114
2020-12-08,42.879898390453945,43.6417681246952,42.87093670546123,43.31013107299805,40.452441528459865,39.54384307079101,67.02828420068992,3.624302439542631
2020-12-09,43.713464568114105,43.79413339001996,41.62504030054295,42.0821647644043,40.60765326521648,39.64338509799153,59.537056708325316,-3.195875456374999
2020-12-10,41.68778611635606,42.68270053698155,41.35614911587586,42.60203170776367,40.79759406926859,39.7594104552375,61.49887482232794,-1.5738500603228696
2020-12-11,42.413811058074806,43.29220319014318,42.05528212208613,42.93367767333984,41.001030602989665,39.883891522614064,62.739988200255105,-0.8692040183940064
2020-12-14,43.30117003639853,43.704510831633286,42.75441492564949,42.87093734741211,41.17911695960132,40.00103057456693,62.33063674942078,1.8743631356032455
2020-12-15,43.47146875635026,43.6417681246952,42.9426404429592,43.31013107299805,41.382070684686724,40.13079922156423,64.0965994461645,1.662125811491129
2020-12-16,43.6417614174475,44.27815036805783,42.915745373128445,44.21540832519531,41.65191236473516,40.290979970726234,67.48070945606045,2.9853735373137655
2020-12-17,44.23333149374877,44.367780681670205,43.25634386318298,43.955474853515625,41.87129926842854,40.43468565240425,65.56963786541819,2.5297732524828582
2020-12-18,44.22437726646713,44.31400779407,42.485519728999,42.82611846923828,41.96223443041042,40.52846733149578,57.89759020673981,-1.11755054018187
2020-12-21,42.32417832974486,42.79922623888539,41.46370961201587,41.911869049072266,41.957437727425834,40.58271837924388,52.538349116262836,-5.209811157189786
2020-12-22,41.97461799870719,43.14879363294233,41.93876442016333,42.960567474365234,42.05297389380102,40.67596736336628,57.40843892912885,-2.26344359255811
2020-12-23,43.25635187308232,43.77621851551316,42.66478149121804,43.16672134399414,42.1590450795337,40.77364399005757,58.31398401757484,0.7953157720807973
2020-12-24,43.0950169081574,44.04511281020661,42.80819169750213,44.00029754638672,42.334402457329226,40.90017942363911,61.84631589448168,4.982904711000192
2020-12-28,44.46638411156188,44.49327258619767,42.897825933011966,43.345985412597656,42.43074369116432,40.99609338399043,57.71237372343711,0.8971434990061584
2020-12-29,43.45353488163921,43.69554136720592,42.70062695515996,43.08604431152344,42.493153274055665,41.07805224389369,56.10784026322667,-0.18689636358478695
2020-12-30,43.22050317204214,44.21541780676162,43.22050317204214,43.54317855834961,42.59315568208366,41.17472386406843,58.30334579755834,-1.0388997655190806
2020-12-31,43.56109692869517,44.13474389360247,43.1487910576056,43.90169906616211,42.717778861519704,41.28166406807211,59.993525174592115,1.28204180450572
2021-01-04,43.901695059311635,44.00029067583115,42.67373924262521,42.8171501159668,42.727242790514666,41.34187920720524,52.99528758942846,-0.6240865223376387
2021-01-05,43.09501150997499,43.70450517611263,42.82611312236761,43.14878845214844,42.76738999638455,41.412738393281444,54.73411149754648,-0.9057448703995582
2021-01-06,42.9695286377713,43.73140178624491,41.63401533548696,42.57514953613281,42.74908138112248,41.4583231439815,51.2056099748427,-3.0216359691002364
2021-01-07,42.987445364104794,43.09500607325226,41.634005589586245,42.037349700927734,42.681297411580125,41.481030067783315,48.07642562359247,-1.8212338115148625
2021-01-08,42.5751461258158,43.2563469593874,41.562304850082455,42.09113311767578,42.62509128835114,41.50495567758302,48.4159270807478,-2.4511819970231263
2021-01-11,42.06424349014933,43.25634577094356,41.71467968915842,42.53929138183594,42.61691986868303,41.54551786206353,51.27482204321226,-0.0842232022378284
2021-01-12,42.709586038242,42.76336297022075,41.91185954898534,42.10905075073242,42.56855138125916,41.567617191030934,48.49604569372877,0.17056510535226513
2021-01-13,42.270398711928785,42.50344011886687,41.62504801704606,42.252471923828125,42.53844857578954,41.59447423937592,49.478943549308674,0.38330829845155917
2021-01-14,42.727523346601494,43.579027045719066,42.34210933796731,43.2115364074707,42.60255217880679,41.65788844204631,55.58321891503177,1.5802920166220984
2021-01-15,42.75441680246426,43.00538502726019,42.13595450680909,42.97849655151367,42.638356404778875,41.709676995358755,53.879673459967066,2.0647480417642217
2021-01-19,43.42664832794276,43.76725044330755,42.97848890953094,43.193603515625,42.69123708200232,41.76787019223194,55.24324392309809,2.2274000761269717
2021-01-20,43.211526097543384,43.31012170706878,43.023299980732006,43.068115234375,42.72713023937114,41.81886019388461,54.235836975150995,-0.33190482222915707
2021-01-21,43.02330380221022,43.39975606927077,42.69166679277332,42.853004455566406,42.73911825996117,41.85941487081331,52.469488906136064,-0.2919881010654987
2021-01-22,42.924713705569275,43.12190496750107,41.59816207799503,41.6160888671875,42.63216307969701,41.84987267459269,43.663619363380725,-3.6521950475070795
2021-01-25,41.436821969398665,41.69675526869906,41.060369675944486,41.12311172485352,42.48844390304525,41.82137224519116,40.72970091544749,-4.516110117512327
2021-01-26,43.112937095628105,44.46638052969794,42.38692098546018,44.080963134765625,42.640112401304336,41.90998365262545,58.67283127216915,2.8655136198734197
2021-01-27,43.50731193056091,44.87867849192727,42.046311444774936,42.646846771240234,42.64075376986966,41.9388802455123,50.66425245425736,2.4768255069385985
2021-01-28,42.66477433313376,43.38183212227679,41.929793176528584,43.07708358764648,42.68230899061031,41.98351567069403,52.74800627642607,4.751517530741807
2021-01-29,42.88884846453017,43.30115766546805,41.16791820024591,41.1768798828125,42.53893478986766,41.95188289469868,43.92403310264805,-6.588066696897425
2021-02-01,41.52645466293918,42.951598376087,41.36511699367997,42.70063018798828,42.55433435159343,41.98124553365121,51.00237431459113,0.12611346634029885
2021-02-02,42.87093010295488,44.520153422452765,42.727515811675175,43.82102584838867,42.6749716370025,42.05339378128797,55.45481167663221,1.7270023845243327
2021-02-03,45.03105696163149,45.479216351133786,43.44457231249121,44.92349624633789,42.889116837891585,42.16594681913307,59.36751047893508,9.098835011754382
2021-02-04,45.3537362756456,45.730192002440056,44.43949398025626,45.667449951171875,43.15371999153733,42.30326066744832,61.80554363777295,6.947953110111621
2021-02-05,45.89152315296136,45.89152315296136,45.04001961081056,45.43439865112305,43.37092748292645,42.42605039229831,60.57928903500598,3.6817321628122035
2021-02-08,45.873603461884954,45.96323398789651,45.02209978803356,45.658485412597656,43.588790142895135,42.5528125499571,61.37287675445398,1.6360907491025503
2021-02-09,45.64952376807506,45.81086145038699,45.21929108830507,45.353736877441406,43.75688030809002,42.66265271966237,59.61520553510521,-0.6869511524420437
2021-02-10,45.748108368879414,46.60857352096995,45.389579512582735,46.48308944702149,44.01651927370254,42.8124737677941,63.757593651501644,2.3081427883551906
2021-02-11,46.61753998482878,46.62650508770718,45.11172752382685,45.2551383972168,44.13448299975152,42.908264537575384,56.920973888977024,-0.8833999019809179
2021-02-12,44.995201207486794,46.18730334776685,44.91453238452163,46.12456130981445,44.32401426737656,43.03439382276123,60.176932866310445,1.6995830673358447
2021-02-16,46.51894682601848,46.59961565433213,45.59573614216555,46.1783447265625,44.500617168251416,43.15768601506716,60.37644461733357,-0.6556034120888639
2021-02-17,46.16042229983138,46.60858173963557,45.55092518816287,46.56376647949219,44.697107578845774,43.29125779798579,61.85141966091056,2.891667396504684
2021-02-18,46.24639527144683,46.69979130351984,45.79299923937383,46.35520935058594,44.85502203329722,43.41141276083286,60.53820929716131,0.5000547088616033
2021-02-19,46.64537928086952,47.497765975560675,46.600040372652046,46.99903106689453,45.059213369830296,43.552103674796065,63.139960090223965,1.7772103898301053
2021-02-22,46.48214802249019,46.781390988956176,46.11943336332892,46.24638366699219,45.172277207655235,43.65776171370572,58.300758241542916,-0.6816089773145458
2021-02-23,46.34613916687428,46.35520556475492,45.02222369153824,45.76579284667969,45.228802506609945,43.74042960127333,55.38194551447917,-1.2715216092510209
2021-02-24,45.36679559572999,46.31892981492373,44.88619701741666,46.25545120239258,45.32657857287496,43.83905789935643,57.70532475639434,-1.5821174343862603
2021-02-25,46.47309374204702,46.545638768274145,44.033824310924594,44.323997497558594,45.231094660940066,43.85807513850162,47.25296485754155,-4.156835663683848
2021-02-26,44.36932740067897,45.16730523147048,43.48067176465193,44.84992599487305,45.1947928832194,43.89697125051619,49.9133675731029,-2.0012039447779104
2021-03-01,45.656978914017195,46.273597792583665,45.394011845119856,45.68418502807617,45.24140165892005,43.96705806532246,53.88652756222766,-1.2350245419006038
2021-03-02,45.56629235952739,45.69324267035079,44.886198443713546,45.276119232177734,45.2447080944684,44.018393797356005,51.72515334472319,2.1480953622731893
2021-03-03,46.0650398286422,46.23733254837384,44.92248325901325,45.71139144897461,45.2891541282309,44.084785862125365,53.85144723269153,1.9207734126474136
2021-03-04,45.69324059751452,45.96527745967202,44.00660720934708,44.94060516357422,45.255958988739785,44.118347403358655,49.6786268967747,-1.6276526855956182
2021-03-05,45.32145607876745,45.43027013180317,43.24490191982425,44.94060516357422,45.22592529110497,44.15059280572005,49.6786268967747,-0.7410398114798359
2021-03-08,45.158243804712086,45.829271449773394,42.301850896979545,43.03635025024414,45.01739433483251,44.1068970192308,40.65286389094484,-5.852023125825181
2021-03-09,43.072617766587705,43.47160498061001,41.40412043473757,41.503868103027344,44.6827727889463,44.00481745388949,35.12248814451433,-7.647287009237826
2021-03-10,41.91192446007709,42.43786198509988,41.16835534802426,41.28623580932617,44.359293076601524,43.89820640900465,34.40664411442264,-8.131553504780191
2021-03-11,41.73963590267262,43.63483137777624,41.16835941614842,43.371864318847656,44.265252242529726,43.877565542723985,45.80605044920881,0.7796062320633528
2021-03-12,43.78898582005789,44.15170053885915,42.80058241727011,43.59856033325195,44.20175777497946,43.86662416196038,46.88653517104217,5.04698074171024
2021-03-15,43.925000119950305,44.722977991923344,43.471604152101015,44.25144577026367,44.20648996500653,43.881715205423255,49.97962512149868,7.182078731109914
2021-03-16,44.22424404323461,44.804590340746856,43.49881117134431,43.5894889831543,44.14772796673489,43.87025535356957,46.99159194083629,0.5017646064434214
2021-03-17,43.3990674637605,43.96127755839445,43.19957210860709,43.69830703735352,44.104925973460475,43.86351228234541,47.5467552807776,0.2287843987029414
2021-03-18,43.462537114010686,44.41466794062992,42.80057942580614,43.01820755004883,44.0014289807546,43.83036307715731,44.415848372490096,-2.7868879733723
2021-03-19,42.728038080259935,43.11795891707136,42.39252600874904,42.88219451904297,43.894835222496354,43.793179996446945,43.79474480353784,-1.6226261895033247
2021-03-22,42.61921739884877,45.2761178240611,42.61921739884877,44.81365203857422,43.98234158593234,43.83319850790292,53.69681974770914,2.5523757711421036
2021-03-23,44.949675404876345,44.949675404876345,44.1879700501996,44.54161834716797,44.03560603938335,43.86097967807018,52.299270460065614,3.541316302746351
2021-03-24,44.66856776239163,45.43934295788476,43.20863569957464,43.226768493652344,43.958573892170875,43.83610865123027,46.059407318427525,0.8035362426621097
2021-03-25,43.136088039234195,43.26303834480611,41.89378417296219,42.59201431274414,43.8284253607969,43.787320637956306,43.36926307275303,-4.957502066374239
2021-03-26,42.773371567269216,42.773371567269216,41.286233428906726,42.338111877441406,43.686490743334474,43.730488921857685,42.30489025542284,-4.947073212634325
2021-03-29,41.630816387339024,42.555744549249155,41.21369293955699,42.15675735473633,43.540801849182266,43.668773958441164,41.521052296474004,-2.475343811724307
2021-03-30,41.8575195851964,43.61669486208449,41.8575195851964,42.755245208740234,43.46598693104493,43.63294930159015,45.133913957402825,0.3832429591085405
2021-03-31,42.75524204837771,43.46253866613016,42.619221871516025,42.62828826904297,43.38620610609236,43.59355082972556,44.50577755365311,0.6853786782971167
2021-04-01,43.28118310966965,43.544153628154646,42.89126226064349,43.53508377075195,43.400384931298035,43.59125800388346,49.87200299531801,3.269526648877252
2021-04-05,43.879665160490504,43.97034643769612,43.22677380115819,43.235843658447266,43.38471433388368,43.57732018641538,48.21509163681878,1.124068982321694
2021-04-06,43.10889349458579,43.53508339210472,43.00007596152233,43.34465789794922,43.380899435223256,43.56819617510298,48.88018459017142,1.6805029195284011
2021-04-07,43.18143724124994,43.444407770746615,42.45600427982566,42.66456604003906,43.312677207110475,43.532759699218126,44.99089488801182,-1.9995774793885386
2021-04-08,43.05448084057474,43.05448084057474,42.20209766336331,42.22023391723633,43.208634989027225,43.481288099924726,42.605668216959295,-2.3489994765315774
2021-04-09,42.01166799854853,42.70989467780628,42.01166799854853,42.64641952514648,43.15509065913382,43.44854815581578,45.58552388516923,-1.610898335953362
2021-04-12,42.33811787640954,43.15423207243378,42.33811787640954,43.12702941894531,43.152418160068244,43.43593957789929,48.81301031676182,1.0839519109891937
2021-04-13,43.07261490215507,43.09981755201168,42.40158737955405,42.95473098754883,43.13359081030449,43.417068652787506,47.720247373259426,1.7396802484617286
2021-04-14,43.08167889102526,45.38493099987796,43.04540984628922,44.85899353027344,43.29791487887296,43.473614726414404,58.719546482187724,5.188182336907123
2021-04-15,45.167314845816065,45.60257463004207,44.895274453929694,45.55723571777344,43.51308829210158,43.55532535352653,61.88604607529747,5.634995805578386
2021-04-16,45.79300026348559,46.826742686268645,45.702322438697955,46.76326751708984,43.82262917067189,43.6811270069996,66.64520885498465,8.866395952159447
2021-04-19,46.69072723388672,47.02623934579806,46.53657077654104,46.69072723388672,44.09578136716854,43.799150545308905,66.11049414792795,4.0833143132761585
2021-04-20,46.645377941716376,46.645377941716376,45.49375171854264,46.536563873291016,44.32823684394211,43.906500087582714,64.91840794322319,2.149665448501979
2021-04-21,46.464023191835075,47.47055939727431,46.04689624657339,47.42522048950195,44.62318766732876,44.0444891229521,68.45002621188159,1.4155404606194444
2021-04-22,47.942079800113184,48.01462480193019,47.18037457671494,47.796993255615234,44.92545486621319,44.19164614776242,69.81888309967684,2.3693484493975094
2021-04-23,47.878613357403985,48.49523214840533,47.679121484411816,48.23226165771485,45.240388846356204,44.350101657956635,71.38429197049977,3.6437967122816652
2021-04-26,48.649390367497155,49.51083996802832,48.46803128244018,49.447364807128906,45.641053223572655,44.5499943304732,75.24445512860545,4.263858547741649
2021-04-27,49.87355699062485,50.036779817506925,49.46549992341966,50.0277099609375,46.05883005570264,44.764806708138465,76.85064872324627,4.667064920574683
2021-04-28,49.873553903751635,50.62619283213924,49.782876098490334,50.245338439941406,46.45754513991586,44.97972952115035,77.44172739479252,4.173714258959199
2021-04-29,50.78035751676049,51.04332805552239,49.71941242188552,50.35416412353515,46.82865170978436,45.19049166242034,77.7476994342454,1.833867830860641
2021-04-30,50.29975338859441,50.417633858113454,49.51991171448644,50.20907211303711,47.15059651009415,45.38729873891512,76.26250354992733,0.3625233940174757
2021-05-03,50.41762940324528,50.87102536355913,49.91889453872737,49.93703079223633,47.4159712036315,45.56571960375125,73.430155014619,-0.6136044800924176
2021-05-04,49.93702556610912,50.55364428433505,49.26600155218674,49.87355041503906,47.6500263666227,45.73465414537038,72.75116266357881,-0.9544666600303102
2021-05-05,50.41763418290184,51.58739670159936,49.95517178155982,51.36069869995117,48.0034237317016,45.95528334358924,77.90551189083719,2.293662357116206
2021-05-06,51.36069354402937,51.99544857675083,50.93450023679101,51.85942840576172,48.37066227208828,46.18681844406659,79.31839352500549,3.849643406960961
2021-05-07,51.87757223744215,52.82063679758333,51.34256479074063,52.793434143066406,48.79187864075286,46.44590141265482,81.68100577735797,5.854573624152635
2021-05-10,52.8387691661402,53.03826450895262,52.13147252764074,52.2584228515625,49.122025708449016,46.673843429866885,76.30384881909134,1.7478815014877933
2021-05-11,51.19746856080624,52.566726232609334,50.68059746748988,52.40350341796875,49.43454739506994,46.8985359784199,76.75081064178835,1.0491342248318785
2021-05-12,52.15867713652823,52.53046172444556,50.41763466835506,50.562721252441406,49.541992524343414,47.04222951857761,61.02312268445665,-4.225360457855286
2021-05-13,50.988906903576705,51.71433971441593,50.37228814957925,50.96170425415039,49.67720316527741,47.1959344101687,62.80236039180891,-2.481358079051439
2021-05-14,51.25188246800153,52.44884758953376,51.25188246800153,52.0679931640625,49.90489745087599,47.38699553777238,67.26451451533666,-0.6402439379486338
2021-05-17,51.88663644892985,52.33096256699646,51.26094779002842,52.03172302246094,50.10745226721742,47.569141713642516,66.98082385052076,2.9053059915136608
2021-05-18,52.05892867807369,52.330965586750246,51.65994144262387,51.678077697753906,50.257035641554225,47.73027645811747,64.14033173548472,1.4057093538922871
2021-05-19,50.763255697738664,52.13548278808594,50.360733517794266,52.13548278808594,50.43593536979534,47.903029647528,66.14039070882427,0.1296182547515948
2021-05-20,52.217814202569045,52.43736857287939,51.24810584606257,51.93421936035156,50.578629083181646,48.061115518619125,64.4373586685955,-0.1873927220655077
2021-05-21,52.31844414197338,53.02285447430706,52.22696373091872,52.53800201416016,50.76523602898912,48.236679694914855,67.16851778600481,1.6640021353650933
2021-05-24,52.87648088926086,53.16007573193963,52.37333167591463,52.54714584350586,50.93494172560976,48.4057175830949,67.20958847833514,0.7896024615197303
2021-05-25,52.711815121309385,52.85818586987872,51.69636652634222,51.7969970703125,51.017042234629066,48.53870893553481,60.52076246548391,-0.26422326498628934
2021-05-26,51.99825953514638,52.73926343238676,51.65062768943131,52.41907501220703,51.150569165826965,48.690880154227834,63.74323890078182,-0.22636376983098563
2021-05-27,52.83074024112816,53.23325891046349,52.18122028955736,52.94051742553711,51.3210404286565,48.85753259623996,66.23140954069976,0.7486069428067055
2021-05-28,53.14177524116627,53.36133308625292,52.254400706498345,52.45566177368164,51.429099604373185,48.998635701237674,61.972660123196405,1.2716271996908002
2021-06-01,52.72096660342889,53.07774509407495,51.6048874359687,51.806148529052734,51.46500902577124,49.108734243504934,56.711855440883845,-1.1692813789857268
2021-06-02,51.696370666460616,52.32759740564294,50.93707343799671,51.86103820800781,51.50272609074615,49.21666773230897,57.04372393683851,-2.0390416830504656
2021-06-03,51.586586492329985,52.81244275264944,51.330438568898785,52.62947845458984,51.61003583968365,49.35050344690822,61.49439136898034,0.33135923755594354
2021-06-04,52.82159069943897,52.885627677644834,52.26355118385623,52.51969909667969,51.69667043558803,49.4747856292522,60.52953837749406,1.3773472606765895
2021-06-07,52.65693051759543,52.84904147895767,52.226964898566905,52.82159805297851,51.80380639914903,49.606033175280686,62.282198168352956,1.8521801301354914
2021-06-08,52.78500215333206,52.986259751186466,51.934221088129135,52.62033462524414,51.88157099211047,49.72424107527925,60.358006878096155,-0.017373969140860035
2021-06-09,52.52884470245984,52.647772012385666,52.236103239375865,52.32758712768555,51.9240487193081,49.826333077334404,57.571838121271334,-0.3657903078242998
2021-06-10,52.65692966602671,52.86733740455704,52.08059330150642,52.41907501220703,51.97119408053657,49.92800923164314,58.2209008578205,-0.7620425273157364
2021-06-11,52.5197006453041,52.867332458496094,52.32758970502182,52.867332458496094,52.05654059272319,50.043276809166784,61.34142077370299,0.46939616597089845
2021-06-14,53.05029889019041,53.19666963483464,52.46481242185968,52.611183166503906,52.10936369498802,50.14397901925844,58.64582172893674,0.5419627664588303
2021-06-15,52.70266316715195,53.34303643629089,52.45566189949463,53.06858825683594,52.20071841516401,50.258669577594816,61.86823260840937,1.2390780350047224
2021-06-16,53.29729961014187,53.73641535791744,52.83989057181683,53.58089447021485,52.33216375374028,50.38895290671717,65.14427114057797,1.3497219900000523
2021-06-17,53.818752286980875,53.9742696940682,52.355041184475645,53.452823638916016,52.43889326661416,50.50910470013674,63.671575666203985,1.5997368273366617
2021-06-18,52.96796444127872,53.09603840496221,52.18122039036157,52.48310852050781,52.44310424317546,50.58651661466109,53.761312118967545,-1.1032510107383673
2021-06-21,52.52885618618224,53.58089844834055,52.39163555834916,53.48941802978515,52.54275317523353,50.70035588584243,60.61255696174023,-0.17072585542697996
2021-06-22,53.22411380378507,53.4436681789472,52.8764819717322,53.28815078735352,52.61374342400686,50.80183803884287,58.73795523128306,-0.3080713802415553
2021-06-23,53.26985102792844,53.6174828405351,53.224110826474494,53.32474136352539,52.681457513484816,50.90077542412453,58.986300669391944,1.6036261318033582
2021-06-24,53.5900500653437,54.30360712111128,53.25156482987322,54.08404922485352,52.815037676472315,51.02560969081979,63.84881910254659,1.1116800611613646
2021-06-25,54.38593586061251,56.43512641710487,54.12063777837563,56.33449935913086,53.150224503392174,51.23380144251826,73.77337206808974,5.716746643984321
2021-06-28,56.462574998970986,56.49001842561433,55.50201318940418,56.28875732421875,53.44913239108995,51.43203500650652,73.33269860071826,5.5584253854830195
2021-06-29,56.62724766184125,57.24932431357151,56.2887624170953,57.09380340576172,53.79624391629678,51.65406513981064,76.04480610919268,5.564957180619362
2021-06-30,56.86509024757524,57.25846229101683,56.03260595582176,56.90168380737305,54.09200009639928,51.85985410716603,74.10781575626382,1.0068154589009526
2021-07-01,55.5934944182049,57.64268493652344,55.34649312104299,57.64268493652344,54.430160557363486,52.086631786748676,76.58513224424348,2.4053251069412895
2021-07-02,57.75246797908097,58.75876998901367,57.06635439993536,58.75876998901367,54.8424090746635,52.34828426526887,79.73079791250282,2.9161949002051073
2021-07-06,58.841090042864955,58.96001386329382,57.71586438737985,58.283050537109375,55.17008921394406,52.581020197497914,75.09956547042749,2.427637702976616
2021-07-07,58.11838477332322,58.173275108076254,56.49000989627327,57.89883041381836,55.4299693282178,52.78956177460852,71.48782581208813,0.44436770698136496
2021-07-08,56.79191191930653,57.048059882294936,55.035459272338706,55.35564422607422,55.42289074706127,52.890192458979726,53.23722531331588,-5.791689927436785
2021-07-09,55.675816498245325,56.38022668161827,55.37392492404839,55.95940780639648,55.473987609855094,53.010553845152934,56.10245066278951,-3.986824144068115
2021-07-12,55.97771421902963,56.59064411620659,55.6758260826171,56.096641540527344,55.53328798420483,53.13157689203036,56.75110331320784,-3.112651603513045
2021-07-13,55.40138976791338,55.55690718211417,53.80045796647178,54.78845977783203,55.46235196455028,53.19655269147356,49.27626808466348,-1.024618999872512
2021-07-14,54.90738545675316,55.34649774738338,54.50486672944737,54.89823532104492,55.408626569930725,53.26328534361362,49.87292118139264,-1.8963254382943227
2021-07-15,54.770157330883734,54.89823130339201,53.94682315486454,54.37678527832031,55.31035597072973,53.306952007719765,47.04224287749766,-3.065880977855887
2021-07-16,54.25785449279676,54.504855760898685,51.7146581896104,51.90677261352539,54.986205174805505,53.252043011869006,36.48008401207067,-5.259660840972574
2021-07-19,50.955365115219614,51.60488508084316,50.21436125248116,51.42192077636719,54.64674951781138,53.180273512437566,34.8270713507133,-6.332288322836325
2021-07-20,51.40362607241079,53.14178180048131,51.40362607241079,52.53800201416016,54.44591642222555,53.15508639485806,41.40858494047349,-3.3815593451296957
2021-07-21,52.803296188241355,54.24870681662212,52.803296188241355,53.17837142944336,54.32519785148439,53.15599953346925,44.84989904438972,2.4497743779713
2021-07-22,53.260698810592736,53.73640453339634,52.720956114503394,53.52599334716797,54.24908313678759,53.170509094790766,46.680679170826146,4.091781362954813
2021-07-23,54.303601646781594,54.65123349341406,53.99256336079549,54.37678527832031,54.261245245504995,53.21781404316447,50.97058250205214,3.4999109095632455
2021-07-26,54.12978313883571,54.85249024649657,53.99256252317166,54.27615737915039,54.26266544870932,53.25931770339922,50.45353054551985,2.0643466886976127
2021-07-27,53.86448079971373,54.34933318683041,53.31558794680001,54.18466567993164,54.25523689930192,53.29560585934167,49.957324861789566,1.2305653600700937
2021-07-28,54.33104435741256,54.36763791757737,53.17837513025278,53.818748474121094,54.21366657309422,53.31612125599969,47.92713138034248,-1.02624088817127
2021-07-29,54.10233462213991,55.419674742966755,54.07489119954056,54.44996643066406,54.236171321434206,53.360585772653195,51.58242670168179,0.32023094468444957
2021-07-30,54.19381940579918,54.54144773029193,53.690666718171286,53.846187591552734,54.199030013826444,53.379628981237495,48.10405580508752,-0.6246750517541133
2021-08-02,54.24871460932721,54.85249443774384,53.42538038317046,54.15723419189453,54.19504945935674,53.41012330322405,49.97555087797657,0.6289364345516124
2021-08-03,54.40423421950214,55.7398678250427,54.27616024222485,55.49286651611328,54.31865108380974,53.49179950765108,57.125465183563065,1.9153365076491558
2021-08-04,54.80674869708066,55.91367768915701,53.66322614582313,55.703269958496094,54.450519548065586,53.57852383905677,58.14045943484363,3.448865091490143
2021-08-05,56.10579015878891,56.68212299175133,55.17267537097589,55.93197250366211,54.59161030574145,53.6708159435511,59.26918940043347,3.277010612246508
2021-08-06,56.45342602807742,56.7278707694344,56.096647515337935,56.38938903808594,54.762827327869495,53.7774266531407,61.504953561240185,1.6155635458340145
2021-08-09,56.39853749884582,56.59979510866213,55.657533578408064,56.0692024230957,54.887244003605325,53.867300212746784,59.06107143436731,0.6569317472246453
2021-08-10,55.803894025295314,55.99600495407107,54.916519511778525,54.98055648803711,54.896130906884544,53.9109573215817,51.55957880270418,-1.7010235345494147
2021-08-11,54.98056421701795,55.20926873287868,54.202970258993055,54.27615737915039,54.8370858090051,53.92527889246675,47.367373919618,-3.7475697023570333
2021-08-12,54.1755222819642,54.20296570484041,53.4070750336472,53.78215026855469,54.736615757533635,53.91966600525451,44.626880556363815,-4.078981072858896
2021-08-13,53.80959493433513,54.45911488226849,53.535150229972814,54.312744140625,54.69624703211377,53.935080834092574,48.10008094229277,-1.2146336633704584
2021-08-16,54.10234566458536,54.724422295331536,53.90108455176914,54.38594055175781,54.666694033984626,53.95276160733435,48.57924205592087,0.20226776895888712
2021-08-17,54.038305507922146,54.20297304699207,52.35504004501611,53.35219192504883,54.541503356943124,53.92920985508786,42.59772758081905,-0.7994443162999512
2021-08-18,53.02000370368951,53.25068593719313,52.549413496111995,52.62322998046875,54.35881065442175,53.87799495804398,38.95521835167885,-3.11071404490594
2021-08-19,51.99578375716936,52.90006137932087,51.21146542440806,51.64514923095703,54.100366709329876,53.790432380511156,34.67132012267817,-5.0395217826424
2021-08-20,51.72819048727633,52.53096375466521,51.55286971950352,51.92196273803711,53.89289966444485,53.71715906119845,36.78995846340358,-2.6807318226418113
2021-08-23,52.09727235830701,53.15841199128051,52.03268161751016,52.9738655090332,53.80537260202469,53.688010294446876,44.196077331186444,0.6663132017829244
2021-08-24,53.176883390895114,53.84124600396651,53.066153355439496,53.24147415161133,53.751667987699605,53.670499073159206,45.9317047349886,3.090948413210182
2021-08-25,53.35219403980066,54.15496733750599,53.167647523564526,53.65669631958008,53.74262306692631,53.669957788705126,48.60284053520544,3.3410400725705496
2021-08-26,53.739730668372914,54.127275102264576,53.34295697466595,53.444454193115234,53.71422603132526,53.6611145104467,47.3160798386956,0.8883412217705456
2021-08-27,53.37986747246287,54.21955066236909,53.37986747246287,54.1180534362793,53.75268578417803,53.679033684008765,51.68775643887766,1.6464218893936082
2021-08-30,54.441015947145544,55.326835022857765,54.18265293004584,54.32106018066406,53.80681667908146,53.70421119368152,52.95476385306235,1.2381751144852888
2021-08-31,54.44100109195552,55.465230658738925,54.311819618655115,55.16072845458984,53.9357606577013,53.761329517638714,57.87558716598088,3.21132339619944
2021-09-01,55.317605046622134,56.67401430250425,54.78242052938631,56.2587890625,54.15700145815832,53.859269107633274,63.284118274326254,3.9556774316380183
2021-09-02,56.52638123627426,56.93238427952081,56.12038171295976,56.47101974487305,54.37738415213115,53.961690701250525,64.23979715171421,3.9578748225062745
2021-09-03,56.41565186574728,57.430655902335616,56.35106111577451,57.03388214111328,54.63038396060564,54.08216879693142,66.71433452501718,3.3958102784401905
2021-09-07,57.07078502173824,57.48601375957049,56.471013307030915,57.11692428588867,54.86719732491831,54.201178816106214,67.07631363278747,1.525335396812998
2021-09-08,57.1815194238529,57.20920016852397,56.18497037651128,56.54483413696289,55.02697225939875,54.29308686790451,62.068500550340154,0.13071198718090316
2021-09-09,56.415645599365234,57.19073803287668,56.34182911613778,56.415645599365234,55.15922686320508,54.3763244652167,60.96167291012409,-1.0839811679282245
2021-09-10,56.99696368595316,57.153825906938245,56.000414799937246,56.028099060058594,55.24197659623874,54.44109993952422,57.64100929723209,-1.9063092760040017
2021-09-13,56.323375247229706,57.22764918451021,55.9450565232661,57.20919418334961,55.429330652154064,54.549652654968355,64.06533190218902,1.174926156432798
2021-09-14,57.36606024943797,57.55983601461655,55.723603755558315,56.30492401123047,55.51272049587563,54.618486825802165,56.94448832870374,-0.19626042910339647
2021-09-15,56.45256516912849,58.3533883334652,56.15729214630967,58.150386810302734,55.76392681153535,54.75699270754729,65.39743972433926,3.787898904028819
2021-09-16,58.34415360354035,58.76860809407111,57.5136996246669,57.86433410644531,55.96396560152677,54.87884923299427,63.32223337944382,1.1451654449039201
2021-09-17,57.96582743634848,58.67632908992165,57.54137300016647,57.94737243652344,56.152861490574075,54.99918347626993,63.68250796172797,2.9170600158617908
2021-09-20,56.194196017204185,56.24955750297916,53.19532684676079,53.91505432128906,55.93973699826122,54.95666860744715,42.07134953056468,-7.283412409327742
2021-09-21,54.38564192735131,55.17918937122059,54.293370442221565,54.56096267700195,55.80842515814129,54.94115072782185,45.2749953399232,-5.708821298049653
2021-09-22,54.810098753062704,55.20687246661663,53.99809632533242,54.8193244934082,55.714225094833374,54.936373228433084,46.548364111981556,-5.3980841780906506
2021-09-23,55.36373787038635,57.34760655204786,55.21610137686258,56.52637481689453,55.79157268741063,54.99872623190216,54.14104609552871,4.843397690085151
2021-09-24,56.13883997283815,57.66134443345515,56.13883997283815,57.5875244140625,55.96261570899652,55.10024772924179,58.12323875330546,5.547119384563711
2021-09-27,57.67056099061248,58.68556145607457,57.532150236262325,58.12269973754883,56.16833799743008,55.21877525897932,60.009322760583565,6.0259320498154665
2021-09-28,58.011973350024384,58.15960985458574,56.10192453229171,56.69247055053711,56.21825538344027,55.276567231197276,53.12331715420045,0.2938375832177648
2021-09-29,57.015424294545056,57.54137952948012,56.34183256418842,57.53215026855469,56.34338822964165,55.36502146795639,56.29420159287607,-0.09615649582306145
2021-09-30,57.873560081598235,58.12269731709445,56.70169390867824,56.83087539672851,56.38981557888801,55.422505935751374,53.06572990213923,-2.2225814469278107
2021-10-01,56.8401037807494,57.43987902594075,56.24955779652318,57.08924102783203,56.456427526406486,55.48786809622513,54.10992872233774,0.699864503067
2021-10-04,56.71092287256256,57.458334621531854,54.10882740272665,54.24723815917969,56.24602853905155,55.43921594183119,42.823639852744286,-5.7096981323335525
2021-10-05,54.69015091917326,57.08001928650444,54.41333290966153,56.79397201538086,56.29821363203529,55.49234363099001,52.40412034458277,-0.0649354441402349
2021-10-06,56.12960027569807,57.77205657958984,54.88391415763572,57.77205657958984,56.43857962704049,55.581744138778234,55.48885012722824,1.1960494472591088
2021-10-07,58.224195644446354,59.44219758328278,57.827421912256895,58.67633438110352,56.65169912742744,55.70310061886942,58.18701853414657,8.16464832537165
2021-10-08,58.75016342215476,60.67867101069187,58.584075413121575,60.30957794189453,57.00006853832907,55.88374678839982,62.597033429842845,6.190103987728804
2021-10-11,60.6048483689396,61.64752973134084,60.35571460619398,60.36493682861328,57.3205321850228,56.05947973115329,62.74047904058118,4.488121771208466
2021-10-12,60.43875912205132,61.17694525551845,59.97739454860055,60.817081451416016,57.65353687706025,56.24605234763418,63.95634241387184,3.6483994661430517
2021-10-13,60.99238846748347,61.509121519799045,60.32802242869483,60.93702697753906,57.966250219962994,56.43001213704222,64.28926075080494,1.0403804122937972
2021-10-14,61.70288177094299,62.85629285282934,61.49988029415298,62.56101989746094,58.403847332105656,56.67044381392139,68.52783884080286,3.638011044528588
2021-10-15,63.4837509377357,63.4837509377357,61.83206536710907,62.21038055419922,58.76637430563838,56.887696235108756,66.68737962865673,2.290966730944243
2021-10-18,62.4687492519779,63.20693525336402,61.90588400989025,63.02239227294922,59.17170935014418,57.12827255031819,68.77859129007005,3.4221644849506796
2021-10-19,64.3880195023871,69.33384681493382,63.43760989148182,67.52529907226562,59.96728932367955,57.535999080590635,77.2917140398215,7.935099496365731
2021-10-20,67.35922617611271,69.17700368012038,67.17468316691848,68.55877685546875,60.785526231469,57.96826487568389,78.7255133300357,10.204721856248174
2021-10-21,69.16777324854087,71.47459602379848,68.7433187026772,71.31773376464844,61.78859361558133,58.491773459564854,81.99401904610855,13.162530320607626
2021-10-22,71.65913986222498,73.91982317019874,70.81022380417103,73.5599594116211,62.90967607234702,59.08268271258667,84.12821812018603,8.936887984601402
2021-10-25,73.55994962128533,74.58417927164629,72.96017442352738,73.78140258789062,63.945078597636886,59.65910309985349,84.32581081970537,7.617734697093389
2021-10-26,74.38118870074356,74.80564321563332,73.48614040288007,73.59687042236328,64.86429686665845,60.20568221054015,83.39411303758554,3.195750253697197
2021-10-27,73.71682058517312,73.79064059608062,70.7917712916348,71.48381805419922,65.49472745594805,60.647962047546386,73.3941408454432,-2.822379694100108
2021-10-28,71.5760906039431,72.82177338696526,71.5760906039431,72.2773666381836,66.14069309235144,61.10401712953216,74.6247541362485,-2.038502789256925
2021-10-29,71.77910158055685,72.0097838685623,70.39500785252422,71.0040054321289,66.60386569613978,61.492251964928116,69.10150543112924,-3.523064194651546
2021-11-01,71.62222117382164,71.98208488877476,69.73062407533439,70.43190002441406,66.96844039407067,61.84282639863345,66.71244218427474,-1.4715470695585806
2021-11-02,70.04436685779532,71.01322815426408,68.50340396554941,70.51495361328125,67.306203557805,62.182909818815716,66.89139890123457,-2.4384023752897415
2021-11-03,71.07780773150833,72.4342203731544,70.51494252592917,71.94517517089844,67.74801037809962,62.56574375419151,69.89306395840143,1.3255164029713418
2021-11-04,71.97287058803786,72.30505363086412,70.16432237701962,71.31773376464844,68.08798403396142,62.90895904871923,67.02231407598775,1.2577166595354026
2021-11-05,72.508041119673,72.6833548295338,70.6533539963796,70.99476623535156,68.36482043409382,63.22604952662638,65.53029703981467,0.6804409525697276
2021-11-08,71.04089687132733,72.07435578577395,70.51494167376588,71.0870361328125,68.62407907206702,63.534323511182706,65.76478110386726,-1.1927680154333014
2021-11-09,70.75485272346576,71.2254464362204,70.18275826796281,70.39498901367188,68.79273716174367,63.803369217162675,62.339476089830775,-1.2938503542774642
2021-11-10,69.66602995588973,70.22889513196738,68.19889442601895,68.28193664550781,68.74408949353074,63.9789993123919,53.224119988021414,-3.821168423670233
2021-11-11,69.02934337898783,69.49993706612565,68.54952747200242,69.13084411621094,68.78092326711933,64.18103244195343,56.00720712426307,-2.7518266663232276
2021-11-12,69.08472684806924,69.50918136837585,68.54954230686629,69.19544982910156,68.82040198730812,64.37767626105729,56.22069291361131,-1.7040121766868124
2021-11-15,69.29693665828572,70.51493848384781,69.00166370178165,70.21966552734375,68.95366518159723,64.60677387934304,59.5702948575549,2.837835270982195
2021-11-16,70.11818253092964,70.44113630884613,69.6291372329612,69.93363952636719,69.04699607157532,64.81567057138321,58.23039354922825,1.1612695033879925
2021-11-17,70.00745077269839,70.22890375839972,69.20467401971881,69.6660385131836,69.10595249458564,65.00588107890479,56.939984707131316,0.6800861693135718
2021-11-18,69.74034095794026,70.39984518041442,68.67212709857706,70.03758239746094,69.19467915200234,65.20320269924034,58.32101063304621,-0.25930503729316223
2021-11-19,70.11189569468175,70.2047823173022,68.83003620741646,69.61958312988281,69.23514619751477,65.3763940886773,56.139553451944884,-0.44907772369828663
2021-11-22,70.23265994359048,72.35050649359084,69.93541844686754,70.4555892944336,69.35137887341179,65.57557821439323,59.4096675254658,1.1333366990583016
2021-11-23,70.05615935433894,70.32553552570371,68.48635626851696,68.56066131591797,69.27607243936475,65.69264029680596,50.26222881446541,-2.1087550868924785
2021-11-24,67.9104481931856,69.23874747960538,67.35312135755947,68.69070434570312,69.22032309711126,65.8102114359784,50.821849338721535,-1.3342205489032652
2021-11-26,66.87938930810621,67.38098557833241,65.8111754226316,66.63787841796875,68.97437598481197,65.84266896468391,42.66174585229504,-5.418606124363884
2021-11-29,68.09619813244969,68.67210634797198,67.01870089732195,68.13335418701172,68.89427867073576,65.93249975771637,49.076439274968315,-0.6232540945561746
2021-11-30,67.56675955216559,68.04049054916551,65.36531749929782,65.74615478515625,68.59445734829961,65.92519211173362,41.1604445504922,-4.286678362952422
2021-12-01,67.26025155189888,69.30378615580072,65.56968195844216,65.62541961669922,68.31169185005196,65.91343632761463,40.80198224610466,-1.5193442908238268
2021-12-02,66.67503719691179,68.06835786417564,66.14557562682334,66.69361877441406,68.15758965237215,65.9440317176852,45.337781368868804,-2.1131139509819015
2021-12-03,66.96298916220861,67.48316704040238,63.75835440023723,65.12380981445312,67.868658239237,65.91186615285258,40.434588955206046,-0.9465876335077076
2021-12-06,65.83903601672912,66.43351886800656,64.7243824422826,65.16095733642578,67.6107819627788,65.88241874828682,40.598302742211686,-0.7077475206806132
2021-12-07,66.59145143579039,67.48317594736805,65.31888248253249,65.94123077392578,67.45177708764994,65.88472510223345,44.075240335987104,-1.1281259201621292
2021-12-08,65.42105502977113,67.0187306512864,65.42105502977113,65.99696350097656,67.31322341272868,65.8891266080665,44.32590858915082,1.3407595302104942
2021-12-09,65.95051478661993,67.38099159156211,65.4767837524414,65.4767837524414,67.13832439746322,65.87295630000278,42.41498906667004,0.4846865806237535
2021-12-10,66.08056326994608,67.0651744076689,64.696533203125,64.696533203125,66.9057728551453,65.82682206090954,39.653569699512055,-1.887586197879938
2021-12-13,64.55720062052262,65.19813049158037,64.13920719223063,64.65937805175781,66.69183049291792,65.78103994290359,39.52161728226611,-2.026737865294299
2021-12-14,64.09274095327244,65.67183463479476,63.396080725519475,63.65616607666016,66.40271959613146,65.69771155599209,36.03489997210284,-2.780554528555869
2021-12-15,63.73977332362006,65.43961900896824,62.8759142989896,65.17024993896484,66.28534153354417,65.6770267866969,44.05670299892333,0.7322134778884289
2021-12-16,66.17343650933584,66.55428086807758,63.64688073335578,64.83585357666016,66.14729506145997,65.64403960198958,42.780638947238884,0.2729310584476711
2021-12-17,64.70581621097556,66.18273273993113,63.84195710016148,65.33744812011719,66.07016678133209,65.63201640662203,45.33816817105057,2.6411927501764425
2021-12-20,64.06489576914832,64.4643147084584,62.85734816096532,63.702632904052734,65.84468736444835,65.55635430848206,39.189906050960786,-2.2519739241242824
2021-12-21,64.29710673054147,67.41814565063099,64.29710673054147,66.78650665283203,65.93438443953251,65.60459557688795,52.32401660540713,3.0086024453514377
2021-12-22,66.64716569088462,67.35311674731359,66.18272551185406,67.13018035888672,66.0482697651853,65.66442243108398,53.528622377427425,2.7438051077136496
2021-12-23,67.38097894972731,69.37807304579476,67.38097894972731,68.9879379272461,66.32823816157205,65.79475637210994,59.48746739354288,8.296839207814141
2021-12-27,69.25731061234927,69.58242437604474,68.47705458778584,68.7557144165039,66.55942637632747,65.91087237385089,58.47804892214118,2.948511402023409
2021-12-28,68.75573017180581,70.02829898362094,68.16124723016263,68.2448501586914,66.7199429270288,66.00240091443287,56.21806336245736,1.660460010453595
2021-12-29,67.8454421846709,68.3005917098665,67.21380307169063,67.62251281738281,66.80590196420538,66.06593471454856,53.505283907850924,-1.9792229640248753
2021-12-30,67.91046508780494,68.65357244470522,67.77113157253652,67.84544372558594,66.90490594147971,66.13571938164807,54.354975191025446,-1.3239200532537412
2021-12-31,67.75254727177479,68.20769674143354,66.48926919995807,67.27881622314453,66.94051644449542,66.18054670876559,51.765509826043804,-1.4155411482339442
2022-01-03,67.7618262307903,68.04049320148727,66.25704443205393,66.44281768798828,66.89311656292331,66.1908318452057,48.12288057909514,-1.7445301575532148
2022-01-04,67.04659293104191,68.75572960241311,66.55428741345771,68.32844543457031,67.02981455069921,66.27465982910235,55.6956684284248,0.7119147321638416
2022-01-05,69.09010892451487,69.1458465573091,64.13918268684536,64.65006256103516,66.80317150406454,66.2109501323154,42.62425862105268,-3.9072531439770777
2022-01-06,65.02164184088507,65.11452848329846,62.913086002235424,64.62222290039062,66.59546211323845,66.14864710361248,42.54287826834339,-2.7400926856339334
2022-01-07,65.02163192264396,65.02163192264396,63.13600573077456,64.05559539794922,66.35357004511567,66.06656664456686,40.83403050308898,-6.253398580116495
2022-01-10,63.18244708061509,63.535426198280526,61.54762253962225,63.48897933959961,66.08075188268558,65.96548478947011,39.14092693841149,-1.7959506540916115
2022-01-11,63.312497573682414,65.57896114931698,62.92236238208021,65.56038665771484,66.03119328983122,65.9495985882248,47.68134544911805,1.4517664593035033
2022-01-12,65.90407496116708,66.80509026647114,64.26925022686339,65.72759246826172,66.00227892587222,65.9408924658733,48.31188890668242,2.610227974504207
2022-01-13,65.71828363202604,65.91334765175522,63.73977107180613,64.60363006591797,65.86907427254324,65.88845080312996,44.435119979741664,1.7556601758490151
2022-01-14,63.79550767532739,64.06488384816038,62.32787490753189,63.93484115600586,65.68486159477779,65.81183866010548,42.26198000604119,-2.4794629570991065
2022-01-18,63.27535834435962,63.78623849753959,62.27216544774778,62.83878326416016,65.41380651567134,65.69524825242135,38.90395296705426,-4.395124019636794
2022-01-19,63.04312632732912,63.33107703392569,61.668379976656034,62.28144454956055,65.11548632842269,65.5613735974072,37.281764859824236,-3.594512435273362
2022-01-20,62.32787961282319,63.6468882109916,61.82628329659103,62.23499298095703,64.84115362866406,65.43092729872288,37.14275441143692,-2.6587196344182193
2022-01-21,61.74267637638667,62.30929394194501,60.58157596938916,61.21321487426758,64.49563565205487,65.26552681148934,34.12831397419815,-2.586887118834017
2022-01-24,59.81990553332129,60.98100615669012,57.859967114131045,60.70233917236328,64.13436932065568,65.08657827662165,32.699369615023954,-2.5354347327970057
2022-01-25,59.819908582555776,60.77665441109312,58.51947440073575,59.58768844604492,63.701352094502276,64.87093553816766,29.770531839352508,-4.253723521302789
2022-01-26,60.65590184242292,60.83238432526167,58.3987183128161,59.03035736083984,63.25649545320109,64.64189325670382,28.400769592288057,-3.5659906409283484
2022-01-27,61.677668119851646,62.58796706342124,60.711631525903115,61.51976013183594,63.09109208926155,64.51945666357175,41.375646607662766,1.3466053707610888
2022-01-28,61.10175981444991,63.4239611274758,60.00568051122985,63.3125,63.11217855695093,64.47212502970619,48.59950156647635,6.250975077390016
2022-01-31,63.39609603881836,65.1888357414099,63.21032276792851,65.02163696289062,63.294031738468995,64.49367451728206,54.37203344262003,10.149488957736422
2022-02-01,65.25386593777243,65.78332762703408,64.52004937076121,65.62541961669922,63.516068679252825,64.53805667804352,56.241632867469946,6.67372479357025
2022-02-02,66.02482515386724,66.61930808453113,65.09594468885548,65.97837829589844,63.7505743570286,64.59453987874372,57.34202037358581,4.210666607539487
2022-02-03,64.73367720581184,65.55108940482353,63.953413986341346,64.07417297363281,63.78139327289566,64.57413333344525,50.03217018155782,-1.457151855156388
2022-02-04,63.82338173425793,65.91336297156714,63.54472182136109,65.32817077636719,63.928705416083424,64.60370342924611,54.17507480148034,-0.4529477176194581
2022-02-07,65.39319160123001,66.41495878049376,65.14238988618035,65.83905029296875,64.11064302340584,64.65214840429405,55.78351550720277,-0.2111722150926963
2022-02-08,65.64397910909707,65.69971675461566,62.63440846252152,62.79231643676758,63.985088110392674,64.57921381733223,45.52173331070881,-2.000582258615701
2022-02-09,63.21960049051302,65.1702550843161,63.21960049051302,64.90087890625,64.0723062814267,64.5918281345447,52.09038495674076,-0.6540698523151709
2022-02-10,64.09276246727639,66.51714144059102,64.02774110766552,64.7151107788086,64.13352575736783,64.59666274804525,51.50121601164667,-1.7071016504018237
2022-02-11,63.16387758672729,64.38999963288015,60.73949877711656,60.99958419799805,63.83505513266595,64.45560084412183,41.4122817365574,-2.8550184807640098
2022-02-14,60.77665957106564,62.48579651923008,60.40510590374393,60.962432861328125,63.5614720592052,64.31861386440444,41.32510902161834,-6.068401709337406
2022-02-15,62.26286315953111,62.931658300449115,61.42686923338359,62.77375030517578,63.486450939773825,64.25803097972882,47.16467541991055,-2.9998565254229996
2022-02-16,62.49507382693578,63.65617435756938,62.02134282613461,63.126712799072266,63.45219016446892,64.21366556087953,48.245597240201775,3.487119837030019
2022-02-17,62.79034216951434,63.42572094594862,60.60389607719192,60.94961929321289,63.213850081492154,64.08566374646124,42.473646000285996,-0.021018793892923417
2022-02-18,61.22992884362208,61.73449496981094,59.25838619691839,59.959171295166016,62.90388067327062,63.92384051307711,40.121923922603635,-4.483687841377385
2022-02-22,59.73492686520595,60.60390074208855,58.52957554380394,59.05282974243164,62.537113917952624,63.73282048285572,38.04595957094566,-6.4535010235801415
2022-02-23,59.80031724030665,60.08063407887192,57.81943272974696,58.024993896484375,62.107388201622314,63.508984146135276,35.78469189128116,-4.798430951075998
2022-02-24,55.85724052396971,58.26794286208038,55.22186177893483,58.0810661315918,61.7239289568575,63.29612461615318,36.00814014123986,-3.1323067397458075
2022-02-25,58.64170195109373,61.55696728481733,58.59498365224252,61.360748291015625,61.68934032201542,63.220227505363475,47.512508459773535,3.908226851533348
2022-02-28,60.360947824748344,62.37921208836253,60.04326203996859,60.97764205932617,61.621559535092636,63.1322829780679,46.461743244027836,5.088579876646385
2022-03-01,60.69732758740846,61.3887668328554,58.04368808557046,58.30531692504883,61.305726905564654,62.942990191674994,39.84262113794864,0.3860996507002054
2022-03-02,58.80054357958455,61.089772113294174,58.25860137749043,60.66930389404297,61.245115190181636,62.85382602314041,47.03152720385187,-1.1268513116778545
2022-03-03,60.781429482118014,61.64105747913647,59.77229724452875,60.33292388916016,61.15823982817959,62.754967115925496,46.18575821139416,-1.0573025594180099
2022-03-04,59.27707325022835,60.01523796137693,58.174504428675,59.314449310302734,60.98264073123894,62.62004484903833,43.62759274241138,1.730772489498926
2022-03-07,58.10909963411845,58.6043235321862,54.081923511178815,54.46501922607422,60.3619148736042,62.300239922647584,33.977401689108135,-10.226398309768541
2022-03-08,54.97892084765468,57.25880682689221,54.41829425805794,56.08148956298828,59.954255320212205,62.05636735952369,38.83414791945666,-7.046624052204645
2022-03-09,58.006318053873976,60.14604932854821,57.53912800600853,59.13691711425781,59.876413586311784,61.941879114611304,46.80033707963423,-0.2993068267668888
2022-03-10,57.987628897921205,59.60410600441299,57.66993952896821,57.996971130371094,59.69741906669839,61.78717684071953,44.47312380306883,6.484807963871996
2022-03-11,58.42678822681838,60.12735977356813,58.42678822681838,58.91266632080078,59.62268070994624,61.674450937977625,46.76320282277982,5.048326604507617
2022-03-14,58.5015373532989,58.82856895540382,54.80139309358132,55.51152038574219,59.23114163145061,61.43276738690957,40.14110532840851,-6.1305135699093585
2022-03-15,55.502175303561955,56.31508493303971,54.13797774848051,55.642330169677734,58.88935006366272,61.20569141760636,40.490149048990205,-4.05993781192534
2022-03-16,56.810313131119315,58.30532352879827,55.65168372640501,58.19319534301758,58.82304961407747,61.0875543166421,46.98250469798711,-1.221250068474958
2022-03-17,57.69797407864347,58.183852182820495,55.960026434881115,57.53913116455078,58.7007716665035,60.94840046754048,45.608535150901055,3.6525945690534063
2022-03-18,57.06259101521901,58.99675748939035,57.02521495668983,58.473506927490234,58.67912740564509,60.851345818911064,47.950309146564294,5.088170731130431
2022-03-21,58.75382338083815,59.14626132325735,57.940910104037265,58.39875793457031,58.65242555125702,60.755165901878094,47.773108139372866,0.35324162961159544
2022-03-22,58.73513554087094,60.94961901527626,58.39875812377761,60.43570709228515,58.82226188849779,60.74263810542347,52.88300236053676,5.034097437882267
2022-03-23,60.239482044024015,60.239482044024015,58.58562895305914,58.660377502441406,58.80684432792099,60.660980826875154,48.43504211713004,0.319581610151927
2022-03-24,59.342482453412146,59.99654927895047,59.04348108705933,59.697547912597656,58.89167324074734,60.62319914396231,51.02659969301599,2.2240027424598683
2022-03-25,59.82835838820785,60.099329480474815,57.903537607885895,58.39875793457031,58.84472892587333,60.53596615535871,47.78771174204612,-3.370439853718301
2022-03-28,58.352037010495934,59.82835569105088,57.94090749196945,59.062164306640625,58.86543705737498,60.47817000442859,49.54925092221121,0.6849372972113871
2022-03-29,60.36096205846374,61.62237395629918,60.08065226380892,61.39812469482422,59.10664540379872,60.51424665895391,55.271589657799154,2.848654327839986
2022-03-30,60.90288914251884,60.986979921348585,58.65103346818291,58.903316497802734,59.08728074608482,60.45107292714406,48.89320350068418,0.8639885180395906
2022-03-31,59.05282894559752,59.81901685478544,57.86616567205643,57.9222297668457,58.97632350996681,60.35190260713236,46.61501525475454,-1.9300588679354473
2022-04-01,58.3426965798348,58.6977620427539,57.763381871981785,58.23991775512695,58.90618962855349,60.2690796717596,47.46858359888803,-5.143816615564316
2022-04-04,58.4641590094054,59.52935168819879,58.380064662954496,59.20232009887695,58.934392530489056,60.2272459630191,50.072913296798994,0.5076175992320779
2022-04-05,58.98741240740858,59.39853833823776,56.86636930743086,57.11865234375,58.761464893656765,60.105340330890904,44.88455179912466,-1.3873385508989253
2022-04-06,56.22165262246059,56.87571944857114,54.66123946321528,55.15645980834961,58.418131076008464,59.911266584908894,40.61651765598241,-5.294406423686788
2022-04-07,54.83876450115171,55.10973557431314,52.867225566366095,53.88569641113281,57.98647063173459,59.67496971534905,38.0903961141015,-8.980431305503846
2022-04-08,53.48392707198256,54.362243223702386,53.231643976787154,53.782928466796875,57.586133282692906,59.443909274229355,37.88518605892835,-5.83999051111738
2022-04-11,53.25966927171075,53.72685935304155,52.568226383015094,53.13819885253906,57.16252047982111,59.19662651259444,36.55463887859961,-3.659156085838964
2022-04-12,53.409163976894014,54.51173273057066,51.67121649857737,51.867435455322266,56.65822666796408,58.90920725544652,34.01863725012076,-3.745448403249314
2022-04-13,52.82985392057799,54.06323541904945,52.073004724725216,53.960453033447266,56.40129584562914,58.71513846242694,41.24833396150874,0.33007605147418884
2022-04-14,54.10061742402961,54.642556110777726,53.50261107522176,53.71752166748047,56.14569830485308,58.5191534900761,40.69102904985829,1.0902191407523119
2022-04-18,53.48391356333796,53.59603816697912,52.54953354944885,53.03540802001953,55.84948018248798,58.304104648113096,39.09385308777911,2.2518417470309235
2022-04-19,53.044766687180605,54.94155743501894,53.044766687180605,54.745338439941406,55.74432382605497,58.16454518896911,44.92938443513766,1.4545567399288348
2022-04-20,54.96023043181628,55.96001673060279,54.679917149195376,55.27791976928711,55.69990439207708,58.05134419211883,46.64410697231373,2.9048214686182647
2022-04-21,56.3337755575003,57.11865496280091,52.20381377396847,52.47478485107422,55.39275015007681,57.83265559050924,39.646883736050896,-1.0570733588656307
2022-04-22,52.25053538121168,52.40938185746435,50.25096246479672,50.39112091064453,54.916404508226115,57.540830701102784,35.39624236291534,-7.953585918687281
2022-04-25,49.905245949236296,50.89569023666835,48.91480166180423,50.82093811035156,54.52636008938092,57.277305501465484,36.89911323785379,-8.062860682054618
2022-04-26,50.61536960717036,51.222718113533176,47.634698294727805,47.79354476928711,53.88513958270532,56.90539331588986,31.364665470954417,-8.920932396526593
2022-04-27,47.69076435529911,48.765299403679414,47.06472779287106,47.578636169433594,53.28452021001278,56.53963813367589,31.009101965204156,-5.581310140328379
2022-04-28,47.79354160327754,49.37264262508753,46.737691135054405,48.87742233276367,52.86479660265572,56.23915908265973,35.74956875707129,-3.824242231357043
2022-04-29,48.34483459520348,49.83049930122534,46.42001004114681,46.49475860595703,52.25812631725585,55.857025730632174,31.476624327836863,-2.7174928530614006
2022-05-02,46.532130824238905,48.5971101032667,46.38263014259837,48.51301574707031,51.90144912009532,55.569025339119946,38.213359113065216,1.9638637272183965
2022-05-03,48.60645080727398,49.5221428319124,48.11123051955551,48.335479736328125,51.56183298830797,55.2853568841085,37.86074917644012,-1.1087790038229373
2022-05-04,48.354170062702224,50.35374290175806,47.148818881051,50.13883590698242,51.42630945675315,55.083532532064346,43.55795379318939,7.8376088193272215
2022-05-05,51.40024935827661,52.75510125900109,49.21379971255209,49.86786651611328,51.27788631954935,54.878996609870185,42.921171786933996,2.7927572594263794
2022-05-06,49.78376514090907,50.662084620019755,48.70923028209267,49.42870330810547,51.10177365179279,54.66525961764412,41.853241724992344,2.2617414324651786
2022-05-09,48.662526547814416,49.39134202343454,45.99019838470344,46.29854202270508,50.644323020451104,54.33715304529357,35.1417367929974,-7.659319995785019
2022-05-10,47.709445132214405,48.382196323230666,45.95280969556387,47.130126953125,50.30963768070576,54.05452457109088,37.98684768765415,-5.4899873490751085
2022-05-11,46.85916346364135,49.2978925317558,46.32656709153136,47.66272735595703,50.057550983110644,53.80386585677191,39.808024223658926,-3.572774185761105
2022-05-12,47.65339669315971,48.36352417359417,46.36395084343659,48.18599319458008,49.879307384202974,53.58355712492125,41.621965738860105,4.076696780104615
2022-05-13,49.49411127696197,51.353525538629576,49.4473894240102,50.64339828491211,49.95207794617527,53.46825677825422,49.34281059657889,7.454406679789686
2022-05-16,50.51258819336712,50.820931764980976,49.55952008809109,49.99867630004883,49.95651588463942,53.332194798716756,47.565403327168276,4.900997222937648
2022-05-17,51.35431394458194,52.18276218941444,50.60118080892606,51.58966827392578,50.1120542074286,53.263860425195546,52.14637978008327,7.063619225614604
2022-05-18,50.657673746254154,52.01331356720175,50.554117253244215,51.15662384033203,50.21153702960988,53.18122369637737,50.84431765503347,1.0134105782802971
2022-05-19,50.60118646982405,51.90975611277367,50.39407348764009,50.78947067260742,50.26657832894298,53.0874294601511,49.710979867845055,1.5816306172046029
2022-05-20,51.21311391229278,51.975659795994765,49.93278552580204,51.28842544555664,50.3638971019538,53.01688028310818,51.29969917985757,-0.5839208478132305
2022-05-23,51.85327141527844,52.36163407508174,51.05306448135536,51.985069274902344,50.51829445175843,52.97641710631579,53.50813734542554,1.6194294548366261
2022-05-24,50.84595688067229,51.27901165391884,49.28320399627186,50.4411506652832,50.51094742447508,52.876994892941966,48.28247423351408,-0.6858114540502195
2022-05-25,49.98926519649414,52.70996464568836,49.57504281101953,52.512264251708984,50.70154902706878,52.862691730540675,54.6769494333376,2.386189077790008
2022-05-26,52.785279806402855,54.856399058732336,52.32398723489599,54.705772399902344,51.08290363400531,52.934969403848974,60.278551604500656,5.23362412121189
2022-05-27,55.31768441892392,56.95575226247849,55.167057779729895,56.78629684448242,51.62608393976504,53.08600185250127,64.73105128658605,12.579304983156046
2022-05-31,56.68274045080195,56.72039800846858,53.99970231344633,54.26329803466797,51.87724718689865,53.1321703302333,56.465183223763695,3.3345234830585273
2022-06-01,54.26329969648761,55.185888340240105,53.237154561591645,54.385684967041016,52.11614602310269,53.18132776697086,56.753671216116004,-0.5851072360727687
2022-06-02,54.59279926535377,55.35534509811506,53.70786456786626,55.10116195678711,52.40043325488215,53.25661538225777,58.48561937452227,-2.967502692260953
2022-06-03,54.150332680654245,55.19530663489477,54.00911862529426,54.39509963989258,52.590401482026,53.30126182373365,56.09800014714302,0.24289272859973127
2022-06-06,54.77166170695575,56.79571044582112,54.08442747244435,55.70366287231445,52.88690256681538,53.39547362956035,59.40563873420032,2.423391203167088
2022-06-07,55.50596958595517,55.79781027565468,54.37626797664185,55.61894226074219,53.14709682337984,53.48266847784199,59.09520775011948,0.9396903541909797
2022-06-08,55.26120856108116,55.62836081542429,53.62314051337012,53.96205139160156,53.224711544162865,53.50146780779335,53.236080007422814,-0.7961162883382684
2022-06-09,53.651379151751115,54.04677273556356,52.493432590649235,53.3407096862793,53.23575898626919,53.495163567733975,51.18653382641676,-4.242006834364889
2022-06-10,51.523781000984805,52.31457187006442,50.40349543279821,51.26018524169922,53.047609105833956,53.40751735886987,44.94665675680857,-7.836821129407801
2022-06-13,48.95370657849394,48.95370657849394,46.0635553427922,47.14618682861328,52.4855688889558,53.161974985134314,35.68341999826145,-12.630847766564106
2022-06-14,47.25914773772623,47.59805852999132,45.90350456866585,46.46835708618164,51.9125010982154,52.899480165567546,34.424566934438964,-12.883879199427703
2022-06-15,47.05203833724494,48.59596220402263,46.88258292833303,47.588645935058594,51.500705368390946,52.69121215652798,38.29888823448719,-7.162555674211445
2022-06-16,46.44953082823294,46.44953082823294,43.27695545746689,44.03950119018555,50.790114494276146,52.35192937353416,31.87395272484893,-6.589473820483547
2022-06-17,44.03950471113257,45.7058139358538,43.96419318675919,45.42338943481445,50.27899782194646,52.08022192495692,36.357211407719745,-2.2487725344564224
2022-06-21,46.882590640505505,47.68279766782826,46.67548123316097,46.92966079711914,49.96001334339148,51.878239135629954,40.914907946364025,-1.384752864871867
2022-06-22,46.12004625519219,47.74869814692036,45.84703431030696,47.2497444152832,49.70189249309546,51.696729538753615,41.867614734896,7.289463182687176
2022-06-23,47.56982165147039,48.15350304452067,46.11062535128968,47.01438522338867,49.44593941979005,51.51310819305303,41.339775273827414,3.50259152469765
2022-06-24,47.64513522167152,49.4432423132709,47.626306442711765,48.953704833984375,49.39905993542761,51.41273943387387,47.241989320308285,4.312931315688274
2022-06-27,49.84804709150371,50.29992696762344,48.63361790436955,49.31143951416016,49.39071513340214,51.330335515453726,48.275847469357956,4.36339947314105
2022-06-28,49.509138664925814,50.026917490067994,48.12525400886502,48.2664680480957,49.28364398242057,51.21018385006714,45.47266710590648,2.663190890953406
2022-06-29,48.16291637667764,48.20057393639774,46.02589834406672,46.76961898803711,49.044213030574525,51.03604405155616,41.73437439384896,-4.461533306527275
2022-06-30,45.75288454962091,46.33656592771644,44.43490233438411,45.639915466308594,48.71999421493015,50.824431165860176,39.12042261693489,-7.4455827775972
2022-07-01,45.28217770823662,46.63782112862331,45.009169378273235,46.37422180175781,48.49658731843755,50.64991315158165,41.67746277443675,-3.920415814250877
2022-07-05,45.18803492222037,48.097014813987194,44.79264134043767,48.07818603515625,48.45673957717266,50.54906110780026,47.21762786729097,2.7978997379770196
2022-07-06,47.99346473317673,48.77484299847453,47.052047213284155,47.296817779541016,48.34627083454108,50.421522153750885,45.101893945957755,3.6303798907242673
2022-07-07,47.88049222350084,49.339688557081,47.88049222350084,49.245548248291016,48.431916302517266,50.37540553000736,50.9990434433094,6.191643406562491
2022-07-08,49.132576350415384,49.41500446372644,48.07818979204804,48.53948593139648,48.44216102907719,50.30340868300301,48.94745232988726,0.9594785791271546
2022-07-11,48.02169930456344,48.144084570349,47.2497373349419,47.729862213134766,48.374323046606484,50.20248529202779,46.630974527173436,0.9155889421826392
2022-07-12,47.75810948168459,48.66186942239562,47.45685616811424,47.739280700683594,48.313842823185254,50.105889033543704,46.662598216577955,-3.058687741708093
2022-07-13,46.63781873064852,47.65454765243888,45.1597937039789,47.353294372558594,48.22236201836367,49.99794414487762,45.473394987040734,-2.443766216466308
2022-07-14,46.44011786709694,46.44011786709694,44.952676785790985,45.81877899169922,47.99344934915753,49.83405531534122,40.99983487164184,-4.003957130447438
2022-07-15,46.65664892627986,47.96521857384894,45.64933256773866,47.87107467651367,47.98179461842955,49.75707568244602,48.322228113466295,0.2760703007998839
2022-07-18,48.66186812300624,49.45265894781806,48.11584785344859,48.294715881347656,48.01159664346937,49.699728239265696,49.70970871009862,1.9880802830364843
2022-07-19,48.247642032601824,50.073990506459275,48.19115569543091,49.96102142333984,48.197256146314174,49.70997503079801,54.845053392037016,9.040490652077501
2022-07-20,49.97985733430417,51.08131413214208,49.80098929457285,51.01541519165039,48.465652245870004,49.76116876259615,57.78275835435073,6.568351632764542
2022-07-21,50.8930346116827,51.5802689998768,49.33028160495651,51.382572174072266,48.743454143794025,49.824753210105015,58.78820271688063,6.3937767028404835
2022-07-22,51.60850436194417,52.11687064723399,50.3752462086424,50.78005599975586,48.9374162253142,49.86221606460113,56.413795989293575,1.6393471411963603
2022-07-25,50.37524900960823,51.2978413229015,49.96102660109376,50.87420272827149,49.121872082738705,49.901901816117615,56.70803041391772,-0.27680351683585075
2022-07-26,50.8647866179328,50.98717189905774,49.81981261336292,50.41290664672851,49.244827755499635,49.921941221239614,54.75752369530766,-1.8871486699006712
2022-07-27,50.808296594597195,51.82502548649158,50.60118362406107,51.617916107177734,49.470836169945166,49.98845004029601,58.74899318752969,1.6499786991686327
2022-07-28,51.84384998579637,53.246563331085845,51.35431256298467,53.19948959350586,49.825946019808086,50.11437316002973,63.32269143364149,4.570660060569704
2022-07-29,53.19949599081518,54.12208820824067,53.19949599081518,53.75493240356445,50.200135199213456,50.25714018918796,64.7988221186702,6.629305824905895
2022-08-01,53.03945731462207,53.89614701878264,52.40870577901899,53.77376174926758,50.540480584932894,50.39504691703422,64.85046702229045,4.176545286356616
2022-08-02,53.08652934386346,53.97146404379497,52.474610157100315,53.1053581237793,50.7847546362516,50.501333631024224,61.406395723069906,-0.1769405504560579
2022-08-03,53.67962253662095,54.385685612370786,53.114769921287575,53.8773193359375,51.07928460765026,50.633725227295336,63.79770885213343,0.22767572555803545
2022-08-04,53.359534516656254,55.666007691886,51.495528635427014,54.59279251098633,51.413904407967976,50.78898276783224,65.90623335686037,1.5231048285921815
2022-08-05,53.82083340914474,55.15764804356949,53.4348524017616,54.15974426269531,51.67541296556106,50.921169493120985,63.49569262244234,1.9854609330727533
2022-08-08,54.47982138980074,55.04467395817163,53.933801190719976,54.056182861328125,51.902152955634115,51.04411119383499,62.903167439100635,0.33198297093322277
2022-08-09,53.754938826934485,54.60221602939702,53.237159910417525,54.50807571411133,52.150336075489086,51.17995293972818,64.46158158604038,-0.1551794531447562
2022-08-10,55.43065781957766,56.77688499621089,55.15764591019668,56.47563171386719,52.56226899342986,51.3876266171454,70.30993392352373,4.2760309944207675
2022-08-11,56.485049318541826,58.17018748510511,56.36266403947596,57.32291030883789,53.015663404421105,51.62038284034903,72.41511936579255,6.043207778636526
2022-08-12,57.85951139966931,58.03838300051981,57.13461958503563,57.42646026611328,53.43573929601084,51.848072151163315,72.67016888811385,5.354040688041436
2022-08-15,56.955756802003,58.11369985645238,56.78630137050089,57.87834548950195,53.858844647771896,52.084553458549145,73.80826910206535,2.483750483290901
2022-08-16,57.50178144558974,57.784205971558386,56.65450427646114,57.17228317260742,54.17441022156576,52.28407227086516,68.9750637858393,-0.26276951993354297
2022-08-17,56.45206130540644,56.78374059731685,55.855034964934546,56.13933563232422,54.36154597497133,52.435259069353755,62.5244637431516,-2.241344195384058
2022-08-18,56.19619066525816,56.783738365708686,56.03509033409955,56.43310546875,54.5588373553312,52.59203735952616,63.56799321119597,-2.497030639920577
2022-08-19,55.71288395970576,55.71288395970576,54.585167223910936,55.08742904663086,54.609179421169266,52.68989585705968,55.89060040341331,-3.646616874967598
2022-08-22,53.988148871400696,54.575696596826056,53.523794246203884,54.09239196777344,54.5599615684649,52.744895704538656,50.98696959001949,-3.6461843402581713
2022-08-23,54.37668901180477,55.4191127452888,54.24401729463769,55.04952621459961,54.606586772858684,52.83527337159987,55.07044015213969,-2.4517156067488646
2022-08-24,55.0021443211901,56.110903920238314,54.98319070218502,55.87398910522461,54.727291756893536,52.954438694487116,58.29374931981096,1.4278394766398268
2022-08-25,56.29095821014302,57.21018518056042,56.129854265512705,57.15332794189453,54.958342822131726,53.11910101791486,62.7584899650574,5.658718098368998
2022-08-26,57.05856765249715,57.1533357549504,53.410080661333915,53.4195556640625,54.81179166422037,53.130883553057906,46.95851585147641,-2.960916582974745
2022-08-29,52.96466979597095,52.96466979597095,52.0454392553146,52.75618362426758,54.616019469939154,53.116189438203385,44.800470893570825,-5.580066021571198
2022-08-30,53.04049604695615,53.42903624369767,51.761153729611955,52.073883056640625,54.3739112401012,53.0753146781421,42.63042441735684,-8.887400031049761
2022-08-31,53.14473187181746,53.646990111804286,52.40555520698744,52.670902252197266,54.21171990791987,53.05945536732074,45.13469636788947,-1.4014594516159256
2022-09-01,52.06439113971332,52.42450262020838,50.68080968180164,51.96015167236328,53.997284837866864,53.01634541849888,42.742622282753246,-1.5088884320626372
2022-09-02,53.068920898437504,53.741758135077546,51.85591814899817,52.12126159667969,53.8186159577538,52.98124409215303,43.47393414073045,0.09098330536927501
2022-09-06,52.367647184810686,53.04048798201054,51.353652103226054,52.70880508422851,53.712919684084724,52.97056020948932,46.173948597537844,0.0719616152572395
2022-09-07,52.4908489467173,53.95972016384314,51.931729805549395,53.77019119262695,53.7183741134697,53.00191828725943,50.75048916486582,3.483514697333728
2022-09-08,53.13525185651423,53.95971436074469,52.71828310363478,53.88390350341797,53.7341388172743,53.03650594279506,51.22892739027238,3.381809750458089
2022-09-09,54.300876125621485,55.295917648532104,54.24401888233322,55.0684814453125,53.86121906756365,53.116191256619274,56.02186322418195,4.476816268768066
2022-09-12,55.43806889975106,56.186720612330056,55.28644355676333,55.855037689208984,54.051106555339395,53.22359699907378,58.90943162978828,3.8773276611817376
2022-09-13,54.13029263532338,54.46197552522265,53.400594615584545,53.69437026977539,54.017131670999966,53.24205869596404,49.32797447261602,-0.35174369583405485
2022-09-14,53.87442347938698,54.80313266636603,53.58065144425037,54.414588928222656,54.054984743116414,53.28804027369967,52.12329802568814,-1.187417012287169
2022-09-15,54.016579214539505,55.17272469839819,53.97867197555289,54.158729553222656,54.06486520122177,53.322184951328026,51.04597249756104,-3.0369832447791
2022-09-16,52.86043107252948,53.22054259472708,51.58109254884732,51.94120407104492,53.86261176025255,53.26802883837575,42.790938867745425,-3.2650838252168266
2022-09-19,51.24941443213807,53.211068807924846,51.24941443213807,52.547706604003906,53.73738269775268,53.23978090761607,45.39206722765067,-3.4308488973082607
2022-09-20,52.00753298384807,52.377119458448306,50.67133378296813,51.04092025756836,53.48057675106846,53.15355107820244,40.46912722828218,-5.756799174157835
2022-09-21,51.438943092033405,51.97910857699879,49.90373611450195,49.90373611450195,53.13992526187165,53.02610735413575,37.190858250496035,-3.922642905536287
2022-09-22,49.92268990636063,50.04588662187726,48.302193445849,48.813926696777344,52.72792539852934,52.86092379894523,34.32145929745251,-7.105504975438956
2022-09-23,47.97998623871688,48.25480465889379,46.27420040419407,47.0038948059082,52.18277962780351,52.63123638745358,30.159488235324083,-7.909390017437127
2022-09-26,46.59640030344215,47.7809742824603,45.60135888407349,46.312103271484375,51.623667593868355,52.38342724565087,28.725723209297627,-7.197122144876554
2022-09-27,47.06075713178752,47.48720450752017,45.67717552610654,46.29315185546875,51.11599942830649,52.14459291662412,28.685491598898754,-5.164048483473085
2022-09-28,46.368966305013096,47.74307290831656,45.92356531114078,47.43034362792969,50.76498459017537,51.95972039549885,34.60415108036063,0.9072627359549819
2022-09-29,46.558509270191934,46.577462892784105,44.48313278427265,45.137020111083984,50.22898797311905,51.69216352160023,29.319479357843672,-2.5373133098965113
2022-09-30,45.155971865620344,45.60136932549217,43.999826240563586,44.066162109375,49.642052176571994,51.39310464268944,27.228432787901873,-4.810624588808742
2022-10-03,44.93799772622033,46.76698027945865,44.16091746800885,46.36896514892578,49.33032960251045,51.196079564502625,37.54396117781305,-2.2377625752196875
2022-10-04,47.53458729291676,49.3635699137464,47.02285043614893,49.211944580078125,49.31905483846928,51.118270349427156,47.44815873659573,9.027898738032752
2022-10-05,48.08422675897127,49.24984707717914,47.72411527053081,48.927642822265625,49.281777503592735,51.03236338757769,46.651448311333894,11.03223080971772
2022-10-06,48.57700649308906,49.515190643259984,48.07474829983394,48.340091705322266,49.19209314185269,50.92678410592062,44.97085334119523,4.250960852944869
2022-10-07,47.71464212227188,47.89469969464136,45.705605510553376,46.217342376708984,48.908783545172334,50.742100116539774,39.442451892052986,-6.085112524859278
2022-10-10,46.71960219332355,47.17447821793413,45.373927739063085,46.00885772705078,48.632600133922665,50.556482767932366,38.93618227433825,-5.96551341297518
2022-10-11,45.96147127784197,46.14152522473505,44.757943657999675,45.18439102172851,48.30419926609465,50.345812503375356,36.91809050044341,-6.528123080176765
2022-10-12,44.90957234529955,45.95199971406787,44.236735129433576,45.771942138671875,48.06303192062581,50.16644503809287,39.33137709499396,-0.9637080263220993
2022-10-13,44.57789466929859,47.17447914608382,43.232216573528845,46.01833724975586,47.86829909482867,50.00377414443259,40.36176316409198,0.020603690622609538
2022-10-14,46.634309790185696,46.99442130940494,44.805327189063895,44.881141662597656,47.58380791080667,49.80288659612534,37.21982301699558,-0.6711374266060687
2022-10-17,46.207867905561365,46.89018378832054,45.91409582328833,46.359493255615234,47.46720651507415,49.66785156316416,43.38936668609193,1.283649086078321
2022-10-18,47.600923242947765,48.69073281614127,47.02285052751641,47.619876861572266,47.48174654807397,49.587538829768405,48.074489474312415,3.4802205110635605
2022-10-19,47.1744779457282,47.525114483223504,46.46373348355657,46.8712272644043,47.423601854391144,49.481016807597264,45.657389711728165,4.434124284911199
2022-10-20,46.8333184297156,48.32114677899698,46.236295704657906,46.57745361328125,47.343016307618775,49.36715158429075,44.70748709594112,0.4701525887356749
2022-10-21,46.63431326361744,48.56753910232277,46.08467274969141,48.52015686035156,47.455124931688566,49.33393610492059,51.842721561101975,1.89055507513459
2022-10-24,48.81393655524457,49.32567352455653,47.74308398228134,49.022422790527344,47.60439139443512,49.32171989651301,53.51298701828248,4.589586515386045
2022-10-25,49.09822487399273,51.55266236761903,49.09822487399273,51.46737289428711,47.97229439442102,49.40586315132768,60.66493574341614,10.498468468468468
2022-10-26,51.25889217161621,52.64247389523471,51.07883820430697,51.3062744140625,48.28981630105354,49.48038908319963,60.00981527774984,5.742185792452836
2022-10-27,51.63795787976383,52.32027013117934,51.27784632635652,51.44842529296875,48.59063620504546,49.55756697377881,60.41602065245347,4.9487609227469385
2022-10-28,51.192552650000415,52.737238225564006,50.72819803113823,52.718284606933594,48.98374557665386,49.68151668488292,63.93981791197994,2.430494587737809
2022-10-31,52.19707036917109,53.06891509625082,51.704287152330515,52.4624137878418,49.31504731105271,49.79057147323425,62.72809479504699,2.2534073794732823
2022-11-01,53.40060438491531,54.99267242559911,53.18264316226658,54.17768478393555,49.77815564180346,49.96261513247744,67.21370025111793,5.304845533027021
2022-11-02,55.43806219927085,58.47057230753669,54.97370760903856,56.31938552856445,50.401129916733076,50.21190024604948,71.78038733256635,6.830838576180145
2022-11-03,55.4001582556255,58.6695833538486,54.87894639707587,57.361812591552734,51.06405207623971,50.49228896548098,73.70050495016663,9.338874157647654
2022-11-04,58.233656159907035,60.024731395590344,57.69349072740041,59.30451202392578,51.848857785543146,50.83786634032195,76.86042939377396,9.462986948291322
2022-11-07,59.702530458076566,60.11002420913592,58.92545019211059,59.84468078613281,52.610364737980255,51.191074749961594,77.66403426122596,6.2594703839238015
2022-11-08,59.712007826795926,61.40832236906511,59.143413722095865,60.375370025634766,53.34988905109021,51.55124319214486,78.45565305620325,5.253595201986027
2022-11-09,59.54143560561446,60.1005511226651,57.750356490440325,57.81669235229492,53.77529888930018,51.796947080778196,66.2619514010481,-2.508779890188818
2022-11-10,60.972396119531105,62.80137886457196,60.53647732254264,60.868160247802734,54.450809494871855,52.152680930465436,71.87589389627387,1.7102262861548794
2022-11-11,61.42727031542628,62.43178677442017,61.057683798246785,61.80633544921875,55.15133577623823,52.531255617475374,73.34446580996573,2.3701145400457357
2022-11-14,60.90605799476079,61.97691759522362,59.295040130615234,59.295040130615234,55.5459742861789,52.79650206897106,63.748571248483415,2.5569566818390164
2022-11-15,61.01977594204472,62.28964304284076,60.3658923886793,61.16192626953125,56.08082685602198,53.12455791997342,67.18562971271504,0.48262674694380997
2022-11-16,60.17021590196358,60.72328779169442,58.75893390284136,59.464576721191406,56.403088747942874,53.373186108256476,61.47843443541358,-3.7888651883452575
2022-11-17,58.34889846835985,59.21664630124991,57.881651593960974,58.73032760620117,56.62473054396747,53.583270088568035,59.13813830186202,-0.9523773374132349
2022-11-18,59.40735713020366,59.78878624403226,58.43471616376058,59.06407165527344,56.85704874504423,53.7982034833408,59.885623917464635,-3.4300008881553015
2022-11-21,58.68265033132436,60.141610065434115,58.549151223311426,59.73157501220703,57.13081315144069,54.03088471976693,61.40626293842472,0.4490039377014093
2022-11-22,60.19882449900763,61.80081740536201,59.67436216752957,61.753143310546875,57.57103507135557,54.3337183899936,65.65281876868433,5.146941669752464
2022-11-23,61.676856186202734,62.66856902785165,61.676856186202734,62.287139892578125,58.020187911472,54.64561727244789,66.69528144475605,5.456901542643515
2022-11-25,62.25852111083153,63.62212507682732,62.01059113288117,63.37419509887695,58.530093357891516,54.98791444211178,68.77304828622356,6.098315816928482
2022-11-28,62.649489126720994,63.183492788295254,61.88663818543011,61.99153137207031,58.85975412114664,55.26256608642388,63.35869121803799,0.3860338903310902
2022-11-29,62.506463666298046,63.011854175817085,62.08689089228725,62.79253005981445,59.23430421054358,55.55785879126273,65.07413205702142,0.8113876606117024
2022-11-30,63.26930853829949,66.18723494101282,63.08813535580824,66.16815948486328,59.89467137952641,55.97394901454118,71.1946196749397,4.408678298205068
2022-12-01,65.29088087662527,66.65448505238419,65.1859876880934,66.00605773925781,60.4767081756913,56.367365042961445,70.55520078931504,6.475927079607855
2022-12-02,64.99527510522691,66.34934151779703,64.47080917598598,65.08109283447266,60.91522100033714,56.70907985831483,66.86492444032777,3.6446417630858012
2022-12-05,64.36591835909113,65.1287765978536,60.67560672502498,61.50521087646485,60.9714105123493,56.89716342765405,54.908257727144445,-7.047118500349301
2022-12-06,61.28588617681574,61.695921203040406,59.817392447801666,60.303714752197266,60.907820439953866,57.030753675675356,51.57135034915062,-8.639120684326246
2022-12-07,59.9222878652723,60.17021425339403,58.40611271221933,58.53961181640625,60.68227676152076,57.089924583155,47.05015018596868,-10.051277157720781
2022-12-08,59.14036170405493,59.96043179090597,58.730326660629416,59.91275405883789,60.60898888507477,57.20062377827983,50.67498908584305,-2.5891413019060447
2022-12-09,59.540861172397186,61.0284304747472,59.53132708066979,59.96043395996094,60.547221749349646,57.30885162854183,50.80093536021693,-0.5692531441005798
2022-12-12,60.03671433145853,61.12378260797697,59.73157248673678,61.095176696777344,60.59940793481895,57.457334964551066,53.82291411125743,4.365530964547451
2022-12-13,63.25977967410512,64.18474299778026,61.96293220526477,62.401573181152344,60.771042720184035,57.65122665931975,57.09066274462749,4.154072302986247
2022-12-14,62.363421164776874,63.85098664631756,61.95338615702464,63.01184844970703,60.98445278966241,57.861447121687874,58.56574784065207,5.089046706672771
2022-12-15,61.69591594728679,62.14409457441747,60.4753487011507,61.08563232421875,60.99408893581064,57.987885757081244,52.43832304062344,-0.015622137580456818
2022-12-16,60.313247740336465,60.89492549423196,59.03546495495904,59.60760498046875,60.862042844825694,58.051404157998405,48.265471025134325,-4.477400261324628
2022-12-19,59.61715097218269,59.96997058223088,58.97825767215039,59.43597412109375,60.726226775898844,58.10570101929626,47.789897272572404,-5.674923711319735
2022-12-20,59.51224811170654,60.27510267349993,59.07360719337253,59.78878402709961,60.636946514108445,58.171704274504236,48.90443459103024,-2.1230005285628786
2022-12-21,60.52303533127597,61.71499677304474,60.21789349318937,61.54335403442383,60.72327103985277,58.30392583371677,54.14676795023442,3.247486716819696
2022-12-22,60.84725619249909,61.12378851516843,59.67436643145237,60.809112548828125,60.731446421659946,58.40216844999565,51.753801646946926,2.310281690574749
2022-12-23,60.770958812905526,61.4384579159834,60.37999562415066,61.266815185546875,60.78243392298251,58.51450753766433,53.1439429998334,2.472087670786781
2022-12-27,61.34310196152155,61.70545560053954,60.408601042263214,60.465816497802734,60.7522798824892,58.591029457669755,50.406676980228184,-1.750859298338503
2022-12-28,60.45629130319563,60.91400410212979,59.54086206774933,59.617149353027344,60.64417221301664,58.631269453566134,47.60872624888494,-1.9601719969908555
2022-12-29,60.09392683715489,61.161923241177185,59.61714227351918,60.61838912963867,60.64171668126636,58.7091957153729,51.060162874220424,-1.0583642285704609
2022-12-30,59.41690391891499,60.84725785751361,59.41690391891499,60.82818603515625,60.65947566735111,58.792293374972246,51.77703309456077,0.5992965254453874
2023-01-03,60.28464762431574,61.68639555038793,59.28339702707679,59.89368438720703,60.58654316448025,58.83548517937361,48.37773516652922,0.463851487668699
2023-01-04,60.69467850025052,61.4289235525179,60.06532300003729,61.37171173095703,60.66132112319232,58.93494504414159,53.56979566111147,1.242729495347198
2023-01-05,60.24650784692459,60.990290726799806,59.95090005841047,60.02718734741211,60.600927430260874,58.9777780756424,48.764930581310395,-1.3168215920185349
2023-01-06,60.75188982265452,61.35263576957372,59.73157112065539,61.34310531616211,60.671611038441945,59.070536006643174,53.19022880671257,2.4199895928671014
2023-01-09,61.50521343908743,63.1548913572043,61.43846388605123,62.287139892578125,60.825470929312054,59.19667733550337,56.11843142877599,1.4916125618822111
2023-01-10,62.277609015295766,63.66028887338996,62.26807856035323,63.431427001953125,61.073657221944536,59.36274594987395,59.431182081444796,5.6711630262446056
2023-01-11,64.3659167735417,64.81409543213785,63.879594476431485,64.53755950927734,61.403552677880995,59.56567981494859,62.38714977376656,5.2075195356528345
2023-01-12,64.84269535663739,66.10140621078948,64.55662173176691,65.26226806640625,61.771049381550064,59.789075432652815,64.22627946798112,4.776472605676069
2023-01-13,64.35638745236253,66.63541740642472,64.17521423969706,66.47331237792969,62.21888395263384,60.05120237168328,67.11958765047903,4.7955493353206435
2023-01-17,66.12048764704936,66.71170319524101,65.6150971135875,65.88209533691406,62.567761227327196,60.27986484090802,64.38200841153693,2.083338505298516
2023-01-18,65.88208833250708,66.33980472037227,64.79502009587681,64.87130737304688,62.787146574538596,60.45992141079582,59.88490778165203,-0.5990608431836313
2023-01-19,63.91774586807323,64.59477916472167,62.05828873468359,62.72578430175781,62.781302548559474,60.54877877906884,51.63956899851658,-5.6376430511925575
2023-01-20,63.29791798018429,64.21334349727216,62.6876343021257,63.95588302612305,62.89316735594648,60.68239071032587,55.42868603123185,-2.92372654655346
2023-01-23,63.955885378232686,66.38748972644251,63.42188895908143,65.6436996459961,63.155122812141684,60.87695184505804,60.053521917222994,1.190653162741926
2023-01-24,64.65198809663954,65.82487401930045,64.46126991093723,64.55662536621094,63.288599245862564,61.02125276745619,56.02157463274165,2.9188013905819234
2023-01-25,63.3551517575329,64.76643036188621,62.63043699372184,64.46128845214844,63.400283932175505,61.1561561276402,55.66857599580531,0.7902407129911031
2023-01-26,64.96666205838586,67.23616123866407,64.68059568513704,67.15987396240234,63.758340125530445,61.391596042728914,62.8116397094926,2.30970272026514
2023-01-27,66.72123645371293,68.02762156961391,66.43516279065796,67.53176879882812,64.11771428489213,61.632387131203394,63.68017063964616,4.60857954662293
2023-01-30,67.21708298686103,67.21708298686103,65.8725543556458,66.04419708251953,64.30118883704712,61.80539928615697,57.85922773713784,2.455595704616011
2023-01-31,65.89164774242688,67.52225063391816,65.46254439867144,67.49364471435547,64.60523225393364,62.028467734321616,61.54750022582733,0.49697941979458987
2023-02-01,67.55082810460395,69.8107893753271,67.2647617542957,69.15282440185547,65.03833626802142,62.30785427030334,65.2922479989304,2.40043409473894
2023-02-02,70.22084214936355,70.67855861103881,67.64620796851469,68.8000259399414,65.3965924272519,62.562449237740125,63.8679562568392,4.172704006043982
2023-02-03,68.13250975405705,70.87879343706543,67.90365520552467,69.99197387695312,65.83424780341393,62.85380314516024,66.52485548098592,3.701576901308276
2023-02-06,68.56161939220934,68.90490484845517,67.88458620771198,68.79047393798828,66.11579314956387,63.086613764486835,61.60712580036251,-0.5239850533964092
2023-02-07,68.49488331151649,70.28759094365194,68.13252232804794,69.94430541992188,66.48041336578844,63.3555428490137,64.33384444004801,1.6631962914946588
2023-02-08,68.92398150179233,71.16486769569131,68.92398150179233,70.459228515625,66.85934814196335,63.63411875750826,65.51105534644564,0.6675831710266026
2023-02-09,66.74984565534434,68.122987665447,64.58524671873245,65.22413635253906,66.7036136858277,63.69647238868594,48.12104997910975,-5.184348037293829
2023-02-10,64.61384431913271,67.93226071644018,64.61384431913271,67.37919616699219,66.76795487451004,63.84089292901168,53.58338424736558,-3.6673596764306144
2023-02-13,67.21709259353511,68.15159363455214,66.87380709072525,67.7701644897461,66.86340340929442,63.994982009824795,54.51897150564203,-3.8164823579959877
2023-02-14,67.70340458785728,69.7345041064373,67.45547459035139,68.332763671875,67.00334248192114,64.16509109461109,55.89657843314428,4.7660689633875455
2023-02-15,67.28384703275249,69.07656196093743,66.86428149064746,69.06702423095703,67.19988360087693,64.35732376662466,57.697508207824896,2.504969129910278
2023-02-16,67.73201686120115,69.5247315537278,67.4268750183474,68.7427978515625,67.34682781522794,64.52930314250457,56.59847192514142,1.4351940402381194
2023-02-17,67.96609907051364,69.26060601369663,67.88939345474361,68.50308227539062,67.45694728762439,64.68513761830403,55.752891425129974,0.24924881471715776
2023-02-21,67.46747347340536,67.72637044890243,66.25927051767576,66.49899291992188,67.36571353831938,64.75626919875963,49.14269006217931,-3.7181728033450154
2023-02-22,66.64283037196205,67.92773898556054,66.22091658684138,67.38117218017578,67.36718578992476,64.85920657057987,51.84899715669741,-1.9807539319637533
2023-02-23,68.13868921296086,69.26059554858526,67.88938319681917,68.28252410888672,67.45436086792114,64.99345431718014,54.51241209628573,-0.3219682373082658
2023-02-24,67.17021568595725,68.0715668853263,66.89213683946949,67.95650482177734,67.50218410162174,65.10965237618394,53.36265912102604,2.191780413292282
2023-02-27,68.66608245120038,69.61538107374898,67.05514768664229,67.5250015258789,67.50435718964623,65.20437195068179,51.805230121179086,0.21345628318624152
2023-02-28,67.93732023742012,68.56059988130858,67.5825358012309,67.98526763916016,67.55015818483803,65.31342668356329,53.36858981572084,-0.4353331597006322
2023-03-01,67.62089224755239,69.58661887927222,67.35240432659981,68.9825210571289,67.68657369648477,65.45731273742861,56.64978082640675,1.5098131342134085
2023-03-02,67.96609217552819,69.61538345710612,66.88254956181575,69.40442657470703,67.85017873250594,65.6121015153611,57.99636706941706,2.78330248997897
2023-03-03,69.67292610289397,70.24825843488348,69.47155283673749,70.10442352294922,68.06486871254816,65.78827100585475,60.205064885099866,3.11708103443342
2023-03-06,70.16196691511226,70.73729934840277,69.17431156340959,69.55786895751953,68.20705921206924,65.93609837650827,57.65580253537565,0.8340488163866061
2023-03-07,69.08801138206913,69.70170025429285,68.09076513576848,68.27294921875,68.21333445080074,66.02773958600795,52.0733599908587,-1.6302668457884415
2023-03-08,68.23460529799239,68.76199032651009,67.89898799759595,68.30172729492188,68.22175281690753,66.11691557459281,52.185024617253745,-2.571444336087034
2023-03-09,68.1770573776332,68.5989711939179,64.50450800778621,64.60040283203125,67.87686234215741,66.05744448664922,39.452971625183636,-7.127110418687368
2023-03-10,64.24561581892735,64.4949292123059,57.28407756502766,57.811466217041016,66.91825318738442,65.73407278980184,26.622738433670666,-15.323027819099861
2023-03-13,57.30324136462935,57.96487753518859,53.85124023897795,56.06627655029297,65.88473160289952,65.35494352550738,24.423890312062092,-17.91382330903159
2023-03-14,57.21694532710373,58.58815785919271,56.10463344700433,57.303245544433594,65.06744721637895,65.03919066350448,28.905940208179345,-11.295838675450888
2023-03-15,55.13615592013728,55.74025743529302,54.138909787344225,55.24163436889648,64.13165551661872,64.65497276959829,26.125061162877678,-4.4451940355510855
2023-03-16,54.43616533840566,57.29365602858523,53.74576362662112,56.33476638793945,63.389094647220695,64.32869016639599,29.972016627378732,0.4788793802021822
2023-03-17,55.41423483024817,55.807379448087346,53.24714213064781,54.206031799316406,62.51451723313457,63.93172317160855,27.021101873151622,-5.404953446686667
2023-03-20,55.06903990081669,55.53889384070614,53.58276148573143,54.47452926635742,61.74880409344151,63.56085282238302,27.98420286630414,-1.3886357840472765
2023-03-21,56.99640484242804,59.221028747131385,56.51695997231311,58.21419525146485,61.41217467991992,63.351179976464664,39.88405378483386,3.3361793862479905
2023-03-22,58.06076635659235,59.144312662541466,56.35394398595689,56.50736618041992,60.945050060919925,63.082795121717815,36.888056450242495,4.245531917229436
2023-03-23,56.67996854312545,57.6005017413574,54.90602047254175,55.32793426513672,60.41008665179771,62.77868293126366,34.93518905349235,1.5666128928007934
2023-03-24,54.263568814776136,55.193693003645464,52.8923562373627,55.17451477050781,59.91146075834153,62.48048025829284,34.678011228186556,-5.2215451365885714
2023-03-27,55.66354056024161,57.02516569462489,54.953964304500154,56.52654266357422,59.58908760645893,62.24699250948035,38.943714006038554,0.03393625371437259
2023-03-28,56.4977753974753,56.95804564005589,56.01833058117138,56.67037582397461,59.31111505574614,62.02830165906836,39.39711508247727,2.4263359488622567
2023-03-29,57.562143018874565,58.20460096972604,57.01557622524834,58.16624450683594,59.202079765373746,61.87684843741219,44.05048541867309,5.422303664602921
2023-03-30,58.904592672211955,59.20184978650168,58.214190939861,58.923770904541016,59.17557415958015,61.761041475338814,46.29924832009253,4.240889550302488
2023-03-31,59.527873783436625,60.72648589739557,59.316916880860205,60.563472747802734,59.307754977506114,61.714077995827594,50.89953354847763,6.869721379509779
2023-04-03,60.496353208398055,60.67854094025252,59.13472788978497,59.834720611572266,59.35794218075051,61.640377706248955,48.89475543459571,2.8684611132840834
2023-04-04,60.04566620036309,60.573054752939,58.5977445024321,59.58539962768555,59.379604794744324,61.559790330619016,48.19536219020188,1.1228553654795745
2023-04-05,58.94294213615477,59.60457461249245,57.60049529555481,58.87582015991211,59.331625305712684,61.45453659843443,46.171146863718015,-2.786584902286426
2023-04-06,58.607333339625505,59.09636910082195,58.13747946790589,58.36761093139648,59.239814412920666,61.33348068992314,44.72236690120903,-2.4519370445460784
2023-04-10,58.21418983884538,59.37444543875587,57.88816721116508,59.30732345581055,59.24624384557684,61.25402354348736,47.97320959299813,-0.46668508327968933
2023-04-11,59.64293466818573,61.004556163049294,59.22102089736996,60.53470230102539,59.36895417466718,61.22581486731238,51.948101884417376,2.8175949593697474
2023-04-12,60.956615302934665,61.244281468932186,59.79635969394953,60.00731658935547,59.42975059511368,61.17803062111799,50.17426469399011,2.8092732112785153
2023-04-13,60.544298308737005,62.26071184136633,60.39087609485179,62.13605880737305,59.68749423437648,61.21560035391231,56.61406539625392,4.769622344650522
2023-04-14,62.69219825118123,62.76891117353725,61.416880666810414,62.3374137878418,59.9398675251827,61.25959303759582,57.177847377973485,2.977980263043055
2023-04-17,62.05934030710366,62.682620052681784,61.61825193896697,62.56755065917969,60.19012306175384,61.31088549334421,57.85198394199637,4.266536508113698
2023-04-18,63.00863471154475,63.35383555265898,62.27029293878476,62.65384292602539,60.424763048827316,61.363550490704256,58.11822487423942,0.8333069856546866
2023-04-19,62.25110887066824,63.3538333347482,61.99221190676965,63.09493637084961,60.6790652699723,61.431447976200154,59.52563647288489,1.2151973220864654
2023-04-20,61.99222313888933,62.62508656294451,61.37853429070025,61.64702224731445,60.771251648766786,61.43990186918503,53.205200796823256,-1.471255310727395
2023-04-21,61.48400656483641,61.579894066021254,60.67853546023946,60.92784881591797,60.786165664685946,61.41982135729221,50.345758294030105,-2.7548096485402844
2023-04-24,60.88950207955241,61.071689824058055,60.09362179265419,60.697723388671875,60.777742590779845,61.39150378989533,49.43030492428879,-3.79937459337112
2023-04-25,60.122382339324474,60.32374828978609,59.04842694565545,59.09637069702149,60.61761193423143,61.30149857056695,43.50249131096277,-4.137509740633217
2023-04-26,58.98130051175705,59.518280030312994,58.5593903843819,58.85664749145508,60.44990103491939,61.205622057660605,42.677390763385034,-3.399432877928508
2023-04-27,59.41280393842581,60.20868413186734,58.607336457609485,60.11279296875,60.41779550480802,61.16276601495823,48.21948213815276,-0.9636776921208904
2023-04-28,59.80594399890022,61.08126893699041,59.566221596210205,60.78401184082031,60.45267325109491,61.14791291009008,50.94851517212911,2.8557441411268925
2023-05-01,60.7168950826544,61.75249770712159,60.42922890626036,61.1004524230957,60.514366505571175,61.146051714521676,52.22683383053885,3.81232201845405
2023-05-02,60.64976124515309,60.84153987789817,57.81144918572007,58.74156951904297,60.345528697330394,61.05175829509114,43.19081271657857,-2.2810842451121345
2023-05-03,58.58815749872191,60.036082951917265,58.31008227381333,58.425148010253906,60.162635298561206,60.94875397019556,42.1376436788091,-3.8807307367992445
2023-05-04,58.271725729085965,58.33884771340702,55.136156066860515,55.65395736694336,59.733237400311886,60.741114887715085,34.258778471176235,-8.914001190101814
2023-05-05,55.64436742428022,58.08953905498634,55.64436742428022,58.04159164428711,59.57212828069048,60.63525123111007,43.97812657019277,-1.1916226966474552
2023-05-08,58.56898729435705,59.48952057031524,58.45391789145671,59.28815460205078,59.54508316843908,60.58242391232343,48.27754390071778,1.4771149431156136
2023-05-09,58.70322748176058,60.77442904783178,57.42790244937299,59.700469970703125,59.559881911511845,60.54783748324028,49.653859854300784,7.270844330224148
2023-05-10,61.03332599102971,62.155225094600254,60.52511200328638,61.02373504638672,59.69929649578564,60.56650013277544,53.894163176544716,5.137942150821659
2023-05-11,60.75525154827331,61.82921063835941,60.49635089215651,61.1004524230957,59.83273991743422,60.587439438278196,54.13534272252484,3.056762068594111
2023-05-12,61.35934533261504,61.55112397862371,59.43197524414446,59.940185546875,59.84297283452381,60.56205693273297,49.88518556002397,0.4015304674980128
2023-05-15,60.23744836684636,61.16757251093636,59.68129426412544,60.58264923095703,59.91341820561269,60.5628644738398,52.126459883615,-0.7228102558691295
2023-05-16,60.22786271174221,60.812782349698026,59.45116074644598,59.48951721191406,59.8730466824033,60.52077242435252,48.17834752031424,-2.636535651203647
2023-05-17,60.16074443847113,61.541544359662744,59.73883060803478,60.81278610229492,59.96254567477393,60.53222394113458,52.83536551907709,1.4557855426348696
2023-05-18,60.70730605733491,61.282638393653095,60.2470394567056,61.11962890625,60.07274407777165,60.55525942996264,53.870572628606624,0.8863588537468222
2023-05-19,61.708519493094414,62.01744796574006,60.80104256503758,61.64094161987305,60.22209622463845,60.59783520211599,55.65154161902445,3.616476496682873
2023-05-22,61.94987585854092,64.00618787090714,61.94987585854092,63.7165641784668,60.554902696431625,60.720138299227784,61.950416110739944,4.774946622717379
2023-05-23,63.39797642079097,63.98687249799574,62.085028514115024,62.09468460083008,60.70154859208862,60.77404207576121,55.33660422132384,1.5953233225216301
2023-05-24,61.3223600414417,61.34166853110069,60.46315250656495,60.79138946533203,60.71010486573085,60.7747223655483,50.6565382912819,-1.378227087736635
2023-05-25,61.10032417749852,62.33603818019265,60.80104808128181,62.00780487060547,60.833695342385575,60.82307854221721,54.522519046636994,-2.681813324201195
2023-05-26,62.50014990747759,63.96756569406321,62.50014990747759,63.15662384033203,61.05492662790429,60.914590122535444,57.87899233803911,1.7101934671679726
2023-05-30,63.90963878988186,64.82677553012924,63.571749407869085,64.46957397460938,61.3801311371143,61.05400125398933,61.386564061650084,6.050502450474388
2023-05-31,64.92331762145945,65.3287849006099,64.08341480141651,64.53715515136719,61.68080009085267,61.19059552447474,61.56398641983566,4.079083731539651
2023-06-01,64.61438150472019,66.1204068586393,64.29579695202634,65.6473617553711,62.058567868425854,61.3653706707844,64.45352919543087,3.9437477236528102
2023-06-02,66.31350762713329,67.8388381529546,66.01422780958418,67.28855895996094,62.55666225809586,61.5976525644776,68.25309388522406,4.372581997302771
2023-06-05,66.96996527942763,68.23464003136111,66.85411434308857,68.06086730957031,63.08087226299819,61.851111966245945,69.88442870286953,5.459974413093535
2023-06-06,67.77125087645543,68.87180910998117,67.7326412589952,68.47599792480469,63.59469375459881,62.110911415601194,70.75435336355159,4.308834496615795
2023-06-07,68.862164989846,69.33521017242552,68.47600250051221,69.103515625,64.11934345654178,62.3851311885188,72.06782642175018,2.697273790807477
2023-06-08,69.05523999219703,70.31991491658786,68.83320154073004,70.2330322265625,64.70159952987709,62.692892013540124,74.30481142025518,3.1915034334079824
2023-06-09,70.20407901334451,70.69643640701717,70.09788413695556,70.45508575439453,65.24955059887874,62.997291768083436,74.73321982608093,2.8901920228503024
2023-06-12,70.36817995452424,71.28530928323772,70.17510242177478,71.09223175048828,65.80599642284156,63.314740394844414,75.97117433246898,2.8778798119046947
2023-06-13,71.26600769732617,73.42850709669405,71.16946892658794,73.38024139404297,66.5273530867655,63.70946592422475,79.79884496823306,4.481095387321434
2023-06-14,73.2161087596582,73.87258263498033,72.89753159028227,73.51538848876953,67.19288026790875,64.09401190714807,80.00148872489657,4.343622183703209
2023-06-15,73.50574835823589,74.81869639386643,73.40920957791182,74.7125015258789,67.90903467342972,64.51042326474536,81.74803384963849,5.092356346466448
2023-06-16,74.90558089718125,74.90558089718125,74.07534147397578,74.4132308959961,68.52848193272175,64.8987686620493,79.870101258064,1.4077215914378056
2023-06-20,73.51540139066188,73.93052475769638,73.2354337835515,73.75675201416016,69.02641241666826,65.24614055821051,75.75881962450752,0.328317010019605
2023-06-21,73.75673948322603,74.09462882563045,73.37057707814871,73.76639556884766,69.47783938354249,65.58026820568648,75.77854359378517,-1.2663288441808336
2023-06-22,73.35127556838667,73.6312357750766,72.20244438715353,72.27967834472656,69.74468118936954,65.84299017192335,66.76006618944905,-2.867168278516892
2023-06-23,71.66181325925233,71.74869592755726,69.93374232376274,70.474365234375,69.81417490794149,66.02461272339204,57.76936779975741,-4.450286502793654
2023-06-26,70.29094628015675,71.43977749134896,70.24268057949162,71.1211929321289,69.93865281500696,66.22447861393074,59.85541622271639,-3.5859182441006343
2023-06-27,71.14048949825612,72.88786509932756,70.9474046416464,72.17346954345703,70.15149250343077,66.45777237587295,63.05286477253224,-0.14694144149754662
2023-06-28,71.95143298119532,72.76237475156933,71.49769271705493,72.54032897949219,70.37900073924615,66.69630400738743,64.12565556872757,2.931510966074627
2023-06-29,73.01337633201184,73.68916238935977,72.52102644166212,73.18714904785156,70.64644343530381,66.95084695015073,66.00013196229428,2.904838952426181
2023-06-30,74.09465083177388,74.91524158288193,73.71814440049563,74.15257263183594,70.9803605016402,67.23326756511878,68.63444890877318,2.7421476352709497
2023-07-03,74.09463597235283,74.86696085700125,74.09463597235283,74.403564453125,71.30637992559114,67.51445567837393,69.30041129513519,2.5685511767661904
2023-07-05,73.74708921766107,74.04636160663256,72.60791408376969,73.39954376220703,71.5057288624117,67.7452434463674,63.49290422475181,0.2902076622995655
2023-07-06,72.02866766513709,72.48240793388516,71.21772588652807,71.93212890625,71.5463383903963,67.90943503302947,56.09403203479124,-2.9944257451596954
2023-07-07,71.43978043082942,73.61193591690193,71.24670288935296,73.38024139404297,71.72099581931504,68.12397645895157,60.93232309199686,-1.3753683262402505
2023-07-10,73.21611510791138,73.77605027241353,72.78168697036348,73.17750549316406,71.85971102634828,68.32215406813638,59.936521052056854,-0.30250633404794386
2023-07-11,73.85329244685039,75.54274684922932,73.37059118902783,75.26277923583984,72.18381276058557,68.59433544726201,66.07741157939915,4.630267976540385
2023-07-12,76.5467588821707,76.66260982430398,74.8669607311358,75.29173278808594,72.47980514415703,68.8569784802355,66.15498284863708,2.6049129271440967
2023-07-13,76.09301889773707,78.16863558604327,75.74547343525622,77.76316833496094,72.98298259090025,69.20624082747963,72.03366062582421,6.2664924294601
2023-07-14,78.30379865268577,78.42929832819364,76.52745419342988,77.51216888427734,73.41433366645997,69.53196349637366,70.69072401699405,2.988714569507087
2023-07-17,76.40194408813622,78.60306034540578,76.36332710892009,78.1396713256836,73.86436582448127,69.86952066615052,72.09154658510954,3.7825381780140277
2023-07-18,78.6223789105868,79.70362495481277,78.26517734787001,79.60708618164062,74.41129157278216,70.25138598048346,75.0898560258878,2.3711969125757637
2023-07-19,80.39871205107885,80.48560209857261,78.51618028546623,79.0374984741211,74.85188270624302,70.59593941160651,71.86258173990802,1.9678582238112932
2023-07-20,78.39067258348312,79.5298477195414,78.39067258348312,78.75753021240234,75.22384913540105,70.91600179595144,70.26405216991616,0.7907108850554725
2023-07-21,78.9795726832401,79.37539122618492,77.88867055793119,77.99486541748047,75.48775544798005,71.19360429091337,65.95971567105927,-2.025222679902552
2023-07-24,77.71489567623581,78.44860358593603,77.22253837422578,78.04312896728516,75.73112435458053,71.46221310175149,66.10123869432431,-1.2580984039639356
2023-07-25,78.11071542857827,78.83476726296064,78.0238253784256,78.35206604003906,75.98073784843372,71.73240341305689,67.04569426899077,-0.5148259109570589
2023-07-26,78.35205638582707,79.01817898288543,77.94658181080236,78.62236785888672,76.23232165895305,72.00259809720708,67.88867860915005,0.8045432709543622
2023-07-27,79.38504894673598,79.43331465133767,77.60870455853156,77.91763305664062,76.39282750635186,72.23456025247899,63.339398192879244,-0.1608032792959106
2023-07-28,78.86372490659907,79.2595360630501,78.41964068367156,78.97956848144531,76.6391837896941,72.49907037910512,66.93499523417348,0.8008754243769233
2023-07-31,78.93131445545269,79.31747694807594,78.34241831142555,78.88304138183594,76.85288451275522,72.74942218313379,66.29847705961596,0.331551351158848
2023-08-01,78.21690892277701,79.26920149951219,78.08175315922374,79.1243896484375,77.06921833520116,72.99942090726334,67.13988434842287,1.5487593044820138
2023-08-02,78.36171402051694,78.68029859233782,77.55077950908499,78.51618194580078,77.2070243933535,73.21576447740206,62.87941310819784,-0.586716975737079
2023-08-03,79.16300667929383,83.4783571243057,79.13404578214933,82.95703887939453,77.75464482059552,73.59777523826452,75.23597848763686,5.164604997718427
2023-08-04,83.81624111699946,84.78164357509226,82.54191016693441,83.1597671508789,78.2694183758606,73.972755313269,75.63471558343555,5.100042503166525
2023-08-07,83.02461525590664,83.91278379093946,82.70603066221989,83.28527069091797,78.74711859634225,74.33795199474544,75.89349283729419,6.074020191671138
2023-08-08,79.62638854980469,81.08414078568988,79.45261583331988,79.62638854980469,78.8308585919101,74.54534166357129,56.91510610961055,-4.014909855246937
2023-08-09,79.4526376554203,79.74225401881613,78.17830650634153,78.8733901977539,78.83490922103809,74.71506905706865,53.926378759626346,-5.1543878728617845
2023-08-10,78.84441808835591,79.64570390749358,77.98521047786149,78.77684020996094,78.82937883903074,74.87435420031933,53.53817015927159,-5.413238671803541
2023-08-11,78.2555327615148,79.16301356665791,77.8886824233731,78.59342956542969,78.80690747964016,75.02020029306875,52.76114495978817,-1.2972571068307401
2023-08-14,78.21690892277701,79.211279705257,77.5121692078831,79.1243896484375,78.83714387666848,75.18114889524009,54.80605339710816,0.3182308381245942
2023-08-15,78.67064104866697,78.79614807699471,77.70523862983043,77.73419952392578,78.73210155735966,75.28126852773757,48.84416057604841,-1.3235370741657642
2023-08-16,77.59905129023792,78.1976034994452,77.43493463084512,77.48320770263672,78.61315928548127,75.36761908361596,47.83246819249922,-1.4126140937375684
2023-08-17,77.87143848324098,78.09467290177622,76.41553479587354,76.87171173095703,78.44730713743135,75.42660310900189,45.367025837114106,-2.84700827076137
2023-08-18,76.11464511606114,79.01675187863665,76.08552822632113,78.77410125732422,78.47843038694496,75.55787754619101,53.41218961797821,1.3377660537668064
2023-08-21,78.58969003744463,79.54087639417179,78.2693894171731,79.15264129638672,78.54264094974894,75.69884867364966,54.837327038073056,2.154574704956607
2023-08-22,79.97765908000397,80.13295165186881,78.99734833940104,79.13323211669922,78.59888772755373,75.83353037729867,54.74485555986655,2.941940975188991
2023-08-23,79.11381094175236,81.02589902965651,78.92939409923085,80.61824035644531,78.7912070255434,76.0211660627554,60.26567706062354,2.3410474631719524
2023-08-24,81.2394352123523,81.9868033663142,79.92912317443246,80.09412384033203,78.91529434123755,76.18088989717018,57.595100950114166,1.1894518344876646
2023-08-25,80.31734686181402,81.16177359737848,79.62822006134077,80.7055892944336,79.08579862249432,76.35832908921972,59.83149999278306,1.9869745436602302
2023-08-28,81.53060797445046,81.85090856871916,80.79294801934628,81.18119049072266,79.28535975280178,76.5474609088865,61.53092012448607,0.6982912698023639
2023-08-29,80.95795766080622,82.85062956397515,80.90942457401343,82.46238708496094,79.58793378443599,76.77941879814433,65.73631459005443,2.9568501796087423
2023-08-30,82.52061662872404,82.73415035147531,82.20032344970613,82.5982666015625,79.87463214797185,77.0076089080823,66.1588498499439,2.3451626134888373
2023-08-31,82.97680209413731,85.10242384764138,82.65650891075227,84.77241516113281,80.3410876730348,77.31211111408429,72.0896587972767,4.423715208784182
2023-09-01,85.10243273493447,85.60714280775524,83.34564447142522,83.89888763427734,80.67992576458171,77.57041607566049,67.00841288805897,1.7420069926382082
2023-09-05,84.03477058215475,86.26715200477766,84.00565369046333,86.16038513183594,81.20187427574878,77.90727760727522,72.42699378690689,4.312582668903191
2023-09-06,85.51008367445083,85.68479243067776,84.43271424523643,84.50065612792969,81.51604397595648,78.1658414708303,64.10546426426842,-0.3205748387450962
2023-09-07,83.80181513656521,84.8500675992941,83.02533759036957,84.55889129638672,81.8058389588546,78.41654930712663,64.26062523411586,0.7866655693772595
2023-09-08,84.44241899912001,86.36421524148611,84.40359400981761,85.27713775634766,82.13643884433013,78.68559199140981,66.2011910751876,-1.0251200411149564
2023-09-11,86.2283267542476,86.33509362686752,85.62655791414602,85.9953842163086,82.50395745118522,78.97225051003329,68.06837514550132,1.768895245163498
2023-09-12,85.63626590352919,87.8589392176763,85.59744091307071,87.50952911376953,82.98067856190752,79.3070457493955,71.626908368596,3.48944714405083
2023-09-13,87.53864130078544,89.00424573500133,87.31539946892423,87.93658447265625,83.45266960102646,79.64545903266063,72.55587645414901,3.1185928447869795
2023-09-14,88.32482175066198,88.70335610861325,87.21833556509537,88.48982238769531,83.93239843785206,79.99229681128944,73.75470753419516,2.90066518583408
2023-09-15,88.48983339775761,89.68367780183493,88.28600774927803,89.08190155029297,84.42282730570358,80.3487518990935,75.0127067378558,1.7968013911710403
2023-09-18,88.75189937230898,89.61573504775212,88.19865621606888,89.35366821289062,84.89243120162615,80.70188587218358,75.59104148521705,1.6114837171951055
2023-09-19,89.70308380250277,89.97485132534943,88.0045293796016,88.9654312133789,85.28033596465022,81.02594647379908,72.9919563791066,0.5374729125343212
2023-09-20,88.96542452384647,90.4407369962714,88.76159149192858,89.31483459472656,85.66457392941939,81.35100090991389,73.8629628698241,0.2614818951772002
2023-09-21,88.295717077012,89.06249399678748,87.49982326492136,87.75218200683594,85.8633937463162,81.60202761959711,63.93249058464296,-1.7923004596062557
2023-09-22,88.36365321202891,89.39248950081678,87.74246819935213,88.14041137695312,86.08025256828162,81.85843482576793,65.18483079308747,-0.9273487748820265
2023-09-25,87.77159140439619,89.86808912173295,87.54834955325954,89.7613296508789,86.4308313380528,82.16835226988994,69.88624483705458,0.49991141805093403
2023-09-26,88.49954884281236,89.29544270989176,87.16982056270572,87.23776245117188,86.50768192025461,82.3671526691559,56.98433715881701,-0.5862185348553373
2023-09-27,87.56775179742668,87.8395192910789,86.1506731483052,86.91744995117188,86.54670744700864,82.5455956998232,55.58172392017695,-1.3875149964424025
2023-09-28,86.97568703735284,89.0042426244018,86.97568703735284,88.42188262939453,86.72529555961682,82.77603832451227,60.49949828951798,-1.4922317067874002
2023-09-29,88.81013080042428,88.9751314520075,86.91745884377053,87.12128448486328,86.76300879059268,82.94644013472212,54.8461221479391,-0.13351782878863727
2023-10-02,87.39305565651227,87.74247317158259,86.56804495902787,86.96598815917969,86.78234015902953,83.10406946901458,54.19491763309288,0.05584403135973282
2023-10-03,86.54862346859608,87.0145159285712,83.55916598028836,84.01535034179688,86.51881731929309,83.13980597382957,43.601966663016775,-4.9835314025905735
2023-10-04,84.40359290046833,85.9468547332393,84.16094227434976,85.38390350341797,86.41073028920975,83.22780979851932,48.618415063905005,-1.9942095570769165
2023-10-05,84.92771497657523,86.32538488411033,84.82094811391023,85.97596740722656,86.36932430044945,83.33558068513528,50.66296187632538,-1.1383999341685436
2023-10-06,85.52949747053093,88.43159695708692,85.41302250128062,87.907470703125,86.5158144340376,83.51487048976233,56.71422835966736,4.632630043788356
2023-10-09,86.18950805319751,87.23775316290927,85.76244056824589,86.55833435058594,86.51986394989935,83.6342220137162,51.92369499297849,1.3754710185169217
2023-10-10,86.67479752111859,88.18893489966027,86.63597253639847,87.150390625,86.57991410943274,83.77211097886459,53.769199385560896,1.3659901169948607
2023-10-11,88.29572040413295,88.41218797778224,86.17980642321811,86.66510772705078,86.58802778730112,83.88556183173463,52.00697079966949,-1.4132621108731938
2023-10-12,86.8689235275268,86.97569039466212,85.0344853996336,85.36448669433594,86.47150006416157,83.94355888516998,47.512514549736416,-1.3792405609546234
2023-10-13,85.44213098355485,86.20890779416058,83.71445983780653,84.98594665527344,86.33001878712462,83.98443683693874,46.25948271776707,-2.4835734575648236
2023-10-16,85.42272618000881,85.70420178730056,82.57886062267191,84.68506622314453,86.17335663817413,84.0119124991429,45.23824547106576,-2.284704370462831
2023-10-17,84.2968293718995,86.48068509347777,84.2968293718995,85.51979064941406,86.11111225829221,84.07104497562412,48.626667335585736,0.1819304034876012
2023-10-18,84.80154118636813,85.16065936403304,83.49122191670772,84.68506622314453,85.97529835018291,84.09512424023276,45.58883829036795,-0.3540355128941032
2023-10-19,84.19005796893642,84.55889165466822,80.60853981376822,80.9288330078125,85.49468260329049,83.97095595660844,34.99433352350695,-4.4355320044674516
2023-10-20,80.78325440853982,81.06472263472708,78.91969186357642,79.93882751464844,84.96555354722933,83.81283327261,32.82888433318605,-6.525931708187435
2023-10-23,79.93883100309077,81.12296736397728,79.17205405784279,80.38530731201172,84.52933962006576,83.67842048984144,34.78872977194583,-5.077352008916164
2023-10-24,81.00649047818193,82.07415183568706,80.99678237894634,81.5306167602539,84.24374696675034,83.59419289260272,39.65282345452349,0.7435962314980037
2023-10-25,81.05501371950426,81.47237307459753,78.86145008075067,79.00704193115234,83.74501315383624,83.41430461960466,33.68992583302089,-1.1656232802830993
2023-10-26,78.81292286379669,80.7638360321774,78.28880401150067,78.63821411132812,83.25865134026404,83.22700695261344,32.91096429993718,-2.1733986708570203
2023-10-27,78.67703427852082,79.2108686019818,77.49289807383227,77.98790740966797,82.75667572782632,83.02155206857636,31.526838327528072,-4.345250276964671
2023-10-30,78.86145818223973,79.06528383169756,77.37643744682559,77.80350494384766,82.2849451769712,82.81692276956738,31.127071774415203,-1.5233287538514144
2023-10-31,77.74525857058687,77.74525857058687,74.84315917642311,75.16345977783203,81.60670847229129,82.51678696596993,26.03678050165232,-4.418658756132081
2023-11-01,81.03560275148406,83.91829343600212,78.13350327471119,81.19090270996094,81.56710792349791,82.46479150494997,47.24744586804391,4.107040958885763
2023-11-02,81.90914652076067,82.98651591629326,81.15207773581554,81.64708709716797,81.57472498765696,82.4327246654291,48.45231436794232,4.940114402422234
2023-11-03,82.47210068870504,83.71447078039654,81.13266441694839,82.53033447265625,81.66573541479976,82.43655250100664,50.79560767748725,9.801138367764349
2023-11-06,82.50120221455215,82.67591093897555,79.88057875330978,80.7055892944336,81.57429292714583,82.36867159094496,46.13002662073955,-0.5977435886641557
2023-11-07,80.51147813727273,82.02562314278876,80.27853559992786,81.87032318115234,81.60248628467026,82.34912851605112,49.329260504619114,0.2734158583253587
2023-11-08,81.88003378482138,83.12240389547898,81.55973315798028,82.2779769897461,81.66681873277273,82.34633826011759,50.43866945070612,-0.30577542732941027
2023-11-09,82.64679805899608,83.19033304794804,81.41412883105436,81.77325439453125,81.67695546246401,82.32386438303578,49.007974317848586,1.3229134554764908
2023-11-10,82.47209518334137,82.78268768553086,81.46266769994814,82.46238708496094,81.75175847413038,82.32929664585637,51.04959273855725,0.7231727942474946
2023-11-13,82.03533791595163,84.11243453121871,81.75386964612042,83.20006561279297,81.88969248733635,82.36344444848135,53.209233158094115,1.1206991916704399
2023-11-14,84.86948210288108,86.29626891450404,84.44241464767173,85.10242462158203,82.19566697631213,82.47085543566176,58.31661300559746,4.071221393474865
2023-11-15,85.10241874668898,85.4615443006061,83.98622450542481,84.41329193115234,82.40686935296357,82.54702941587708,55.93476065767216,2.365811753886521
2023-11-16,84.22795916478383,85.41797902366275,83.85730029148678,84.2767333984375,82.58495164300871,82.61486094460494,55.451439241640166,1.294070837221769
2023-11-17,84.39378920602222,85.36921445429383,83.73049973952135,84.70592498779297,82.78694910441673,82.69686345610252,56.71729917022296,-0.46590873944208394
2023-11-20,84.70591885425492,86.56898451566346,84.09140367142618,86.14955139160156,83.10719694129148,82.83226298298484,60.756605904382724,2.0568555268112463
2023-11-21,85.73988537170112,86.11054430667309,85.69111112993176,85.79840850830078,83.36350280481618,82.94858241535017,59.30679724375335,1.8055696376711883
2023-11-22,86.76406360146528,88.18819086089901,86.01298951485455,87.98334503173828,83.80348777880876,83.14602408658108,64.91672145050373,3.8691744933044814
2023-11-24,88.03213300678341,89.89519889516298,88.03213300678341,88.90026092529297,84.28889474514058,83.37168043319723,66.9743271561126,3.1929470197561165
2023-11-27,89.06607946814262,89.30018689228557,87.84679787453906,88.2857437133789,84.66954702782995,83.56438879712593,64.25441912229167,2.899045854489809
2023-11-28,88.09064287530539,89.53427537109083,88.09064287530539,88.40277862548828,85.0250928942736,83.75412957470877,64.54969765174846,0.47671930818122166
2023-11-29,88.57836716887968,91.14374041443448,88.54910560122617,90.00248718261719,85.49913044554441,83.99916320639146,68.39298700960238,1.2398459192942874
2023-11-30,87.08597749475715,90.16832529453804,87.08597749475715,89.7391357421875,85.90294047379614,84.22426016857953,67.10323529768331,1.6462363771064266
2023-12-01,89.3782084796823,90.56822841548887,88.97828801710187,90.42191314697266,86.33331882362248,84.46730538341848,68.7487078632691,2.2840170330372604
2023-12-04,88.44180255385103,89.00755096522113,86.4129163183951,87.6517105102539,86.458879936635,84.5921840158434,56.418367756113064,-2.611901899548064
2023-12-05,87.26153394298082,88.77344591813045,86.92989296060928,88.50032806396484,86.65330356780927,84.74544456675012,58.853002535456845,-1.3804542109494344
2023-12-06,89.74887585638149,90.25609369227725,88.14917910375918,88.3442611694336,86.81434714891635,84.88657462960046,58.20897601634269,-2.2977306111208096
2023-12-07,88.56861114501953,88.82221633887252,87.2517811713738,88.56861114501953,86.98141991044999,85.03096821844042,58.905157341903184,1.0460727228573157
2023-12-08,88.45156612885687,90.00248877720566,88.31500718278481,89.82691192626953,87.25241915005185,85.21904444227685,62.66208272177827,1.4989592596152643
2023-12-11,90.00248005856378,90.7730668606967,89.26116226367189,89.68059539794922,87.48367403080398,85.39400722485225,61.95283162925397,1.5126440708499422
2023-12-12,89.83666092209374,90.997419310761,89.53428148648617,90.93889617919922,87.81274280684163,85.61145385051292,65.56276528292013,2.6762133938158468
2023-12-13,90.91938783916812,91.33882099978648,89.4562499451836,89.99273681640625,88.02036128394302,85.78326886878324,60.88486724221876,0.18460491024430276
2023-12-14,90.48043657829672,91.9143127011596,88.83196573746758,90.84133911132812,88.28902583893208,85.98162456456932,63.406718346396474,1.2943086608961671
2023-12-15,90.87061169087764,92.35325466311816,90.70478375744209,92.15817260742188,88.65751600735967,86.22384213487726,66.96588745448314,1.3407644907191492
2023-12-18,92.26546686909194,92.62637687520176,91.19250062848096,91.76800537109376,88.95375308962006,86.4412603010034,64.95015867269504,1.9726798156047094
2023-12-19,92.43128204345705,93.8651580921268,91.93381317226692,92.43128204345705,89.28494632331882,86.67616311443295,66.78077197296675,1.7502416275264385
2023-12-20,91.88505333028516,92.34350437729884,89.20263395826417,89.41722869873047,89.2975446447866,86.78365588244462,53.186577049474735,-2.9741734575916134
2023-12-21,89.97321889527282,90.11953416451708,88.55885532368698,89.54403686523438,89.32102009435306,86.89190611706383,53.61440207898634,-2.423468284906106
2023-12-22,89.64158066304994,90.03175224577096,88.9197680722536,89.3294448852539,89.32182245539124,86.98749587267912,52.736078442341515,-3.3558305041628596
2023-12-26,89.40748262691609,90.88036940678518,89.18313154337284,90.31462097167967,89.41637469503776,87.11797136675757,56.27739078035958,1.0036010800253594
2023-12-27,90.42191855939018,91.27054121405769,89.99273650579754,90.87062072753906,89.55487431718075,87.26513408678822,58.18173693257537,1.4814876665670362
2023-12-28,90.91938265559432,92.28497943383744,90.8315979590741,91.95333099365234,89.783298762559,87.44898494588094,61.68173640816955,2.9373137958809554
2023-12-29,91.79725347059988,92.31422756439105,90.85108996676198,90.89986419677734,89.88963832772265,87.5843135439553,56.70845446404372,0.6480049617671402
2024-01-02,90.21708365218127,90.30487579871752,88.6076304234581,89.0855941772461,89.81306269434393,87.64318729428044,49.33150792865919,-1.9643604676643331
2024-01-03,88.12966420059989,90.34388354364958,87.55416691209935,89.90493774414062,89.82181269908646,87.73188339035339,52.34641030093915,-2.2276444228574186
2024-01-04,91.0266814228263,94.04074922871096,90.64626618158414,92.4703140258789,90.07405092068575,87.91770419958969,60.30965189989502,1.7276701598826365
2024-01-05,92.47031196603348,93.10433239271124,91.75824829537044,92.59711456298828,90.31434269614313,88.10121048835042,60.65958730410774,3.941737626799246
2024-01-08,93.27990660964107,93.92369079589844,92.57760673631964,93.92369079589844,90.65809013421506,88.32954304943074,64.21432821722983,4.470002596736937
2024-01-09,93.26042222585748,93.4067375228838,92.14843787550572,93.30919647216795,90.91057645211534,88.52482357581259,61.44468571522874,0.9071910862704297
2024-01-10,93.32867376432718,94.77230618519675,92.96776379863404,94.3431167602539,91.23748505289043,88.75299193598676,64.23947770588151,1.8855902859455993
2024-01-11,94.6162492825936,94.87961082574655,92.470316708616,92.99703979492188,91.40506169498867,88.91942518535676,58.312981533665045,-0.9865998590177085
2024-01-12,93.40672786854287,93.90418940834849,92.81171784619876,93.0653305053711,91.56318253407271,89.08200970771027,58.52205056473847,-0.2613525526067525
2024-01-16,92.6653952607441,93.12384630168609,91.87530321940382,93.11408996582033,91.71088800376296,89.24013050214596,58.681387531189415,-1.3027201523952194
2024-01-17,92.15818218890664,94.20657375429788,92.02161580543668,93.69934844970705,91.90026518909097,89.41500179420719,60.63604860237315,0.7551946345108506
2024-01-18,94.17730429218024,94.53820684667636,92.80195121354411,94.2065658569336,92.11991287174266,89.60290626725528,62.300578263955856,1.2262733558944765
2024-01-19,94.73330929283132,96.50858306884766,93.46525340628912,96.50858306884766,92.53788146194313,89.87371712221969,68.75765041758639,3.6455203549466644
2024-01-22,96.88898756195265,97.18161065880344,94.9771550499599,95.05518341064452,92.7776245046766,90.07691187862851,61.58563011058288,1.4470057512355206
2024-01-23,95.02591340670897,95.10394920236764,92.86046844955057,92.96776580810548,92.79573320024126,90.19027869939231,53.0300155908545,-1.314982705886349
2024-01-24,93.75786821909898,96.37200792217708,93.4944992607904,95.6697006225586,93.0694443833191,90.40515799049687,60.650186428024426,-0.8692309218659001
2024-01-25,96.59635944858032,97.59129735180407,96.06962893073904,97.52301788330078,93.49359424046021,90.68428975099899,64.86123605062345,2.5962124148401884
2024-01-26,97.82539680849194,98.03023521292332,96.88898948456114,97.84490203857422,93.90800450694726,90.96509807600194,65.55077942875718,5.246050809197265
2024-01-29,97.64981969253886,98.83983965557958,97.13284551493352,98.72278594970705,94.36655512054344,91.26932112987272,67.42810792672866,3.191277183142501
2024-01-30,99.04467968687824,99.395833368362,97.71810076614052,99.10320281982422,94.81766442523684,91.57653217653748,68.23590943512912,1.6203199724749477
2024-01-31,98.46917288678296,99.6982107465246,97.9034319155783,97.93269348144533,95.11433385916146,91.82579340418093,63.05417315806767,0.08972510681905246
2024-02-01,98.3033536455574,99.16173261214564,95.59167269253504,98.07901000976562,95.3966839687428,92.07101758479209,63.42803727049918,-0.6521047129579418
2024-02-02,98.52769969101188,101.25888573473402,98.52769969101188,100.59559631347656,95.89181847776507,92.40531478983854,69.20088105461068,1.5058983475696621
2024-02-05,100.19568551924684,100.86873134094724,99.52263969754648,100.46880340576172,96.32772180424094,92.72153002967868,68.61323308878762,2.5896458416074224
2024-02-06,100.7126669600993,102.26358968790323,100.29323376370309,101.9026870727539,96.85867087743264,93.08157540391691,71.55504255641137,3.8985681672434924
2024-02-07,102.41964695139411,103.9120463305527,101.61004224181669,103.29753112792967,97.47189566319426,93.48220111858409,74.09831239897908,2.6859374699001
2024-02-08,101.9904635536045,106.2823362175215,101.25889460322902,104.77043151855467,98.16699431608573,93.92487682054372,76.48883926387393,4.281556032293964
2024-02-09,104.13640404240482,107.5211309243477,103.55115036803554,107.22850036621094,99.02999489228813,94.44658754782479,79.83382617537542,5.226371792977982
2024-02-12,107.15045592494477,108.98426004995744,106.18478706794777,106.20429229736328,99.7132613118191,94.90767400859102,75.04301078914763,2.8139696444765034
2024-02-13,104.27296108717202,108.41851841453276,104.27296108717202,107.16997528076172,100.42342454695648,95.388548568284,76.47637889368097,2.290287180674721
2024-02-14,107.68694090968668,110.30108067882206,107.68694090968668,109.8036117553711,101.31677570966264,95.95384516385604,79.87168475863174,2.40151767521278
2024-02-15,110.1937847983371,111.4813457502146,110.05722586722158,111.24724578857422,102.26253476479707,96.55358636482539,81.45204712352606,4.748351862362664
2024-02-16,111.61930072344208,112.62778970143432,110.34644606049866,110.35623931884766,103.03336376994474,97.09486687282627,77.41218089153395,2.9730939376804257
2024-02-20,108.92673952112044,109.66107709092574,106.81184373444847,107.31119537353516,103.44077630362003,97.49550720618741,65.4625313961105,-2.269885609399383
2024-02-21,106.53770054952,107.81055542452408,105.6369148530915,106.99788665771484,103.77954871829573,97.86814953761986,64.36165972961399,-3.81974322216956
2024-02-22,109.17151930176573,110.07230493278456,107.76158876968884,109.18131256103516,104.29400241760425,98.3118029895185,68.35551723347629,-1.0646672676275541
2024-02-23,109.72961338765153,110.12126157993032,108.4469728412547,109.27922058105467,104.76878509983761,98.74189779702972,68.5258482050512,1.83394211635524
2024-02-26,109.661081891933,110.03314358769887,108.5350960749218,108.56446838378906,105.13027874592822,99.1270966435693,65.74375274652684,1.4641239888089546
2024-02-27,108.52530872558128,108.8680056012116,107.4776539885396,108.50572967529295,105.45175026301058,99.49488617422513,65.50837359006327,-0.6187715369006336
2024-02-28,108.30011665803708,110.12127461819934,108.1924132056567,109.45547485351562,105.8330573668682,99.88549749498162,67.53246541463098,0.1612880029009909
2024-02-29,109.66107609945507,109.87648297986132,107.81054603788222,109.46525573730467,106.17898102119548,100.26117428879822,67.55358274289763,0.8297257536703575
2024-03-01,109.230259288665,111.24724481882129,107.55597058780496,108.6917495727539,106.4182923118201,100.59178508424746,64.00794851682096,0.17143785680039433
2024-03-04,107.76158435646504,109.84710776143044,106.1068821709627,109.03443908691406,106.66744914754334,100.92286955494028,64.8872387464975,-0.38466396236920547
2024-03-05,108.88757352522644,109.2890149807707,106.7335196503133,107.12516784667967,106.71104140460395,101.16609693893007,56.59194507885366,-2.1377448715241263
2024-03-06,107.82033445007032,108.56445776884505,106.17541808372113,106.52790069580078,106.69359943233698,101.376363752925,54.25526093851463,-1.9908124447888578
2024-03-07,106.77269131457948,108.89737300336432,106.18521525144604,108.5938491821289,106.87457559898382,101.65940239720751,60.353272918487136,-0.4040832497280525
2024-03-08,108.68197105670798,108.7896745085138,105.66628934628191,106.4789581298828,106.83689774478373,101.84840458280263,52.62018909396151,-0.603228662121442
2024-03-11,106.47894575462716,106.62581476002644,104.9319395085482,106.48873901367188,106.80373977039213,102.03037848205241,52.65040550904245,-0.036761901692529984
2024-03-12,106.72372425200848,108.06511686990493,106.03834552465574,107.64409637451172,106.88377373268924,102.2505242817567,56.20353921933913,-0.8745917146967533
2024-03-13,107.64410774543404,109.29881012485563,107.51681777543098,107.68327331542967,106.95991655009308,102.46357326346937,56.32322559448842,1.131035846610984
2024-03-14,108.01617031667598,108.09450145729195,106.52791599531616,107.712646484375,107.03160511526279,102.66941927213234,56.419387705865006,1.1493304193845229
2024-03-15,106.9391348467754,108.67216824336668,106.7824725778956,108.10428619384766,107.13376521798516,102.88255130827804,57.75490740691955,0.4275105043706815
2024-03-18,108.47634136056422,109.41629250717072,107.8007484392258,107.97698974609376,107.21407231590027,103.08233320780023,57.1419556148107,0.2727595675920125
2024-03-19,107.70284672047292,109.13235633508194,107.31119851111212,108.4273910522461,107.32962648126653,103.29194331934713,58.807748480708,0.6635660632243178
2024-03-20,108.17282376373488,110.34645671279809,107.70284442848968,110.28771209716795,107.6113489208762,103.56628719298716,64.87959880166467,2.019740363860392
2024-03-21,111.60951307311014,114.11605696161408,111.31578253848777,112.13823699951172,108.04248111884148,103.90244208736068,69.669026239303,3.853827804611949
2024-03-22,111.91305551428674,112.1872070286764,110.11147668104694,110.22897338867188,108.25071847787295,104.15054135407877,60.501614481486506,1.6615564747450973
2024-03-25,109.88627824397096,111.47244262850712,109.05402301447648,111.05142211914062,108.51745215799369,104.42116412917923,62.773994972667985,0.6924706365291274
2024-03-26,111.07100476652695,112.32427299163886,110.83601137176758,111.51160430908205,108.80260950571639,104.69922060682248,64.02124492226281,-0.5588037650640092
2024-03-27,112.15782856494394,112.59842812174092,110.18000851382828,111.20808410644533,109.03170232483343,104.9544701558273,62.53305221932181,0.8882516888922364
2024-03-28,111.0122558287284,111.05142139563154,109.69044969353726,110.10167694091795,109.13360466922244,105.15632140230144,57.30389987318705,-0.8552300907986068
2024-04-01,110.20937851817014,110.69893689107612,108.95611027874172,110.12126159667967,109.22766723374217,105.35102493933589,57.371852113186726,-1.2468143750749858
2024-04-02,109.602338016162,109.602338016162,105.8033600154873,108.25115203857422,109.13466578658331,105.46475541381582,49.30279322671732,-2.65891827166163
2024-04-03,108.25114841152184,110.55207881218354,108.25114841152184,110.23875427246094,109.23981707095261,105.65197105533132,56.33239185623991,0.12450067551336254
2024-04-04,111.30599414830748,113.03902753559456,108.76029205322266,108.76029205322266,109.19414802164499,105.7738659964251,50.70085164639289,-1.2358826294976377
2024-04-05,109.8568947977784,112.451555642348,108.89736457967872,112.27531433105467,109.48759243206496,106.02882475464587,60.747825146635485,3.7174313775861565
2024-04-08,113.5775468873174,114.01814645187022,112.39281647567684,113.63629150390624,109.88270662938318,106.32715678402863,63.82212573022417,3.0819807914811017
2024-04-09,113.91042813497108,114.7035177057092,109.31837609952628,109.53378295898438,109.84947580363091,106.45290683010533,50.884574402032776,0.7111886987055949
2024-04-10,108.68196706923044,113.107571810805,107.70285024878692,111.83472442626952,110.03854710102506,106.66395850054315,56.24225164221801,-0.3924192129055494
2024-04-11,110.65977478027344,111.94242283698496,109.89606488990356,110.65977478027344,110.09771164190586,106.82065717817963,53.05937966396952,-2.619336379461557
2024-04-12,109.66108265357732,110.3268823827768,107.00767699649272,107.83013153076172,109.8817516313207,106.86024440769266,46.268323143187736,-1.5553661913243693
2024-04-15,109.16173216376598,109.99397996670336,104.94174106023588,105.33338928222656,109.4485742647403,106.80036773610576,41.25136776230847,-5.813342123741862
2024-04-16,104.89277692563928,106.06772153218158,103.59055729823532,105.57816314697266,109.07996368209577,106.75243814437505,41.9163142005824,-4.592103719161595
2024-04-17,106.11666780290456,106.37124024263164,104.14864856713322,105.24525451660156,108.71475328538203,106.6933329040702,41.232755283636514,-2.397175054379623
2024-04-18,105.3431719147538,106.10688928627724,104.2171935816213,105.05923461914062,108.3666086505019,106.62925061838669,40.8320609537589,-0.26027327607524064
2024-04-19,104.8634087639106,106.50832530205334,104.07032653893644,105.38233947753906,108.08239253879115,106.58035214227502,41.888397877224804,-0.18547743548160867
2024-04-22,106.62582570489738,109.38693490356656,105.754412312166,108.29032135009766,108.1021952827251,106.64740975826807,50.460721959505015,2.893305591289876
2024-04-23,108.8386088273892,111.66825530740778,108.64278101817771,111.39409637451172,108.41570967241907,106.8335543314541,57.64274455412112,6.029800025039353
2024-04-24,111.78575941390586,111.9424216821441,109.8862779669599,110.36604309082033,108.60145571226681,106.97208330240964,54.80838977209565,4.7291639547853075
2024-04-25,109.1617317701618,110.62062120506508,107.4776496507221,109.54358673095705,108.69118247595159,107.07292657411739,52.58088140544712,1.1573198465333199
2024-04-26,110.1604401474902,110.1604401474902,108.84841966901952,109.87649536132812,108.80406941741603,107.18287044812566,53.40634132153717,-1.3623711332792308
2024-04-29,110.45416514849,110.94372355438892,108.45676595601424,108.5938491821289,108.78404844262678,107.23820294749834,49.80872814529898,-1.6057420009459615
2024-04-30,108.13364647387802,108.95610088380984,105.6368959993171,106.11666107177734,108.53001155016493,107.19422091315634,43.68778355000749,-3.1283672202521116
2024-05-01,106.33207787746076,107.77138069952308,104.96131292930292,105.5194091796875,108.24328751488136,107.12854202164776,42.336907932015386,-3.9654397123901486
2024-05-02,105.4998301818086,110.78706214433046,104.68716148364749,109.7296142578125,108.38484244277956,107.23054485443853,53.29937790821406,1.0458834310023744
2024-05-03,110.6401922166932,110.88497140301332,106.9391321147439,107.1741180419922,108.26953535699029,107.22833203826417,47.4079768674079,0.9965041865570891
2024-05-06,107.33077412378108,109.35754537095112,105.87188487890764,109.15193176269533,108.35357310991458,107.3037673215752,51.84444780447692,3.44251603685731
2024-05-07,108.56445025090032,111.3745176942565,107.89865063752976,110.81642150878906,108.58813010028358,107.44151846617181,55.26462983145959,0.9904411478409844
2024-05-08,110.2093680922912,110.99266440286758,108.1336455683781,110.95349884033205,108.81340331362154,107.57924318672713,55.54465434111986,3.526393188380644
2024-05-09,110.6793623367051,111.40390666640428,109.58274884764744,109.84711456298828,108.91185200403741,107.66817931912952,52.67847575081212,0.6368946376545449
2024-05-10,110.57165235755464,110.57165235755464,109.2302597513862,109.71981811523438,108.98880115748474,107.74863574250618,52.34380233292179,-0.9895675917198913
2024-05-13,110.24852764098924,110.24852764098924,107.3503434020544,107.48741912841795,108.84581239281171,107.7383919537184,46.736148989653486,-3.1239030297746293
2024-05-14,107.39932177371465,108.6232177462656,107.09579049287562,108.55467987060548,108.81808548593493,107.77040324457673,49.52044138573688,-1.1765759141918046
2024-05-15,109.05402078366772,113.06840542949098,108.7015381565216,112.9117431640625,109.20795764575661,107.9720244178899,58.95374538935247,2.909159989197004
2024-05-16,113.05232926633084,113.24893901280856,110.77162170635644,110.8207778930664,109.36155957407183,108.08374024044585,53.76147727911789,3.1011617840279553
2024-05-17,111.36145043056862,111.72518668557112,110.2604239292517,111.1648406982422,109.53330063351663,108.20456770937905,54.47203528001673,2.404466422588106
2024-05-20,111.1648437901786,111.99061368913424,110.72246062986886,111.03704071044922,109.67651397417687,108.31564508197003,54.13923364029883,-1.6603254905818872
2024-05-21,110.8699125552178,112.95401010508866,110.27024315407996,112.75739288330078,109.96993101314105,108.48983127025751,57.87060369779456,1.7475197585267455
2024-05-22,112.48215081251492,113.5831848963073,111.41061494093876,111.91197204589844,110.1548873019751,108.62403286930225,55.48160295176063,0.672093211273814
2024-05-23,113.05232123725963,113.05232123725963,110.34889616419474,110.96822357177734,110.23234789909912,108.71596191645814,52.858351711761166,-0.06197674058274764
2024-05-24,111.23365855319432,113.92725097656972,111.01738334033556,113.56351470947266,110.54960188103946,108.90606202598812,58.64858154836803,0.7149170493913225
2024-05-28,113.78961955852073,115.22489161362164,113.18995012109204,113.64215850830078,110.84413108363579,109.0917912998043,58.81366641206293,1.5460244608081275
2024-05-29,112.84588470441528,112.84588470441528,110.26042983495734,111.2533187866211,110.88310134106295,109.17655708360104,52.020135791849086,0.25691608432331303
2024-05-30,111.07636361224588,114.841499323946,111.00754945433772,114.79234313964844,111.25541008378538,109.39678398775976,59.48634175432072,1.0820626970902312
2024-05-31,115.24456589329613,117.52527347707512,111.30247818377002,114.19268798828124,111.53515083659451,109.58485865444688,57.843858656842094,0.484441238363351
2024-06-03,114.95946692065752,115.20523283591449,112.4428188483034,114.5760726928711,111.82476244195419,109.78059253830665,58.63033124029593,2.9866559869758977
2024-06-04,113.70114592172858,115.03810559217844,111.80383276783266,111.95128631591795,111.83681233471265,109.86571778448749,51.540796632606295,-2.4749532469027566
2024-06-05,112.79672705617824,114.3499695052267,111.88247751340218,114.3106460571289,112.07241554637135,110.04002869714009,56.61868319004788,0.10329739226365846
2024-06-06,114.3106399392436,117.27949636019608,110.29973845010304,111.05670166015624,111.97568089054134,110.0798982251015,48.99356754643413,-3.071645719738335
2024-06-07,110.90924728525138,112.17740036914992,109.24786721794402,110.45703887939452,111.83104831805117,110.09468805468163,47.71815134177638,-1.334730029190362
2024-06-10,110.39805299178248,116.91576241500368,109.75906010711049,116.75846862792967,112.3003264428015,110.35601278304429,59.61537462910211,2.1413776015030317
2024-06-11,116.38490755994698,116.50287790068433,113.7404638814848,114.73336029052734,112.53204395210872,110.52767346961225,55.26303056152905,3.310613925508091
2024-06-12,116.8371097660948,117.6628871071944,116.05066337000686,116.37506866455078,112.89804630567464,110.75698308510005,57.94361398956645,5.357766100916415
2024-06-13,116.02117479838766,116.76830531188376,112.64926600085676,114.3106460571289,113.03257961533696,110.89634241733647,53.59478271475793,-2.096483963489759
2024-06-14,113.05231708861206,114.33030280359893,111.67602651097552,113.90758514404295,113.11591347521372,111.01443036740339,52.76216367553202,-0.7197341247509571
2024-06-17,113.99605230511465,114.9889486250442,112.91468386270796,114.32046508789062,113.23063267642104,111.14407878781466,53.55808786068277,-1.7655014946393004
2024-06-18,114.37945016421833,115.64760312824411,113.76012278651368,115.33302307128906,113.43086033307513,111.3083511126568,55.536715379713534,0.8943847746684976
2024-06-20,114.870990060989,116.56186079875827,114.870990060989,116.42423248291016,113.71594339496419,111.50897391149026,57.63164041199928,2.209376430625538
2024-06-21,116.09982025403798,116.2079578599199,114.3794587970555,115.78524017333984,113.913019278619,111.67667062764123,55.96867141184676,1.2812885989600253
2024-06-24,115.31336576733634,117.525258915046,115.22488614133424,116.27676391601562,114.13813781551391,111.8570664428716,56.99659208097129,0.8182746099902559
2024-06-25,115.58862831455576,116.9845769282784,114.60556464288952,116.46355438232422,114.35960605997204,112.03771302873248,57.40356540831508,0.03377466922088968
2024-06-26,115.95236348875169,116.16863870851394,114.9004856018743,116.0605010986328,114.52159606365402,112.19546942363054,56.16833753304461,0.23773403663616083
2024-06-27,115.41166633995836,116.52252549056745,115.07742082107796,116.00150299072266,114.6625395805177,112.34472564194789,55.97845307805136,-0.23672909016610078
2024-06-28,116.4930454388698,117.27949937861376,115.84421981355398,116.07032775878906,114.79661464511497,112.49082768574559,56.16462489009952,-0.3376392087813839
2024-07-01,117.05338618678891,117.3089848307763,114.5465709288741,116.72897338867188,114.98064881116801,112.65702947801721,57.995408974296836,0.5759688125686986
2024-07-02,116.04083826737724,118.14459395308066,115.34286395110932,118.00696563720705,115.26886946126696,112.86683089602465,61.36697882439092,1.7288247089736226
2024-07-03,118.36087862819468,118.7541056336401,116.97475512154034,117.7710418701172,115.50717159544317,113.05915289500868,60.40309924085465,1.4652445152584295
2024-07-05,117.5645759745834,118.10526397144513,115.57879074099908,116.72897338867188,115.62353367098876,113.20306742417195,56.203924659025866,0.0
2024-07-08,116.6994899326604,116.99441204021988,113.75029885778848,113.9567413330078,115.464791543562,113.23262326373414,46.869043328075925,-3.4321908730803177
2024-07-09,113.77977526783602,115.88353070348153,113.46519522606228,114.703857421875,115.39232162721086,113.29031872091613,49.31240112593932,-2.604362158589732
2024-07-10,115.25438805813911,117.36797654930552,115.02828760337536,117.19102478027344,115.5636266894073,113.44328758598897,56.486467322066915,0.39583265250099675
2024-07-11,117.77102538746276,119.17680667256154,117.17135597562608,119.04900360107422,115.8955673476613,113.66311958658055,60.93458746482033,4.468592387339034
2024-07-12,119.43240450616702,120.68089958115416,118.40019214121222,118.49849700927734,116.14346541067235,113.85274223060787,59.00980010914946,3.308205733174126
2024-07-15,119.19647100020428,120.4646240453003,118.57714358290742,120.42530059814452,116.55125923805065,114.1104896175701,63.37097808491171,2.7598323540007987
2024-07-16,120.9168310473042,121.90972745107656,120.06156295690462,121.89989471435548,117.06065309293682,114.41595648411071,66.32398336123083,2.394720683958366
2024-07-17,120.88733988678206,121.29039208867702,118.1151006560367,119.12765502929688,117.2575104202092,114.6007289760788,57.017418393895106,0.5309417721730884
2024-07-18,119.40291246979936,120.52360445369398,118.22323906575676,118.29205322265624,117.35603830615653,114.74548678967007,54.53351018797652,-1.7714279016889163
2024-07-19,119.05883845604257,119.8846083164387,117.80051819247868,118.46900177001952,117.46203482652444,114.8915069849779,54.980768463352305,-2.8145167412781436
2024-07-22,119.16697740184313,122.1948152578309,119.01951635362792,121.89006042480467,117.88375155017017,115.16596006104953,62.633954914864084,2.3188615563938066
2024-07-23,121.66396675500326,123.18771100420936,121.18226013734775,122.72566986083984,118.34488662737681,115.46241926888445,64.23332963522792,3.7480257696080352
2024-07-24,121.6541340605954,122.94194512008806,119.24563097219536,119.65851593017578,118.46999418002433,115.62697207913116,54.938035449354004,1.004072071498867
2024-07-25,119.99274490557336,122.22430355745036,117.436780954236,119.59952545166016,118.5775685868468,115.782758485897,54.77386042658186,-1.8791810957855528
2024-07-26,121.59514297989166,121.64429166135832,119.03917153785586,120.09105682373048,118.72171032369286,115.95171136189047,55.95495592729642,-2.1467497713369834
2024-07-29,120.96599053226878,121.25107240333551,119.38325738510407,119.99275207519533,118.84276191907405,116.11018354672596,55.641983529076384,0.2793249961537062
2024-07-30,120.80868551733668,122.27344818508554,119.55036530610168,120.56291961669922,119.00658646170501,116.28480064750923,57.139385998335506,0.8055167120445206
2024-07-31,122.94194007633986,124.30839797658282,121.68361977972884,123.18770599365234,119.40478832189048,116.55550281794622,63.28404046547204,2.57858432744673
2024-08-01,117.96764299933818,120.82836194215888,113.25876701625955,114.00589752197266,118.89060824570782,116.4555182965355,41.091400396731025,-4.989346814440021
2024-08-02,108.24514157542735,109.9556702654705,101.08843923989176,101.77658081054688,117.26070087093059,115.87987368924183,27.339473328440306,-15.582186352054999
2024-08-05,95.8093856877556,99.98740634236316,93.4991875317146,97.48059844970705,115.37688159271883,115.15833348376988,24.267090630301702,-20.868241141912282
2024-08-06,100.02673324455232,104.36204783833428,99.7318111292626,101.70777130126952,114.07506156496176,114.63086045700517,32.326048794784406,-10.78727196400773
2024-08-07,104.24407161989038,105.71866711291004,100.85249748583688,101.37352752685548,112.86539165657068,114.11096504797969,32.03576197209268,-0.39601770906576234
2024-08-08,102.97592162329616,103.83118973445688,100.4101247899948,101.44234466552734,111.77748241932845,113.61415640553058,32.17081653275921,4.06413817603333
2024-08-09,101.70776856517304,103.13321541715209,101.30471635197948,102.92676544189452,110.93455699290617,113.1950430344076,35.16371524622779,1.1985260565922797
2024-08-12,102.4352244244582,102.71048853342778,100.68537241128486,101.28504180908205,110.01555554682768,112.72798416282622,33.408001781516006,-0.087286809418757
2024-08-13,102.06168132618495,103.56576770935833,102.01252513711884,102.83830261230467,109.33200764830168,112.34015351378616,36.6317394054079,1.3761097019001682
2024-08-14,103.25118170307292,104.87323834725952,102.8382967391508,104.18509674072266,108.84182565710368,112.02034736582289,39.3723654458192,1.2225501242808487
2024-08-15,106.79019744848908,109.503455117075,106.573929754047,108.95294189453124,108.8524081559063,111.900056955184,47.95401604781523,7.570614523616284
2024-08-16,108.76834146744416,110.06155494883812,107.88974501390476,109.5778350830078,108.92149643467788,111.80898943078493,48.97346299895776,6.553523638085345
2024-08-19,109.62720047445724,110.57489979185148,109.40014398253976,110.18002319335938,109.04135612598088,111.74510840186629,49.99005079199355,5.754111327031567
2024-08-20,109.83450417192236,110.53540652594252,107.55409549327968,108.44256591796876,108.98432848712258,111.61559693190952,47.075887063692925,-0.46843707722598843
2024-08-21,108.53143038313988,108.58078525471711,106.90256898818546,107.8798828125,108.87914318477758,111.4690983389915,46.1378454494592,-1.5495398948350816
2024-08-22,107.86014049160065,108.58078336356816,106.67551061970042,107.08026123046876,108.70782109389103,111.29698707983376,44.772506998420745,-2.813361145741196
2024-08-23,107.8305196263981,110.2886149781076,107.27768937318524,110.08130645751952,108.8386292237604,111.24931332993908,50.67241914564948,1.511159871291109
2024-08-26,110.53541298440108,111.35478062013595,110.01220468474826,110.45643615722656,108.99270607456671,111.21822010747977,51.37173374309125,2.388353859453783
2024-08-27,111.11785065491132,112.71709752022456,110.61439032553524,112.12478637695312,109.29099943669875,111.25377172589049,54.46367484851158,4.710975756425391
2024-08-28,112.0556753156297,113.18106866478274,111.46336421580877,111.9372100830078,109.543019498252,111.28057323009116,54.04757833372367,1.6859389529542659
2024-08-29,112.41106878082924,113.24030285333922,111.44362149792305,111.8088836669922,109.75881608575106,111.30129128644023,53.7450622256697,1.2244171157582255
2024-08-30,112.46041575423877,114.7309503714629,111.21656473278172,114.24723052978516,110.18628412804003,111.41681831559102,58.498424866906255,1.8929303871282939
2024-09-03,112.7960721290477,113.27979200784596,109.2915526751885,109.89373779296876,110.15842257231895,111.35708966764504,48.84669693616994,-1.8255522792855774
2024-09-04,109.55809756456568,110.18002312293304,106.62614880206507,108.12667083740234,109.9649224070888,111.23040657626298,45.560812933244,-3.2933097163878644
2024-09-05,108.5511545804618,108.67948626533176,106.2411390629376,107.45537567138672,109.72591795606957,111.08236614862078,44.340522981240525,-5.944874835830482
2024-09-06,107.78114605124088,109.79500972596644,105.10586847012854,106.61626434326172,109.42976046913549,110.9072249013518,42.79747145183381,-2.982402378451764
2024-09-09,104.84920859829155,107.54423443307677,104.38522915703612,106.2115249633789,109.12326184953962,110.72307980574502,42.037569125919795,-1.771205808142726
2024-09-10,106.52742897538592,106.96178644453106,101.8481538259099,105.3724136352539,108.76603821008383,110.5132497598434,40.43461256063018,-1.9384437708382278
2024-09-11,107.52448400125384,107.59358683996804,103.03278442154188,107.2776870727539,108.62429048271908,110.386364948585,45.51485762059184,0.6203769505210489
2024-09-12,108.27474531674964,111.01912586900823,107.11973753583118,110.93028259277344,108.84390877891472,110.40769505227867,53.672401716247116,4.442792466280406
2024-09-13,111.55221002998267,114.1879993797336,111.28567266507352,112.92440032958984,109.23252702183616,110.50638937687911,57.42053826710674,7.1669485720210435
2024-09-16,113.29952716510296,115.85634718280988,112.37157586377292,115.6589126586914,109.84456374915571,110.70844911342077,61.96490990453503,7.812645681159676
2024-09-17,116.16237277941636,116.89289708717,114.70133922719772,116.28083801269533,110.4575422504452,110.92697416829428,62.933844095723856,4.823349670498767
2024-09-18,117.02122848924684,117.89982492190217,115.89583513659522,116.04391479492188,110.98957773087155,111.1276385065934,62.2829163027042,2.7624804348990795
2024-09-19,118.956122231404,120.76267759653793,117.82085482826083,120.06177520751952,111.85359653817135,111.4779968085905,68.27551321267248,3.8067646043162497
2024-09-20,120.01241192898183,123.68475148640591,119.56818046353152,122.8851318359375,112.9042189474824,111.92533543711392,71.68051881665454,5.679606318730803
2024-09-23,123.6649996789216,125.3037348736441,122.6087091427774,123.62551879882812,113.92529512380105,112.38416615718114,72.51365859367498,6.533392136334601
2024-09-24,123.27999750810628,124.45475328355283,122.6975603791452,123.52679443359376,114.8397236294956,112.82113197194242,72.20860803781446,2.88603031238308
2024-09-25,124.64232447011187,124.81014457604016,122.32243481891712,122.93448638916016,115.61065341613032,113.21773410595097,70.29786578335742,0.04016316090098592
2024-09-26,123.8920669555664,124.16847833016502,122.89500518435422,123.8920669555664,116.39935946750518,113.63633539417118,71.60599937521894,0.21560933319279055
2024-09-27,124.405390483156,124.69167581959223,123.29974508080308,124.19808197021484,117.14209494395372,114.05052153440819,72.02994471156195,0.543434758182731
2024-09-30,123.39847463420318,123.92168296158896,121.70051041817332,123.30963134765624,117.72947936335396,114.41362388002577,68.81734630328889,0.3051584380549852
2024-10-01,124.42513018970418,131.3453176071507,122.86537192168647,130.31863403320312,118.92844647476817,115.03734976838567,77.38622563009774,5.187230494702773
2024-10-02,130.9109736085028,133.55662965884136,129.8645569598378,130.99981689453125,120.0781008004599,115.66332887137177,78.01843614014074,5.476521711460566
2024-10-03,131.29597404240238,131.75008704663725,126.86349551096843,129.67698669433594,120.99228040940046,116.21288408011547,73.70887063924106,5.163712904734693
2024-10-04,132.3917448964402,134.5141924557335,131.94751343790082,133.5961151123047,122.19264561920086,116.89457941471113,77.64817325119064,2.514975009841273
2024-10-07,133.24074182020323,133.68497332837796,131.89816577693225,132.50035095214844,123.17433184138635,117.50657045539495,74.29628536949232,1.1454474465603846
2024-10-08,132.93470940086024,134.47471991978216,132.67803093884658,134.35626220703125,124.23927759049539,118.16734268094932,76.17241589147824,3.6084085788675218
2024-10-09,134.1094524890453,136.3010103459264,133.27033693488062,136.25164794921875,125.38331286275476,118.87653112284224,77.94308350625545,1.9877320793959812
2024-10-10,136.27138128582445,138.5517974892664,135.70869213879544,136.15292358398438,126.40899007430043,119.5540367095537,77.61953492987054,2.756651288535106
2024-10-11,136.41946617161935,138.50243275241812,136.2516460757517,138.41358947753906,127.55228525556126,120.29362701418059,79.69780342612427,3.0198274377831575
2024-10-14,139.26257157051052,139.81539425452542,137.84101891830747,139.5587158203125,128.69575483315663,121.04912069285243,80.67665439573014,2.4271764201533186
2024-10-15,139.68705728087846,140.75322178715402,138.49255355543525,139.73641967773438,129.7472467231164,121.78195594716152,80.8311082269337,2.631964117567818
2024-10-16,140.7927113637193,141.2073284090012,139.6870659096342,141.019775390625,130.82082088192675,122.53638023906205,81.95301287880814,1.8828974256959459
2024-10-17,144.3959527586407,144.938909020068,141.74041536816935,143.3297882080078,132.01215110345828,123.35180800255013,83.79185438464971,2.7021403611586114
2024-10-18,143.20144674872523,144.01094790100012,141.97734362928966,143.15208435058594,133.07309712699424,124.1282894279633,83.09046701914322,2.4443625224754597
2024-10-21,144.00106766627138,144.00106766627138,142.08592108240236,142.90528869628906,134.00949632406994,124.86464234044666,82.06309118730944,1.3370559557630748
2024-10-22,141.46399517569964,142.58938850942678,141.0296301936842,142.09579467773438,134.7796199767999,125.54037380465402,78.62892504059973,-0.860947012970256
2024-10-23,141.82925169380013,143.12246514005892,140.0819252884447,141.70091247558594,135.43879069097,126.17412041920038,76.93751012024585,-1.0137273806268963
2024-10-24,142.76707830390583,144.82043049801857,141.7009137956191,144.41567993164062,136.2937325234148,126.88947569419804,80.1059204901615,1.056917661432067
2024-10-25,142.84605613757194,143.07310508919838,140.1016755566113,141.25668334960938,136.7663945068619,127.45289560225339,68.34033505383277,-0.5905250961353637
2024-10-28,142.1945301608573,143.33967167298482,141.4541392792166,142.98428344726562,137.35857440594796,128.06196963539114,70.86093159983426,0.9056899841070559
2024-10-29,142.7572012553928,144.31695949083823,141.75026567285715,144.14913940429688,138.0052948819812,128.69283903809333,72.45342735118844,-0.18456481143177622
2024-10-30,143.83324203464338,145.15606991130988,143.64567396522423,143.99119567871094,138.57538067214594,129.29277459262735,71.87980725279662,1.9358463360870948
2024-10-31,143.37914193463047,144.3465816289285,141.26656093336584,141.42449951171875,138.84672532353383,129.7685285110231,63.13248587066162,-1.0908778908712318
2024-11-01,142.34259737065685,142.57951277898005,138.8775588910406,139.19346618652344,138.87974826286617,130.13813391006235,56.67616756468221,-3.4378791564437994
2024-11-04,139.3119040792024,140.28922518941803,137.26843365657106,137.6435546875,138.76201554140272,130.43246413662854,52.64806962218929,-4.408353553348148
2024-11-05,145.11659311229303,149.89457800501862,143.66542597610697,147.35751342773438,139.58063438772,131.09619155980917,67.99905808228444,4.195181129507199
2024-11-06,158.2066995448388,164.58393888260028,158.2066995448388,161.57301330566406,141.67514666561945,132.29136104003877,78.8201667477909,16.07801553641272
2024-11-07,159.13464759335932,160.1613311940009,157.26886352067143,157.7723388671875,143.20821258957832,133.290615072476,71.82691110770378,14.623847971223226
2024-11-08,156.25206849708533,160.0724800891864,156.17309167321463,159.92440795898438,144.80023119618843,134.33507753861358,73.27292893399995,8.528166795792828
2024-11-11,161.9678999911519,166.50895456443897,161.20776121241545,164.61355590820312,146.6872145020946,135.52246884722493,76.14586087610928,1.881838148792187
2024-11-12,162.95508784803613,164.3075302347029,160.38839369280024,161.65199279785156,148.11243148264288,136.547156060975,70.95801386712331,2.45902035712987
2024-11-13,161.65198365654965,163.78431267447573,161.28672903281472,162.2344207763672,149.45738284394994,137.5544997753041,71.37111015046017,1.4444404371190536
2024-11-14,163.24136888809784,164.52471599105112,161.3163557653128,162.20481872558594,150.6714243564867,138.52117894982496,71.31558705264791,-1.4632678149303946
2024-11-15,160.8819912782248,161.75072133173757,159.0853023154216,161.53353881835938,151.70591144809364,139.42362443486553,69.9859634541169,-0.07327715386739224
2024-11-18,162.0908894249724,163.45707903410252,159.72481639680277,162.6650848388672,152.74964224721492,140.3350542546303,70.96853998622345,0.265457885225017
2024-11-19,162.85318469292696,167.45662733636254,162.30868774113617,166.56564331054688,154.06545187229415,141.36370480584273,74.1144004989428,2.6884679624336387
2024-11-20,165.81326331095872,166.4072476482801,159.27932985819018,161.25930786132812,154.7505810141069,142.14392453350882,63.96045715406929,-0.1697671945017042
2024-11-21,162.8630769240574,164.2886634307534,160.68510425261968,163.36798095703125,155.57128577057588,142.97624047168617,65.9564814140955,0.4321124713765941
2024-11-22,165.35784493272664,167.8823196515926,165.1796541814342,165.88253784179688,156.55330977735883,143.87452664306306,68.21704975604749,-0.4101118665128381
2024-11-25,170.62458506097445,174.98052997697033,170.2978869263701,172.9510498046875,158.1149993037711,145.01478245332285,73.53665244989597,7.250274169236461
2024-11-26,171.28788670261017,174.14895406939385,170.1097974740465,173.88165283203125,159.6165853540816,146.14681658582123,74.1500828459224,6.435576796266636
2024-11-27,173.24806989710038,174.80235983221587,172.01058368354967,172.10958862304688,160.80639518922115,147.1649645088497,70.7852539698476,3.753891676765142
2024-11-29,174.18855905041093,174.63405107286573,172.4857767861557,173.27777099609375,161.99414526606617,148.18899613580044,71.69705249568638,0.1889096318150217
2024-12-02,174.2974605990193,174.34696307013397,170.17910274122727,170.6147003173828,162.81515050904872,149.06843551547033,66.59445221231645,-1.8788368188587994
2024-12-03,172.010573348558,172.4857637963212,170.51569553057803,171.26808166503906,163.620191571524,149.93900987427696,67.21102842383081,-0.48893670872160105
2024-12-04,171.26808207592194,173.95095867879422,170.2780931621883,172.9807586669922,164.51167415204478,150.84260786614814,68.83482333964095,-0.17140821202522172
2024-12-05,172.8619661434988,176.96051967322765,172.32737877267857,173.9707489013672,165.41253841388502,151.7495937890979,69.76684702986348,1.967033659902311
2024-12-06,175.00034446249424,176.3269259810866,172.42636724507835,176.0695343017578,166.42749040320624,152.7033169464571,71.69916425963217,2.8034719546338387
2024-12-09,187.40490854446873,187.59300885921212,169.94150432340442,170.74339294433594,166.8385287404567,153.41077090715825,61.03758239713702,-1.2934188402788982
2024-12-10,171.43637664645382,174.9112322603798,171.0106886687446,172.96096801757812,167.42161819542065,154.1774453036453,63.4729918111887,-0.5804314174456755
2024-12-11,173.65396825967392,177.6832154986666,170.3870016486324,176.82192993164062,168.31688597982256,155.06546430866473,67.30486468470335,0.427328687422615
2024-12-12,176.74273856364837,177.57432571514863,173.5153797960447,174.6439666748047,168.91946509363038,155.83324871518002,63.27257072787453,2.2844653975807874
2024-12-13,174.6439531629014,175.7428414945197,173.1292712877022,174.6637420654297,169.4665390909446,156.57169943479767,63.294073830209136,0.9844845732353374
2024-12-16,174.47566389412802,177.6238216108328,174.129161707482,176.3665313720703,170.12368121295657,157.3479673539064,65.18426894412949,-0.257546425234907
2024-12-17,174.73303082877584,175.9507128762509,171.16906495076236,174.55484008789062,170.54569634390268,158.02274667680774,61.552453411118954,-0.05103330427670623
2024-12-18,174.8518553531334,176.32694442667366,164.78366886270692,165.76376342773438,170.09027416141046,158.3263159611578,47.67241442433521,-5.095492935426373
2024-12-19,168.34761726017578,171.82247289803357,167.67441694586535,167.93182373046875,169.88470745370174,158.70300254034646,50.62926182891351,-4.782487684019451
2024-12-20,165.82315024987014,173.0995751241432,165.7142508603901,169.31781005859375,169.8307172255962,159.11926950184636,52.47795816303729,-3.000220461752858
2024-12-23,168.93170972433077,171.05028542167847,166.59533525478574,169.91180419921875,169.83843979451262,159.5425061566453,53.28529993264619,2.5023809098619654
2024-12-24,170.78299316816012,173.09957885742188,170.08010945311105,173.09957885742188,170.14902446717065,160.07415606647967,57.46196710542573,3.0772935183788586
2024-12-26,171.89179220899527,173.327273215283,170.78299427427643,172.62437438964844,170.3847720788352,160.56632149091766,56.64886497031384,1.952874496729213
2024-12-27,170.9512693491586,171.67397209438013,168.00110677164233,168.57530212402344,170.21244160694837,160.88039916280417,50.138628569474434,-0.78658577106761
2024-12-30,166.26864993493982,167.1794380044406,163.5263761685519,164.8430633544922,169.70107224957158,161.03579775855664,45.00457085418807,-4.769806811448333
2024-12-31,165.32815255758402,165.9221519624793,163.2788682061244,163.50657653808594,169.11112027704914,161.13269104402838,43.29492851192543,-5.281871626646287
2025-01-02,165.31824669944183,165.31824669944183,161.41768813798072,164.19955444335938,168.64335210241202,161.25296019694332,44.472789105669946,-2.5957228760858206
2025-01-03,164.4668779238743,167.73382954937577,163.51648183421509,167.36753845214844,168.52184604048216,161.4927475795004,49.62437250609829,1.5314415094479343
2025-01-06,169.0901131786508,170.38699626699156,167.33782853339574,167.40713500976562,168.41568308517583,161.72468434147157,49.68720328862017,2.38556671802808
2025-01-07,168.29811945401244,168.44661175229422,159.61591223837226,160.82369995117188,167.69263707241356,161.68935162028336,40.61661365269734,-2.0559461952450064
2025-01-08,160.98211159907615,161.4969101078216,157.84384828755424,160.35841369628906,166.99413960802076,161.63715797620515,40.059999484456846,-4.18786391953977
2025-01-10,158.3982307306848,158.3982307306848,153.03249247740672,153.83438110351562,165.74082927425837,161.33116672629575,33.191550622668835,-8.10763167618766
2025-01-13,152.15141674601293,153.44829996097576,151.201020628632,153.25030517578125,164.55125555059388,161.01427019490302,32.65180052055718,-4.709128553621142
2025-01-14,155.08176136166128,158.3190294241708,154.05217951102708,157.7349395751953,163.90208260055593,160.88566899413019,40.63436975108246,-1.6360065310090188
2025-01-15,164.33817307363003,166.19935721706923,162.0314969039087,163.19969177246094,163.83518823597547,160.9764149854373,48.625248665368325,6.0879177994959175
2025-01-16,163.88275629225575,164.80345382682438,162.75416954751577,164.2589569091797,163.875547157233,161.1051421197017,50.02933396914354,7.183445227578038
2025-01-17,165.59544824819173,167.32792883067742,164.34805256094165,165.31825256347656,164.01294767211334,161.27036213710463,51.45808917008093,4.807630451886113
2025-01-21,167.26853490115386,170.2087881018279,166.6943395136927,167.5457305908203,164.34940318818067,161.5164550176425,54.40993594452525,2.6630190113464085
2025-01-22,168.29811555303402,169.60490817175295,166.02113802728655,167.20912170410156,164.6217573325541,161.73969684848404,53.87675428904111,1.7960450074896364
2025-01-23,166.51614272822962,171.7531928702152,166.5062482766423,168.05062866210938,164.94831650679745,161.98718437058702,55.06231685767821,1.6527975926818326
2025-01-24,167.81301908869594,170.5354886624608,167.5655218547173,170.33749389648438,165.46157149629144,162.31464748924967,58.20631867972261,1.6662694392864588
2025-01-27,166.25874108998687,167.55562415391765,162.2591774070826,165.58554077148438,165.47337809392886,162.4429178140432,50.32698827675599,-0.9709882547498375
2025-01-28,166.5755293701811,168.99110473931773,163.78376848551295,167.61502075195312,165.67734406135975,162.64574538023575,53.23841402638825,-0.2592123062104719
2025-01-29,167.76353420388372,170.46619980914818,166.9121431021845,169.38711547851562,166.0306556248984,162.91011283507027,55.68106484532699,-0.5579384762736403
2025-01-30,171.07009379483586,171.65418365061743,167.18933891871353,170.04049682617188,166.41254526311494,163.1897357366821,56.58161987266727,2.6904257666045512
2025-01-31,170.95128878148873,173.1589750698791,168.91191391198936,169.268310546875,166.68452290918734,163.42811121943478,55.15519983199452,0.9863613580124859
2025-02-03,164.6153581144625,167.80312367836896,163.57586671648738,165.4469451904297,166.56665836454374,163.50728117908164,48.62252915108301,-2.326133411596877
2025-02-04,162.37798754872298,167.6348263183453,159.44761368694665,160.96229553222656,166.03290952337068,163.40747782038144,42.29178247471374,-5.33884660618566
2025-02-05,159.55651654127485,164.50646126901572,158.77443192094609,164.09066772460938,165.84793411396484,163.43426958133156,47.43342253476489,-3.058837655753523
2025-02-06,166.42704550309722,166.56564335394984,161.57610561722296,163.22938537597656,165.59854851987072,163.42623490661177,46.21264466759372,-1.3403449739738078
2025-02-07,163.9025829213965,165.4766618683571,161.4771127964388,161.81370544433594,165.2380872745817,163.36299845711076,44.1990620639602,0.5289499067431681
2025-02-10,162.84329044087175,163.1105765853241,159.18031918217483,160.5465087890625,164.7912702759608,163.25254788189318,42.41743557188291,-2.159878428610564
2025-02-11,158.89322317880303,158.93281608932733,155.30946808807747,156.49745178222656,164.00138280036708,162.9876421524945,37.250528988934704,-4.124216713947622
2025-02-12,153.5473056225255,156.39846377589456,151.27032781708752,155.86387634277344,163.22638218535818,162.70827878740738,36.50128464037008,-3.6769623964944347
2025-02-13,156.6162459853828,158.2893296970454,155.3292573528706,156.33905029296875,162.57044581465442,162.45850512095882,37.51635549445601,-2.62071005332281
2025-02-14,156.68554144104073,161.5166768161967,156.01234115964735,161.18008422851562,162.43803042549834,162.408370968314,46.840015914634776,2.9921461295134453
2025-02-18,162.334731647153,163.03963503676502,159.53500887442985,160.89515686035156,162.29109008596055,162.34902923858996,46.40115229244805,3.22799652853071
2025-02-19,159.34636931371628,160.01155171663387,157.97628353358314,159.11802673339844,161.98889357619274,162.22232325799422,43.653859529755586,1.7775318675801564
2025-02-20,158.81026861092437,159.04853387714977,153.22073028763825,155.6630401611328,161.38643134618704,161.965096469882,38.83927211260047,-3.4229068025308482
2025-02-21,155.97081913365537,156.3182943508448,147.5319145434002,149.4678955078125,160.25133269491326,161.475010157644,32.019876921449686,-7.102302875690234
2025-02-24,150.8181141823999,151.5627233780418,145.38742990358935,146.80714416503906,158.9709337873062,160.89979972656144,29.614840299680242,-7.736950250763356
2025-02-25,146.93622067842065,147.82974569046837,140.18509399580566,144.25563049316406,157.56947633072122,160.2470872076047,27.483046469659,-7.3282711529727935
2025-02-26,145.4370791051149,149.82530764792398,145.09951141019616,146.58872985839844,156.52369095240476,159.71146535077307,32.283170314411834,-1.9262769704706066
2025-02-27,148.4155172833819,150.64934497497882,146.072479632009,146.3802490234375,155.5576488639317,159.18867255362267,32.07883236576179,-0.29078635377693296
2025-02-28,145.27822716261173,148.26658676249195,143.96770764163497,148.1970977783203,154.85664399863538,158.7576304055716,35.88733286926424,2.732279684114671
2025-03-03,149.80544509726374,150.70890791251898,142.47848558528997,143.54080200195312,153.77894476085612,158.16089203680227,31.07777399240476,-2.079237509861464
2025-03-04,139.90711753356345,140.75101410874106,133.22549451704626,136.92868041992188,152.17415768076714,157.3282562871207,25.791742954408917,-6.4568605850658845
2025-03-05,137.1867977314581,140.45315871503396,134.7147047748605,139.51991271972656,150.96899149400136,156.62988987271308,30.761953773780903,-5.8551653093594735
2025-03-06,134.02966871060627,136.98824530409576,131.8851903754491,133.81124877929688,149.3349207592676,155.73504120238303,26.544000466091507,-6.778249171635436
2025-03-07,133.51338500513504,134.32749830870222,126.64312616279317,131.44833374023438,147.63143628126443,154.78262130190663,25.015069493378732,-4.002336590757183
2025-03-10,127.18918285488672,127.18918285488672,122.5031076423729,125.10427856445312,145.48599268918716,153.61876472396727,21.4437707119978,-10.332313054289367
2025-03-11,125.76945869318116,130.8824433996738,125.05463264670094,129.48257446289062,143.96185762001605,152.67224745882703,28.979590199203077,-3.2349106341170155
2025-03-12,132.85814145369355,136.16419288728136,131.48805571245393,133.95022583007812,143.0083688781172,151.93805053220942,35.752353967146135,1.903327352013408
2025-03-13,134.06936568198353,135.11182162179563,127.6855898952417,129.3038787841797,141.70317934536126,151.05043595385533,32.30224714209571,3.3568797709527964
2025-03-14,132.32201996407002,133.68216794506867,129.6811356535518,133.35455322265625,140.90807209557983,150.3564797683181,37.92613991291947,2.9903473697731613
2025-03-17,133.03684915129998,139.18235975610253,132.72907975995736,137.70306396484375,140.6028332259859,149.86026738386815,43.365430640123975,2.8016661498773945
2025-03-18,137.81226585327104,138.4476650866363,135.0224658575719,136.45211791992188,140.20752700636075,149.3344576009683,42.21931762741545,5.52824803320345
2025-03-19,136.98823709867224,144.31519673035965,135.27067605908664,142.36927795410156,140.41340804900273,149.0613133010912,49.07532764775927,6.759967705334982
2025-03-20,140.24466540938965,145.09951713614782,139.9269733387753,143.7294464111328,140.72922122634844,148.85222048187714,50.528470083904665,4.37636046197754
2025-03-21,142.2997998764813,143.80887893194338,140.2148878242098,142.3792266845703,140.88636460332197,148.59837758786512,49.03270888771712,4.343727935484895
2025-03-24,145.923536704347,149.17003692442026,145.3278584583425,147.3333282470703,141.5003611408218,148.54876780979473,54.370009148914335,3.486742620531594
2025-03-25,147.66096532691878,149.22961053833416,146.0823974464403,146.83692932128906,142.00860572943773,148.48163688867686,53.76248986431198,2.162036373025058
2025-03-26,147.76025832885716,148.89206375946117,142.91532939477713,143.60037231445312,142.16020254705825,148.29021474851123,49.85125521647017,0.8576712054969663
2025-03-27,142.28986106093868,143.163525552555,139.00363973923672,141.00912475585938,142.0505760907536,148.00468180762292,46.908868293704394,-4.292445956698662
2025-03-28,140.23474424762287,141.25733975480912,134.62536053736363,135.9755859375,141.47200559996753,147.53295255781418,41.75343582811978,-7.396874501525235
2025-03-31,133.8509617626325,136.87902716298066,129.82013109320198,135.95571899414062,140.94664497084116,147.07894339845444,41.733939992756376,-5.323560933095909
2025-04-01,135.62808312627502,137.574001816918,132.9971367030944,137.37542724609375,140.6065289970557,146.69841335326382,43.755031801524666,-2.5769236679235776
2025-04-02,134.19842857870884,141.75373032633308,134.19842857870884,140.50279235839844,140.5966493171836,146.4554478240534,48.03140436761371,3.3294259331078218
2025-04-03,127.60616378088528,127.97349948438143,121.26209378618005,122.56267547607422,138.8791279989827,145.51847635942678,32.68103029323131,-9.851033569719576
2025-04-04,115.59313723931145,116.33774646976964,104.85090837755024,107.89884185791016,135.9286245569758,144.0431965750536,25.505751992850957,-21.456956297853303
2025-04-07,102.56743667373304,118.63114005094845,101.84268793376724,111.5523910522461,133.60707850890628,142.76904733886508,29.65012160179469,-20.60485832360175
2025-04-08,118.581503127993,120.41820436176424,107.24358094432704,109.6164093017578,131.32225287013023,141.4689438864295,28.7377749911599,-10.562976145901526
2025-04-09,110.3014419820112,130.00876408018644,107.3230051639125,127.5267333984375,130.96077482520712,140.92219053395925,45.45827093395045,18.191012250506752
2025-04-10,124.10153152414962,124.9156372679658,116.5065162799604,123.03922271728516,130.20634129111932,140.22089767840342,42.75163854063811,10.2972527587142
2025-04-11,121.64929000204016,125.35248321673616,117.57876108377374,125.01492309570312,129.71192051060348,139.62458494967007,44.323409519464036,14.047635652391687
2025-04-14,127.07997571382282,127.99336122137228,122.90023679655718,124.6177978515625,129.22676597164718,139.03608349484233,44.061544782822516,-2.2810398018950915
2025-04-15,124.71708276577992,128.8571006282443,124.71708276577992,126.9211196899414,129.00718061148473,138.5609868750423,46.05234749560715,3.155007717803879
2025-04-16,124.89579127619226,126.72256228566192,122.41376050818016,124.31002807617188,128.55983275097876,138.00212574567482,44.134779027972336,-0.5638487006800214
2025-04-17,125.37233014041756,126.97075847426676,124.12138458032769,125.86873626708984,128.30353784775124,137.5263065504362,45.5912284843387,1.0038200297981426
2025-04-21,123.73419552441274,124.22067901021364,117.42983886797325,118.77013397216795,127.39559462150521,136.79077037089627,40.422647112410544,-6.42208777994213
2025-04-22,121.2720236504548,123.42642451806368,120.40827422481846,122.82080841064452,126.95990069666134,136.2429287253962,44.302914979395425,-1.1979883590846168
2025-04-23,129.06559542856095,132.35180162676855,125.28298309408969,125.64039611816406,126.8342335939473,135.82714313295574,46.89562393308926,-0.18141133032530812
2025-04-24,126.18645350645676,132.8879447269169,125.82904043937737,132.36175537109375,127.36066423938982,135.69124557366703,52.564313505226295,11.443635655164616
2025-04-25,131.21006936754205,134.02965249536115,130.55480965288882,132.44114685058594,127.8445197261704,135.56379072178152,52.628637012230165,7.832824555083822
2025-04-28,133.4538245696284,136.3429119339358,133.09641154364078,135.3798828125,128.5621733534399,135.55657864690772,55.05797805621217,7.751875189231342
2025-04-29,135.08204449245204,137.17687913482268,133.62260914141532,136.56134033203125,129.3239987799724,135.5959810659322,56.03415876510408,3.1728084514770947
2025-04-30,132.20289435801178,136.00536742452454,130.55482224371065,135.4990234375,129.9120963664036,135.59217880599368,54.87987812226106,2.308856922209998
2025-05-01,136.65069217448914,139.11286257742998,136.14436332623748,136.89889526367188,130.57750578519105,135.64342258864772,56.161423154248205,1.1220370557386983
2025-05-02,133.1857708930781,136.49183784144196,132.04404274850737,134.39700317382812,130.9412674412517,135.5945433959097,53.250363098379516,-1.584882773514685
2025-05-05,132.54043738674494,136.3031892057477,131.815688674996,133.01698303222656,131.13895464039217,135.49346259733392,51.65974168308814,-1.8317773385417042
2025-05-06,130.9420117134045,132.37166382821636,128.26142157268885,128.38055419921875,130.8762498364709,135.21452501309412,46.621140318558886,-6.222359244058554
2025-05-07,128.63869709202476,129.7109210457172,126.96083430518227,128.41033935546875,130.6414012192326,134.94769420299116,46.6571347300812,-4.454462284859333
2025-05-08,130.24705654507167,134.774278504114,129.52230776061376,132.23268127441406,130.79295170067846,134.84122310775285,51.20450049487048,-0.58962527936939
2025-05-09,133.14605348942737,133.5928159789364,130.57467335839496,131.50791931152344,130.86104385409226,134.7105053118223,50.3284133064978,2.436011537582005
2025-05-12,139.7581852259919,142.57776839133604,139.44047803316354,142.41891479492188,131.9617934675046,135.01279587978698,61.11482359617321,10.909227021567347
2025-05-13,142.7068405830359,145.79448733657446,141.9721540524405,144.02728271484375,133.1108876815369,135.36630516743628,62.41062866540279,8.919581246298034
2025-05-14,145.14915063318054,146.38024329987164,142.56784782440067,143.2032470703125,134.0720647661822,135.67363622245105,61.283828839524595,8.893249790595885
2025-05-15,141.51545766242853,143.5606637124751,140.89991888812023,142.95504760742188,134.91806313201454,135.95918176695972,60.92701831038894,0.37644775855230467
2025-05-16,143.19416461894693,143.8517534878481,142.16793435518943,143.313720703125,135.7176495673584,136.24759505857403,61.27787807355206,-0.49543530799752344
2025-05-19,140.02579263274515,142.53657684041784,139.5575262318119,142.08822631835938,136.32437116269182,136.47663942170288,59.317949039828164,-0.7786281210548613
2025-05-20,140.9922437650079,141.64983263382402,138.00322003725566,138.78036499023438,136.5582753367435,136.566981600861,54.27210367818397,-2.9202764694618315
2025-05-21,136.37918601859016,136.82753651042907,130.162011562483,130.2018585205078,135.95290230662582,136.31736893104323,43.85366235097918,-9.149062712410117
2025-05-22,129.98268008145467,131.27791148347248,128.98633887808083,130.33139038085938,135.41752021845758,136.08262467417327,44.02838272608565,-8.274320992055966
2025-05-23,126.98368907114876,131.58679597688476,126.32610779995822,130.39117431640625,134.9388206087384,135.85943054249614,44.11482204573826,-6.044940632933521
2025-05-27,132.5034203997296,133.2606342314558,131.0387976334349,132.68275451660156,134.72395717139204,135.73485501206892,47.463981927648646,1.905422875129689
2025-05-28,133.3303847618905,134.50606006354366,130.92919885574946,131.02882385253906,134.37203971245367,135.55030477051872,45.351477611215635,0.5351231730449746
2025-05-29,132.72262466656665,132.90195879423288,130.30150752234553,131.2181396484375,134.07166827778548,135.3804159422018,45.64966542627077,0.6342187930791559
2025-05-30,130.6103681793318,130.73989740416667,127.55160850906778,130.2118377685547,133.70406537214444,135.17772660205878,44.26699823427545,-1.8622742322836752
2025-06-02,129.56421046013983,130.3612865068806,126.903988727955,130.04246520996094,133.3553415471746,134.9763438023687,44.02529537661966,-0.7527798949704236
2025-06-03,130.4708857576414,131.30780877247037,128.67746843803565,130.62034606933594,133.09486578738043,134.80552036185762,45.12619253849663,-0.4555723627108143
2025-06-04,131.2978535526498,132.31412592197157,129.74356357778214,129.82327270507812,132.78328549382783,134.61013810080743,43.84527145272951,-0.29840993732629617
2025-06-05,130.18194398623558,130.94911575906875,128.67745905421606,129.80332946777344,132.49948015801314,134.42163580147277,43.81176206852612,-0.1838905020766884
2025-06-06,132.8820218361619,134.4462848276725,131.74619346895403,132.96173095703125,132.5435040436339,134.36438463110252,50.291147086538416,1.792511624837112
2025-06-09,133.72892386979652,134.3466505802119,132.59309545224772,133.02151489257812,132.5890288863905,134.31172307272902,50.40772178023545,2.46353532834248
2025-06-10,133.11119619026636,135.65185419839287,132.89199990049656,135.12379455566406,132.83043514060705,134.34356901323628,54.452765551571375,4.098866423308155
2025-06-11,135.50240715884064,138.98960146072258,135.50240715884064,137.5249786376953,133.27753452128212,134.46833017497977,58.605824123895474,3.4320008079157382
2025-06-12,135.61200805311702,138.0131941126898,135.50240990757334,137.6046905517578,133.68964461942267,134.5913246995593,58.740321665711726,3.4454393809007837
2025-06-13,135.04407560905872,136.12012589794267,130.71995857623676,131.6266326904297,133.4931672928519,134.47506226782872,46.529941788257894,-2.5881169757956464
2025-06-16,133.01154894566437,135.8810164395518,132.35396011115515,133.60935974121094,133.50423324031465,134.44111314913783,50.225557148281816,-2.847205602409097
2025-06-17,132.39383414427652,133.47984249070777,130.94912712598455,131.875732421875,133.34913792427278,134.34050998336284,47.15656509618575,-4.163345091588979
2025-06-18,131.36760439885404,134.15734783215777,131.36760439885404,132.60305786132812,133.27808268018282,134.27237460602814,48.57625158843483,0.7418142901177714
2025-06-20,133.94812290521494,135.2533275377463,133.01155967800463,134.02783203125,133.34948738028444,134.26278470113488,51.33444688025804,0.31320581944977877
2025-06-23,133.56950083661633,134.4761749908831,128.45826553924744,133.53961181640625,133.3675944694389,134.23442498016513,50.33809562636214,1.2617024861014174
2025-06-24,136.45889828897458,140.45422105272752,135.6418912024785,139.39810180664062,133.94192850155335,134.43692211061514,60.29644937595995,5.124349358834946
2025-06-25,139.48777308197967,140.73319962735448,136.3194152479673,137.22607421875,134.25470428414351,134.54630062465964,55.82682108455209,2.3862522724043584
2025-06-26,137.49508225729767,139.1888592155275,136.79764647484538,138.84014892578125,134.69141329763283,134.71468683254676,58.30055466676005,3.969262031899806
2025-06-27,139.92615760086528,143.66243702183843,139.33831995400922,142.39707946777344,135.42528626621765,135.0159571319674,63.19235515692354,2.151376254242472
2025-06-30,144.46947446177464,144.49936348163334,140.59370778950475,141.35092163085938,135.98963249142162,135.26438711231611,60.92841546676001,3.0058772981685817
2025-07-01,140.5040476343231,142.3672009108868,139.41802411523463,141.11181640625,136.47745953092908,135.4936980650194,60.39583669677591,1.6361747650408374
2025-07-02,140.49407065202678,142.5066841831816,139.85641287620038,142.25759887695312,137.02794899245518,135.7589490772521,62.10522636568277,-0.09795186203371468
2025-07-03,142.57643886213694,144.8979005945,142.05833715564964,143.94142150878906,137.68637494639174,136.0798303490771,64.52827114610167,1.8326727891416423
2025-07-07,142.78566273020004,143.8218661483951,139.65715179962058,141.01217651367188,138.00311795279936,136.27325568886513,57.62525312947248,-0.07061059457364609
2025-07-08,141.60000570813864,145.5853704864411,140.00586891859373,144.47943115234375,138.6199096860893,136.5950664913545,62.710275591623116,1.5618373239326337
2025-07-09,145.71490343105825,146.6614245495055,144.48940798723626,146.11343383789062,139.3335786529275,136.96833579906178,64.85095206581408,1.5089557309734776
2025-07-10,146.0935189059463,149.21205660686323,145.4658190683069,147.66773986816406,140.12730829247386,137.3879202723599,66.80316417607871,4.719850100212371
2025-07-11,146.16325521800238,147.49834881582566,145.96399001284317,146.64149475097656,140.74770700280746,137.75080554603116,64.26518275455896,1.49645079675948
2025-07-14,146.41233608874575,148.31535142671808,145.46581499069967,147.98655700683594,141.43712128890542,138.15220756410193,66.08393216625046,1.28196505943697
2025-07-15,147.84707310653386,148.55448206241377,144.86800738407922,145.1868438720703,141.79423772539732,138.4280756546105,59.316657508664996,-1.680052798470853
2025-07-16,147.69762912885412,152.38042986040313,147.37879263843615,152.15127563476562,142.7806222881943,138.96624035971462,68.07474275326568,3.757313639734547
2025-07-17,152.10145357098895,156.70454512056358,151.8423951251255,155.4790496826172,143.9899963257584,139.61380150963237,71.25859801465883,5.062954924638966
2025-07-18,156.31597079149,156.31597079149,150.8161630919571,151.44386291503906,144.69988838188036,140.077725486315,63.04783391000855,4.3096322477276585
2025-07-21,152.10145675869578,152.68929443931108,147.98656258846705,148.14598083496094,145.02808766312612,140.39412765685012,57.24257457389072,-2.6324424708861938
2025-07-22,148.1758726985837,149.38143710379074,146.143328024194,149.1024627685547,145.41612338745264,140.73563099456402,58.43787087160292,-4.10125153651194
2025-07-23,150.4475222279901,151.86232491730206,149.0426774776805,151.29441833496094,145.97596100150105,141.1497010863443,61.12029037663225,-0.09867985219180808
2025-07-24,152.49003466102153,152.86863400622093,151.05530079742445,151.08518981933594,146.46255422224723,141.53932809548124,60.7174654317119,1.983995089039484
2025-07-25,151.06525436382793,151.443868901028,148.70393048341072,150.57705688476562,146.85441161867755,141.89374883231594,59.688588545767566,0.9889803889422579
2025-07-28,150.87595225313896,151.31434484741854,147.6677473284667,148.15594482421875,146.97836716206243,142.1393251457239,54.91380646602002,-2.0744146051665364
2025-07-29,148.7238666151677,149.2120641108073,144.79827955288312,147.2791748046875,147.0070155089791,142.34088787744795,53.252470416238545,-2.5191185312071815
2025-07-30,147.89688788361858,148.30539141804016,143.7122579486325,144.92779541015625,146.80899454718644,142.44233523167182,48.97332330933105,-3.7517411958268454
2025-07-31,145.41599945612867,147.13966552694154,143.53291513982913,144.78831481933594,146.61654885881973,142.53433443118806,48.723214411262994,-2.2730306292321742
2025-08-01,141.49041782842676,141.49041782842676,135.17361784548146,137.78402709960938,145.7753563103235,142.34804786916536,38.17871900464466,-6.447040267349407
2025-08-04,139.64718622975354,141.82917589005598,138.31209267056877,141.50038146972656,145.36821584931428,142.31480604957952,44.98219635987174,-2.3649113896543144
2025-08-05,148.38508813711437,151.02540144811712,142.63621033915612,145.0074920654297,145.33386120323004,142.42040157961287,50.516584773449345,0.1513777174402749
2025-08-06,145.9540303446731,147.72751649461458,143.94141682959688,145.33628845214844,145.3340923697937,142.5347500844182,51.01409246914807,5.481231396349914
2025-08-07,149.2917584499976,149.2917584499976,137.59472275117574,140.5937042236328,144.8826268320641,142.4586306388972,44.12314008558252,-0.6407595772367087
2025-08-08,141.27121220171662,143.0148093034818,140.0955368819473,141.4505615234375,144.55576346933776,142.41909851672233,45.55411582373562,-2.4529288048008193
2025-08-11,141.40074090463614,143.61261957900683,141.16161354420464,141.60000610351562,144.2742627678309,142.38697724561618,45.814753791503044,-2.5707842056686157
2025-08-12,143.56280959279414,146.18319199140234,142.00851964788748,144.07095336914062,144.25489996795562,142.45301552497008,50.070699676112255,2.473260922108425
2025-08-13,145.28648786278998,145.5953512167328,137.8637334139585,140.43429565429688,143.89103289046432,142.37385003984565,44.52742657476,-0.7184601165208071
2025-08-14,139.52762539554578,140.81291415334476,138.52132618133896,140.165283203125,143.5361995869082,142.28723957566052,44.13815612209504,-1.013222343607656
2025-08-15,141.74947251993788,141.8590706644937,137.90359472410876,138.8800048828125,143.0927524722324,142.15362252888218,42.23822026856918,-3.6030500006672432
2025-08-18,138.2899932861328,140.6699981689453,137.86000061035156,139.38999938964844,142.74010932151012,142.04524515087303,43.28150405301223,-0.7436191136808575
2025-08-19,139.32000732421875,140.0,136.52999877929688,137.0800018310547,142.20105146527627,141.85052972656644,39.777014417532605,-2.201173715462179
2025-08-20,136.0,136.1199951171875,132.72000122070312,135.33999633789062,141.5476176436205,141.59521469171642,37.32540783293395,-2.548969196760144
2025-08-21,134.14999389648438,135.1999969482422,133.08999633789062,134.00999450683594,140.82974877345055,141.29775507662308,35.52315218307459,-3.859677815029847
2025-08-22,134.91000366210938,138.0399932861328,134.02000427246094,134.1999969482422,140.1983438377164,141.01941162060814,35.998589216156326,-2.100966475301032
2025-08-25,134.02000427246094,135.6199951171875,133.80999755859375,133.88999938964844,139.5975491283766,140.73982682723718,35.53815471453133,-1.0713735684033245
2025-08-26,133.22000122070312,134.67999267578125,132.22000122070312,134.39999389648438,139.1025438681964,140.49120592799198,36.966540210033365,0.2910226144577175
2025-08-27,134.05999755859375,136.2899932861328,133.58999633789062,135.72000122070312,138.78039694938752,140.30409986103948,40.633289443375695,1.1326410633579729
2025-08-28,135.91000366210938,137.1699981689453,135.82000732421875,136.38999938964844,138.55274003893618,140.15060572490648,42.46282378799929,1.8672044300519168
2025-08-29,136.44000244140625,137.38999938964844,135.9600067138672,136.22999572753906,138.3315262949936,139.99685631324502,42.12892186807005,1.3616085670838387
2025-09-02,134.35000610351562,135.97999572753906,132.27999877929688,135.83999633789062,138.09423772765047,139.83384219656446,41.27692870835299,0.08841373129106309
2025-09-03,135.05999755859375,135.9199981689453,130.50999450683594,132.6300048828125,137.57383459957066,139.55133877249577,35.00243543045258,-2.7567963367270965
2025-09-04,133.39999389648438,135.3300018310547,132.72999572753906,134.75999450683594,137.30584982883403,139.36344291894048,41.37100672367044,-1.0790584062287851
2025-09-05,134.92999267578125,135.13999938964844,128.97999572753906,131.5500030517578,136.75767394530297,139.0570335123843,35.694768968927896,-3.158122351138624
2025-09-08,132.60000610351562,134.67999267578125,131.14999389648438,134.44000244140625,136.53694332588424,138.87597347038516,43.24479952053198,1.3646968950902205
2025-09-09,132.89999389648438,135.3699951171875,132.5,134.4199981689453,136.33532950141387,138.70122934091694,43.20698435070286,-0.2522976786507498
2025-09-10,134.88999938964844,137.4199981689453,132.74000549316406,133.63999938964844,136.07863139553146,138.50274973498483,41.67666873333521,1.588746704223431
2025-09-11,133.8800048828125,138.47000122070312,133.72999572753906,136.39999389648438,136.10923734800318,138.4202887217103,48.612288984108,1.4578930522798519
2025-09-12,136.5,138.3300018310547,136.27999877929688,138.02999877929688,136.2921670081264,138.40498323377253,52.22558647684184,2.6856127507265293
2025-09-15,138.69000244140625,139.5399932861328,137.97999572753906,138.47999572753906,136.50053164807045,138.40792490019476,53.203858952124875,3.621667434896385
2025-09-16,138.75999450683594,140.24000549316406,138.41000366210938,140.0500030517578,136.8385765436597,138.47232012182468,56.54704523864585,2.675959910997851
2025-09-17,140.83999633789062,143.75,136.3699951171875,138.82000732421875,137.02728423704627,138.48595491407542,53.3324333780434,0.5723455422071397
2025-09-18,140.72000122070312,144.0399932861328,140.0,143.49000549316406,137.64278149953367,138.68219219168674,62.134096474973596,3.6178581168375037
2025-09-19,144.8699951171875,145.3800048828125,143.66000366210938,144.75,138.31965945195904,138.92014543907158,64.10136715349974,3.3559420534287496
2025-09-22,142.10000610351562,144.07000732421875,139.77000427246094,143.9600067138672,138.85683538166458,139.117787057691,61.9289223557961,3.7026358726835373
2025-09-23,143.86000061035156,148.2100067138672,143.3699951171875,144.88999938964844,139.431422430044,139.34414832561092,63.49728827822553,0.9756734566095416
2025-09-24,145.5,146.5,137.1199951171875,137.16000366210938,139.21509683309785,139.2584955937089,46.390580313332066,-5.243520786107513
2025-09-25,135.22999572753906,136.9499969482422,134.77000427246094,136.1300048828125,138.92127855211828,139.13580968347765,44.663907244932695,-5.439011854603122
2025-09-26,136.27000427246094,139.41000366210938,136.1999969482422,137.6300048828125,138.7983001074225,139.07675851482412,47.71593771901457,-5.010694000565109
2025-09-29,138.6999969482422,139.3699951171875,135.91000366210938,138.44000244140625,138.76417652018287,139.05178768841557,49.34079738707189,0.9332157663469619
2025-09-30,137.6999969482422,138.10000610351562,130.16000366210938,133.27000427246094,138.24092202039984,138.82505108386835,40.65595295597486,-2.1009333047578993
2025-10-01,131.39999389648438,133.8000030517578,129.91000366210938,129.9499969482422,137.45131010876577,138.47700974521635,36.244050133068164,-5.580184307273396
2025-10-02,129.47999572753906,130.63999938964844,126.62999725341795,127.2300033569336,136.477852322877,138.03595067116606,33.077089907949976,-8.09736989799405
2025-10-03,125.9000015258789,128.61000061035156,125.18000030517578,125.88999938964844,135.46948537685523,137.5596388562046,31.611624447351044,-5.537633860748298
2025-10-06,127.13999938964844,127.48999786376952,124.26000213623048,126.6999969482422,134.6342960027016,137.13377054608844,33.52872379511596,-2.500961967159129
2025-10-07,126.58000183105467,127.66000366210938,125.08000183105467,126.0500030517578,133.8167442930879,136.69911299729117,32.73568574294978,-0.927454432163614
2025-10-08,125.0,126.0999984741211,123.79000091552734,124.8000030517578,132.95800703200885,136.23248123472123,31.20701266105794,-0.8658323482208757
2025-10-09,125.33999633789062,125.80999755859376,122.6500015258789,123.54000091552734,132.06105406853442,135.73473690847834,29.70139079565521,-2.4940774339605847
2025-10-10,123.0,123.4000015258789,118.13999938964844,118.22000122070312,130.74285855921715,135.0478845285656,24.357864654892875,-6.211822008318057
2025-10-13,120.5,122.62999725341795,119.0,122.44000244140624,129.95211035752087,134.55345778004954,34.434432421742855,-1.8910260838477777
2025-10-14,120.97000122070312,128.6699981689453,120.56999969482422,127.63999938964844,129.7319093129616,134.2823417647397,44.28374581176251,3.3187618939104104
2025-10-15,129.9499969482422,129.97999572753906,126.12000274658205,127.6999969482422,129.538393849655,134.0242105954653,44.38755058594609,8.018944027788509
2025-10-16,127.80999755859376,127.97000122070312,119.55999755859376,120.83999633789062,128.70997503901077,133.50718258536432,36.1047839306765,-1.306767454763238
