Date,Open,High,Low,Close,EMA20,EMA50,RSI14,ROC3
2010-01-04,14.740501965771015,14.90873333495938,14.676689914497496,14.868124961853027,,,,
2010-01-05,14.7985157150509,14.82171939775604,14.5084624892125,14.636085510253906,,,0.0,
2010-01-06,14.601276574045649,14.670889821461357,14.543265718943395,14.630281448364258,,,0.0,
2010-01-07,14.607082536636335,14.740506772383624,14.560674058704,14.641888618469238,,,0.4118874218857851,-1.5216198677657133
2010-01-08,14.676686996147607,14.69989177616571,14.34022543113879,14.398236274719238,,,0.3768024468648889,-1.6250877693221524
2010-01-11,14.467848218985646,14.566466312344469,14.421439769550007,14.549062728881836,,,5.7299357256003445,-0.5551411964908067
2010-01-12,14.50846349050135,14.618684033736985,14.334430879108456,14.392441749572754,,,5.40513906964333,-1.703652277356029
2010-01-13,14.380837036290966,14.549067303466629,14.32862737595178,14.49685764312744,,,9.10432675874655,0.6849545078056752
2010-01-14,14.514263317032402,14.566472984871492,14.433047663468694,14.531665802001951,,,10.362749269409838,-0.11957421040840907
2010-01-15,14.531669621093526,14.60708409733211,14.44465385398136,14.543272018432615,,,10.8061663255468,1.0479824861152485
2010-01-19,14.566472383302674,15.08276673676142,14.543267595681296,14.87972927093506,,,22.738155511106,2.6410663416366624
2010-01-20,14.763706364926191,15.013151154419218,14.61287858815006,14.769506454467772,,,21.713373222520094,1.63670604393513
2010-01-21,14.74630143468895,14.87392441582243,14.438844713115005,14.473651885986328,,,19.210664919185973,-0.47871024043316024
2010-01-22,14.491059364290894,14.53166664018235,14.212608524064963,14.27061939239502,,,17.702689887644777,-4.093554845314491
2010-01-25,14.351838233812458,14.392445521841063,14.096591000748292,14.113994598388672,,,16.618926750170974,-4.438278679791685
2010-01-26,14.079181837141013,14.13719269531738,13.632499667587584,14.09658432006836,,,16.498018265576327,-2.6051999100728196
2010-01-27,14.084983033605155,14.160396374708874,13.968961317252418,14.09658432006836,,,16.498018265576327,-1.2195341179052501
2010-01-28,14.288021743026242,14.398242281162766,13.980566024780272,13.980566024780272,,,15.619767566509305,-0.9453636437102868
2010-01-29,14.003771195994748,14.282223169635476,13.899351844187647,14.13139533996582,,,21.472422092916926,0.24694648793681764
2010-02-01,14.369228430066348,14.369228430066348,14.055970603491486,14.142986297607422,14.432176733016968,,21.920616866772935,0.3291717800957153
2010-02-02,14.137192716562067,14.38663752610466,14.003767410616389,14.375036239624023,14.426734781265258,,30.475766750027898,2.8215611166569454
2010-02-03,14.311228400911949,14.340233285355884,14.108190890408135,14.212610244750977,14.406341968263899,,28.15068132266015,0.5747125661078044
2010-02-04,14.102384758917552,14.218406469037316,13.86454124899056,13.91675090789795,14.359714248229047,,24.486144363659275,-1.5996295615993423
2010-02-05,13.887747929145467,13.968962473435296,13.626699598977906,13.905150413513184,14.316422454446583,,24.35228590137854,-3.2687627236418684
2010-02-08,13.870349092819396,14.096590318872597,13.783333321757825,13.899353981018066,14.276701647453391,,24.280859552530355,-2.204072709646016
2010-02-09,13.98056637978437,14.160399078651777,13.864544641277162,14.067582130432127,14.256785502975175,,30.639355583999635,1.0838106073205571
2010-02-10,14.07917895700675,14.07917895700675,13.783324636647851,13.876141548156738,14.220533697754371,,27.780400966586136,-0.20861957255963348
2010-02-11,13.835539031327826,13.910952382860668,13.673108827264082,13.858742713928224,14.186077413580453,,27.52898740588744,-0.29218096859252285
2010-02-12,13.783326526476491,13.922551912828984,13.661503621877433,13.870342254638672,14.15600739844314,,27.996837891984224,-1.4020879634089363
2010-02-16,13.939955303829734,14.08498188420325,13.841337184917144,14.044373512268066,14.1453755997598,,34.79788222711413,1.2123828769509455
2010-02-17,14.113989251243389,14.293821932867807,14.090785569645975,14.218408584594728,14.152331122125032,,40.81803635537685,2.595227273431051
2010-02-18,14.218408372030437,14.433047126074737,14.1661987061353,14.40984344482422,14.17685610523924,,46.65283876222517,3.8896025799588525
2010-02-19,14.375033775780716,14.50845795239275,14.30542053650297,14.473651885986328,14.205122370072296,,48.476255728251694,3.05658613638606
2010-02-22,14.473657060173853,14.491059546365824,14.177802623792012,14.317028045654297,14.215780053461058,,44.45926039105716,0.6936040730072993
2010-02-23,14.270619990180792,14.38664062523564,14.13719576195832,14.17780303955078,14.212163194993412,,41.191683177846905,-1.6102909525834312
2010-02-24,14.235808918898735,14.351829513274012,14.142990894347594,14.334425926208496,14.223807264632944,,45.999867544398434,-0.9619269613125995
2010-02-25,14.224212635736286,14.241615123809902,14.038578719848278,14.201007843017578,14.221635891145766,,42.790400846955784,-0.810365127921467
2010-02-26,14.201004993547771,14.2822206453017,14.183602508966011,14.218408584594728,14.221328528617097,,43.345598589460245,0.28640223686754956
2010-03-01,14.264817815113997,14.28802149794905,14.096586412082532,14.148796081542969,14.214420676514798,,41.60603890653032,-1.2949932255475198
2010-03-02,14.264816642004494,14.375037169186134,14.183602099062846,14.340229988098145,14.226402515713213,,47.809091725380746,0.9803680599262526
2010-03-03,14.351838233812458,14.375043030666298,14.067586111146609,14.113994598388672,14.215696999777542,,42.11527426702824,-0.7343577558967201
2010-03-04,14.142989363675309,14.206801402877652,14.119785689897524,14.195199012756348,14.213744810537428,,44.66277435932589,0.3279638136414397
2010-03-05,14.462061558725992,14.694104039104571,14.369244566574562,14.665099143981934,14.256730937532142,,56.5730146123474,2.265438951491143
2010-03-08,14.63608378974445,14.705697042607158,14.589675323324352,14.68249225616455,14.297279634544752,,56.94242501587428,4.0279004913377365
2010-03-09,14.589674019843388,14.659287266486658,14.50845948748042,14.618680000305176,14.327889193188602,,55.090853779025935,2.9832691121010133
2010-03-10,14.554869989491984,14.891331664745747,14.54906879258664,14.87972927093506,14.380445391069216,,60.71814651617961,1.463543647716857
2010-03-11,14.85072605711001,15.088569624557042,14.775311595354436,15.059563636779783,14.445123319232128,,64.05922751017306,2.5681701310410463
2010-03-12,15.013154033593771,15.065363701200614,14.95514427533303,15.01895523071289,14.49977397746839,,62.76111123272401,2.7381078893536133
2010-03-15,14.937743545260462,15.053765296936035,14.891335065883318,15.053765296936035,14.552535055512928,,63.44494869053471,1.1696182291496635
2010-03-16,15.018953520237703,15.09436796773223,14.9319377862914,15.076964378356934,14.602480705307595,14.37747329711914,63.92046749701177,0.1155461207033423
2010-03-17,15.065361027726272,15.12337188215772,14.955141621418043,15.071162223815918,14.647117040403627,14.404676784440582,63.69729305238269,0.3476073555121003
2010-03-18,15.030557995699942,15.1523809252759,14.995751918591914,15.123374938964844,14.692474935504695,14.432861025794475,64.88542217339716,0.46240685074966975
2010-03-19,15.088571548461914,15.22779698814914,15.00155578696558,15.088571548461914,14.730198422453002,14.458575163938297,63.39600458251854,0.07698612143464785
2010-03-22,15.042159415293536,15.430830754948731,15.024755824634884,15.361217498779297,14.790295477341221,14.493972902559513,69.33455898442948,1.9245713811309426
2010-03-23,15.37862827107268,15.552659833069168,15.274208891288511,15.541058540344238,14.861796721436747,14.535035084433424,72.5034342397628,2.7618412098165166
2010-03-24,15.48884200666338,15.535250476454442,15.448233627439151,15.483040809631348,14.920962825074328,14.572211779539225,69.99066470146253,2.614357892677022
2010-03-25,15.58745841745119,15.622264489324497,15.488840291755926,15.535248756408691,14.979466247106172,14.609977935494891,70.96579918784127,1.1329261996532776
2010-03-26,15.55265296108534,15.581658946245502,15.46563721853525,15.483040809631348,15.027425729251426,14.644215695264949,68.56639111927986,-0.37331904105681024
2010-03-29,15.535252146447858,15.703482452600266,15.488843671668024,15.662875175476074,15.087944724129965,14.684163125861463,72.0695060837801,1.1614925521145638
2010-03-30,15.709839820861816,15.809640790415983,15.568944532032912,15.709839820861816,15.147172828580617,14.724385741351673,72.91833193726765,1.1238382287319453
2010-03-31,15.645264831426552,15.739195038615364,15.433922425119924,15.6746187210083,15.197405770716587,14.76164977976958,71.17145474147824,1.237340350209376
2010-04-01,15.715707932923266,15.856603197860316,15.715707932923266,15.82137966156006,15.256831855558822,14.8032078143496,73.96976576015533,1.0119756705471439
2010-04-05,15.815506811122445,15.821377586358455,15.592421831097573,15.715705871582031,15.300534142799128,14.838992051888127,68.79188610333544,0.037339977918966726
2010-04-06,15.686358283866824,15.715712171814486,15.45740355655674,15.486756324768066,15.318269588700932,14.864394572393223,59.13380741321955,-1.1985133392013363
2010-04-07,15.46326779455204,15.668740444343578,15.422173488540905,15.58655071258545,15.34382017192803,14.892714421028213,61.660492220866445,-1.4842507669868783
2010-04-08,15.580683355891734,15.580683355891734,15.35759834786748,15.363469123840332,15.345691500681582,14.911175389765944,53.67180549866476,-2.2413040217215587
2010-04-09,15.381088624803564,15.475018844701948,15.322381957432938,15.410441398620604,15.351858157628156,14.930754448936716,54.99401780403879,-0.4927754046559884
2010-04-12,15.410434894336229,15.498494298356649,15.35172825174392,15.433917999267578,15.359673380641434,14.950486352871259,55.674918325718174,-0.979259081322123
2010-04-13,15.40455842013454,15.439781944766716,15.246050879686251,15.25192165374756,15.349411311413446,14.962307345062486,49.431411726228966,-0.726056525343468
2010-04-14,15.210830221559409,15.240182977661854,15.02296989513767,15.087547302246094,15.324471881968936,14.967218715932432,44.56994666130001,-2.0952942749804193
2010-04-15,15.052325203964662,15.052325203964662,14.8527232933571,14.876206398010254,15.281779931115729,14.963649605425681,39.228054488157326,-3.6135451884854555
2010-04-16,14.835113955849764,15.005362007115345,14.79401963725932,14.958396911621094,15.250981548306715,14.963443617433345,42.13280126800475,-1.9245098997367618
2010-04-19,14.805757421403149,15.1579961344346,14.658991384284707,15.152125358581545,15.241566673094795,14.970842901399942,48.39405444333778,0.42802222947024143
2010-04-20,15.18148060184414,15.204962587630137,14.876206948473492,14.92904281616211,15.211802496244063,14.969203682371008,42.668784725511074,0.3551740056451659
2010-04-21,14.917301094975782,14.929042647604264,14.658992535829684,14.735311508178713,15.1664224021426,14.960031440245821,38.418101416693794,-1.4913724028078654
2010-04-22,14.682473344276,14.705955326123537,14.25391681800132,14.34784698486328,15.08846283859219,14.936024206701408,31.631078792029193,-5.3080234929732475
2010-04-23,14.36546297468296,14.582677257713536,14.15999136609006,14.523970603942873,15.034701673387493,14.919865241887347,37.07298289109705,-2.713316702265113
2010-04-26,14.559193595323377,14.582676703834222,14.371333206181587,14.383074760437012,14.97264196739221,14.898814634771648,34.69389503149917,-2.3904262054195113
2010-04-27,14.35371544674563,14.424162500669576,14.16585402356506,14.21281909942627,14.900277884728787,14.87191284907183,32.01989779263947,-0.9411020732201977
2010-04-28,14.265661407562332,14.43591058446299,14.130636893304994,14.289144515991213,14.84207470675378,14.849059188951022,34.458692808159434,-1.6168174279278085
2010-04-29,14.84098013822178,15.22257156094494,14.676601795012733,14.893815994262695,14.847002448421295,14.850814357786774,49.818130221741484,3.5509878265429067
2010-04-30,14.9231751895117,15.017105391953075,14.78227988584964,14.858597755432127,14.848106763374707,14.851119589066984,49.09645273310553,4.54363523160529
2010-05-03,14.858592827062076,14.911428688377535,14.735309897149977,14.752921104431152,14.83904146252294,14.847268668100874,46.900952495593614,3.2456567845676116
2010-05-04,14.73530687684246,15.087545506834914,14.688341800825848,14.835107803344728,14.838666828315493,14.84679177144377,48.81789333441575,-0.3941783015218006
2010-05-05,14.735314202385084,14.89382183264284,14.629642448879917,14.711831092834473,14.826587234460158,14.841499195812034,46.12790794627188,-0.9877558098912687
2010-05-06,14.641380915743914,14.694216781353257,13.385062813154745,14.253918647766112,14.772047369060726,14.818456821378861,37.796654591488085,-3.3823976494740533
2010-05-07,14.253920973084131,14.653123738748926,14.130636893304994,14.289144515991213,14.726056621149343,14.797699476069543,38.71366481595236,-3.6802111220952676
2010-05-10,14.289139488165125,14.529835666187749,14.048443310142495,14.17172622680664,14.673263250259563,14.773151505510214,36.76791003843203,-3.671228024707916
2010-05-11,14.107152207701686,14.50635489704959,14.101281431716805,14.306754112243652,14.638357618067571,14.754861411656623,40.473092040820084,0.370673256829772
2010-05-12,14.35958741591909,14.383070517502537,14.20108095917448,14.34784698486328,14.610689938714781,14.738900061586296,41.594727632015356,0.41081863792735723
2010-05-13,14.324369810588452,14.34785292188902,14.071931962789222,14.089544296264648,14.561057020386198,14.713435129612899,36.889426056619385,-0.5799006361450895
2010-05-14,14.089541600804717,14.089541600804717,13.725561283433349,13.831233024597168,14.491549973168194,14.67883896863189,32.8833075889011,-3.323752431304706
2010-05-17,13.942775347897966,14.089541404191628,13.713820658395418,13.913422584533691,14.43649022186967,14.648822639843726,35.29123281497268,-3.0278020164830166
2010-05-18,14.030831039109664,14.042572589237947,13.796005635223247,13.825358390808104,14.378287190339996,14.61652992419527,33.888322483725304,-1.8750493266598014
2010-05-19,13.772526391458715,14.001482204127536,13.684466980310471,13.919292449951172,14.334573405541061,14.589187278146483,36.77539452933269,0.6366708246285846
2010-05-20,13.737300774499005,13.919290345995076,13.531828099720345,13.55531120300293,14.260357957680286,14.548643118336932,31.106800107488144,-2.5738554216619725
2010-05-21,13.443767975199956,13.53182736827775,13.208942553747193,13.478991508483888,14.185942105375867,14.50669599638191,30.06049936485467,-2.505301291534691
2010-05-24,13.461385188061126,13.608151269710747,13.349842652481238,13.49660873413086,14.120291308114437,14.467084731195596,30.640452662542636,-3.0366753004158284
2010-05-25,13.267649372598896,13.437897385606512,13.05630593049956,13.420286178588867,14.053624152921525,14.426033807563961,29.49920253068931,-0.9961042014597953
2010-05-26,13.520086338313996,13.543568319551484,13.29113058276717,13.338095664978027,13.985478582641193,14.383369566678239,28.277730063093063,-1.0452995939435017
2010-05-27,13.543573098332327,13.707951503938352,13.508349554179707,13.702080726623535,13.958488310639511,14.356652357264329,40.105591680232926,1.5223971928079127
2010-05-28,13.7255668050868,13.766662258533133,13.567060249311684,13.625765800476074,13.926800452528708,14.327990139351064,38.66583144810888,1.5311120728188008
2010-06-01,13.567054198656724,13.778396552014309,13.443770132773365,13.5142183303833,13.887506917086288,14.296077519391543,36.59771884060975,1.3204483595639556
2010-06-02,13.537699274751978,13.643371003167768,13.420287114084678,13.50247573852539,13.850837281032868,14.264955880926205,36.377139770206846,-1.4567494680593023
2010-06-03,13.60814677474456,13.60814677474456,13.34396746714292,13.432026863098145,13.810950574562895,14.232291997874125,35.013678495861335,-1.421857238814134
2010-06-04,13.33223069615864,13.41442046562466,13.097405182833665,13.173724174499512,13.75026234598543,14.190779534212375,30.49979157356703,-2.5195253440465297
2010-06-07,14.00148109906049,14.300883969123063,13.813620738174814,14.007351875305176,13.7747470630635,14.183586292686602,52.00476644049103,3.7391375223083556
2010-06-08,14.048449966201948,14.295017036087872,13.936907427036882,14.265663146972656,13.821500975816754,14.186804992854682,56.49667763026885,6.206332762516755
2010-06-09,14.289139488165125,14.324363018678328,14.142373471334944,14.17172622680664,13.854855761625315,14.186213668695936,54.49911615353813,7.575701746048167
2010-06-10,14.289146416353567,14.488748385599832,14.236310535098005,14.465265274047852,13.912990000903651,14.197156868905816,59.337353128477794,3.269093279151305
2010-06-11,14.993624836030442,15.122778596812656,14.647256761480946,14.7235746383667,13.990188537804894,14.217800703002322,63.0597765737767,3.20988577030306
2010-06-14,14.723568253674635,14.97013523169194,14.711826702403346,14.84685230255127,14.071775563018834,14.242469393180713,64.71971195478754,4.763894425702275
2010-06-15,14.905555381922262,15.069933713631576,14.811625226584306,15.0464506149292,14.164601758438868,14.2739980685434,67.28313616623355,4.01779939648983
2010-06-16,14.852725763623836,15.193222999572754,14.852725763623836,15.193222999572754,14.262565686165905,14.310046105054354,69.06320132378318,3.189771320765032
2010-06-17,15.099290659174583,15.21083316950602,15.0581963447725,15.181480407714844,14.35008137393247,14.344219999276335,68.74095786400818,2.253865656803712
2010-06-18,15.14625333230702,15.187348759885728,14.946651448725492,15.134512901306152,14.42478913844425,14.37521187778731,67.38661303114486,0.5852695006327743
2010-06-21,15.199092825259902,15.234317485893069,14.85272483385368,14.934914588928224,14.47337251468082,14.397161003714405,61.812991409524074,-1.7001554617594523
2010-06-22,14.917302258611638,15.13451652023812,14.899689928295055,14.934914588928224,14.517328902704381,14.418249379605143,61.81299140952406,-1.624122365967161
2010-06-23,14.929043585622018,14.964267125984524,14.758794421020283,14.817501068115234,14.545916727981606,14.433906308566323,58.51131630473878,-2.0946285834118847
2010-06-24,14.747055559230116,14.964268720976447,14.68247812856896,14.882080078125,14.57793228513812,14.451481750509801,59.78369018918173,-0.3537650683479135
2010-06-25,14.94078434544095,15.163868248869743,14.81162950474461,15.011231422424316,14.619198869641567,14.47343271803586,62.275424235088245,0.510996116125554
2010-06-28,15.052325737287296,15.075808842772483,14.85272381960759,15.011231422424316,14.656535303239924,14.494522863305997,62.275424235088245,1.3074428233108557
2010-06-29,14.911428595071447,15.03471264394808,14.758791787752548,14.84685230255127,14.674660731745766,14.508339704060715,57.05715296080393,-0.2367127134701511
2010-06-30,14.852798647161864,14.995499541521603,14.704151740443066,14.829015731811523,14.689361207942504,14.520915234560746,56.503882301781495,-1.2138623773436243
2010-07-01,14.76955563921246,14.829014624276343,14.40091083908503,14.721988677978516,14.692468586041171,14.528800467635953,53.17208822300215,-1.9268422177125295
2010-07-02,14.78739917796012,14.888479149959018,14.567401191579146,14.680373191833496,14.691316643735679,14.534744496035858,51.89083028735618,-1.1213091322338125
2010-07-06,14.823070078376062,15.102525861503183,14.721990133996307,15.007391929626465,14.721419051915753,14.55327968951,60.03949063594683,1.2028862942823977
2010-07-07,15.00739654586221,15.387932390420913,14.94199152229633,15.340365409851074,14.780366324100068,14.584145796190041,66.298787762212,4.200361414470726
2010-07-08,15.429548769914502,15.429548769914502,15.096578895294964,15.209550857543944,14.821241041570914,14.608671484870587,62.17815882948474,3.6046608542950542
2010-07-09,15.203607044655634,15.251174014469695,15.037123217349423,15.221445083618164,14.859355712242081,14.632701822076376,62.406945305811625,1.426318143721772
2010-07-12,15.221440275021855,15.221440275021855,14.930092535189466,15.019280433654783,14.87458663809091,14.64786176762847,56.18583070154624,-2.093072541740764
2010-07-13,15.078745111952538,15.221446030269572,14.983611166407847,15.049015045166016,14.89119886733616,14.663593268708373,56.86689441041758,-1.0554934454116511
2010-07-14,14.99550212069539,15.019286174222405,14.80523422882366,14.918206214904783,14.893770995676029,14.67357809012784,52.966287654859244,-1.9921818660945447
2010-07-15,14.924146804240827,15.179819616303789,14.882525859781405,15.161981582641602,14.919314861101322,14.692731168265635,58.65752354355977,0.9501197451980286
2010-07-16,15.126310617931402,15.144147522187588,14.924150719730791,14.965771675109863,14.923739319578326,14.703438639122272,53.08925984011334,-0.5531482944652344
2010-07-19,15.025227924297395,15.025227924297395,14.733880155776005,14.76955509185791,14.909055107414478,14.706031441190337,48.165142641405495,-0.9964409990415326
2010-07-20,14.656584232896227,14.918203096577138,14.543612270429447,14.876582145690918,14.905962444393186,14.71271970411193,50.843363654223815,-1.8823359954310126
2010-07-21,14.817126292885046,14.930098279250544,14.620912387137649,14.716046333312988,14.887875195718882,14.71285016015903,46.92677254094028,-1.6686432695762865
2010-07-22,14.840909339728798,14.995502287111735,14.71604645958456,14.82307243347168,14.881703504076292,14.717172602249724,49.70823553729507,0.3623490435624044
2010-07-23,14.8290195549931,14.834965568885147,14.42469968302346,14.656588554382324,14.860263985057818,14.714796757235316,45.69636753168352,-1.4787912247190198
2010-07-26,14.609017483940775,14.882528375907247,14.609017483940775,14.84685230255127,14.858986681961957,14.719975406071237,50.6030398645543,0.8888662503200561
2010-07-27,14.918199683162898,15.072792561143698,14.769552815960466,15.054954528808594,14.877650286423542,14.733111842257015,55.354639805603206,1.564332201556985
2010-07-28,15.01333964244048,15.07874465329528,14.876584741640484,14.936043739318848,14.883211567651665,14.741069955867284,52.26115580118472,1.9066864291074492
2010-07-29,15.084694898473316,15.16199082328027,14.775508931072752,14.912263870239258,14.885978453612388,14.747783442705401,51.63964317147438,0.4405753243517349
2010-07-30,14.852799308416984,14.94198722960178,14.733882458199236,14.817124366760254,14.879420921531233,14.750502694629121,49.12261249493628,-1.5797467975956818
2010-08-02,15.060899262395306,15.227384147814623,15.03711635538426,15.179817199707031,14.90803009088131,14.767338557573353,57.606051153365776,1.632115335511871
2010-08-03,15.251182032226168,15.370100086321193,15.209561053518891,15.269020080566406,14.942410089898939,14.787012342788767,59.39916030420368,2.392367875404451
2010-08-04,15.280898943780633,15.536570611800954,15.227385978963776,15.477112770080566,14.993334154678141,14.814075104643347,63.29897259570853,4.454227331727648
2010-08-05,15.358201720315078,15.685224533081051,15.340363679331317,15.685224533081056,15.0592284764308,14.848237827327178,66.73976513701363,3.329469167677326
2010-08-06,15.63171520552136,15.726849171309691,15.489013122752535,15.679282188415527,15.118281210905536,14.88082780227182,66.547915661311,2.686892188787418
2010-08-09,15.67927507661645,15.78035501117955,15.637652993137444,15.762516975402832,15.179636998000516,14.91540384827696,67.93817524178071,1.844040355343227
2010-08-10,15.649546615051896,15.923057521128882,15.63765458998639,15.851706504821776,15.24364361769778,14.952121599514012,69.40544684165758,1.0613936153071886
2010-08-11,15.649554973982353,15.75658098856608,15.548474975107334,15.60793399810791,15.278337939641602,14.977839732792205,61.16616997518683,-0.45504755543166414
2010-08-12,15.465223031836707,15.691165812361584,15.459277019969498,15.65549087524414,15.314257266841844,15.004414287398165,62.111144960814556,-0.6789911809497431
2010-08-13,15.601981558580256,15.732790448054224,15.518739641104649,15.649548530578612,15.346189768150108,15.029713669483673,61.908428479320314,-1.2753073253133447
2010-08-16,15.601978890478234,15.661437878829588,15.4830620478614,15.625762939453123,15.372815784464681,15.053088150658946,61.049528420332,0.11422998935909391
2010-08-17,15.697106700480866,15.92899655126677,15.613864829682836,15.810078620910645,15.4144598641262,15.08277405145313,65.09119810642652,0.9874346764236683
2010-08-18,15.774409843288574,15.798192758177589,15.596032878234512,15.625762939453123,15.43458396653829,15.104067733335484,58.54861285369798,-0.15198899239177513
2010-08-19,15.578196194010973,15.631709170868907,15.346306249597951,15.494953155517578,15.440333413107746,15.119396573421056,54.37163526386826,-0.8371417411259103
2010-08-20,15.643599696523015,15.780355708684274,15.50684481844762,15.72089672088623,15.46705372813427,15.142984814498123,59.7173741346861,-0.5640825840452226
2010-08-23,15.744678497314451,15.911163424296008,15.685219513814914,15.744678497314451,15.493494182341905,15.166580645196802,60.245320843158936,0.7610224110150873
2010-08-24,15.613864583420233,15.679269557493075,15.429542814952256,15.471163749694824,15.491367474470755,15.178525080667313,51.831600500179476,-0.153530027383676
2010-08-25,15.399828042327432,15.548475033342342,15.304694058804811,15.506854057312012,15.492842387122304,15.191400726810244,52.758730297713015,-1.3615168865644234
2010-08-26,15.52468725779939,15.566308220835928,15.310635294655846,15.370094299316406,15.481152093045552,15.198408317888918,48.87658411068042,-2.3791162078154686
2010-08-27,15.441443900400197,15.619820910948212,15.257122010178128,15.530632972717283,15.485864557776193,15.211436735725325,53.2274402001572,0.38438752239069424
2010-08-30,15.483066294762851,15.566308220835928,15.364148285441733,15.370094299316406,15.474838818875261,15.217658600964192,48.7586382694331,-0.8819310318530957
2010-08-31,15.524692104504958,15.661447064057905,15.44144901835776,15.506854057312012,15.47788788920257,15.228999599252342,52.42313770555619,0.889778262464453
2010-09-01,15.601985886893438,15.786307812761024,15.524689961234897,15.703065872192385,15.499333411392076,15.247590433485286,57.15709584757118,1.1102760575052844
2010-09-02,15.667379795396943,15.7506216768767,15.613866833278363,15.714946746826172,15.519868014766752,15.265918132047673,57.43328504859457,2.2436586321080876
2010-09-03,15.732785274666783,15.827920321466458,15.685218318309795,15.804136276245115,15.546941182526597,15.28702472593777,59.54183602168042,1.917102062316276
2010-09-07,15.726843682769085,15.911165535396355,15.679276716475403,15.821977615356444,15.573135128510392,15.308003270620855,59.96901366833672,0.7572517630116588
2010-09-08,15.857655916389316,16.03603179426245,15.839817874967531,15.90522289276123,15.60476253462952,15.331423647959694,61.98582273222841,1.2107972683616457
2010-09-09,16.00035877545197,16.047925757561366,15.875495872697176,15.97657585144043,15.64017332670675,15.356723734370703,63.675133628796495,1.0911040766872202
2010-09-10,15.994409253093576,16.11332724932957,15.887383283298394,16.08359718322754,15.68240417018492,15.385228575502344,66.107926715821,1.6535200227888938
2010-09-13,16.13710814289833,16.172784217743374,16.012245283198435,16.14900016784668,15.726841884247944,15.415180402653103,67.53872566484971,1.5326869464771657
2010-09-14,16.143052754320742,16.172782814111347,15.923055982299372,16.030080795288086,15.755721780537481,15.43929414354075,62.3819400393382,0.3348961901797769
2010-09-15,16.00630526958496,16.10143923665432,15.934954227239771,16.059818267822266,15.78468335075508,15.463628422924339,63.139853124575154,-0.14784575325021698
2010-09-16,16.0598124381277,16.143054345575077,15.964678505591856,16.024137496948242,15.80748850753538,15.485609170925278,61.53778949624814,-0.7731913406443836
2010-09-17,16.065759854756937,16.315486733010164,16.053867828629155,16.238189697265625,15.84850766846207,15.515122132742547,66.9547469715247,1.2982398818520677
2010-09-20,16.3035898223312,16.571154659613747,16.297643811048736,16.535478591918945,15.913933470696058,15.555136111533779,72.7045735154521,2.96180390191414
2010-09-21,16.571157050928857,16.64845294058379,16.476021990766537,16.523590087890625,15.97199600566697,15.593114698841891,72.16382119718963,3.1168765934360105
2010-09-22,16.446297475408468,16.588998402798694,16.392784485876362,16.541431427001953,16.026227950556017,15.630303590142287,72.49445092510653,1.867460199626757
2010-09-23,16.422512160146884,16.648454978717353,16.374945191285416,16.458187103271484,16.067366917481298,15.662769610265,68.41150798371605,-0.46742819216151427
2010-09-24,16.499811785715394,16.606837773346808,16.39278579808398,16.422515869140625,16.101190627163138,15.6925635812013,66.67849224951694,-0.6116964788667363
2010-09-27,16.440352486859528,16.511703522047025,16.404677536308895,16.41062355041504,16.130660429377606,15.72072279568027,66.0775121190292,-0.7907893410807574
2010-09-28,16.458181817859106,16.64250362124308,16.410614864273384,16.606828689575195,16.17600978749166,15.755472046421248,70.76003318535477,0.9031467765618282
2010-09-29,16.58277373403334,16.666980416192956,16.366240954502892,16.462478637695312,16.203292535130103,15.783197795098664,63.784195378222485,0.24334133011727585
2010-09-30,16.50458120546866,16.55871439781491,16.257974950215708,16.306093215942383,16.213083076159844,15.80370349787685,57.20454405349163,-0.6369674750720401
2010-10-01,16.306087126863105,16.432397097017258,16.209850631346743,16.40833854675293,16.231678835263946,15.827414676264148,60.10234824130106,-1.195232073098136
2010-10-04,16.20985406970344,16.324134215351226,16.053469444510412,16.07752799987793,16.21699780332242,15.837223041896062,48.62906225543299,-2.338351631545531
2010-10-05,16.173768901043577,16.3602282050384,16.173768901043577,16.324138641357422,16.227201692659087,15.856317771286704,55.45568375864417,0.11066676227139523
2010-10-06,16.300086217967916,16.408352655323096,16.294071288422572,16.354219436645508,16.239298620657795,15.87584332679097,56.2199190270658,-0.3298268740202925
2010-10-07,16.444439354320576,16.480527780563243,16.37226135460486,16.420379638671875,16.256544431897233,15.897197691962772,57.929556624458534,2.132489763330211
2010-10-08,16.42037880994164,16.468497091580144,16.30008367946054,16.336172103881836,16.26412801970529,15.914412374783128,54.986347083374135,0.07371575792628424
2010-10-11,16.324136769576945,16.576757950227012,16.324136769576945,16.456462860107422,16.282445623553112,15.935669256560551,58.249578180378606,0.6251806994396407
2010-10-12,16.408347648804245,16.528642761315137,16.300081244483334,16.378273010253906,16.291572041334142,15.95302626650931,55.43637435533431,-0.25642907986611235
2010-10-13,16.40835050900521,16.492557217164237,16.378275865212448,16.444438934326172,16.306130793047668,15.972297351521737,57.315050301705334,0.6627429593411871
2010-10-14,16.486539948017292,16.630894776039234,16.450451527819357,16.546688079833984,16.329041010836843,15.994822478122218,60.113438404910426,0.5482661765991039
2010-10-15,16.61284491127803,16.67299187331499,16.348193918842306,16.3602237701416,16.332010797437295,16.00915194055435,53.25655233193726,-0.1102023400208596
2010-10-18,16.41436268561962,16.43842124938965,16.209859731038613,16.43842124938965,16.342145126194662,16.02598603109691,55.54658768474457,-0.03659404228113921
2010-10-19,16.257967553877062,16.32412942213309,16.01136141081418,16.143686294555664,16.323244285086187,16.030601727703136,46.33288200033274,-2.4355434956767716
2010-10-20,16.131667555594476,16.3181257354564,16.119637699543972,16.173770904541016,16.309008725034264,16.03621620522619,47.29390811538863,-1.1396718542497792
2010-10-21,16.239930170356974,16.342181628429902,16.18579697801072,16.306093215942383,16.308731057501703,16.04679961741114,51.41491428896638,-0.8049923495675043
2010-10-22,16.30007964335228,16.330153131718394,16.19782817678544,16.215871810913086,16.299887319731358,16.053429899509254,48.62334462374292,0.4471439486641034
2010-10-25,16.24595046921343,16.378275456911737,16.233920611996222,16.336172103881836,16.303343013459976,16.064517829092495,52.339229063798165,1.0041022609960666
2010-10-26,16.24594901305627,16.28805236231236,16.053475903754002,16.15572738647461,16.289284382318513,16.06809467448003,46.86404963290733,-0.9221450379098872
2010-10-27,16.07152417890994,16.23392384196296,16.05949546652978,16.161746978759766,16.277137962931967,16.07176731386355,47.06299689828851,-0.33377688714149156
2010-10-28,16.221889287547622,16.25797885593503,16.07753445568866,16.233919143676758,16.27302188490766,16.078126209150344,49.504136755686815,-0.6259297438521755
2010-10-29,16.221884296350282,16.25195892741967,16.06549965647907,16.179780960083008,16.264141796829122,16.082112669971234,47.7262296398232,0.14888573589410659
2010-11-01,16.27602280680478,16.432407497808978,16.191816106737228,16.28203773498535,16.26584617189162,16.08995286859924,51.28502606038789,0.7442930296067345
2010-11-02,16.306092116114698,16.384283862435367,16.113619066190093,16.179780960083008,16.257649485052706,16.093475538853507,47.78181243037334,-0.33348806972983636
2010-11-03,16.173762254936264,16.20985180378736,15.903097521930688,16.029407501220703,16.235912153259182,16.090963066789477,43.11744415944047,-0.9293911903584461
2010-11-04,16.137680053710938,16.173768469198265,15.975280463172894,16.137680053710938,16.226556715206968,16.09279510549228,47.1201381947411,-0.8866069691278967
2010-11-05,16.167752686454552,16.179782540057037,15.951221057759748,16.0534725189209,16.210072506036866,16.091253043273795,44.49756966550079,-0.7806560637237537
2010-11-08,15.9632527927419,16.01738484587295,15.81288304667868,15.921148300170898,16.182555915002013,16.084582269034467,40.66722465979621,-0.6753786815985576
2010-11-09,15.93317698199618,15.93317698199618,15.740703904764294,15.788822174072266,16.145057463484893,16.07298383393791,37.21709791230318,-2.1617597974279477
2010-11-10,15.752736183446464,15.885061157602385,15.710632834725498,15.824913024902344,16.114567516953223,16.063255566916908,38.74353411471258,-1.4237386568492925
2010-11-11,15.776794018388896,15.824912292877045,15.722660816185964,15.800853729248049,16.084690013362252,16.05296529877303,38.07888569893327,-0.7555646656564247
2010-11-12,15.758751450500784,15.848973077876924,15.63845518251244,15.650485038757324,16.043337158637975,16.03718175916457,34.13721759918095,-0.8761713431804482
2010-11-15,15.620399608447824,16.04143510834905,15.596341059806596,15.830917358398438,16.023106701472305,16.029092959134527,41.90782640826144,0.0379422843376468
2010-11-16,15.728681389104684,15.782814610736647,15.548238081818509,15.662519454956056,15.988765058946948,16.014717527598116,37.46510612473883,-0.8754860760208772
2010-11-17,15.740705373666636,15.770778864579276,15.518157640330632,15.614394187927246,15.953110690278404,15.99901857310122,36.281360059001805,-0.2306053182422249
2010-11-18,15.722651021439296,15.87302067894267,15.704607396765736,15.830917358398438,15.94147323009936,15.992426368603072,44.74097690185695,0.0
2010-11-19,15.638453808427526,15.710631792324603,15.548232188978778,15.608380317687988,15.909750095583991,15.977365739155422,39.0086870391903,-0.3456604630166129
2010-11-22,15.560257799119412,15.638449542048534,15.458006352378362,15.578301429748535,15.878183555980614,15.961716158394369,38.29451409317276,-0.23115055085913724
2010-11-23,15.451996052300522,15.458010980054198,15.295611372395465,15.37380313873291,15.830147325766548,15.938660745858625,33.768035711943966,-2.8874777709772097
2010-11-24,15.482069757254196,15.536202960553318,15.379818278492548,15.427936553955078,15.79184153797498,15.918632346176134,35.927066920223965,-1.156069752659888
2010-11-26,15.36779022216797,15.427938360346166,15.36779022216797,15.367790222167969,15.751455698374313,15.897030694254246,34.578340595468894,-1.3513104013931285
2010-11-29,15.289591789245604,15.331695123471484,15.09711874865312,15.289591789245604,15.707468659409674,15.873209560724495,32.85158078828976,-0.5477587343052648
2010-11-30,15.109152890074151,15.277566274791209,15.097123034814322,15.181329727172852,15.657360189672834,15.846077018232275,30.575126303485515,-1.5984433557902264
2010-12-01,15.439966196793172,15.439966196793172,15.28959644464179,15.37380313873291,15.630354756249984,15.827556473938182,38.70703448139596,0.03912674807512534
2010-12-02,15.415907015604976,15.560262992194192,15.349745102500972,15.542218208312988,15.621960799303604,15.816366738031313,44.79978032522268,1.6522770689344173
2010-12-03,15.476052722823992,15.596348968720736,15.403875893069964,15.58431911468506,15.61837587695898,15.807266831233422,46.23847677843859,2.6545065205382086
2010-12-06,15.54221217127025,15.632433761171194,15.518152468774128,15.572285652160645,15.613986331740092,15.79805188303449,45.8704787539167,1.291043677589936
2010-12-07,15.620408164262036,15.644467873311006,15.48808320618291,15.53620147705078,15.60657825034111,15.787783239662579,44.721094488390754,-0.03871217854212514
2010-12-08,15.572286503795556,15.596346207607482,15.439961574519415,15.578301429748535,15.603885219808484,15.779568266724773,46.408341552501824,-0.03861371736706011
2010-12-09,15.608376059513445,15.620404764189589,15.488079834913451,15.578301429748535,15.601448668374204,15.77167544958845,46.40834155250182,0.038631307710797994
2010-12-10,15.608386233324088,15.698607886967176,15.584326513829629,15.662519454956056,15.607264933762952,15.767394822347965,49.952357616218016,0.8130557401168294
2010-12-13,15.662511099375935,15.87904272315872,15.638451392716762,15.794836044311523,15.625128849053292,15.768470948699477,54.988686667650455,1.3899757655830876
2010-12-14,15.800855393991032,15.969268798828123,15.788825537294018,15.969268798828123,15.65790408236518,15.776345374194719,60.615406206625735,2.5096918996123128
2010-12-15,15.9873041747907,16.16774733012775,15.945200848360694,16.029407501220703,15.69328536035142,15.786269379176131,62.36230328923022,2.3424586786294657
2010-12-16,16.02940889220643,16.119630477704124,15.999335412783768,16.07151222229004,15.729306966250336,15.797455373023736,63.580279978986674,1.751687559163743
2010-12-17,16.041448187930744,16.071521685060418,15.897093336693628,15.933181762695312,15.74872361353081,15.802777976540268,57.048495553742455,-0.22597801181390914
2010-12-20,15.951223477213087,16.005356679405114,15.93317869407236,15.945208549499512,15.767436464575448,15.808363489205338,57.457706070518675,-0.5252780036615784
2010-12-21,15.999335233373516,16.047453488248017,15.806862213875498,15.85498046875,15.775773988782548,15.810191606050227,53.351051444548204,-1.347301676065834
2010-12-22,15.879046872506438,15.945209935878257,15.806870028128326,15.842958450317385,15.782172508928722,15.811476580335214,52.80945977632606,-0.5662604853298644
2010-12-23,15.842947206333772,15.939183695357576,15.800843885789538,15.830917358398438,15.786814875544886,15.812238963788674,52.23747517774236,-0.7167745140885071
2010-12-27,15.800852883566105,16.005355826002997,15.770778246601797,15.93919277191162,15.80132705615124,15.817217544499378,56.77157129760976,0.5311410085152793
2010-12-28,16.017380929364272,16.047455559561254,15.921144407193603,15.993322372436523,15.819612324368887,15.824123616183188,58.87348559331693,0.9490899227607744
2010-12-29,16.011373297267674,16.077535214640697,15.969268798828123,15.969268798828123,15.833865321936432,15.82981558413005,57.53471853843604,0.873931922563471
2010-12-30,15.945211847230306,15.999345060617966,15.891078633842646,15.909123420715332,15.841032759915375,15.832925695368688,54.2149222026032,-0.18865040172722003
2010-12-31,15.927164077758787,16.01738570076608,15.879045802339554,15.927164077758787,15.849235742567128,15.836621318207516,55.052682927728156,-0.41366198427761186
2011-01-03,16.02941375239543,16.07151709524496,15.975280555237449,15.987310409545898,15.86238571085082,15.842530694338434,57.82350120172156,0.11297706203742507
2011-01-04,16.04144424313007,16.04745917052293,15.90911928217741,15.93919277191162,15.869700669047086,15.846321364047187,54.907320988351216,0.189006964124333
2011-01-05,15.969645315560422,16.000099189034785,15.76256362272073,15.87219524383545,15.869938247598359,15.847336025999669,51.04703350341148,-0.345126311595536
2011-01-06,15.841741024247982,15.927009538467392,15.701656704688553,15.738200187683104,15.857391765701667,15.84305618920294,44.33370229335189,-1.5581746740468176
2011-01-07,15.78083497943634,15.811287689347454,15.659021816399054,15.713837623596191,15.843719942644002,15.837988794473265,43.220744458333854,-1.4138429187741144
2011-01-10,15.652931842438589,15.726018809216672,15.628568745714968,15.67729377746582,15.82786983167465,15.831687029100424,41.53633069468169,-1.2279427223233412
2011-01-11,15.683382517753758,15.689473291144784,15.50066396280794,15.598114013671877,15.805988325198197,15.822527303005188,38.07399174538592,-0.8901028855946309
2011-01-12,15.652935624235177,15.80520153045654,15.610300194667987,15.805201530456545,15.805913392365659,15.821847860944457,49.848653772571346,0.5814232592244659
2011-01-13,15.768643726497173,15.805188349936016,15.701647573584031,15.774734497070312,15.802943973766101,15.820000278047432,48.39084844818008,0.6215404328555176
2011-01-14,15.74429096179826,15.786925218907966,15.671202834112778,15.738200187683104,15.796777898901054,15.816792431366478,46.62982436707266,0.898096871765652
2011-01-18,15.76865759155969,15.76865759155969,15.628573230291211,15.68947982788086,15.786559034994369,15.811799780249395,44.31383955511486,-0.7321747992437188
2011-01-19,15.652929812494868,15.744289089967776,15.567660146716744,15.598114013671877,15.768611890106513,15.803419946265963,40.27408030316323,-1.119641559933942
2011-01-20,15.604210084973351,15.78083792649648,15.567665432219629,15.732112884521484,15.76513579433651,15.800623590903434,47.79135799537289,-0.03867852161636189
2011-01-21,15.786926721500215,15.890467567920064,15.750383235027474,15.87219524383545,15.775331932384027,15.803430322390964,54.271070988587354,1.16457280903537
2011-01-24,15.841741218220491,15.914828185104502,15.817378121461562,15.835650444030762,15.78107655254086,15.804693856572918,52.44245216249918,1.522853533130238
2011-01-25,15.817379150092464,15.866104185082603,15.744292178455488,15.853923797607422,15.788014385404342,15.80662444249584,53.28995744024509,0.7742819669555312
2011-01-26,15.914838044629208,15.939201156481518,15.786935192495909,15.793025970458984,15.788491679219069,15.806091169082631,50.08654917393556,-0.49879220964858745
2011-01-27,15.811298138316271,16.201099820619962,15.786936186626956,16.0488338470459,15.813286171393052,15.815610489787073,60.75783354160916,1.3462244810758377
2011-01-28,16.085372020119515,16.103644349098694,15.70775318145752,15.70775318145752,15.803235410446812,15.811380791421207,46.486769977872235,-0.9219838446048386
2011-01-31,15.762564539439914,15.774746089538112,15.324039191173773,15.336220741271973,15.75875782290635,15.792747063964375,36.44489000393297,-2.8924490470760356
2011-02-01,15.439755330515212,15.494571122024306,15.354485676114354,15.391030311584473,15.72373615516141,15.776993465831831,38.55364498443676,-4.098762201233128
2011-02-02,15.47020742042919,15.476298192766876,15.378848158755986,15.397120475769045,15.692629899981185,15.76209648582937,38.796646037593156,-1.977575672981457
2011-02-03,15.31794218502995,15.634655388569891,15.287489483868685,15.53111457824707,15.67724748838746,15.753038371806534,44.0402420431036,1.270807458128262
2011-02-04,15.506759686146218,15.689479474803209,15.42149114845764,15.652935981750488,15.674932106802986,15.749112787882767,48.371058890975775,1.7016773072617841
2011-02-07,15.750385210898346,15.866106459528568,15.707750944382305,15.732112884521484,15.680377895157129,15.748446125005854,51.02405381507214,2.1756821951197187
2011-02-08,15.780839758962156,15.817383254262664,15.65902655903144,15.683389663696287,15.680664730256096,15.745894891229009,49.34371369430739,0.9804517549725243
2011-02-09,15.683384818275725,15.73820062513939,15.604207075970656,15.665112495422363,15.679183565033835,15.742726954138552,48.695867446341666,0.07779060545619944
2011-02-10,15.671204096802803,15.683385646014628,15.531119765956234,15.555482864379885,15.667402545923935,15.73538404865782,44.88887057608535,-1.1227355247074446
2011-02-11,15.531120564327148,15.531120564327148,15.354491576765565,15.36058235168457,15.638181575043996,15.720685942894164,39.04470781237055,-2.0582751492743134
2011-02-14,15.384938947165836,15.592020560079318,15.366666630133691,15.567657470703123,15.631464993678199,15.714684826337653,46.947635222286614,-0.6221150645915772
2011-02-15,15.445848163984945,15.598114013671877,15.427575843811866,15.598114013671877,15.628288709868073,15.710113421919388,48.01519057330288,0.27405866898296166
2011-02-16,15.592020725690327,15.677289216020604,15.543295708116448,15.604202270507812,15.625994763262334,15.70596004343266,48.23941446053294,1.5860070487270608
2011-02-17,15.585933617951282,15.707746771375538,15.53111781508,15.695565223693848,15.632620521398668,15.705552403442903,51.61230467967529,0.821624918401724
2011-02-18,15.640748695629,15.6651106281665,15.421485494310152,15.525026321411133,15.622373454733188,15.698472949245579,45.63458983201595,-0.4685674960234423
2011-02-22,15.42758179836819,15.537213438328507,15.30576860692413,15.45803451538086,15.606722127175823,15.689043991054806,43.50309163233604,-0.9367204589702895
2011-02-23,15.415398164259091,15.50066785142865,15.34840196354309,15.36058235168457,15.583280243795704,15.676163142452053,40.53692144559311,-2.134251728020543
2011-02-24,15.330127662736338,15.512846239968017,15.330127662736338,15.47021198272705,15.572511837979642,15.668086626384406,45.07398810312598,-0.3530708260924851
2011-02-25,15.476301294639864,15.543298642086462,15.391032788214211,15.525026321411133,15.56798940783026,15.66247641834624,47.241546162091005,0.43337855122277086
2011-02-28,15.58593140636141,15.7260156997344,15.567659087431654,15.719924926757812,15.58245945725193,15.664729301029046,54.167304145535546,2.3393811956213604
2011-03-01,15.628570465579656,15.738202089507714,15.567663878764456,15.579845428466797,15.582210502129536,15.66140052171288,49.17114668043315,0.7086744891547386
2011-03-02,15.610295955743712,15.61638672974224,15.378852352281516,15.464120864868164,15.570963870009406,15.653664064581715,45.44213867152808,-0.39230501309341936
2011-03-03,15.5676635695339,15.969645408154276,15.525029308119084,15.920920372009276,15.60429306067606,15.66414470408868,58.74266690954654,1.2786030861339348
2011-03-04,15.93309822926145,16.097545623779297,15.878282431088836,16.097545623779297,15.65126949525732,15.681140818586352,62.54486523786278,3.32288402789017
2011-03-07,16.091459108755515,16.140184146503515,15.957465545372656,16.02446174621582,15.686811614396225,15.694604384375744,60.077688286156324,3.623490053163351
2011-03-08,16.06710005364491,16.15846053890528,15.975740730081366,16.1097354888916,15.72709007863388,15.710884035533228,61.96304200414124,1.1859560406713903
2011-03-09,16.0488338470459,16.109740468814962,15.987927225276836,16.0488338470459,15.757732342292167,15.724136969318039,59.79127449809139,-0.3026037501110815
2011-03-10,15.981823656302998,16.07318293499103,15.914826309806854,15.99400520324707,15.780234519525967,15.734720037315256,57.82624629555625,-0.19006281428418223
2011-03-11,15.945286655771406,16.097552569349517,15.914832776037748,16.085371017456055,15.809295138376452,15.748471056144307,60.17505205091189,-0.1512406671875357
2011-03-14,15.920917668615225,16.061003140229825,15.84783070765624,15.957462310791016,15.82340629765403,15.756666791620649,55.513757659150386,-0.5693344271970361
2011-03-15,15.701653448739227,15.762558853868464,15.561567996532023,15.573749542236328,15.799629463804726,15.749493566154598,44.40198657447482,-2.62758237020845
2011-03-16,15.55548303548101,15.55548303548101,15.2083158493042,15.2083158493042,15.743313881471343,15.728270910591839,36.83922852689283,-5.452501948510008
2011-03-17,15.366674061256196,15.549393834850417,15.317949020637055,15.488487243652344,15.719044677869533,15.718867629535389,44.62641123353086,-2.938907565656814
2011-03-18,15.61639350724674,15.732115940049477,15.531124957653596,15.671209335327148,15.714488930960735,15.71699867682134,49.03927468333424,0.6257953027079789
2011-03-21,15.774743863829826,15.945282056053166,15.732109606198089,15.835650444030762,15.72602812268169,15.721651687300142,52.69308866510048,4.124944543121544
2011-03-22,16.29244621407633,16.38380549321788,16.00009605614487,16.012277603149414,15.75328997796433,15.73304878203933,56.316056207358464,3.381804505870873
2011-03-23,15.927011832734523,16.012281520933314,15.750384004737516,15.93310260772705,15.770414990322685,15.740894030105515,54.30825395964941,1.6711746157938432
2011-03-24,15.93309822926145,16.15236142195191,15.884373204407597,16.097545623779297,15.801570288747124,15.75488036711233,57.682816829666734,1.6538327912337594
2011-03-25,16.14627551329004,17.029417000056903,16.012281944995525,16.62134552001953,15.879644120296877,15.788859392716533,66.23663715061798,3.803755667777838
2011-03-28,16.65788147408116,16.676152629581143,16.408165614215594,16.432527542114258,15.932299684279485,15.81410128092821,61.41720327454145,3.1345115052795913
2011-03-29,16.456889184277436,16.49952342562233,16.322894526683832,16.347257614135742,15.971819487122938,15.835009372426544,59.3181540857508,1.5512426315945378
2011-03-30,16.42742531179022,16.53842161948997,16.273264034686612,16.322595596313477,16.005226735617274,15.854130400814267,58.693357101328175,-1.797387120953753
2011-03-31,16.31643027309312,16.45209296023601,16.137603789346535,16.297931671142578,16.033103396143492,15.871534372199692,58.03500295060869,-0.8190819740099592
2011-04-01,16.347264010504958,16.439760553108453,16.2794326637223,16.316431045532227,16.06008698179956,15.888981300565675,58.41181099625473,-0.1885733334064509
2011-04-04,16.328762363097823,16.649418105179002,16.328762363097823,16.476757049560547,16.099769845395844,15.912031329938022,61.627572655082176,0.9444665362038884
2011-04-05,16.445930113724,16.600091437933575,16.390431942915946,16.569259643554688,16.144483159506212,15.93780498929554,63.38666160302589,1.6648000365133924
2011-04-06,16.606256492905278,16.828249155562304,16.581590118762296,16.766584396362305,16.20373089634965,15.970306142513845,66.87513186324992,2.758895922606429
2011-04-07,16.760420031682614,16.803585016015603,16.624757308170242,16.698755264282227,16.25087607424799,15.998872774740057,64.596753928709,1.3473416768477546
2011-04-08,16.68641646982052,16.98857243480068,16.674084461409432,16.96390724182129,16.318783804493066,16.036717263645205,69.03754013270853,2.3818058667462334
2011-04-11,16.846744639402008,17.056404076151235,16.84057804700853,16.896076202392578,16.373764032864447,16.07041761418432,66.73150465827057,0.7723207241802219
2011-04-12,16.79124784382523,17.031740262017657,16.79124784382523,16.920743942260742,16.425857357568855,16.10376374469712,67.16109539536085,1.3293726057135404
2011-04-13,16.94540177432295,16.957734954749494,16.778907367035046,16.8529052734375,16.466528587651585,16.13314184386341,64.6872471245306,-0.654341990919019
2011-04-14,16.791246023227426,17.09340198527246,16.778912838778925,17.025571823120117,16.51977080055335,16.168139097951908,67.92563545827895,0.7664242228571493
2011-04-15,17.07490256709964,17.247562436481754,17.05640279131278,17.19206428527832,16.583798751479538,16.20829302686667,70.71446260588301,1.6034776245265232
2011-04-18,17.06257634462257,17.06874293906744,16.883748634194227,17.007078170776367,16.624111077126855,16.23961793447097,64.05073977851535,0.9148149523030009
2011-04-19,17.068738507325374,17.155068454823517,16.87141224095401,16.926910400390625,16.65294910791388,16.26657058019331,61.35246571470817,-0.5794896274527092
2011-04-20,17.0502388891289,17.155068616144135,16.994740729170402,17.081071853637695,16.69372270274472,16.298511806602896,64.45358445915411,-0.6456027024961078
2011-04-21,17.050237723995988,17.23523196993512,17.031739122712153,17.155067443847656,16.737660297135474,16.33210222374975,65.86923905186562,0.870162832117643
2011-04-25,17.068733593856518,17.179729880777938,17.025568632533073,17.105731964111328,16.772714741609363,16.3624406449404,64.0380311234187,1.0564335693333406
2011-04-26,17.155068834160986,17.370894883836062,17.155068834160986,17.340063095092773,16.82674791813159,16.400778780240493,68.51527033593251,1.5162470111611976
2011-04-27,17.33389479977,17.537387643500015,17.33389479977,17.438724517822266,16.885031403816416,16.441482534655464,70.19763315886189,1.6534885386086762
2011-04-28,17.53121899942896,17.57438396484168,17.358557961620978,17.444889068603516,16.93835118141519,16.480831810496564,70.3044034659826,1.98271027047399
2011-04-29,17.475724884187517,17.506556673410692,17.204400669625564,17.327730178833008,16.97543489545498,16.51404351121564,65.50144209423527,-0.07112382574464698
2011-05-02,17.414060111231827,17.617552977899496,17.407893518162215,17.543556213378906,17.02954168763821,16.554416558359296,69.61901822397965,0.601143136641119
2011-05-03,17.574386861510412,17.85187765083928,17.549720490833497,17.77787971496582,17.100811975955125,16.6023955056772,73.33954890531359,1.908814925980845
2011-05-04,17.666885739995696,17.753216872646,17.518891024797608,17.70388412475586,17.158247418698053,16.645591137797933,70.40733489216981,2.170820655912273
2011-05-05,17.660720510369295,17.71621867987414,17.48189399008733,17.56822395324707,17.197292802940815,16.681772816835153,65.25611761002548,0.14060854919113935
2011-05-06,17.654556137805542,17.75938589604303,17.59905913747528,17.660722732543945,17.241428986712542,16.720163009608047,67.0274993836611,-0.6590042474145531
2011-05-09,17.67305600513627,17.759385979564556,17.518894664424224,17.710054397583008,17.286059978224014,16.758982279724712,67.96554848973503,0.03485265032050432
2011-05-10,17.722379922810614,17.77171148345799,17.549718872466197,17.765544891357422,17.331725208046244,16.79845532331815,69.03276757052551,1.123169528322648
2011-05-11,17.599058677873536,17.808717012715576,17.592892083296174,17.73472023010254,17.370105686337318,16.83517159417244,67.68384896991354,0.418994730166033
2011-05-12,17.697722142179273,17.85804889930847,17.580559195516237,17.82721710205078,17.41364010688146,16.874075339579434,69.6032720462637,0.6615603873230524
2011-05-13,17.77171148345799,17.876541196853317,17.691548138464945,17.765544891357422,17.447154848260123,16.909034929845237,66.75625415846683,0.0
2011-05-16,17.771718211640092,17.864214775852485,17.722386632316304,17.753219604492188,17.476303872663177,16.94214021120394,66.17369753460781,0.10431162234094897
2011-05-17,17.679214745334686,17.69771452141777,17.444890129068128,17.666881561279297,17.494454128721856,16.970561440618663,62.086433030698245,-0.8993862578418924
2011-05-18,17.642217804592953,17.79637908935547,17.54355467643752,17.79637908935547,17.523208886877438,17.002946446451478,65.52585028239442,0.1735617915837025
2011-05-19,17.821050030940302,17.821050030940302,17.53122714553004,17.636056900024414,17.53395631670096,17.027774307375907,58.4556233187687,-0.6599518683254905
2011-05-20,17.562054719416125,17.599054277629396,17.34006325092329,17.494224548339844,17.530172338761805,17.046066473688217,53.00661906398772,-0.9772919591982064
2011-05-23,17.340061290234257,17.420224638317332,17.266063358332225,17.389392852783203,17.516764768668605,17.05953025326057,49.345291699690044,-2.286904737917703
2011-05-24,17.40789386439673,17.51272359635038,17.32773050521212,17.42022705078125,17.50757070029838,17.07367522571236,50.42985126543034,-1.2237987803433843
2011-05-25,17.31539502264646,17.463389711163085,17.27839664455661,17.438724517822266,17.50101392101494,17.087990884226475,51.10617079774088,-0.31724773146829727
2011-05-26,17.370897562336978,17.549724081705396,17.333899174908606,17.518892288208008,17.502716622652375,17.10488897850026,54.033334017828,0.7447036047844423
2011-05-27,17.549724442929392,17.574390819161035,17.463394478433756,17.555891036987305,17.507780852589036,17.122575333735046,55.36156546849806,0.7787727783948173
2011-05-31,17.64839025833478,17.73472023010254,17.562059110409365,17.73472023010254,17.529394126637943,17.146581015945536,61.19768822695717,1.6973472571217447
2011-06-01,17.70388688042168,17.73471985265227,17.41406399839993,17.43256378173828,17.52017218902845,17.157796026368782,49.436716318681114,-0.49277377273353296
2011-06-02,17.420228776587617,17.420228776587617,17.27223405378383,17.321565628051758,17.501257278459242,17.164218363689685,45.943684153612296,-1.334739481134069
2011-06-03,17.198234518321218,17.290732240681475,17.173569321540576,17.253732681274414,17.47768350729878,17.167728729085166,43.902187191390375,-2.7121236906331734
2011-06-06,17.136565387303893,17.29689205483752,16.926905989874356,17.247560501098633,17.455767030517816,17.170859386811184,43.71185827078764,-1.0612511329713368
2011-06-07,17.253734452885233,17.432562146575844,17.24756785901754,17.25990104675293,17.437113127302112,17.174351216612823,44.23243026189763,-0.3559988896094022
2011-06-08,17.241399128752093,17.296897290527003,17.167402363823793,17.216733932495117,17.41612463255859,17.176013283902325,42.743291441697814,-0.21443909826800464
2011-06-09,17.272235561218405,17.296900762426276,17.155072621047612,17.179738998413086,17.39361171502092,17.176159390353728,41.455198192721525,-0.39322374130084536
2011-06-10,17.142735269135976,17.161235047667287,16.914577214703083,16.926910400390625,17.349163970770416,17.166384920159096,33.92980313364296,-1.9292732064935536
2011-06-13,16.914577544266912,17.068738839892884,16.90841095130299,17.019407272338867,17.317758570919793,17.160621090832812,38.33982359033937,-1.1461329479211662
2011-06-14,17.093400179371734,17.155064918942216,17.062568397665036,17.074901580810547,17.29462933376653,17.157259541420174,40.88905345784174,-0.610238709751196
2011-06-15,16.988578215354273,17.087241373157518,16.84675007303181,16.908414840698242,17.25784700109336,17.14750092570559,36.070934501240544,-0.10926719203261091
2011-06-16,16.760414932025178,17.031739120337054,16.760414932025178,16.939241409301758,17.227503611398923,17.139333885846614,37.538551492295205,-0.4710261747328918
2011-06-17,17.044072370127083,17.14890209759684,16.920744040029174,16.970075607299805,17.20298665862758,17.13269630629576,39.04588570100185,-0.6139184639784383
2011-06-20,16.970074507015266,17.167400763303796,16.94540813690057,17.148900985717773,17.19783564215998,17.133331783920152,47.02971100764518,1.4222867565366657
2011-06-21,17.241399494805393,17.333897217165653,17.167402728306065,17.253732681274414,17.203159169694686,17.138053387737965,51.0753219716208,1.8565841549430973
2011-06-22,17.210561659964117,17.340057720091433,17.099565373042697,17.105731964111328,17.193880388210555,17.13678588092908,45.76148991752808,0.7993856948590721
2011-06-23,18.191032346434863,18.215698717561807,17.777880039316997,18.08620262145996,17.278863458043833,17.174017909969507,68.86875861978372,5.465665913651296
2011-06-24,18.043039076895063,18.08003746035791,17.821046423803157,17.83954620361328,17.332261814764735,17.200117058739853,61.742411779138,3.3952857225767406
2011-06-27,17.90121324728496,17.9567114176486,17.46956107249167,17.555891036987305,17.353559835928788,17.21406897945544,54.72877329442495,2.631627069922717
2011-06-28,17.62372371098798,17.673055290976063,17.574392130999904,17.636056900024414,17.38046431822361,17.230617525360106,56.24165217450856,-2.488890182516434
2011-06-29,17.64228972782631,17.86687251657492,17.636051151765695,17.804489135742188,17.42084763417776,17.253122294394696,59.317797040354485,-0.19651322668730875
2011-06-30,17.873112412170368,18.091457830865064,17.86687383564917,18.066503524780273,17.482338671378,17.285019597547073,63.60410069768589,2.90849656515408
2011-07-01,18.06026394525502,18.18503189086914,18.06026394525502,18.18503189086914,17.54926183513906,17.320314197285192,65.38104675377627,3.1127989320785567
2011-07-05,18.11017362032552,18.22246442841805,18.085219314158195,18.191272735595703,17.610405730420645,17.354469434081683,65.47662099267241,2.1723936974807923
2011-07-06,18.172558449066383,18.266135914738097,18.141366753767084,18.22870445251465,17.669291323001026,17.38875316029474,66.08146729018532,0.8977992200422062
2011-07-07,18.322277069091797,18.347230180749875,18.18503079036931,18.322277069091797,17.73148044167634,17.42536194103188,67.6091991167765,0.7547150813167847
2011-07-08,18.253656581754825,18.30356400220848,18.06026547623275,18.166318893432617,17.772893627557888,17.454419076420145,62.55215867129974,-0.1371748009376914
2011-07-11,18.029069538369715,18.10393125130256,17.954209015323432,18.02283096313477,17.796697183327115,17.47670973864425,58.236215770168954,-1.1293917783141139
2011-07-12,17.966688577895827,18.160080879291183,17.929258308868608,18.09769630432129,17.82536376627894,17.501062152984527,59.79492250698086,-1.225725186469085
2011-07-13,18.153839202434867,18.31603859370095,18.041547224643995,18.110170364379883,17.852488204193314,17.524948749509836,60.06238225489786,-0.309080388724393
2011-07-14,18.09770072851289,18.272377343152954,17.985408704093356,18.153846740722656,17.881189017196107,17.549611415831908,61.03967253207094,0.7269433856194758
2011-07-15,18.153844684574032,18.191274958512068,17.94173781578023,18.072744369506836,17.899432384082843,17.57012643362308,58.19208566624876,-0.1378735414434776
2011-07-18,17.954210473897312,18.01659385154163,17.779533922787916,17.879348754882812,17.897519657492364,17.582252799162678,51.96642583544513,-1.2745413480541488
2011-07-19,17.916777292431348,18.05402356574752,17.873108456334947,17.972923278808594,17.904700954760575,17.597573210129184,54.50273639046411,-0.9966122579861574
2011-07-20,17.97916212637667,18.160077238530548,17.904301603330392,18.02283096313477,17.915951431748592,17.614249984756853,55.841986019289635,-0.27618055869966796
2011-07-21,18.122648995881992,18.546862667876574,18.110173033089684,18.44080924987793,17.965937890618054,17.646664073585132,65.10597973643405,3.140273746502
2011-07-22,18.459526990585523,18.478242721643756,18.309804711780377,18.39714241027832,18.007004987728557,17.67609459659271,63.604703283393135,2.3603234982364407
2011-07-25,18.228704092050595,18.40961925289236,18.19127382045422,18.22246551513672,18.027525037957904,17.697520907123845,57.857364144175584,1.1076758829414581
2011-07-26,18.20374697961275,18.234938667450475,18.072739272943725,18.116409301757812,18.035990205938848,17.713947902991844,54.629676082786716,-1.759141606663843
2011-07-27,18.06026663808403,18.13512717863706,17.82944405995739,17.848159790039062,18.018101594900774,17.719211114248598,47.42336818368223,-2.984064633497353
2011-07-28,17.910543297020475,18.309803878892616,17.910543297020475,18.122650146484375,18.028058599813498,17.73503225276765,54.096139402678205,-0.5477599536101789
2011-07-29,17.991640738461232,18.060263881733967,17.810725611610074,17.879348754882812,18.013895757439148,17.740691723438832,48.25067460906383,-1.3085404669676917
2011-08-01,18.12889028202142,18.14760601383756,17.623577421855156,17.81072998046875,17.994546635822918,17.743438321753732,46.71741864759807,-0.2097124298001961
2011-08-02,17.96045346371739,18.078982862281475,17.4863322998002,17.492570877075195,17.946739420704088,17.733600382746733,40.31983339845988,-3.47675016797369
2011-08-03,17.511278968318997,17.661001198104337,17.31164932860521,17.64852523803711,17.9183380699739,17.730264102562042,44.34323216365474,-1.2910062889324518
2011-08-04,17.46137116507653,17.467609739912877,16.94358135252457,16.956058502197266,17.826692396852316,17.69990309862617,33.5332538270925,-4.798632505285956
2011-08-05,17.08707190517575,17.342847627335477,16.60671334763612,17.11202621459961,17.758628950923487,17.67684910317415,37.24409643757043,-2.1754644594540813
2011-08-08,16.650383539621085,16.956066715349507,16.44451522984941,16.45699119567871,17.634663450423986,17.62901153817433,29.73551245000439,-6.751465214727043
2011-08-09,16.631665108119392,16.931109657414847,16.0265374326823,16.906156539916992,17.56528183989951,17.60066428334071,38.84071124057046,-0.29430166376110845
2011-08-10,16.762671942730076,16.949824478526526,16.44451167996667,16.506895065307617,17.464483099462186,17.55777137282961,34.554320525212546,-3.5362916214779254
2011-08-11,16.694051240246054,17.498808690104337,16.66909693053908,17.34284782409668,17.452898787522614,17.549342998369497,47.59466575738415,5.38285898002168
2011-08-12,17.480087375781764,17.573663621156758,17.261742009982438,17.448894500732422,17.45251742687593,17.545403841599416,48.98340151422363,3.2102977370047143
2011-08-15,17.56742322983436,17.592377527293788,17.33036335340179,17.57366180419922,17.464054986621004,17.546511996995488,50.640702918535595,6.462552373847792
2011-08-16,17.592387111319198,17.848162850188498,17.386518804671056,17.71091651916504,17.487565608768055,17.552959233159,52.46993810215854,2.1223082783264324
2011-08-17,17.773295172247582,17.916778843237015,17.673480341134358,17.7857723236084,17.51596624827666,17.562089158274663,53.48245038927139,1.930654247819746
2011-08-18,17.48632877749729,17.592382190035803,17.21807595814184,17.37403678894043,17.502449156911304,17.554714555555673,47.48991182888847,-1.1359329517260242
2011-08-19,17.249268011939243,17.617335675573248,17.23055347337643,17.392751693725586,17.492001779465046,17.548363070778024,47.77634332602578,-1.7964334318620154
2011-08-22,17.65476106874084,17.866867839733743,17.43017833877913,17.49880027770996,17.49264925548837,17.546419431834178,49.458731094231474,-1.6134921817115462
2011-08-23,17.586149414878843,17.954217192163078,17.56743368065034,17.941740036010742,17.53541980601431,17.561922200625414,55.85549021065428,3.2675379588909825
2011-08-24,17.885590378927862,18.06026695980799,17.81696722395944,18.03531265258789,17.583028648545127,17.580486532074925,57.09101341405395,3.6944180551609196
2011-08-25,18.022836953737848,18.022836953737848,17.661007799048416,17.767061233520508,17.600555561399926,17.587803187033575,52.55026869953772,1.5330248448647004
2011-08-26,17.710917871480458,18.02283964415119,17.39275752056985,17.916786193847656,17.630672764490186,17.600704481418443,54.71522155355587,-0.1390826202642623
2011-08-29,18.278614402171524,18.3534761470657,18.153846413863995,18.272377014160156,17.691787454934946,17.627044580741646,59.44752972131408,1.3144455332647045
2011-08-30,18.172556279838407,18.278609697038274,17.94797348274033,18.166318893432617,17.736980925268057,17.648192593004037,57.51692011303378,2.2471789490928504
2011-08-31,18.284851876483813,18.665396776111105,18.259898756283185,18.559343338012695,17.81530115505326,17.68392399476908,62.391199823739804,3.5863415303001336
2011-09-01,18.559339982221633,18.71530082240837,18.465763716086947,18.521909713745117,17.88259720826201,17.716786179826965,61.66548894996765,1.3656280154004368
2011-09-02,18.340994837828404,18.49071710382408,18.07274199837861,18.09769630432129,17.903082836458132,17.73172383176792,53.999978518591234,-0.37774625400931483
2011-09-06,17.792004309530398,18.309794000360085,17.698428088756106,18.24117088317871,17.93528169805057,17.75170214750952,55.99249049520201,-1.7143518983363653
2011-09-07,18.44080570688392,18.69658133822958,18.334752309261095,18.659151077270508,18.00422163892866,17.787288380049166,61.257466020859304,0.7409676736710564
2011-09-08,18.45952530344925,18.80263867894915,18.434570997652347,18.61548614501953,18.062437306175408,17.819766723773494,60.443916612207865,2.8610814989452917
2011-09-09,18.415856731554378,18.559340422356065,18.066503584532704,18.191272735595703,18.07470734707258,17.83433558698221,53.06982026084993,-0.27354684577305244
2011-09-12,17.99164522935615,18.37219011538491,17.904307526944415,18.365951538085938,18.10244488907385,17.855183271339218,55.478433891834314,-1.5713444731241226
2011-09-13,18.340999742013164,18.478246081622483,18.22870771501904,18.4345760345459,18.134076426737856,17.877904556170854,56.42462679391794,-0.9718258715582042
2011-09-14,18.57181879159291,18.67163364302484,18.28485020131094,18.484479904174805,18.167448186493758,17.90169182472003,57.138007475847985,1.6118012897765508
2011-09-15,18.621727607055988,18.690349578857425,18.496958438511054,18.690349578857425,18.21724831909982,17.93261957978424,60.04406599355313,1.7663012999831538
2011-09-16,18.73401680719204,19.04593849182129,18.696585348318035,19.04593849182129,18.29617119269234,17.976279144962167,64.51883285340139,3.3163901145852983
2011-09-19,19.04593937631367,19.2954764976282,19.01474649247007,19.16446876525879,18.378866199603433,18.02287481634635,65.89014024768186,3.6787016167569084
2011-09-20,19.28924011664768,19.73840698614469,19.133279249336457,19.64483070373535,18.499434247615998,18.08648092957729,70.81331912686174,5.106812587163366
2011-09-21,19.669781989801695,19.82574283313695,19.307952880859375,19.307952880859375,18.576436022210604,18.134381790411883,63.852908194669865,1.3756969190601986
2011-09-22,18.908689029949873,19.264279500636224,18.827589929045825,19.102081298828125,18.62649747712656,18.17233079074193,59.97331114718042,-0.3255371552159046
2011-09-23,18.9398905658897,19.438964930122616,18.503199604770547,19.270526885986328,18.68783361130368,18.215397304280927,62.00732421661025,-1.905355273323133
2011-09-26,19.432720478288143,19.488866476030093,19.183183371594353,19.301713943481445,18.74629840484442,18.257997956798594,62.38841214208345,-0.03231278539173646
2011-09-27,19.63858907258176,19.651066225599415,19.42024365431996,19.488866806030273,18.817019204957358,18.30626732343513,64.67809920418767,2.0248343683150223
2011-09-28,19.43272333649288,19.588684199851393,19.20814050237976,19.23933219909668,18.857239490113486,18.34285810287284,59.47890081312895,-0.1618777061686541
2011-09-29,19.42023694196127,19.594913454173348,19.17069991729144,19.413999557495117,18.910264258435546,18.38486365011293,61.79403398329883,0.5817390846349831
2011-09-30,19.28299646750902,19.90683977267563,19.2018973613875,19.576202392578125,18.973686937877698,18.431582816484113,63.85906021683457,0.4481306553997694
2011-10-03,19.526300111410468,19.919322163371465,19.438962406480016,19.64483070373535,19.037605391768903,18.47916116500377,64.72773514936384,2.1076537399656248
2011-10-04,19.382819516969313,20.019140243530273,19.3079589549546,20.019140243530273,19.13108490146046,18.539552501416576,69.09138293752959,3.117032552942091
2011-10-05,19.95674452529125,20.430865516709662,19.844452554970236,20.41838836669922,19.2536852314832,18.613232339270798,72.93717766442381,4.302090656972312
2011-10-06,20.36797906324998,20.51292417169863,20.24193910685613,20.449905395507812,19.367610961390305,18.685258733633034,73.22044529231762,4.098150317067281
2011-10-07,20.4625120104472,20.544435948217,20.34277295614711,20.40579414367676,19.466485550179492,18.752730710497495,72.08321916128014,1.9314211072148595
2011-10-10,20.67678022234448,20.72719477075082,20.575948721519183,20.68938446044922,19.582952113062323,18.828677916377956,74.79372210264067,1.3272158844425412
2011-10-11,20.55704354171885,20.84693624365606,20.53813838437988,20.771310806274418,19.696129131463476,18.90485959833468,75.53279252225461,1.571671871094365
2011-10-12,20.758697953161867,20.922550595487383,20.651565567343702,20.683074951171875,19.790123971435705,18.974593533740062,73.0485449835653,1.3588336995991697
2011-10-13,20.55073931110276,20.75240230358604,20.55073931110276,20.645267486572266,19.87156621097252,19.040110159341324,71.95648521679063,-0.2132348304575671
2011-10-14,20.758694479813617,20.79650717648773,20.279745675332286,20.44359588623047,19.926045227663753,19.09514881529776,66.26566009871713,-1.577728642647606
2011-10-17,20.267141443107583,20.5129179614606,20.235632064551563,20.44359588623047,19.97533576657487,19.14802909258924,66.26566009871713,-1.1578503946186092
2011-10-18,20.393184230899287,20.657865932827384,20.235634911938707,20.519224166870117,20.02713466184108,19.201801448443394,67.38741848480542,-0.6105191893693184
2011-10-19,20.53182836334301,20.651564980089955,20.2923527258373,20.38688087463379,20.061396205916576,19.248275151431255,63.413566573063164,-0.2774218973623881
2011-10-20,20.418389825792545,20.588540950797334,20.330160200219616,20.44359588623047,20.09779617547028,19.295150474364558,64.38289782707899,0.0
2011-10-21,20.62635654983763,20.66416925183243,20.40578846489755,20.519224166870117,20.137932174651215,19.343153364266737,65.68836060953349,0.0
2011-10-24,20.487720010574833,20.56964636007133,20.393191826398304,20.500324249267575,20.17244570556706,19.388532614658928,65.0467202351792,0.5564528253801517
2011-10-25,20.487703580365302,20.53181958241725,20.216721079831427,20.235626220703125,20.17846289748478,19.421751971758702,56.69420277324415,-1.0172851522046527
2011-10-26,20.241941954812297,20.506626140880552,20.10960106378445,20.48771858215332,20.207915819834167,19.463554583931042,61.73385291492451,-0.15354179310378163
2011-10-27,20.909947349689418,20.966665204866263,20.418394207498046,20.790210723876953,20.26337247736205,19.515580314909315,66.73611472340079,1.4140579977398917
2011-10-28,20.412094562328488,20.61375754947741,20.008768588030648,20.22303581237793,20.259530890220706,19.54332366775122,52.79920051650661,-0.06221901999906497
2011-10-31,20.096994836661793,20.21673388203581,19.89533185962507,19.907936096191406,20.226045671741726,19.557622194356718,46.93488715422604,-2.829902625014372
2011-11-01,19.58023620316892,20.00877069703268,19.54242468959457,19.731483459472656,20.178944508668483,19.564440283184794,43.98847465093791,-5.092431618253775
2011-11-02,19.90793048766503,19.945741984705503,19.466791948171565,19.643247604370117,20.127925755878163,19.567530766368535,42.55001040635485,-2.8669691998119347
2011-11-03,19.775594743272308,20.040277710865144,19.72517899715968,20.002466201782227,20.115977226916645,19.584587057953385,49.75381115764354,0.47483629209009215
2011-11-04,19.794496995528466,19.901630584060378,19.592834052881553,19.750383377075195,20.081158765026984,19.591088874389534,45.44708826479955,0.09578558875899229
2011-11-07,19.662159947060815,19.82601021818086,19.599139964780544,19.781896591186523,20.052657605613607,19.598571529950203,46.07549505494663,0.705835356805055
2011-11-08,19.800801564918352,20.00876665052864,19.73778158703515,19.99616241455078,20.04727711122667,19.614163329346304,50.27004960334534,-0.03151505003359857
2011-11-09,19.756691446809462,19.788200840339325,19.43529058437833,19.51721572875977,19.996795074801252,19.610361462656638,42.341636494913736,-1.1805727709876768
2011-11-10,19.636948143561337,19.7944974715437,19.52981455245309,19.73777961730957,19.97212693599252,19.615358253035186,46.52441102173154,-0.22301690676418087
2011-11-11,19.945743351351584,20.134803253519607,19.933139117472535,20.033971786499023,19.978016921755046,19.63177447003377,51.6019562058286,0.189083140876717
2011-11-14,19.90793489098734,19.99616213759819,19.79449917276992,19.857519149780273,19.966540943471735,19.640627202572848,48.63902000819815,1.743606392171231
2011-11-15,19.781890818502195,19.88902439651344,19.662154209317617,19.668455123901367,19.938151817798367,19.64171849360534,45.61666746806626,-0.3512274164182438
2011-11-16,19.54872703432089,19.687370053696753,19.4163849322748,19.435291290283203,19.8902603389874,19.633623309161333,42.139048476960575,-2.988326541516214
2011-11-17,19.42898605318259,19.466797561125436,19.107585230653044,19.30294609069824,19.834325648674145,19.620655575103957,40.26278450144519,-2.792761043809298
2011-11-18,19.403776895170814,19.523513525681626,19.30294421378406,19.416379928588867,19.79452129438031,19.6126447654367,42.62098861670471,-1.2816217324876467
2011-11-21,19.214716419176018,19.302943660604225,19.038260734313585,19.17060279846191,19.735100485245223,19.595309786339648,39.02617838537371,-1.3618961911500924
2011-11-22,19.202113153357654,19.321850988486972,19.094979553927445,19.22732162475586,19.686740593770047,19.580878878042245,40.27804177583786,-0.39177680747303856
2011-11-23,19.12649008688527,19.183207945358227,19.000450134277344,19.000450134277344,19.621379597627886,19.558116966522054,37.00527864246217,-2.1421593306335356
2011-11-25,19.006752014160156,19.139094082942275,18.968940509653574,19.006752014160156,19.562843637297625,19.53649481152747,37.15802502436348,-0.8546981335135705
2011-11-28,19.4100743171818,19.63064358937824,19.29033770822285,19.60543632507324,19.566900083752447,19.53919840029397,49.64879200481686,1.9665489957298221
2011-11-29,19.681065581531065,19.945748551974592,19.636951953458176,19.851219177246097,19.593978092656606,19.551434509194053,53.71610476144844,4.477625724423983
2011-11-30,20.3049593847167,20.62635897542657,20.273447594009447,20.620058059692383,19.691699994279062,19.593341315095948,63.61682362640896,8.488068052502094
2011-12-01,20.342773459318146,20.85953518978071,20.33647254241557,20.733497619628903,19.79091881574095,19.638053327038417,64.81283412739577,5.75381886866244
2011-12-02,20.821717186052023,20.92884956189474,20.638959411249154,20.65156364440918,19.87288498989983,19.67779882968041,63.1969338138818,4.031714425280512
2011-12-05,20.72089385370476,20.91625353429667,20.59485387666999,20.68938446044922,19.950646844237866,19.717468854416442,63.64748031686781,0.3362085623432535
2011-12-06,20.714587720797972,21.01708218221252,20.68307833181959,20.87213706970215,20.038407818091606,19.762749960898233,65.82462025166005,0.668673721224886
2011-12-07,20.846927290553065,21.25025316732113,20.840623971471896,21.13051414489746,20.142417944454067,19.81638777203546,68.68051087130287,2.31919727113711
2011-12-08,20.94776107243319,21.21244280677935,20.94776107243319,20.99187469482422,20.223318587346462,19.862485298419333,65.51678857547424,1.4620552629453731
2011-12-09,21.086400994410308,21.212440934694897,20.97926860777615,21.136817932128903,20.31031852494479,19.912459127192257,67.21702387663,1.2681061912484428
2011-12-12,21.029686898804513,21.168331098289965,20.815419683241696,20.909950256347656,20.36742630888792,19.95157642637482,62.05919630765513,-1.0438169513403244
2011-12-13,20.99187237726585,21.225044699020163,20.966663908964883,21.13051414489746,20.44010134088883,19.997809278081593,64.88069542326983,0.6604433957841093
2011-12-14,21.080092083844416,21.332169464792585,21.01707093559913,21.262849807739254,20.51845833773173,20.047418710617187,66.49083727766208,0.5962670256944282
2011-12-15,21.41410499026027,21.678789119012556,21.388896520091095,21.59686279296875,20.62116352394478,20.108181223650583,70.20402549044036,3.285098855807019
2011-12-16,21.68509002076411,21.741807876602685,21.47712615203069,21.565353393554688,20.711086368669534,20.16532523031349,69.42249653711502,2.057873488905287
2011-12-19,21.615767943589617,21.85524360217272,21.54014493709412,21.59686279296875,20.7954460281266,20.221463958260752,69.78473465824003,1.5708759091545748
2011-12-20,21.76701980639193,22.189250930512216,21.716602858072388,22.075815200805664,20.917385949334133,20.29418361483114,74.69244797697942,2.2176943587975457
2011-12-21,21.993879961658735,22.239656448364254,21.981275731057018,22.239656448364254,21.043316473051288,20.370476667126557,76.12127444318702,3.1267888010177383
2011-12-22,22.18294283756338,22.277470979063057,22.056902911552186,22.11362075805664,21.14525021448037,20.438835258927735,72.7200260087004,2.3927455114273846
2011-12-23,22.145139209807105,22.20185707954474,22.04430770849715,22.12623405456543,21.238677246869422,20.50500776071745,72.85076635268807,0.2283895444002701
2011-12-27,22.113623652560666,22.252267829721603,22.069510033284356,22.20185089111328,21.33040807013074,20.571550628576112,73.66559040526225,-0.16999164235629927
2011-12-28,22.214453640930373,22.239662108549577,22.056904324328027,22.094717025756836,21.403199399237987,20.631282644151828,70.43993361598565,-0.08548456404597381
2011-12-29,22.07581379403383,22.245967377750695,22.025399252939348,22.227062225341797,21.481662525533586,20.693862235571043,72.06711291502813,0.45569512881277124
2011-12-30,22.245963068489665,22.334190301323723,22.195548537160978,22.208152770996097,21.55085207272049,20.75324617813673,71.46182832702164,0.028384479806314263
2012-01-03,22.2648768346686,22.33419653408901,21.93087055485681,22.06321144104004,21.59964820303664,20.804617364917252,66.82860917435335,-0.14259329359171857
2012-01-04,21.99956934931238,22.044115578826712,21.738654678905235,21.85320281982422,21.623796261778313,20.8457383631489,60.688903202382164,-1.682000984778496
2012-01-05,21.63684428050577,21.795938723744783,21.484112546857354,21.738664627075195,21.6347361060923,20.880755079381306,57.58171450377849,-2.114035096759847
2012-01-06,21.77047316831652,21.87865860305777,21.719564231887514,21.776838302612305,21.648269648618015,20.915895597939386,58.34713753721171,-1.2979667044075385
2012-01-09,21.70046825023031,21.7450144737796,21.414100363866883,21.57955741882324,21.6417256267328,20.941921551699537,53.02222949973349,-1.2521981480570052
2012-01-10,21.821387804707093,22.08866522311254,21.732295331905277,22.031391143798828,21.678836628358138,20.984645849428922,61.65385499962691,1.3465708301099881
2012-01-11,21.91047569344572,21.95502192052676,21.61774265045965,21.700469970703125,21.680896946676707,21.012717383596538,53.84988544945961,-0.3506860401310814
2012-01-12,21.770469862809865,21.776834996139204,21.566829292838584,21.71319580078125,21.68397302802,21.04018712544692,54.09054533824507,0.6192823113297142
2012-01-13,21.566829880238934,21.585920425572738,21.45864688656454,21.50955581665039,21.66736186503242,21.058593740788233,49.63048187808617,-2.3685990763924973
2012-01-17,21.5732044885209,21.75775217216951,21.426835484720502,21.458656311035156,21.647485145604108,21.07428246903321,48.55285201812264,-1.1143245284292507
2012-01-18,21.465015411376953,21.585926277247022,21.40774133226212,21.465015411376953,21.630107075677714,21.08960532951728,48.702710847931456,-1.1429933745421632
2012-01-19,21.382286004764683,21.388651140099533,20.72681786537036,20.81591033935547,21.55256452936131,21.07887219264819,36.890327108851885,-3.224824739328071
2012-01-20,20.739547409395307,20.885913975459,20.701363877018153,20.77773094177246,21.478770854352845,21.067062731829537,36.3321471635614,-3.1731966782679124
2012-01-23,20.790447205587697,20.841358559677513,20.656808542482395,20.66317367553711,21.40109493256087,21.051223945308266,34.63858880766251,-3.7355749365772604
2012-01-24,20.61227249397351,20.72045796101235,20.504089454522845,20.52318000793457,21.317483987358365,21.030516339921064,32.636500976335434,-1.4062816693990543
2012-01-25,20.624995452416456,20.835001200544703,20.542265694585247,20.809545516967773,21.269108894940214,21.021850817452307,40.24492537092043,0.15311862149177743
2012-01-26,20.879551920583427,20.981372249187437,20.51045171215131,20.669546127319336,21.21200767897632,21.008034947251016,37.986088909470986,0.030839656493672287
2012-01-27,20.682268451190424,20.707724133443655,20.370442412557065,20.548629760742188,21.14882882962069,20.990019057584004,36.101393146552475,0.1240049193047955
2012-01-30,20.402269123680032,20.56772625095404,20.37044829787626,20.52318000793457,21.089243227555347,20.97171164387226,35.699910329957184,-1.376125724608955
2012-01-31,20.548635490790964,20.66318366528512,20.29408345245103,20.516817092895508,21.034726452825836,20.953872641873172,35.59333200616193,-0.7389085056974871
2012-02-01,20.701360706022275,20.745906939844755,20.561359297260616,20.637723922729492,20.996916688054757,20.941474652887145,39.30149767641386,0.4335771437057939
2012-02-02,20.720449947961207,20.720449947961207,20.472260711648136,20.561355590820312,20.955434678794333,20.926568023002172,37.820341359587104,0.18601202577272594
2012-02-03,20.637722638900687,20.720452394105003,20.47862826297798,20.529537200927734,20.91487301423561,20.91099818684239,37.19143738976985,0.06199844729634616
2012-02-06,20.510442721115396,20.605900299406315,20.42135027609031,20.446805953979492,20.87029519897312,20.892794569867377,35.53676202867554,-0.9250921732688324
2012-02-07,20.38953369217454,20.4977166913716,20.37680585210654,20.459535598754883,20.831175237047574,20.875804021980613,36.00852446639145,-0.4952007741692263
2012-02-08,20.39589840301201,20.46590031647245,20.319533782685856,20.41499137878418,20.79153867911773,20.857732937933694,35.04211470823188,-0.5579561829497955
2012-02-09,20.402268784809,20.44681502708858,20.236809232695013,20.35772132873535,20.75022274098607,20.83812463953376,33.78660124260481,-0.43568968886703985
2012-02-10,20.204992954469315,20.325905063193083,20.141354938625536,20.30044937133789,20.70738718197196,20.817039334898627,32.53134543221387,-0.7775651927635825
2012-02-13,20.332266853344475,20.383175804126225,19.92498432294388,20.35772132873535,20.674085672139903,20.799026864068697,35.12693968169695,-0.28052938640152814
2012-02-14,20.30681330545487,20.383177953474,20.147718872655137,20.268630981445312,20.635470939692798,20.77822702553445,33.000152613998495,-0.4376243581067502
2012-02-15,20.26226123341286,20.35771762289173,20.166804843933992,20.281352996826172,20.601745421324548,20.758741769506674,33.61822946110156,-0.09406872804835952
2012-02-16,20.29408020527856,20.446811889362184,20.243170048515314,20.389537811279297,20.58153517274881,20.744263182909524,38.789416575168595,0.15628705212226124
2012-02-17,20.777726504364143,21.165914743148686,20.682268907601745,21.07682228088379,20.62870537352357,20.757304716163418,60.07038709056613,3.9873995445391754
2012-02-21,21.102275648385383,21.121366194608264,20.52317227961448,20.567718505859375,20.622897100412693,20.749869962818163,47.027557866743194,1.4119645226727056
2012-02-22,20.54863198332039,20.663180138262184,20.472264928300703,20.510448455810547,20.61218770568868,20.74048088411198,45.82226155940132,0.5930033610882705
2012-02-23,20.516809679284297,20.62499267855527,20.484988865298927,20.586809158325195,20.609770701177872,20.734454541924265,47.74532489274307,-2.324890896874074
2012-02-24,20.60590542181472,20.803180905528844,20.58681244485799,20.745906829833984,20.622736046764167,20.734903651254058,51.60007307881467,0.8663494880282745
2012-02-27,20.65681763637216,20.835005026544177,20.59954355160045,20.77773094177246,20.637497465336384,20.736583152843014,52.357159849569875,1.3031528127616037
2012-02-28,20.75227196946082,20.771362518834284,20.618633268671257,20.65045166015625,20.638731198176373,20.733205447247457,49.05234715530519,0.30914213728608836
2012-02-29,20.69499692128556,20.707724762799003,20.47226333618164,20.47226333618164,20.622877116081636,20.72297242328409,44.78991733059495,-1.3190240171079257
2012-03-01,20.395897589953684,20.80317878557407,20.395897589953684,20.771360397338867,20.637018380963276,20.72486999089408,52.284903585537315,-0.03066044339223841
2012-03-02,20.720451460024176,20.822271758921133,20.65681225597144,20.73954200744629,20.64678253586642,20.72544536409221,51.48419024083412,0.4314208171142973
2012-03-05,20.656813737095124,20.968639790343364,20.63135805364882,20.949546813964844,20.675617229018652,20.73423365624408,56.246812838555336,2.331366444176578
2012-03-06,20.796816384097493,20.88590884349821,20.535901712600776,20.574085235595703,20.665947515359324,20.727953326022575,47.30560076036135,-0.9497459866347419
2012-03-07,20.567725798715323,20.701364524835316,20.421359228071314,20.669546127319336,20.666290240307898,20.725662847642056,49.50348372851261,-0.3374996424791923
2012-03-08,20.83500511325412,20.924097594916883,20.76500318406536,20.86045837402344,20.684782443518902,20.730948946715838,53.66579721442628,-0.4252523490485096
2012-03-09,20.8795433154234,20.96863576278541,20.84135979758806,20.943180084228516,20.709391742634104,20.739271736422218,55.381943928099915,1.7939793891503517
2012-03-12,20.885915300262557,21.051374856804028,20.885915300262557,21.03228187561035,20.740143183869936,20.750762330115872,57.2199446372824,1.754928463627853
2012-03-13,21.10864015525972,21.28682750302675,21.0386406706088,21.26773452758789,20.79038997850974,20.77103574962458,61.70880211556615,1.9523835299401264
2012-03-14,21.26137140882418,21.401375230587924,21.24864356797407,21.3504638671875,20.843730348860003,20.793758420901558,63.171061219244834,1.9447084030265955
2012-03-15,21.28682770888737,21.363192328618908,21.0704592633251,21.14682388305664,20.872596399735873,20.807604125299797,57.36404147653659,0.5446009525914319
2012-03-16,21.13409222305328,21.26136818466629,21.070455456040303,21.115001678466797,20.895682616757867,20.819658931306346,56.49014554809149,-0.7181434812578327
2012-03-19,21.064094024013382,21.134095936580103,21.032275634916,21.09591484069824,20.914752352371234,20.83049249638054,55.939682244910145,-1.1922411994076882
2012-03-20,21.108646095094848,21.14046692058463,21.000463056711673,21.051374435424805,20.927763979328716,20.839154533205807,54.602552683612466,-0.45136540673756875
2012-03-21,21.05136902565634,21.102277963698768,20.90500006326398,21.07682228088379,20.941960008048248,20.848474837036317,55.260552316411875,-0.18081645535431515
2012-03-22,21.019548312062316,21.08318751941378,20.89863745947584,20.93682098388672,20.94147057717572,20.851939391814764,50.89040711599923,-0.7541453310410413
2012-03-23,20.981365515482985,21.019546609213172,20.841361698239385,20.975000381469727,20.944663891870388,20.856765312977704,52.005105528334475,-0.3627984205466295
2012-03-26,21.089550876449415,21.37592124938965,21.06409519272415,21.37592124938965,20.985736021157937,20.877124369307584,61.8084202484648,1.4190894837934631
2012-03-27,21.40137322532291,21.484100541716085,21.32500618737771,21.42682647705078,21.027744636004876,20.89868131470928,62.84611714324056,2.3404006441148724
2012-03-28,21.36318970635031,21.54137460638139,21.305915641685004,21.42682647705078,21.0657524303902,20.919392889703065,62.846117143240555,2.1541172222348015
2012-03-29,21.45865473662813,21.477745288945687,21.1595564698502,21.356834411621097,21.09347452384076,20.93654745919005,60.23626028896979,-0.08929129905498752
2012-03-30,21.43319500938351,21.585924254318147,21.36955822859201,21.47774124145508,21.130071354089743,20.95777074476907,63.08789417902051,0.23762158366677738
2012-04-02,21.41410235880134,21.59228726959819,21.4013745183748,21.566831588745117,21.171667566914063,20.981655483748526,65.07537435658745,0.653410395815211
2012-04-03,21.50898029597756,21.791825606836547,21.50898029597756,21.772539138793945,21.228893430902623,21.012670529044424,69.19919957080803,1.9464716500618024
2012-04-04,21.58611528992455,21.746821916732724,21.58611528992455,21.663253784179688,21.270261083595678,21.03818359787326,64.82019649093824,0.863743261635634
2012-04-05,21.566835816803835,21.669687993206832,21.502554126122952,21.65040397644043,21.30646516862851,21.062192240170013,64.30492305955347,0.38750424396565347
2012-04-09,21.438261603526563,21.51540254481817,21.23898696899414,21.23898696899414,21.300038673425234,21.06912536679057,50.471143631869474,-2.4505739381087177
2012-04-10,21.21327881147807,21.27113330632421,20.872581481933594,20.872581481933594,21.259328464711746,21.061417763462845,41.83860993955325,-3.6498316925203014
2012-04-11,20.981861224386105,21.071856562009604,20.90472271387868,20.94972038269043,21.229841980709715,21.05703747402079,44.00982634281957,-3.2363534394668614
2012-04-12,20.98829155346348,20.98829155346348,20.82115524765341,20.924007415771484,21.200714879287027,21.05182060899141,43.42785692839735,-1.4830253141662595
2012-04-13,20.86614853682587,20.93685984734575,20.750439565463992,20.91757583618164,21.173749256134133,21.046556108096908,43.27371357151831,0.21556679171185436
2012-04-16,20.96900252361761,21.213277312618203,20.949718510761105,21.16827964782715,21.17322834105728,21.05132958024319,50.62983611046782,1.0432562399128817
2012-04-17,21.245416691671966,21.483261825252203,21.14899418182581,21.463977813720703,21.20091876702522,21.067511863908976,57.611860116490746,2.5806261067476766
2012-04-18,21.42541390695817,21.663259086233772,21.3547025815059,21.57969093322754,21.236992306663538,21.087597317607745,59.99603683090818,3.1653529177153588
2012-04-19,22.31893735549327,22.498927994750943,21.727535687350343,21.81110382080078,21.29166959372423,21.11597012165453,64.31846012242201,3.0367331860131417
2012-04-20,21.875393813585436,22.02967331463487,21.77254163028231,22.00395965576172,21.359506742489703,21.15079324063913,67.4727496453986,2.5157584802190573
2012-04-23,21.82396504005231,21.958958046679196,21.74682652943538,21.817535400390625,21.40312851943265,21.176939992001934,61.786740341305205,1.102168088963974
2012-04-24,21.753252456978572,21.9268159349558,21.746825269878187,21.836820602416992,21.44443252733592,21.202817662998605,62.14216000173361,0.11790683235245249
2012-04-25,21.933253929793327,22.0553926145853,21.920397097068378,22.04253578186035,21.501394742052533,21.23574778530691,65.7966200357871,0.17531447385894333
2012-04-26,22.081093907915683,22.081093907915683,21.52826506224177,21.701826095581055,21.52048344238858,21.254025366101974,56.13207703035001,-0.5303500266464498
2012-04-27,21.618256750573327,21.72110889662,21.393265995216577,21.41897964477539,21.510816414044466,21.26049416134407,49.61647458451141,-1.9134697548202284
2012-04-30,21.36112885444936,21.4896946722944,21.322558373439144,21.45112419128418,21.50513144044825,21.267969848792703,50.32221812909499,-2.6830469798437036
2012-05-01,21.566836125807345,21.688974772916023,21.46398394793071,21.54755210876465,21.50917150409743,21.27893385898768,52.472917391196276,-0.7108802095129666
2012-05-02,21.463980864832216,21.663258003676756,21.463980864832216,21.52826499938965,21.5109899322205,21.288711550768152,51.98810853356063,0.5102267074655685
2012-05-03,21.438260190721877,21.650394087011403,21.393262537361345,21.534685134887695,21.513246618188806,21.298357573674803,52.14660144966767,0.38954109285082283
2012-05-04,21.470410657883797,21.70182618737805,21.425412989466384,21.45112419128418,21.50733019657884,21.30434842142419,49.84045509955751,-0.4475121674783925
2012-05-07,21.354704663401883,21.6182635234801,21.34184783459449,21.50898170471191,21.507487483067706,21.312373256062926,51.44172741975235,-0.08957198677313119
2012-05-08,21.386844715948385,21.425415200939742,21.187567555110277,21.34827423095703,21.492324316200023,21.313781137431324,46.9575948263675,-0.865630970515865
2012-05-09,21.213278831570253,21.296846980246933,21.07185618799264,21.091142654418945,21.45411653888754,21.30505021652888,40.82562798547264,-1.6781476516344944
2012-05-10,21.245425248873765,21.412561590094548,21.19400038001404,21.335420608520508,21.44281216456687,21.30624121229326,47.799615991778616,-0.8069238171018629
2012-05-11,21.361125543161904,21.399696018193133,21.258273395267267,21.28398704528809,21.427685962730795,21.305368499861682,46.55548693333089,-0.301135281350842
2012-05-14,21.187561138342197,21.33541094108138,21.05899534616379,21.155420303344727,21.401755899932123,21.299488178429645,43.50711456212946,0.3047613397670231
2012-05-15,21.07828800456998,21.27756271144132,21.071858364367472,21.200424194335938,21.382581451780105,21.295603316308323,44.86795545359289,-0.6327337841685585
2012-05-16,21.37398700264961,21.399700658245862,21.14899864665528,21.226137161254883,21.36768199553961,21.292879153365053,45.67317576657513,-0.2718000340355105
2012-05-17,21.309701954036814,21.444694946336963,21.052570343017575,21.052570343017575,21.33767136196608,21.283455278449466,41.289399464971474,-0.4861636349096366
2012-05-18,21.104004107675717,21.206856293136717,20.956151792147843,21.033292770385746,21.308682924672716,21.273644984015597,40.82076028674379,-0.7883399993234278
2012-05-21,21.052574847837775,21.142570195295036,20.90472499813094,21.0268611907959,21.28184275954159,21.26396718820306,40.654968261604125,-0.9388235313146504
2012-05-22,21.007582707735484,21.226143945784234,20.988298685969102,21.104007720947266,21.264906089199272,21.25769426791852,43.613272721823144,0.24432825584525877
2012-05-23,21.058999231068977,21.1232833651114,20.801870051466217,20.904722213745117,21.230602862965544,21.243852226578387,38.30172768359233,-0.6112716541541803
2012-05-24,20.898291134117414,21.226134064669235,20.898291134117414,21.206850051879883,21.228340690481197,21.242401160903935,48.53498716989429,0.8559949078979558
2012-05-25,21.168290750101757,21.406136024768603,21.16186110765151,21.271142959594727,21.232417097063436,21.243528290264358,50.41954094782682,0.7919597114322842
2012-05-29,21.264701366904298,21.51540330448289,21.24541490480625,21.431835174560547,21.251409294920304,21.25091287396225,54.867887038897706,2.52150186654404
2012-05-30,21.341840872244703,21.631113295568355,21.316127223018476,21.521831512451172,21.277163791828006,21.26153713429515,57.18475428616016,1.4852816887030684
2012-05-31,21.47683283247525,21.6439666401315,21.3289830347286,21.431835174560547,21.291894399707296,21.26821548881536,54.188966569427336,0.7554470169800501
2012-06-01,21.129709132025926,21.431838411242936,21.103997932326312,21.42541122436523,21.304610287769957,21.274380027464375,53.97161728261732,-0.029973868980390634
2012-06-04,21.868962615003927,21.901103456607185,21.393269821832977,21.637544631958008,21.336318320549772,21.288621776660204,59.71748374180418,0.5376546110394538
2012-06-05,21.573268847142145,21.79825725206852,21.5475551859535,21.79183006286621,21.379700391246576,21.308355434942793,63.30532629045862,1.679720310339899
2012-06-06,21.90111233044307,21.92682599501989,21.75968962746061,21.88182830810547,21.42752209761409,21.330844567223682,65.24965510128042,2.130260553511314
2012-06-07,21.965389773729733,22.05538758226984,21.920392095554455,22.016817092895508,21.483645430498036,21.357745450583362,67.98939243474204,1.7528442685558965
2012-06-08,21.958961061145352,22.100383726848037,21.913963386092565,22.09395408630371,21.54177006438429,21.386616377474358,69.47060604654929,1.3864095973854276
2012-06-11,22.196803456041938,22.228946750316712,21.96538546952235,21.97181510925293,21.58272673532416,21.40956534734803,64.38996816452054,0.41123986478830027
2012-06-12,22.048957941279344,22.10038526044512,21.836826380194392,22.016817092895508,21.62406867414048,21.433379141291066,65.39418679940934,0.0
2012-06-13,21.952534183573466,22.145381715414036,21.933247713856815,21.99110221862793,21.659024249805952,21.455250634519963,64.27871011163029,-0.46552041917902
2012-06-14,22.042525731576507,22.3896527003074,22.02323926518769,22.209659576416016,21.7114657094831,21.484835298908045,69.10271158389625,1.0824980366001857
2012-06-15,22.273948169550852,22.312516205671105,21.984675637701592,22.00395965576172,21.73932227579535,21.505193116823875,60.782873031771125,-0.05839825565857093
2012-06-18,21.95253291434686,22.26751662596423,21.933246445745297,22.22894859313965,21.785953353637662,21.533575684522532,65.65378634272074,1.081557314167941
2012-06-19,22.344657843528697,22.43465565276807,22.30608980604424,22.389657974243164,21.843449031790566,21.56714753902138,68.64914457017122,0.810450953594467
2012-06-20,22.344654836787495,22.40250933741872,22.145380130760447,22.33180046081543,21.889958691697696,21.597133928111344,66.40388473059419,1.4899173157130656
2012-06-21,22.40250349281368,22.486071627965355,22.312508171352764,22.363935470581055,21.935099337305637,21.62720457683565,67.04851373355984,0.6072571398319138
2012-06-22,22.42821930540408,22.74320541308312,22.376794453404973,22.730348587036133,22.010837361089493,21.670465126255277,73.33185730760121,1.5216427744671035
2012-06-25,21.78539490158988,22.12609224335111,21.772538074253163,21.939674377441406,22.00405993407539,21.681022351791988,50.8145976632427,-1.7559089517303759
2012-06-26,21.92038781324134,22.299655635332687,21.92038781324134,22.19037628173828,22.02180434813852,21.70099701571145,55.482272369041674,-0.7760672940193565
2012-06-27,22.408939548853215,22.608214259960267,22.318944201619153,22.55678939819336,22.0727553052866,21.734557501298976,61.267702754055335,-0.7635570927485026
2012-06-28,22.492501425308777,22.57606710886201,22.28679467913147,22.550355911254883,22.118241077283578,21.766549595807053,61.11751708900295,2.783457599723474
2012-06-29,22.691777080989148,23.109615325927734,22.691777080989148,23.109615325927734,22.212657672392545,21.81921884012551,68.37490433132659,4.142512197713145
2012-07-02,22.974627799981725,23.36032284687912,22.955341331104343,23.17390251159668,22.304204799935796,21.872343689987126,69.08912658404353,2.7358198124275024
2012-07-03,23.044106584665208,23.05059744088216,22.563887197136008,22.654739379882812,22.337589045645036,21.903025873904603,57.74698734860435,0.4628905594161017
2012-07-05,22.628789913983248,22.70666536636884,22.51847006974294,22.56389617919922,22.35914210598353,21.92894235646518,56.01415584704358,-2.361437605221617
2012-07-06,22.44708088022208,22.61580604143724,22.304311722283774,22.460060119628903,22.368753345378327,21.949770504040227,54.018835305666435,-3.0803719468939517
2012-07-09,22.38218833389962,22.732617914136043,22.36920909381132,22.72612953186035,22.402789172662327,21.980215956111607,58.13417739333416,0.3151223714404449
2012-07-10,22.778042670048713,22.79102190936969,22.47952759227665,22.531444549560547,22.415042065700252,22.00183276369784,54.30432052751477,-0.14382103773632754
2012-07-11,22.583351235308527,22.628777319482005,22.343241579600715,22.44707298278809,22.418092629232426,22.01929316444648,52.68444455784222,-0.05782325056851979
2012-07-12,22.41462968611821,22.75208241884657,22.362712738527858,22.654739379882812,22.440630415008652,22.044212623875357,56.15147137715286,-0.314132469752297
2012-07-13,22.713150665015966,23.03762424594477,22.68719218441279,22.95326042175293,22.48945232041287,22.079861557125458,60.61868643319216,1.872120854322276
2012-07-16,22.979219703337797,23.09603039458677,22.829962147972346,22.992198944091797,22.537332951239435,22.115639493869235,61.17432206013102,2.428494626990778
2012-07-17,23.031128929730272,23.40102850258289,22.992191220548232,23.349111557006836,22.614645199407757,22.16401094732561,65.92065537302975,3.065019488772487
2012-07-18,23.297202647118805,23.45943942745936,23.25177654666639,23.420501708984375,22.691393438415055,22.21328509484164,66.79504142771115,2.03562055518979
2012-07-19,23.42699089371377,23.45944023132324,23.310180209822978,23.45944023132324,22.764540752025358,22.26215392372327,67.28803858718354,2.0321731225777633
2012-07-20,23.401028749685217,23.401028749685217,22.96623299027133,22.985700607299805,22.785603595384828,22.290528303471373,56.33014093338366,-1.556423030571265
2012-07-23,22.78453774815599,22.829963856425884,22.648259423346317,22.69368553161621,22.77684949407353,22.306338390849604,50.83473041123165,-3.1033330814145157
2012-07-24,22.713153214741975,22.713153214741975,22.414638080905736,22.53793716430664,22.75409593885764,22.315420695691056,48.1373370891435,-3.928069288653356
2012-07-25,22.58985380869454,22.81049596436499,22.375700036042097,22.68070602416992,22.747106423173094,22.329745610533365,50.718765037505804,-1.3268883482847857
2012-07-26,22.985708711467858,23.3296524119662,22.816983528148324,23.232309341430664,22.79331622491191,22.365140266646986,59.17390980224963,2.3734523379380463
2012-07-27,23.355609356219787,23.47890842531342,23.323160017819976,23.39454460144043,22.850576070295578,22.405509064089866,61.27816522947738,3.8007357589513533
2012-07-30,23.32964734333558,23.35560581991023,23.083046766949543,23.121984481811523,22.876424490439952,22.43360613929464,56.051225162447345,1.9456116452960166
2012-07-31,23.160925337701748,23.232309927824637,23.050605498811592,23.102519989013672,22.89795739506602,22.459838054969897,55.685922657208046,-0.5586588509543308
2012-08-01,23.186883820571374,23.362099866635603,23.063584740246405,23.102519989013672,22.917439546870558,22.485041268069654,55.685922657208046,-1.2482594442499964
2012-08-02,21.467173665433155,21.72026266675045,21.032377772358643,21.12322998046875,22.74656244530848,22.431636903850013,31.48578696488686,-8.644389943757018
2012-08-03,21.389299722126317,21.480151936606987,21.12972232011543,21.181636810302734,22.597521908641266,22.382617292338356,32.4191167600467,-8.314604552336313
2012-08-06,21.27248615164939,21.29844463100559,21.11024936897839,21.149187088012695,22.459585259057594,22.334247480404017,32.15701962099408,-8.455064217799087
2012-08-07,21.214076020674774,21.272481348269736,21.103756221626668,21.116735458374023,22.331694801849636,22.286501910912644,31.879443537490214,-0.03074587598928581
2012-08-08,21.116741803865708,21.116741803865708,20.76630973299257,20.83120346069336,22.18879086459666,22.229431383453065,29.46911469064783,-1.6544205376938785
2012-08-09,20.85067731561254,20.915571055003717,20.584607785480006,20.617055892944336,22.03910181967739,22.166200972060565,27.77308763297291,-2.516083444975386
2012-08-10,20.623541163974007,20.727372610419504,20.552156580379553,20.591093063354492,21.901196223837115,22.10443203446425,27.56594848392663,-2.4892218593905966
2012-08-13,20.55215195264231,20.578109189524643,20.428851673588685,20.48725700378418,21.766535345736834,22.04101340581013,26.708001839015235,-1.6511117927400414
2012-08-14,20.50673047728071,20.6040723036023,20.441835513810155,20.591093063354492,21.65458846170042,21.98415378453736,29.084900891856375,-0.12592888977290337
2012-08-15,20.55215250386703,20.759815355568165,20.55215250386703,20.688430786132812,21.562573444979694,21.93334111793326,31.333022366351067,0.4727176089138759
2012-08-16,20.67545713228616,20.81173544319815,20.6040725478455,20.714393615722656,21.48179441362188,21.885539255101474,31.952674069520867,1.1086726343918192
2012-08-17,20.77928365476166,20.811730510306624,20.422362054926054,20.48725700378418,21.387076565065907,21.8307046570106,29.4489347534641,-0.5042765784741521
2012-08-20,20.448320661314128,20.58459894080279,20.357468474988355,20.57162094116211,21.30941412469412,21.78132882501654,31.59299438850077,-0.564614330483679
2012-08-21,20.56513091097956,20.662472714062112,20.448320252173232,20.519704818725582,21.234203714601875,21.731853373789445,30.969267721636232,-0.9398720551940319
2012-08-22,20.474280880853133,20.643007278442383,20.467792498971733,20.643007278442383,21.177899292110496,21.68915352691309,34.28749202858448,0.7602300036038727
2012-08-23,20.714394388334153,21.03237836342422,20.68843590656262,20.8636531829834,21.14797109124125,21.656780964406043,39.85864733756765,1.4195879005186058
2012-08-24,20.948016101654876,21.24653371327262,20.896101609767392,21.136211395263672,21.146851120195766,21.636366471498498,45.95412646076397,3.0044612336503334
2012-08-27,21.168650361905335,21.40227167705369,21.071309797617747,21.3438663482666,21.16561447525013,21.624895878430582,50.10341101775927,3.3951403512613694
2012-08-28,21.272488697156337,21.512600946628236,21.23355344899981,21.389299392700195,21.186917800721567,21.615656800558803,50.989974494601675,2.5194351396979657
2012-08-29,21.35036277770996,21.49312947103931,21.259508094907854,21.35036277770996,21.202483989006176,21.60525311338826,50.16729494925021,1.013196634162532
2012-08-30,21.272491023404644,21.395792590816296,21.246535013640926,21.330896377563477,21.21471374029735,21.59449402570886,49.7352564949731,-0.060766735002434694
2012-08-31,21.44121730812012,21.58398401691817,21.317915748726087,21.4217472076416,21.234431213377754,21.587719640686615,51.82066185619121,0.1517011583487402
2012-09-04,21.44121931280508,21.564518408189933,21.350367087201775,21.506113052368164,21.260305674233983,21.584519382321186,53.74001524265518,0.729497087612995
2012-09-05,21.54504750075474,21.61643208872686,21.311426113041303,21.467174530029297,21.280007470024014,21.57991762340778,52.696559895011404,0.6388768200531979
2012-09-06,21.62939961505324,21.73971939086914,21.47365128242023,21.73971939086914,21.32378955772355,21.586184359386657,58.73592653697365,1.4843428976424085
2012-09-07,21.72674067181155,21.79163684342001,21.49311940509275,21.60993003845215,21.351041032078655,21.587115562487266,55.1264482470914,0.48273244835636386
2012-09-10,21.545050781428504,21.6229237640117,21.49962466862685,21.506113052368164,21.36580979591575,21.58393899346299,52.35496342170595,0.18138634073337478
2012-09-11,21.77866554260254,21.901964600270095,21.707280965597263,21.77866554260254,21.405129390838304,21.591575328723366,58.284447580211825,0.17914744451465248
2012-09-12,21.79164207354885,21.863024166146563,21.739725123801698,21.80461883544922,21.443176004610773,21.59992997604595,58.81012188783732,0.9009228472773679
2012-09-13,21.77217184207892,21.966855451328,21.661852037867792,21.87600326538086,21.48439764849364,21.61075637954928,60.29226315375068,1.7199305709590536
2012-09-14,21.85653686394948,21.90196295945209,21.50610486246948,21.571001052856445,21.492645591766287,21.609197347129953,51.727679320744805,-0.9535225624355584
2012-09-17,21.60993562053652,21.661852571234007,21.369825912401797,21.460678100585938,21.48960106879673,21.603373062951757,49.01545689413894,-1.577375589359599
2012-09-18,21.415256504174486,21.532067192240213,21.32440429690936,21.35036277770996,21.47634027916942,21.593451090981493,46.395850186147776,-2.4028177418620764
2012-09-19,21.428235744574785,21.48015023063901,21.317913438940717,21.35036277770996,21.46434242188757,21.583918215951236,46.395850186147776,-1.022846712611269
2012-09-20,21.317914495794632,21.48015129553595,21.298446871997545,21.467174530029297,21.464612146472493,21.57934003218959,49.697369200617445,0.030271314880688713
2012-09-21,21.52556750750446,21.87599942800365,21.46716466295723,21.811105728149418,21.497611535203628,21.588428883011545,57.91604192705358,2.1580099375195534
2012-09-24,21.8046214048634,22.038242755182253,21.75270692453516,21.97983741760254,21.54353780971781,21.603778237309232,61.260138546377334,2.9483088715933077
2012-09-25,22.096643702802435,22.219945210716915,22.005791523625163,22.04472923278809,21.591270326200696,21.621070433210363,62.49448017976774,2.6904085675126077
2012-09-26,22.07718254473711,22.096650167245777,21.811114309791925,21.84356117248535,21.615298025846855,21.629795560240755,56.4859088090149,0.14880237957879844
2012-09-27,21.98633373325357,22.057718327521695,21.914949138985445,21.96686363220215,21.648780464547357,21.643013916003948,59.082682561579006,-0.059025847889123045
2012-09-28,21.921431808061552,21.97983714491668,21.83057961196173,21.90196418762207,21.67289320007828,21.653168828616423,57.14950996926765,-0.6476153263596384
2012-10-01,21.927923472334236,22.148565589070703,21.92143261492438,22.005796432495117,21.704598269832264,21.666997362101863,59.43628824912067,0.7427143345752655
2012-10-02,22.057713926585492,22.161545367839864,21.901965526935523,22.031755447387695,21.735756096266115,21.681301600740525,60.01086874850023,0.2954077390020268
2012-10-03,22.018642215620535,23.32966586049088,21.887539351017672,21.998977661132812,21.76082481672961,21.693759485461793,58.8768151048153,0.44294417011954346
2012-10-04,21.972762160251463,22.254632515425477,21.96620564004009,22.084197998046875,21.791622262569348,21.709070799680816,60.943369173132915,0.35627688273979136
2012-10-05,22.149746082489585,22.182521174978568,21.992422137731477,22.05141830444336,21.816364742747826,21.722496192024447,59.70061519268038,0.08924780007938717
2012-10-08,21.979310606065933,22.077638379662872,21.87442881449947,21.998977661132812,21.833756449260683,21.733338602577717,57.67438185900872,0.0
2012-10-09,21.953095942492663,22.064531771870488,21.78266143798828,21.78266143798828,21.82889025771093,21.735272831417348,50.118056719379545,-1.365395112311806
2012-10-10,21.782659738588976,21.887541540647813,21.64500284224539,21.802324295043945,21.826360166028362,21.737902300579176,50.74970991107064,-1.1296053884625719
2012-10-11,21.841657906995536,21.8875435433085,21.579452127567503,21.599119186401367,21.804718167968648,21.73245982551338,44.48094454409472,-1.8176229863531534
2012-10-12,21.66467399692092,21.82855201883497,21.61223433021011,21.690895080566406,21.793877873930338,21.73082983551546,47.627466181181546,-0.42128165873173484
2012-10-15,21.664663157253575,22.647930796771096,21.631888069385443,22.241514205932617,21.8365099055496,21.750856673571036,61.66501553921564,2.0144178434613393
2012-10-16,22.32017938470553,22.523388971090167,22.293958308930844,22.372621536254883,21.88756815609296,21.77523960936256,64.13034664515624,3.5811754321005207
2012-10-17,22.46439611939229,22.57583195702718,22.411953960096024,22.53650283813477,21.94937145914456,21.805093069314413,66.98817785668157,3.8984456585471707
2012-10-18,22.48406638090341,22.52995203163457,22.41851616573902,22.47751235961914,21.999670592523092,21.831462453247934,64.98123703316169,1.0610705345932525
2012-10-19,22.45128717256478,22.470951733406256,22.116977135359875,22.16286277770996,22.01521270539803,21.84445854440331,55.44028373626229,-0.937568975566888
2012-10-22,22.057981755174485,22.313631057739254,22.00553959024835,22.313631057739254,22.0436335008591,21.862857466494916,58.57859574206822,-0.9889368461302973
2012-10-23,22.097303958320698,22.123525032572395,21.697441328009663,21.789215087890625,22.019403175814485,21.859969530079063,46.350502094306464,-3.0621594628284665
2012-10-24,21.53356994084632,21.769554680019436,21.435244633244213,21.6646728515625,21.985619335409535,21.852310836803905,44.00134948866688,-2.24785909268233
2012-10-25,21.77610643868807,22.110416412353516,21.723664285638087,22.110416412353516,21.99750477130896,21.862432624080363,53.15286332449157,-0.910719751796092
2012-10-26,22.16285795707538,22.17596849497802,21.920316756745724,22.03830909729004,22.001390897592874,21.86932974067682,51.68146872810967,1.1431986347128598
2012-10-31,22.025191099891924,22.084187250183255,21.65154964823969,21.79576301574707,21.981807289798034,21.866444771071734,46.97131745969463,0.6050872084833527
2012-11-01,21.939984906182996,22.1956341565635,21.920317848060197,21.9465389251709,21.978448397928783,21.869585718291308,50.020704266295574,-0.741177751365441
2012-11-02,22.064527108609504,22.123523270687834,21.743325226054356,21.74988174438477,21.956680145210306,21.864891444804776,46.28235667148569,-1.308754458574758
2012-11-05,21.697449101187697,21.7695558309227,21.61223433021011,21.690895080566406,21.931367281910887,21.8580680579719,45.19138312579853,-0.4811390870092446
2012-11-06,21.76299802887552,21.926876022314975,21.658116213097458,21.808883666992188,21.919702175728155,21.856139258325637,47.83993060617165,-0.627229918339568
2012-11-07,21.66466948762956,21.704001104911296,21.192702583146964,21.38279914855957,21.868568554093052,21.83757690107991,40.271627141311306,-1.6877452490975942
2012-11-08,21.33035664252113,21.37624227292859,21.05504035949707,21.05504035949707,21.791089678417244,21.806889193566857,35.6053879795985,-2.931436064337517
2012-11-09,20.99604669344713,21.26480648953351,20.969826865928603,21.12714958190918,21.72785728827362,21.780232738207733,37.325974654490906,-3.125946726538848
2012-11-12,21.100924663690996,21.140256273245065,20.923937421856,20.937047958374023,21.652542113997466,21.747166668410333,34.694116079634384,-2.084625062830347
2012-11-13,20.851827454225607,21.107477875113354,20.81249710112341,20.891159057617188,21.580029441961248,21.713597742496876,34.06962638702236,-0.7783471277268896
2012-11-14,20.878051317197674,20.91082640745413,20.56995996751297,20.63551139831543,21.490075342566406,21.671319846646625,30.749004977164454,-2.327044553207175
2012-11-15,20.569970844594863,20.569970844594863,20.08489200061775,20.19632911682129,21.366861416304967,21.613477072927985,26.051452794562238,-3.537838013388487
2012-11-16,20.176660276541064,20.864947392336667,20.156994465982063,20.786285400390625,21.311568462408363,21.581038183808875,39.436280615415626,-0.5020001855202199
2012-11-19,20.91738723599127,21.009158513336367,20.832171228497952,20.996047973632812,21.281518892048787,21.55809739125295,43.36170121442656,1.7471656910175488
2012-11-20,21.009156247151815,21.100927514597863,20.884609884272106,21.074708938598633,21.261822706005916,21.53914098134494,44.80640331892278,4.349205326851954
2012-11-21,21.14026017212394,21.258252521968213,21.0026032641655,21.245141983032227,21.260234065722706,21.527611608862088,47.90687474850797,2.2074967884015417
2012-11-23,21.304138414575743,21.415574246004525,21.27136331713079,21.38279914855957,21.27190693075479,21.521932688850224,50.3336576171852,1.8420189142854235
2012-11-26,21.310685452022344,21.454898834228516,21.232024743809355,21.454898834228516,21.28933473108562,21.51930391023761,51.60530726716193,1.8040101846130816
2012-11-27,21.435239762696675,21.51390049102096,21.350022515007343,21.376243591308594,21.29761176539257,21.51369370165216,50.098327187816544,0.617089819315275
2012-11-28,21.291020900113804,21.48767392093569,21.04192574009737,21.454898834228516,21.31259148623409,21.51138802057672,51.61980438064244,0.3371854412886922
2012-11-29,21.540116104441253,21.65810841729288,21.47456343031322,21.51389503479004,21.331763252763228,21.511486334859597,52.782678589947494,0.27497776157025094
2012-11-30,21.48767616148733,21.50078669765302,21.330354728657213,21.38935089111328,21.337247789748947,21.506696709614644,50.047823825912246,0.06131713342758136
2012-12-03,21.441794196926484,21.553232523076232,21.238587103103235,21.415573120117188,21.344707345022112,21.503123235516707,50.62786091460911,-0.18329480094582892
2012-12-04,21.46145895852522,21.520455124744,21.25824938586514,21.435237884521484,21.35332930116491,21.500461064889443,51.086565764658594,-0.3656109232724177
2012-12-05,21.441791936991745,21.59911588068628,21.363131215434105,21.494234085083008,21.366748804395204,21.500216869602916,52.512025688239035,0.4903523931308397
2012-12-06,21.474571392514235,21.553234630634112,21.330360457120644,21.448352813720703,21.374520614807157,21.498182985058516,51.260876868918565,0.15306475068240552
2012-12-07,21.304128484059756,21.448341846290816,21.218911269961545,21.343460083007812,21.371562468921503,21.492115420272214,48.42051153669836,-0.42816320494369314
2012-12-10,21.304137510471236,21.540122202987643,21.27791643339618,21.507347106933594,21.38449433920837,21.49271274131776,52.819330902612,0.06100716033276278
2012-12-11,21.559784005489355,21.789214649709,21.494233821757582,21.67777633666992,21.412425958014232,21.499970137213925,56.932641711090724,1.0696556744555736
2012-12-12,21.88098673338465,21.99242255005229,21.68433367418455,21.769548416137695,21.446437620692656,21.510541834426622,59.005202835892646,1.9963414154629262
2012-12-13,21.71710821331237,21.762993842602594,21.435237918769964,21.494234085083008,21.450989664920307,21.50990231484452,51.06573124529491,-0.06096996428889422
2012-12-14,21.363127591216887,21.559780612038775,21.34346303930835,21.454898834228516,21.451361966759183,21.507745315604677,50.02994741518661,-1.0281382139015118
2012-12-17,21.448349991068337,21.60567144544471,21.40246435849361,21.500789642333984,21.456069364432974,21.507472544103866,51.27173965921763,-1.2345629255427317
2012-12-18,21.513897594487975,21.69744010272647,21.41556982188642,21.645000457763672,21.47406280189304,21.512865795619938,55.051876427537294,0.7014270528731976
2012-12-19,21.625343443278123,21.658118545379494,21.32380600243749,21.350027084350582,21.462249876412805,21.506479963805454,47.01744264674292,-0.48880095258535516
2012-12-20,21.32380600243749,21.389358707220236,21.19925961422027,21.350027084350582,21.451561991454497,21.50034455676801,47.01744264674291,-0.7011954467316773
2012-12-21,21.232021802944228,21.395899714360073,21.094364957493756,21.343460083007812,21.441266571602434,21.49419222446369,46.840935470946015,-1.3931178950273584
2012-12-24,21.25169487810483,21.336912126391383,21.186144687471774,21.277915954589844,21.425709369982187,21.485710802115694,45.024163638756924,-0.3377566195857221
2012-12-26,21.291025885381604,21.304136423250057,21.107483356382097,21.205808639526367,21.40476644327211,21.474734246720036,43.04610612298228,-0.6754953717596278
2012-12-27,21.159918906014205,21.20580452937043,20.878049898213188,21.06814765930176,21.37270751146541,21.45878967466442,39.48005754909447,-1.2899146747309067
2012-12-28,20.93049535134485,21.140258961145516,20.891164987079655,20.910829544067383,21.32871913361798,21.43730104209199,35.827306287968064,-1.7251990810842404
2012-12-31,21.199254505214256,21.454903740805673,21.087816184230142,21.36313247680664,21.33199659487404,21.434392470904328,50.117187194827935,0.7418902997503767
2013-01-02,21.76070480667992,21.76070480667992,21.53541117329642,21.674562454223633,21.364621914812098,21.443810901622733,57.18646601733418,2.8783488929750987
2013-01-03,21.68781700309513,22.052261945717824,21.61492750902548,22.025758743286133,21.42758732704772,21.466632385609532,63.4730135976747,5.33182673059026
2013-01-04,22.085390107699993,22.151651889572484,21.92635829239108,22.09864044189453,21.49149714750932,21.491417015267768,64.63359419634088,3.442884445370599
2013-01-07,22.045638259448936,22.224548158452393,22.00587966153959,22.13178062438965,21.552476526259827,21.516529313664705,65.17543076150835,2.109468973741241
2013-01-08,22.105277227400613,22.304065182493584,22.098649529852786,22.19141960144043,21.6133282477056,21.542995599459832,66.17962062229356,0.7521232756841734
2013-01-09,22.198046581666578,22.32394504035728,22.125157069051777,22.317319869995117,21.680375068876028,21.573361257127882,68.26033996193317,0.9895605509106985
2013-01-10,22.36369940700425,22.60224593844841,22.32394080918832,22.58899307250977,21.766910116841146,21.61318995577031,72.23049923702479,2.065863817646303
2013-01-11,22.53598039775243,22.68175938751816,22.496224329798565,22.615497589111328,21.84772797134307,21.652496137469956,72.59071370768454,1.9109998156376253
2013-01-14,22.615503734996413,22.72814932844519,22.602250866168394,22.675140380859375,21.926529153201766,21.69259983328915,73.42606977790535,1.6033310135296999
2013-01-15,22.54924136813415,22.77453510251333,22.54261619700233,22.728151321411133,22.00287412160266,21.733209695568444,74.17931080235533,0.6160444976660588
2013-01-16,22.661881625672635,22.7944077518033,22.648628760287007,22.748023986816406,22.07384077543254,21.773006334440915,74.47144320633826,0.5859981509709764
2013-01-17,22.807658002992387,22.834163733663154,22.64862867441901,22.70826530456543,22.134262159159483,21.80968315679874,72.69928461501401,0.14608475691738704
2013-01-18,22.668508534671375,22.84741843952311,22.595619033317803,22.834165573120117,22.200919627155734,21.849858937830952,74.74846397651184,0.4664446756349835
2013-01-22,22.77453288116748,23.09922184494038,22.74140197328688,23.092594146728516,22.285841009972188,21.898593651905365,78.34200603058622,1.5147256751259126
2013-01-23,23.026329553103317,23.13234996216684,22.933562011138473,23.12572479248047,22.365829941639642,21.94671644173184,78.75933364387075,1.8383592155368647
2013-01-24,23.152225702415375,23.834734387804865,23.12572249857288,23.728713989257812,22.495628422365183,22.016598698497567,84.58228556731734,3.9175874996314217
2013-01-25,23.761848502124863,24.32508148108004,23.75522080436243,24.31182861328125,22.668599869119095,22.106607714763594,88.00643338289359,5.27976397457044
2013-01-28,23.973888996406,24.22568842561184,23.881121450837018,24.126293182373047,22.80742780371471,22.185811066434553,81.7826922913594,4.326646619170707
2013-01-29,24.007026683619507,24.29195709848979,23.993773812261967,24.21244239807129,22.941238717462955,22.265286804930113,82.40490360202304,2.038578277071671
2013-01-30,24.199183895586614,24.298576616049463,24.08653577912399,24.265445709228516,23.067353669059674,22.343724409020247,82.79427411876534,-0.1907832799849369
2013-01-31,24.17930720408333,24.285327628452524,23.702214030558775,23.947385787963867,23.151166251812455,22.40661309054745,72.43539270766433,-0.7415453051855124
2013-02-01,24.132922096393365,24.4973696929934,24.07991314544109,24.457611083984375,23.27558956916216,22.48704438440772,77.33448733123902,1.012573130303515
2013-02-04,24.179300661402756,24.38471375618927,24.106411165423427,24.19917869567871,23.363550438354213,22.554186906418348,70.49975854155419,-0.2730920929451642
2013-02-05,24.298569137663833,24.576874230303236,24.185923583596363,24.192548751831055,23.442502658685342,22.61843639055218,70.32803724277944,1.023756689093004
2013-02-06,24.12628955152182,24.34495804264854,24.113036685902713,24.219057083129883,23.516460222918155,22.681205829476795,70.6360075607773,-0.9753773581374223
2013-02-07,24.23894267406888,24.364841131980963,24.04015217626661,24.17930603027344,23.57958839504723,22.739954856959017,69.4715583345636,-0.08212123913452725
2013-02-08,24.185926810760517,24.537118911743164,24.179301641641818,24.537118911743164,23.670781777589703,22.81043187871526,73.67792020787397,1.4242821764946532
2013-02-11,24.417848058497416,24.570254768269542,24.384717154178855,24.47085952758789,23.74697965854191,22.875546688474973,71.70757139227094,1.039687233048409
2013-02-12,24.4576032521686,24.4907341518704,24.19917869567871,24.19917869567871,23.79004623350732,22.927453826012375,64.134161431696,0.08218873354094004
2013-02-13,24.179305894163473,24.205809103025228,23.874494978854717,23.934131622314453,23.80376865148895,22.966931386651673,57.7284808395339,-2.4574494324194216
2013-02-14,23.894377979751884,24.31845969746355,23.881125110107593,24.23894500732422,23.845214018711356,23.016814273736873,62.3818642037949,-0.9477171000152925
2013-02-15,24.311831998778192,24.40460208628824,24.172680659102756,24.23894500732422,23.882712208103058,23.064740969171673,62.38186420379489,0.16432917887667384
2013-02-19,24.23895106346284,24.50400093939253,24.23895106346284,24.477495193481445,23.939358206710523,23.120143095615195,65.79909039543628,2.2702456046510555
2013-02-20,24.417849027945497,24.510619102537028,24.29857574548246,24.31182861328125,23.974831578764878,23.166875861013864,61.6131801419274,0.3006880288519496
2013-02-21,24.25881966981216,24.37146525451277,24.192555330818212,24.31182861328125,24.006926534433102,23.21177596894592,61.6131801419274,0.3006880288519496
2013-02-22,24.32507257660422,24.497357267195603,24.32507257660422,24.450973510742188,24.049216722653014,23.260371950977145,63.85315024202527,-0.1083512938297737
2013-02-25,24.503993887289923,24.576883403704716,24.079912185668945,24.079912185668945,24.052140100083104,23.292510783710156,54.68844049379383,-0.9539242452770978
2013-02-26,24.212426593768544,24.37145589080153,24.066647631717387,24.1130313873291,24.05793927029701,23.32468806228345,55.305054871489176,-0.8176975459737651
2013-02-27,24.132920116937072,24.663024749337612,24.06003313132191,24.583507537841797,24.10799339101556,23.37405353191319,63.00650397731539,0.5420398784587551
2013-02-28,24.563627762039943,24.616639232622273,24.351586935162736,24.49736595153809,24.145076492017708,23.418104999349463,60.93612978988225,1.733618306621525
2013-03-01,24.444353439269086,24.68289999127189,24.378091631590944,24.61663818359375,24.189987129310666,23.465106300692376,62.760762301501224,2.088525445744177
2013-03-04,24.139555780159796,24.484122893822743,24.139555780159796,24.477495193481445,24.21736884970788,23.504807825899793,59.28196291726557,-0.4312335991809347
2013-03-05,24.517245335702498,24.914821276001796,24.517245335702498,24.894943237304688,24.28189974376472,23.559322940072533,65.46650428899129,1.6229389174048559
2013-03-06,24.921448877683343,25.080478242097648,24.8419341954762,25.020841598510746,24.352275158502437,23.61663739726619,67.08999904638456,1.6419927526350255
2013-03-07,25.034090031747617,25.05397059457195,24.855180132682907,24.868432998657227,24.40143304804099,23.665727420850153,63.215563495911354,1.5971315777436703
2013-03-08,24.881691768550716,24.94795611414549,24.716034696153272,24.782299041748047,24.437705999822615,23.709514543238306,61.06910822784496,-0.4524782180979029
2013-03-11,24.709404603932263,24.954576314484743,24.689524040350403,24.86180877685547,24.47809674049241,23.754702552399763,62.340283585543304,-0.6356014086462332
2013-03-12,24.86843421012736,25.32564926147461,24.86843421012736,25.32564926147461,24.558816028205,23.81630830569682,68.75067787300216,1.8385407027538496
2013-03-13,25.285899515766104,25.557577057291176,25.153373330887028,25.504568099975582,24.648887654087915,23.882514572139122,70.8143875933181,2.914455422440054
2013-03-14,25.51118720954198,25.584076720291137,25.26601546879801,25.497934341430664,24.729749243358654,23.9458643670133,70.62814710785356,2.558645552641294
2013-03-15,25.491302207659785,25.829241405140383,25.35214839436735,25.815988540649418,24.833200605005395,24.01920256990099,74.13979320949225,1.9361370526469093
2013-03-18,25.471430974077613,25.928646119397953,25.451552933925033,25.762989044189453,24.921751884927687,24.087586353206422,72.5825132577858,1.0132339555835026
2013-03-19,25.802738719477237,26.114174752433843,25.74310208609673,26.067790985107425,25.030898465897184,24.165241436810383,75.73868306874972,2.2349129778360988
2013-03-20,26.167196029935944,26.478629651961413,26.09430650316615,26.41899299621582,25.16309794497515,24.253623850904717,78.77107096166094,2.3357790642683396
2013-03-21,26.379237378757303,26.438874035560666,26.293094979435395,26.312973022460938,25.272609857116652,24.33438264194614,75.69529532766833,2.13478326341767
2013-03-22,26.46537607070485,26.823195995575823,26.37260850375162,26.763559341430664,25.414605046098938,24.429644473298474,79.38035178509261,2.6690729441583
2013-03-25,26.80993052033884,26.80993052033884,26.49849705309014,26.677404403686523,25.53487165158347,24.517791921548987,76.97708430508303,0.9781273930755696
2013-03-26,26.70390819941025,26.995466140483945,26.60451551491033,26.955707550048828,25.670189356199216,24.61339645599996,79.17081811954102,2.44265263008953
2013-03-27,26.82981243154199,27.061731251564876,26.743670072222532,27.02197265625,25.79893062287072,24.70785042463722,79.66759773298395,0.9655416588006126
2013-03-28,27.134631727384836,27.33341972895922,27.041864161831892,27.29366111755371,25.941285908078626,24.809254765535904,81.60476802863386,2.310032507442994
2013-04-01,27.247264256254123,27.406296097815257,27.121365838823696,27.260517120361328,26.066926975915074,24.905382701019256,80.59595490011084,1.1307793340113896
2013-04-02,27.28702925596998,27.69123285911397,27.28040155849741,27.618343353271484,26.214680916615684,25.01177331483307,83.03441673173089,2.2069843109087297
2013-04-03,27.544838021866504,27.64507243564119,27.36441301811384,27.44460105895996,26.33181616826752,25.107178324406675,77.91453168016648,0.5530219663684991
2013-04-04,27.371093957531084,27.5381538609083,27.17062258330479,27.250810623168945,26.419339449686703,25.191242336122844,72.54172262748442,-0.03560643090344339
2013-04-05,26.87660725225609,27.23745482947834,26.76300515360388,27.13722038269043,26.487709062353723,25.267555200694122,69.51578657493806,-1.742041383246342
2013-04-08,27.077067990314596,27.224081513109105,26.823136237069097,27.217397689819336,26.557203217350448,25.344019612032366,70.4526693694854,-0.8278618029554082
2013-04-09,27.19735740029242,27.39782880857751,27.17730847507133,27.284229278564453,26.626443794608925,25.42010626562186,71.24594546058174,0.12263361944578227
2013-04-10,27.29091452077129,27.544846367710267,27.18399625087056,27.524797439575195,26.712001284605712,25.502643174404344,73.95643418983715,1.4282120696929705
2013-04-11,27.578250745301865,27.70521536150064,27.437921030166585,27.598297119140625,26.796410411704276,25.58482568204106,74.73989214537964,1.3994704183778908
2013-04-12,27.41786336032733,27.73193671230919,27.411182087556533,27.678476333618164,26.88041668998179,25.666929629161732,75.6021321297431,1.4449631361346413
2013-04-15,27.638383219612084,27.731936331906933,27.197345297985557,27.230756759643555,26.91378241090196,25.728256183298274,62.72639123896235,-1.0682755452683859
2013-04-16,27.45128471494721,27.464647264063363,27.103799807894884,27.43791961669922,26.963700240025506,25.795301808137527,65.6421689884858,-0.5811137612913713
2013-04-17,27.31763915356549,27.47133397587795,27.08375373333444,27.270862579345703,26.99295379615124,25.8531669364202,61.46647333197126,-1.4726741073437448
2013-04-18,27.210718532917006,27.284225300033793,26.936740386747463,27.09711647033691,27.00287405083559,25.901949271083602,57.378306269180506,-0.49076964876973733
2013-04-19,27.204027513696936,27.57155870293772,27.07706293534283,27.49805450439453,27.05003409403168,25.96454163317423,63.42384777965099,0.2191670816715758
2013-04-22,27.511410467768364,28.06605030451164,27.36439955672497,28.01927375793457,27.142342633451005,26.04511936355699,69.48372587525036,2.7443619592571884
2013-04-23,28.213071251177375,28.64742537738421,28.06605775199255,28.266529083251953,27.249408009622524,26.132233470211695,71.86506716306633,4.315634891244584
2013-04-24,28.2398026078399,28.253167704899656,27.65843490596428,27.698530197143555,27.292181551291193,26.193656871267848,60.23627171378906,0.7290540962342806
2013-04-25,27.277546918296785,27.33768859892451,26.74963689380144,26.876604080200195,27.252602744520622,26.220439114755393,48.10565216718019,-4.078155942249541
2013-04-26,26.816454513585636,27.003560776456883,26.542476393324893,26.916688919067383,27.220610951620316,26.24774302864998,48.64878699266822,-4.7754011828228204
2013-04-29,26.816448991154697,26.91668337599473,26.602612577871945,26.669435501098633,27.16811805157063,26.264279988353852,45.486393272220916,-3.71534044846556
2013-04-30,26.615992978094624,26.615992978094624,26.181636079947182,26.5424861907959,27.10853406483018,26.275190035508444,43.90819265383282,-1.243155156087741
2013-05-01,26.375426237528817,26.615992978094624,26.181636079947182,26.5424861907959,27.054624743493584,26.285672237676582,43.90819265383282,-1.3902257049395281
2013-05-02,26.65606953801533,26.749622647136633,26.50905605274983,26.736257553100582,27.024304058694252,26.303342250046153,47.15399086349209,0.250556679383772
2013-05-03,26.963466066580068,26.983514987414335,26.76967852548131,26.863231658935547,27.008963830145802,26.325298697453583,49.22729327641352,1.2084228501958227
2013-05-06,26.809779119496227,26.83650932234809,26.62935407394484,26.742956161499023,26.983629766465157,26.3416774215338,47.33294148121782,0.755279551667024
2013-05-07,26.84987442377402,26.863239525199948,26.495708157950432,26.742956161499023,26.960708470754096,26.357413842708905,47.332941481217816,0.025054398077730293
2013-05-08,26.76968075326327,26.85655007062481,26.4355609350459,26.515748977661133,26.918331376173814,26.363623063687424,43.652670808191395,-1.293525238088138
2013-05-09,26.535792495099223,26.72958258060017,26.275179472799433,26.68280601501465,26.89590038939675,26.376140042170846,46.92057897340695,-0.22491958675447868
2013-05-10,26.76968830283583,27.057031631469727,26.68949768847337,27.057031631469727,26.91124622197513,26.402841673123742,53.435443632663265,1.1744231567894783
2013-05-13,26.996881502872583,27.37109405634413,26.903325815372863,27.357728958129883,26.9537683873232,26.44028823332006,57.90617290526204,3.1753958041241734
2013-05-14,27.397826707002505,28.279902875102263,27.36441523303989,28.206396102905273,27.073066264997685,26.50954736546066,67.41510478841889,5.710006987395881
2013-05-15,28.213079988757155,30.46504698729595,28.172984690435264,29.62974739074707,27.316559705545245,26.63190815076601,76.85751258205589,9.508492263005847
2013-05-16,29.195397326177975,29.76340271254212,28.487064736096265,28.58061790466309,27.436946200699325,26.708328141114915,62.48469923870909,4.469994378571403
2013-05-17,28.727623646304576,29.021648174322163,28.533833536207272,28.934776306152344,27.579596686932945,26.795639833861483,64.87279735361217,2.5823228199367403
2013-05-20,28.97488352303943,29.496109848226435,28.96819969628251,29.242177963256836,27.737937760868554,26.89158250560248,66.84557686155038,-1.3080416190495994
2013-05-21,29.28226545864361,29.696573387305452,29.035017466441,29.442644119262695,27.900290747382282,26.991624137510723,68.10362107864023,3.01612168594494
2013-05-22,29.963860646174556,31.728012598632706,29.963860646174556,31.00631523132324,28.19610260299571,27.149063003934742,75.8130817873279,7.159339693013033
2013-05-23,30.85930463203113,31.55427442106884,30.65214944035688,31.40726089477539,28.50192720221282,27.31605115651673,77.32639225950804,7.403972899142494
2013-05-24,31.11323913683237,31.77479496526677,30.612059397477584,31.674560546875,28.80408275884731,27.486973093393523,78.30111795857687,7.580557026643151
2013-05-28,31.828256159421297,32.63014427232974,31.707972815028427,31.86166763305664,29.095281318295818,27.658529742007765,78.9822397070007,2.758639313804392
2013-05-29,31.507505209613267,31.60105836668517,30.879358213617927,31.213478088378903,29.297014344018017,27.797939481081144,70.70246681212843,-0.6170000212553517
2013-05-30,31.393893585647877,31.961898729597063,31.29365918316148,31.420623779296875,29.499262861663624,27.940005531991567,71.72266834252059,-0.801705732277881
2013-05-31,31.28697579398677,31.70128360476449,30.73901956224254,30.74570083618164,29.61797124018915,28.05003279882255,63.913408615275124,-3.5025373113778224
2013-06-03,31.474079014282953,33.12463137318589,31.24019621202727,31.801517486572266,29.82592802555897,28.197149845400972,69.50680239548444,1.8839278228730814
2013-06-04,31.427306995796783,32.19578354135309,31.006317890894,31.29366111755371,29.96571212955847,28.318581659995196,64.34081688564476,-0.40407428775115556
2013-06-05,31.226843893748043,31.46072934083663,30.585334331526163,30.852628707885746,30.05018037511345,28.41795605403012,60.15921826778954,0.3477815395194116
2013-06-06,30.992953060558648,31.60105098868371,30.685560910205822,31.40726089477539,30.179426138890776,28.535183694843663,63.38226428650905,-1.2397414430407108
2013-06-07,31.4674044510414,31.741382598876957,31.307025817344822,31.741382598876953,30.328183896984697,28.66091698519791,65.20825741288758,1.4307098157719216
2013-06-10,31.808205586473832,31.95521912180419,31.48076959304228,31.614418029785156,30.450682385822837,28.776740555573884,63.904191521089196,2.469122903957619
2013-06-11,31.407263130213543,31.88839648750499,31.24020321994645,31.60105323791504,30.560241514593525,28.887497915665694,63.75964515662812,0.6170303860273465
2013-06-12,31.80151379424655,32.028715296829056,31.11322801398089,31.119909286499023,30.613543207155953,28.975043459619943,58.61904221444793,-1.9579276688467822
2013-06-13,30.919450304084332,31.574324884685662,30.9060852045865,31.520864486694336,30.69995475758818,29.074879578328744,61.41116995772867,-0.29592049742203047
2013-06-14,31.57431553081473,31.734694128144582,31.253560885286337,31.27360725402832,30.754588328677716,29.161104193062062,58.77737031389411,-1.036186931560395
2013-06-17,31.387213521736538,31.46072028253909,30.82589217912719,31.033044815063477,30.781107994047787,29.23451362921898,56.249707556730364,-0.2791282925533203
2013-06-18,31.139966000517333,31.40726287442049,31.04641285939081,31.307025909423828,30.83119541455979,29.315788620599562,58.441724739016514,-0.6784032759024546
2013-06-19,31.13996937895856,31.42731265738276,30.75907294925805,30.772438049316406,30.8255994750128,29.372912127608068,52.87503703358085,-1.6025308517851231
2013-06-20,30.61205935879588,30.652152106449133,29.616381156251126,29.790124893188477,30.72698284817239,29.38927341253279,44.48923958852656,-4.005149766263623
2013-06-21,30.077467976455768,30.785802980878707,29.957187174853253,30.55860137939453,30.710946517812594,29.43512941123325,51.0321374028615,-2.3905960668209345
2013-06-24,30.284610707026243,30.71228353356536,29.997267548733188,30.38484764099121,30.679889481924842,29.472373263380625,49.60837914526832,-1.2595375371429351
2013-06-25,30.585328226321817,30.585328226321817,30.11755997464929,30.19106674194336,30.63333493525994,29.500557321363477,47.99997565451272,1.3458884452228608
2013-06-26,30.44500067306096,31.220158598229855,30.22448035555146,31.053098678588867,30.6733124346246,29.56144129615663,54.99093857819613,1.6181934933965016
2013-06-27,31.119929689265273,31.30703603201595,30.852632728936243,30.93950462341309,30.698664071652075,29.615482995264728,53.961421012915956,1.8254394064283832
2013-06-28,30.745700574851185,31.093185446757925,29.856943298871595,29.863624572753903,30.61913650032844,29.625214037519207,45.30929446885194,-1.0845664116086136
2013-07-01,30.110881041208167,30.431635783232643,29.82353777351564,29.950502395629883,30.55545706178572,29.637970443719627,46.06138314256089,-3.550680382564286
2013-07-02,29.916814636759405,30.240096312724084,29.546390820825913,29.627212524414062,30.467052820131276,29.637548564531176,43.65556398912993,-4.241477408807528
2013-07-03,29.60028087911999,29.60028087911999,28.933515754098007,29.175975799560547,30.344093103886443,29.61944767178723,40.47767592580234,-2.302629982231737
2013-07-05,29.45884744529103,29.802330805484807,29.236591541663746,29.755186080932617,30.288006720747983,29.624770746655678,45.91963320599797,-0.652130345318563
2013-07-08,29.674365467677372,29.91682293813751,29.566605735519087,29.613750457763672,30.223791838559002,29.624338578463835,44.84152378839583,-0.04543818166929244
2013-07-09,29.82253325533392,30.09866772735758,29.72824381159823,29.997644424438477,30.202253989595143,29.638978023404018,48.38383966729253,2.8162507075095182
2013-07-10,29.94376654825514,30.34113108258543,29.94376654825514,30.21316719055176,30.2032933420672,29.661495245645106,50.31306853400128,1.5391639910214592
2013-07-11,30.64419469028602,31.0752335012322,30.563375555532108,31.001148223876953,30.27927952128718,29.71403065655616,56.68720761954304,4.684978243779166
2013-07-12,30.75196522320894,30.98768885308885,30.475830727123245,30.852991104125977,30.33391871965278,29.758695772147135,55.251986869577635,2.8513794869528697
2013-07-15,30.75197367870628,30.765443971145302,30.334404889878808,30.415224075317383,30.341662086858932,29.784441980114597,51.13256364195855,0.6687709484122158
2013-07-16,30.43541987120077,30.65767578161539,30.233370678493312,30.300722122192383,30.337763042604976,29.80468826019608,50.080809139536136,-2.2593553523449983
2013-07-17,30.42868749025181,30.60379611398986,29.977441787719727,29.977441787719727,30.303446732615903,29.811462908334263,47.13304081952706,-2.8378101606140955
2013-07-18,30.0515257827026,30.064996071508933,29.53293122503571,29.600282669067383,30.236478726563664,29.8031813303238,43.88745973953102,-2.6793864948420443
2013-07-19,29.62722128087027,29.862944896353294,29.317409797270795,29.761919021606445,30.191282564186785,29.80156320057018,45.6158370826309,-1.778185676279034
2013-07-22,29.80906842335325,30.30745887756348,29.728249252387712,30.307458877563477,30.202346974984565,29.82140224672678,51.09148185099447,1.1008847658873335
2013-07-23,30.320910283724217,30.52295936989942,30.112124772133505,30.43540382385254,30.224542865352944,29.845480739947398,52.30437541805836,2.821328310009238
2013-07-24,30.44888536560857,30.57011537598374,29.97743561072675,30.03131675720215,30.206140378862393,29.852768426898564,48.235784443804285,0.9051759579082477
2013-07-25,29.51947551487782,30.61054366012297,29.29721951294488,29.586824417114254,30.147157906314952,29.84233925004428,44.16602843800919,-2.3777462286114193
2013-07-26,29.51272485555824,29.815799907906815,29.06148177587957,29.78212547302246,30.11239291266805,29.83997792545519,46.30951776431511,-2.1464421980762323
2013-07-29,29.701318050402712,29.8494887182864,29.43191987239119,29.472328186035156,30.05143436727444,29.82556028861519,43.45939120818914,-1.8613521867399798
2013-07-30,29.647425934475383,29.66763008209192,28.987397230655887,29.18271255493164,29.968698956575125,29.800350573568778,40.92369183726034,-1.3658507465534506
2013-07-31,29.21639028852469,29.3982353451838,29.088423821322877,29.122100830078125,29.88807056357541,29.773752544412282,40.3925207711314,-2.216177094352134
2013-08-01,29.431897261200305,29.78885079320244,29.270256423217965,29.627212524414062,29.86322694079814,29.76800587696137,46.611547211719575,0.5255246121081637
2013-08-02,29.68109039717882,29.822524521361256,29.472304854913865,29.526185989379883,29.831127802567828,29.75852274411504,45.58708443663689,1.1769756968332197
2013-08-05,29.43864197773374,29.627223453141696,29.22985892276784,29.378026962280273,29.787975341588062,29.743601340905837,44.05775050106757,0.8788038119070748
2013-08-06,29.45885239925191,29.89662528216833,29.263537039436237,29.72825050354004,29.782287261773966,29.74299934728365,48.45936659071531,0.3410309999387119
2013-08-07,29.607026578764724,29.68111190774985,29.425181471945532,29.45885848999023,29.751484521604088,29.73185656856626,45.494179272110905,-0.22802640142505592
2013-08-08,29.647427197896334,29.761920798195536,29.22312209550397,29.633956909179688,29.740291415658906,29.728017366237378,47.73282623512097,0.8711611138079955
2013-08-09,29.492528076272503,29.701311166230383,29.29047884729587,29.4251766204834,29.71028048278505,29.716141258560754,45.341543235484124,-1.0194810590032892
2013-08-12,29.223120980186337,29.263531844793977,28.967190642727505,29.03454208374023,29.64592444478078,29.68941187915603,41.184248636758,-1.440369477976133
2013-08-13,28.9806608019872,29.20965056202211,28.79881576585406,29.18271255493164,29.601809026699907,29.66954131742174,43.3075679005851,-1.5227273078347
2013-08-14,29.08169150260554,29.425174915038433,28.89984643630747,28.91331672668457,29.536238331460353,29.63988545111832,40.44841705894227,-1.739530404186302
2013-08-15,28.664123536805732,28.704531839811978,28.091647741996493,28.27349281311035,29.415976853522256,29.5863014260984,34.60500543405479,-2.6211857188410006
2013-08-16,28.185935259922317,28.38125060827117,27.788570702920723,28.071441650390625,29.287925881795434,29.52689516038437,32.98446467231432,-3.8079767343396593
2013-08-19,27.94347552118768,28.44186335814713,27.92326880349833,28.253284454345703,29.189388602990697,29.4769496425005,35.894099532714826,-2.2827968115111217
2013-08-20,28.25329063290133,28.462073730854847,27.99736022949219,27.997360229492188,29.075862091228935,29.41892652826488,33.67790428609029,-0.9766482883576452
2013-08-21,27.950211437814065,28.09838205553044,27.76163252013509,27.828981399536133,28.957111549162953,29.35657573890297,32.26635627235263,-0.8637256820442575
2013-08-22,27.86265091964966,28.158992102758734,27.68754232260807,28.057966232299805,28.87147866184265,29.305649875898922,36.18365283597677,-0.691311561887652
2013-08-23,28.125309538433378,28.515940086492087,28.06469454198269,28.448591232299805,28.831203668552856,29.272039733012683,42.31279265546437,1.6116912419917868
2013-08-26,28.448600569949637,28.643913338892165,28.340840826355677,28.569828033447266,28.806310750923753,29.244502019304235,44.10704601344313,2.662140677285018
2013-08-27,28.293679297328207,28.32735628773166,27.95019609027843,28.06468963623047,28.73568016857201,29.198234867026834,38.705287701307704,0.023962549084987513
2013-08-28,28.07816968309627,28.401448863683378,27.862650229371532,28.307159423828125,28.694868669072594,29.163290731999435,42.35470064858761,-0.49714872457762205
2013-08-29,28.239808690210765,28.42165369898779,28.09163811212703,28.145519256591797,28.642549677407757,29.123378125120706,40.618498822192734,-1.4851639161381092
2013-08-30,28.152254160812436,28.165724447429003,27.88958999477556,28.078168869018555,28.588799124227833,29.082389526842192,39.88486024773213,0.04802915322706705
2013-09-03,28.29368997216643,28.36777526829559,27.98388106943961,28.098377227783203,28.542092276947393,29.043800809232035,40.23367150666712,-0.7375596855867327
2013-09-04,28.11858295767031,28.286957705919832,27.99061907391079,28.280223846435547,28.517152426422456,29.013856614612564,43.415404414665645,0.47860047851915766
2013-09-05,28.233074963442085,28.233074963442085,27.8289766180762,28.098377227783203,28.477269074171097,28.977955462187882,41.06130615751143,0.07197178298527272
2013-09-06,28.16572302064386,28.421653315005077,28.031022730496144,28.212867736816406,28.45208799442303,28.947952021977237,43.15132416436922,0.40746306487762873
2013-09-09,28.253276754920854,28.5092070326173,28.253276754920854,28.48900032043457,28.455603454043178,28.92995391603439,47.945769840832575,0.7382419429658713
2013-09-10,28.61023974937281,28.704529206664947,28.448601413784868,28.63718032836914,28.47289648969327,28.91847259887105,50.3649231315721,1.9175594954045176
2013-09-11,28.69779012900662,29.15576961189952,28.60350068885712,29.135562896728516,28.53600757607758,28.926985943885068,57.516270994473196,3.27047632491481
2013-09-12,29.101898250686524,29.47232227693102,29.04128322317776,29.41844367980957,28.62004910976634,28.946258796274265,60.954941532732626,3.262463929660352
2013-09-13,29.43190541123225,29.43190541123225,29.14903450873145,29.337615966796875,28.688388810435917,28.96160613629476,59.47367156883228,2.445895966000028
2013-09-16,29.957243117386,30.590331419547304,29.883157796763783,30.401752471923828,28.851566302006194,29.018082463182175,69.85872350798515,4.3458558864414
2013-09-17,30.36806530854548,30.623995608274655,30.36133145003431,30.57685089111328,29.015879120016393,29.079210636826534,71.16795495353003,3.937690327577551
2013-09-18,30.63073152069555,31.411990189291856,30.58358680037294,31.3311710357666,29.236383111992605,29.167522809333988,76.00364289835139,6.795218368206712
2013-09-19,31.324425473108064,32.0450714933091,31.236872486151395,32.01139450073242,29.500669910920205,29.27904718938883,79.36468870221358,5.294569878151289
2013-09-20,32.031613780260855,32.05181792838051,31.43219750436466,31.506282806396484,29.691680662870326,29.36638976260482,71.37060004632106,3.0396587228455534
2013-09-23,31.391794080935448,31.398527941622326,30.96748892019596,31.351383209228516,29.849747572047296,29.444232642864574,69.07288182989954,0.06451138847903429
2013-09-24,31.223405728280003,31.735263701395397,31.15605430471606,31.533214569091797,30.01007776224201,29.52615350271662,70.28235166205533,-1.4937803838245292
2013-09-25,31.48607601756087,31.58036545980435,31.257086271029003,31.391786575317383,30.141669077772995,29.599315583995082,68.05312148114787,-0.36340761549901485
2013-09-26,31.3917879653552,31.715067168445444,31.331172954201104,31.60730743408203,30.28125368313576,29.678060362429864,69.63377971949478,0.8163091980521688
2013-09-27,31.378331652055913,31.46588727809329,30.913618072372977,31.11566734313965,30.360721650755178,29.734437106771427,62.087136103009634,-1.3241505240046778
2013-09-30,30.78563855291682,31.34464395394271,30.77890469338888,31.169532775878903,30.437751281719343,29.790715368305055,62.56582100617103,-0.7079998422684008
2013-10-01,31.284019248410733,31.82955162296411,31.263812537698172,31.816083908081055,30.569021055658553,29.870141585551174,67.81814615890482,0.6605322975847687
2013-10-02,31.788944060648,32.05357139149556,31.48360941217336,31.84322738647461,30.690374039545794,29.947517499312877,68.02100568236234,2.338243417091206
2013-10-03,31.74144467157066,31.843224604417596,31.307188456383344,31.59217071533203,30.776259437239723,30.01201370386265,64.00243345946222,1.3559328671753286
2013-10-04,31.673610001593936,32.26392719718457,31.436126816118563,32.24357223510742,30.91600351322712,30.09952580312715,69.10288215538081,1.343623332970241
2013-10-07,32.03321972964066,32.20963798258627,31.89751397853756,31.904300689697266,31.010127053843327,30.170301288875,64.015398287137,0.1917936975464902
2013-10-08,31.84323864612181,31.917876951339498,31.598968770272055,31.61932373046875,31.06814578495051,30.227125698349266,60.018362639944876,0.08594855789235492
2013-10-09,31.680390656601748,31.755028960540542,31.320772561302817,31.49040412902832,31.108360865338874,30.276666028964133,58.246550513792776,-2.33587054370805
2013-10-10,31.788951285640103,32.5014058629981,31.748241370389035,32.460693359375,31.237154436199457,30.36231415956848,66.30821151918566,1.7439425332942908
2013-10-11,32.48782899232264,32.48782899232264,32.13499512492731,32.35212326049805,31.343341943275515,30.4403458890167,64.80054756175531,2.3175686370646904
2013-10-14,32.14178718960299,32.52854693843733,32.01286813611561,32.34534454345703,31.438770762340422,30.515051718602596,64.70162976955096,2.714923603157618
2013-10-15,32.24357031991967,32.52855012556303,32.135006214669,32.15536117553711,31.507017468359155,30.579377579658853,61.85191339494565,-0.9406212629457201
2013-10-16,32.467467960659896,33.166351498513876,32.36569061400865,33.11206817626953,31.659879440541097,30.67869877952594,69.20698197882282,2.3489800334044144
2013-10-17,32.96281648449681,33.777046161235475,32.91531725125981,33.70240783691406,31.85440595448138,30.79727560530587,72.70416273432151,4.195544405575189
2013-10-18,33.86525101816406,33.86525101816406,33.36314036555422,33.736331939697266,32.033637000692416,30.912532716458475,72.89467003114444,4.916663058236503
2013-10-21,33.702401101680515,33.702401101680515,33.07815812914922,33.430992126464844,32.16671844124217,31.011295830576373,68.27574024452397,0.9631652982155797
2013-10-22,33.417407028355406,33.872018226728976,33.390265365904966,33.743099212646484,32.31684994328067,31.11842537497128,70.34425802071257,0.12073729547552634
2013-10-23,33.80418279867171,33.81775363637628,33.03066316811954,33.22064971923828,32.40292611241949,31.200865545334693,62.945515385235794,-1.52856635801649
2013-10-24,33.505623228568695,33.72275139738439,33.36313076473119,33.498836517333984,32.507298531935156,31.290982054040548,65.05323635846165,0.20293861041423666
2013-10-25,33.40384583890941,33.48526826139133,32.92887696241598,33.09172439575195,32.562958138012945,31.361599400774328,59.70121643896002,-1.9303941608612059
2013-10-28,34.17058994325773,35.527642744255274,34.13666414090736,35.29694366455078,32.82333771196893,31.515926626804777,72.76966894064341,6.250010047546136
2013-10-29,35.29014959674752,36.42328979539297,35.21551388247956,36.17901992797851,33.14292649444604,31.698793030772375,76.10728765192917,8.00082536973385
2013-10-30,36.36221600821583,36.36221600821583,35.710831533912966,36.05009460449219,33.41979964778377,31.869432308173153,74.66673954750827,8.939909487219124
2013-10-31,36.022952005156355,36.05687779366172,35.62262148870085,35.636192321777344,33.63088466435459,32.01714838713802,70.08063625612981,0.9611275708476559
2013-11-01,35.71083070489211,36.09759038930411,35.527628340427725,35.60905075073242,33.81928143448581,32.15800730335741,69.77797498589439,-1.575413536300107
2013-11-04,35.7651216324999,36.056888156570174,35.73797995854627,35.989036560058594,34.02592477977846,32.30824374479667,71.62555505256435,-0.16936999778631742
2013-11-05,36.022952005156355,36.02973612750873,35.371567547715046,35.636192321777344,34.17928359330216,32.438751532129245,67.49909188747856,0.0
2013-11-06,35.8736803268397,35.88725116176876,35.22229578047721,35.31050491333008,34.28701895711434,32.55136931178418,63.84293010317572,-0.8383987528681964
2013-11-07,35.358010318521615,35.44621947327116,34.611629742377254,34.80840301513672,34.3366745816879,32.63988043740585,58.57527436279027,-3.2805366794179966
2013-11-08,34.82196986733975,35.568347769672975,34.78125735710665,35.520851135253906,34.44945330107514,32.75285968045871,63.21337894621167,-0.32366304873978435
2013-11-11,35.54121223714916,36.124745333623046,35.5208546858115,35.676918029785156,34.566354703809424,32.86752863533426,64.16003178074789,1.037688691663974
2013-11-12,35.55477176652906,35.860106467377946,35.296931101367974,35.64976501464844,34.669536638175046,32.97663594432697,63.85216105335603,2.4171232421833477
2013-11-13,35.34441897420793,35.48690881110675,35.01194009973945,35.188358306884766,34.71894822567121,33.06337015462336,58.69778537760109,-0.9360497221845749
2013-11-14,35.41906810124748,36.05688179641744,35.364784762915384,35.78547286987305,34.820522001309484,33.17011928071158,62.87446905128609,0.30427191047517826
2013-11-15,35.7990431404237,35.96189057625654,35.37835759804943,35.56834411621094,34.89174315510962,33.264167313476264,60.479442224531844,-0.22839112236516643
2013-11-18,35.70403692115388,35.74474941242693,35.12050415476301,35.188358306884766,34.91999221718345,33.33962578380601,56.42838485698639,0.0
2013-11-19,35.21550609195084,35.35120924305157,34.876243037455644,35.2697868347168,34.95330599028186,33.4153183740378,57.09166375382566,-1.4410485423273365
2013-11-20,35.140869140625,35.34442646337977,34.815176906543,35.140869140625,34.9711691474574,33.482987031551026,55.64736267278994,-1.2018410927122913
2013-11-21,35.28336796315855,35.527637847812315,35.12730722315696,35.520851135253906,35.02351981296183,33.562903270911924,58.94418039532492,0.9448944036246409
2013-11-22,35.5954814230371,36.328290911886896,35.41227905082465,36.240081787109375,35.139382858118736,33.66789066370398,64.34636211595824,2.7510655421299464
2013-11-25,36.22650832501824,36.37578489636918,35.77189707717188,35.860103607177734,35.20802292945769,33.75385979874217,59.86468736476953,2.0467179217296456
2013-11-26,35.80582650982433,35.87367809187032,34.8423179968652,35.20193862915039,35.20744347228557,33.81064720385622,52.98133463380712,-0.8978177490431805
2013-11-27,35.398711349257425,35.52084627487236,34.9237450700572,35.0594482421875,35.193348688466706,33.8596197935947,51.59809180490159,-3.2578114802760387
2013-11-29,35.2494305590012,35.33763967460901,34.83552923388562,34.8626708984375,35.16185556560678,33.89895513103952,49.66950335296719,-2.781455178340837
2013-12-02,34.80160009236818,35.28335294404896,34.75410347816705,34.930519104003906,35.1398235216446,33.93940862017538,50.358471309436716,-0.771035731883597
2013-12-03,34.85588957291452,35.01195028563987,34.47591656397349,34.577693939208984,35.08628737093645,33.96443941700023,46.772826294617616,-1.3741069159177874
2013-12-04,34.3673332738107,34.97122082990304,34.279124193864575,34.65909957885742,35.04560281930987,33.991680991975024,47.69814526708113,-0.5839234755510425
2013-12-05,34.577684081291444,35.01194030391814,34.360555969978094,34.469120025634766,34.990699696102716,34.01040409133423,45.70139139468472,-1.3209053005921485
2013-12-06,34.74053297052611,34.8151712473572,34.07557777715031,34.387699127197266,34.93327107049267,34.025199975093564,44.835117812522974,-0.5494721896311202
2013-12-09,34.32663284315796,35.28335446650329,34.27234951694504,34.747318267822266,34.91556127976216,34.0535183395143,49.39747639431613,0.25453254711400086
2013-12-10,34.59805374373078,34.82875276638016,34.46234797951841,34.76089859008789,34.90083149979318,34.08125874149758,49.56710246500977,0.8464926410541627
2013-12-11,34.67946525016317,34.67946525016317,34.19092568813484,34.36734390258789,34.850023157202195,34.092477767422686,44.87268038592592,-0.059193331121348655
2013-12-12,34.29271538847994,34.46234694154321,34.00094891014135,34.29949951171875,34.79759233382282,34.100596267199,44.09733626113343,-1.288786526349626
2013-12-13,34.408071465515704,34.51663558075177,34.00095668047363,34.4216423034668,34.76178756902701,34.113186307836955,45.90939755888345,-0.9759709914916672
2013-12-16,34.46234714881147,34.713401124110845,34.136654875575815,34.523414611816406,34.739085382625994,34.12927369230674,47.43821953426052,0.45412502540460614
2013-12-17,34.60483975359593,34.82196795282322,34.19093831495257,34.672691345214844,34.732762140967786,34.15058418849922,49.68459948059543,1.088038714292578
2013-12-18,34.8016019497306,35.75832358285426,34.42162642747093,35.683685302734375,34.82332625161222,34.21070580082216,61.64144261072394,3.666422967681791
2013-12-19,36.28079116213083,36.97288809028787,35.90759973883171,36.53184509277344,34.986042331722814,34.30173087109476,68.42133969765956,5.817589318843337
2013-12-20,36.640420138485595,36.898260856796995,36.056887107325686,36.212947845458984,35.10289047588817,34.37668055636395,63.85161048243311,4.4422755790969495
2013-12-23,36.24686733114367,36.3622181278179,35.97545841188259,36.1858024597168,35.20602495053851,34.44762651335818,63.463057884337964,1.4071336879095993
2013-12-24,36.02295311012218,36.158658856678024,35.704044993971735,36.09759140014648,35.290936040977364,34.51233101872243,62.139755167669016,-1.188699041956855
2013-12-26,36.08402353422888,36.38257413050728,35.94831777651251,36.36900329589844,35.39360911287461,34.585141696258745,64.58654692496133,0.4309382685591615
2013-12-27,36.40970295440965,36.50469617478596,36.01615924308332,36.06365585327149,35.4574230881505,34.64312264359258,59.89662077864836,-0.3375539524963774
2013-12-30,35.98224333134925,36.28758063710272,35.66333777944854,36.24686813354492,35.53260833056901,34.70601462359071,61.693984194997824,0.41353654803084416
2013-12-31,36.24001983630558,36.47228397299427,35.92578088841271,36.30833435058594,35.60648699914205,34.76885069131602,62.304381200287544,-0.16681497928028735
2014-01-02,35.87797773352858,36.31518039253739,35.61838767751707,35.70719528198242,35.61607826417447,34.80564851840098,53.35057539824572,-0.9884205104977828
2014-01-03,35.80283264022991,36.328842897861584,35.77550682286202,36.10340881347656,35.662490697441335,34.85654107899218,57.6686508501379,-0.3957840427476655
2014-01-06,36.253695493323846,36.274188551851346,35.816492871849356,35.9599494934082,35.690820106581036,34.89981199720457,55.65970163868656,-0.9595175967418407
2014-01-07,35.932619531923116,36.520111463965435,35.86430760742498,35.905296325683594,35.71124641316223,34.93924275518415,54.87540890793908,0.5547930665983507
2014-01-08,35.85065293886406,36.50645694609081,35.72768936176736,36.492794036865234,35.78567952018156,35.000166334857916,61.20390922263174,1.078527585581679
2014-01-09,36.67723452996757,37.63361720123531,36.643078564407965,37.592628479003906,35.95776989721226,35.10183151698129,69.75539017897627,4.540270519275865
2014-01-10,38.13229254135989,38.446531519392266,37.85903966989456,38.37821960449219,36.188288916953205,35.23031732433466,74.14004204492213,6.887349588700302
2014-01-13,38.22794145340024,38.82226623189838,37.783908664722254,37.85905075073242,36.34740909159884,35.333404909683594,67.2059210877023,3.74390821510402
2014-01-14,37.90688455334941,38.24161679143668,37.45601886107484,38.036678314208984,36.50829187470457,35.43941563142969,68.29838326048427,1.181215182793316
2014-01-15,38.05033187489047,38.06399478413882,37.09394907497335,37.23057556152344,36.577080797258745,35.50965719731572,58.73573640277693,-2.9903524832465593
2014-01-16,37.059795450082426,37.619961735046765,36.98465074742781,37.435516357421875,36.65883656489333,35.58518108594733,60.25918282532406,-1.118713715510559
2014-01-17,37.517492170272774,37.619962695770226,37.06662654876468,37.13494110107422,36.704179854053415,35.64595598850133,56.93892477022924,-2.3707044176828465
2014-01-21,37.18275256670037,37.695099880106014,37.03929594437076,37.29205322265625,36.76016779392035,35.71050882121329,58.234340293927644,0.16512680829019366
2014-01-22,37.3945067396549,37.69508275550074,37.292036281152086,37.442325592041016,36.82513520326518,35.778423204383,59.489631664991364,0.01818923653711175
2014-01-23,37.100781737714975,37.100781737714975,36.00777245404208,36.854854583740234,36.82796562045328,35.820636199651915,52.807530524219416,-0.7542398318921318
2014-01-24,37.29889280771874,37.89321771786621,34.368267414292646,34.79863739013672,36.634696265185035,35.78055781496504,37.099873133485524,-6.68618543911305
2014-01-27,34.89428245817092,34.90111261171792,33.78077980274709,33.96522521972656,36.38046092752232,35.70936830142628,32.83654680964999,-9.28655022714072
2014-01-28,34.10182820536789,35.18117421865185,34.094998056013445,34.887428283691406,36.23826734239557,35.67713535955433,40.92607814038114,-5.338309762092576
2014-01-29,34.648338987129364,34.99673398519842,34.054014275816,34.3067741394043,36.05431560877735,35.62339570386217,37.8359884765019,-1.4134554902768548
2014-01-30,34.573204869832004,34.8806138479205,34.272626044174906,34.49123001098633,35.90545031374963,35.57899704923959,39.401275809086,1.5486568625909445
2014-01-31,34.18381665090807,34.47756268054498,33.99253853020954,34.1359977722168,35.73693102407984,35.52240884229752,37.44575602635107,-2.153871891514215
2014-02-03,34.24529284340197,34.35459349197132,33.15911650814834,33.2274284362793,35.49793077762264,35.432409610688964,32.94238842685614,-3.1461591193013922
2014-02-04,33.32307237796968,33.732951840814756,33.13862701057942,33.432373046875,35.30121099374191,35.35397680426489,34.84583243523491,-3.0699310049947637
2014-02-05,33.18644828557722,33.47336156240692,32.462329729968694,33.159122467041016,35.09720256262754,35.26790408515807,33.48124038268267,-2.861715985846641
2014-02-06,33.34357831110899,33.59633569716138,33.200119021680166,33.45970916748047,34.941250810708766,35.19699448054327,36.43037758682079,0.6990632201544572
2014-02-07,33.45969689295603,34.40924688670246,33.44603398440668,34.38192367553711,34.887981559740034,35.16503091956263,44.55266552109337,2.840213069322837
2014-02-10,34.77131574063227,35.6388884899799,34.580037581259006,35.604732513427734,34.95624355532934,35.18227411932205,53.108030227488534,7.375376259783617
2014-02-11,35.290473849796534,36.19220468312071,35.099198402101266,35.9462776184082,35.0505325137178,35.21223504085484,55.187859669663425,7.431530377270683
2014-02-12,35.946289272511265,36.43131341002448,35.891640243708856,36.10340881347656,35.15080644702816,35.24718303193805,56.15143063520287,5.006948285340699
2014-02-13,35.93263110650197,36.54744904876116,35.87114931227605,36.540618896484375,35.28316953745256,35.2979060070183,58.80565745342636,2.628544906786441
2014-02-14,36.48596162783031,37.210080136383674,36.479131476606845,37.14176559448242,35.46017868574111,35.37021422613454,62.1942220136773,3.3257629309077767
2014-02-18,37.052957721279235,37.54480935510315,37.03246205733395,37.31937789916992,35.637245277496234,35.44665201723397,63.158479461083346,3.368017385769585
2014-02-19,37.04612897541523,37.31254918214964,36.4927928957822,36.520118713378906,35.721328461866015,35.48874875041613,56.21059946009334,-0.05610245180450707
2014-02-20,36.64308054375086,36.82069574374803,36.50645406819918,36.78653717041016,35.82277691029879,35.53964241394531,57.87413038302722,-0.9564123255492983
2014-02-21,36.48596141720544,37.27839185715222,36.46546835772002,36.98464584350586,35.93343109441375,35.59630921510455,59.1178416208117,-0.8969390019534805
2014-02-24,37.05295779961171,37.41501572356877,37.046125042971134,37.10077667236328,36.044606863742274,35.65530793891862,59.86586184585952,1.5899673370219762
2014-02-25,37.11444945716593,37.25107335514046,36.63625799645363,36.670413970947266,36.10420754061894,35.695116018606015,55.791851908467294,-0.31566765560174354
2014-02-26,36.64309859271033,36.916351678407494,36.51330481026819,36.59527969360352,36.15097631709366,35.73041655488043,55.08702842960956,-1.0527778244784938
2014-02-27,36.5884343689121,36.95732249394073,36.547445641271814,36.854854583740234,36.21801234248857,35.77451216385532,57.10327202531435,-0.6628488961155268
2014-02-28,36.827517918380295,37.51747769187459,36.47912295681901,36.73188018798828,36.26695213729807,35.81205600793896,55.82467377331002,0.16761800695708873
2014-03-03,36.32201493462155,36.670412637213,36.1444023101543,36.540618896484375,36.29301563817295,35.84062710160741,53.80674020793981,-0.1493657039290285
2014-03-04,36.87534711142744,38.76078686068393,36.87534711142744,38.54218292236328,36.50722204619108,35.94657046712725,67.17801030079161,4.578306868065812
2014-03-05,38.40556537135214,38.97939461488976,37.92737390074848,38.6719856262207,36.713390006193904,36.05344949297405,67.82838824547065,5.281802696467624
2014-03-06,38.549015040272685,39.2731335704999,37.94102993178697,37.95469284057617,36.83160932375412,36.128008055625116,60.673581037940025,3.869868619624959
2014-03-07,38.07083034151909,38.19379393628056,37.483338190088446,38.13914489746094,36.95613652125001,36.20687616706966,61.789770224495776,-1.0457062738615397
2014-03-10,38.17330136558933,38.36457691282971,37.71560295563486,38.35091400146485,37.08897247174666,36.29095608214398,63.085211048047356,-0.830243442524856
2014-03-11,38.24844558103404,38.467046948180254,38.07083034151909,38.13914489746094,37.188988893243256,36.363434074901505,60.8630460777429,0.4859795800733598
2014-03-12,37.77024376471806,37.811229881119765,37.48332792024047,37.736087799072266,37.24109355094126,36.41726363271212,56.764637392766936,-1.0568068567670086
2014-03-13,37.7907341327142,37.92736059150451,36.97781074210793,37.011966705322266,37.21927194659659,36.440585321834085,50.22157294829263,-3.491304786351227
2014-03-14,36.99829674928737,37.18957219158889,36.807021306985845,36.88899612426758,37.18781710637478,36.45817005918442,49.184740865275046,-3.277862617409092
2014-03-17,37.21691469036928,37.50383058843006,37.01197625228794,37.38086700439453,37.20620281094809,36.494354253114224,53.33472570082966,-0.9413291504120027
2014-03-18,37.353531719735315,37.52431414251906,37.08027880090813,37.38768768310547,37.22348708448689,36.52938693664329,53.391568834751055,1.0151337830128735
2014-03-19,37.50381662455376,37.89320029370834,37.27838260244707,37.39451599121094,37.23977555179394,36.56331356623418,53.4526980616603,1.3703811977979012
2014-03-20,37.28521812398191,37.28521812398191,36.54743683973391,36.738712310791016,37.192055243126994,36.57019194837366,47.067802926263546,-1.7178699828658959
2014-03-21,37.100785868865984,37.551651499378806,35.563743591308594,35.563743591308594,37.03697794295381,36.5307233853515,38.25177646283639,-4.878461880971227
2014-03-24,35.66621172704973,35.686707396241836,34.26579594249867,34.86695098876953,36.830308709221974,36.46547740901495,34.16490409793797,-6.759186301637051
2014-03-25,35.140201387304444,35.22900900464684,34.552711857784175,34.86695098876953,36.64332225965507,36.40279009841709,34.16490409793797,-5.094792942625005
2014-03-26,35.024071199581364,36.15806675893292,35.00357813594545,35.9736213684082,36.579541222393466,36.38595995214224,44.99069730084764,1.1525158369429342
2014-03-27,35.905303747671766,35.91213389916029,35.18801536250622,35.74818420410156,36.500364363508524,36.36094913849358,43.42421274236158,2.527416910116035
2014-03-28,36.00777692030477,36.21954813047994,35.16069729147168,35.3997917175293,36.395547921034314,36.32325669061263,41.04573349846787,1.5282114255742951
2014-03-31,35.62522053799476,35.727688445658934,35.31781160313541,35.48859405517578,36.30917136238112,36.290524822556286,41.91899009049006,-1.3482860351067398
2014-04-01,35.67987570705023,35.78917639092626,34.99674578134159,35.4339485168457,36.22581680566346,36.25693359488136,41.511506503194404,-0.879025590395737
2014-04-02,35.47521331366182,35.70910080660558,35.36514876546157,35.48897171020508,36.15564108228647,36.22681744254111,42.12159332368376,0.25192236549691627
2014-04-03,35.46146175207337,35.63343780579258,34.87674421908656,34.99368667602539,36.044978757880656,36.17845937326599,38.25358462102392,-1.3945533553144847
2014-04-04,35.275724478822255,35.57152347750153,34.31953811645508,34.31953811645508,35.880651077744886,36.105560500449876,33.71527200382202,-3.1450358964675402
2014-04-07,34.23699575288978,35.007447798730546,34.23699575288978,34.587825775146484,35.7575248584498,36.04604149161445,36.9224766453742,-2.539228080253065
2014-04-08,34.924892534929185,34.924892534929185,33.71417981255624,33.74857711791992,35.56619650220886,35.95594484950879,31.747612968646123,-3.558097692400352
2014-04-09,33.913680434015255,34.821713872474504,33.74858487655716,34.78731918334961,35.492017709936555,35.91011639201235,42.491092361603116,1.3630167903403274
2014-04-10,34.4983934786802,34.780434069544846,33.71418055916155,33.906795501708984,35.34104416629583,35.83155478847104,37.15243124158691,-1.968988388760946
2014-04-11,33.76233859474886,34.037498693734314,33.53532895454331,33.590362548828125,35.17431258367986,35.74366489672034,35.42966311736743,-0.4688036729340735
2014-04-14,33.90680002157521,33.90680002157521,32.620417226070344,32.991886138916016,34.9664624460833,35.63575200425743,32.372196188994074,-5.1611710433063465
2014-04-15,33.218895305183935,33.349596161864696,32.661691944109705,33.13634490966797,34.792165537853265,35.53773603976372,33.85596751917946,-2.2722601196629832
2014-04-16,33.30832244702461,33.85176743304086,33.30144455916524,33.78297805786133,34.6960524445207,35.468922001257745,40.18253872823332,0.5734249183920254
2014-04-17,33.73482037570506,34.17507861484214,33.672908896817276,34.023738861083984,34.63202257943149,35.412248152623484,42.391934541713866,3.1275954270187456
2014-04-21,34.16130406537982,34.807932720367994,34.10627312357937,34.74602127075195,34.64287959765249,35.386121608236365,48.53346257366769,4.857736619630429
2014-04-22,34.71852244595736,35.42018497679218,34.61533577630818,35.07623291015625,34.68415134170046,35.37396911027244,51.10013715989379,3.8281256616273365
2014-04-23,35.19317291225451,35.19317291225451,34.869857152314914,35.04871368408203,34.71887156478442,35.361213995519876,50.87244034633719,3.0125284795505025
2014-04-24,35.10374651025849,35.10374651025849,34.60845732677673,34.88361740112305,34.73456164443572,35.34248471730824,49.44887608947547,0.3960054283594122
2014-04-25,34.79419222046474,35.00056293502388,34.60845779011771,34.739158630371094,34.734999452620045,35.31882487076169,48.17848070482718,-0.960976284564347
2014-04-28,35.00744499118309,35.234454641137745,33.98246918299901,34.64285659790039,34.72622394264675,35.29231631104164,47.30596232302196,-1.1579799756416382
2014-04-29,33.40463076204358,34.29202523524549,33.19825739120245,33.92743682861328,34.650148979405465,35.238791625456216,41.319301868406704,-2.7410591095377117
2014-04-30,34.00998024075447,34.684125993044205,33.92743247749245,34.45711898803711,34.631765170703716,35.20813779653782,46.6977094404534,-0.8118781612845629
2014-05-01,34.36081672829499,34.36081672829499,33.61100101448474,34.06501770019531,34.57778922113149,35.16330955746557,43.51794858234623,-1.6679885969337165
2014-05-02,34.0512662382205,34.292031717518846,33.89992643743473,34.25763702392578,34.547298535683325,35.12779298752283,45.48187870057274,0.9732541747274585
2014-05-05,34.08564650670649,34.44335694181384,33.82424222256154,34.41584014892578,34.534778689325464,35.09987326836217,47.108554088516144,-0.11979770893109025
2014-05-06,34.381444687624416,35.24820527485667,34.202590786213015,35.03495407104492,34.58241443996541,35.09732741748698,53.016609545913674,2.8473091644512727
2014-05-07,34.94553252632519,35.08999177725337,34.42272649357006,34.924896240234375,34.61503175427674,35.0905654105359,51.90662488711056,1.9477677804881144
2014-05-08,34.78731745652918,35.12439169117271,34.56718830808107,34.90426254272461,34.64257754365273,35.08325941571977,51.688132323935115,1.419179051521929
2014-05-09,35.01432355331627,35.351395129507424,34.601579473873855,35.20693588256836,34.69632595688279,35.08810947324325,54.70037702475874,0.4908863621590246
2014-05-12,35.44081772951549,35.984262570443,35.323872673956494,35.777889251708984,34.799331984961476,35.11515966063406,59.7930803627581,2.442363767116764
2014-05-13,35.777898979098275,36.10809532918906,35.67471491582306,35.9017219543457,34.904321505855215,35.146005240779616,60.82184762744747,2.8577008621802342
2014-05-14,35.93610796029446,36.03929199110666,35.59903382835838,35.85355758666992,34.994724942123284,35.173752391598846,60.17690456719739,1.8366315837832328
2014-05-15,34.058136059248,34.31954039209564,33.088191234471175,33.65915298461914,34.86752761283717,35.11435633642317,39.582772262008525,-5.921915214684273
2014-05-16,33.748580380486544,33.831128148218376,33.41838668541302,33.555965423583984,34.74261692814639,35.05324296729222,38.908472264230774,-6.533827357207801
2014-05-19,33.445904532559645,34.01686633044442,33.390873556075405,33.94119644165039,34.666291167527724,35.00963329961999,42.82441347600004,-5.333811408802937
2014-05-20,33.79672839642565,33.93430973811484,33.3427118057534,33.54220199584961,34.55923505593933,34.95208697398194,39.966914496414375,-0.3474567194931289
2014-05-21,33.65226408796888,33.81048432505716,33.48716858930945,33.50780487060547,34.4590988478123,34.895448460124044,39.72084762419513,-0.14352307367877773
2014-05-22,33.41838409682907,33.87240072040538,33.315197427047444,33.56972122192383,34.3743962167753,34.84345915666521,40.4317909184246,-1.0944670744450031
2014-05-23,33.58347960704417,33.76921403809457,33.411503573569284,33.562843322753906,34.29710546496374,34.793238927884374,40.37482519554699,0.06153837755449376
2014-05-27,33.631629943847656,33.80360596329801,33.48029020700469,33.631629943847656,34.23372684390507,34.74768563439274,41.26610141368207,0.36954098819768505
2014-05-28,33.63163944809139,33.70730933789706,33.34959880145444,33.45278549194336,34.15935147705157,34.69690523664963,39.60832737286291,-0.34833691113317905
2014-05-29,33.87928324365739,34.17508227175708,33.54220901716715,34.06501770019531,34.15036730782717,34.67212533325926,47.39863007285279,1.4962212009640956
2014-05-30,34.09253141031037,34.38833041161042,33.94806954110499,34.21635437011719,34.156651789950025,34.65425196215565,49.14495091059007,1.7386145936007387
2014-06-02,34.32641405540584,34.39520341257268,33.27391904656199,33.76921081542969,34.11975264951952,34.61954446620561,44.449460474670076,0.9458863255573584
2014-06-03,33.67979552299921,33.87241052071114,33.500941550995385,33.69355392456055,34.079162294761524,34.58323111163129,43.688855914481586,-1.0904552550185107
2014-06-04,33.494055665510515,33.5559671505322,32.37277367166256,32.689208984375,33.94678578901043,34.50895573409183,35.10185374272329,-4.463203090613061
2014-06-05,32.69606973031593,32.80613424330104,31.849948294715706,32.4759407043457,33.80670530475664,34.429229654493945,33.59200021153976,-3.8297315212740144
2014-06-06,32.60666187438885,32.66857336066748,32.25582924409444,32.503475189208984,33.68258815089496,34.3537098715416,33.98679459060733,-3.532066513423114
2014-06-09,32.54474942563013,32.57226359993749,31.99442395314143,32.04945755004883,33.52705190319533,34.26334703540463,30.741486862506452,-1.9570722394413533
2014-06-10,32.01506841568914,32.42093207874864,31.987551612463836,32.26959228515625,33.40729384433446,34.18516057461058,34.030671645486244,-0.6353885821753611
2014-06-11,32.20079011670332,32.68920137138019,32.10448134365179,32.30397415161133,33.30221577836083,34.11138855802237,34.553461734422065,-0.6137837152375932
2014-06-12,32.19390593583417,32.64104457522378,32.13199447229015,32.248939514160156,33.20190375319886,34.03835134061601,34.087794659320885,0.6224191588884606
2014-06-13,32.248946675340555,32.58601823292808,32.166396289520485,32.39340591430664,33.12490395901865,33.973843676839174,36.506745174069074,0.38368513632365875
2014-06-16,32.44844280151036,32.71672766815996,32.22143575944871,32.517234802246094,33.06703070599269,33.916721760188466,38.58720720341217,0.6601684660651208
2014-06-17,32.489712506552614,32.77175310149773,32.407164743778594,32.64793014526367,33.027116366875646,33.86696522626985,40.79233106895816,1.2372209353685049
2014-06-18,32.70296985163426,33.115711366828464,32.606663673032045,33.0606803894043,33.030312940449804,33.83534621305944,47.2358749709345,2.05990835561676
2014-06-19,33.12945369720849,33.32206596098301,32.77174333295203,32.909324645996094,33.01879024573993,33.79903164180205,45.28943943690766,1.2057908556324008
2014-06-20,32.79239238507157,33.02627992110906,32.668572041660006,32.874942779541016,33.00509048705432,33.76279286288985,44.837454217200666,0.6953354570022477
2014-06-23,33.00564315141613,33.06067674692349,32.70296624856444,33.01940155029297,33.006453445458,33.73364026239586,47.2208114712055,-0.12485780275882552
2014-06-24,32.840536867654485,33.32206755005415,32.77174489577924,33.22576141357422,33.02733991861192,33.713723444795015,50.51028075157771,0.9615413594232607
2014-06-25,33.89303738082229,34.388329202636825,33.78297282310196,34.20947265625,33.13992398886317,33.73316459034227,62.506537710153864,4.059413534673889
2014-06-26,34.25075338775203,34.33330116335364,33.858648173461305,34.085655212402344,33.22999362920023,33.74698775199168,60.51808694109176,3.2291731892394475
2014-06-27,34.085651305840514,34.257627349385764,33.645393054228045,33.74169921875,33.27872749487164,33.746780358531225,55.25913488005684,1.5528246253071494
2014-06-30,33.824248296010516,33.913676576881464,33.26704757277883,33.37023162841797,33.287442174257,33.73201374166404,50.18681762841785,-2.453241639428498
2014-07-01,33.61972960250693,33.62666155730286,33.23162473445071,33.34944152832031,33.29334687464399,33.717010909768206,49.910685969855386,-2.1598930092273947
2014-07-02,33.03757762559489,33.52271147144961,33.016787043724484,33.4326171875,33.30661071396361,33.705858214777294,51.07058692085127,-0.9160239063427058
2014-07-03,33.54350050684036,33.69596916112161,33.34944540647973,33.57122039794922,33.33181163624795,33.70057830039188,53.02278900343648,0.6022995937495642
2014-07-07,33.598930226253934,33.66823653723165,33.1553804110583,33.273197174072266,33.32622930651693,33.68381825622249,48.538414701402424,-0.22862258183034412
2014-07-08,33.10687611370747,33.19004106521713,32.808865506717886,33.16925048828125,33.31127894287543,33.66363912806793,47.043941237715316,-0.7877537607711407
2014-07-09,33.16924953579884,33.21776264310023,32.954403886488386,33.21083068847656,33.30171244245649,33.645881934358464,47.73713783562942,-1.073507918987275
2014-07-10,33.01677759282792,33.82764442263498,32.954403221304304,33.619728088378906,33.331999646830056,33.64485629333966,54.10017234242678,1.0414716460631281
2014-07-11,33.54349617862465,33.75140987582878,33.45339927378863,33.69596481323242,33.366662996011236,33.646860549021724,55.195458725931275,1.5879596831326077
2014-07-14,33.7929853093359,34.111789077773196,33.58507164732246,34.01476287841797,33.42838679433569,33.66128809135099,59.543024633268026,2.420692807965063
2014-07-15,34.00089174114475,34.19494408350177,33.64050693122108,33.758323669433594,33.45980935386882,33.665093408138546,54.92606516393805,0.4122448007025817
2014-07-16,33.86229683952437,34.02169742640261,33.55042497660344,33.82071304321289,33.49418113380635,33.67119613892578,55.82354948392216,0.3702171184944972
2014-07-17,33.58505741476016,33.883067840070304,33.425656919974536,33.557334899902344,33.50019577819644,33.66673099229741,51.18974063110833,-1.3447924953957522
2014-07-18,33.61280320999948,34.0910050255611,33.46033191644373,34.0424919128418,33.55184302911505,33.6814667146717,58.09082101019087,0.8417723764687484
2014-07-21,33.86228848661777,34.11178591541028,33.8137753914376,33.90386962890625,33.585369371952304,33.69018839758286,55.668931768825395,0.2458747264941156
2014-07-22,34.03556260121034,34.354363811584754,34.00784006715177,34.0424919128418,33.62890485203702,33.70400422171066,57.573802698816266,1.4457554939527244
2014-07-23,34.07019624596944,34.29890306412364,33.959308812739664,34.18108367919922,33.68149331176675,33.722713220043545,59.44982977695137,0.40711404650474814
2014-07-24,33.931590714385955,34.57612483018594,33.654373417075774,34.278114318847656,33.73831436006017,33.74449365529077,60.75813997729495,1.1038406354132724
2014-07-25,34.194958602091035,34.2919848144652,33.973183647016945,34.229610443115234,33.78510446320827,33.76351784304859,59.72085921196714,0.5496616721023617
2014-07-28,34.22959893802812,34.58998377983421,34.01475600963043,34.51374816894531,33.854499101849896,33.79293864014258,63.63724751944884,0.9732414948228677
2014-07-29,34.59691905496884,35.58104757035287,34.53454733759201,35.35234069824219,33.99715068245869,33.85409166202884,72.2217812798485,3.133854941384197
2014-07-30,35.490947964762874,35.55332232112732,35.12363377937527,35.42857360839844,34.13347667540533,33.915836052082554,72.84928658542839,3.5027075966164154
2014-07-31,35.082061767578125,35.44244676487893,34.99196750107762,35.082061767578125,34.223818112755126,33.961570393866694,65.59576249573131,1.6466296151055775
2014-08-01,35.19987703249537,35.3246257722825,34.4513845937726,34.52069091796875,34.25209171325166,33.98349668892952,55.88724501421822,-2.3524603006408267
2014-08-04,34.527616565137535,34.7979045914102,34.43059036532331,34.63850402832031,34.28889288611534,34.00918325125857,57.3150864672254,-2.2300349678510254
2014-08-05,34.46523945609825,34.60384943497541,34.05634147248163,34.20881271362305,34.281266203020834,34.0170118576258,50.85026333464914,-2.489161155180768
2014-08-06,34.11178960521459,34.58306198974028,34.00090214084182,34.2919807434082,34.28228663543868,34.027794951185896,51.97928135108976,-0.6625306981949727
2014-08-07,34.3474279012855,34.437522154017806,33.61972606276583,33.71675491333008,34.228426471428335,34.01559730264253,44.385061698244215,-2.661053474586015
2014-08-08,33.799932319631566,34.11180427346328,33.62667041681027,34.09101104736328,34.21533928818405,34.01855470439629,49.54961322456739,-0.3443605811342678
2014-08-11,34.31970475242609,34.46524405999392,33.95931981671114,34.02169418334961,34.196896897247434,34.018677821217985,48.648528706581374,-0.7881917410400674
2014-08-12,33.96624421508323,34.22960290766909,33.84149814361142,33.94545364379883,34.17294992072852,34.01580628484861,47.622708871072774,0.6782940145237194
2014-08-13,34.201881899477776,34.41672750607967,34.014761462093055,34.07713317871094,34.16382451672685,34.018211261078505,49.59946693082558,-0.040708292966327594
2014-08-14,34.16723347268053,34.60385403891676,34.1395109444636,34.527618408203125,34.198471554010304,34.03818801194614,55.75196428838336,1.4870635839796524
2014-08-15,34.63851676680203,34.777126807696426,34.12566305238938,34.43060302734375,34.220579313375396,34.05357683607938,54.217006071425374,1.4292028282660738
2014-08-18,34.61078466447811,34.74246535663015,34.49296788072724,34.64543914794922,34.26104215476338,34.076787122819375,57.03781785217913,1.6677047516230619
2014-08-19,34.76325668715976,34.86028289794922,34.5345524251226,34.86028289794922,34.31811270173346,34.10751244733427,59.711161403301936,0.9634736048492091
2014-08-20,34.700874799533494,34.85334603703887,34.56919677681137,34.680084228515625,34.35258618047462,34.12996624267472,56.533636917806064,0.7245914367916952
2014-08-21,34.61771661867869,34.81870099024114,34.5068291453625,34.64543914794922,34.38047693928172,34.15018086641098,55.91753005509107,0.0
2014-08-22,34.61077095808522,34.82561650920081,34.59690969893923,34.777103424072266,34.41825089021415,34.174766064750635,57.79977006933325,-0.23860814360128574
2014-08-25,34.8256360178711,35.276117939290394,34.71474852635092,35.15829849243164,34.488731614234865,34.21333596387538,62.757792610419216,1.3789305146000914
2014-08-26,35.17214337821682,35.303821386892146,35.04739467788647,35.186004638671875,34.55513856894315,34.251479833475244,63.09715759520913,1.5602789400770352
2014-08-27,35.31074840223952,35.31074840223952,34.72165681220317,34.82561492919922,34.580898222300874,34.27399493526834,55.95467870687312,0.13949265565738314
2014-08-28,34.76325261273061,35.102846954457505,34.76325261273061,35.026611328125,34.62334708952222,34.30350930361566,58.758644306355556,-0.3745549982601925
2014-08-29,35.116714305365065,35.123646260627375,34.8602874797519,35.10285568237305,34.66901457455563,34.33485622042968,59.80399001693146,-0.23631258266657992
2014-09-02,35.08205643283929,35.19987585815909,34.73553275471707,35.05433654785156,34.70571190534572,34.363071135230534,58.78289069979446,0.6567626131436209
2014-09-03,35.12363052603218,35.179072924462204,34.85334255474361,35.01967239379883,34.73561290424602,34.388820204194,58.020683736708165,-0.01981046428148241
2014-09-04,35.11671522140419,35.123647176847335,34.86028838910199,35.03355026245117,34.763987890741745,34.41410373589036,58.25406341238366,-0.19743527577637174
2014-09-05,35.06818873204449,35.44243487023113,34.8879976157502,35.42857360839844,34.82728176861381,34.453886868145574,64.33241778366579,1.0675913379105488
2014-09-08,35.35234781023609,35.51868035466625,35.29690539127011,35.47709655761719,34.88916889137604,34.49401273832093,65.00643213061566,1.3061920130907867
2014-09-09,35.51867405036292,35.51867405036292,34.91572364088431,34.98502731323242,34.89829826488617,34.51326821184688,53.88571412871851,-0.13850423053114522
2014-09-10,35.054343713204105,35.55333611393686,34.93652426380119,35.4008674621582,34.9461619979597,34.54807602558458,60.09805704874006,-0.0782028273180791
2014-09-11,35.345424598835805,35.53254775219928,34.943455755958745,35.12364959716797,34.96306557883668,34.57064753819569,54.798182744740686,-0.9962680003285983
2014-09-12,35.095912560607765,35.26917437431042,34.742459623911145,34.83255386352539,34.95063589166417,34.58091837448313,49.828982828600445,-0.4358248697132246
2014-09-15,34.78403230430906,34.90878099132512,34.47909253813914,34.61770248413086,34.91892794808957,34.58236088858697,46.47884532619591,-2.2122762355032934
2014-09-16,34.638504601880264,35.463229957722994,34.444452199038615,35.449371337890625,34.96944636616586,34.616361298363586,58.195436537101145,0.9273573346117179
2014-09-17,35.40778829813822,35.44244013598557,35.054335322070095,35.26224899291992,34.997332330618626,34.641690227561874,55.26401589619162,1.2336021386145988
2014-09-18,35.38006051386669,35.643419201157144,35.28996363383686,35.42857360839844,35.038402928502414,34.672548399359385,57.321849984205166,2.3423597352807874
2014-09-19,35.650350885390374,35.87905775521934,35.608769740887325,35.6988639831543,35.1013039813264,34.71279606931213,60.50159066771555,0.7037999147730941
2014-09-22,35.69193284153982,35.8998464846792,35.657281008310825,35.809749603271484,35.16877499294022,34.755813854957594,61.760312555819354,1.5526536905274861
2014-09-23,35.53947383694502,35.788971352105634,35.227604586760584,35.54640579223633,35.20473983096842,34.78681746034108,57.10591136467851,0.33259082101447685
2014-09-24,35.587982851460055,36.114700354769695,35.574124230005715,36.0107421875,35.281501960161904,34.83481450846496,62.47574359611664,0.8736362156870686
2014-09-25,35.983025878823,36.03154163736605,35.67115661062115,35.77511215209961,35.32851245463216,34.871688925862394,58.475212181090896,-0.0967263149159541
2014-09-26,35.88598330784671,35.93449640053185,35.09590991981418,35.414710998535156,35.33672183976578,34.892983909104466,52.8960416932386,-0.3704869473186942
2014-09-29,35.20680564080234,36.15627979134102,35.13750196175445,35.83747863769531,35.38441296337812,34.930022918068815,57.96281735554412,-0.4811440677966102
2014-09-30,35.83055020888658,36.01074136510412,35.442442722877935,35.47016525268555,35.392579848074064,34.95120497040673,52.662571282366436,-0.8523995623481656
2014-10-01,35.60276866945878,35.60276866945878,35.07232277020257,35.26774978637695,35.380691270769574,34.96361849260164,49.95182110729844,-0.4149722192121851
2014-10-02,35.26774899320336,35.525994873046876,34.90481121240386,35.044403076171875,35.348663823665035,34.966786515486746,47.072592791969505,-2.2129781214274615
2014-10-03,35.25379869469939,35.58882031973284,35.17702567906051,35.49110412597656,35.36222956674232,34.98734799040792,52.91784444135206,0.059032353364720465
2014-10-06,35.644642742984125,35.7493372962014,35.2747266032711,35.67256164550781,35.391785002815226,35.014219114137326,55.08769878508867,1.1478244616763955
2014-10-07,35.358485713932645,35.449220828887114,34.72334523423827,34.7373046875,35.32945354421378,35.00335972485743,43.86632236150117,-0.8763122259619361
2014-10-08,34.85595445945905,35.072321981424146,34.28363021425418,35.044403076171875,35.30230588059074,35.00496926804624,47.638035912728775,-1.2586282134788225
2014-10-09,35.030447834855735,35.35150995886781,34.52792079236848,34.548858642578125,35.23054900078001,34.987082576851414,42.6572506901057,-3.1500485277630563
2014-10-10,34.73731630435586,35.6027813960639,34.73731630435586,35.0932731628418,35.21747511145256,34.99124691355692,48.969777174456404,1.0247440857721177
2014-10-13,35.06535050537065,35.19098027880816,34.17894505740763,34.262699127197266,35.12654406533301,34.96267641213105,41.469360743167954,-2.230609970087126
2014-10-14,34.44416073634455,34.67448771635644,33.92767428948892,34.144039154052734,35.0329721690206,34.93057299024563,40.51463258421943,-1.1717304259264003
2014-10-15,33.75318220614425,34.29060911726278,33.18783639152765,34.17195510864258,34.9509705442227,34.90082326939845,40.859593283062374,-2.6253409020129483
2014-10-16,34.10914903197511,34.653557161816806,33.892784121872275,34.35343551635742,34.894062446330764,34.879357083004685,43.166989002042,0.2648255726243439
2014-10-17,34.597720565828226,35.44224770860051,34.48604757721779,35.190982818603516,34.922340577023405,34.89157770008699,52.39760813787569,3.0662560449486658
2014-10-20,35.163056251529845,35.33754541144465,34.939710339838356,35.28868865966797,34.957230870608605,34.90715067889409,53.349488663412785,3.2679826116912833
2014-10-21,35.60276536807919,36.37051923363103,35.42827621624829,36.258846282958984,35.0811942432134,34.96015834964174,61.56737564316996,5.546492622824577
2014-10-22,36.30072303450104,36.51011215280172,36.063417674587754,36.182071685791016,35.18603971393508,35.00807651968681,60.65674391411535,2.8163148278529078
2014-10-23,36.293756103515626,36.91493727236521,36.293756103515626,36.64273452758789,35.32477255333059,35.07218075529077,64.0889298194708,3.8370535130354204
2014-10-24,36.684609639064234,37.94093132165336,36.62877181817439,37.43142318725586,35.52540594703776,35.16470006634823,69.06471598872967,3.233905720954959
2014-10-27,37.459331545475024,37.68965851439309,37.054518079261385,37.36161804199219,35.70028328941437,35.250853712451914,68.16447664790103,3.2600299022247228
2014-10-28,37.5361147333275,38.17823635468742,37.52215527824426,37.82925796508789,35.90304278233566,35.35196760471215,70.9009394815689,3.2380864932628874
2014-10-29,37.79435979966467,37.82227604670287,37.42444090460061,37.80133819580078,36.083832821713294,35.448021353382295,70.51124802017682,0.9882472453541801
2014-10-30,38.890154944942545,41.20039032004989,38.81337926858055,41.16549301147461,36.56780045883342,35.672235928209446,82.78743220214083,10.181237239798067
2014-10-31,40.844443755548504,41.095708700292995,40.006894827231754,40.61411666870117,36.95316390739225,35.866035172934616,77.12067429501502,7.361652999335566
2014-11-03,40.6978516108537,41.018911018161,40.02781122985136,40.34189224243164,37.275899939300764,36.04155897958156,74.41248088471444,6.720804521447023
2014-11-04,40.28607699464814,40.75370688462678,40.19534184342299,40.36983108520508,37.57056004843451,36.2112951405864,74.51140921738094,-1.9328371120145353
2014-11-05,40.46055242344608,40.71879566762245,40.048757846924694,40.355857849121094,37.83582650564276,36.373827011509334,74.35656852124013,-0.6358843691880722
2014-11-06,40.23722304919123,41.04685308148874,40.14648789158611,40.80256652832031,38.11837317446919,36.54750307099212,76.06871322319401,1.141925329432451
2014-11-07,40.66295181366713,40.760667977691874,40.48846265736279,40.704830169677734,38.3647024121081,36.7105355062347,74.89054377204303,0.8298253311132339
2014-11-10,40.59317899700292,41.0608115713101,40.286078875625805,41.046852111816406,38.62014524065175,36.88058713782614,76.27533491100097,1.712252692728626
2014-11-11,40.95610513692125,41.29810247708898,40.83745109671436,40.98402404785156,38.845276555623165,37.04150623233694,75.45213954066679,0.44472084716853205
2014-11-12,40.95611003410384,41.03288571709544,40.67692621640606,40.90725326538086,39.0416552898858,37.19310415520141,74.39558257332394,0.4972950258220611
2014-11-13,40.63503540833764,40.70483000558072,40.08364903764039,40.34189224243164,39.16548738060445,37.316586040975146,66.95943931625827,-1.717451724347516
2014-11-14,40.16043586468282,40.4954548171392,40.027822365537574,40.44659805297851,39.28749792083055,37.43933161007332,67.60524942936755,-1.3113060695200978
2014-11-17,40.29304591635492,40.879329737355235,40.28606751982247,40.7816162109375,39.42979490084074,37.570401594420936,69.64937388683956,-0.3071265959322768
2014-11-18,40.690870910060625,41.16548163045185,40.593157408067114,40.97005462646485,39.57648630328113,37.703721321167755,70.76674056486938,1.557096975665679
2014-11-19,40.88632232138101,41.0608115713101,40.635057375483974,41.046852111816406,39.71652114218925,37.834824489428485,71.2315835244859,1.4840656266113206
2014-11-20,40.77463975385202,41.01892625996113,40.68390727622032,40.90725326538086,39.829924201540834,37.95531189240701,69.08123611508555,0.30807276934175043
2014-11-21,41.50748835935084,41.528426209643435,40.94214243900755,41.03985595703125,39.94515579730182,38.07627440474522,70.00743619874827,0.17037158286167028
2014-11-24,41.123615723798494,41.179453548980696,40.830475129074074,41.08871841430664,40.05406652273085,38.19440946394371,70.35978411141295,0.10199637812952304
2014-11-25,41.053807838501825,41.08172674207108,40.54429982958217,40.84442138671875,40.12933841453922,38.29833150013096,66.17403411803164,-0.15359593628664128
2014-11-26,40.96307206722491,41.10964497733414,40.732747772755786,41.08172607421875,40.220042001175365,38.40748422852656,68.15579828173632,0.10202306078105643
2014-11-28,41.03287644789357,41.68197641429112,41.03287644789357,41.2143440246582,40.314737431983254,38.5175571617082,69.24038272286725,0.305742342909924
2014-12-01,41.32601699401189,42.17752504939225,41.07475214734269,41.2143440246582,40.40041425033325,38.623313509274865,69.24038272286725,0.9056870568369458
2014-12-02,41.30507598696153,41.53540030380676,41.095689518240405,41.346954345703125,40.490560926082765,38.73012295384068,70.40916755769717,0.6456113139092802
2014-12-03,41.36091195059646,41.70989029283484,41.123606571374616,41.200382232666016,40.55816295528117,38.82699586673579,67.3624632552254,-0.03387605049308628
2014-12-04,41.22132660888775,41.47956986086064,40.90026448042844,41.1026725769043,40.61002101448337,38.91623809066397,65.33289429576512,-0.27095286943568514
2014-12-05,41.15154009989151,42.484637734424304,41.0328886993676,42.33108901977539,40.77393225308261,39.05015381337422,75.37713739443097,2.380186617480664
2014-12-08,42.43577067770912,42.71495444803694,42.26128148687767,42.34503555297851,40.92356113878699,39.17936486198616,75.46405499876093,2.7782589827648403
2014-12-09,41.80063038128431,41.884384447889474,41.26320335078809,41.856468200683594,41.01240943039619,39.28434930664096,66.59542634974937,1.8339333588805529
2014-12-10,42.00302461934037,42.05885975781694,41.31204647605424,41.37486267089844,41.0469287866345,39.366330222886354,59.20867651031004,-2.2589221563145765
2014-12-11,41.430729586713355,42.24035963227603,41.430729586713355,41.654075622558594,41.10475229481775,39.45604572875585,61.850629821417485,-1.6317377501205412
2014-12-12,41.52843439629738,41.84251552507073,40.997988338531194,41.00496673583984,41.09524890824842,39.51678772903366,53.220745498927315,-2.0343366305087596
2014-12-15,41.07475055129734,41.22830187662721,40.20928573805912,40.86536407470703,41.073355114577815,39.569673075922815,51.554688555201174,-1.2314206339342582
2014-12-16,40.69088318720736,41.14455619762194,40.25116963307412,40.26512908935547,40.99638120741378,39.59694586076331,45.02785631169731,-3.334479309513025
2014-12-17,40.39076229257845,41.44467863043008,40.20231362297926,41.31206512451172,41.02644634237549,39.66420543973384,55.58894911979037,0.748929734903228
2014-12-18,41.849493196679134,42.42879867553711,41.57729044396048,42.42879867553711,41.160003707438506,39.77262086074573,63.618040056990715,3.82581835799119
2014-12-19,42.46369618477312,43.02206114968748,42.29618536405173,42.78475570678711,41.314741993090756,39.89074379588461,65.74395204071864,6.257589816339945
2014-12-22,42.51952472245044,42.854546311673026,42.22638415999787,42.61724090576172,41.43878950858323,39.99766525117391,63.85299884055378,3.1593089750325722
2014-12-23,43.11277808455985,43.11277808455985,40.970051605981894,41.29111099243164,41.424724887997364,40.04838861357618,51.27879832177763,-2.6814044201572407
2014-12-24,41.29810214808469,41.528429167684024,41.26320484094675,41.28414535522461,41.411336361066624,40.096849662268276,51.221740803195786,-3.507348182250933
2014-12-26,41.437697515030486,41.87741107683561,41.40978126447477,41.58427047729492,41.42780627689789,40.15517989030854,53.61651515141721,-2.423832248434324
2014-12-29,41.43071944953864,41.80761679124462,41.43071944953864,41.74480056762695,41.45799620934827,40.21751795608573,54.89215810292015,1.098758459849798
2014-12-30,41.72372499903093,41.94143939192332,41.56921783768361,41.709678649902344,41.48196596559152,40.276034061725596,54.53874927981216,1.0307426519703455
2014-12-31,41.646469831943314,42.23640307753628,41.40768726398743,41.45684814453125,41.47957379215721,40.322340496345426,51.94603067097979,-0.3064195459031671
2015-01-02,41.73777022595792,42.08892090752979,41.646470298610446,41.79395294189453,41.509514663560765,40.38005078832774,55.01662465053036,0.1177449013990397
2015-01-05,41.688598352278014,41.7166910423723,40.761561011697864,41.14080429077149,41.47439938996179,40.40988425901181,48.544262370617474,-1.3638905346305856
2015-01-06,41.34448044613672,41.78693105449962,40.81073258960826,41.07058334350586,41.43594071887075,40.435794027031186,47.89192760266124,-0.9317273702977935
2015-01-07,41.54111712554518,41.81501416538192,41.30935644318088,41.60432434082031,41.45197725429451,40.481618745218995,53.05566741468696,-0.4537225788090837
2015-01-08,42.018693794093046,42.88954602455408,42.018693794093046,42.643741607666016,41.565478621282274,40.56640787707966,61.13325324658153,3.6531549219898354
2015-01-09,42.74908105121292,42.78419558177159,42.20128687311013,42.362815856933594,41.64141550086811,40.63685524883864,58.217579899866244,3.146370000688252
2015-01-12,45.10881386220997,45.25629648898285,43.528633292976274,43.66909408569336,41.834527747041946,40.755766575774125,66.27269605745533,4.962872916667431
2015-01-13,43.935974726695505,44.62422974866952,43.7603993839756,44.32926177978515,42.07212146444606,40.895903642598086,69.47549788482239,3.9525616387660727
2015-01-14,43.57078279891943,44.35033784061176,43.36009289877575,44.20987701416016,42.2757172310855,41.025863382659345,68.21395790993675,4.360100054407167
2015-01-15,44.244989101528326,44.45567899000786,43.17749063028909,43.2828369140625,42.37163339136902,41.11437214859672,59.2214167489925,-0.8845092386686422
2015-01-16,43.11428773483544,43.82361373495235,43.01596595558777,43.760406494140625,42.50389749639489,41.21813820136315,62.00054966822846,-1.2832500763726484
2015-01-20,43.92895939630501,44.31522469522633,43.549715933770905,43.85873031616211,42.63292919351558,41.321690833316055,62.56619978775309,-0.794272053472539
2015-01-21,43.67613066839045,43.90789145649509,43.38116531524021,43.5075798034668,42.71622925160617,41.4074119694004,59.17813961406061,0.5192425114151388
2015-01-22,43.67610978426428,43.88680228327586,43.10022302618314,43.60588073730469,42.80095796452984,41.49362643088684,59.833862629241885,-0.3531177363643274
2015-01-23,43.64802804283333,43.88681059843061,43.37412827803625,43.59184265136719,42.87628031565721,41.57590941992529,59.686414908266265,-0.6085166234202926
2015-01-26,43.423297583863665,43.99918452729806,43.31092678605473,43.865745544433594,42.9705150993502,41.665706915004044,61.67109643088017,0.8232260736743102
2015-01-27,43.444371288844415,44.23797273526557,42.840391569217736,43.53567123413086,43.02433949313884,41.73903884908745,57.96749914320756,-0.16100925376738034
2015-01-28,43.83764558019926,44.13963535159678,42.9597689608034,43.072139739990234,43.02889189760088,41.791317315397364,53.1410837155954,-1.1922022097881046
2015-01-29,42.9808406726683,43.05809424535583,42.327700240577016,42.93870162963867,43.020302348271144,41.83631277870094,51.80390950578307,-2.1133663711605615
2015-01-30,42.6788522343337,43.07916377894074,42.2574698280173,42.32770156860352,42.95434036925518,41.855582927324576,46.08558563039011,-2.7746664546205944
2015-02-02,42.63671446563828,42.65778532797805,41.60433329926908,42.29961013793945,42.89198510912987,41.872995759113394,45.83507770352462,-1.793571451788191
2015-02-03,42.55946982872052,42.678862476836656,41.56922482087514,42.03976821899414,42.81082159578361,41.879535855579306,43.480716489667984,-2.0935272295798475
2015-02-04,41.79394330757923,41.9624967746684,41.26721740664197,41.60432434082031,42.69591709531091,41.86874324715738,39.79197457345404,-1.7089924587820606
2015-02-05,41.723723243237245,42.36984188062694,41.63242331727702,42.29961013793945,42.65817357556125,41.88563998797237,47.456979926838684,0.0
2015-02-06,42.12402153563485,42.33471133922036,41.74477828174122,41.906307220458984,42.5865672560277,41.886450467677726,44.04137638942702,-0.31746368781085893
2015-02-09,41.66052307010764,41.96251291714218,41.18998237021091,41.330440521240234,42.46693613842889,41.86464615605273,39.552656584192356,-0.6583061350460522
2015-02-10,41.55518563357003,42.07489001196192,41.52709560481842,42.018707275390625,42.42424767528239,41.870687768575785,46.56277024343849,-0.6640790816577294
2015-02-11,41.87120366701175,42.10998622137052,41.33043133275609,41.65349197387695,42.35084237038663,41.86217028643073,43.66878816662849,-0.6032868638413572
2015-02-12,41.89228464383322,41.96953555675164,41.597316627074726,41.772891998291016,42.29579947780609,41.85866917709192,44.87506028014446,1.0705220449402175
2015-02-13,41.93441509904157,42.17319767735292,41.75883975260874,42.16617584228515,42.28345436966124,41.87072826200146,48.76671890936081,0.35095931421215576
2015-02-17,42.19426550445903,42.45411624834237,41.98357296064699,42.208309173583984,42.276297684320554,41.88396672912234,49.18064247813397,1.331982442324369
2015-02-18,42.18022830161168,42.18022830161168,41.32341962960277,42.145111083984375,42.26380372238378,41.89420768421497,48.54707354053362,0.8910541451345704
2015-02-19,41.89227611418582,42.13105867758438,41.41471098738871,41.822044372558594,42.221731403352806,41.891377750424525,45.33209268741611,-0.8161315624488122
2015-02-20,41.66050347572614,42.531358069479275,41.63241078710624,42.503265380859375,42.248544163115334,41.91537334377491,52.47847447928529,0.6988107627395522
2015-02-23,42.47518704306965,43.18451293551332,42.37686527874688,43.04405212402344,42.324306826058965,41.95963525672583,57.255491414811466,2.1329663558074485
2015-02-24,42.94573177672386,43.19153619564126,42.58755656165309,43.15642166137695,42.403555857994014,42.00656805690823,58.195849047199985,3.1906075105546656
2015-02-25,43.100231897787005,43.177485472784014,42.6296912923572,42.99488830566406,42.45987323396259,42.045325713722185,56.279130223239264,1.1566709531594754
2015-02-26,42.97382661258221,43.268794627406095,42.66481492573258,43.163448333740234,42.52688038632237,42.089173659605244,57.839575134136425,0.2773814355878459
2015-02-27,43.00894917141495,43.22666094273107,42.749095662517576,42.784210205078125,42.55138798810863,42.11642999472183,53.235883778517056,-0.8624706172799784
2015-03-02,42.924652668690406,43.86573647318997,42.86846996047156,43.75336837768555,42.665862310925476,42.180623656798836,61.63896835129367,1.7641168564718976
2015-03-03,43.71826819577382,43.71826819577382,43.07917394055654,43.48650741577149,42.744018987577476,42.23183478460169,58.52071978989837,0.7484552196417693
2015-03-04,43.367101435864406,46.29569631165421,42.96678994462791,46.120121002197266,43.06555251277936,42.38431659705642,73.02439907154584,7.797060600462355
2015-03-05,46.34486312908873,47.18060342391504,46.13417594559341,46.38700485229492,43.381881307018936,42.541284763928516,74.01593618356198,6.019277080281992
2015-03-06,46.49937745360947,46.49937745360947,45.5582961008891,45.73387145996094,43.60588036920389,42.6664842422043,67.4790478091272,5.16795709230579
2015-03-09,45.825166091089635,46.73816004918503,45.698751625478494,46.60472106933594,43.89148424540694,42.82092490209182,71.13905797146472,1.0507345961117154
2015-03-10,46.197383969458976,46.70304182091169,45.6144725374713,46.02180862426758,44.09437228148891,42.94644975394185,65.80085111290092,-0.7872813284457538
2015-03-11,46.429143825566626,46.56258279997011,45.95157868142878,46.07096862792969,44.28261955257851,43.06897990586294,66.03234848887769,0.7370842598879292
2015-03-12,46.204415675618925,47.32107247294801,46.16227930081712,46.80839538574219,44.52316963192743,43.21562365017193,69.38060727205732,0.4370250732822423
2015-03-13,46.653880122959755,47.37724967520055,46.611743755453446,46.962894439697266,44.75552437552456,43.36257544583959,70.04678266823075,2.0448692556021086
2015-03-16,47.131433926078195,47.89693966161287,47.11036574739492,47.777549743652344,45.04333631534625,43.53571169281264,73.34043546232812,3.704244053353965
2015-03-17,47.482595694815835,47.6441220081376,47.23679128880389,47.489620208740234,45.276315733764726,43.69076692873137,70.39419496939074,1.4553475234178772
2015-03-18,47.24380971495985,48.24108170958871,46.899683551857834,48.08657455444336,45.543959430972215,43.86315154150439,72.83108839560302,2.392697741807537
2015-03-19,48.01636035536178,48.234072127846154,47.81971141457745,47.98124313354492,45.776081688360094,44.02464532942755,71.70948892167637,0.426337036925257
2015-03-20,48.45881179840339,48.59926997920227,47.57391025658921,47.58795928955078,45.94864145990206,44.16438313178532,67.52793852494176,0.20707489421540592
2015-03-23,47.55983907530598,47.84076063256759,47.257849338923045,47.461517333984375,46.092724876481334,44.293682512263715,66.19154908721318,-1.2998580710948706
2015-03-24,46.92777289104368,47.23678717922268,46.028828079759734,46.13417434692383,46.0966724450949,44.365858662642545,54.08994999202755,-3.8495642588504766
2015-03-25,46.141197544306685,46.632811714762425,45.40378432582436,45.43889617919922,46.03402708643817,44.407938565252614,49.03299853009217,-4.515980812027481
2015-03-26,45.34056764011486,46.01477620687443,45.052626909686325,45.64958190917969,45.9974132600326,44.45663046109289,50.541933594799644,-3.8176938424749185
2015-03-27,45.78303058296373,46.42914659351232,45.64959160060507,45.83219146728515,45.981677851199514,44.51057402996318,51.87193749180773,-0.654575233898848
2015-03-30,46.04991060552702,46.43617858606833,45.853267036573406,46.183349609375,46.00088468531146,44.57617307229306,54.410813785783944,1.6383616081690233
2015-03-31,45.986704481413675,46.16929901317448,45.29844665527344,45.29844665527344,45.93398582530784,44.60449752652759,47.59686182822362,-0.7691970861964019
2015-04-01,45.34787979018605,45.34787979018605,44.41549634250775,44.89581680297851,45.835112585086,44.61592181187861,44.845022326104946,-2.043050166988025
2015-04-02,45.00884172457577,45.16423764794429,44.542648565421146,44.66272735595703,45.72345684897848,44.6177573234111,43.28481722977089,-3.2925767972215025
2015-04-06,44.31661251977078,44.89582207937664,44.26010295565103,44.50026321411133,45.60696221708637,44.61314971128169,42.18321027728982,-1.7620547725099278
2015-04-07,44.78280564566145,45.135982337836936,44.48613582308139,44.50026321411133,45.50156231204113,44.608722789824036,42.18321027728981,-0.8810477613160127
2015-04-08,44.55677443905622,45.10066419409821,44.42256556653142,44.86756896972656,45.44118199372546,44.61887362040845,45.80005220008714,0.45864107701476914
2015-04-09,44.874616931650365,45.27723803109748,44.47199583220325,44.825172424316406,45.3825144156865,44.626963769581316,45.446653551893434,0.7301287379847391
2015-04-10,44.74748349698023,45.83526829907529,44.63446706913426,45.6586799621582,45.408815896302855,44.66742322811374,53.107337535176185,2.603168305933825
2015-04-13,45.36907209567394,46.2661383614244,45.16422630981075,45.17129135131836,45.386194511066236,44.68718276235706,48.79263416553717,0.6769307733091737
2015-04-14,45.33375635255979,45.49621998755384,44.895818048052725,45.22780227661133,45.37110953635624,44.70838352762193,49.30689919981148,0.898222651512895
2015-04-15,45.48209179469995,45.79288899332748,44.803993225097656,44.803993225097656,45.31709845909352,44.712132927522944,45.607640855125055,-1.87190417631195
2015-04-16,44.712156777819985,45.093588150430314,44.450806849708584,44.98057174682617,45.28504829602044,44.72265994004464,47.379046467284724,-0.42221419575737057
2015-04-17,46.67582318699068,46.80296698519258,45.785816599577345,46.16018295288086,45.36839445381667,44.779033391528415,57.36765585127115,2.0615210762776632
2015-04-20,46.42860371701737,46.79590505342545,46.0824867278285,46.52042770385742,45.478111906201505,44.84732336456093,59.872777780273324,3.830985488584259
2015-04-21,47.40335629425824,47.700023298644766,46.682873124695085,47.19144821166992,45.641286792436595,44.93924982915344,64.1039363132307,4.915180885844896
2015-04-22,47.19146251443528,47.3044816298152,46.86654064129006,47.04312896728515,45.774795570993604,45.0217548933939,62.53434988689957,1.9127870773510118
2015-04-23,46.82415919729498,46.901858488587266,46.40034831054932,46.61931610107422,45.855226097667945,45.08440435251862,58.1527557004033,0.2125698367313101
2015-04-24,46.49217874289357,46.70408691017414,46.05423771206972,46.47805404663086,45.914543045188225,45.13905728169949,56.7260572937138,-1.5117022089240484
2015-04-27,46.65463588557323,46.7323351768075,45.72224977980979,46.02598190307617,45.92515626974898,45.17383863940054,52.30363076902596,-2.1621586117631
2015-04-28,45.708121982057904,45.81407605622529,44.78280087169539,45.588043212890625,45.8930502643339,45.190081956008,48.369574683140804,-2.2121150081818355
2015-04-29,45.48208749761722,45.89883873722538,44.90994306242501,45.41145324707031,45.847183881737365,45.19876318310848,46.83968516957932,-2.2948482277042825
2015-04-30,45.39025723491474,45.67279958708447,44.79691775645362,45.01588821411133,45.76801286577298,45.19159161569683,43.51917362782813,-2.1946162736776587
2015-05-01,45.40439567462556,45.72931759183146,45.31257167271371,45.672813415527344,45.758946251463875,45.210463058827436,49.87442985120755,0.18594832474131912
2015-05-04,45.73638253226053,46.2873373205944,45.71519279256288,46.13900375366211,45.79514220405419,45.24687641940919,53.84356855228105,1.602129979486473
2015-05-05,45.701064217415706,46.153129976071426,45.701064217415706,45.93416213989258,45.80838219794356,45.27382880060462,51.89894697767671,2.0398884976202574
2015-05-06,46.01890721820388,46.01890721820388,45.51033210544093,45.67985534667969,45.79614154544224,45.289751410254624,49.50836151643531,0.015418211898349382
2015-05-07,45.60923219525392,46.0895526530236,45.56685272190742,45.94828414916992,45.81063131722583,45.31557622354542,52.020575331419515,-0.41335873984285987
2015-05-08,46.336774872077385,47.297415780211075,46.336774872077385,47.27622604370117,45.95021176736633,45.39246445178682,62.07390466655151,2.9217119487699277
2015-05-11,47.318608278960134,48.33575880319534,47.290353498948235,48.10972595214844,46.15587978496463,45.49902372631081,66.77909788839676,5.3193482926503375
2015-05-12,47.71417190512659,47.8059959024109,47.38218496172016,47.67885208129883,46.30092476556789,45.5845071912123,62.46485723153841,3.7663385351032086
2015-05-13,47.70708907623361,48.0390758958676,47.34684748588114,47.60820007324219,46.425427175822584,45.66386769638995,61.760274376758666,0.7022007831888816
2015-05-14,47.25504068618929,47.94726395854955,46.880674269028354,47.643531799316406,46.541437139964856,45.74150158277922,61.991164793816914,-0.9690226739094788
2015-05-15,47.75654692711796,48.12384827103693,47.37511549936672,47.77773666381836,46.65917995176043,45.821353938898405,62.90731667792258,0.20739715450975998
2015-05-18,47.77774814801352,48.12385983842593,47.74242831899114,48.03203582763672,46.78992813041531,45.90804734629991,64.64623791309535,0.8902578836051077
2015-05-19,48.06029332846799,48.37815025143137,47.9684693124907,48.22275161743164,46.92638751013115,45.99882006281488,65.93601172850116,1.2157365254847565
2015-05-20,48.32164345542553,49.34585383100869,48.236879098992375,48.794898986816406,47.10434098410117,46.10847021669729,69.5276294048008,2.1289462289835392
2015-05-21,48.695994867010654,48.745439379037606,48.35694293522036,48.660675048828125,47.25256327597993,46.20855668070242,67.72360896656903,1.3087915395618088
2015-05-22,48.54765910161346,48.54765910161346,48.17328736883186,48.243927001953125,47.34697886892976,46.28837512467304,62.31707000279517,0.04391160564514502
2015-05-26,48.046153459484536,48.20155206184912,47.481074001579714,47.67885208129883,47.378585841536335,46.342903632776014,55.811034091894854,-2.2872204445368682
2015-05-27,47.78481012823462,48.498228594166534,47.63647655613869,48.3145751953125,47.467727684753115,46.42022408620882,60.7728722328352,-0.7112516486224948
2015-05-28,48.22980431402329,48.900843208223414,48.16623510132495,48.84433364868164,47.59883301465107,46.51528720630579,64.36386046705564,1.2445227493694875
2015-05-29,48.85140346525757,49.04918155393493,44.613280393765514,45.630428314208984,47.411365900323254,46.480586857596116,40.275463914304574,-4.296294222010645
2015-06-01,47.06431889352516,47.544639357726375,46.62638329228597,46.958370208740234,47.36822345350582,46.49932345960177,48.801610294236916,-2.8070307585025507
2015-06-02,47.00781907578372,47.00781907578372,46.10368223256204,46.47805404663086,47.283445414755825,46.49848936497546,46.230832584425656,-4.844532467308313
2015-06-03,46.37210667177045,46.78179298029077,46.20964300147815,46.40742111206055,47.20001452878485,46.49491806093958,45.84834375345754,1.7027953200465853
2015-06-04,46.1601773000423,47.16319748022192,46.04009855784759,46.456844329833984,47.12923641459905,46.493424973445244,46.183855764594604,-1.0680223284514725
2015-06-05,46.308520109057994,46.80297064699389,45.93415372646456,46.76058578491211,47.09412683081934,46.503901868012576,48.303744889869826,0.607882029651649
2015-06-08,46.51337019245057,46.64757906260069,46.01892496934293,46.13900375366211,47.00316272823294,46.48959213803805,44.44535579762824,-0.5783931792940765
2015-06-09,46.09661860407557,46.20963233157784,45.84233098088536,45.96947479248047,46.90471625816127,46.46919537938874,43.42650582384976,-1.0490801611346925
2015-06-10,46.13899708195816,46.541618245140675,45.948284063207694,46.287330627441406,46.84591762666414,46.46206342833198,45.92925416619081,-1.012081327739493
2015-06-11,46.463918369979176,46.61931695541155,46.29439508998382,46.51336288452149,46.81424574646008,46.46407517171196,47.70108310609904,0.8113723756544456
2015-06-12,46.40035960539862,46.58400762129536,45.83527469281867,46.11075210571289,46.747246352103204,46.450219365202194,44.88002409080356,0.3073285345768874
2015-06-15,45.84233530291068,46.7464667643629,45.39026957218458,46.20963668823242,46.69604543173456,46.44078475041907,45.728969702173096,-0.1678514145357166
2015-06-16,46.244960184865874,46.61226159935349,45.99773756078296,46.59813690185547,46.68672080984131,46.44695542302442,49.04920723935015,0.18225733870166586
2015-06-17,46.42154013797767,46.97249485447419,46.28026624333238,46.83122634887695,46.70048324213042,46.46202487109707,50.98666127842742,1.5624864272703967
2015-06-18,46.84535425866778,47.4810733555789,46.84535425866778,47.0572624206543,46.734462211513645,46.48536752009932,52.858729076756,1.8343051215499564
2015-06-19,46.96544446684617,47.636483550433795,46.96544446684617,47.184417724609375,46.77731511752276,46.51278125360952,53.924871568867786,1.2581636557459905
2015-06-22,47.54464560087021,47.8413181243686,47.27623324908942,47.36805725097656,46.83357627308979,46.54632148880038,55.490480321753076,1.1463097252683476
2015-06-23,47.495202245639355,48.13092139868881,47.43869806796188,47.55877685546875,46.90264299522112,46.58602562082659,57.12009293864474,1.0657535288205147
2015-06-24,47.53050006600195,47.59406925735061,47.12081398048929,47.19144821166992,46.93014825393053,46.6097676832126,53.088505255420664,0.014900018691721766
2015-06-25,47.32568088126588,47.74242682765584,47.14202747637498,47.21266174316406,46.9570543005242,46.63341058752442,53.293530390677276,-0.3280597027426036
2015-06-26,47.35392328390328,47.80598894000826,47.28328903558331,47.70709991455078,47.02848721614578,46.67551605132938,57.91077101341353,0.3118731575725453
2015-06-29,47.49520339182748,47.67179175032228,46.54869237703889,46.59813690185547,46.98750147192765,46.67248157487943,46.74828552307217,-1.2572432766912498
2015-06-30,47.064320708683994,47.120830268780765,46.57694057273206,47.00075149536133,46.988763378921334,46.68535490509441,50.480247101054346,-0.4488419842870158
2015-07-01,47.199641011273656,48.09462447605603,47.13571633052348,48.06621170043945,47.091377504780205,46.73950615197069,58.72413625108931,0.7527428549039551
2015-07-02,48.20826927795728,48.35743226606239,47.831804114626706,47.931251525878906,47.171365506789606,46.786241264672974,57.420155677525834,2.8608753754065965
2015-07-06,47.71104855155573,48.435560605937134,47.59740289586114,47.94544982910156,47.245087823200265,46.83170042406233,57.52700772325857,2.0099643169183583
2015-07-07,48.22247196707897,48.57762347982469,47.65422737901301,48.4639778137207,47.36117258420221,46.89571130208815,61.34235922266391,0.8275378882784169
2015-07-08,48.21536682401124,48.499489114535415,47.91704085759274,48.11592483520508,47.43305375096438,46.94356281319078,57.60196940363453,0.38528789348732856
2015-07-09,48.62023342205417,48.76940180632951,48.22246551513672,48.22246551513672,47.5082358237427,46.99371586032591,58.437406628593195,0.5777726291495036
2015-07-10,48.769391342061134,49.358938529265025,48.58471110239792,49.20267105102539,47.669610607293436,47.080341554078835,65.22638402053394,1.5242109100989953
2015-07-13,49.47260126371737,49.61465968521891,49.195583548362386,49.479705810546875,47.84200062665091,47.17443427001876,66.8733370336292,2.834365088092324
2015-07-14,49.479711402475466,49.92009581040894,49.33054299810482,49.76382827758789,48.02503183150205,47.27597913306069,68.52006254321726,3.196358265770024
2015-07-15,49.68569867228724,50.01954198960349,49.0748375851091,49.20979690551758,48.13786660045591,47.35181512413743,62.04338234114706,0.014482657831315027
2015-07-16,49.493912001477135,49.68569142217313,49.266615264009225,49.280818939208984,48.24671920414668,47.42746233257161,62.53229938158949,-0.4019564548330374
2015-07-17,49.19559546005701,49.25952013945631,48.93278135554461,49.21690368652344,48.3391177262778,47.497636503314816,61.76128920307353,-1.0990404275443801
2015-07-20,50.033737175918766,50.10476638089827,49.52231822937676,49.699893951416016,48.46871546200525,47.583999540495256,65.24827829704023,0.9959338926747046
2015-07-21,49.79934182582863,49.86326649213403,48.91146311037623,48.9185676574707,48.51155852824005,47.63633554508253,56.30364386279128,-0.7350756126539641
2015-07-22,48.86173897483751,49.40157071646538,48.63444225507544,49.27371597290039,48.584144951541035,47.70054654225186,59.051497318244856,0.11543246754978098
2015-07-23,49.479707486513014,49.479707486513014,48.115921665669894,48.471073150634766,48.57337620859758,47.730763271992366,51.2131095855088,-2.4724817360424955
2015-07-24,48.350329765514424,48.350329765514424,46.86579895019531,46.86579895019531,48.41074980303546,47.69684310251013,39.82680333122047,-4.1962976546021125
2015-07-27,46.666909120152205,46.666909120152205,45.6653846182513,45.672489166259766,48.149963075723484,47.61745667363757,33.809179870813885,-7.3086162379578425
2015-07-28,45.779023747724885,45.97080858226728,45.53752334177555,45.928192138671875,47.93836584362333,47.5512110055997,36.03930877602332,-5.246182612999543
2015-07-29,46.16257811686064,46.25492095046074,45.6795719891644,46.091548919677734,47.762478517533275,47.49396935517139,37.48834510750417,-1.652057679290564
2015-07-30,45.850062903382714,46.04894688536081,45.33153930535518,45.7861328125,47.574255117053916,47.42699537310585,35.852921976945325,0.24882297486905494
2015-07-31,46.02763852217978,47.43403548715887,45.91398743614645,46.624290466308594,47.48378229317341,47.39551674930988,43.17884551100278,1.515623183109354
2015-08-03,46.84447524621251,46.97232998814275,45.949497471882026,46.411190032958984,47.381630649343464,47.35691570160984,41.86958093393703,0.6934918022353259
2015-08-04,46.50354375794155,46.5603693052426,45.921095446061905,46.05604934692383,47.255384811017784,47.30590133475941,39.708643359057604,0.5895159032739682
2015-08-05,46.247831925814175,46.510646004690024,46.20521547703839,46.21231460571289,47.156044791464936,47.26301558067916,41.14794535027401,-0.8836077857171961
2015-08-06,46.26203142679464,46.36147341108411,44.99059114390523,45.13265228271485,46.963340743012544,47.17947192193546,34.94143115466687,-2.7548049281567177
2015-08-07,45.10424109993707,45.168168479171015,44.152434958893345,45.040313720703125,46.78019531231641,47.09558336502439,34.46265971558752,-2.205433684877155
2015-08-10,45.43808164144842,45.707994817856864,45.34574149710301,45.381256103515625,46.646963006716334,47.02835484496522,37.848908589822116,-1.7983485771875358
2015-08-11,45.04030698083494,45.30311829631787,44.30159131124938,44.5075798034668,46.443212225454474,46.929500921769204,33.12558343365621,-1.38496730777652
2015-08-12,44.25897307747489,44.464958851753586,43.52025743782792,44.3157958984375,46.24060114669095,46.82700268556012,32.17634040444928,-1.6085985252198518
2015-08-13,44.322916377998496,44.528902226326124,43.89673287441517,44.337120056152344,46.059317233306324,46.72936022950491,32.40826770301384,-2.300809049845567
2015-08-14,44.35842039433267,44.94797044215098,44.33000762563062,44.805912017822266,45.939945308022125,46.6539308878703,37.470569976383516,0.6702952972792984
2015-08-17,44.54310726830505,45.18238114957016,44.44366526668411,45.08293914794922,45.85832567372947,46.59232336865771,40.31532054175323,1.7310830911620092
2015-08-18,45.10424390419911,45.89978527514728,45.075831131752864,45.65827941894531,45.83927364946431,46.55569419415919,45.82752772163333,2.979804193686326
2015-08-19,44.94086899629057,46.148384580739744,44.90535438989899,45.54462814331055,45.81121217268776,46.516044545106304,44.94450178172896,1.6487023524807287
2015-08-20,45.09714433127016,45.31023471613904,44.54310607910156,44.54310607910156,45.69044016377479,46.43867440918455,37.996478414598116,-1.1974220826110729
2015-08-21,44.22346394711857,44.62833915323203,43.335585189904094,43.378204345703125,45.47022722872035,46.318655975322535,31.83240735142498,-4.993782293723709
2015-08-24,41.19047514931831,43.285866983601615,36.80790391251069,41.65927505493164,45.10727940264523,46.13593515491505,25.308066276564265,-8.530870152574897
2015-08-25,42.75313724042498,43.00174491993528,41.11233901977539,41.11233901977539,44.72680888999096,45.93893138490958,23.647287759024213,-7.702128031291011
2015-08-26,42.1280681338253,42.703411778177944,41.01999457757581,42.63948440551758,44.52801608194588,45.809541307286366,36.23056715082054,-1.702974918690293
2015-08-27,42.98043527262307,43.24324934535959,42.24882401675735,43.20063018798828,44.40159837775944,45.70723106731389,40.13469956718587,3.699908678257651
2015-08-28,42.77443877165277,43.36398873199166,42.45480194516042,43.051456451416016,44.2730134323934,45.603083043161035,39.44336653433215,4.716631254446245
2015-08-31,43.07277924207694,43.32138695105176,42.1067665994587,42.24172592163086,44.07955747898744,45.47126511682652,35.835023522062855,-0.9328407447517084
2015-09-01,41.58824273823374,42.1138681836957,41.154957447297065,41.339637756347656,43.81861274349794,45.30924051445481,32.290912542712334,-4.307790010336619
2015-09-02,41.872363748449914,42.41929740131974,41.58824145540888,42.341163635253906,43.67790330461755,45.19284534272144,39.45079567038469,-1.649869423032602
2015-09-03,42.91650560286213,43.30717441728933,41.63085891768099,41.73030090332031,43.49241736163686,45.05705928627434,36.88857246950564,-1.210710517035621
2015-09-04,41.2543974995939,41.53851705978289,40.41623978429343,40.70035934448242,43.22650707428882,44.88620830816485,32.99728723847228,-1.5464054514291767
2015-09-08,41.46748308766173,41.96469564791288,40.00425817254333,41.9007682800293,43.10024623674029,44.76913222863013,40.83146391253559,-1.0401116016044714
2015-09-09,42.2346209616973,42.27724012242967,41.09813710474673,41.21888732910156,42.921069197917554,44.629906938452535,38.10589502207984,-1.2255209359826564
2015-09-10,41.35384118351689,42.0144231847963,41.22598642781179,41.73030090332031,42.807662693670196,44.51619689785912,41.27221091277802,2.5305465981776782
2015-09-11,41.552717575589234,42.1067529428615,41.54561573916361,42.06413650512695,42.7368506757137,44.420037666771584,43.31089365413149,0.3898931494664757
2015-09-14,42.191997556031005,42.49032350321061,41.780020532298245,42.02862548828125,42.66940065786299,44.326256797026865,43.1393421009886,1.96448330279889
2015-09-15,42.106759630950485,42.760239779110755,41.7942272963639,42.682106018066406,42.670610692168076,44.261780295891164,47.27785937377158,2.2808489134818637
2015-09-16,42.78865025815466,43.87541288827821,42.68920557059067,43.76176452636719,42.774530104948944,44.24217183434121,53.322603956205356,4.0358085587548445
2015-09-17,43.61970870857253,44.83432623246048,43.52736855652759,44.17374420166016,42.907788590350016,44.23948839776548,55.422855106868546,5.10394686587367
2015-09-18,44.16664170706298,45.94239924527043,44.06719971845792,45.70089340209961,43.173798572421404,44.29679839793545,62.210592808866565,7.072723596992651
2015-09-21,45.757726004745614,45.942406334587936,44.180854910014176,44.55021286010742,43.30488564743912,44.30673621998141,55.36927700233888,1.801683141147522
2015-09-22,44.01037438745961,44.67806095916233,43.57708911252682,44.10271453857422,43.38086935135675,44.298735369730146,52.931409583185086,-0.16079611173932393
2015-09-23,44.28739714688297,44.54310669610417,43.66233237055481,43.8541145324707,43.42594032098665,44.28129925846507,51.57291680899894,-4.0410126195564935
2015-09-24,43.52027254330918,44.05299988399172,42.93782420093026,43.896732330322266,43.47077765520909,44.26621820245947,51.80129456449619,-1.4668404208014834
2015-09-25,44.273187720180445,44.37973154545968,42.35536905965392,42.78865432739258,43.40581352875037,44.2082745210843,45.75894921940102,-2.9795449666308054
2015-09-28,42.47612375480918,42.568463914139784,40.508583892836576,40.81401443481445,43.158975519804095,44.075166282407054,37.389185610666004,-6.932303000680318
2015-09-29,41.14786212783421,42.56136389378806,40.78560600016356,41.872371673583984,43.036441820164086,43.988782180100266,43.36816236201966,-4.611643166295379
2015-09-30,42.48707678182668,42.608592385779595,41.89380305597744,42.315528869628906,42.96778344392264,43.92316440321904,45.70613010289368,-1.1057264249153658
2015-10-01,42.35841151772023,43.25904753714892,42.151124698890825,42.923095703125,42.96352746860858,43.883946022823196,48.82540202177592,5.167541829728701
2015-10-02,42.22976467192151,45.16040051063539,42.14398796929656,44.48134994506836,43.10808199017618,43.907373627617126,55.83383704396143,6.230786953800137
2015-10-05,44.78869771816105,45.18898071035966,43.83802936090847,44.29549407958984,43.22116885583463,43.92259403749841,54.868645544409,4.679051078532093
2015-10-06,44.15254149334889,44.40986611320294,41.73655256180332,42.80158996582031,43.18120896154755,43.87863309351104,47.72681413678466,-0.2830777587550409
2015-10-07,42.86591828393925,43.87377116053163,42.21546008311303,43.280494689941406,43.1906647452041,43.85517668552792,49.97475885318495,-2.699682578451268
2015-10-08,43.03031677940313,43.50922430574797,42.601441559652045,43.25189971923828,43.19649664749307,43.831518765281274,49.83694803418256,-2.355983113037259
2015-10-09,42.80158314017161,43.98098382414786,42.75869480146703,43.91665267944336,43.26508293625024,43.83485735015038,53.07645367965095,2.6051899345643297
2015-10-12,43.58786215876625,44.96025937811364,43.35198304827706,44.82444763183594,43.41359385963935,43.87366481217727,57.14644781657431,3.567318148637874
2015-10-13,44.71722156651321,45.26760967904984,44.40986193578879,44.559967041015625,43.52277225786566,43.90057862507289,55.632461470763445,3.0243002741345957
2015-10-14,44.60285498556886,45.21042482133969,44.25260701645181,44.374122619628906,43.603853244700254,43.919148977800575,54.539057237869365,1.041677614923691
2015-10-15,44.35268763205323,45.54638750693042,44.07392016519665,45.47490692138672,43.78204883295611,43.98015909323533,59.60351998420559,1.4511261686776518
2015-10-16,45.775114373087945,46.25402196794707,45.574971484555675,46.09676742553711,44.00249822272573,44.06316334156089,62.16761488761708,3.4488364479868725
2015-10-19,46.09675374662403,46.81154294298903,45.925205866450895,46.51848220825195,44.242115745156795,44.15945035594093,63.84365949405527,4.832455183405674
2015-10-20,46.411270179171424,46.454155792738305,45.08891104456589,45.66788864135742,44.37790364003305,44.218604798506284,58.23930042405967,0.42436968657091273
2015-10-21,45.91807739852924,45.93952021165848,43.9595556338308,44.68149185180664,44.4068168030591,44.236757231969044,52.485416844159474,-3.0702273776933464
2015-10-22,44.938807074197854,45.3176472956862,44.09535539672541,45.16039276123047,44.478585941932565,44.272978233116554,54.81928702892253,-2.91946207733444
2015-10-23,45.44630749949327,46.85444337039729,45.37482692954348,46.57567596435547,44.67830880121094,44.36328010492985,60.927368338263044,1.9878022610748487
2015-10-26,46.27546999087949,47.01170229200333,45.99670252644253,46.13966369628906,44.81748545788505,44.43294220655178,58.31190290940628,3.2634806584316465
2015-10-27,46.81870032470611,47.87659091474936,46.42556401847827,47.747928619384766,45.096575282789786,44.5629416737217,64.38503407905954,5.729657560409125
2015-10-28,47.755075793333425,48.72718976728409,47.261874839153954,48.3126106262207,45.40286436311654,44.70998751499617,66.2444511199892,3.7292741885153027
2015-10-29,48.248276613677646,48.94877251068009,47.87658858593169,48.11246490478515,45.660921557561174,44.84341800087025,64.95010281014399,4.275716488706778
2015-10-30,48.1339186796307,48.3197654625597,47.14036178588867,47.14036178588867,45.801820626925696,44.93349422773372,58.927674148312576,-1.2724464726820275
2015-11-02,47.576383711182345,47.819414958240955,46.86874368763086,46.997406005859375,45.91568590110985,45.01443194452296,58.07486065288521,-2.7222801734657804
2015-11-03,47.011691781516305,47.369086446112746,46.53278423977542,47.233280181884766,46.04117107070746,45.101445600890095,59.12596453842555,-1.827353316111106
2015-11-04,47.13321235857613,47.276168049864474,46.46845803260623,46.90447998046875,46.123390966875206,45.17215283146181,56.98139293787519,-0.5003818309483836
2015-11-05,47.02599050807146,47.17609561242911,46.60426196909635,46.85444259643555,46.193014931595236,45.23812497910784,56.644673186167196,-0.30419425575531606
2015-11-06,46.804422510702565,46.87590037559632,45.84660167020942,46.78297424316406,46.24920153269703,45.29870730318847,56.13443990054174,-0.9533657984088253
2015-11-09,46.51849266086009,46.77581726564449,46.13250575368348,46.454158782958984,46.26872127081722,45.344019125924575,53.736162067324415,-0.9600814201485264
2015-11-10,46.48275621106237,46.88303655065221,46.246874388056675,46.49705505371094,46.290467345378524,45.38923622113188,54.01219744730671,-0.7627612728270886
2015-11-11,46.74007292123694,46.74007292123694,45.88232792368949,45.91806411743164,46.25500037128835,45.40997457000638,49.701664798792535,-1.8487711389123633
2015-11-12,45.81084382667288,46.23972177134136,45.5249297414019,45.5463752746582,46.18751226684738,45.41532361724763,47.10283077856992,-1.9541490623952233
2015-11-13,45.56067714981799,46.12535869849091,45.439161535013966,45.85374069213867,46.1557244978275,45.43251644371394,49.456436059534845,-1.3835593691452994
2015-11-16,45.85373795118481,46.55422846116132,45.539228891695785,46.47560119628906,46.18618894530003,45.473421728128656,53.923323416323036,1.2141998787918564
2015-11-17,46.41127106476235,47.61211734823575,46.22542431341022,46.98310470581055,46.26208568439627,45.5326249821554,57.2442865570181,3.1544319882503
2015-11-18,47.17609682842427,48.3983859554788,47.14750460017967,48.326908111572266,46.45873543936541,45.64220471272077,64.53352707278387,5.393600134040105
2015-11-19,48.19109539779987,48.519897835723,47.70503843447658,47.847999572753906,46.59104630921193,45.728706471937755,60.57029642019217,2.9529437837039225
2015-11-20,48.155355824491885,49.320460389301616,48.0052507298901,48.47700881958008,46.77066178638985,45.836483034590394,63.72167317920773,3.1796623980551364
2015-11-23,48.4770131212415,48.934477865405185,48.183952325797534,48.59852600097656,46.944744092540965,45.94479844503691,64.31504552705496,0.562042762547964
2015-11-24,48.34119711109823,48.56992946288325,48.06242972777928,48.47700881958008,47.09067406654469,46.04410081266605,63.20179187259482,1.3145988389122722
2015-11-25,48.477010309934705,48.92732560758434,48.31260637074919,48.66285705566406,47.24040577979416,46.14679713592088,64.22180420783842,0.3833739758483602
2015-11-27,48.66286282096786,48.92018743679964,48.46986663238891,48.49845886230469,47.36022035908088,46.23901916440652,62.569593745037594,-0.20590570724277563
2015-11-30,48.4984612692839,48.59853135225049,47.783671846145126,47.898040771484375,47.41144135073835,46.30407883527232,56.820140085001945,-1.1943147116409034
2015-12-01,48.27686999628168,48.87014642434419,47.84084808682943,48.79151916503906,47.5428773330527,46.40162551487102,62.36254733328361,0.26439489409310074
2015-12-02,49.048855094566505,49.827972994462954,48.362657861973695,48.448429107666016,47.62912035920635,46.48189232243161,59.21922659850821,-0.10315741120911655
2015-12-03,48.31261261779964,48.634271117778155,47.27617017582624,47.49775314331055,47.616609195787696,46.52173000168177,51.47667043990926,-0.8357077277618742
2015-12-04,47.80511832199727,49.542056971549634,47.783675510204546,49.39910125732422,47.78637034450546,46.63456809013834,62.13852913250374,1.2452616821173124
2015-12-07,49.32046938732989,49.64212244110048,48.948781292896975,49.20610046386719,47.92158273682562,46.735412496951234,60.68100015232702,1.5638718739825668
2015-12-08,48.87728853541731,49.92802963950723,48.85584572976803,49.60637664794922,48.08203929978977,46.84799932640214,62.638346406091,4.439417372599749
2015-12-09,49.39194547996286,49.59923505630388,48.79866898078789,49.005958557128906,48.17003161001254,46.9326251785875,57.97612312141099,-0.7958499045304447
2015-12-10,49.00596819505073,49.62068762415505,48.72720071596984,49.277591705322266,48.275513523851565,47.024584650224156,59.44671611953583,0.14528938644015343
2015-12-11,49.27757855945012,49.27757855945012,48.22683736318671,48.33405685424805,48.28108907912742,47.07593650136235,52.56561428733082,-2.5648311359861653
2015-12-14,48.527045080112984,49.09887870076255,48.13390878424021,49.06313705444336,48.35556983868132,47.15386593481651,56.73322094597637,0.11667662259436686
2015-12-15,49.534911338115215,50.37836311187886,49.534911338115215,50.1925163269043,48.53051712327398,47.27302869529054,62.26413537980412,1.8566747885189652
2015-12-16,50.28543811094068,50.635683424195946,49.37050846212072,50.542762756347656,48.722159564519096,47.401253560430035,63.809242638167376,4.569667943992348
2015-12-17,50.59995217064143,50.657136642637155,49.4705833890773,49.5206184387207,48.79820326682401,47.4843659085983,56.53415219747437,0.9324340263234602
2015-12-18,49.184656624627536,49.44913066454172,48.34120491868022,48.34835433959961,48.755360511850256,47.51824780785326,49.55587967358769,-3.6741771926588505
2015-12-21,48.77008909135438,49.07029936703784,48.11247861880503,48.63427734375,48.743828781554996,47.562013672006074,51.14003764531883,-3.7759815817705173
2015-12-22,48.820115096630474,48.92018516999365,48.14821135826914,48.8272590637207,48.75177452271363,47.611631138347825,52.230450193130544,-1.4001428028569507
2015-12-23,48.998808945238665,49.39193979018971,48.77722055279466,49.31331253051758,48.805254332980674,47.67836374196233,54.95702451238597,1.9958449550114716
2015-12-24,49.16321475624166,49.499166651548734,48.920188974434225,49.29902648925781,48.852280252626116,47.74191914381706,54.85791438775671,1.3668325753240365
2015-12-28,49.14891386226421,49.44912405985705,49.055987762954814,49.44197463989258,48.90844162284197,47.80858798680041,55.71845019825621,1.2589598268656796
2015-12-29,49.67070986050219,50.13532402359527,49.570639788871055,49.84940719604492,48.99805739171844,47.888620112653136,58.16625053296574,1.0871195586294902
2015-12-30,49.950029548541096,50.33094256561404,49.84222263271408,49.96440124511719,49.09009013966118,47.970023294318395,58.857520924353366,1.3496711867208153
2015-12-31,49.67694012797682,50.115351045140194,49.43976593017578,49.43976593017578,49.12339259590066,48.02766026043045,54.43785910371492,-0.004467276505204069
2016-01-04,48.47668640069989,48.807295773854754,47.70767169348439,48.17483139038086,49.0330534334702,48.033431677291254,45.55558937253671,-3.3592692468305305
2016-01-05,48.512617551001135,49.51880627093863,48.45511979939616,49.12351608276367,49.0416689238791,48.076180085348994,51.895035862587875,-1.6829685564093333
2016-01-06,48.49105960037105,49.066020694249595,48.04546022890287,48.26107406616211,48.96732655647748,48.083430829694606,46.58456773898852,-2.3840967727847837
2016-01-07,47.32675154608228,47.930466959576954,46.67991556136915,46.924278259277344,48.77275052817271,48.03797386614883,39.788143005293804,-2.5958640539284077
2016-01-08,47.14707179319547,47.28362756993679,45.63779159307402,45.731224060058594,48.48308134073327,47.94751308943941,34.89506404722468,-6.905637652218784
2016-01-11,45.78871939052939,45.98995876251586,44.545359404286515,45.26406478881836,48.176508335788995,47.84227982274839,33.17468236776426,-6.209992909057696
2016-01-12,45.458116303772336,45.8462178756646,44.645978438511165,45.594669342041016,47.930618907813,47.75413823526967,35.59465933592296,-2.833520229953569
2016-01-13,45.709663185076394,46.3421274580268,43.97758324884624,44.042266845703125,47.56029966380253,47.6085746513651,30.085261040924383,-3.6932254691835267
2016-01-14,44.07102850381999,45.9324761737102,43.761984867153885,45.64499282836914,47.37788948899935,47.53157144262016,40.350433493727955,0.8415683419684447
2016-01-15,44.33693420204186,45.220941496363025,43.89133763111877,45.120323181152344,47.1628831739663,47.437012687268485,38.364614352276405,-1.04035442680861
2016-01-19,45.716869512409254,46.30620796059021,44.96222908404531,45.429386138916016,46.99778821824722,47.35828223439192,40.23063243378469,3.149518388943283
2016-01-20,44.73223406841304,46.414005143652226,44.416001875789775,45.673736572265625,46.87168806148707,47.292221620190894,41.73260558122476,0.06297239218453694
2016-01-21,45.95402155833409,45.975584584308834,44.91908678578134,45.37187194824219,46.72884843165423,47.216913789918394,40.38252175738503,0.5575065721047864
2016-01-22,46.327746573773446,46.57210924603818,45.74559699026615,46.28462600708008,46.68654153407574,47.18035348470905,46.06434153218139,1.882569721608986
2016-01-25,46.16245516848046,46.29900548038058,45.01971060952998,45.220947265625,46.54696112755662,47.10351402513713,41.143326979358235,-0.9913559533808132
2016-01-26,45.30000112342775,45.31437556062766,44.50223767951591,45.055641174316406,46.404930655819456,47.02320528588926,40.42063052090932,-0.6969753733910746
2016-01-27,45.23532195671575,45.24251054684146,43.956027078722435,44.351314544677734,46.209348169044056,46.91842525682215,37.40578394851226,-4.177005691061668
2016-01-28,46.11932631679616,46.17682406742159,43.122325977358685,43.956024169921875,45.99474588341337,46.802252665179,35.79225057360214,-2.797206100688352
2016-01-29,44.30819362239154,45.019710507192286,43.956026733381975,44.67473220825195,45.869030295302764,46.71882049039755,40.79297982835022,-0.8454190333031751
2016-02-01,44.46630629615307,44.818473179884904,43.15826257082415,43.711666107177734,45.663567039290854,46.600892867526184,36.67141751960628,-1.4422310681584056
2016-02-02,43.14389038027799,43.337941194691766,42.015522962187575,42.3101921081543,45.34419799823023,46.43263009264886,31.65860118304542,-3.7442696259453423
2016-02-03,42.547372179353715,43.25170334019431,41.64180158566988,43.20858001708984,45.140805809550194,46.30619675635243,37.55163215970457,-3.2818376712984545
2016-02-04,42.84922526094526,43.66136332166709,42.54018164690892,42.90672302246094,44.9280360203036,46.1728840609057,36.41541294791133,-1.8414834217097482
2016-02-05,42.94264340795311,43.165443046935735,42.39642856423356,42.85639953613281,44.73073730752543,46.04282584424794,36.218660630426946,1.2909594609787813
2016-02-08,42.4323717963675,43.96321248032323,42.238320989603295,43.63979721069336,44.62683825068428,45.94858942724581,41.51611329950496,0.997989735911173
2016-02-09,43.31638992061281,44.54537592599398,43.143899358025955,43.85541915893555,44.55336976575583,45.86650431868462,42.921327990626764,2.2110664008947576
2016-02-10,44.02070766004678,44.86159169854362,43.783533551766965,43.898529052734375,44.49100398356331,45.78932881805912,43.215098369144094,2.431677714136786
2016-02-11,43.03607812064482,43.3019983386327,42.36049332137371,42.77734375,44.32779824703347,45.671211756566606,37.77043256579868,-1.9763003400987997
2016-02-12,43.266082763671875,43.417010299451626,42.51862819365131,43.266082763671875,44.226682486713315,45.57689297253152,41.24548425053026,-1.3438165831407736
2016-02-16,45.07720759624834,45.07720759624834,44.09257913621693,44.68910598754883,44.270722820126224,45.54207779664984,50.000377838330856,1.8009189644253223
2016-02-17,45.19938199274589,46.01151711762553,44.53098575399621,45.93964767456055,44.42966804435807,45.55766877225418,56.17988702952984,7.39247378949411
2016-02-18,45.96121184544749,46.01151826353103,45.21375755572506,45.508426666259766,44.53240696072966,45.55573770927401,53.71460794691532,5.182682968633949
2016-02-19,45.220947227032774,46.38525207195871,45.21376137859715,45.85340881347656,44.65821666099127,45.567411085909406,55.400750068694386,2.605339266021857
2016-02-22,45.92528538891422,46.29900985939691,45.51562344789229,45.78154373168945,44.76520019153396,45.57580844456745,54.95165632515754,-0.34415575842268614
2016-02-23,45.4796754209956,45.52998457810032,44.574107851467176,44.61004257202149,44.75042327538991,45.53793527309506,48.10579305539324,-1.9741049296796318
2016-02-24,44.4447381635424,44.81846526789561,43.71884697927011,44.72503280639648,44.748005135485776,45.50605674498923,48.7803014689793,-2.460833417358601
2016-02-25,45.01252252045283,45.321566079297355,44.77534840902363,45.30000305175781,44.80057636560692,45.49797620799976,52.13068697804568,-1.0518227230470687
2016-02-26,45.5299891125926,45.69529377856389,44.73222836691874,44.73941421508789,44.794751398890824,45.46822867886596,48.78036484929463,0.29000564807247775
2016-02-29,44.74660898089544,45.08440148668278,44.50224896978967,44.50943756103515,44.76757865242838,45.43062902718633,47.433565559598044,-0.48204603067500523
2016-03-01,44.78253848055869,46.16963750474913,44.50224104641934,46.15526580810547,44.89973933392143,45.459046155849826,56.656467337724216,1.8879971274405218
2016-03-02,46.126524481217025,46.78054370965643,45.78873198028405,46.64399337768555,45.065858766660874,45.505514674353186,58.95919181901451,4.257049842989131
2016-03-03,46.34932089639031,46.88835007647688,45.73842225561653,46.71586227416992,45.22300195785221,45.552979286110705,59.30160758217028,4.957206457864435
2016-03-04,46.71586394140115,46.924289223134345,46.11933697816016,46.50743865966797,45.34532926278705,45.59040906546589,57.79561320329758,0.7630177085897182
2016-03-07,46.35651657485728,47.88735770636845,46.32057909737504,47.786739349365234,45.57784450912783,45.67653966483449,63.86201547975735,2.449931682364007
2016-03-08,47.51361110017149,47.69328743756942,47.24050504130983,47.62141799926758,45.77247055580781,45.75280940343971,62.60957990859118,1.9384330739376185
2016-03-09,47.90890636692383,47.92327806280878,46.67991526220174,47.10395431518555,45.8992785328914,45.80579547841014,58.72728675661293,1.2826241838058619
2016-03-10,47.556741819670805,47.6214281662534,46.342133248181625,46.67273712158203,45.972941255623844,45.83979318990708,55.63151253202103,-2.3311953126552893
2016-03-11,46.84521551307315,47.13988185891707,46.38524452203381,46.68709945678711,46.0409563224013,45.873020886647474,55.71524564867544,-1.9619712762329728
2016-03-14,46.4858702219266,46.500241918742816,46.00433887091286,46.083396911621094,46.04499828327938,45.88127092684252,51.330161842001665,-2.1666066435433895
2016-03-15,45.97558755715558,46.19838448736759,45.508427927718856,45.76716232299805,46.018537715633535,45.87679607963293,49.148029890995716,-1.9402650335783194
2016-03-16,45.55156537818255,46.227147709806665,44.710678332547744,45.01972198486328,45.92341240794113,45.843185330818436,44.349093755222974,-3.5713880093731847
2016-03-17,44.93346944081017,44.99815304727796,43.82666228198081,44.178829193115234,45.75726162557676,45.77791646267321,39.6575717661497,-4.132871806647514
2016-03-18,44.2291382960079,45.15626907348633,43.84103665776429,45.15626907348633,45.700024239663385,45.75353813368549,46.71387526349734,-1.334785069697765
2016-03-21,44.940658136258875,45.19220672918643,44.65317755502701,45.06283950805664,45.63933997951036,45.726451913072594,46.15824901699135,0.09577474336215698
2016-03-22,44.97659504641266,45.458126453328305,44.83285338676897,45.134708404541016,45.59127982951328,45.703246285287044,46.68358736901328,2.163658994328315
2016-03-23,45.335939441770776,45.335939441770776,44.74659847204043,44.80409622192383,45.51630996212381,45.667985498488484,44.53107492700092,-0.7798980269813292
2016-03-24,44.689104093134574,44.96221292563953,44.36568609959498,44.93346405029297,45.46080082766373,45.63918073581415,45.588296198354804,-0.28710010105009304
2016-03-28,44.97659086483684,45.38625277466549,44.71785644986213,45.11314392089844,45.427690646067035,45.618551841111575,47.09649438940452,-0.0477780502076059
2016-03-29,44.883160146247,46.32056844056518,44.796916251749586,46.13370895385742,45.494930484904216,45.6387540808271,54.76584381154517,2.9676142229222764
2016-03-30,46.24215613333229,46.38675655607844,45.69268831675221,45.86620330810547,45.530289801399576,45.64767365836743,52.61284965887635,2.0758231699396843
2016-03-31,45.981880709394694,46.299996122256175,45.76498559206162,46.18431854248047,45.59257825293109,45.66871855578363,54.88426872453382,2.374418026507381
2016-04-01,46.02525855799399,47.1314282901927,45.90958098394383,46.928993225097656,45.71985586932791,45.71814109183516,59.748213536381826,1.72386805499569
2016-04-04,47.0012852823001,47.955625848217515,46.82776480417607,47.695350646972656,45.9079982291036,45.7956787214484,64.04434271752196,3.98800686985125
2016-04-05,47.594130638926416,48.295427365858664,47.42784156839923,47.54352188110352,46.06376238643692,45.864221590454484,62.61840180993409,2.942997496808045
2016-04-06,47.54352839542596,48.541246407471746,47.54352839542596,48.10745620727539,46.258399893183444,45.952191575427854,65.67533672879036,2.5111618664503794
2016-04-07,47.75320339240951,48.17253086854289,47.42785654713288,47.91948699951172,46.41659866521471,46.02934041558801,63.802462420616465,0.46993333626595113
2016-04-08,48.317124973944594,48.38942242477405,47.45677041603095,47.76765441894531,46.54527064176048,46.09750959219026,62.2580448020246,0.4714260302429818
2016-04-11,47.861639308998114,48.07130577211141,47.55075531416692,47.70258712768555,46.65549125946763,46.1604538092685,61.570215899476175,-0.8415931988701048
2016-04-12,47.68811942732038,48.649691395759376,47.61582198580087,48.324344635009766,46.81442967618593,46.24531227302306,65.49333038993034,0.8448705544409777
2016-04-13,48.44002936814454,48.91720245434844,48.02069644680325,48.85213088989258,47.00849645844371,46.34754045407677,68.43869901440026,2.270315518187025
2016-04-14,48.91720826258072,49.387144489047984,48.81598520408149,49.069034576416016,47.20473818396488,46.45426571377635,69.58759552247699,2.8645143398048787
2016-04-15,49.119628881122765,49.3799040613113,48.85212230261212,49.19915771484375,47.39468290119144,46.56190853734762,70.28639667596407,1.8102947622805512
2016-04-18,49.220843282791826,49.84983699854033,48.86657649463005,49.78477096557617,47.622310335894745,46.68829529923894,73.26383649857422,1.9091082798121204
2016-04-19,49.77754760270441,50.42100421804849,49.30038006945591,49.82093048095703,47.831702730662585,46.81114373773769,73.4408062125146,1.532322596178402
2016-04-20,50.01613276248884,50.28363935997216,49.459436402899506,50.052284240722656,48.04318668400164,46.93824728687435,74.59927571356204,1.7340266896917051
2016-04-21,49.900465535619496,50.78250888288219,49.79924798914108,50.72467422485352,48.29856644979706,47.0867346177755,77.65045520271309,1.8879332796915944
2016-04-22,50.78973246278215,51.38258036484172,50.78973246278215,51.100616455078125,48.56542835506192,47.244141748650115,79.15792031225185,2.5685710037274916
2016-04-25,51.05002254037983,51.2090802826079,50.63792089730861,51.06447982788086,48.80343325723515,47.39395892822779,78.60905931352961,2.022276510478773
2016-04-26,51.0716971539042,51.38258115095648,50.70297299090225,51.23075485229492,49.034606742478935,47.544421513485325,79.31960327038719,0.9977010896078565
2016-04-27,51.23072813969124,51.3319456193557,49.60401155316236,50.77524948120117,49.20038224140486,47.67112064947418,72.24028136177446,-0.63671829509724
2016-04-28,51.895899704308746,52.82132028666724,50.247493602489975,52.24293518066406,49.49014918800098,47.850407493834574,78.8044538298914,2.3077790212596554
2016-04-29,52.09833268142461,52.55381707065178,51.599476443809365,52.18509292602539,49.746810496384256,48.02039515784206,78.02142877948994,1.862822588661737
2016-05-02,52.19232822579494,52.3007716447231,51.68623503504836,52.02603912353515,49.96387988944625,48.177479234928064,75.79131080773651,2.4633845330431408
2016-05-03,52.01880075787883,52.07664091752322,51.151220426977964,51.42595291137695,50.103124939153936,48.304870359494686,67.90506380221899,-1.563813875429969
2016-05-04,50.91264117274295,51.295822632185725,50.710206101032966,51.17291641235352,50.20500984136342,48.41734275372445,64.84128925512913,-1.939589367229204
2016-05-05,51.013865289136085,51.46934977518083,50.63791518117067,51.4404296875,50.322668874328805,48.535895182499964,66.55911556100904,-1.125608341324288
2016-05-06,51.3319625347672,51.69345522867401,50.522216914677266,51.49102020263672,50.43394042940575,48.6517824381916,66.88859803913105,0.12652617516275677
2016-05-09,51.57777786254883,52.040493611822534,51.54163190065974,51.57777786254883,50.54287732780033,48.76652735679385,67.48032877223771,0.791163526684535
2016-05-10,51.87420278265451,51.87420278265451,51.22351481529366,51.715145111083984,50.65452187858925,48.88215942558954,68.44197734978505,0.534045740389179
2016-05-11,51.5633232842337,51.70791817125275,51.042772865458915,51.19459915161133,50.70595780935326,48.97284333641393,61.071897021903766,-0.5756752339706248
2016-05-12,51.36090118736521,51.61394506142762,51.03555433561975,51.53441619873047,50.784858608341565,49.07329717415183,63.811519885218374,-0.08407043811370699
2016-05-13,51.52717466004255,51.98265905968321,51.33197100015489,51.46210861206055,50.84935860869575,49.16697605406982,62.798770310088365,-0.4892889664718446
2016-05-16,51.63562469191631,52.78517454095416,51.34642937973472,52.65503692626953,51.02132797227421,49.3037627549404,70.98142502540722,2.852718448547978
2016-05-17,52.221247310975514,52.75625505924516,51.25967523129084,51.48379898071289,51.065372830220745,49.389254371637364,57.58818150492323,-0.0982202220403247
2016-05-18,51.266913019057675,51.910369780300265,51.071703812512034,51.39704513549805,51.09696066881858,49.46799126433778,56.734266241924644,-0.1264298691158797
2016-05-19,51.06446083948672,51.33196744430152,50.290866621175034,50.84756851196289,51.073209034832324,49.522092332872106,51.52316930381228,-3.432660045111272
2016-05-20,51.00661635110389,51.447637836011765,50.84032730108115,51.16566848754883,51.0820146969958,49.58654629972217,54.1487992750494,-0.6179235011061287
2016-05-23,51.281363359869026,51.33197212583429,50.32702269027992,50.8981819152832,51.06450681302317,49.63798299052849,51.61707877799753,-0.9706068099823453
2016-05-24,51.28859403744512,51.65008679380503,51.209065189770605,51.498260498046875,51.10581668778733,49.710935049646864,56.52763836614108,1.2796914486302255
2016-05-25,51.548878432973005,51.744082129116435,50.99940780110073,51.10785675048828,51.10601097947313,49.76571629281712,52.77483089892781,-0.11298931250085273
2016-05-26,50.99940693583587,51.317522377724096,50.81866052857077,51.136775970458984,51.10894097861464,49.819483338999156,53.02362052347385,0.4687673433461846
2016-05-27,51.288597808814664,51.72238804515582,51.12230870164713,51.55609893798828,51.15152745093594,49.88758591150854,56.59431063125416,0.11231144388575966
2016-05-31,51.59224225116781,51.968192258867,51.28858968541754,51.83805465698242,51.21691099436894,49.96407488191928,58.85878135719507,1.4287390489861704
2016-06-01,51.84528769405183,52.134482986926145,51.6211639621464,51.960968017578125,51.28777356800791,50.042384416651004,59.842320238430766,1.6117403404455242
2016-06-02,51.997128251302115,52.7779541015625,51.90314209960044,52.7779541015625,51.429695523584535,50.14966165919655,65.71018127248122,2.369952709268921
2016-06-03,52.60442771748442,53.04544932376171,52.29354372479619,52.69841384887695,51.55052584027905,50.24961272545853,64.71866971610368,1.6597057848478571
2016-06-06,53.08159102804763,54.31066961680317,53.07436514494189,53.71059036254883,51.75624627097141,50.385337338677765,70.76419618442308,3.367185816051031
2016-06-07,53.674440697378785,53.97086739297191,53.27680199141279,53.43585968017578,51.916209452800395,50.50496566579533,67.38889077527419,1.2465537738489259
2016-06-08,53.47200623353781,53.4936949157095,52.98037587919401,53.07436752319336,52.02651022140925,50.605726522948196,63.1225050186957,0.7134060531585016
2016-06-09,53.04545493656715,53.2912673904997,52.51767302673796,52.58274459838867,52.07948492397872,50.683256643553705,57.76621983598692,-2.099857321521041
2016-06-10,52.416461019570626,52.76349656781853,52.185105826053,52.52490997314453,52.121906357232604,50.75547834275335,57.15182150698243,-1.7047535353290182
2016-06-13,52.539368758848326,52.9008616037821,52.05496967046341,52.21402740478515,52.13067979033285,50.81267634518597,53.83707255029746,-1.6210087063821228
2016-06-14,52.214009778779655,52.88638646401842,52.17063241713238,52.85023498535156,52.19920885652511,50.89258060558462,59.06898248099317,0.508703737330378
2016-06-15,52.95869432431708,53.32741851868401,52.40922373293882,52.467063903808594,52.2247188610283,50.95432504865223,55.02416485229283,-0.11013073485611613
2016-06-16,52.30799244219333,52.43089863602771,51.165674189525745,51.859745025634766,52.18995944813368,50.989831714416255,49.265864629191334,-0.6785195411260602
2016-06-17,52.05495193815991,52.05495193815991,50.7029671729161,51.093379974365234,52.08552330777478,50.993892430492686,43.1318782327154,-3.3242141902931435
2016-06-20,51.570546114855446,51.87419863670803,51.30303955078125,51.30303955078125,52.01100104520397,51.00601584697459,45.144135297196875,-2.2185810800494346
2016-06-21,51.44765215166109,51.69346458033512,50.86926153039952,51.512718200683594,51.96354553620203,51.0258865275122,47.157945164086605,-0.669164155704262
2016-06-22,51.51270905923896,53.0960488291082,51.491020380080336,52.27907180786133,51.99359565731243,51.07503104831021,53.829400602535365,2.3206369085211893
2016-06-23,52.676723554328795,52.712875035419295,52.163404515304805,52.51766586303711,52.043507105476685,51.131604962613224,55.70446397180152,2.3675523378173073
2016-06-24,51.151228217976154,51.94651122842412,50.99217051269815,51.050010681152344,51.948888398398175,51.128405186869664,43.89533422565484,-0.8982393779505693
2016-06-27,50.89093696904657,51.425944569115714,50.67403916353567,50.840328216552734,51.84331123822242,51.1171080507788,42.50880337196616,-2.752045018313134
2016-06-28,51.29581881699626,52.112795958987626,51.093383760342626,52.06218719482422,51.86415656742259,51.154169977996276,52.019632938057676,-0.8672865801019249
2016-06-29,52.41831447035377,53.181472930500654,52.30202048869201,53.05791473388672,51.977847821371554,51.22882663509002,58.10251165600733,3.933209858221818
2016-06-30,53.130625971148774,53.60306083671685,52.84716616084901,53.45769882202149,52.11878601190964,51.31623338751871,60.279851045148625,5.148217364608961
2016-07-01,53.5376438747824,53.90105441790679,53.29779158547116,53.62485885620117,52.26222152088979,51.4067677196239,61.18807908976803,3.0015482360147687
2016-07-05,53.60305511084648,53.92285816326148,53.26871807659663,53.62485885620117,52.39199650520516,51.49375168576419,61.18807908976803,1.0685382664546381
2016-07-06,53.79203055943746,53.82836828690634,52.96345495836084,53.683006286621094,52.51494981772096,51.57960480736642,61.54283427868785,0.4214686931244945
2016-07-07,53.67572425500848,53.8937727508044,53.51582276411862,53.8428955078125,52.64142083582492,51.66836130542313,62.55631511987164,0.40659622470244394
2016-07-08,53.99552530842995,55.03487941689171,53.78474658207578,54.7150764465332,52.83891184636856,51.787840330564705,67.57600493584602,2.033045146571903
2016-07-11,54.72962508574235,55.12210355720473,54.53338030480683,54.79503631591797,53.02520941489708,51.90576958489228,67.99955474391798,2.071474953097058
2016-07-12,54.860455856226906,55.63815416589038,54.860455856226906,55.38376235961914,53.24983350487061,52.04216145841099,71.00298225555085,2.8617830398498234
2016-07-13,55.73990864564268,55.88527063898652,55.311081338430526,55.65995788574219,53.47936916019171,52.184035828110254,72.31573289589069,1.7269123988747583
2016-07-14,55.81257800609185,55.907062727546005,55.44916755329417,55.798038482666016,53.700194809951164,52.32576142240656,72.97445770672944,1.8304617246082098
2016-07-15,56.04515195837226,56.05242171898058,54.569706631430705,55.238380432128906,53.84668867873,52.439981775729,66.10847203202557,-0.2624991898279446
2016-07-18,55.43464045452308,55.500057234194415,54.96221119616252,55.209327697753906,53.97646382339894,52.548583576592726,65.76256475344239,-0.8096128798971196
2016-07-19,55.16571317304724,55.37649192145672,54.82410642718373,54.853179931640625,54.05996059561243,52.638959904241666,61.51343077243811,-1.6933544201897284
2016-07-20,55.027619458241794,55.26747172873963,54.904061214120254,55.034889221191406,54.15281094090567,52.73291791667107,62.83293720958432,-0.36838735919770227
2016-07-21,54.95493549372174,55.29654224623081,54.620598503769315,54.87498474121094,54.2215893980776,52.81692053724126,60.8556427368046,-0.605591428994291
2016-07-22,54.87498559659436,55.2238621170983,54.511575095954655,55.00581359863281,54.296277417178096,52.902759480825246,61.91173717705484,0.2782585570834787
2016-07-25,55.02032592869115,55.05666918253599,54.56243087433683,54.91857147216797,54.355543517653324,52.981810931466136,60.734998594874895,-0.21135274490322564
2016-07-26,55.07849927804031,55.14391605722995,54.43162897545593,54.5551872253418,54.374557204099844,53.043511962598515,55.96368619633197,-0.5827746784391791
2016-07-27,54.65693982246545,55.81985791906619,54.51884759602756,55.58000564575195,54.48936181759052,53.14298230311434,64.44660665370937,1.0438752007358951
2016-07-28,54.80956573837289,55.587263865484566,54.14815606965005,54.26445007324219,54.467941651462105,53.186961431354646,50.893380260529696,-1.1910750432707116
2016-07-29,54.19904624866103,54.627873557775274,53.94465998657866,54.37348175048828,54.45894547041698,53.23349163994813,51.798142751684715,-0.33306727388355545
2016-08-01,54.606068831622096,55.45645375765955,54.43163331521663,55.376502990722656,54.54633190092228,53.317531300762816,59.2383991131246,-0.36614363864292054
2016-08-02,55.25293969239988,55.28928296686992,54.30080578950035,54.54792785644531,54.54648389668638,53.3657821460837,52.08600227342485,0.5224005455146186
2016-08-03,54.46069566761059,54.55518039772118,53.96645718471681,54.3662109375,54.529315043430536,53.40501464770787,50.64187258104624,-0.013371983463641183
2016-08-04,54.48249609142448,54.96220056554911,54.19903637315215,54.7441520690918,54.549775712541134,53.45752984070332,53.5278405293615,-1.1419119797738013
2016-08-05,45.06289524436006,47.07618667264603,44.74309505043991,45.99322509765625,53.73486613017115,53.16481200764265,21.77729038463576,-15.682910598002211
2016-08-08,46.15312852942533,46.26215277672453,43.609255303394015,43.827301025390625,52.79128850114443,52.798635106377866,18.804246503240318,-19.38503664385407
2016-08-09,44.08169434546685,45.24460682551558,44.023547335163386,44.779441833496094,52.02825548517792,52.484156938813875,23.733422971550056,-18.20232821036188
2016-08-10,44.89572717986815,44.939337431863095,43.97266430715453,44.03081130981445,51.26659413514331,52.152653188657034,22.573088818834638,-4.266745338416807
2016-08-11,44.11803564447895,44.4305688990496,43.79096563706757,44.31427764892578,50.60446875550355,51.84526591258914,24.08651168744363,1.1111261979217801
2016-08-12,44.50324923373795,44.55412648162848,44.05262099273517,44.06715774536133,49.98186770691857,51.54024206289393,23.652465751212695,-1.5906497691133794
2016-08-15,44.147114264875505,44.23433201942255,43.6165324288247,43.63106918334961,49.377029752292955,51.23007842055886,22.869277987848193,-0.9078690911510444
2016-08-16,43.62380413874128,43.892727177944565,43.10049204290564,43.180442810058594,48.7868786149373,50.914406435833364,22.056534782779167,-2.5586219589312718
2016-08-17,43.24584674011867,43.260383491903205,42.20649255464044,42.373661041259766,48.176095988872774,50.579475243889306,20.642112200636475,-3.8429905415895043
2016-08-18,42.35186385587252,43.23131668046039,42.344594092553955,42.64986038208008,47.6497878358449,50.26850995519091,22.474996035256623,-2.2488763618104914
2016-08-19,42.69346496372177,43.136823426082806,42.54083045296592,43.09321594238281,47.21582860789613,49.98712587625726,25.45144391510688,-0.2020054960053868
2016-08-22,43.35488133069773,43.37668507727295,42.88971348047335,43.07141876220703,46.82112290830669,49.71592167570627,25.399811811224282,1.6466779216170397
2016-08-23,43.25312588479776,43.638342983837795,43.10049410707006,43.50751495361328,46.50554119833589,49.47245474542812,28.523980102325133,2.0109199979786063
2016-08-24,43.46389487576656,43.60925962905048,42.44634714798329,42.584442138671875,46.1321031926536,49.202336603986694,26.03829875555814,-1.1806354958311454
2016-08-25,42.58444194556578,43.18043493598534,42.41727345045805,42.70800018310547,45.80599814412521,48.94765674434429,26.955871257870037,-0.843758087254938
2016-08-26,42.708005047400654,43.173172863301225,42.54810629664337,42.715274810791016,45.51164354095052,48.70324960969515,27.013283136077792,-1.8209271287200246
2016-08-29,42.80248768820185,42.984192935832255,42.48995444046939,42.70800018310547,45.24462988782242,48.46814178904457,26.990437090299487,0.29014832231743143
2016-08-30,42.86062541660153,42.86062541660153,41.54507871050913,41.60322570800781,44.89782948974484,48.1989293937098,23.71078916008384,-2.5868091935025457
2016-08-31,41.69771681895117,41.799471307587595,41.37064683933273,41.71225357055664,44.59444130696501,47.94454994966458,24.683438599240592,-2.348155887272871
2016-09-01,41.86489771377261,41.879434469687304,41.05812855502757,41.25436782836914,44.27633907090826,47.68218986647652,23.337715036196933,-3.403653527451654
2016-09-02,41.37791349569582,41.37791349569582,40.055099697506144,40.956356048583984,43.96015021163928,47.41843167753956,22.478735023506182,-1.55485457777693
2016-09-06,41.20347345912966,41.5232764112485,40.78918579170438,41.399715423583984,43.71629927944354,47.182403589149146,26.795605582744702,-0.7492717851937567
2016-09-07,41.443330507473505,41.755863734808614,41.007236278060816,41.11626052856445,43.46867654126458,46.94451562598896,25.8061766846488,-0.3347701275638409
2016-09-08,41.159871012833705,41.610499223731615,40.905482017773785,41.29069900512695,43.26125010925147,46.72279732713163,27.578454534379798,0.8163396083048952
2016-09-09,41.13805985826544,41.43605630207155,40.45484924316406,40.45484924316406,42.99397383629076,46.47699544148585,24.552078163143907,-2.282301148093555
2016-09-12,40.193197363381,41.02177279004333,39.98968838773815,40.93455505371094,42.797838714140305,46.2596448380437,29.3442456578773,-0.4419309356386641
2016-09-13,40.760131475150494,40.79647197817659,40.04057731578203,40.4112548828125,42.57054501591861,46.03029621234836,27.306668749929166,-2.1298843165751564
2016-09-14,40.59294691569136,40.76738515490087,40.055100992282064,40.14231872558594,42.33928536922026,45.79939513443611,26.296101029642266,-0.7725415455130771
2016-09-15,40.22953340861863,40.94908727847266,40.171389181691886,40.6801643371582,42.18127384235721,45.598640985523254,31.73705252128854,-0.6214571435281119
2016-09-16,40.86188599266463,40.999981013204874,40.36037762405543,40.4112548828125,42.012700608114855,45.3952140795346,30.523786798721893,0.0
2016-09-19,40.66562030567563,40.68015705295475,39.9896768065025,40.03328704833984,41.824185030993426,45.18494243125245,28.854117041467212,-0.27161280341438315
2016-09-20,40.22954853011787,40.905492404399745,40.09145351323329,40.38218307495117,41.68685151137036,44.996598927083774,32.52332004074611,-0.7324976854502239
2016-09-21,40.60021528889288,40.78918750002176,40.16412109208509,40.651092529296875,41.58820779879193,44.826186911484285,35.293234692575666,0.5934922020607222
2016-09-22,40.72378054345328,41.174411568586805,40.60748929207091,41.00724029541016,41.532877560374615,44.67642429908922,38.872221761621084,2.432858550671312
2016-09-23,40.92001810966963,41.392452826733866,40.89094460682835,41.05084609985352,41.48696980222975,44.534244761864294,39.31480195521701,1.6558367428063059
2016-09-26,40.89095136593914,40.92729463679905,40.26588758714227,40.324031829833984,41.37621380485873,44.36913837237291,34.79302276715415,-0.8045557428184271
2016-09-27,40.46938642307536,40.622018140953166,40.33855844415106,40.512996673583984,41.29400264949923,44.21791712928315,36.82736720540929,-1.20525940849889
2016-09-28,40.563885181186095,40.563885181186095,39.92428185905769,40.04057312011719,41.1746284086057,44.054099717159,33.97366876159717,-2.4610283970247817
2016-09-29,40.16413140660827,40.171401170019585,39.073899793509646,39.15385055541992,40.98217337496896,43.86193308336531,29.3729482790747,-2.901945121341504
2016-09-30,39.19744767845484,39.51724784629133,39.175643940734595,39.19017791748047,40.81150714092244,43.67872699842865,29.7924156808794,-3.2651713393643966
2016-10-03,39.20471921168428,39.75710466051227,38.92852925987204,39.728031158447266,40.70831895211528,43.52379774980193,35.86580852848032,-0.7805631571064964
2016-10-04,39.90247579806463,40.57114981719557,39.829792031244615,40.12778854370117,40.65303034179013,43.39062091819014,40.01896852856803,2.4874641305143137
2016-10-05,40.17901558946118,40.398572487232855,39.878953844415825,40.0985107421875,40.600218951351785,43.2615185583469,39.81560689202039,2.3177563179724086
2016-10-06,39.937496288857126,40.51566485782378,39.87162894819235,40.288787841796875,40.57055884567989,43.14494088318808,41.88261392580515,1.4114887322584502
2016-10-07,40.41320500094946,40.91086873014681,40.29610781712756,40.56689453125,40.570209863353234,43.04384102624933,44.86324918459368,1.0942690925282854
2016-10-10,37.17107422277363,37.54432063193849,36.2562515816844,36.453853607177734,40.17817593419366,42.78541014707005,24.6929582507813,-9.089258098494005
2016-10-11,36.351391069873394,36.761232617499935,36.22697653095044,36.26356887817383,39.805356214572726,42.52965166593687,24.1519556779871,-9.99091603209555
2016-10-12,36.46117910320679,37.30281723770858,36.40263189284596,36.6002311706543,39.500106210390015,42.29712537200422,27.19133228284449,-9.778079900940046
2016-10-13,36.32212076927159,36.95151922501543,35.94887154932244,36.7685546875,39.23995844630525,42.08031867849425,28.72908834010425,0.8632861801483211
2016-10-14,36.849048167521325,37.068607794922485,36.41725184775122,36.4245719909668,38.97182640293968,41.85852469074808,27.45302831513561,0.4439803300492927
2016-10-17,36.36602391495445,36.43921139185576,35.934227572595425,36.1098747253418,38.69925957650179,41.63308743720273,26.302017568233595,-1.339763246374419
2016-10-18,36.21234617486156,36.84906207592535,36.1098864657039,36.6295051574707,38.50214010802264,41.436868524272064,31.41533148886699,-0.37817513147061166
2016-10-19,36.556322220191674,36.724649292225,36.44654235973533,36.497772216796875,38.311247927905896,41.24317847299853,30.83131725767417,0.20096385991366378
2016-10-20,36.45385899939015,36.94420266747281,36.41726385487976,36.85638046264648,38.172689121690716,41.071147178474924,34.40614802461569,2.067317438741445
2016-10-21,36.67341893171305,36.92225085908937,36.505091861990515,36.60755157470703,38.02362840293036,40.896104213621285,33.12679439737868,-0.05993415054146417
2016-10-24,36.67341294797222,36.71732265093327,35.89032493790369,36.02937698364258,37.83369969633153,40.705252165386824,30.306863708648365,-1.2833529410289148
2016-10-25,36.022057153045736,36.688047923053155,35.88300232505286,36.26356887817383,37.68416342793556,40.531068507064745,32.80210324566479,-1.608436794474316
2016-10-26,36.2855274919924,36.41725938716207,35.91227828159051,36.07328796386719,37.53074671707191,40.35625358380209,31.805699750635892,-1.4594355204268246
2016-10-27,38.36400163268996,38.912895227302165,37.075932559066224,38.027347564697266,37.57804203589337,40.26492393599406,48.954042797406295,5.545393088428287
2016-10-28,38.13711552129711,38.21762033678847,37.07592101056042,37.32475280761719,37.553919252248015,40.149623107430266,44.61032816780485,2.9263085853694353
2016-10-31,37.36135938683556,37.77851832448456,37.06861779105274,37.2588996887207,37.5258221509597,40.036261404735775,44.21433115547705,3.2866749658114993
2016-11-01,37.2735290121076,37.58822818261901,36.87100766130506,37.17838668823242,37.49273305927139,39.92418788644153,43.70353525027457,-2.2325008995709648
2016-11-02,37.27353637078928,37.31012872048339,36.98079198960177,37.010066986083984,37.44676486182497,39.809908635447115,42.59562900950709,-0.8431022253655286
2016-11-03,36.966154178160814,37.23694370560104,36.666092446303715,36.74659729003906,37.3800822359406,39.68977877876445,40.84997321066492,-1.3749799456282084
2016-11-04,36.958841987695905,37.654107890382434,36.929566987372375,37.332088470458984,37.375511401132826,39.59732033530149,46.133087808363314,0.41341703047919415
2016-11-07,37.837071550809014,38.86167141129724,37.75656669775129,38.510379791259766,37.48359410495444,39.5546952159273,54.86931661650692,4.053796513634812
2016-11-08,38.26886281314828,39.03731330183528,38.07126078031724,38.90557861328125,37.619021200985564,39.52923966288236,57.36677223462136,5.875323111420237
2016-11-09,40.435162782213915,41.935471431154326,40.17901354647432,41.20361328125,37.96041092291551,39.594901373406586,68.33864916647127,10.37050154280698
2016-11-10,41.71591102423948,42.118432414355574,41.14506260886819,41.467079162597656,38.29437932669476,39.66832011023761,69.31370537793711,7.677668689232031
2016-11-11,41.210942582934265,41.51832173411916,40.896243285206154,41.254852294921875,38.57632913319258,39.7305370586566,67.51014810091564,6.038398001973553
2016-11-14,41.46709417292487,41.60614625495249,40.99870527365489,41.3939094543457,38.84467011615954,39.795767348683626,68.09592819566875,0.461843411151271
2016-11-15,41.51831155541849,41.56222404845835,40.808408272935566,41.489036560058594,39.096514539388025,39.86217006285519,68.51414167685458,0.052951396395294135
2016-11-16,41.49634968949818,41.51098718470354,40.93281868726723,41.13042068481445,39.29021988657149,39.9119053813634,65.0521692200497,-0.3016169085223906
2016-11-17,41.53295745643418,41.78910673811679,41.02797624748084,41.481727600097656,39.498934906907316,39.973467037000034,66.82085408850759,0.21215233571694836
2016-11-18,41.40854745177302,41.59882939744591,41.16703285230017,41.540279388427734,39.69334866705212,40.03491065862465,67.11953422830078,0.12350932346901491
2016-11-21,41.50367686290299,41.60613656177051,41.276802613072746,41.518314361572266,39.867154923673084,40.093083352857896,66.8763195588854,0.9430822012015664
2016-11-22,41.467090093203176,41.64273730905747,41.17434566405195,41.3865852355957,40.01186257242762,40.14380891688683,65.34698968324096,-0.22935969644072668
2016-11-23,41.020650075057766,41.55490620680859,40.82304803315255,41.53295135498047,40.15672817076598,40.19828509092972,66.26996281743168,-0.01764078998781858
2016-11-25,41.60614014757931,41.81837970884948,41.50368043988134,41.7012825012207,40.30382858319024,40.25722616584309,67.34711785857279,0.4406926014746535
2016-11-28,41.65735767020466,41.68663266140041,41.16701413085148,41.357295989990234,40.404158812409285,40.3003661589469,62.924848492890966,-0.0707699015000583
2016-11-29,41.43780231277148,41.6354043227367,41.08651078121674,41.247520446777344,40.484478968063385,40.33750946435202,61.53615812992882,-0.6872396468133422
2016-11-30,41.19629899423911,41.48904060089814,40.984059444934495,41.30607604980469,40.562726309181606,40.375492467703104,62.01767590620278,-0.9477081463968091
2016-12-01,40.94014432670993,41.1816588587644,40.57421524794908,40.837684631347656,40.58891281605457,40.393617650591125,55.98065355622208,-1.2563958697114541
2016-12-02,40.757193732244616,41.06457571531829,40.471769399845094,40.954795837402344,40.62375881808769,40.41562463830921,57.10496979106445,-0.7096780756862937
2016-12-05,40.88161268542109,40.954797412300486,40.420541088989424,40.65473556518555,40.62670898447796,40.4250015374024,53.34541257534682,-1.576863616465986
2016-12-06,40.771817574170925,41.01333210793537,40.66204052485581,41.006011962890625,40.66283307766012,40.44778625997057,56.9210468264794,0.4121862761380894
2016-12-07,40.65471540242201,40.74985773363396,39.78380530048541,40.42784118652344,40.64045289755186,40.447004100227545,50.113297366634605,-1.286673856148637
2016-12-08,40.200963920315424,40.55957281041176,40.09118409332929,40.4205207824707,40.61950698182984,40.44596553874688,50.03170686469305,-0.5761070130177215
2016-12-09,40.36930662596265,41.847660833533816,40.32539411974321,41.74520111083984,40.726715946497464,40.496915953338764,62.067165387775276,1.8026360344872323
2016-12-12,41.59150745272868,41.69396716538627,41.27680816852733,41.3865852355957,40.789560640697296,40.53180494479982,57.99468127058262,2.3714945466637025
2016-12-13,41.71591747709246,41.96474937722501,41.49636057505021,41.84033203125,40.88963410646422,40.583119732503754,61.441994835037946,3.5126000885051214
2016-12-14,41.93548250359803,42.828350575611445,41.91352764668558,42.81371307373047,41.07287972239434,40.670593981179316,67.5873268267167,2.559604300512461
2016-12-15,42.8210299196919,43.76512784115598,42.65270283778883,42.923492431640625,41.24912855184637,40.75894294002094,68.20284592120194,3.7135395135790557
2016-12-16,43.12109197743271,43.21623434317563,42.59415587198905,42.90153503417969,41.40650059778287,40.842966159399715,67.92500180842838,2.5363159215301847
2016-12-19,43.20891444298128,43.801717875663755,43.1942769420509,43.48701858520508,41.60464516801356,40.94665448982346,71.28421739741358,1.5726398462919922
2016-12-20,43.399186927880706,43.56751396422581,43.13571755209976,43.267452239990234,41.763007746297056,41.03766616630059,68.39148008712827,0.8013322981521019
2016-12-21,43.34795135644504,43.60410334543035,42.94542999297312,42.9527473449707,41.87631627950407,41.11276738899353,64.36009140764409,0.11937174450801058
2016-12-22,42.98935165152532,43.16499605510703,42.828341955060864,43.00398635864258,41.98371342989821,41.18693283878369,64.72468207900852,-1.1107503854652263
2016-12-23,43.06985054908181,43.860258682681255,43.0113033494544,43.62606430053711,42.140127798530486,41.2825850529701,68.88619139299287,0.8288263856114583
2016-12-27,43.62606961892275,43.72852932462436,43.39187520822833,43.42115020751953,42.262129932719915,41.36645035314851,66.11913012628833,1.0905073400471856
2016-12-28,43.3918707705161,43.50164781890475,42.84297715312093,42.89420700073242,42.32232774872111,41.426362378543956,59.50028372109055,-0.2552771666203771
2016-12-29,43.04057796860966,43.31868205008689,42.90884328082898,43.1064453125,42.39700561193815,41.492247983797135,61.185641985150745,-1.1910746393657885
2016-12-30,43.07715716554175,43.15034184004668,42.60144840581056,42.769775390625,42.43250749562261,41.54234709779038,57.1246771234085,-1.5001325708357867
2017-01-03,43.018618160559505,43.677291566305506,42.87224877423114,43.50896453857422,42.53502721399895,41.619469350370146,62.94054678850989,1.433194785093707
2017-01-04,43.80364248660106,44.01728353302119,43.486865158530634,43.567901611328125,42.63339620422078,41.69587845864301,63.36721944223744,1.0705041797874992
2017-01-05,43.75206966529343,44.510860350763934,43.693135857906235,44.29722213745117,42.79185581690939,41.79789193624333,68.24013618646713,3.571322815880355
2017-01-06,44.2309217383533,44.44456277105061,43.354257780130794,44.16461944580078,42.92259521013714,41.89070477975539,66.50788514323779,1.5069421076322589
2017-01-09,44.01728237337143,44.14251848057514,43.943614405634285,44.00254821777344,43.02544787753107,41.97352216948159,64.35753771909974,0.9976303433725614
2017-01-10,44.0393906571364,44.53297512855179,43.99519099210898,44.186729431152344,43.1360461207331,42.060314611115736,65.7142063768739,-0.24943484256411613
2017-01-11,42.8164833288436,43.36900162008218,41.645144439007694,41.844051361083984,43.01299900076651,42.051833699349785,43.193689261196795,-5.254359969216125
2017-01-12,41.623036164477334,41.82930871875491,41.269424867036,41.65987014770508,42.88412958618923,42.03646257967745,41.97572458236453,-5.323960009029906
2017-01-13,41.66724599965948,41.792482126833285,41.29153199763151,41.416770935058594,42.74438114322441,42.01216094655514,40.35813482971057,-6.2687565514656205
2017-01-17,41.17365519285815,41.68197372774711,40.672705140932905,41.46096420288086,42.622150958429785,41.99054538797968,40.80473042498944,-0.9155116336545883
2017-01-18,41.63039829979259,41.65986660797205,41.17365076402115,41.30625534057617,42.49682756625325,41.96371048415993,39.68444850341976,-0.8488139926388749
2017-01-19,41.328361668240625,41.48306890539459,40.76847777601433,40.87898254394531,42.34274708793821,41.92117213356328,36.68858188272406,-1.2984797679097975
2017-01-20,40.87897424839939,40.87897424839939,36.038913045412535,36.26728820800781,41.764131956516266,41.6994511953062,19.54129486177215,-12.526664767029636
2017-01-23,36.488310848460536,37.06293184207461,36.208370241838274,36.83455657958984,41.29464858728518,41.50867101429772,24.232253476823256,-10.8257181003616
2017-01-24,36.87137927771034,36.937681571650494,36.04628624998507,36.06838607788086,40.796909300675246,41.29532650698725,22.33793447404802,-11.767896769184542
2017-01-25,36.34832827338341,36.51776683921396,35.950514522171126,36.50303268432617,40.38796867054676,41.10739341590251,25.877927574223335,0.6500195850493917
2017-01-26,35.795818188991205,36.473572605256976,33.89515393334848,34.49187469482422,39.82643591095414,40.84796130919356,21.08804940097081,-6.360011093668782
2017-01-27,34.81602533372475,35.81792582855205,34.712889014007935,35.169639587402344,39.3829314991873,40.62528202598606,26.05533771519933,-2.491784601999913
2017-01-30,35.52323353134131,36.17151945313187,35.3316923374353,35.869476318359375,39.04831672006083,40.43877984137325,30.89264012171484,-1.7356266572306909
2017-01-31,35.655844846910554,36.40726717961646,35.51587176100697,36.215728759765625,38.778546438127954,40.273169995035694,33.220311116865766,4.997855524507296
2017-02-01,36.193630100152646,36.333600380330495,35.5969093704937,36.311500549316406,38.54358968681257,40.11781040892906,33.88365022611832,3.246723524352162
2017-02-02,36.35569660215798,37.49020131914023,36.2967627885533,37.2028923034668,38.41590422173202,40.00349989498937,39.870451568091816,3.717411353521569
2017-02-03,37.276567439186536,37.50494268515879,37.099763154130265,37.40917205810547,38.3200249680533,39.9017615484449,41.197403405095415,3.2953728648026446
2017-02-06,37.313398977437174,37.637541994481865,37.24709667733109,37.6007080078125,38.251518590887514,39.81152415469462,42.46699103550931,3.5504108587998413
2017-02-07,37.9322246512061,38.543676781527,37.7627832310986,38.05746078491211,38.23303689508033,39.74273735587962,45.489462592604816,2.2970485049241143
2017-02-08,37.78488008454419,38.396332121172655,37.65964115977504,38.30792999267578,38.240169571041804,39.68647040045986,47.129729400156414,2.402506885675857
2017-02-09,38.307928801498505,38.4921015361211,37.910115020253016,37.94694900512695,38.21224380285944,39.61825387515269,45.02682269805249,0.920836376917458
2017-02-10,38.02061866396631,38.28582784364275,37.954316369047206,38.050086975097656,38.196800295453556,39.55675713397406,45.77133673768188,-0.019375464527513812
2017-02-13,38.1827039949126,38.37424245911401,38.02799671623614,38.330039978027344,38.20948978903201,39.508650578838896,47.83643422734261,0.057716471121748894
2017-02-14,38.53630702101487,39.980220699034994,38.37423410257785,39.56767272949219,38.338840545266315,39.51096517298216,55.84231788965655,4.271025120217862
2017-02-15,39.56031008838213,40.76848296505786,39.48663929696694,40.54010772705078,38.5484850387696,39.55132370451427,60.91777078683718,6.544060605124896
2017-02-16,40.576934287272714,40.63586809527809,39.72237018404733,39.987579345703125,38.685541639429935,39.56843176887462,56.914885940170684,4.324387265512804
2017-02-17,40.00232039367674,40.31173207234548,39.8402502860437,40.21596145629883,38.831295907703165,39.59382508995008,58.13929848577049,1.6384302691713069
2017-02-21,40.0833630349394,42.14609757328529,39.3466719276549,40.35593795776367,38.976499912470835,39.623711869080026,58.91004910436457,-0.4542902809412623
2017-02-22,40.878987496019775,41.586210227742576,40.73164872434753,40.775848388671875,39.14786643401379,39.66889369337775,61.21698316042711,1.9712847235736806
2017-02-23,40.98212599594572,41.32100322182957,40.53274398280462,41.085262298583984,39.33238032587762,39.72443756024858,62.87114854056965,2.1615816476992418
2017-02-24,41.19576625652501,41.60094862244957,41.16630074739255,41.5788459777832,39.54632943558292,39.79715945897543,65.40595238863719,3.0303050354062413
2017-02-27,41.62304529649389,41.991390830091184,41.4315068555348,41.6672477722168,39.74832165811948,39.87049625557313,65.85556424604339,2.186096473206835
2017-02-28,41.6525119803196,41.93982103561867,41.40940258875682,41.77774810791016,39.94160036762335,39.945290445860856,66.44266287795617,1.6854846983660263
2017-03-01,41.99139211365049,42.168199211693185,41.637780727818594,42.12399673461914,40.14944764067057,40.03072990816511,68.28297993169735,1.3111252705936753
2017-03-02,41.91035590654669,42.3523722492942,41.6893491402997,41.88825607299805,40.31504844374938,40.10357407149189,65.6434436403701,0.5304125244591162
2017-03-03,41.79984932414952,42.24186280795418,41.71881286305958,42.18292617797851,40.49294156129501,40.18511729135411,67.34278482362986,0.9698418139287625
2017-03-06,42.00611804283563,42.16082246690487,41.4241315215242,41.96928405761719,40.63354560856379,40.25508461552129,64.83874605767073,-0.3672791971204485
2017-03-07,41.45360407613472,41.71881329325356,41.09262423944446,41.497806549072266,40.715856174326504,40.30381880899388,59.5741326215838,-0.9321216983713779
2017-03-08,41.49780446659508,42.35973156872416,41.41676800873616,42.07978820800781,40.84575446324853,40.37346466777874,63.51244077940009,-0.24450169610219913
2017-03-09,42.26395277999612,42.76490277691793,42.13871668589193,42.720703125,41.024321002462955,40.4655132347286,67.29152373953218,1.7904023960743123
2017-03-10,42.75016894697615,43.1258828526423,42.58809887162742,42.963809967041016,41.209034237184675,40.56348565560359,68.61918509926991,3.5327250760474818
2017-03-13,42.94909304363755,42.94909304363755,41.888258810179806,41.93982696533203,41.27863354462728,40.61745982461255,57.949389146456596,-0.3326091899130484
2017-03-14,41.95455699901434,42.43340450836759,41.68198208998229,41.76301574707031,41.32476518295519,40.66238358627756,56.32091083018223,-2.2417406734329997
2017-03-15,41.74827807112805,42.676510314876225,41.74827807112805,42.470237731933594,41.43385780666742,40.73327982728368,61.03733050122877,-1.1488092780553163
2017-03-16,42.23449886757124,42.41867162842354,42.079791612662795,42.219764709472656,41.50870608312506,40.79157335207541,58.62299960527551,0.6674747236606983
2017-03-17,42.16082655683895,42.175560714406245,41.33573340484286,41.46833801269531,41.504861504988895,40.818113142687956,51.98022165441753,-0.7055949602865347
2017-03-20,41.49780217830868,41.77774271333536,41.43149988101227,41.55673599243164,41.5098019323644,40.84707874463869,52.659819526798884,-2.1509221240244822
2017-03-21,41.62305192630917,41.74092240342485,40.797958586499426,41.04106521606445,41.46516034033583,40.85468605724362,48.36015649478025,-2.7918191906544276
2017-03-22,41.033681604088265,41.56409711412667,40.64323353598399,41.5198974609375,41.470373399440746,40.88077277895711,52.25822251570953,0.12433449400938819
2017-03-23,41.31363754746404,41.645146288728874,41.01895998828032,41.085262298583984,41.4336961517401,40.888791975805226,48.667133325902185,-1.1345301371443646
2017-03-24,41.158933747490174,41.43887717125145,41.01896344073639,41.17366790771485,41.40893155707103,40.89996358097815,49.42836732783443,0.323097587629119
2017-03-27,40.96001101976014,41.51252916918273,40.908442883967574,41.284156799316406,41.39704824680868,40.9150299816973,50.41799141234922,-0.5677775621745739
2017-03-28,41.28416431193881,41.527270880592326,41.203127852303254,41.40203475952149,41.39752315278133,40.93412820827864,51.508250739822856,0.7710123855006391
2017-03-29,41.379923621882185,41.659866931254335,41.20311939193851,41.21785354614258,41.38041176167288,40.94525469211644,49.670438703512865,0.10731528346409006
2017-03-30,41.225220336803474,41.25468864601125,40.70217049450218,40.783206939697266,41.323535111960915,40.938899878296084,45.540899952979714,-1.2134191381315447
2017-03-31,40.73901076355946,41.01158564016918,39.89918349328684,40.061256408691406,41.20331809260191,40.904482487331194,39.64502721619876,-3.238435885139046
2017-04-03,40.17174928962449,40.635865290487665,39.68553346356627,39.93600845336914,41.08262193648451,40.86650311345033,38.708751953677535,-3.109926845992689
2017-04-04,39.93601714864498,40.03915343568102,39.74447873132848,39.88444900512695,40.96851022873617,40.82799118763373,38.3076793731866,-2.2037451245539152
2017-04-05,40.0625439222279,40.16642855868851,39.32792668767289,39.38729095458984,40.81791791691271,40.771493139279066,34.5864171276549,-1.6823372867440842
2017-04-06,39.36501995979128,39.721196997162906,38.964319731256886,39.54310989379883,40.696507628997104,40.72332124729945,36.663106970479056,-0.9838203034964708
2017-04-07,39.52826460880201,39.81765824384651,39.23887097375751,39.63956832885742,40.59584674326951,40.680821132850745,37.975818782113684,-0.6139753271708807
2017-04-10,39.587642669677734,39.85477623914497,39.47633890282929,39.587642669677734,40.499827307689344,40.6379513891969,37.524940681204434,0.5086709703363099
2017-04-11,39.543115925478475,39.65441967439779,39.28340151671226,39.31308364868164,40.38680410206956,40.58599579152963,35.148652753936965,-0.581710051978639
2017-04-12,39.194347991975555,39.431799326105256,39.14240568954988,39.32049560546875,40.2852509119171,40.53636833325274,35.26782663423847,-0.804934909334995
2017-04-13,39.36502447021304,39.46890909751904,39.16467433298984,39.201778411865234,40.18206305476931,40.484031473590484,34.18426468362073,-0.9747088530433105
2017-04-17,39.14240945497379,39.49116737393301,38.979160585564195,39.29081726074219,40.0971825029572,40.43723875936114,35.777975926911694,-0.0566386196983045
2017-04-18,39.090476623255576,39.43923462675528,39.023693236003375,39.27598571777344,40.018973285320655,40.39169942439692,35.623235162611486,-0.11319767721626073
2017-04-19,39.327918184209864,39.817661957806365,39.23887463373144,39.47632598876953,39.96729259041103,40.355802426921336,39.43377149443794,0.7003446987017287
2017-04-20,39.632147324399085,39.743453869793235,39.46889847932581,39.6544075012207,39.93749401048814,40.32829674356053,42.68155180609397,0.9253822287931904
2017-04-21,39.624732054508904,39.85476145237093,39.43922301461072,39.6840934753418,39.913360626188485,40.30303387029705,43.22807286747807,1.039077059709999
2017-04-24,39.95865233942693,40.069958913109744,39.70635989230383,39.73604202270508,39.89647314014245,40.28079889588168,44.23018987231439,0.6579032557625359
2017-04-25,39.810248028890896,40.307410983709254,39.810248028890896,40.02543640136719,39.908755355497185,40.27078468041053,49.570548313727166,0.9356561439861705
2017-04-26,40.10705358022447,40.55227697126191,39.85476117449624,39.89928436279297,39.90785335619202,40.25621604050396,47.43805827416847,0.5422598038805735
2017-04-27,41.07913268359445,41.650501011307,40.530024540518745,41.30916213989258,40.04131133559208,40.29750804440155,65.36892103889458,3.9589250391083817
2017-04-28,41.33141396899452,41.7988975343539,41.08654068168708,41.59112548828125,40.18891268346724,40.34823814023997,67.73920678686922,3.9117352056168504
2017-05-01,41.80631779640995,42.16991676402224,41.487242017885904,41.7840576171875,40.340831248583456,40.40454478639478,69.28815592534643,4.723827217693476
2017-05-02,41.80631947585836,42.14023633082597,41.22011020054227,41.51692581176758,40.45284025460099,40.44816757170352,64.65904957179511,0.5029481623747605
2017-05-03,41.17558976783114,41.24237313870711,40.6042215571464,40.85651397705078,40.49128537102478,40.46418115622694,54.89471557433456,-1.766269853499044
2017-05-04,40.86393267676131,41.22010970758605,40.77488912671598,40.95297622680664,40.53525592871829,40.483349590367325,55.94129515912712,-1.9889915862048817
2017-05-05,40.99751183524492,41.05687610701878,40.78232059603109,40.923309326171875,40.57221339514244,40.50060291334005,55.51466453478862,-1.4298180175648945
2017-05-08,40.80457157301175,40.94555743090738,40.47065471942374,40.7674674987793,40.590809024060235,40.511068191200415,53.21862329731636,-0.21794928055169374
2017-05-09,40.72295116717496,41.16817179557267,40.6264856597861,41.04944610595703,40.63448874614564,40.53218105060264,56.70761761474873,0.2355625598884904
2017-05-10,40.945548972803806,41.04201445072316,40.72293872661078,40.91586685180664,40.6612866609705,40.547227552610636,54.629076316740445,-0.018186394228080313
2017-05-11,40.91586685180664,41.301725932841215,40.73035784153864,40.91586685180664,40.68553239343108,40.561683995716365,54.62907631674045,0.3640141567091144
2017-05-12,40.960402856915856,41.09396961257645,40.66358721530483,40.83425521850586,40.699696472009634,40.572373063276736,53.24618461288951,-0.5242236080255994
2017-05-15,40.83425001571008,40.98265781760657,40.68584504445696,40.886192321777344,40.71745798151132,40.584679700864996,54.04348457424377,-0.07252572733403202
2017-05-16,40.81199083013817,41.019760059467515,40.21836243873758,40.35934829711914,40.6833522972835,40.5758431752279,45.55665415717103,-1.3601534013764318
2017-05-17,40.3593616597423,40.53002970186141,39.84735753338495,40.37420272827149,40.653909481187114,40.56793570671981,45.81502275367631,-1.1266337239962065
2017-05-18,40.218360609436616,40.433551776107606,39.5653679932751,39.90670394897461,40.58274704954783,40.54200504955333,39.46700378754084,-2.3956458578829958
2017-05-19,39.936392896105566,40.27772891010624,39.936392896105566,40.08480072021485,40.53532358961135,40.52407546801065,42.72290727720664,-0.6802577060539083
2017-05-22,40.08480360353517,40.322255006932494,39.98091896837934,40.1441650390625,40.49807039432098,40.509177019816605,43.807855678041626,-0.5697640415519851
2017-05-23,40.18868305550773,40.389033182030566,40.17384199087896,40.22578430175781,40.472138385505446,40.49806357989273,45.34085792190859,0.7995657902270874
2017-05-24,40.4038774028644,40.4038774028644,39.67668216311098,39.93639373779297,40.42111508572331,40.47603731157509,41.06328647287747,-0.3702325563690283
2017-05-25,39.988330198663334,40.50033698614415,39.83992239315233,40.35934829711914,40.41523253442767,40.471461271792506,48.68336944088503,0.5360262390493248
2017-05-26,40.3445194744385,40.67843643049119,39.99576428091174,40.047706604003906,40.380230064863504,40.45484344168315,44.15350224013656,-0.4426954025757168
2017-05-30,40.018009185791016,40.24804140781526,39.89186157027991,40.018009185791016,40.34573283828517,40.43771268655013,43.73587341291368,0.20436359009755006
2017-05-31,40.17383802694835,40.32966494420955,39.966068803933425,40.03285217285156,40.315934679672445,40.42183580365999,44.02086940838477,-0.8089727362889145
2017-06-01,40.06995565912766,40.463233947753906,39.98091210579867,40.463233947753906,40.32996318139449,40.423459260291125,51.66588224207407,1.0375808728793878
2017-06-02,40.59680667170641,40.93814270193856,40.44839884053993,40.789737701416016,40.37375123092035,40.437823120727394,56.51748982835433,1.9284530423342838
2017-06-05,39.89186879836099,40.33709226062943,38.74171314112742,38.85301971435547,40.22891965791417,40.375673967536336,34.43664780901004,-2.947160630478889
2017-06-06,38.80849805660011,38.882703385240205,38.31133509260881,38.333595275878906,40.04841257391081,40.29559245021644,30.94475798440855,-5.263144993859828
2017-06-07,38.48200121337527,39.01626823078057,38.25939089967097,39.008846282958984,39.949406260486825,40.245131816206346,39.52921473226527,-4.366028120831009
2017-06-08,39.00884073567512,39.59504998189427,38.99399967278616,39.216609954833984,39.879616136138935,40.2047976255643,41.92154044918649,0.9358094767191951
2017-06-09,39.157250064309295,40.2035209784046,39.06820651413873,39.88444519042969,39.88007604607139,40.192234784970786,48.917272667656945,4.045667784066788
2017-06-12,39.884450761493845,40.33709335327149,39.69152257073548,40.33709335327149,39.92360150389997,40.19791551313944,53.04556832837718,3.4049893726099554
2017-06-13,40.21094512939453,40.30741063869919,39.99575675876013,40.21094512939453,39.950967563470876,40.19842647848278,51.78941463252468,2.535494974465485
2017-06-14,40.2480451293347,40.671005541043165,40.16642069362895,40.455814361572266,39.9990482109091,40.20852012095688,54.06341306265895,1.4325614118851495
2017-06-15,40.43355497761776,40.61164208571691,40.08479704751189,40.27772521972656,40.025588878415526,40.21123404639883,52.137289644028634,-0.147179998878412
2017-06-16,40.455812404403495,40.51517382618095,39.780559601655256,40.41128921508789,40.06232224381289,40.21907934713173,53.47602313178805,0.4982327200931823
2017-06-19,40.41129724200163,41.086550178875655,40.30741261027392,40.97524642944336,40.149267404349125,40.24873295820278,58.72554366531942,1.2839491085970731
2017-06-20,41.01235262210472,41.85827367457467,40.88620496077198,41.3017463684082,40.259027305688086,40.29002760174025,61.43835733218796,2.5424006522099027
2017-06-21,41.368513330758,41.984404663718344,41.25720678146731,41.60596466064453,40.387307053779175,40.34163297659924,63.82420952967646,2.9562913452179562
2017-06-22,41.754379891463294,42.96389976471548,41.66533633454619,42.54093933105469,40.59241488971018,40.4278802846171,69.97311122598154,3.8210701290286244
2017-06-23,42.496421985228864,42.5632053697677,41.73212545267424,42.02893829345703,40.729226642447976,40.49066687319906,63.59812152347327,1.7606808161629186
2017-06-26,42.08829697993816,42.4964163510586,41.81374152954348,42.23670196533203,40.872795720817884,40.559138837596436,64.99192020004143,1.5159780811046073
2017-06-27,42.14766268960264,42.19218588812995,41.442727614795245,41.47983169555664,40.930608670793006,40.59524443986938,56.50415844208807,-2.4943211226260895
2017-06-28,41.665341220343166,41.83600923721548,41.38336662128961,41.45756912231445,40.980795380461714,40.629061094082914,56.27137080835434,-1.3594661067884448
2017-06-29,41.48725075909068,41.65049965616681,41.175596861738725,41.420467376708984,41.02266890391383,40.66009663457805,55.85835063184834,-1.932524441167338
2017-06-30,41.54661019465871,41.605971621740544,41.316577941938064,41.34626007080078,41.05348711028402,40.687005004626,54.988996796385216,-0.3220158310578866
2017-07-03,41.75438690185547,42.207029540700034,41.68760351529407,41.75438690185547,41.12023947138606,40.72886311824284,58.78796526930868,0.7159555801868134
2017-07-05,42.04579220891003,42.13545721893798,41.5077964479438,42.105567932128906,41.21408027717109,40.782851542316806,61.77739190193053,1.6540145459709579
2017-07-06,41.918765493935695,42.00095961006645,41.24627362181015,41.30604934692383,41.22283923619516,40.80336910328179,52.44942909390666,-0.09725359393593719
2017-07-07,41.477922415171,41.84405918723545,41.15662244020874,41.77680969238281,41.27559832726065,40.84154324403085,56.604320890302,0.053701639973900164
2017-07-10,41.91877326779808,42.08316153054549,41.709553915501296,41.791748046875,41.3247554434144,40.878806177475724,56.73351513496233,-0.7453168325855644
2017-07-11,41.70207722521903,41.91876744554382,41.17155231923895,41.343414306640625,41.32653247800738,40.89702610410964,51.75361415207809,0.09045880762639322
2017-07-12,41.57504064272422,42.023371336775085,40.98474012994331,41.126712799072266,41.30750203239451,40.90603342548073,49.49228534465485,-1.5561190480973452
2017-07-13,41.1416627005133,41.23132771062751,40.51400192891523,40.85024642944336,41.2639538797325,40.90384570014593,46.6893935938164,-2.2528409588793017
2017-07-14,40.95485107776473,41.43306817384539,40.723213424801216,41.20890426635742,41.25871105941106,40.91580878117383,50.598117660188635,-0.32534816618084195
2017-07-17,41.30604849443233,41.49285226345621,40.78300022148492,40.93991470336914,41.22834950169278,40.916754111456,47.76926863374664,-0.4542013766471965
2017-07-18,40.924972914765696,40.96233310109689,40.663445909648296,40.902557373046875,41.19732167991698,40.91619737661643,47.373143227705434,0.12805539299222396
2017-07-19,40.92497162825968,41.246274351326704,40.80541732551841,41.14913558959961,41.19273252845819,40.925332208498126,50.302563296048774,-0.14503825768210757
2017-07-20,41.30605146716234,41.63482794856144,41.231331094335005,41.42560577392578,41.214910932788435,40.94495077969137,53.432499103156935,1.1863509586566647
2017-07-21,41.40319425786276,41.67219218683552,41.38077871391496,41.58252716064453,41.249922002108065,40.969953775022866,55.15872609078759,1.6624138715730492
2017-07-24,41.58252523964772,41.79921547206548,41.20891765564513,41.545162200927734,41.27804011628137,40.99251096819561,54.63934335898869,0.9624178142595545
2017-07-25,41.73943311820368,41.97854170599496,41.67218364973743,41.80668258666992,41.32838701822313,41.02443926695931,57.64541562218391,0.9199064337738642
2017-07-26,41.80668602130277,41.95612961354967,41.470438651347095,41.8291015625,41.37607411767807,41.05599465109817,57.90296853126929,0.592975989417106
2017-07-27,39.84897658468647,40.67838282508431,38.90001321010627,40.5289421081543,41.29539487867581,41.0353259239239,41.96537686062677,-2.446061199276638
2017-07-28,40.5289495054991,41.537688780886626,40.30478268839122,41.298580169677734,41.29569823972361,41.045649619835814,50.62847120113878,-1.2153617210330776
2017-07-31,41.53769889627618,42.740715992733065,41.47044940484691,42.51655197143555,41.41197002369618,41.103332064996586,60.64139576074352,1.643474000770434
2017-08-01,42.70334727413315,42.7182890688905,41.597466335715346,41.92624282836914,41.460948386045985,41.13560307532492,54.83666159346702,3.4476614674176536
2017-08-02,42.060729430799455,42.18028370654142,41.17154183271981,41.268680572509766,41.4426371657092,41.14082180070472,49.18836394334027,-0.07239860800328833
2017-08-03,41.1715489301132,41.75437861892577,41.156607137168635,41.470436096191406,41.445284682897984,41.15374785150812,50.86079391988816,-2.4604908599995747
2017-08-04,41.515269173449255,42.00843099206867,41.485379887375544,41.80668258666992,41.479703530876264,41.17935313523996,53.601757736514884,-0.2851680323196502
2017-08-07,41.844050430705074,42.10557460573709,41.52274767258018,42.068214416503906,41.53575218665033,41.21421044038756,55.672836357507535,1.9373864948004484
2017-08-08,42.10557579174696,43.01717925679285,42.06821560146143,42.524017333984375,41.629872676872616,41.26557541660704,59.099423045779304,2.5405598227835573
2017-08-09,42.434357815247054,43.009713941605455,42.22513559177116,42.890159606933594,41.749900003545086,41.32928460054142,61.663116206108285,2.5916359615894016
2017-08-10,42.778066353621966,42.778066353621966,42.25501519057201,42.28490447998047,41.800852810824644,41.36675988993119,55.47309297816736,0.5150921342445953
2017-08-11,42.29985751687505,42.59874191905903,42.15041389058302,42.389522552490234,41.856916595745176,41.406868229639386,56.28986689430881,-0.3162795754639461
2017-08-14,42.56136927024367,43.15914075008432,42.36709460819518,43.05453109741211,41.97097511971346,41.471482459748124,61.166210482111005,0.38323823456218487
2017-08-15,43.084437539808675,43.33101997677925,42.96488319623517,43.24135208129883,42.091963401769206,41.54088911157364,62.434121657549646,2.261912644904244
2017-08-16,42.83785285439808,43.10684795762063,42.54643650437356,42.96487808227539,42.17509813324599,41.59673181630704,59.3460714329429,1.35730599247185
2017-08-17,42.94992899433112,42.987289183938344,42.38951759902346,42.41940689086914,42.198365633972,41.62899358393693,53.702440806732334,-1.4751622892047809
2017-08-18,42.35215258550412,42.546427259573655,42.150404164124545,42.15787506103515,42.1945093889304,41.64973403401922,51.188933759470444,-2.505650189260074
2017-08-21,42.15788497969056,42.53149262190859,42.03085974952848,42.32227325439453,42.20667737611746,41.67610812109276,52.687979046113455,-1.4956514636217664
2017-08-22,42.43435253810371,43.18903864741692,42.32974286457513,43.09189987182617,42.290984280470674,41.731629366219565,59.031295928041,1.5853427245862475
2017-08-23,43.06202199113877,43.46551611919911,42.91257834907178,43.24135208129883,42.381495499597165,41.790834178575615,60.148660195230406,2.5700465659026865
2017-08-24,43.32353764320947,43.592535575553065,43.18903867703767,43.46550750732422,42.484734738428315,41.85650764244811,61.830151359262935,2.7012590889384227
2017-08-25,43.555157303987585,43.839096914345255,43.472963208737184,43.614933013916016,42.59237266942714,41.92546550015273,62.952356905644024,1.2137620843953714
2017-08-28,43.81668547467148,44.0034892175549,43.67471565622369,43.771854400634766,42.70470426287549,41.99787290801478,64.14455699377255,1.2268402670169303
2017-08-29,43.600005386173954,44.10064104786158,43.472980171512766,43.98108673095703,42.82626449793087,42.075645999110556,65.7281983656369,1.186180153414599
2017-08-30,43.98854764793236,44.60873748580656,43.951187466826475,44.36962890625,42.973251584437456,42.16560611311603,68.50966047454335,1.7303612322256394
2017-08-31,44.55643856780317,45.39331870717336,44.541493923300195,45.19157028198242,43.18452003182269,42.2842713746402,73.42350370627086,3.2434446764655873
2017-09-01,45.1019046076899,45.318597674224,44.623687392166,44.75818634033203,43.33439301358548,42.381287647804584,67.44730270758436,1.766894970396495
2017-09-05,44.48918482171626,44.997291284440536,44.37710142390385,44.69093322753906,43.4635873196763,42.47186198426476,66.54217195283316,0.724153726793516
2017-09-06,44.832906125886545,45.04959918959085,44.66104699445191,44.73576736450195,43.58474732394541,42.56064258741132,66.86144438286912,-1.0086016366246833
2017-09-07,45.206514530421025,47.425744337678616,45.199043633434734,46.95499801635742,43.9057235803656,42.73297025129156,78.03468958107531,4.908178493474439
2017-09-08,46.880275314166845,47.20904892280785,46.49919402762452,46.79060745239258,44.180474425320554,42.89209327878572,75.99076119300788,4.698210740337981
2017-09-11,46.790606525766215,47.17915870122864,46.43194363696996,46.86532974243164,44.43617493171209,43.0479064734385,76.29469671181795,4.7603126164758836
2017-09-12,46.65611425979346,47.14180526119387,46.64116961432272,47.089500427246094,44.68887259795342,43.20640035397998,77.22613304004697,0.2864496146753453
2017-09-13,46.98488417601404,47.13432775938239,46.49919324266673,46.685997009277344,44.87907492284141,43.34285512477596,71.7604330484056,-0.22357145762997624
2017-09-14,46.61128731133439,47.15675409263766,46.56645337094236,46.84292221069336,45.06610799787493,43.48011265755704,72.57341953093182,-0.04781259805794897
2017-09-15,46.9998288193908,47.358491709235274,46.558971816173774,46.685997009277344,45.22038314181802,43.60583361252646,70.3910542438809,-0.8568861727300934
2017-09-18,46.69347688747794,47.23146986768878,46.52908863914704,46.85039138793945,45.37562202240101,43.73307117234658,71.36259813210214,0.3521278096073246
2017-09-19,46.850380578908215,47.17168325357166,46.76818647370608,47.022239685058594,45.53244275217792,43.86205817284509,72.38274554912137,0.38280590941506115
2017-09-20,47.01477384736808,47.61254822197323,46.86533310411627,47.44068908691406,45.71418049834327,44.00239664006348,74.74217835834023,1.6165277084834409
2017-09-21,47.336085900952945,47.627502248659674,47.09697724416796,47.321144104003906,45.86722465126333,44.132543599433696,72.82793050705267,1.0047999645647303
2017-09-22,47.321132280821864,47.48551765978984,47.1044392240012,47.34354782104492,46.007826857909194,44.25846533361453,72.96766044272395,0.6833109995150325
2017-09-25,47.32112708121363,47.59012208553136,47.11937869017608,47.216514587402344,46.12293997500378,44.37446726513562,70.74613436924683,-0.4725363476508914
2017-09-26,47.164209507426555,47.52287236161852,46.93257468411035,47.022239685058594,46.20858756643757,44.47830147768162,67.36813512558932,-0.6316508710955316
2017-09-27,46.91016143884073,47.18663306853916,46.753246957379005,47.03718948364258,46.28750203474281,44.578650026934994,67.49674874611362,-0.6470962813356435
2017-09-28,46.917645834662714,47.418278679735266,46.76820221584705,47.08203125,46.363171483814924,44.67682183960421,67.90535935739831,-0.28482266973222276
2017-09-29,47.19410487777321,47.63496189402407,47.11938450907958,47.62749099731445,46.48358286605298,44.79253435559285,72.44344275654775,1.2871596850972182
2017-10-02,47.67232918900323,48.40459974294117,47.55277487102152,48.240211486816406,46.65088082993521,44.92773738034671,76.4685149276171,2.557597544368983
2017-10-03,48.12812764270708,48.41206733027982,47.948791912956985,48.03845977783203,46.78303120592538,45.04972649397359,72.70286666968701,2.0314088038247737
2017-10-04,48.17295309253308,48.412061670111974,48.10570077653998,48.374698638916016,46.93461858049592,45.180117558481136,74.91956937385392,1.5688578716936714
2017-10-05,48.27698416892245,48.36718974760035,47.908628472497135,47.96125030517578,47.032393030465435,45.28918158776328,67.64535019048292,-0.5782752045290317
2017-10-06,48.0289057306937,48.88589311121548,47.98380294288184,48.72050857543945,47.19316593951058,45.42374343041725,72.85726879741627,1.419797388929114
2017-10-09,48.68291785179792,48.7580910658244,48.171731966929805,48.2243537902832,47.29137430625083,45.533571287666895,65.43888729645434,-0.3107923209093948
2017-10-10,48.29201197449538,49.05879373317755,48.231876839487214,48.961063385009766,47.45039231375168,45.66798274246466,70.27811877419349,2.084626804914818
2017-10-11,48.96106201257934,49.239209228673026,48.81071557624967,48.94602966308594,47.59283396606923,45.796533602096865,70.06252840488382,0.462887384061857
2017-10-12,48.97611454836169,49.41212737185656,48.788178579822585,49.126461029052734,47.73889368635337,45.92711899138925,71.2042692560852,1.8706466087499927
2017-10-13,49.24673678364627,49.69026286222879,48.96858951947341,49.08135223388672,47.86674688135655,46.05081441266366,70.48057399670718,0.24568267223089263
2017-10-16,48.51754315903661,48.8934150405891,47.59289867453849,47.84849166870117,47.86500828967508,46.12131155995925,54.25135269196162,-2.242343254273197
2017-10-17,47.83345920462059,48.38975088313872,47.66807464955505,48.246917724609375,47.90138061681168,46.20466866445534,57.64561270627914,-1.7903656929881622
2017-10-18,48.29953252592302,48.637814895389006,47.77331136455703,47.88607406616211,47.89992285008315,46.27060613118894,53.75563697913296,-2.435299993424725
2017-10-19,47.976283879006246,48.63030297874184,47.87104021725791,48.615264892578125,47.968050663654104,46.36255353359636,59.677220928350195,1.6025023927316764
2017-10-20,48.70548877350089,48.8558352618432,48.26947592781696,48.42734146118164,48.01179264437101,46.443525609187944,57.629146672288634,0.37395909434487384
2017-10-23,48.57768322065993,48.63030505377945,47.87855843562592,47.92366409301758,48.00339944900402,46.501570255612634,52.434996105453074,0.07849886963698934
2017-10-24,47.92366489794172,48.14919032101312,47.63048528915876,47.84849166870117,47.98864632707042,46.55439070318474,51.68624388878714,-1.5772272877073492
2017-10-25,47.70565666396715,48.532573624168435,47.668070050807955,48.11159896850586,48.000356102445224,46.61545769398165,54.153865848032176,-0.6519922076021331
2017-10-26,46.99149732590897,47.547788924510115,45.40532053110797,45.81877899169922,47.792586853802746,46.58421539193136,36.60715977473752,-4.392162287993832
2017-10-27,45.84132717183076,46.37506447204947,44.94675326578781,45.059513092041016,47.532294114587344,46.524423144876835,32.81530885591548,-5.828770102035406
2017-10-30,45.92403521920144,46.25480150466409,45.31512162447718,45.73609924316406,47.361227936356556,46.49350848206457,38.88983706727314,-4.937478230346934
2017-10-31,45.811263565767725,46.53293975265394,45.61581145052605,46.35251998901367,47.265160512800094,46.487979521552774,43.86928956073821,1.1648957241116107
2017-11-01,46.50285960389261,46.87121236238367,46.22471527454793,46.7283821105957,47.2140387602092,46.49740707406426,46.72009507683853,3.7036996275254124
2017-11-02,46.72087928940624,47.26213288665158,46.405145395644304,46.7810173034668,47.17279862147183,46.50852904384475,47.125089495276015,2.2846680796874317
2017-11-03,46.66825486562599,46.7960499307199,46.457764658890554,46.77349853515625,47.134770041822726,46.51892000428834,47.07004860998764,0.9082106997469763
2017-11-06,46.78853123405354,46.811082628402254,46.0668550704725,46.3675537109375,47.06170181983366,46.51298407121576,44.07676463467405,-0.772182522399775
2017-11-07,46.29238092130197,46.931361953723695,46.194653432077835,46.54045486450195,47.012059252659206,46.514061357226986,45.66174727117207,-0.5142308843014759
2017-11-08,46.32997499065265,47.224549153541346,46.32997499065265,47.044132232666016,47.015113822183665,46.53484845038146,50.09868599674054,0.5786047783155452
2017-11-09,46.765971403854614,46.87121505518413,46.427686190528,46.600589752197266,46.975635339327816,46.537426540648745,46.49804422752936,0.5025842914046066
2017-11-10,46.42017294756628,46.42017294756628,45.36021445731669,45.751121520996094,46.85901497567718,46.50659104968197,40.495240222416065,-1.6960155327315285
2017-11-13,45.63084388555271,46.01423191684223,45.4804945696388,45.84885025024414,46.76280881135022,46.480797292841274,41.43202426628119,-2.540767414967658
2017-11-14,45.8262975220578,46.34500253593112,45.60829115007263,46.04430389404297,46.69437977160667,46.463679904653105,43.35278190200168,-1.193731369307547
2017-11-15,46.05182305426659,46.06685827410291,45.50305043477819,45.908992767333984,46.61958100929498,46.441927467895496,42.318085849681,0.34506530351488846
2017-11-16,46.04430329797139,46.58555969929326,45.86388354163919,46.51038360595703,46.60918125659613,46.44461202232928,48.231879906145416,1.4428570228091335
2017-11-17,46.27734357936384,46.53293655414199,45.84884989630559,46.096923828125,46.56039483483698,46.43097719118401,44.82899924356913,0.11428109371165672
2017-11-20,45.984164745427634,46.02175422783132,45.21738862840037,45.70602035522461,46.47902583677865,46.40254751134247,41.82455077397102,-0.4421190705229274
2017-11-21,46.00671468970217,46.412656973086726,45.84133015921039,46.03678512573242,46.43690767382187,46.38820388837737,45.17293374927732,-1.018263973561274
2017-11-22,46.06686401510565,46.43521977781381,45.85637664651545,45.96162033081055,46.391642212582695,46.371475121413965,44.545483964723374,-0.29351958021958235
2017-11-24,45.96913150290673,46.31493293999077,45.878920188095805,46.17961883544922,46.371449509998556,46.36395134549378,46.851261276955164,1.0361840224631869
2017-11-27,46.254800518715776,46.48784215639786,46.11197021233503,46.31494140625,46.36606778583203,46.362029387092065,48.28862904697323,0.6042043981956978
2017-11-28,46.39762519597069,47.329785840641655,46.314932924592256,46.999019622802734,46.42634891316257,46.38700939633562,54.925003013122975,2.2570990416035506
2017-11-29,46.931362745847814,47.65303606074179,46.53293947427247,47.28468322753906,46.50809503834128,46.422212291676935,57.38449960915593,2.3929699290665316
2017-11-30,47.42750470317997,47.961241980666706,47.00652724714397,47.50267791748047,46.60281721730692,46.46458349268884,59.21345504317561,2.5644780607887996
2017-12-01,47.48013088792922,47.82593229375339,46.93887451869169,47.5402717590332,46.69209860223324,46.50676734627097,59.53597757377583,1.1516243116864227
2017-12-04,47.48765560377064,48.01387684987457,46.93888296078407,46.9614372253418,46.71774989967215,46.52459753760708,52.634584687734005,-0.6836167234995961
2017-12-05,47.104273143336584,47.359866186670075,46.32997783603605,46.6231575012207,46.70874109981963,46.52846263421938,49.05565966247531,-1.851517545574229
2017-12-06,46.67576871018266,46.82611803100534,45.72857286404686,45.83381652832031,46.62541495015303,46.501221610458636,41.8969159063127,-3.5894940596098808
2017-12-07,45.826299608747995,46.525421545448744,45.826299608747995,46.48783493041992,46.61231209113083,46.50069664261398,48.591077660510464,-1.0084919093283309
2017-12-08,46.47280583802044,47.14937646844046,46.367562154994054,46.923851013183594,46.64198246465967,46.51729093165593,52.51859242212416,0.6449445470419239
2017-12-11,46.77349497391331,47.6680689644843,46.67576748778674,47.3748893737793,46.711783122671065,46.55092224311175,56.24272591268064,3.362305306839916
2017-12-12,47.50267834763077,47.84848259249762,47.50267834763077,47.570335388183594,46.793550005100826,46.590899229193,57.787760033862185,2.328567160384842
2017-12-13,47.46511509277938,48.08906398126618,47.359871392956485,47.713191986083984,46.88113495567065,46.63491070985539,58.929266671490865,1.6821743225606518
2017-12-14,47.72069010563448,47.75076054211191,46.39762244504886,46.70583724975586,46.86443993605972,46.637692142792666,48.889522408514985,-1.4122505252618902
2017-12-15,47.03660731830777,47.239578479719555,46.58556220473153,46.91632843017578,46.8693816974041,46.64861905602338,50.776640252508294,-1.3748209943675673
2017-12-18,47.04412376199497,47.17191881896486,46.743425124445615,46.908809661865234,46.8731367416385,46.65882260919365,50.70462340183596,-1.6858698626856823
2017-12-19,47.0892215827601,47.17943001743882,46.247269501185016,46.277339935302734,46.81639418865414,46.64386250433518,44.939731675659424,-0.9174384609824435
2017-12-20,46.284862064068,46.42017616733008,45.5481535394605,46.006717681884766,46.73928214039039,46.61887643286654,42.699161283943056,-1.9387935474208369
2017-12-21,46.19465596867064,46.45776514525074,45.87892208909957,46.23224258422851,46.69099265885116,46.60371432115525,45.15327400394806,-1.4423028051951288
2017-12-22,46.21720484942423,46.39010556572153,45.55566955444016,45.826297760009766,46.60864076372341,46.57322739718877,41.691945067944054,-0.9746501763574587
2017-12-26,45.84133532178625,46.26982904661244,45.82630010207787,46.05182266235352,46.55561046835485,46.55278015268542,44.248878454371024,0.09803998794401557
2017-12-27,46.11947690240266,46.62314669503032,46.08189028926323,46.3675537109375,46.53770030098177,46.545516370656095,47.70626541552616,0.2926769698927627
2017-12-28,46.30741325460097,46.49534918967268,46.134512538455965,46.435211181640625,46.52793943247309,46.541190676969215,48.44409480009555,1.3287423409582664
2017-12-29,46.58555755283884,46.80356104428242,46.05181735160559,46.06685256958008,46.48402639791185,46.5225891825618,44.74267780435515,0.03263694324707381
2018-01-02,46.15706974485736,46.23975915271651,45.736092191081326,46.089412689208984,46.44644413994015,46.505601869096985,45.01974757968094,-0.5998613242839805
2018-01-03,46.01422857630489,46.23975109996594,45.63084057284855,46.126991271972656,46.416020057276576,46.490754394699955,45.50986583301597,-0.6637633421377258
2018-01-04,46.15726603766685,46.77774053053253,45.99079628565692,46.72477340698242,46.44542513820094,46.4999316108679,52.72887082721462,1.4281870818255058
2018-01-05,46.815566046926016,47.05013675997744,46.52046272545274,46.8306999206543,46.48211797462507,46.512902917134035,53.8944953489286,1.6083677100508416
2018-01-08,46.74746789744203,47.06527349205419,46.31616257271165,46.8458366394043,46.516757847461186,46.525959141536795,54.06878930922781,1.5584050630859598
2018-01-09,46.81557561876589,46.98961087248718,46.57343936258915,46.80044174194336,46.54377536122139,46.53672316508215,53.41661171258676,0.16194478740827845
2018-01-10,46.55073513361995,46.96690660009573,46.29346502746357,46.921504974365234,46.579749610092236,46.55181264779914,54.976343429031424,0.19390069733057455
2018-01-11,46.90637647541615,47.30741408793562,46.76260609621731,47.26958084106445,46.64544782256578,46.579960420084056,59.20561480152648,0.9045503977694456
2018-01-12,47.481450025250126,47.83708890130784,47.307414777911085,47.526851654052734,46.72939104461216,46.61709340965146,62.043605881787514,1.5521432812852147
2018-01-16,46.724768979074426,46.80800384719157,44.961711533295464,45.340049743652344,46.59707282547313,46.56701326588679,37.90504890129315,-3.3704273372665514
2018-01-17,45.650295968349795,46.91394437486639,45.61245983304754,46.80044174194336,46.616441293708384,46.576167323771365,51.481013030192585,-0.9924756910760228
2018-01-18,46.77017114822383,46.838272142340955,46.232928689525856,46.78530502319336,46.63252355365933,46.58436880218007,51.35568451489399,-1.5602687850166936
2018-01-19,46.98959531192079,47.23173148791432,46.58099231898851,47.12579727172851,46.67950200299926,46.605601291181976,54.06468852214122,3.93856543645758
2018-01-22,47.13336886313546,47.99597940971285,46.92906590950012,47.882476806640625,46.79407103191748,46.655674840807805,59.4669574277501,2.3120189135469786
2018-01-23,47.663035190249985,48.18514073001372,47.51926486464805,47.9959716796875,46.90853776027653,46.70823550115603,60.222597346304966,2.587707092844568
2018-01-24,48.207852335017506,48.42728918188083,47.77654702166069,48.24568557739258,47.03588517143044,46.76852766100845,61.905352021674524,2.376380603614547
2018-01-25,48.42728740855041,48.62402488008276,47.82194689324179,48.064083099365234,47.133808783614704,46.819333756630286,59.92007784561124,0.3792750601811457
2018-01-26,48.37432267478121,48.97966610637524,48.14732033117916,48.616458892822266,47.27501355592018,46.889809252167225,63.73016910540693,1.292790189301165
2018-01-29,48.51808721985313,49.153692551113146,48.4878194746052,48.752655029296875,47.41574131528939,46.96286202774094,64.6231506710404,1.0508078511829821
2018-01-30,48.37432287880593,48.88886306593614,47.90518431518417,48.39702224731445,47.509196642148915,47.019103604979115,60.43874228705707,0.6926984277655257
2018-01-31,48.39702320467568,48.44999032323761,46.86853648755224,47.367942810058594,47.49574389623555,47.032783573805766,50.29102772136407,-2.5680934218514273
2018-02-01,47.050137122061265,47.65547764339462,46.876101902583635,47.5192756652832,47.497985017097236,47.051861695040174,51.57856406853067,-2.529871169626554
2018-02-02,47.58737810197832,48.64672621140623,47.557110353368074,48.033817291259766,47.549016662255575,47.09036975763702,55.77309352472156,-0.7504696346784884
2018-02-05,49.5093356025125,49.857406043346714,46.10429190432865,46.126991271972656,47.41358567270482,47.0525902091796,41.44488823428048,-2.6198130306440524
2018-02-06,45.27195656188473,46.31616805779397,44.22017379801798,46.081600189208984,47.28672991237188,47.014512169180755,41.173724645015035,-3.0254574716183242
2018-02-07,45.88486414381949,47.49658595484151,45.62759400913284,47.39065170288086,47.29662722575369,47.02926273912978,51.10862528128704,-1.3389849581993074
2018-02-08,47.330116163150144,49.00993608944511,47.3149822862386,47.43605041503906,47.30990562473325,47.045215197008574,51.41507918300497,2.8379460852930314
2018-02-09,47.89761583317628,47.91274970764703,45.831889595027675,47.44361114501953,47.32263948380813,47.06083856751881,51.469636289726516,2.9556503034143584
2018-02-12,47.6327742354727,48.11704661146148,47.14093347995788,47.79167556762695,47.36730958702897,47.08949884203285,54.02890155158314,0.8462087992803772
2018-02-13,47.51927122941281,48.51051822502714,47.43603637428223,48.328914642333984,47.45889102086754,47.138103383221136,57.73388857298929,1.8822482468140926
2018-02-14,48.11706114127762,49.89525273652664,47.87492488016581,49.44881057739258,47.64840716910802,47.228719351620015,64.20929235233956,4.226489898173668
2018-02-15,50.93189855476436,52.543623358618675,50.83353267802045,52.195552825927734,48.0814686602337,47.4234971349262,74.52017635733183,9.21473709803109
2018-02-16,52.10473055817405,53.00517720388205,51.8474576138366,52.180397033691406,48.4718427910392,47.610042228995425,74.39282543686495,7.969312822067174
2018-02-20,51.8247650226403,52.082038000606616,50.727586551768304,50.962154388427734,48.709015324123826,47.741497607796695,64.80583751391505,3.0604251009569063
2018-02-21,50.95458850074796,51.26482861097541,50.32655144545333,50.34168243408203,48.864507429834134,47.843465640200044,60.527482871135525,-3.551778439876601
2018-02-22,50.697315874045806,50.697315874045806,49.834705289669294,49.895240783691406,48.962672511153876,47.92392741053304,57.581870115705854,-4.379338563722579
2018-02-23,50.069281190315905,51.4766999019815,50.069281190315905,51.41616439819336,49.19633840515764,48.06087788063736,64.00808663882187,0.8908767990952903
2018-02-26,51.44644108511941,52.10475181393583,51.36320619620064,51.93071365356445,49.456755095482094,48.212636146242346,65.8907811023659,3.1564920810167942
2018-02-27,51.862608537809336,52.11987577943139,51.31780052851135,51.33293151855469,49.63543856434615,48.33500067064675,61.84344521902228,2.8814185727573443
2018-02-28,51.340497309958806,51.408601194177045,50.06928061005711,50.09197998046875,49.67891869921497,48.40390182005154,54.37635714075464,-2.5754243499562524
2018-03-01,50.01630423952117,50.33410691248545,49.055327840896155,49.70606994628906,49.68150453226964,48.454967236766734,52.26302352058477,-4.283868929890383
2018-03-02,49.52446698263722,50.31897949437302,49.28233077087684,50.06927490234375,49.71843504370527,48.51827341973054,54.072212187462156,-2.4616880018905194
2018-03-05,49.812018542862184,50.8032629734372,49.637980396700506,50.561126708984375,49.79869139277947,48.59838531342677,56.47772527628782,0.9365705422276159
2018-03-06,50.86379570310666,50.999997705229475,49.32774331821157,49.53961181640625,49.77401714741059,48.635296156680866,50.555368189044735,-0.3348849145842396
2018-03-07,49.10829098826055,50.137371175427035,48.95695227074678,50.016300201416016,49.79709172398253,48.68945317804303,53.030551698128185,-0.1058028122657207
2018-03-08,50.091977659845725,50.667053366559976,50.00118018240556,50.50815200805664,49.86481175103721,48.760774700788666,55.50556931294338,-0.10477357680860605
2018-03-09,50.6594822938526,51.49183094604537,50.447613827106345,51.39345932006836,50.01039723380208,48.86401723487807,59.62915599016108,3.7421518572500454
2018-03-12,51.37833057953817,51.59019905555137,50.83352262808537,51.03782272338867,50.108247280429374,48.94926450893731,57.330610426150564,2.042379220092205
2018-03-13,51.31022723013515,51.620467339638786,50.1449448270198,50.45518493652344,50.14128896196214,49.00832021197991,53.679855513807006,-0.1048683616948691
2018-03-14,50.757850961055546,50.89405293502191,50.144939191715714,50.41734313964844,50.1675798360275,49.063576013064946,53.441823611250854,-1.8993004038526813
2018-03-15,50.51572459283206,50.64435821189941,50.09955020998649,50.12981796264648,50.16398346713407,49.10538942285246,51.5706451623134,-1.7790820851887377
2018-03-16,50.076850578509294,51.03026457690242,50.076850578509294,50.3946533203125,50.185952024579635,49.155948791380304,53.19619348141097,-0.11997105210711446
2018-03-19,50.409780872021024,50.6821848217874,49.3201650729555,49.99360656738281,50.167633409608506,49.18879811592942,50.435421276501074,-0.8404579572785869
2018-03-20,50.22817415763828,50.81838656138779,49.72877076736705,50.26601028442383,50.17700263578139,49.231041730380184,52.248190658019055,0.2716792665770952
2018-03-21,50.34923960696453,50.68974161865238,50.00873182229488,50.016300201416016,50.16169764203231,49.261836180224726,50.42745895016334,-0.7507802791927971
2018-03-22,49.62283716521635,49.85740498989164,48.35918614072611,48.38945388793945,49.99291252259489,49.227625109939034,40.52042184058615,-3.2087156530330265
2018-03-23,48.465126470947865,48.465126470947865,46.86853589418216,46.9593391418457,49.70400077204735,49.138672719033416,34.1659526237746,-6.578344141235293
2018-03-26,47.504147998730886,48.10192310449784,46.70963828025781,47.973289489746094,49.5391711261139,49.09297141592411,41.20590207508654,-4.0846897980112535
2018-03-27,48.15489002468774,48.17758939508011,46.76260520628639,47.224178314208984,49.31869562021819,49.019685411935285,37.9749503386653,-2.408118877367411
2018-03-28,47.35280611166779,47.94301272532522,47.23173512784973,47.345237731933594,49.130747249905376,48.95402079703326,38.809954820140064,0.8217717649778731
2018-03-29,47.57223774358955,48.238113689799555,47.20146797636957,47.85977554321289,49.00970232545847,48.91110921845207,42.36165721915452,-0.23661905977380562
2018-04-02,47.6176458951344,47.84464823694091,45.952957244400984,46.913936614990234,48.81010559112816,48.832788724198664,37.995742001142034,-0.6569552087376465
2018-04-03,47.15606568281922,47.564671568026,46.55829072703422,47.4965705871582,48.6850070193215,48.780388012942176,41.963685542589495,0.3196369106465334
2018-04-04,46.815564415989215,47.84464470173149,46.573428217754696,47.65547561645508,48.5869564095247,48.736273801315235,43.03442299164507,-0.4268718865456208
2018-04-05,47.967703937252665,48.12000420945467,47.335646768836696,47.44987487792969,48.47866293032518,48.685826784711885,41.95585517841563,1.1423860405016764
2018-04-06,47.26710785931809,47.31279968140601,45.675545701688485,46.36090850830078,48.27697203298952,48.594653518970276,36.70816033838116,-2.3910401631491145
2018-04-09,46.38375574721221,46.48275324853284,44.426667610391256,46.056304931640625,48.06547992809915,48.495110437114214,35.3753097733705,-3.3556913746597283
2018-04-10,46.726437430298326,46.81781817551739,46.09438025559114,46.61220932006836,47.92707320352479,48.42127117762222,39.6798895021053,-1.7653693713973324
2018-04-11,46.147692074497826,46.27715081031845,45.645093551486376,45.827857971191406,47.72714794330256,48.31956869893866,36.03295937545855,-1.1497844935759487
2018-04-12,45.157717902004386,45.16533465836398,44.05352353011662,44.80742263793945,47.44907886660131,48.18183748086026,31.92230674456299,-2.7116424028259187
2018-04-13,45.04349145443405,45.14248604483774,44.09921413293531,44.66273498535156,47.183712782672764,48.04383346142855,31.375749541670512,-4.182325539067449
2018-04-16,44.479970506825346,44.67796259215033,40.131732336395075,41.182621002197266,46.61218023215129,47.77476630616458,21.735970600563945,-10.136273381824344
2018-04-17,41.274007396027166,41.296851857671854,39.750981314291415,39.88805389404297,45.971787247569544,47.465483466473536,19.35388724239968,-10.97891477411411
2018-04-18,39.86520061472423,40.24595707868508,39.629133466230925,39.827125549316406,45.38658137154544,47.165940018741885,19.246976847082344,-10.82694429174822
2018-04-19,39.86520718065746,40.009896519955824,39.22553609964962,39.30168914794922,44.807067826441035,46.85753802380884,18.30774657550903,-4.567295156244891
2018-04-20,39.3093067008768,39.4844543710416,38.85239998783315,38.96662521362305,44.25083519664884,46.54809046262509,17.714109399442656,-2.3100366913551817
2018-04-23,39.02753757926364,39.24076026962767,38.57824483532422,38.761009216308594,43.72799462709263,46.24271472747542,17.342478963319106,-2.6768598494201683
2018-04-24,38.8523983627614,39.58345023503048,38.62394501579504,39.278846740722656,43.30426625696215,45.96962186524983,21.79249604897391,-0.058120675527643134
2018-04-25,39.2026861181416,39.4996757023414,38.502095602074526,39.41590881347656,42.93394650043972,45.71261351027833,22.97450900889871,1.1529959225117665
2018-04-26,39.24075811819301,40.177418620148536,38.50209259352695,39.62913131713867,42.61920219726819,45.4740455811356,24.87667768617687,2.239678786446092
2018-04-27,39.849971146822206,40.26118590192424,39.60628434813867,39.80427932739258,42.351114304899085,45.25170180647901,26.482733935524,1.3376986094787133
2018-04-30,40.108884758687175,40.11650151477898,39.46921668415819,39.69766998291016,42.09840532185252,45.033896636927295,26.11673518792967,0.7148412352153221
2018-05-01,39.58345280031329,40.16220441540654,39.30930760421039,40.12412643432617,41.910378761135725,44.841356628982155,30.268293792106174,1.2490688055365629
2018-05-02,39.872820022350936,39.90328123867941,39.05038461113095,39.217918395996094,41.65395396445576,44.62082963945329,26.819595352436803,-1.4731102818710287
2018-05-03,39.29406145644513,39.4844396668057,38.65439055343598,39.17983627319336,41.41832370814505,44.40745735058035,26.682012665061993,-1.3044435855800385
2018-05-04,38.95900030978801,39.217914815055934,38.585857706189074,39.08845901489258,41.1964318325972,44.19886918055338,26.33294259194792,-2.5811587976344845
2018-05-07,39.08084487915039,39.354990009571495,38.867622179907926,39.08084487915039,40.99494736084036,43.99816234520424,26.302064458211998,-0.34951757373154585
2018-05-08,38.98946322881251,38.98946322881251,38.045185902136325,38.479248046875,40.75535694998651,43.78173433350506,23.91586194663152,-1.7881346451610831
2018-05-09,38.46402550474851,38.997085257149415,38.34218352462333,38.905704498291016,40.57919957363456,43.59051747722216,28.8439995031973,-0.46754085785764443
2018-05-10,39.08846953505073,39.37784242680553,38.83716881306463,38.95139694213867,40.42417075158733,43.40859118172869,29.371862032916695,-0.33123116302119443
2018-05-11,39.12653575162608,39.68243985038456,38.87523508653373,39.492061614990234,40.3353984528638,43.25500178695463,35.471822170336594,2.6321033271789407
2018-05-14,39.55297680793119,40.055575178130326,39.37021534873569,39.61389923095703,40.26668424125363,43.11221345142531,36.79655432503457,1.8202850759253673
2018-05-15,39.560597186520326,39.85758676361918,39.37783280564495,39.827125549316406,40.22482150868818,42.98338647487202,39.150935002825264,2.248259821024153
2018-05-16,39.94135508568479,40.07081089371137,39.69005441606888,39.75859069824219,40.18041857435999,42.85692389539634,38.652544943226005,0.6748928071933958
2018-05-17,39.63674751627422,40.664791717093074,39.56821123621963,40.16219329833984,40.178682833786645,42.75124818570785,43.23535956432009,1.3840951737321798
2018-05-18,40.268813443064275,40.4744223281553,39.92613196791257,40.13935470581055,40.17493729778892,42.64882099041776,43.039428948505176,0.7839610621849151
2018-05-21,39.651974408631425,40.17741723652863,39.537746317595015,39.78143310546875,40.137460708044145,42.53637440669427,39.981511920692796,0.05745275882621365
2018-05-22,39.811897896834466,40.22311560561692,39.750978368649015,39.85758972167969,40.11080632839039,42.431324026889776,40.942980586930666,-0.7584336203888058
2018-05-23,39.85758158650549,40.07842100410379,39.682433984426424,39.97942352294922,40.098293680253136,42.33517106595093,42.52912502380711,-0.3984398454671136
2018-05-24,40.00990120591137,40.16981826865736,39.69006417547728,40.12412643432617,40.10075394254581,42.248463433338195,44.437854469462984,0.8614403808652933
2018-05-25,40.21550455364505,40.360190984982005,40.00989568493987,40.18504333496094,40.1087815037282,42.167544998107715,45.262050095071515,0.8215589943290991
2018-05-29,39.880429454834136,40.07080767837919,39.42352288030247,39.80427932739258,40.079781296458144,42.07486791298163,41.152878398952794,-0.4380858454752439
2018-05-30,39.96420189943069,40.702870439160286,39.96420189943069,40.37541961669922,40.10793732695729,42.00822288175487,48.67923482577162,0.6262894789357101
2018-05-31,40.46679547144756,40.49725668495731,39.948966461546775,40.07080841064453,40.10440123968941,41.93224584367211,45.34799850927027,-0.28427224369078136
2018-06-01,40.29164896526304,40.664791578721946,40.13173194732692,40.45918273925781,40.13818995393402,41.87447866310685,50.042126886568006,1.6453090545330935
2018-06-04,39.84996838704603,39.90327405355172,38.052797616451706,39.17983627319336,40.04691817481586,41.76880641252201,38.35529987901271,-2.9611663602658083
2018-06-05,39.14176607375504,39.73574523427473,39.04276857868798,39.537750244140625,39.998425990942025,41.681314013761956,42.40759643272048,-1.330290522320241
2018-06-06,39.60628634799125,40.3373409710729,39.35498859079232,40.29926300048828,40.027077134708335,41.62711593481005,49.94672560629238,-0.3952619107512522
2018-06-07,40.3221090646881,40.42872040703099,39.90327754622336,40.07080841064453,40.03124201813083,41.56608426719572,47.92006615638564,2.274057837400332
2018-06-08,40.07080371244344,40.527713146694474,40.04795925746019,40.48202133178711,40.074173381336195,41.523571995218916,51.717701339491384,2.3882772333168414
2018-06-11,40.588644999661085,40.74094819070815,40.253580303310926,40.45157241821289,40.11011614675302,41.48153279612064,51.4187133411865,0.37794591360830576
2018-06-12,40.46679659037517,40.63433036436994,40.344954637908415,40.45918273925781,40.14336058413443,41.44144063702798,51.494191994889746,0.9692200981653075
2018-06-13,40.62671665774049,41.35015457572469,40.542952669397096,40.71048355102539,40.1973722952669,41.412775653263175,54.033814652690836,0.56435477212421
2018-06-14,40.7256996042409,41.01507524900188,40.443940713388095,40.83992767333984,40.258568045559564,41.39031102659951,55.331153185452294,0.9600498371531614
2018-06-15,41.22830526036704,41.738520380760065,41.01508259181288,41.73090362548828,40.39879048174325,41.403667599104956,63.05949044134179,3.143219413071608
2018-06-18,41.33492227377461,41.49484220210311,40.748556949747154,40.85517120361328,40.442255312397535,41.38215793653666,53.29864144524164,0.3554063719399037
2018-06-19,40.66479177605745,40.91608953332779,40.39064665544157,40.84755325317383,40.48085511628099,41.361193046993016,53.22146667001613,0.018671873992983177
2018-06-20,40.81709200073589,41.35776839031079,40.78663369120567,41.31207656860352,40.560019064121235,41.35926691058559,57.283205091701475,-1.003637641407191
2018-06-21,41.25877223081936,41.41868925455755,40.74094318781261,41.07600784301758,40.60916085258755,41.34815871185743,54.68456728905592,0.5405353420346598
2018-06-22,41.61667511812319,42.142117897225425,41.304454990551015,41.98981475830078,40.74065170075072,41.373321694070896,61.89136739780651,2.796401287605152
2018-06-25,41.88320906551287,42.134509714277705,41.3120743964377,41.63190841674805,40.825533292750464,41.38346234986216,58.00065709173574,0.7741848745206648
2018-06-26,41.57861191246573,42.06598271099858,41.56338420761508,41.81468200683594,40.919737932187175,41.400372924645445,59.40414677147189,1.7983105043737229
2018-06-27,41.61668300362576,41.738524956863856,41.35015173377027,41.479610443115234,40.97305912370413,41.40348027831093,55.727554052141635,-1.2150668397142352
2018-06-28,41.49484397226665,42.37058216503685,41.48722721562344,42.11166763305664,41.08149802935675,41.431252331438216,60.672166621789984,1.1523834350951638
2018-06-29,42.104064356859446,42.53050987786311,41.99745297660853,42.14213943481445,41.1825114965432,41.459130257060814,60.8988993305006,0.7831159111170146
2018-07-02,42.01267390078661,42.06598248724751,41.4872309379802,42.02790451049805,41.26302511691985,41.481435129744625,59.51368665574581,1.3218399631181157
2018-07-03,42.07359416242343,42.659959533732554,41.951752195978784,42.37820053100586,41.369232299213756,41.51660240038232,62.34234972168094,0.6329193616165342
2018-07-05,42.51626517096965,43.651463667166624,42.08672941863583,42.91511917114258,41.516459620349835,41.571446195314095,66.23622427522567,1.8342204422814643
2018-07-06,43.12221041619789,43.475041737456976,43.0378370728593,43.382999420166016,41.69422531557042,41.642487498249466,69.2227700882848,3.224274265992688
2018-07-09,43.44436368601651,43.52873703653371,43.18357465986004,43.29862976074219,41.84702573892012,41.70743425364134,68.05379094153997,2.1719403330089473
2018-07-10,43.544075397034995,43.544075397034995,42.953464903495224,43.091529846191406,41.96554993961262,41.761712512172714,65.14561110556967,0.41106882249426907
2018-07-11,42.95346767271581,43.0378410238,42.59296441843709,42.76171112060547,42.041374813992896,41.80092814387596,60.6970783183171,-1.432100841030713
2018-07-12,43.37532438758864,43.605431627183485,43.09919452968591,43.57475280761719,42.18741081338568,41.870489895395224,66.72857652771636,0.6377177485772403
2018-07-13,43.42902201577627,43.77418438613104,43.35998954170532,43.61310958862305,42.32319164912258,41.93882792258063,66.98597905837111,1.2103996871156335
2018-07-16,43.62845325548017,43.66680398220208,43.11454415429319,43.28329086303711,42.41462966949539,41.991551959461276,62.50787669432186,1.2197354333192443
2018-07-17,43.43669128417969,43.57475622395559,43.26794459645969,43.43669128417969,42.511968870893895,42.04822408984239,63.72261305348599,-0.31683833996039523
2018-07-18,43.39834501975501,43.65146215136058,43.17590671327209,43.62845230102539,42.61830062614452,42.110193823614274,65.23880821833045,0.03517912973200623
2018-07-19,43.59777545903591,43.66680794378736,43.01483675244725,43.36766815185547,42.689668961926515,42.15950654236883,61.47585158168463,0.1949419444222887
2018-07-20,43.41368115539374,43.62845047811559,43.27561620720566,43.49805450439453,42.766658061209185,42.21199861931102,62.63625558006905,0.14127047526106848
2018-07-23,42.96113478851427,43.08385885951591,42.53160200299487,42.86142349243164,42.77568334037323,42.23746626139418,54.07201156414602,-1.7580930978285532
2018-07-24,43.01483972343629,44.694626400445046,42.984157966766894,44.686954498291016,42.95770916493683,42.33352462362543,67.7070655763495,3.042096572534075
2018-07-25,44.54888050764083,45.41561795649475,44.44916628817201,45.28522491455078,43.179377331566734,42.44927757621074,70.76976733640294,4.108621478635775
2018-07-26,46.10594430279587,46.78092816273506,43.01482972332606,44.42615509033203,43.29811807049676,42.526802184607654,61.71815852373686,3.6506757601662176
2018-07-27,44.91705945253384,45.070462365851,43.5901043557239,43.65913391113281,43.33250053150972,42.57120735035374,54.95916944309471,-2.3000461738727584
2018-07-30,43.659119864843,45.26987627020752,43.582418432861296,45.20084381103515,43.51043798670262,42.674330348811836,63.59027089646317,-0.18633252606087702
2018-07-31,45.36192583124392,45.57669221593087,44.80199709547253,45.06278610229492,43.658280664378076,42.767995280320974,62.43644395660537,1.433009475315665
2018-08-01,45.14716013166629,46.167303400382586,45.07812766040184,45.730098724365234,43.85559667009114,42.88415619969526,65.67815286074021,4.74348579027661
2018-08-02,45.63805889385365,45.814474568713166,44.97841589378685,45.46164321899414,44.008553484272376,42.98523412202071,63.31106387377356,0.5769790693494111
2018-08-03,45.36959695627048,45.522999842156494,45.17016852306267,45.37726593017578,44.13890705054889,43.07903929096796,62.54802755675489,0.6978703606274442
2018-08-06,45.27755434243592,45.737771804732176,45.039778099923545,45.55368423461914,44.273647734746056,43.17608419071899,63.537524613768326,-0.3857732536494595
2018-08-07,45.54602373475031,45.63039709816878,45.124159843631155,45.23921203613281,44.36560623964003,43.256991165048944,60.47057120082847,-0.48927220204041166
2018-08-08,45.51533209397903,46.35905969296368,45.14715989118723,46.15196228027344,44.53573538636702,43.37051944407736,65.65286249883847,1.707234524199231
2018-08-09,45.84516319505472,46.128962112309864,45.52301062127404,45.661075592041016,44.64291064405026,43.46034517537005,61.01962267221448,0.23574681000282624
2018-08-10,45.73010874698594,45.891186499221305,45.23921236639283,45.492332458496094,44.72380795971177,43.54003095117891,59.46605637683489,0.5595155418735246
2018-08-13,45.407954518133465,45.86816909706462,45.346591013757084,45.576698303222656,44.805035611474715,43.619900259102195,60.01419617665572,-1.2464561605361344
2018-08-14,45.484653325181945,46.12895545376751,45.484653325181945,45.99089050292969,44.917974172565664,43.71288026866406,62.68232615351299,0.7223108667772173
2018-08-15,45.921868481193854,46.34373240435488,45.55369617047295,46.22100830078125,45.04207266096715,43.81123823070787,64.11499919392878,1.6017552912899053
2018-08-16,46.23634120663588,47.057059056382755,45.96788319072724,46.87297439575195,45.216444254756176,43.931306315611565,67.877691906449,2.8441641031238087
2018-08-17,47.01870808996211,47.24114640256748,46.6351949686313,46.704227447509766,45.35813789216128,44.040048320784045,65.95017867432259,1.551039644545777
2018-08-20,46.87296872825523,46.87296872825523,46.26701736450195,46.26701736450195,45.44469784190801,44.12738044014554,61.10834621662626,0.09954145401004906
2018-08-21,46.33606012812775,46.52781670917876,46.06760208504562,46.08294296264648,45.50548309150215,44.204069166518124,59.13973012191842,-1.6854732247951296
2018-08-22,46.11362356637352,46.58918201238072,45.92186697794352,46.45878601074219,45.59627384571549,44.29248943491907,61.842669420154365,-0.5255229562322304
2018-08-23,46.43576523796624,46.58149915755612,45.960206903777426,46.09060287475586,45.64335280086219,44.36300368746169,57.808372499409906,-0.3812964392242119
2018-08-24,46.098269334832885,46.21332442495205,45.74543801656042,45.998558044433594,45.67718187167851,44.427143074009614,56.81060526087072,-0.18311529773886953
2018-08-27,46.19799783605967,46.50480955393152,45.99090036539218,46.02925109863281,45.71071227424559,44.48997083968111,57.07665171658623,-0.9245504435050413
2018-08-28,45.96787764186382,46.236335625366415,45.7761211033698,46.15196228027344,45.752736084343475,44.5551469746063,58.185658833921345,0.1331277997910179
2018-08-29,46.098259834423246,46.98034087428844,46.06758101922357,46.8806266784668,45.860154236164746,44.64634225711064,64.1147111627617,1.917600619526256
2018-08-30,46.82694546201157,46.96501040187966,46.38974079442013,46.55081558227539,45.925931507222906,44.721027485548476,59.96980183743174,1.133115293414083
2018-08-31,46.38207509465706,46.558490768948296,46.18264664478159,46.44343566894531,45.97521761786314,44.788572904505216,58.64057819460172,0.6315514536560851
2018-09-04,46.405092311827026,46.55082625912539,45.929536813193195,46.38975143432617,46.014697028954856,44.85136421940015,57.94903383544293,-1.047074834360296
2018-09-05,46.48178011619,47.02637086655392,46.33604621171084,46.94199752807617,46.103011362204505,44.93334983934823,62.8079804862407,0.8403331733455751
2018-09-06,46.81161289600407,47.08007384938096,46.688888808337595,46.74258041381836,46.16392270045344,45.00430005795491,60.10709394096819,0.6441055459492456
2018-09-07,46.57384060043891,47.10308772508997,46.51247708837735,47.02638626098633,46.246062087170856,45.083597556113006,62.57376504639812,1.3723609352842474
2018-09-10,47.17210966170167,47.37920707962586,46.63519075515444,46.68121337890625,46.287505067336134,45.14624915700686,57.88576744280608,-0.5555454878415559
2018-09-11,46.673549804376535,46.79627389696723,46.359069134239554,46.397422790527344,46.297973421925775,45.19531478969394,54.28479887898392,-0.7384222698774623
2018-09-12,46.428095436229775,46.5124687872696,45.92953015658873,46.27469253540039,46.29575619463764,45.23764332874125,52.756316858504356,-1.5984509662600885
2018-09-13,46.5584928516945,46.757918384518334,45.65340166416577,46.62752532958984,46.32735325510928,45.292148505245116,56.54448295879563,-0.11500996960090432
2018-09-14,46.535474708293094,46.57382835623509,46.244006880547154,46.55081558227539,46.34863538150605,45.34150799846199,55.502491790419555,0.3306062762161955
2018-09-17,46.67354110028432,47.17210927931655,46.52780718187723,47.01870346069336,46.412451389047696,45.40728036952989,60.30714516867644,1.607813870883737
2018-09-18,46.926661531957215,47.2948337441452,46.888310808474166,47.156768798828125,46.48333876140774,45.47588775891414,61.62392883554046,1.135045159478859
2018-09-19,47.202801274814625,47.73972029356155,46.47412567265618,46.63520050048828,46.49780178417731,45.52135100368176,54.296001526977804,0.18127484375380284
2018-09-20,46.65820600098255,47.51727454136984,46.65053410029797,47.363868713378906,46.58028434886318,45.59360660014047,61.231993206580476,0.734102021707378
2018-09-21,47.45591612058167,48.03118584265845,47.36387378432186,47.74738693237305,46.69143697586412,45.67806857395351,64.30264951141055,1.252456749241053
2018-09-24,47.54795007411072,47.778057323018594,47.003359309662784,47.24113845825195,46.743789497996296,45.73936543216129,57.79518504385441,1.2993145762444562
2018-09-25,47.41755676269531,47.954475657461835,47.35619619167854,47.41755676269531,46.807957808920015,45.80517685688812,59.339446472213055,0.11335233116470689
2018-09-26,47.46358480356096,47.84709792560596,47.11075050754015,47.264156341552734,46.851405288218366,45.86239173863967,57.373648496841405,-1.0120566210350643
2018-09-27,47.2948384492236,47.6246599707405,47.14910451510078,47.517276763916016,46.91482161923719,45.9272891906113,59.743477276117275,0.5845293205795454
2018-09-28,47.517271101174096,47.63999516948719,47.31784266143244,47.61698532104492,46.981694352742686,45.993551783961635,60.671035640987235,0.42057957424433406
2018-10-01,47.83942163677602,48.054190955084096,47.58630452094821,47.63232421875,47.04365910188624,46.057817369639615,60.82059350135469,0.7789578947240984
2018-10-02,47.73202683613392,48.18457228565677,47.49424772673312,48.16923141479492,47.150856465020404,46.14061792043002,65.73268617561756,1.3720370679449203
2018-10-03,48.31497677350798,48.48372053090081,47.80106774961028,48.0541877746582,47.23688801831924,46.21565987549779,63.88447288789622,0.9181649167110421
2018-10-04,48.03875940511927,48.324381931227435,47.78401578582675,48.13911437988281,47.322814338468156,46.291089463905045,64.67411373775268,1.0639626964357105
2018-10-05,48.23174046334395,48.54824184579071,47.95383623587377,48.177703857421875,47.40423238789232,46.365074342082174,65.04806643781784,0.017588909721218553
2018-10-08,48.21628822363392,48.74893883326426,48.023299555164584,48.55595016479492,47.51391979521638,46.45099104101209,68.56109368443174,1.0441595485697244
2018-10-09,48.409297764811114,49.16581331802604,48.224030212271565,48.81071472167969,47.63742407392717,46.543529224567685,70.69740889032092,1.3951240076770808
2018-10-10,48.579119774333115,48.903339403369365,46.89625793705919,46.91169738769531,47.568307246667,46.557967191749164,45.744863950981866,-2.6277849884112556
2018-10-11,46.91171028976375,46.91171028976375,44.01687875674638,44.38741683959961,47.26536530313677,46.47284757009624,30.39024775499096,-8.585010304705502
2018-10-12,44.62671134098347,44.74250280266305,43.7389620775697,44.39512252807617,46.99200884836909,46.39136815668369,30.466974409543067,-9.046358404668664
2018-10-15,44.54180425408371,44.92778175551463,44.27161823621728,44.47232818603515,46.75203926148014,46.31611168724649,31.28422452521198,-5.199916731855447
2018-10-16,44.71935665072447,44.84286934195165,44.09407199495102,44.64216232299805,46.551098600672326,46.25046661413871,33.14568513036638,0.573913738479077
2018-10-17,44.71934628962421,45.76148419635044,44.51091811932413,45.468143463134766,46.44796001614494,46.21978727488365,41.452517536814646,2.41697933006041
2018-10-18,44.38740683787557,44.410564542593654,42.99788860407953,43.21403503417969,46.13996716071968,46.1019146379933,30.364358027047007,-2.829384480596141
2018-10-19,43.113681965743666,43.113681965743666,41.909434151131606,41.91715240478515,45.73779432682115,45.937806315122394,26.04735173612053,-6.104117221062721
2018-10-22,39.56269160175071,40.064463502414405,38.99144363706857,39.277069091796875,45.12248716158074,45.676600933815514,19.857885237128162,-13.616290219453468
2018-10-23,38.99915524845399,39.39285088459225,38.46650751843782,39.099510192871094,44.54887030741792,45.418675806719655,19.521899220497883,-9.5212697403847
2018-10-24,39.13810799138898,39.50092473606596,37.5710377832832,37.69455337524414,43.89607821863947,45.11576904470101,17.061970072674175,-10.073678165835922
2018-10-25,37.69455903960726,38.88336734313564,36.23556181044994,37.98789978027344,43.3333945578427,44.8362447598215,19.347161909490413,-3.282244172828782
2018-10-26,37.98789037233939,39.41600834518414,37.66367080933777,38.9296760559082,42.9139927957537,44.604614614569996,26.362072866333506,-0.4343638478465032
2018-10-29,39.50865174507216,39.531809449584664,37.98018140698765,38.38931655883789,42.483071249380764,44.360877435913835,25.017553471564938,1.8431394495578106
2018-10-30,38.38158482566632,38.74440149629314,37.88753433775246,38.6131706237793,42.11450928503777,44.1354771687713,26.68573339208192,1.6459737103722523
2018-10-31,38.9065218344118,39.4932061676586,38.68265424293622,39.01459503173828,41.8192793561521,43.934658261436674,29.705864861677888,0.21813429864693237
2018-11-01,39.12268047563349,40.32693136161031,39.09180156822454,40.24201583862305,41.6690637830541,43.78984875465967,38.10215218677253,4.82608039386581
2018-11-02,40.49675454884829,40.519915198981984,38.891089840488625,39.130393981933594,41.427285706756905,43.60712503808218,34.12650126026176,1.3394998385234214
2018-11-05,39.609000925361435,40.24200361103268,39.53952487718904,40.1648063659668,41.30704957906261,43.47213214897962,40.36241506068652,2.948156538066899
2018-11-06,40.118495270500446,40.23428673336902,38.98372067678897,39.6398811340332,41.14827163191695,43.32184779545231,38.377010851258554,-1.4962836528977592
2018-11-07,40.049021008884786,40.99852518185629,40.049021008884786,40.90589141845703,41.12518780206362,43.22710440811916,45.358083902989385,4.5373870688426505
2018-11-08,40.92132587218833,41.430815962486534,40.62026394766313,40.766937255859375,41.09106870242512,43.130627264893285,44.75873973675698,1.4991504861399931
2018-11-09,40.7592223474146,41.39222519531413,40.60483076248859,41.21467590332031,41.10284081679609,43.05549191738062,47.180619565879994,3.972753510441418
2018-11-12,41.191508194031286,41.322739095249126,40.68201814883325,40.79780960083008,41.073790224799325,42.96695535594727,45.19394752508031,-0.2642206632812452
2018-11-13,40.92904776493144,41.16063363813179,40.37323931343128,40.59710693359375,41.02839181611308,42.874020123698116,44.22833222046941,-0.41658837699713513
2018-11-14,40.8286928067941,40.8672899615318,40.35779986258137,40.59710693359375,40.98731706539695,42.78472941036069,44.22833222046941,-1.4984200559413117
2018-11-15,40.25744362213436,41.1837870176685,39.91778162864959,41.122032165527344,41.00014707493318,42.71952559683781,47.622859621127034,0.7947058135461001
2018-11-16,41.36905935643467,42.31084518906175,41.24554670172734,41.73959732055664,41.0705709078497,42.68109703698365,51.372724692159,2.814216266276575
2018-11-19,41.65468333281894,41.78591718965235,40.90588912476906,41.28414535522461,41.09091133140922,42.62631461809114,48.60875765749026,1.6923334531070762
2018-11-20,40.92132669363532,41.538892950444435,40.83641413085952,41.31502532958984,41.112255521712136,42.574891508738155,48.80985468681647,0.46931815841601165
2018-11-21,41.53116869246453,41.5929264915046,40.87500827392046,41.067996978759766,41.10804042238334,42.51579760560175,47.21808773163935,-1.609024487320853
2018-11-23,40.898174338860336,41.25327292162798,40.66658843465424,40.85957717895508,41.084377256342556,42.45084778494894,45.8592251461089,-1.0284049060877583
2018-11-26,41.21466737056176,41.27642516965613,40.4118336509785,40.705177307128906,41.048262975465065,42.38239011915208,44.82995797150158,-1.4760925779323122
2018-11-27,39.13038366793724,39.56267937093816,38.48966278209015,39.4854850769043,40.89942698512594,42.26878599984824,37.64260344310568,-3.8533944148138968
2018-11-28,39.71707658608732,40.39639766091513,39.57040328375549,40.14165115356445,40.82725785831056,42.1853689470528,42.94243614929484,-1.757056912865942
2018-11-29,40.133934663789745,40.42727539179001,39.66304172571813,40.00270080566406,40.74872861520137,42.09977411797873,42.1259396349867,-1.72576696120131
2018-11-30,39.98725489686689,41.284139094151094,39.94865774886618,41.268699645996094,40.798249665753254,42.06718296221471,51.22547218579395,4.516126788410226
2018-12-03,41.36133808544862,41.67783942408736,40.875005754690754,41.1297492980957,40.82982105930968,42.03042085773946,50.290852041007604,2.4615284028831237
2018-12-04,41.237823041805285,41.554327329414704,40.10305151468789,40.1648063659668,40.766486326610355,41.95725950512092,44.25255844202101,0.40523653912833185
2018-12-06,40.26516695233814,41.106597900390625,39.87918950726405,41.106597900390625,40.798877905065616,41.92390022650405,50.49956655947657,-0.39279586465282756
2018-12-07,41.09115614522384,41.53117017235468,40.72061817210177,40.975364685058594,40.815686169826854,41.8867027542905,49.6644134344289,-0.3753599661358922
2018-12-10,41.106602030597095,41.1374809360514,39.65532586676404,40.589393615722656,40.79413449800741,41.835827886111375,47.192425072007765,1.0571126520247056
2018-12-11,40.96764145717453,41.04483576012563,40.07989224936729,40.47359085083008,40.76360653160957,41.78240682590427,46.445471943771416,-1.539915930514239
2018-12-12,40.91360631309571,41.87854985821589,40.8827274129061,41.253265380859375,40.810240707728596,41.761656181000546,51.958801929497234,0.678214087749452
2018-12-13,41.30730266839859,41.63924348900318,41.152914054439854,41.407657623291016,40.86713755682978,41.74777388461978,52.99084319580736,2.015955240216739
2018-12-14,41.07571819353522,41.11431534833182,40.08761689582611,40.23428726196289,40.80686610017579,41.688421468045,45.06699484581981,-0.5912586055167862
2018-12-17,40.08760974107065,40.4813053613687,39.184421167203695,39.30793380737305,40.66411064371839,41.59506901076375,39.9837072750016,-4.715582040661731
2018-12-18,39.64759136042986,40.18023900968829,39.41600555400329,39.80198287963867,40.58200323761556,41.52475190758238,43.63521307973277,-3.8777241597679324
2018-12-19,40.02585706463762,40.141651467935496,38.48966859022661,38.8988037109375,40.42169852078908,41.421773546929636,38.96759857679482,-3.3192673262238794
2018-12-20,38.79072857896282,39.05319332793482,38.404751180167175,38.64405822753906,40.25239944524146,41.312843534404514,37.741311555779156,-1.6889098854375812
2018-12-21,38.76756909347964,39.663036499689824,38.312115666067434,38.45878601074219,40.08157911814629,41.20091970994717,36.83345050896442,-3.374698373591879
2018-12-24,38.18089492568372,38.35844422850685,37.63280756330258,37.640525817871094,39.849097851453415,41.061296420061836,33.05194119157387,-3.2347470179721896
2018-12-26,37.679120032012435,38.67493962298917,36.96891998702069,38.62090301513672,39.73212691466135,40.96559471790791,40.88301802829608,-0.05991920482575653
2018-12-27,38.31983999109783,38.91424560546875,37.60964291092947,38.91424560546875,39.654233456643006,40.885149654675004,43.03032361180128,1.1842796977505867
2018-12-28,39.06863973401519,39.91007073101004,38.98372421999586,39.32338333129883,39.62272392089594,40.82390391650339,45.97768813820642,4.470866112685232
2018-12-31,39.42372302860428,40.14935932639339,39.392844136415825,40.12620162963867,39.670674178871444,40.796543042508695,51.30167022070053,3.8976266658290726
2019-01-02,39.63215999165784,40.79009220456786,39.63215999165784,40.47359085083008,39.7471424333437,40.783878250678164,53.43993158586334,4.007132146851096
2019-01-03,36.5055913292015,37.05021926567295,34.46712981976279,35.10512161254883,39.30504521231561,40.561181911927996,30.87684669210912,-10.727107795408186
2019-01-04,35.696432086919295,36.99575586275208,35.6808709499174,36.48225021362305,39.03620759339251,40.401223806112114,38.09709787773232,-9.081226899194142
2019-01-07,36.59896222894708,37.921629373952705,36.069895370944835,37.66487503051758,38.905604492166326,40.29391601099076,43.55025398537806,-6.939625966631759
2019-01-08,37.95275298892582,38.03055869332984,36.56784409835989,37.338104248046875,38.75631875463114,40.17800182420865,42.43782835748098,6.360845748216509
2019-01-09,37.34587758007508,37.34587758007508,36.36554959951094,36.7078857421875,38.561229896303175,40.041918840599976,40.299789060027116,0.6184802945082517
2019-01-10,36.63008052923664,37.35365412764855,36.11657189813224,37.12802505493164,38.424734197124934,39.927648496063966,42.383772217500685,-1.4253332186844117
2019-01-11,36.95686371642755,37.36144447537601,36.64564683477976,37.338104248046875,38.32124563054607,39.82609774123977,43.44681276100948,0.0
2019-01-14,37.57927630459105,37.63373878729473,37.01909034421276,37.32252502441406,38.226129382343025,39.72791841901131,43.382887734232455,1.6744066562247473
2019-01-15,37.57150877136255,38.76968969512885,37.34587672052663,38.684104919433594,38.26974610016117,39.68698455628277,50.26966981812268,4.191119409663462
2019-01-16,38.62964017304142,39.10424150231936,38.20171631945594,38.225059509277344,38.26549023436271,39.62965416228256,48.14347402365196,2.375469454309172
2019-01-17,38.24840026945689,38.81636843004762,37.71155438374377,38.59073638916016,38.296466058629136,39.58891228882678,49.95919070517116,3.3979784698825073
2019-01-18,38.73077458384837,39.15869834319808,38.07722180445757,38.99530792236328,38.36302242660382,39.56563368622037,51.963206663253445,0.8044725438983844
2019-01-22,38.73078536582474,38.74634650394966,38.14725604206651,38.684104919433594,38.39360171163523,39.53106393066011,50.29468412768683,1.200901754109338
2019-01-23,38.925296852426726,39.21317346842374,38.59073978798546,38.87083435058594,38.439052439154345,39.50517257457877,51.30503875800192,0.7258165757740023
2019-01-24,37.929409658094336,39.29097820992337,37.579291436884375,38.13948059082031,38.41052178693206,39.451616026196085,47.25363412887604,-2.1946930980692767
2019-01-25,38.56739488801286,38.979754628524255,37.70377108069148,38.06945037841797,38.378038795645004,39.39741345177342,46.87195248565978,-1.5889072328175886
2019-01-28,37.867149600434,37.99163866634029,37.454789957558816,37.5948371887207,38.30344816641412,39.326724186555666,44.26254738658387,-3.2826595651554364
2019-01-29,37.57927605548242,37.8515914351784,37.252501161426466,37.5948371887207,38.2359614066338,39.258807049385666,44.26254738658386,-1.428030465183362
2019-01-30,37.95274720621465,38.287304264216424,37.485924922855,38.014991760253906,38.21491667840714,39.210029979223634,47.27607287965734,-0.14305070764808242
2019-01-31,38.19393894556198,38.55183621369709,37.859381900310254,38.41178894042969,38.233666417647385,39.178726409074855,50.024169157249545,2.173042398369764
2019-02-01,38.13169664881604,38.93307897501012,37.797142551764,38.81637191772461,38.289162179559504,39.16451642902191,52.729604392607776,3.249208722123138
2019-02-04,39.53994941755811,39.6021939742722,38.57518253236034,39.563289642333984,38.41050765220469,39.180154594249835,57.32287580828673,4.072861285475488
2019-02-05,39.69555855626605,39.73445992092105,38.971981895344385,39.0186653137207,38.46842742949193,39.17382168128791,53.25904862225311,1.5799221802248788
2019-02-06,38.9330720195562,39.85115827103449,38.90194974744227,39.78891372680664,38.59418802923619,39.19794293797492,57.81409771025467,2.5054938445649584
2019-02-07,39.485473301043946,39.501034434857466,38.73077463499364,38.94084548950195,38.627203025451976,39.18786068509363,51.825518003286014,-1.5732871519510756
2019-02-08,38.676322335108935,39.09646415475973,38.57517939066172,39.073123931884766,38.66967168320748,39.18336120457564,52.64938790558494,0.13957068425124328
2019-02-11,39.07311457733071,39.15091728027611,38.5751701553213,38.9797477722168,38.69920273930361,39.17537636409098,51.97368357627329,-2.033646759360237
2019-02-12,39.19759907886817,39.25206156229792,38.52070312541375,38.67631149291992,38.6970226206004,39.15580519267251,49.7396865118328,-0.6793226835646053
2019-02-13,38.78524752126813,39.82782002252185,38.67632252334341,39.664432525634766,38.78915689727034,39.1757513625926,56.323456951816,1.513338413331921
2019-02-14,39.72667046789365,39.96008156289526,39.2987466644104,39.54772186279297,38.86140117970106,39.190338441031834,55.40036035139042,1.4571004766249438
2019-02-15,40.00676891242262,40.35688709940081,39.617749364221005,40.20127868652344,38.989008561303194,39.22998315654131,59.41192507531117,3.9428971759178117
2019-02-19,40.20904757028491,40.47358089514136,39.8822697134704,39.96007537841797,39.08149111531412,39.25861422406589,57.36130106976828,0.7453600970898343
2019-02-20,39.95230391616522,40.37244571428093,39.48548167469228,39.91340255737305,39.16072077646259,39.28429219792107,56.951677996029424,0.9246567876874735
2019-02-21,39.74224298270286,41.080468362278815,38.971982883867256,39.00310516357422,39.14570976571132,39.27326525539766,49.52352412441558,-2.9804363495305415
2019-02-22,39.24429070393918,39.71111593959547,39.00310048510117,39.664432525634766,39.195111933323076,39.28860514834814,54.19745077822819,-0.7398455833315991
2019-02-25,39.7966961983527,39.7966961983527,39.34543215189332,39.407676696777344,39.2153561965092,39.29327462083556,52.177393202287824,-1.2670577505106297
2019-02-26,39.36877963753399,39.571071477755694,38.971980978612656,39.02644348144531,39.197364509360256,39.282810654584964,49.24257791453885,0.059837076492283675
2019-02-27,38.90195554140931,39.788919652876054,38.86305417946463,39.64887237548828,39.240365258515304,39.29716601618902,53.81056379181075,-0.03922947879420181
2019-02-28,40.34910893522761,40.94041735607658,39.7422393759374,40.19350051879883,39.331140045208976,39.33231638884038,57.42142914390841,1.9940881774584467
2019-03-01,40.201271435596816,41.45391462974967,40.07678532134465,41.40723419189453,39.52886329727426,39.41368571445035,64.1479517988854,6.100455224881404
2019-03-04,41.39167805299245,41.44614054905298,40.854829208990886,41.27497100830078,39.69515926975298,39.48667729460135,62.98032334588344,4.101248119777011
2019-03-05,41.344995766085866,42.30976552022583,41.17382622067792,41.85850143432617,39.901191856855185,39.57969000596311,65.92705609955179,4.14246306998966
2019-03-06,41.86628348113992,42.01410983616347,40.96375827745279,41.15048599243164,40.02017225071961,39.64128984856972,59.71603504994967,-0.6200563850100114
2019-03-07,41.00265041230031,41.09601424878399,39.85115320239219,40.0767822265625,40.025563676990366,39.65836798104002,51.75327569128828,-2.9029427579666
2019-03-08,39.75002161063048,39.998993909449574,39.18205336845042,39.98343276977539,40.021551209636556,39.67111561981396,51.11510930836083,-4.479540834715899
2019-03-11,39.983433278672145,40.10791942966611,39.32210115801367,39.602195739746094,39.98161259345651,39.668412879419144,48.48558789846537,-3.762507818183015
2019-03-12,39.609960993024885,39.75000823498353,39.17425813271099,39.197601318359375,39.90694485297107,39.649949680946214,45.79319838111853,-2.1937412620427708
2019-03-13,39.30653238404713,39.70333098577941,39.14314489909757,39.65665054321289,39.88310729966077,39.650212459858636,49.237433925197706,-0.8172940738833309
2019-03-14,39.679995831282874,39.86672652934294,37.96053005757672,38.81637191772461,39.78151345376209,39.617512830755345,43.756771271434545,-1.9842935659065115
2019-03-15,38.80859276333236,38.97198026885472,37.99943135314961,38.87083435058594,39.69478211060245,39.5882313217291,44.190387048282986,-0.8336402146638151
2019-03-18,38.90194330744807,38.98752805760169,38.61406975800812,38.79301834106445,39.60889984683693,39.55704649895794,43.6723061749848,-2.1777739428784044
2019-03-19,38.909732286696965,38.987537973891,38.48959344778315,38.59073638916016,39.51193189848676,39.51915198484822,42.28451546741889,-0.5812895884311504
2019-03-20,38.66854539318089,38.66854539318089,37.7737992055946,38.27174377441406,39.39381874381317,39.47023401581159,40.119402875387,-1.541234157128002
2019-03-21,38.225058849994056,38.30286156676764,37.91384204693293,38.061668395996094,39.266947282116305,39.41499614836785,38.71354543659116,-1.8852617722044767
2019-03-22,37.952743172851086,38.170596120852835,37.46258071780974,37.470359802246094,39.095843712604854,39.33873589950033,34.996211512236485,-2.9032267630652795
2019-03-25,37.46259488885492,37.50149626171873,36.87128333658085,36.94908905029297,38.89139088762277,39.245024258354945,32.07249521875415,-3.455956258270449
2019-03-26,37.236950385314046,37.68821150280786,37.18248788782313,37.610408782958984,38.7693925919405,39.18092169069236,39.031577345544115,-1.1856012414962338
2019-03-27,37.54816079153166,38.20171366951027,37.31474968539285,37.3303108215332,38.632337185235045,39.10834871543121,37.289083858744895,-0.3737593699447093
2019-03-28,37.56372974760993,37.742678398502285,37.17471016706556,37.22139358520508,38.49796160427981,39.03435047503019,36.60475645570738,0.7369722553686348
2019-03-29,36.36554719781712,37.5792862395009,36.19437765379157,37.120243072509766,38.366750315539804,38.95928743963723,35.9450101202235,-1.303271424880948
2019-04-01,37.38477223506579,37.42367359030231,36.373322159000374,36.63785552978515,38.20209366927745,38.86825089415284,32.89961941481375,-1.8549411363288884
2019-04-02,36.66120572910009,36.910178031967895,36.32664864062448,36.33443069458008,38.02422100502056,38.76888539613038,31.113956916509245,-2.3829384265116658
2019-04-03,36.6300766208736,36.93351134834409,36.05432646948057,36.47446823120117,37.87662550275204,38.678908252407666,32.923451276737694,-1.7396837624342953
2019-04-04,36.60790831476258,36.68640048174879,36.23900261535245,36.63145446777344,37.75803778513503,38.5986159471279,34.98521974287532,-0.01747116996656049
2019-04-05,36.7962845379958,36.96896130771795,36.505868027055655,36.607906341552734,37.64850145717481,38.52054890377201,34.81236465456313,0.7526625345294042
2019-04-08,36.65500170843065,36.804132326692745,36.52156652857943,36.725643157958984,37.56061019058283,38.450160443151894,36.5016409245246,0.6886321828345429
2019-04-09,36.576509890797595,36.631452908263846,36.01138128340618,36.08987045288086,37.42053973937312,38.35760005137656,31.721282453692098,-1.4784671336734316
2019-04-10,36.08987134084927,36.35673871546711,35.87794698504952,36.019229888916016,37.287081658377204,38.26589926069183,31.231861111987765,-1.6080582351373822
2019-04-11,36.1919031116717,36.364582850529686,35.65816845899195,36.17620468139648,37.181283851045706,38.18395045366064,33.6805495369898,-1.4960622315022296
2019-04-12,36.42738184184648,36.43522956167981,35.63463039519536,35.768062591552734,37.046691350141614,38.08920975318583,30.626923942361223,-0.8916847228595048
2019-04-15,35.972128637912384,36.662841558187914,35.8308457691812,36.49801254272461,36.99443622562571,38.026809862579505,40.94016625187243,1.3292417835838481
2019-04-16,36.76488226576524,36.80412684428617,36.08986473619517,36.12126159667969,36.911276737154665,37.95208247960304,37.815390802993264,-0.15187630985802145
2019-04-17,36.2390028593303,36.262552006669715,35.658175790572045,35.94858932495117,36.81959222170671,37.873514120597086,36.44251732443731,0.504714877794561
2019-04-18,36.14481113219806,36.207604859051685,35.344209079832495,35.72881317138672,36.715708502628615,37.78940820102021,34.71500254094944,-2.107510293711103
2019-04-22,35.58753381942011,35.83085504392238,35.242177269887534,35.5090446472168,36.600788135446535,37.69998217930243,33.0289253476706,-1.694893595630022
2019-04-23,35.58753681350167,35.744518165285584,35.281424824316666,35.57183837890625,36.502792920537935,37.616525559679054,34.0150697170113,-1.0480270662065363
2019-04-24,35.72097145090934,35.75236832224006,35.014559810990825,35.02240753173828,36.36180383589035,37.51479544093628,29.870519246117272,-1.9771315555876334
2019-04-25,35.35990482609363,35.9093379176567,34.95960532739694,35.822998046875,36.310488998841265,37.44845044509074,41.12703668777597,0.8841505108834598
2019-04-26,36.16836350642508,36.22330652524317,35.52473972538326,36.019229888916016,36.28275003599124,37.392402580142715,43.52003064054629,1.2577126468534288
2019-04-29,35.932890328757686,36.71779402659281,35.92504260921413,36.35673904418945,36.2897966082006,37.351788323830824,47.474571522220415,3.8099365705854558
2019-04-30,36.482314033865414,36.560806179749825,36.10556071612786,36.44306945800781,36.30439402246795,37.31615228987698,48.46846006905704,1.730931091589371
2019-05-01,36.35673348215963,39.09604828596533,35.9878278424797,36.56081008911133,36.32881460024351,37.28653102710186,49.861884150008144,1.5035862839531995
2019-05-02,36.71778014122947,36.94540284612361,36.50585586365584,36.79627227783203,36.37333437906147,37.267305193797164,52.6210338934209,1.2089457008461393
2019-05-03,37.1808881775558,38.303300730637446,37.10239900364704,38.162017822265625,36.54368518317615,37.30239196354103,64.74118995006928,4.716804566197427
2019-05-06,37.510542283495816,37.832352627039505,37.35356097085194,37.75386047363281,36.658939972743454,37.320096610995606,59.8164240616315,3.2631946108787204
2019-05-07,37.479138728305024,37.61257087401097,36.835518156169215,37.063140869140625,36.697435296209854,37.31001991523659,52.5335837563465,0.7252598559266807
2019-05-08,36.9611094658714,37.4242026948801,36.74133742300949,37.243675231933594,36.74945814723116,37.3074181629502,54.10639040228401,-2.4064309036515996
2019-05-09,37.02390003860915,37.188732064229285,36.70208969399005,37.07099533081055,36.78008073614348,37.29814667933688,52.32060906288951,-1.8087293173612713
2019-05-10,36.81198616381656,37.14164429347594,36.286099107331694,36.89832305908203,36.791341909756675,37.28246732167983,50.52484129776348,-0.44469466481677417
2019-05-13,36.38028480073134,36.56866300359472,35.97213751717226,36.02708053588867,36.71855511224543,37.23323646733508,42.58309901610643,-3.2665806703248914
2019-05-14,36.176214097944346,36.450929213844546,36.01138502840423,36.03493118286133,36.65344807135171,37.186244103238074,42.67054496862865,-2.794810710377993
2019-05-15,35.80730884624286,36.69425093721048,35.736667387773394,36.60006332397461,36.64836380969675,37.16325662169833,48.724499010173545,-0.8083287000058101
2019-05-16,36.65499920839618,37.5497888452798,36.623602345376135,36.984657287597656,36.68039175997303,37.1562527262434,52.407776514321554,2.657936023306375
2019-05-17,36.647143525429975,37.070992136208766,36.56865437269431,36.772727966308594,36.68918568438594,37.14121253957929,50.26506338900583,2.047448848183651
2019-05-20,36.40383141210671,36.560812737864936,36.1840563583773,36.3488883972168,36.65677641894126,37.11014100458468,46.197090452186295,-0.6862691043304348
2019-05-21,36.53726175067535,37.25152390240273,36.48231873855552,37.22797775268555,36.71117654596453,37.114762053529816,54.43407444585549,0.6578956868406216
2019-05-22,37.251534556360525,37.53410041045911,36.945422545810544,37.471309661865234,36.78357017605031,37.128744312680226,56.422789722141204,1.8997276900334552
2019-05-23,37.29077127894103,37.39280959231444,36.80413185189597,37.12594223022461,36.81617703835263,37.12863442709373,52.89415199569319,2.137765052169548
2019-05-24,37.20443004394967,37.314316063584656,36.717787679609785,36.741336822509766,36.80904939874855,37.113446285737496,49.203783726125586,-1.307191417725278
2019-05-28,36.93756673877205,37.070998921679944,35.99568176269531,35.99568176269531,36.731585814362525,37.069612382873096,42.947616091432565,-3.938020614933768
2019-05-29,35.79946214274764,35.83085901277468,35.21078430350712,35.618934631347656,36.625619035027775,37.012723059283864,40.168586961369385,-4.059176705958678
2019-05-30,35.60322899663908,36.0820206881339,35.60322899663908,36.01137924194336,36.56712000711497,36.97345467429012,44.21773173873324,-1.9867474721801468
2019-05-31,35.760209958856215,35.91718828731746,35.37560586811892,35.61107635498047,36.47606823072121,36.920028073532876,41.15800004472846,-1.0684765196291839
2019-06-03,35.52473898331261,36.49802085693222,35.37560836308867,36.19975662231445,36.44975283944438,36.89178213426941,46.96949767534599,1.6306551472643562
2019-06-04,36.4823265618021,36.76489239567994,36.44308197246801,36.60006332397461,36.46406812368535,36.88034218092452,50.54631963366776,1.634716843462621
2019-06-05,36.788438550446344,36.90617531261886,36.537269585703875,36.60006332397461,36.47702004752242,36.869350853201,50.54631963366776,2.7771892069075963
2019-06-06,36.7491848882559,36.78842946790106,36.1997517907152,36.22330093383789,36.45285632240961,36.84401556224558,47.080122821524476,0.0650399718679992
2019-06-07,36.513713114799366,36.85122187722339,36.48231625453448,36.69424057006836,36.47584529837711,36.83814203314059,51.55230213395696,0.25731443484159183
2019-06-10,36.67854246277152,36.86692063184949,36.03492179252337,36.11341094970703,36.44132774136091,36.809721206339276,46.34975505104932,-1.3296489953032402
2019-06-11,36.26254906897103,36.90616981960006,36.13696460529146,36.78843307495117,36.47438539217903,36.80888637765739,52.366165220884575,1.5601342962793452
2019-06-12,36.88262233796187,37.40850632497308,36.81198089255457,37.38496017456055,36.56110680002489,36.83147750694771,56.95961266724938,1.882365171649336
2019-06-13,37.306476349213206,37.47130842142781,36.86693214109522,37.14949798583984,36.61714405581679,36.843948898276814,54.716668143048764,2.8689813808385516
2019-06-14,37.14948961729494,37.69891975367408,37.0474513087518,37.33001708984375,36.68503672572412,36.86301039598532,56.1425436867244,1.4721584194390072
2019-06-17,37.51054803390368,38.0442827822133,37.40066199645817,37.840206146240234,36.795052861011364,36.901331797956104,59.97814221647526,1.2177249074334178
2019-06-18,37.89514105731905,38.209103663565514,37.4477462896279,37.51054000854492,36.8631944941098,36.92522231601841,56.53739040186804,0.9718624538148606
2019-06-19,37.73817674219709,38.20126711716842,37.44776017576942,38.1541748046875,36.9861449998791,36.97341653126034,61.21548078469293,2.2077614185394405
2019-06-20,38.46027557267275,38.89197194455251,38.177709803683946,38.37393569946289,37.11831554269661,37.02833885158201,62.69203681693015,1.4104826785561448
2019-06-21,38.3189883430482,38.7663830951589,37.824498303389824,38.72713851928711,37.27153677856237,37.09495844639398,64.99845057835148,3.243351096691878
2019-06-24,37.063145143835776,37.23582188206694,35.76805313917086,35.854393005371094,37.136570704925106,37.04630882125583,42.16588964627083,-6.027601988744525
2019-06-25,35.95644188204311,36.54511969481557,35.83085740175179,35.925045013427734,37.02118730573488,37.00233769153708,42.69901063375111,-6.381651090506812
2019-06-26,35.99567715645546,36.08986474375934,34.95960471360453,35.25786590576172,36.85325193430886,36.93392703327138,39.039303034192365,-8.95824671321276
2019-06-27,35.28141330392459,35.76805264079982,35.28141330392459,35.399147033691406,36.71476575329767,36.87373958230746,40.20798980735279,-1.269707652313317
2019-06-28,35.618935655409445,35.6346340908743,35.25787762805855,35.59538650512695,36.60815820585284,36.82360808908469,41.87485004529563,-0.9176286576052014
2019-07-01,35.877943404097394,36.333188936489485,35.650320637901345,36.246849060058594,36.57374781101529,36.80099008794642,47.14286972957278,2.80500004435963
2019-07-02,36.4666215451426,36.63930130004883,36.24684948920355,36.63930130004883,36.57999100044705,36.79464935116612,50.078191082137884,3.5033450528542276
2019-07-03,36.813508584283866,36.90061049512201,36.60762365142774,36.86893844604492,36.60750980478971,36.797562649004504,51.76608293631638,3.5778567560561076
2019-07-05,36.84519483815593,36.95605460441741,36.322568068136064,36.33840560913086,36.581880833774576,36.77955649057809,47.749319097097576,0.25259174644549814
2019-07-08,36.20378534963579,36.29089030106115,35.87120308243909,36.243377685546875,36.54964243870527,36.758529870772946,47.0451619102885,-1.0805981567705973
2019-07-09,36.30672491734088,36.718491857476614,36.18794790928544,36.45718002319336,36.5408364943708,36.7467122296914,48.87202872436371,-1.116816594690248
2019-07-10,36.45716421363329,36.53634885133203,36.22752453532654,36.39381408691406,36.5268343603273,36.73287308683739,48.339756515752,0.15247911088669358
2019-07-11,36.33048196882689,36.33839922758286,34.97640114823796,35.261470794677734,36.40632354455115,36.67517103616446,39.96359709732856,-2.709203594069835
2019-07-12,35.29314479309796,35.35649494401694,34.691333462874915,35.05558776855469,36.2776820420753,36.61165796684643,38.65217783174063,-3.8444889422248396
2019-07-15,35.06349303202557,35.29313271949612,34.88136594149044,34.992225646972656,36.155257623494094,36.54815081704746,38.23631806652533,-3.8511721706172266
2019-07-16,34.96056689826752,35.24563352618727,34.90513702444689,35.198123931884766,36.064102033817015,36.495208586256766,40.47742384965764,-0.17964895214334095
2019-07-17,35.213964801774004,35.27731194040441,34.88930278695083,34.944732666015625,35.95749542735974,36.43440560899241,38.62018759457513,-0.316226626325464
2019-07-18,34.99223026454485,35.00015054209612,34.469603712091185,34.881370544433594,35.85500734327154,36.37350227312736,38.148821685474516,-0.31679923322811876
2019-07-19,34.928893892769345,34.99224102916283,34.255812066790405,34.31124496459961,35.70798235482659,36.29262943749882,34.11418618316245,-2.5196768128933233
2019-07-22,34.366677433245,34.45377937476654,33.82821314013779,33.86780548095703,35.53272741445806,36.19753830194816,31.338032992723424,-3.081801184033451
2019-07-23,33.89946750034929,34.10534940570375,33.63815271436393,34.08951187133789,35.39527831511328,36.11487059878697,34.220265822608724,-2.2701478202727006
2019-07-24,34.018249634065924,34.29540199643226,33.796530160733866,34.232051849365234,35.2844948421849,36.04103456939789,36.07809462430775,-0.2308080494196056
2019-07-25,33.97074651439674,36.14043811275144,33.9073963552643,35.95039367675781,35.34791377881089,36.037480024588476,53.227865574346374,6.149167819484983
2019-07-26,36.40965466763203,36.512597121821294,35.04765703611443,35.92662048339844,35.40302870305732,36.03313259160063,53.015942744232845,5.3890728004385675
2019-07-29,35.63363853713292,36.03748511144533,35.56237113923061,35.94246292114258,35.454403390494015,36.02957691824934,53.14980841998443,4.99651928345937
2019-07-30,35.67323013101856,35.89495259809949,35.22187096048728,35.285221099853516,35.4382907913854,36.000386493998526,47.148150434517305,-1.8502511624353524
2019-07-31,35.13477542233697,35.67323966810243,34.84178850119161,35.16645050048828,35.412401239871386,35.967683121704006,46.13432735578267,-2.1158961591208616
2019-08-01,35.27730193485305,36.0295682497013,35.16644220816613,35.79201126098633,35.44855457521567,35.960794029126845,51.98997191560536,-0.41859029106140977
2019-08-02,35.83160293672787,36.449251700283625,35.720743212058984,36.417579650878906,35.54084267765978,35.97870719076418,57.02154099271811,3.209158156671127
2019-08-05,35.83952601326716,36.346318155144225,35.55445939813195,35.93455123901367,35.57833873112206,35.97697558481318,52.45061074983084,2.184186142171857
2019-08-06,36.172113563132115,36.18795110307758,35.633649287793745,36.180030822753906,35.635642739848905,35.984938535320666,54.44904786893419,1.0840954394494269
2019-08-07,35.839519271369824,36.78975020517358,35.696987500965086,36.61554336547851,35.72896660895648,36.00966813650333,57.834904794134665,0.5435938261065205
2019-08-08,36.766003377145225,37.51034954248957,36.631385813853335,37.44700241088867,35.89258906628336,36.06603418647923,63.424566268265835,4.2089051337114
2019-08-09,37.44699792214927,37.882519594567505,37.2965428388167,37.47075271606445,36.04289036626251,36.12112118763943,63.57311449689007,3.5674980478424625
2019-08-12,37.21736163848102,37.38365125274844,36.59179249448289,36.829349517822266,36.11779123783963,36.1488948476466,56.85713205424623,0.5839218339863164
2019-08-13,36.77392316590595,37.18569012209702,36.544286399764296,36.81351852416992,36.1840509793949,36.17495852123575,56.6979240279632,-1.6916811652046904
2019-08-14,37.13025774093779,37.1936078933258,36.061249595353246,36.14043426513672,36.17989700660841,36.17360462883971,50.254707830532226,-3.5502848341698794
2019-08-15,36.29088539325459,36.480929788207774,35.88703576775199,36.227535247802734,36.18443398196025,36.175719555073556,51.03024353089373,-1.6340616326343327
2019-08-16,36.40173937241692,37.26486533319087,36.25128431110449,37.201515197753906,36.28129885965488,36.21594683517867,58.7707126456109,1.0539516165216456
2019-08-19,37.2807150828742,37.882526463218134,37.23320246572795,37.58161926269531,36.40513889803969,36.26950261664991,61.33903320795668,3.987735695109921
2019-08-20,37.58952741958296,37.85083917785748,37.40740031031267,37.71622467041016,36.53000420969402,36.326236814836584,62.23618098503727,4.109276031130825
2019-08-21,38.00921069306669,38.01712794951944,37.56576881419533,37.82708358764648,36.65353557902283,36.38509355102521,62.99775506904767,1.6815669645905729
2019-08-22,37.96962097242345,38.19134041670885,37.589529201919525,37.89835357666016,36.77208967403591,36.44443708144227,63.50727744058931,0.8427904922107793
2019-08-23,37.827099503989025,38.16759906804097,36.65514871032029,36.884788513183594,36.78282289681188,36.461705765039966,52.44659117778654,-2.204452233732883
2019-08-26,38.34179536046596,38.86442498266173,37.78749670789669,38.09632110595703,36.907917964349515,36.52580832742887,61.15537753481362,0.7117585940420774
2019-08-27,38.27054499375498,38.38140476486296,37.80334808644122,37.953800201416016,37.007525796451084,36.5818080087617,59.768692312029586,0.1463035185517908
2019-08-28,37.77166518798436,38.547686445881034,37.53410815323258,38.5318489074707,37.152699426072,36.658280200867935,63.39416091866979,4.465419108200679
2019-08-29,38.76148665591759,38.911938731893834,37.8270930834934,38.2230224609375,37.25463495320204,36.71964264243929,60.269298708348344,0.33258160185093766
2019-08-30,38.32596249691968,38.47641456328627,37.850845461912506,38.06464767456055,37.331779021902854,36.772387937816596,58.67206227193651,0.29205895735414567
2019-09-03,37.9221135386539,38.1359157550936,37.42324170029462,38.0408935546875,37.39931373931091,36.82213325612526,58.42197769420696,-1.2741546712751042
2019-09-04,38.34971770592245,38.34971770592245,37.637043656059454,38.10424041748047,37.4664496134223,36.87241196833527,58.924790345997536,-0.3107604679311325
2019-09-05,38.246773452300154,38.46849593568962,37.953786587933266,38.413063049316406,37.55660327398364,36.93282965778551,61.376997168832844,0.9153253636673304
2019-09-06,38.34179946174987,38.64270663440379,38.14383477302783,38.2230224609375,37.62007176797925,36.98342545398755,59.04110021960806,0.4787713674185174
2019-09-09,38.32597126897563,38.36556360911282,37.6053798039518,38.08049392700195,37.66392149740998,37.02644774704694,57.28036538273012,-0.06231981065189225
2019-09-10,37.81124546955615,38.611021269751575,37.62911836695126,38.45265197753906,37.739038685993705,37.0823773247133,60.58561703279523,0.103061107550393
2019-09-11,38.61103214780263,39.23660129866844,38.4922551451797,38.99112701416016,37.85828519343813,37.15723025371122,64.82614393743133,2.0095337934294375
2019-09-12,39.165327205197514,39.63252391880351,38.967362547240754,39.28410720825195,37.99407776627754,37.24063719310497,66.91203905100956,3.160708166121099
2019-09-13,39.55333402673772,39.87007562510896,39.030707519759645,39.14156723022461,38.10336247712964,37.31518346907045,64.89566418729308,1.7915936021472734
2019-09-16,39.18908201022339,39.387046652985134,38.96735955625374,39.17324447631836,38.2052560008619,37.38804860660958,65.14702770514594,0.4670741168678134
2019-09-17,39.18908596591807,39.67211720562465,39.07822321739254,39.38705062866211,38.3178078701762,37.466440842768506,66.87129053560908,0.262048517138076
2019-09-18,39.38706395716445,39.5771084061168,39.13366632405789,39.482086181640625,38.4286915188871,37.545485758018394,67.63768751384056,0.869967595863334
2019-09-19,39.50583021254436,40.01261929919304,39.32370307332381,39.64836502075195,38.54485090001708,37.627951611458926,68.9894318236996,1.212870036130965
2019-09-20,39.64836311742589,40.2739321877841,39.585015994986406,40.04429244995117,38.68765485715366,37.72271007571352,71.98955010282566,1.6686748837466523
2019-09-23,40.155155593426,40.4323079621757,39.96511118925037,40.00470352172851,38.813088063303645,37.812200014772934,71.24731753052443,1.3236821825562584
2019-09-24,40.218508691629395,40.31353090068627,39.4028920833948,39.60085678100586,38.88811365546576,37.88234341737031,63.99848953154456,-0.11982395672867706
2019-09-25,39.600862121185294,39.77507204519974,39.347467515728994,39.46624755859375,38.943174027192235,37.94445730526142,61.74355556295753,-1.4435138093147322
2019-09-26,39.600855404392966,39.7275526856317,39.10198655866002,39.569183349609375,39.00279396266053,38.0081720520986,62.82231044836693,-1.0886724154388028
2019-09-27,39.60085443234505,40.044296416146565,39.57709963666509,39.767147064208984,39.07558949614134,38.07715146433822,64.8737281601517,0.4199158723325512
2019-09-30,40.00470311172923,40.725294429971115,39.84633076273843,40.155155181884766,39.178405275735955,38.158641806202795,68.53807743706157,1.745561501047764
2019-10-01,40.45606370508888,40.73321305962865,39.870086900302965,40.10764694213867,39.26690448206002,38.23507338016107,67.6080916878457,1.3608155310453547
2019-10-02,39.83048355622259,39.885913411807614,38.57142836949047,38.96735763549805,39.23837621095888,38.263790409782125,50.05293470303023,-2.0111813085801162
2019-10-03,38.99931485284933,39.56625747680664,38.76774570917752,39.56625747680664,39.26960299818248,38.31486754966544,56.44919406738605,-1.4665556699026157
2019-10-04,39.630127784980715,40.58035540185511,39.54229102997692,40.52445983886719,39.38911317348578,38.40151822767336,64.32162528549448,1.0392354787849585
2019-10-07,40.44462329387798,41.11537331786088,40.37275711109121,40.62828063964844,39.50712912264413,38.48884224382925,65.05862029789868,4.262344446566583
2019-10-08,40.388716733299695,40.87580623302319,39.893637365979565,40.213043212890625,39.57435903600094,38.556457968106166,59.743119562287504,1.634690206581009
2019-10-09,40.4206548292177,40.79595624194424,40.181101967382006,40.58834457397461,39.67092908723653,38.63613979578728,62.708734667727775,0.15764487759106352
2019-10-10,40.53244935412285,40.71610971118465,40.24498772350821,40.54841995239258,39.75449964582282,38.711131174477686,62.183929405108366,-0.1965642798527012
2019-10-11,40.99558695103376,41.506633903682015,40.89976640893224,41.211185455322266,39.89323162767991,38.80917251882453,67.1054357718735,2.4821355527543805
2019-10-14,41.13133662628239,41.259098377369654,40.947679299474466,41.1712646484375,40.014949058228254,38.90180358273092,66.543673559324,1.4361760268406243
2019-10-15,41.235136931516145,41.63439271597479,41.09939142691855,41.38685607910156,40.14560686974,38.99925662180428,68.09693341900916,2.0677405622546634
2019-10-16,41.48268330867102,41.578503859501616,40.955665709982185,41.1313362121582,40.23948585473221,39.08286758613188,64.2874182049532,-0.19375623943317136
2019-10-17,41.60245913040087,42.12149296354978,41.450743001149554,41.85798263549805,40.39362840528133,39.1916956272835,69.51100091424559,1.6679545623007932
2019-10-18,41.881938506403536,42.456864848528866,41.82604293211469,42.34507369995117,40.57948033810703,39.31535751248616,72.42284667627713,2.31527038202224
2019-10-21,42.440894729510205,42.61656521833444,41.969772741786734,42.48081970214844,40.76056027753955,39.439493284629776,73.19127425047142,3.280913323674941
2019-10-22,44.70867182850898,45.81061579131897,43.415080669606155,43.45500564575195,41.0171741221312,39.59696435761496,77.94163255088407,3.815336788112517
2019-10-23,43.44702093045185,43.77441060150407,43.015823886798565,43.7344856262207,41.27596569394925,39.75922009363871,79.08653808473294,3.2811654458665718
2019-10-24,43.79835088774495,43.89417445289551,43.007826274768824,43.41506576538086,41.479689510276074,39.902586590569776,74.3375567164732,2.1992185409387783
2019-10-25,43.51889062663376,44.11777444259661,43.43904066960429,43.90217590332031,41.71040250008981,40.059433230285485,76.64111857080847,1.0290419962517565
2019-10-28,43.80634247954504,44.66074956235565,43.68656453309956,44.38925552368164,41.96553135947951,40.22923018296769,78.70003292617142,1.4971478184446163
2019-10-29,44.41321535547731,44.81247116461413,44.181649301198824,44.53299331665039,42.21005154587674,40.398005207817995,79.28042669809098,2.5749760631733647
2019-10-30,44.908297720055785,45.45128285397505,44.58889183320418,45.41135787963867,42.514937863377874,40.594607273379594,82.43093715267806,3.437601770904982
2019-10-31,45.08396250342383,46.48934457218801,44.964187595592264,45.81060791015625,42.82881120116629,40.799156317959074,83.64803345485547,3.2020189789313287
2019-11-01,46.30569912655648,46.68099758909905,45.587037311337646,45.6429328918457,43.09682279075481,40.98910834046443,81.10681624201769,2.4923983153414446
2019-11-04,45.59500621564808,45.70680038627746,45.13985489650739,45.227691650390625,43.299762682148696,41.155327293794876,75.02790665292768,-0.4044499830523638
2019-11-05,45.267625247755355,45.41135759131798,44.692698919585126,45.028072357177734,43.46436360358003,41.30719964922166,72.22541025057713,-1.7081972684432045
2019-11-06,45.20374510169126,45.62695530245502,44.82844365055044,45.48322296142578,43.656635923374864,41.470965269308095,74.55884839888607,-0.3499116299085476
2019-11-07,45.53911438188156,46.0102363353995,45.43531006977486,45.97829818725586,43.87774661517305,41.647723422953106,76.83824959633316,1.6596171714165993
2019-11-08,46.00225361640089,46.361584444468875,45.74673014890366,46.32964324951172,44.111260580348166,41.83132812203384,78.32260673759549,2.890576531923216
2019-11-11,46.20986727796942,46.55322752331947,45.874493854742006,46.43345260620117,44.3324217256675,42.011803592001186,78.75581275277575,2.08918713957733
2019-11-12,46.51330041678786,47.112184113141346,46.40949305651752,46.625091552734375,44.550771233007204,42.19271684536327,79.56759377589069,1.4067362015973703
2019-11-13,46.505315398410914,47.25591518119453,46.23382134147558,46.94449615478515,44.77874503508129,42.379061132007266,80.87904016322699,1.3271263539891611
2019-11-14,46.800769743167834,46.992410839297534,46.249794738114275,46.720916748046875,44.963713769649445,42.549329979695095,77.14635179322431,0.6190884496220133
2019-11-15,46.74486888375412,46.94449677986231,46.63307774930632,46.784793853759766,45.13714996813614,42.71542660220744,77.46632664999267,0.34252436983370327
2019-11-18,46.46539659601219,46.73689070677936,45.746737864744176,46.034202575683594,45.222583549807325,42.84557467959866,65.80695654472012,-1.939084778117844
2019-11-19,46.18590985927005,46.19389363478627,44.92426010211132,45.09993362426758,45.21090260451783,42.93398091272294,54.7592378690032,-3.469501963158847
2019-11-20,44.844412773524205,45.11590684808153,44.157692288109786,45.04404067993164,45.19501099265248,43.01672835457426,54.17329428673612,-3.7207670066248095
2019-11-21,45.61897490732393,45.88248218802094,45.083970476933565,45.395389556884766,45.214094665436505,43.11000918603742,57.268654790288295,-1.38769215725758
2019-11-22,45.235695556509384,45.61099403837647,44.652779250772085,45.07599258422851,45.20094208627384,43.18710657420178,53.71661252716042,-0.053084424111407784
2019-11-25,45.45128938747012,45.595021752606435,44.668748202883904,44.8524055480957,45.167748130256875,43.252412416315266,51.31709612719002,-0.4254394786596404
2019-11-26,44.980153961921694,45.43530527024825,44.78052608823182,45.299556732177734,45.18030133043981,43.33269258556478,55.58968772061617,-0.211106955227124
2019-11-27,45.4672414388235,46.193886745628454,45.43530329544179,45.994258880615234,45.257821097123184,43.43706773439029,61.27592409508662,2.037151582787364
2019-11-29,45.69881609212262,45.81060722285349,45.395380847224665,45.467247009277344,45.277766422090245,43.51668260791527,55.47321428117044,1.370810447440416
2019-12-02,45.7866642351899,46.3935318297966,45.738752433215446,45.842559814453125,45.33155626898195,43.60789347875989,58.48810263703847,1.198694030243519
2019-12-03,45.515164263836745,46.16195979996436,45.25964077832268,46.11404800415039,45.406079291378944,43.70617404838305,60.567995598576694,0.2604436432948866
2019-12-04,46.17792248001158,47.09620889671059,45.95433718396686,47.03232955932617,45.56096026927868,43.83661151940043,66.65387542542159,3.442219736175101
2019-12-05,47.00039181579879,47.6471842423869,46.952480024685634,47.49546813964844,45.7451991140758,43.98009609274349,69.23303908519662,3.6056196073810605
2019-12-06,47.81487393420353,48.59741491168789,47.76696214314452,47.87076950073242,45.94763438899548,44.13267152050776,71.17842222288206,3.809514828158052
2019-12-09,48.38181695300001,49.17234476072601,48.2301008487649,48.93278884887695,46.2319348137461,44.32091141573793,75.83479735857806,4.040750920393085
2019-12-10,48.733158875568904,49.80316447339803,48.65330893907651,49.57958221435547,46.550758375708895,44.52713379999744,78.15005038512075,4.388027229417383
2019-12-11,50.20242432209476,50.290261087012496,49.47577887515718,49.83510971069336,46.86355374094551,44.73528971806395,79.00583295047159,4.103423091895114
2019-12-12,49.84309706845932,51.28042051389517,49.84309706845932,51.05683517456055,47.26291387748028,44.983193461455976,82.52912281696267,4.340742425786226
2019-12-13,51.13668733353397,51.70362987992251,50.937059418939675,50.96101379394531,47.61511386952457,45.21761778822027,81.375622988728,2.786291287444247
2019-12-16,50.38608044108026,51.32033754539022,50.31421427566565,50.70548629760742,47.90943505315151,45.432828318000155,78.2353094683313,1.7465128339575053
2019-12-17,50.94504906693626,51.54393592582428,50.73743735210514,51.192588806152344,48.22211636296112,45.65870127831985,79.83298203322092,0.26588728253065935
2019-12-18,51.00094028635033,51.32832995419075,50.282281600058845,50.4260139465332,48.432011370920364,45.845654716289005,70.99990644260224,-1.049821829634937
2019-12-19,50.44996123848178,50.67354350334593,50.09861724425525,50.18645095825195,48.599100855428134,46.01588201989539,68.45096983975763,-1.023627574162443
2019-12-20,50.76937289237176,50.777356668710205,50.2423522716269,50.71347427368164,48.80046975240466,46.20010132396544,70.92400679623155,-0.9359060435191802
2019-12-23,50.74541298822159,50.94504089379766,50.37011459707304,50.47391891479492,48.95984586310849,46.367702013801896,68.30313384637125,0.09500050571618149
2019-12-24,50.3222031526866,50.64959279826222,50.314216330603216,50.43399429321289,49.10024095168986,46.52716445613174,67.85310327000735,0.49324734113368296
2019-12-26,50.489890368680335,51.136685890300186,50.449965396104325,51.07280349731445,49.28810405127316,46.70542481068793,71.13068080318475,0.7085478342375976
2019-12-27,51.240488034201185,51.34429844143547,50.96899701377931,51.21653366088867,49.47176401409369,46.882331040107566,71.82668726759363,1.4712841048608862
2019-12-30,51.176614192865514,51.472065728114465,50.81728634883282,50.88915252685547,49.606753396261475,47.03946129448984,67.81616989997808,0.9024830176971144
2019-12-31,50.77734952539785,51.27242583290129,50.71346713935621,51.2564582824707,49.76386814732902,47.204833725391055,69.85020172510094,0.3595940942734954
2020-01-02,51.34491769137695,51.46554128078792,50.77397257901368,50.9348030090332,49.875385753205606,47.35110703063192,65.9211101163949,-0.5500775466782739
2020-01-03,50.34777412638184,50.92676244258203,50.2995240775034,50.48447799682617,49.93339453831233,47.473984323423856,60.767452124193184,-0.79520783887242
2020-01-06,50.580982925875574,50.854393760464625,50.39602592130117,50.64531326293945,50.00119632161015,47.59835016418918,61.91272987574055,-1.1923278353788573
2020-01-07,50.53272577609785,51.61028561197039,50.47643558872717,51.40924835205078,50.13529651498545,47.747797151948454,66.86110082238007,0.931475759184611
2020-01-08,51.505756613617706,51.95607818399831,51.35296630859375,51.35296630859375,50.25126506675767,47.889176334561995,66.17891898393182,1.7203075999363164
2020-01-09,51.57811660367037,52.8969204788523,51.56203632307206,52.63154983520508,50.47795885422885,48.07515176595977,72.93479763169381,3.92185662265236
2020-01-10,52.63154705272331,53.04970794821255,52.30184916894304,52.45463943481445,50.66621414761796,48.24689638042466,70.82665481157643,2.0334689112838777
2020-01-13,52.61547728784991,53.86994795467639,52.56723030379379,53.19446563720703,50.9070000037693,48.440918704220046,74.18686898699545,3.58596486432199
2020-01-14,52.92104787423614,53.50003618123939,52.728053816958536,53.42766571044922,51.14706340440548,48.63647741034668,75.15815736546021,1.51262099964159
2020-01-15,53.41962908419653,53.95036434089833,53.41962908419653,53.540252685546875,51.37498619308561,48.82878232309963,75.63483095210012,2.069622939800238
2020-01-16,53.58045672033494,53.85387062705591,53.48396274692739,53.701080322265625,51.59651896729323,49.019852832870846,76.3334328507808,0.9523823183294478
2020-01-17,53.67695934042788,54.04686723786418,53.636749426179165,53.652835845947266,51.79235867002218,49.20153844122679,75.63287733753013,0.4214485744489653
2020-01-21,53.63673486813112,54.37655659737331,53.50003101306404,54.2237663269043,52.023921304010955,49.39848855439061,78.18448316009149,1.276635068145533
2020-01-22,54.60976053934239,54.95553871327565,54.05489577620321,54.2237663269043,52.23343035381032,49.587715133704876,78.18448316009147,0.9733249340646039
2020-01-23,53.9825232788435,54.0790233730776,53.09796055479377,53.7734489440918,52.380098790979986,49.75186155764162,71.34996433803448,0.2248028389232699
2020-01-24,53.38745677102345,53.6689077211492,51.15192331692387,51.594207763671875,52.30525202647445,49.824110428466334,49.01844847425232,-4.849457611224083
2020-01-27,50.870472802754335,51.97215625601683,50.7337689225883,51.22430038452149,52.20230425105036,49.879019838507716,46.365714025794325,-5.531644416397826
2020-01-28,51.57007598763251,52.559182011315166,51.38512514319148,52.11689758300781,52.194170282665354,49.966779750056745,52.97841238232823,-3.0806120745691787
2020-01-29,52.28577016271839,52.3420603525677,51.570077976704106,51.578121185302734,52.13549894005939,50.02996961026247,49.047521389504816,-0.03117903940462748
2020-01-30,51.30471237580482,51.71482707033925,50.975011364877794,51.3127555847168,52.057142430026765,50.080274942594016,47.190292313445106,0.17268210503863515
2020-01-31,51.16801463546517,51.21626162438052,50.267365319625576,50.621192932128906,51.92038533498887,50.10148741277186,42.657032228921366,-2.869903467482235
2020-02-03,50.74180572985033,51.65853519039719,50.70159888936035,51.12779998779297,51.84490101620831,50.14173496473347,46.69662047357093,-0.8730856944011472
2020-02-04,51.52183574777144,52.22144771629046,51.505755464261505,51.69874954223633,51.83098182821098,50.20279435992966,50.89510812809747,0.7522378268737867
2020-02-05,52.2053621585507,52.95322112510392,52.14907196258094,52.744140625,51.91794933266708,50.302454997775556,57.49640858285054,4.193792302993464
2020-02-06,53.87799085632394,54.521312604199146,53.38745940398255,53.958404541015625,52.112278400128844,50.4458255680987,63.61493545804962,5.53633161195764
2020-02-07,53.62065998477518,53.8860306490876,52.94517157881362,53.27487564086914,52.22300194686601,50.55676870820734,58.50903163725028,3.048673541601165
2020-02-10,52.97734333002997,53.9744926846327,52.913016061322594,53.80562210083008,52.37372767581497,50.684174723604315,61.11860936083129,2.0125107040362895
2020-02-11,54.15944352294793,54.32027703255832,53.8538690574448,53.86994934082031,52.51622497724405,50.809107061534355,61.435201572222375,-0.16393220101249414
2020-02-12,53.95035737832668,54.28006143712286,53.53220256747124,53.877986907958984,52.645916589693094,50.92945529080591,61.47740894364779,1.1320744719433462
2020-02-13,53.65283091656275,53.83778178070267,53.10600926294614,53.13817596435547,52.69279843489903,51.01607178780786,55.46064494469602,-1.2404765718047752
2020-02-14,53.27487643322687,53.741284371045495,53.05775888157783,53.37941360473633,52.758190355835914,51.10875185905996,56.940520516656385,-0.910592532731932
2020-02-18,53.48395065471504,53.853858451210925,52.62351148706443,53.130123138427734,52.79361252560656,51.18802132099595,54.91013245936355,-1.3880692513787551
2020-02-19,53.07384501635426,53.11405492876848,52.559190040342706,52.84064102172851,52.798091429999126,51.25282993671095,52.566097386301884,-0.5599269023207412
2020-02-20,52.77629896371573,53.05775603413034,52.18123039560334,52.40639114379883,52.76078664083719,51.298067631106555,49.174865815600185,-1.822842169347406
2020-02-21,52.165160990283546,52.96931019302167,52.108870791498745,52.776309967041016,52.7622650528566,51.356037918790264,52.01481330102151,-0.6659370437837631
2020-02-24,51.529870762560094,52.31793336781857,51.21625006744989,51.44141387939453,52.636469703003065,51.35938599567671,42.734965631237536,-2.648013186968348
2020-02-25,51.37709062446529,51.39317397617716,49.53558826586268,49.96982955932617,52.382503975033835,51.30489358640806,35.26554697072943,-4.64935961300394
2020-02-26,49.65621174311863,50.97501590426791,49.54363134900867,49.8894157409668,52.14506700036078,51.24938465129272,34.90650924868974,-5.470056977983292
2020-02-27,49.053095551824946,49.51950350656198,47.895121941489656,47.91120529174805,51.741842075731,51.118475656800776,27.491463888242023,-6.86258079127283
2020-02-28,46.44765327871531,47.61367015281512,45.329886457660066,47.49304962158203,51.33719517533586,50.9763020867922,26.223384853153842,-4.956550701866231
2020-03-02,47.90315521918495,48.87617476351108,47.18746310695194,48.5223503112793,51.06911471209238,50.88006868383091,34.26154915268404,-2.740191299865096
2020-03-03,48.94051639639348,49.73662231486707,46.91406022673769,47.60562896728515,50.739258926872644,50.751659283182065,31.019952034861323,-0.6377971971319378
2020-03-04,48.4097732996267,49.59991352247067,47.999655567328574,49.439083099365234,50.615432657586226,50.700185707346115,42.69730659915178,4.097512148175207
2020-03-05,48.81185430922105,49.246095589027746,48.120285545288645,48.651023864746094,50.428346105887165,50.619826419401015,39.59466809271295,0.2651840907155851
2020-03-06,47.34829660137138,48.58668379859649,47.251796507365405,48.49822998046875,50.24452552251398,50.53662655905073,39.00288946998915,1.8749904844172969
2020-03-09,45.04038984594641,47.55737739372036,45.032349704665286,46.36723709106445,49.87525995761403,50.373121089717934,31.85253892578333,-6.213395993058419
2020-03-10,47.30005043284278,47.40459067612869,44.9599766440585,46.58435821533203,49.56184074406336,50.22454215346751,33.19634177815508,-4.247938656254317
2020-03-11,45.659575873859296,46.608471869344875,44.87955348729454,45.44245529174805,49.16951832003333,50.037009335360864,29.861264774555323,-6.300796317620926
2020-03-12,42.081127837198785,44.14779097335943,40.70603041537437,42.41886901855469,48.52659933894013,49.7382587347018,23.211613950614716,-8.515426668091607
2020-03-13,44.139752300994445,44.63028383941256,41.638847616656854,44.22016906738281,48.11646312260134,49.52186306147361,32.81087895889665,-5.075070771654652
2020-03-16,40.31200127092029,43.231060731828535,38.60720271529196,41.100067138671875,47.44823493365568,49.19159655469707,26.60650836055893,-9.55579562151148
2020-03-17,41.67904632838616,43.50446195464913,41.17243157289188,43.49642181396485,47.07187177939941,48.96825636878601,36.532981296502264,2.540267622266932
2020-03-18,41.51822624571832,42.129378320229286,38.61524698972295,40.40045928955078,46.43649916131859,48.63226432646306,30.747085019573763,-8.637935716644474
2020-03-19,40.29590478515089,40.786436140453496,38.70369021606714,39.23442840576172,45.750587660789364,48.26372174133752,28.89120367201066,-4.539259574967311
2020-03-20,39.44350954626677,40.72210663439436,37.99604189703943,38.92081451416016,45.10013307539611,47.89733322262468,28.394777522582917,-10.519502775135528
2020-03-23,37.947790644775445,38.92081327739919,36.7978573160624,37.31251525878906,44.3584551881002,47.48224232208211,25.933780452299676,-7.643338925011647
2020-03-24,38.74390663627184,39.80538327828595,38.108628065912995,39.59630584716797,43.904917155630464,47.172989911301165,34.60167031013238,0.9223466636590709
2020-03-25,39.42743355360484,41.775550768632705,38.735864763784406,39.68476104736328,43.502997526271685,46.87933387742125,34.9193553954622,1.962822573831745
2020-03-26,40.57737197773531,42.877239411908455,40.456751426152714,42.01679992675781,43.361454897746555,46.68864627151289,42.807364125780325,12.607792949205276
2020-03-27,41.10006372272575,43.24714048994824,40.9070665761644,42.45103454589844,43.274748197570545,46.52246541952801,44.16442665156525,7.209583413536156
2020-03-30,42.78073453350539,44.292535764037936,42.78073453350539,43.7376708984375,43.31883607384359,46.413257791249954,48.09440347010084,10.212761130745175
2020-03-31,43.66529974050237,45.2253511086706,43.61705275308977,44.82327651977539,43.46211611631329,46.350905584525464,51.214518147797584,6.679415371731612
2020-04-01,43.118467120512776,44.79109845862357,43.03805345015875,44.08344650268555,43.521290438824934,46.261985620531746,49.05057894172349,3.8453997040334342
2020-04-02,44.464529496750224,44.853715378311286,43.44291694427424,44.7645263671875,43.63969386057375,46.20326172824374,51.099005655784296,2.347759831872263
2020-04-03,44.58615460169107,45.786145261564435,44.513182050409426,45.02398681640625,43.77153128493875,46.157015653269724,51.89251426915514,0.44778140335704564
2020-04-06,46.27262906516568,47.08343385424232,45.87533645058402,46.92127227783203,44.071506617595254,46.18698650129178,57.3433923251096,6.437395440425932
2020-04-07,47.45639794283021,47.50504733813862,45.95641049002722,46.134788513183594,44.26800965527033,46.18493952136597,54.582502861601675,3.061044664599644
2020-04-08,46.25641514228027,47.94289068094192,45.69696092051894,47.2293815612793,44.550045074890235,46.225898032735124,57.63936403980169,4.898266237208086
2020-04-09,47.675314469507406,48.307744221857874,47.32666821037075,47.764503479003906,44.85618397052011,46.286235501216254,59.0890593092533,1.7971192174391653
2020-04-13,47.43208080865369,48.161806365976766,47.07532781005955,47.77261734008789,45.133939529526565,46.34452498509357,59.11190848836895,3.5500950143865224
2020-04-14,48.51044921469873,49.2401716269578,48.34828764764961,48.68071746826172,45.4717279046442,46.436140376590366,61.69075548634078,3.0729513260709096
2020-04-15,48.080720583744295,48.559095505260586,47.756400542717344,48.21044921875,45.732558505987605,46.50572111549859,59.59455917471286,0.9336341995936804
2020-04-16,48.48611818129731,48.932060126915495,48.2428774012305,48.291526794433594,45.97626977155389,46.57575271075094,59.847873757222956,1.086206875900571
2020-04-17,48.956394487657526,49.27260786347439,48.55099208933338,49.134769439697266,46.27707926375802,46.676106307964524,62.48233965146326,0.9327142142709264
2020-04-20,49.256388350033355,50.95097039394279,49.13476640086811,50.01043701171875,46.63263714451618,46.806864374778414,65.04705513018943,3.7336051045728467
2020-04-21,49.34558470798532,49.7185542045479,48.85909993192642,49.12666702270508,46.87016379958179,46.89783702763828,60.54832207408604,1.7293721770829333
2020-04-22,49.66990009305859,50.19692444394553,49.36179649968528,49.40233612060547,47.11132306825071,46.99605267834288,61.44407297308472,0.54455670385629
2020-04-23,49.718549303914195,50.2617901196878,49.32936337721323,49.41855239868164,47.33105919495842,47.09105266737577,61.49945087259305,-1.1835221773775249
2020-04-24,50.002326979619795,50.71583601897096,49.669897158951855,50.47259521484375,47.630253101614166,47.223662179041185,65.01666118999123,2.7397099654992236
2020-04-27,50.78881220806564,51.096918898286305,50.602327475109014,50.72394943237305,47.924890847400725,47.360928345838516,65.81858671552972,2.6752040805137955
2020-04-28,51.02393637292835,51.226637533445945,50.08340311184565,50.383399963378906,48.15903457273198,47.479456644565595,63.68842770870965,1.9523994893929861
2020-04-29,50.56989201419964,50.772593204195765,49.88881589209368,49.96989822387695,48.331497777602934,47.577121020224865,61.102569196173974,-0.9959800735963664
2020-04-30,49.33747210901711,49.54828309449332,48.94017947888682,49.3050422668457,48.42421630038796,47.64488263773941,57.08899293132913,-2.7973120811877643
2020-05-01,49.337459932945016,49.35367639651609,48.38882001134324,48.85908508300781,48.46563237492318,47.6924984199068,54.502912420317124,-3.025430759891233
2020-05-04,49.248282931349486,49.39422494394048,48.429368384233506,48.7861213684082,48.49615513620747,47.73538559435784,54.071338458502126,-2.36897992100194
2020-05-05,49.134770797349205,50.107737198806355,48.99693546273837,49.75098419189453,48.61566266532052,47.81442867661418,58.72568503690286,0.9044550101698094
2020-05-06,49.98611007943072,50.45637518849684,49.41043640228207,49.564491271972656,48.706027294525484,47.88305858231451,57.51252300786999,1.443756443180246
2020-05-07,50.691506612848976,50.75636937589289,49.150976555134406,49.49151611328125,48.7808357534546,47.946135348234776,57.01617511832078,1.4458922437105857
2020-05-08,50.132055926888064,50.4158363337997,49.41854692711448,49.49962615966797,48.84929198261778,48.00705655652627,57.06052714212606,-0.5052322809475475
2020-05-11,49.35368942620776,50.926652785158886,49.272610179921095,50.805030822753906,49.03555282453551,48.11678103755481,63.575447527861336,2.502879619956355
2020-05-12,51.218533964237714,52.11041794144951,50.98340294019254,51.364479064941406,49.25735532362178,48.24414174451115,65.95915097752807,3.7844121553543175
2020-05-13,51.2185316265162,51.83474493313422,50.7401598207903,51.29961395263672,49.45185614543273,48.363964184045486,65.42454396806531,3.636366438733573
2020-05-14,50.67529472977772,51.99690418938866,50.3752978510103,51.70501708984375,49.6664429020433,48.49498586662581,67.21317034243475,1.7714510797752916
2020-05-15,52.05366656344255,52.977983556154065,51.737456273960866,51.9644775390625,49.88530334366418,48.63104436358412,68.3419385659327,1.1681194573442486
2020-05-18,52.63744654521883,52.872580681381464,51.46988873751019,51.56718444824219,50.04548249648113,48.74618711200208,64.67050132909102,0.5215838385304575
2020-05-19,51.42934235479818,51.7455556928384,50.66718705047112,50.84556198120117,50.12168054264494,48.828515538245185,58.52094399746835,-1.6622276850797097
2020-05-20,51.080699029664224,51.28340021628988,49.3212542143814,50.01043701171875,50.111085920651966,48.87486539995003,52.320336235916734,-3.7603390236625924
2020-05-21,49.96178337783227,50.16448454727347,49.0050336106319,49.57259750366211,50.05980130951008,48.90222744323286,49.36703246456506,-3.8679384300727886
2020-05-22,49.46719328980516,49.994217580969114,49.12665680109575,49.288818359375,49.98637436187816,48.91738787131687,47.49573670668005,-3.061709933310871
2020-05-26,49.87259418138477,49.87259418138477,48.79422557234808,48.907737731933594,49.8836470637882,48.91700943447831,45.02740560293641,-2.2049383002327394
2020-05-27,48.64828732096976,49.0699061822418,47.926671553918005,48.97261047363281,49.7968816742496,48.91918986738633,45.54621392381289,-1.210319935292827
2020-05-28,49.426647988494175,49.44286445175435,48.38881908363575,48.49422454833984,49.67281909082962,48.90252456075706,42.370610611995446,-1.612117793617236
2020-05-29,48.89151442684687,49.02935281061165,48.14557571509283,48.42124938964844,49.553621976431415,48.88365102463515,41.890795513322644,-0.9947062874828307
2020-06-01,48.21046089742233,49.81585430437962,48.186137739021206,48.88343048095703,49.48979421495766,48.88364237586346,46.05722717710467,-0.1821017744679883
2020-06-02,48.88341802917548,49.199631379744496,48.0563968314702,49.17530822753906,49.45984316853684,48.89508025239976,48.56534898800676,1.4044634913592866
2020-06-03,49.21584577267483,49.36989755177858,48.396931295870736,48.81855010986328,49.39876763913936,48.892079070339506,45.76442738382493,0.8205090228418997
2020-06-04,48.502338931965454,49.53206131512244,48.502338931965454,49.36989974975586,49.39601831634093,48.91081713619897,50.51440088541507,0.9951618861698679
2020-06-05,49.605032109769006,50.083407009538575,49.07800781421838,49.726654052734375,49.42750743409268,48.94281074076899,53.36073243564302,1.1211842794033549
2020-06-08,49.134766024051274,49.807735443115234,48.97260755037407,49.807735443115234,49.46371962542816,48.976729356547274,54.00820837277397,2.026248897244694
2020-06-09,50.06719580121602,50.40773232851541,49.40233612060547,49.40233612060547,49.45787357734981,48.99341981788289,50.251822142025276,0.06570070227815235
2020-06-10,49.653685778282686,49.79962779223525,48.56720725614304,48.77801513671875,49.39312515443257,48.98497257548429,45.05472956001347,-1.9077071121849614
2020-06-11,48.5671968043647,48.87530032559575,45.72938070277685,45.98072814941406,49.06813496347842,48.86715906857958,30.056020196949255,-7.683560113010854
2020-06-12,46.69424831864793,46.74289771987188,45.07263872688099,45.54290390014648,48.73239867173252,48.73679612079789,28.459103758338646,-7.81224639060994
2020-06-15,45.1131778874348,45.22669006282345,43.84021461833382,44.67534255981445,48.34601237535937,48.577523432131876,25.56100185423834,-8.410905128888523
2020-06-16,45.348308532196754,46.45100345344979,44.99966225288955,46.26451873779297,48.14777488606733,48.486817365687216,38.01325171450241,0.617194637407069
2020-06-17,46.386142821856424,46.50776478155339,45.98074041349975,46.17533493041992,47.95992346171996,48.396170995676734,37.6327887776478,1.3886488917352733
2020-06-18,45.86722656926299,45.90776619003227,45.06453156191693,45.38074493408203,47.71428741146873,48.27791899326126,34.33546194525703,1.5789523568244304
2020-06-19,45.97262954011353,46.07803502272134,44.37534320688032,45.73749542236328,47.5260215077444,48.178294539500556,37.004243668440694,-1.139152270050889
2020-06-22,45.59966359452548,46.77532808740632,45.340203211386225,46.669925689697266,47.44448857269229,48.119142819900425,43.47104592434526,1.0711146113452694
2020-06-23,46.97802558117635,47.91855895703953,46.88072987828695,47.33478164672851,47.434040294029074,48.08838355820741,47.60145793724289,4.305871830629534
2020-06-24,47.11586819620447,47.196947440345305,46.305063382896456,46.83208465576172,47.37671118562266,48.03911693458209,44.92840923389571,2.39319889139194
2020-06-25,47.034780455193946,47.4077529771252,46.78343297145008,47.1726188659668,47.357273821845915,48.00513661816581,47.09569786466859,1.0771244411484129
2020-06-26,46.9942421039355,47.04289150192629,45.94830324444315,46.65370559692383,47.290267324234286,47.95213932321514,44.23869824838466,-1.4388490368197404
2020-06-29,47.0185606229904,47.14017945852016,46.46721324159462,46.864505767822266,47.249718604575996,47.90948702692523,45.680306055539376,0.06922841957358421
2020-06-30,46.91316805798572,47.99964665620467,46.62127782369183,47.675323486328125,47.29025240283811,47.90030414298025,50.934732841037096,1.0656703665100304
2020-07-01,47.991539805976885,48.429375184150054,47.7401922723026,48.186134338378906,47.37557449193723,47.911513170250785,53.95647996054432,3.2846881546663695
2020-07-02,48.44756719431466,48.72534426767901,47.99822275355353,48.31684875488281,47.465219659836805,47.92740868337361,54.72488737192809,3.099025506117133
2020-07-06,48.69265029252435,49.49330401679227,48.09624738423819,49.17467498779297,47.62802492916596,47.97632108746849,59.50152420448575,3.1449215061850886
2020-07-07,48.82338603680274,49.51783033139354,48.6273099210073,49.25639343261719,47.78310764378036,48.02652000296452,59.9351663464934,2.2210934928346178
2020-07-08,49.280892507662,49.57500974027449,48.43122119490881,48.65998077392578,47.86661937046088,48.05136160182575,55.28259870724437,0.7101705261941208
2020-07-09,48.74167315475832,49.133828382079045,47.24658154538382,47.475337982177734,47.82935447633868,48.02877244027093,47.410185487044174,-3.4557157846738686
2020-07-10,47.38547678401693,47.45900609679299,46.69920423696479,46.91979217529297,47.74272949528671,47.98528301811493,44.22930953522055,-4.743752220756261
2020-07-13,47.034166210587536,47.785799464749346,46.97697709649156,47.18122482299805,47.689252859830646,47.95375132418878,46.06324693749882,-3.038957121249252
2020-07-14,47.24657962285345,47.46716439703013,46.80540384135493,47.295597076416016,47.65176183283877,47.927941353687885,46.88611852411707,-0.3785984753372237
2020-07-15,47.91652400238929,48.70083462432693,47.6469154730257,48.423057556152344,47.72521856839244,47.94735767535316,54.28947718462524,3.2039046022266158
2020-07-16,48.390368402804015,48.512918278785136,47.98187297163068,48.463897705078125,47.79556896236251,47.967614147107085,54.53667952269799,2.718608698464418
2020-07-17,48.77436251585932,49.52599272746095,48.52926584323155,49.33808517456055,47.94247526828613,48.02135810896801,59.5760581455544,4.3185586490100984
2020-07-20,49.25638539072211,49.54233097814427,48.38220531880503,48.57828140258789,48.00302823345773,48.04319823812958,53.97593516298736,0.3205577141747941
2020-07-21,48.68449647138856,49.21554189699718,48.46390851536222,48.85606384277344,48.084269720059226,48.07507532066463,55.61847549667696,0.809192318954199
2020-07-22,48.92958819283889,49.289066210559035,48.4802437872619,48.89690780639648,48.161663823519916,48.10730404559529,55.867873915439795,-0.8941923193880804
2020-07-23,49.117478564981546,49.39525551946465,48.66813431652797,48.913230895996094,48.23324163994622,48.13890902012081,55.97435106413304,0.689504617572493
2020-07-24,48.74984350731902,48.82337280996576,47.01782374300716,47.26292037963867,48.1408300913455,48.104556524415635,44.329320710398555,-3.2608919708754147
2020-07-27,47.0178312532161,47.892011370665,46.85443243050428,47.426326751708984,48.07278215423726,48.07795927842714,45.53751564318262,-3.007513400459074
2020-07-28,47.83482658688286,48.87240562110997,47.58156134946331,48.55377960205078,48.118591434981404,48.0966188989614,53.100493765841975,-0.734875385168507
2020-07-29,48.3331845599503,48.52926375957763,47.86749996698018,48.32501602172851,48.13825091943351,48.10557564887384,51.53668006510534,2.2472069723126924
2020-07-30,48.03907094920699,48.32501967374936,47.66325583114106,48.09626007080078,48.134251790992295,48.10521033208666,49.95246698463297,1.4125768638990288
2020-07-31,48.104429257551914,48.27599661352867,47.19756878085584,47.92469024658203,48.114293548667504,48.098131113047266,48.74226991850255,-1.2956547577239053
2020-08-03,48.29232845289592,48.72533259542939,48.16161004477792,48.284156799316406,48.13047100111026,48.105426237999,51.3989953032999,-0.08455087194121286
2020-08-04,48.06358255175974,48.619133570589874,47.81848275581974,48.586456298828125,48.173898172321486,48.124290161953084,53.57807956104075,1.019198223117023
2020-08-05,48.97860897136024,49.32991533560952,48.53743310231604,48.76618957519531,48.23030687735709,48.14946268796258,54.8735737337934,1.755878492450552
2020-08-06,50.65343479486471,51.44591694944253,49.36258770252446,50.10605239868164,48.408949307959425,48.226191696226074,63.13326116342238,3.7732782762212973
2020-08-07,50.293970565753995,50.36749988551019,49.362598143317626,49.8527946472168,48.5464583878887,48.28998004724532,60.86553199337743,2.606360794457066
2020-08-10,49.80376924910123,50.64527207534268,49.64854208531555,50.50638198852539,48.73311777842552,48.37689777043278,64.41769293821088,3.5684404061276473
2020-08-11,51.445915041473896,52.49166233663588,51.21715548322763,51.57663345336914,49.00392879508682,48.50237760113617,69.3273521815752,2.9349369672678365
2020-08-12,51.944283931252045,52.50800342470952,51.83807423953974,51.99330139160156,49.28863094713584,48.639276573311285,71.00473892808958,4.293654467180942
2020-08-13,51.48676491783837,51.94428092626215,51.38872688623785,51.66650390625,49.51509503848005,48.75799137068143,67.86978116660768,2.296980840932496
2020-08-14,51.62566306146274,51.91978033659867,51.266188123281886,51.60115432739258,49.71376735170981,48.86948795721912,67.23054729975574,0.04754260288354614
2020-08-17,51.80539949486269,52.35278508875132,51.60932028239888,51.97696685791016,49.929310161824134,48.99134987489328,69.03665775607567,-0.03141661185999943
2020-08-18,51.87075609732875,52.02598325379915,51.38873131857287,51.49493789672851,50.07841756514836,49.08952979731819,64.15265069112777,-0.3320642903046077
2020-08-19,51.527620377852934,52.140363607128094,51.429582333809414,51.54396057128906,50.21799308954271,49.18578198453274,64.4282702684331,-0.11083813307865131
2020-08-20,51.29069242537875,51.356053199349425,50.5962513430931,50.83317947387695,50.276582269003114,49.25038580764428,57.5224688817067,-2.2005658528709278
2020-08-21,50.83318571017536,50.93939230604745,50.44103036796075,50.80867385864258,50.327257658492584,49.31149514297755,57.294453253077144,-1.332682523983642
2020-08-24,50.931218015513686,51.02925606085363,50.40834428493627,50.988407135009766,50.390224275303744,49.37725639756705,58.59094565071622,-1.0778245018849995
2020-08-25,51.26617418585624,51.77270762389686,51.061926479936496,51.23349380493164,50.47053565907783,49.45005002138527,60.35826185603257,0.787505985653343
2020-08-26,51.06193735051752,51.1354666649652,50.310307128673095,50.882198333740234,50.5097416280933,49.506212700301155,56.627609998471776,0.14470851040555097
2020-08-27,51.0619303393909,51.437745398711314,50.8495140804711,51.070098876953125,50.56310898512757,49.567541569973784,58.11871479182882,0.16021630510451468
2020-08-28,51.06194014637747,51.13546946485119,50.53089472222574,50.95573043823242,50.60050150447089,49.62198034912118,56.83787305752624,-0.5421519128810258
2020-08-31,50.96389975568861,51.3070344817738,50.61259337427376,50.81684112548828,50.621105277901115,49.668837634468915,55.24557528275626,-0.1284480828113404
2020-09-01,50.81684162608513,50.86585909225254,49.58318345131555,49.81194305419922,50.544042208977125,49.67444961171324,45.34699610703902,-2.4635860325731342
2020-09-02,49.66488793945008,50.50638774502885,49.395279390144104,50.3266487121582,50.523338066422944,49.700026047024814,50.262632687712795,-1.2345652209554328
2020-09-03,50.34298210758401,50.66977973837572,48.63547087567231,49.060306549072266,50.384001731437166,49.67493900788942,40.58969614525316,-3.4565993035229967
2020-09-04,49.16651854813253,49.45246415103099,48.4067166700614,48.97861099243164,50.25015499438902,49.64763202689108,40.054155134153596,-1.6729563447481839
2020-09-08,48.91324949194887,49.01945919284054,47.49985545921076,47.8184814453125,50.018567037334115,49.57590063153506,33.32913342065785,-4.9837756556990165
2020-09-09,48.1452799980879,48.69266247348295,48.00638990712716,48.26782989501953,49.85183016663749,49.52460373990701,37.69274585848033,-1.6153112562801957
2020-09-10,48.19429646707973,48.447561661482865,47.532532689958515,47.62240219116211,49.63950369278269,49.45000760074054,34.227498294472,-2.7689817530331715
2020-09-11,47.76128668482961,48.423050427743064,47.73677795543119,48.19429397583008,49.50186467212053,49.400763929175426,39.532094774440935,0.7859148161101169
2020-09-14,48.357689742127846,49.092982791049366,48.259651707795946,48.774356842041016,49.43257821211296,49.376198945366234,44.42776074492218,1.049408991709714
2020-09-15,48.9949532075339,49.109331453411606,48.52109691281369,48.635475158691406,49.35666363559662,49.347150953731926,43.51926479499179,2.1273033717675536
2020-09-16,48.74985003115252,48.99494981715675,48.398546778797815,48.57011413574219,49.281754159420004,49.316678921653896,43.07285798369952,0.7798021900696106
2020-09-17,48.2024649237311,48.553771273348545,47.597890263565034,48.52926254272461,49.2100882911633,49.285799847970395,42.77750622238195,-0.5025064709928628
2020-09-18,48.27599892496737,48.7907041341148,48.06358263357427,48.423057556152344,49.13513298306702,49.25196681691871,41.97173201370872,-0.4367544510379938
2020-09-21,48.137100806670766,48.16978118961269,46.486781983550465,47.19756317138672,48.95060252481175,49.17140196807432,34.01077129820468,-2.8259166954384907
2020-09-22,47.19757777693171,48.07992657340141,47.08319951781285,48.00639724731445,48.86067821266915,49.12571550843668,41.85028267736545,-1.0774227095452595
2020-09-23,48.24331143462691,48.610957958467715,47.892005102576015,48.19429397583008,48.7972130472559,49.08918917382466,43.52865585349706,-0.4724269632436713
2020-09-24,47.77762921962711,48.05540626053199,47.14037729143425,47.5897216796875,48.68221386939224,49.03038652699575,39.57105278676032,0.8308871940628607
2020-09-25,47.597900473452526,48.88874791713701,47.516202609466255,48.60280227661133,48.674650860555964,49.01361851717675,48.08835752760194,1.2423449029602793
2020-09-28,48.50475467432292,49.19102723724506,48.169788489835526,48.78253173828125,48.68492522986313,49.0045562905534,49.4496189929155,1.2205547875567573
2020-09-29,48.888746441951746,49.78743538497834,48.75802799357382,48.937767028808594,48.70900540119127,49.001937103818314,50.65324414850498,2.8326396993754086
2020-09-30,49.133843522814786,49.54233906672455,48.84789788870742,49.25639343261719,48.761137594660404,49.01191578337905,53.12056256517679,1.3447602306675657
2020-10-01,49.70087817030092,49.857272645815,49.083527094310135,49.23992156982422,48.80673606848553,49.020857186769064,52.97310479599944,0.9376098682144453
2020-10-02,48.885979138081325,49.39632187526334,48.301554137436575,48.33448028564453,48.761759327262574,48.993940445548496,45.496783635356834,-1.232763118940267
2020-10-05,48.19453728618991,48.79542525571428,47.70065770959749,48.72957611083984,48.758694259031834,48.983573216736396,48.886731403954855,-1.0695409977550177
2020-10-06,48.844819768846286,48.94359506687954,47.42079692382722,47.52780532836914,48.641466741825866,48.92648427993768,40.612392045820044,-3.477089700533392
2020-10-07,47.865285903014986,50.19475556085548,47.7088882943901,49.73379898071289,48.74549838362463,48.95814367996808,55.50114861711777,2.895073427496769
2020-10-08,50.0877510769075,51.10843960547676,49.76672900889275,50.72156524658203,48.93369522771581,49.02729746689412,60.30049704884371,4.087844169239713
2020-10-09,50.869729249223,51.281296643051675,50.71333476997171,50.886192321777344,49.11964733191215,49.100195304340524,61.054413949397485,7.066152056054641
2020-10-12,51.01788894626685,51.24013569475611,50.60632159128889,50.8944206237793,49.28867335970902,49.17055708157342,61.0941831253368,2.3336677809722586
2020-10-13,50.67217019668499,51.04257827726716,50.19475059236471,50.31822204589844,49.386725615536584,49.21556355076264,56.725847635406396,-0.7952104764960379
2020-10-14,50.301761290990775,50.729791705593705,49.98073926504099,50.21121597290039,49.46524850671409,49.25460874378765,55.9261025047083,-1.3264430252685444
2020-10-15,49.87373351790306,50.12890641512643,49.64325679783667,49.73379898071289,49.490824742333025,49.27340051778472,52.37801918167512,-2.2804496619500396
2020-10-16,49.93958183679597,50.82033887391681,49.92312190564359,50.40877151489258,49.57824824448156,49.31792487061248,56.572841603247504,0.17995363371850603
2020-10-19,50.86973186172474,51.380074577079014,49.80788717751149,50.02190399169922,49.620501172788,49.34553189496882,53.65553860026999,-0.3770312619063953
2020-10-20,50.28530155148191,50.43346605635201,49.82434496521826,49.91489028930664,49.64853823150406,49.36785967513893,52.843775723716256,0.36412120591064934
2020-10-21,49.70910979045632,50.0054388191939,49.34693161089376,49.41278076171875,49.626085139143555,49.36962128637736,49.09093857508831,-1.975828260126467
2020-10-22,49.37162393402154,50.21945175616311,49.3469308953215,50.013668060302734,49.662997798301575,49.39487802260973,53.35974120126166,-0.016464649961846854
2020-10-23,50.07129698103791,50.3923190864744,49.44571270479363,49.49510192871094,49.64700771548342,49.398808371868604,49.50202925941154,-0.8410082806204928
2020-10-26,49.239918913271175,49.503321773615546,48.597874833682994,49.11644744873047,49.59647816626885,49.38773539449064,46.83916598337696,-0.5997098491932227
2020-10-27,48.77897189596777,49.25639163639908,48.202779988565005,48.35094451904297,49.4778559141521,49.34707692878681,41.92866966368595,-3.3245382827249905
2020-10-28,47.7418156546172,48.18630917465911,47.24793605902166,47.54426193237305,49.29370410636362,49.27637830147647,37.470595032141446,-3.9414809149150463
2020-10-29,47.58542216840698,48.09576484643585,46.71289818209121,47.67596435546875,49.13963365389744,49.21361697026048,38.618094218447595,-2.932791698270416
2020-10-30,47.50310350993692,48.13691761543199,47.40432822362891,48.11222457885742,49.041785170560296,49.17042511177409,42.38952451460984,-0.49372342683301107
2020-11-02,48.7213568671578,49.09176822499442,48.43326088884636,48.968299865722656,49.03478657009957,49.16249863153678,49.01016964703057,2.995183594132055
2020-11-03,50.219447766532845,51.23190623294105,49.56094062009602,50.40877151489258,49.165642279127475,49.21137207794289,57.7984632047409,5.732043801040297
2020-11-04,52.64769886677023,54.51621830194043,52.47484131955526,53.85770797729492,49.61250567895294,49.393581328897874,70.7829029104872,11.94183692134309
2020-11-05,53.49552354844579,53.816545585968406,52.30198071970988,52.47483825683594,49.885108781608466,49.514414933915056,62.481910696789704,7.160833438630008
2020-11-06,52.35960055769674,53.43790504191906,52.17027994703182,52.515995025634766,50.13566937627764,49.63212395711975,62.62240466584457,4.180271503183999
2020-11-09,53.60253997261281,54.39274862016724,52.67239677746497,52.74647903442383,50.384317915148706,49.754255528778735,63.447897937699175,-2.0632681645857645
2020-11-10,52.85348804264527,53.33914087047034,52.441920617039855,53.10865783691406,50.64377886007874,49.88580071733306,64.76477765670407,1.2078542805142556
2020-11-11,53.56138263614616,53.6025418892695,51.88218684504275,52.20320892333984,50.79229600896075,49.9766794705098,59.038232310900355,-0.5956015917479006
2020-11-12,51.97272107588495,51.97272107588495,51.19897563860402,51.65169906616211,50.8741439191704,50.04236651347656,55.80173297567913,-2.0755508013098556
2020-11-13,51.68463573557616,52.713554253293424,51.66817266249147,52.36783599853515,51.01640030768133,50.13356139524356,58.948729445528,-1.3949172668867424
2020-11-16,52.779393269523865,53.44613029168739,52.55714340879024,53.09218215942383,51.214093817371094,50.24958573893691,61.90341857936104,1.7029091782258912
2020-11-17,53.06749841570786,53.2568158916765,52.58184878688994,52.94402694702149,51.378849353528274,50.35525010003826,60.93731440583947,2.5020045888597062
2020-11-18,53.23212173206577,53.25681476927868,51.034353499841814,51.04258346557617,51.346824030866166,50.3822043496672,50.12507754136231,-2.530661249771802
2020-11-19,51.19898190907549,51.363609486534294,50.33469105242912,51.108436584472656,51.32412046454297,50.410684045149765,50.45296703763334,-3.7364174804388943
2020-11-20,50.91088371412611,51.30599116263253,50.54047558366745,50.71333312988281,51.265950242194386,50.42255263670793,48.397151091600875,-4.213305911488043
2020-11-23,50.82034828619202,51.04259193801756,50.277079397263314,50.968509674072266,51.2376225690399,50.44396271660457,49.819312005138656,-0.14512155630575135
2020-11-24,50.993192823573146,52.27728088378288,50.93557364856422,52.03857421875,51.3139036785361,50.50649650100243,55.37351384472577,1.8199297345752314
2020-11-25,52.20319694161475,52.26904921948951,51.19897482410027,51.72578048706055,51.35313004125271,50.55431155927922,53.509087040373004,1.9964125698161814
2020-11-27,52.08796793115762,52.42545306573017,51.75871590279977,51.89864730834961,51.40508406669051,50.60703060826238,54.42242757563719,1.824926096967096
2020-11-30,51.898641159462464,52.07973179461039,51.02612040467985,51.36360549926758,51.401133726935946,50.63670021183121,51.077728932281914,-1.2970545977011494
2020-12-01,51.98096254871511,52.46661219391487,51.314222247336126,51.37184143066406,51.398343984433865,50.665529279236424,51.12752019539322,-0.6842604462682278
2020-12-02,51.37183861736791,51.717556838412825,50.95204128468103,51.182518005371094,51.37778912928503,50.68580334692798,49.8709958973208,-1.3798612104930577
2020-12-03,51.0343506765191,51.27306048973739,50.68863561462472,50.8532600402832,51.32783397795152,50.69237027607917,47.6764885288885,-0.9935935260456984
2020-12-04,50.86149365931245,51.28952407836914,50.74625530418366,51.28952407836914,51.32418541608653,50.715788072247406,50.76775505138011,-0.16023827451469613
2020-12-07,51.19075237576748,51.5200075536636,50.1865300492035,50.375850677490234,51.2338678219345,50.70245719402163,44.79838895190448,-1.576060262990984
2020-12-08,50.351161305787215,50.853274106961585,50.0877583838614,50.31000518798828,51.14588090441581,50.68706691927523,44.39327502535773,-1.0682793037547342
2020-12-09,50.62278247232967,50.67217168319393,49.65971641054849,50.145362854003906,51.05059347104325,50.66582362259793,43.337956947768845,-2.2307893179452862
2020-12-10,50.13714411222023,50.24415252304217,49.355165368540455,49.55271911621094,50.90793877058303,50.62217246548471,39.681263500668315,-1.633980469231266
2020-12-11,49.65973272622953,50.59810606088548,49.55272430420419,49.98075485229492,50.81963554026988,50.597018833594916,43.396082208485645,-0.6544430565313661
2020-12-14,50.21944574746878,50.29352799471507,49.322228815268005,49.36338806152344,50.68094530419879,50.54864115625878,39.60722910821037,-1.5594159618650185
2020-12-15,50.42522867262582,51.561155400258755,50.08774358238823,51.503536224365234,50.75928729659559,50.586088021674726,54.452987800960855,3.9368517872434903
2020-12-16,51.44591803834731,52.0879620906628,51.27306050734078,51.31421661376953,50.812137707755014,50.61464208410982,53.20697513813503,2.6679504249491783
2020-12-17,51.50354435763902,51.7093280583296,51.026127804842105,51.478851318359375,50.875634242098286,50.648532642315686,54.18868680541567,4.285490400698097
2020-12-18,51.56939708518369,52.2279043049605,51.39653638873406,51.956268310546875,50.97855177242672,50.69981639401103,57.00561477756128,0.8790310712052868
2020-12-21,51.034353499841814,51.13312878870327,50.49108470108905,51.04258346557617,50.984650028917144,50.71325823995476,50.593766386757316,-0.5293526163282983
2020-12-22,50.84503240585125,51.00965997906625,50.318226683571055,50.56516647338867,50.94469921410491,50.70745071969727,47.582175072104036,-1.7748741892475897
2020-12-23,50.515774928287414,50.729791705593705,50.21121597290039,50.21121597290039,50.874843667323525,50.68799053354837,45.42339710172429,-3.35869452212419
2020-12-24,50.31000535531603,50.507559117422694,50.16184081873866,50.33470153808594,50.82340155977709,50.674136063138086,46.33811661664417,-1.3868458048712204
2020-12-28,50.55694503479241,50.82035109672874,50.05483537362856,50.31000518798828,50.77450666722577,50.65985642097535,46.17144709311474,-0.5046186993860218
2020-12-29,50.78742571596622,50.98497634039842,50.49109663930737,50.55694580078125,50.75378658470725,50.65582071037951,48.17855964688469,0.6885509963898385
2020-12-30,50.72156984092474,51.166063424596494,50.60633146145658,50.968509674072266,50.77423640274201,50.66808302268119,51.42916327209086,1.259187233894205
2020-12-31,50.97679662541189,51.53269759582505,50.58683954995688,51.4663200378418,50.84014912989437,50.69938643504043,55.09802504924244,2.2983795082763985
2021-01-04,51.22571757032818,51.56589469725455,50.19688741093368,50.927024841308594,50.84842300717192,50.70831343136467,50.6357124413548,0.7320043461201823
2021-01-05,50.7030023465744,51.200821422625104,50.171994488105256,51.06806945800781,50.86934171677534,50.722421510840874,51.73663359522407,0.19533587419408702
2021-01-06,50.23836332558107,51.48291404296981,50.21347332405126,51.19252014160156,50.90012061437783,50.74085675126286,52.7381984358081,-0.5319982000634914
2021-01-07,50.89382885795238,51.96414326385609,50.61173056101007,51.7401237487793,50.98012091289226,50.78004369234194,56.96965586490446,1.5965961294702842
2021-01-08,51.59907163827451,52.42047650492909,51.565886024564456,51.84798431396485,51.06277457013727,50.82192371671931,57.7716385801248,1.5272064603858695
2021-01-11,52.60302507555778,54.13797008788894,52.470273091599715,53.90565490722656,51.33352507843149,50.94285435164117,69.46396003687995,5.299865601693973
2021-01-12,54.229228953427885,55.00914950324084,53.85586623453733,54.28730773925781,51.614837712795904,51.07400938644967,71.0642845713165,4.923034206192078
2021-01-13,54.34538286699501,54.72704433820316,53.631839929049896,53.70651626586914,51.81404519404097,51.177244950348474,65.44348389185775,3.5845789889342115
2021-01-14,53.85586320766203,55.06722519411298,53.74799808995961,54.776824951171875,52.0962146947201,51.31840495038077,70.13191628422,1.6161014005759236
2021-01-15,54.776823229586725,55.47377492858326,54.378570541685,55.20827102661133,52.39260101204308,51.47094871807609,71.79323566970123,1.696461522418659
2021-01-19,55.46547027835854,55.722681705927336,55.034028857129314,55.37420272827149,52.67656308025531,51.624017502789634,72.4284131075664,3.1051845816001604
2021-01-20,55.23317057383335,55.440595730912506,54.760241468897405,54.96766662597656,52.894763417943054,51.755140997816575,68.36642101446182,0.3483985699696979
2021-01-21,54.46983225615203,54.92616367582412,53.08423094918794,53.25017166137695,52.92861182207962,51.81376965128953,54.46832874831591,-3.546750022819113
2021-01-22,53.009573735898414,53.95543196538275,52.90171176576485,53.56547164916992,52.98926513894536,51.882463847284846,56.227572987100636,-3.2663785481070513
2021-01-25,53.63184080783802,54.04669106552866,53.06764420417423,53.78948593139648,53.06547664298833,51.95724902705393,57.48446124857664,-2.143406782385232
2021-01-26,53.51568042380788,54.46983723227031,53.416114088365035,53.46590042114258,53.10361224090778,52.016411826822115,55.0265490675716,0.40512312549425245
2021-01-27,53.00956597988271,53.00956597988271,51.358463709307195,51.45802688598633,52.94688982615335,51.99451437816189,42.798078555042885,-3.934334373057372
2021-01-28,52.13008786096984,52.58642253733238,51.60737562038035,51.68204879760742,52.82642877581564,51.98226082598328,44.285743165547366,-3.917935070948432
2021-01-29,51.69034446326774,52.10519474493932,50.63662436801515,50.968505859375,52.64948373615463,51.94250572925355,40.65862734129271,-4.671004401115458
2021-02-01,51.366755928011024,52.16326761892944,51.15933081068502,51.615665435791016,52.55102485040571,51.92968846284325,45.05412950626119,0.30634394543335575
2021-02-02,52.27113097776075,53.63183927775696,52.1798634172636,52.22134780883789,52.51962703692306,51.941126084254805,48.87123734041029,1.0434938702651337
2021-02-03,52.1632685713851,52.44536686270159,51.44972564834598,51.4663200378418,52.41931208462961,51.922506239297434,44.70224251832475,0.9767093817509472
2021-02-04,51.44143352304573,52.179866497854626,50.810862504742886,51.07636642456055,52.291412497956365,51.88932428577834,42.67731351647371,-1.0448359169201205
2021-02-05,50.6615136644268,51.25060025975524,50.205175857426795,50.545352935791016,52.12512111108347,51.83661952695531,40.01889777013235,-3.2094056231218744
2021-02-08,50.90212205985399,50.918716448894905,49.50822503097758,49.97285842895508,51.92014371278553,51.7635308564455,37.31981754493558,-2.9018231880356256
2021-02-09,49.97285356343564,50.06412111174655,49.51651898693686,49.58289337158203,51.69754844219472,51.67801566096066,35.56044847190381,-2.9240001932877613
2021-02-10,49.86498933710682,50.22176073772135,49.45843794155905,49.782020568847656,51.51511721616167,51.60366291225035,37.18878514973285,-1.5101929704854153
2021-02-11,49.782030658871776,49.964565784105645,49.53312113858867,49.77373504638672,51.34927129523072,51.53190103515766,37.14672350889557,-0.39846306340760385
2021-02-12,49.66587309374341,50.014345789128505,49.491636746050865,49.77373504638672,51.19922022391224,51.462953349323506,37.14672350889557,0.3848941879500453
2021-02-16,49.86500573336865,50.08902527939568,49.259324663765206,49.284217834472656,51.01683904396562,51.377512740897984,34.474974783956135,-0.99996490437054
2021-02-17,49.35889125339384,50.55365900621595,49.300809298168794,50.27156066894531,50.945860151106544,51.334142071409644,43.32864585310122,1.0001773467364752
2021-02-18,50.0392511138048,51.20912899190956,50.030952334247274,50.62833786010742,50.91561993291615,51.30646347488799,46.15963353902658,1.7169754548744525
2021-02-19,50.72788904437954,51.02658173656355,50.21347561064945,50.27985000610352,50.855070416076856,51.26620412317096,43.85516699923715,2.020184585204993
2021-02-22,50.13051465076666,50.81087213493612,49.54142791483754,50.60344696044922,50.831106277445656,51.24021364620148,46.524860728872184,0.6601869667215747
2021-02-23,50.77767329580561,50.927019645077166,49.80692202554053,50.379417419433594,50.78808829096832,51.206456931426274,44.9319463740672,-0.4916622808388993
2021-02-24,50.5287687092424,52.204761165951545,50.50387553855893,51.93096160888672,50.896933368865305,51.23486887956198,56.13361526088755,3.283843532911824
2021-02-25,51.798205317697466,52.41218194904171,51.28379186561459,51.5244026184082,50.95669234501225,51.24622314383046,53.086351902693856,1.819946492338333
2021-02-26,51.46632018791658,52.022221159950725,50.82745043321759,50.88553237915039,50.949915205406356,51.23207840796066,48.61978558244665,1.0046066144495862
2021-03-01,51.35846088473224,51.49950844684908,51.04317381668922,51.13444137573242,50.96748912638979,51.22824950473602,50.37177807393588,-1.5338060541863563
2021-03-02,51.399943322275014,51.59077404526943,50.78596359889886,50.83574676513672,50.95494223484188,51.21285724043801,48.24575998116339,-1.336562518486041
2021-03-03,50.65321401708401,50.90212352977349,49.75713913839065,50.40430450439453,50.90250054622785,51.18114929000494,45.2733912654347,-0.9457066719282975
2021-03-04,50.23007354293149,50.57854626501579,48.64534557214133,49.234432220458984,50.74363689615463,51.10480744414039,38.37035978954899,-3.7157131361078113
2021-03-05,49.37548298049902,50.27156117798156,49.226139779308646,50.13880920410156,50.68603425881624,51.0669251602173,45.312319130052394,-1.370959620707525
2021-03-08,50.27984485874693,51.20911162042124,49.889887808367135,50.155391693115234,50.63549687160662,51.031178749742715,45.43368650192528,-0.4938324488885572
2021-03-09,50.437498058087385,51.32527740859017,50.246667308125296,50.25496292114258,50.599255542990996,51.00073891332703,46.205687095549486,2.0727987602536424
2021-03-10,50.72788624147177,50.84404380089046,50.163689668532925,50.55364990234375,50.59491214864364,50.983206010935525,48.55687571330965,0.8273844250139307
2021-03-11,50.611728598346815,50.76937054800344,50.07242202758789,50.07242202758789,50.54515118473356,50.94748899198072,45.134124787821705,-0.16542521696372853
2021-03-12,50.138801526724585,50.561947389593726,49.947970791308606,50.31303787231445,50.523045154979364,50.922608555915374,47.14047146456584,0.11556062883381912
2021-03-15,50.32962564283072,50.97679093565345,50.02263738406299,50.935306549072266,50.562308144892974,50.92310651643133,52.02637208506577,0.7549536926923676
2021-03-16,50.89383363842727,51.55759346856334,50.89383363842727,51.35846710205078,50.63813280747943,50.94017948057327,55.06788801543685,2.568370017640312
2021-03-17,51.516105177769376,51.889471043072874,50.9850973538072,51.59077835083008,50.728860954465205,50.965693161759816,56.69124119934354,2.5395812547799306
2021-03-18,51.424835779776735,52.47026016532654,51.32527260760024,51.715232849121094,50.82280113490862,50.995086874989674,57.575537036137185,1.531209592892955
2021-03-19,51.49950842413655,52.06370500246738,50.91871745643644,52.022220611572266,50.93703156125754,51.03536662936546,59.758236757767435,1.2923935369850246
2021-03-22,51.607375060227405,52.702579537632616,51.53270188381085,52.586421966552734,51.09411636176185,51.096192328863005,63.47733650405593,1.9298867889761866
2021-03-23,52.58642675909898,52.71087995443119,51.93096250248982,51.95585250854492,51.17618647097928,51.1299044927721,57.12319601378919,0.4652781127870673
2021-03-24,51.82309008204532,52.17986153380749,51.66544813373071,51.690338134765625,51.22515329610179,51.1518822826542,54.64285558063371,-0.6379629183549574
2021-03-25,52.27112964976596,52.27112964976596,51.424834789915394,52.096893310546875,51.30817615462037,51.18894153864999,57.67344991941994,-0.9309031451449977
2021-03-26,52.22965032041671,53.084240875160646,52.13008714050878,53.05105209350586,51.47416433927613,51.261965481977676,63.78867396485799,2.1079426707141713
2021-03-29,52.98468391154113,53.44931424899394,52.81874314885507,53.15892028808594,51.634617286781825,51.336355866530944,64.41460818349965,2.84111539276734
2021-03-30,53.100827730842056,53.167205284732475,52.41217485198083,52.52833557128906,51.719733313877754,51.383100168678325,58.092800329559175,0.8281535295595893
2021-03-31,52.59524405904722,53.32271313764117,52.49490107667636,52.78756332397461,51.82143141007745,51.43817715516053,59.83780695045556,-0.4966702056480129
2021-04-01,52.82936242664607,52.96314985757854,52.29421270291617,52.62031936645508,51.89751597735151,51.48453567325051,58.155320725234795,-1.0131901075341658
2021-04-05,52.59523775421212,53.18055579915483,52.578513925821746,52.81264114379883,51.9846707551084,51.536618240722994,59.56335640704037,0.5412423017362107
2021-04-06,52.85445367827904,52.92970931765403,51.7507064272754,51.82596206665039,51.96955564192192,51.54796505742603,50.225814863176595,-1.821643578095386
2021-04-07,51.85103780583403,52.2942112501532,51.784145687098075,51.89284896850586,51.96225024445373,51.56148991668407,50.78901825108242,-1.3824895149020584
2021-04-08,52.00990859782508,52.19386430261248,51.641990808763026,51.76741790771485,51.94369478381193,51.569565524175474,49.65435460778048,-1.9791156311195122
2021-04-09,51.675444385690014,52.37782920292147,51.57510460886952,52.352745056152344,51.982651952606254,51.6002784469981,54.736254080355835,1.0164461372168794
2021-04-12,52.28584834394834,52.49489140073974,52.06844496837259,52.41963577270508,52.02426945928233,51.632410106829745,55.29165249904754,1.0151433476295153
2021-04-13,52.60359654744388,53.29762105166165,52.46980911394628,53.16383361816406,52.13279937917583,51.69246593080364,61.021999793099305,2.6974799340747206
2021-04-14,53.30598009829257,53.48157550248958,53.16383234910755,53.35615158081055,52.24930911266485,51.757708505313715,62.364475463253626,1.9166263843127471
2021-04-15,53.51502815440644,54.12543675126757,53.44813283813619,53.8829460144043,52.40489357949718,51.84105115272904,65.83557448759265,2.7915307310493844
2021-04-16,54.292665746667666,54.886347292833335,54.13379097393032,54.735836029052734,52.62688809850247,51.954572128271145,70.56839009722425,2.95690190850266
2021-04-19,54.70237877726929,55.12882834642471,54.526783396908115,54.85289001464844,52.83888828099256,52.068231653227116,71.15891060196498,2.80518438735411
2021-04-20,54.72747599976961,55.63054363987192,54.70239185079264,55.254268646240234,53.06892450625425,52.1931742804041,73.14840950791607,2.545003072900557
2021-04-21,55.62218799116032,55.93157409107343,55.25427645502223,55.4549560546875,53.296165606105035,52.32108729116031,74.11005229251111,1.3138011178875033
2021-04-22,55.31280827073666,55.65563565435277,55.03686983401601,55.4549560546875,53.50176469644622,52.44398410541628,74.11005229251111,1.0976013112131031
2021-04-23,55.43823049812465,55.96501679285386,55.07031261511378,55.19573974609375,53.66309565355551,52.5518960913252,70.33661786724288,-0.10592647695910995
2021-04-26,55.153918304752175,55.18736595875055,54.41808905525107,55.09538650512695,53.79950430608612,52.65164081343507,68.87453452610679,-0.6483993048447347
2021-04-27,55.1873668745241,55.42149407691009,54.852896708477914,55.1539192199707,53.928496202646556,52.749769378397254,69.27570095209072,-0.5428492891057856
2021-04-28,55.27098373638016,55.51347445129179,54.97832472855161,55.21245193481445,54.05077770094826,52.84634516492342,69.69631985009764,0.03027804101834845
2021-04-29,54.35119605227051,54.56860262273622,52.18550980505951,52.58687210083008,53.91135811998463,52.836169750645254,41.95212963853501,-4.553038944673603
2021-04-30,51.84267593992995,52.48652891098543,51.43295016207872,52.19386672973633,53.747787511389554,52.810981396884124,39.42245966918924,-5.366894197362077
2021-05-03,52.42800587035786,53.172198735706,52.386197891693946,53.08021926879883,53.68420958352377,52.82153974480235,47.1609702090418,-3.861869182214558
2021-05-04,52.99660285509369,53.69062422622205,52.96315519655288,53.47322082519531,53.664115416063915,52.84709586560208,50.19876423057787,1.6854942858471391
2021-05-05,53.43141240601415,54.225773556466166,53.39796474774931,54.08362579345703,53.70406878533945,52.895587235321884,54.56770940482237,3.620653502270706
2021-05-06,54.01673326744698,54.11707624742522,53.55684229639664,53.8996696472168,53.72269743885158,52.93496301618051,53.05707048808416,1.5437961442251449
2021-05-07,54.10034622304986,54.67730716177587,53.673902935676146,53.8829460144043,53.73795920795184,52.97213882003243,52.9136557722399,0.7662250055001953
2021-05-10,54.050169692361216,54.59368289016107,54.0083585311891,54.100337982177734,53.77247147216383,53.016381924430284,54.630428024682516,0.030900644096100792
2021-05-11,53.87457725299505,54.267579223410046,53.55683410091955,53.73242950439453,53.7686579514239,53.04446222168379,51.22640436027349,-0.3102804598189246
2021-05-12,53.874578782849404,54.54351914035836,53.7240675213843,53.958194732666016,53.78670907344696,53.08029486917329,53.15534965390399,0.1396521976389391
2021-05-13,53.8829377043153,54.63548756808395,53.8829377043153,54.384639739990234,53.84365485121298,53.131445648421014,56.6433871699213,0.5255082840816216
2021-05-14,54.51843319648204,54.59369202328459,54.0250945854543,54.250858306884766,53.882436132705536,53.17534418404705,55.253441039698316,0.9648340997643414
2021-05-17,54.217406925033295,55.05357919503927,54.217406925033295,54.735836029052734,53.96371231331003,53.236539942674725,59.16534572986268,1.4411922048903143
2021-05-18,54.70237877726929,55.02012826700695,54.459888095964715,54.85289001464844,54.04839590391369,53.29992622000703,60.07264030373187,0.8609972905895491
2021-05-19,54.61877375762574,54.8361803394019,54.00836517861555,54.81109619140625,54.12103402653203,53.35918778751288,59.56376409744852,1.0326802229604297
2021-05-20,54.6187708679949,56.215862920431775,54.56860257465777,56.02354049682617,54.302225118940996,53.46367220748595,68.0257172309841,2.3525802494182213
2021-05-21,56.22421031067442,56.79280759479371,55.99844665027548,56.06534194946289,54.47014100756213,53.565698471877205,68.27223804440831,2.210370200167518
2021-05-24,56.2493061545874,56.82626706600249,56.19913785950372,56.26603317260742,54.64117835661406,53.67159395033722,69.48852937306081,2.6544570028674035
2021-05-25,56.30783961804402,56.49179854475628,55.747605708139155,55.8228645324707,54.75371989717184,53.75595750257775,63.68293649279494,-0.3581993615109659
2021-05-26,55.78942275458331,55.85631807670848,55.179014104296954,55.29607772827149,54.80537302394324,53.816354374173585,57.5300518557282,-1.3720851321745462
2021-05-27,55.43823411477898,55.73089318649867,54.83618895039029,54.94488906860352,54.818660266291836,53.86061063670025,53.798285811926746,-2.348031360147645
2021-05-28,54.90307877147231,55.362969729647595,54.85290409314346,54.9532470703125,54.831478057150946,53.90345912429289,53.87496949524047,-1.557815904721925
2021-06-01,55.52183708405731,55.52183708405731,54.37627883778539,54.434810638427734,54.793700207748735,53.92429643857269,48.497901106476846,-1.5575554817397346
2021-06-02,54.55188623702111,54.70239752598655,53.96656810187175,54.09199523925781,54.726871163130554,53.93087286212897,45.27971123333907,-1.5522714556413015
2021-06-03,53.90802920026228,54.41809481360757,53.7575179310868,54.18396759033203,54.67516606095926,53.94079814558792,46.30908053272387,-1.3998799361140173
2021-06-04,54.33448067867709,54.5435237606704,54.23413770270441,54.30103302001953,54.639534342774525,53.95492500340877,47.658736537258655,-0.24575747915574467
2021-06-07,54.376281085729936,54.69403062762814,54.125433235244486,54.15887451171875,54.593757216007305,53.96292302334249,46.14187355788649,0.12363986975359191
2021-06-08,54.192323975882715,54.259219290039454,52.86281309933107,53.26417541503906,54.467130377819856,53.9355211563502,37.95432445271682,-1.6975356663565662
2021-06-09,53.5317508384814,54.81109988793529,53.44813487969396,54.685672760009766,54.48794393802842,53.964938866297636,52.40463274180004,0.7083470029905815
2021-06-10,54.81108993072268,56.60885504627365,54.70238346250722,56.34964370727539,54.665248677956704,54.05845670319873,63.20692745415893,4.0450788819154795
2021-06-11,56.7677280553918,56.80953921564584,55.83957643724104,56.307830810546875,54.82168507153672,54.1466674525065,62.821088566503356,5.714263614880708
2021-06-14,56.29111732014926,56.39981741932664,55.7308834267542,56.26603317260742,54.959242033543454,54.229779833686926,62.41095218704499,2.889898455731047
2021-06-15,56.441628283938414,56.50016008772001,55.956646835754825,56.374732971191406,55.09405069427183,54.313895643000826,63.08591008637827,0.04452426362507118
2021-06-16,56.37472440811274,56.74264219284801,55.88974303359574,55.95663833618164,55.17620189826324,54.37831692508635,58.71852921627083,-0.6237009476476821
2021-06-17,56.04862146272144,56.16568506019,55.37968753139936,55.83121490478515,55.238584089360565,54.435293316447094,57.433992654677816,-0.7727899823475735
2021-06-18,55.521843863597304,55.79778226295681,55.00341472354205,55.58037567138672,55.27113566860115,54.480198506836885,54.84966968467657,-1.4090661861061402
2021-06-21,55.69743831760973,56.15733564187153,55.58873821346079,55.88139724731445,55.32925581895479,54.535147477051694,57.33095953793347,-0.1344632041959828
2021-06-22,55.814500734592414,55.84794839195699,54.94488078157852,55.137203216552734,55.3109650949165,54.558757506051734,50.0132541411866,-1.2430531727027363
2021-06-23,55.31278858379329,55.37132037867507,54.551868870842995,54.56859588623047,55.240263265517825,54.55914332488227,45.259800117214155,-1.8203903319011272
2021-06-24,54.73583637718184,55.36296558367497,54.69403159110855,55.06194305419922,55.223280388249385,54.57886096132607,49.72462445319997,-1.4664167924946
2021-06-25,55.12883203182594,56.09878844239948,54.9448731316773,55.806129455566406,55.27878982323196,54.62698913757079,55.60668329432776,1.2132030643383334
2021-06-28,55.78941017583038,56.01517386273893,55.287708131987685,55.52183532714844,55.30193701408115,54.66208114500521,53.05306846012625,1.7468645205850053
2021-06-29,55.52183436610407,55.6974297594352,55.2626166506736,55.41312789916992,55.31252662218484,54.69153395889403,52.06842532384309,0.6377995862314934
2021-06-30,55.446578180643,56.157329675256726,55.346241596547166,55.87302780151367,55.36590768688283,54.737867050761466,55.80544905791543,0.11987634082476727
2021-07-01,55.94884025564611,56.21839178080629,55.80564241372686,56.066768646240234,55.43265634967877,54.78998083881946,57.31524920850113,0.9814756948881723
2021-07-02,56.23524455323656,56.42056243898205,55.87303407472007,56.395286560058594,55.524335417333994,54.852934004358254,59.82173077030706,1.7724295633984315
2021-07-06,56.167855206767285,56.27735830925439,55.63717742709285,56.14258575439453,55.583216401815946,54.90350858279105,57.04678078869215,0.4824473694864926
2021-07-07,56.24366441909582,56.59745603754057,55.780376123114586,56.55533599853515,55.675799220551106,54.968286128506506,60.28713716539631,0.8714027294449356
2021-07-08,56.1425786048693,56.26893227725799,55.65401449916088,56.176273345947266,55.723463422969786,55.01565817624928,56.1013359150203,-0.38835375697238156
2021-07-09,56.184691582211926,56.91753773256961,56.184691582211926,56.57217788696289,55.80429337192151,55.07669816490472,59.28123072801324,0.7651805252570385
2021-07-12,56.487945769727226,57.16182782532716,56.437406864872685,56.85858154296875,55.904701769164106,55.14657594443664,61.45636882439497,0.5361926316580549
2021-07-13,56.62272654111582,56.9512422862846,56.44583394191846,56.80804443359375,55.99073440387169,55.21173157146241,60.83879438258926,1.1246226387355442
2021-07-14,56.8838480020003,57.271327914264475,56.605871186697115,57.17866897583008,56.10387102977249,55.28886637163369,63.71830354055926,1.0720660075682784
2021-07-15,56.98493182818902,57.2292138980884,56.538487724330395,56.79961395263672,56.17013226052146,55.34811137481028,58.94456180665617,-0.10370921808428987
2021-07-16,56.80803763828815,56.92596602364661,56.28577876983281,56.69010925292969,56.21965387884605,55.40073874257967,57.60196019758294,-0.20760295806683476
2021-07-19,56.26893976012724,56.6564196941304,55.409739814916065,55.8983039855957,56.18904912710792,55.42025110505089,48.92437277443886,-2.239235388245215
2021-07-20,56.016227843081474,57.00177497101574,55.96568894214589,56.20154571533203,56.19023927836736,55.45089010937564,51.912176847112505,-1.0529441939577202
2021-07-21,56.53005785443332,56.639560941749664,56.066763203066735,56.57217788696289,56.22661438394788,55.49486217908495,55.35011149912111,-0.2080281155229954
2021-07-22,56.55532569020323,57.279746528069744,56.37843312653087,57.24605178833008,56.32370366055571,55.56353628140829,60.832929115128266,2.4110710104579787
2021-07-23,57.27975877090157,57.726202921298594,57.11129146280997,57.56615447998047,56.442032310024736,55.64207032841112,63.14787743601708,2.4280626934361456
2021-07-26,57.465067430700856,57.56614522866551,56.85014964441832,57.01862335205078,56.49694574259865,55.696052799926406,56.9477457266173,0.7891608238592744
2021-07-27,56.65642193006668,57.04390187936166,56.47952932886348,56.85015869140625,56.530585071056514,55.74131185449424,55.15342799472964,-0.6915640197994111
2021-07-28,56.94281353597116,58.1136785928715,56.445830515057736,57.89467239379883,56.66049814941292,55.82575736583952,62.94847758963858,0.570678928940106
2021-07-29,58.12211609732801,58.34954763695402,57.321886634750626,57.40612030029297,56.731509782830074,55.88773238287691,57.88083648671741,0.6795971657359392
2021-07-30,57.406099056453854,57.71776414628667,56.85014550170176,57.17024230957031,56.77329383299581,55.93802688980607,55.55538129384677,0.5630302984755747
2021-08-02,57.44822730766576,57.86940201351849,57.24606524830893,57.29660415649414,56.823132911424224,55.99130442967619,56.56220668670902,-1.033028105309302
2021-08-03,57.53246013069275,58.400078887014814,57.27975276842128,58.38322830200195,56.97171342481258,56.08510536584583,64.09474085861642,1.7020972617513708
2021-08-04,58.06314449061123,58.40850440331547,57.65881395026273,57.692508697509766,57.040360593640884,56.148140790616964,57.293532625208385,0.9135283791722282
2021-08-05,57.84412461648978,57.919939394972985,57.25448267990976,57.63353729248047,57.09685361257799,56.2063916338273,56.73995688007423,0.5880507945393467
2021-08-06,57.60827179935687,57.61669709234827,57.07759401997903,57.38084030151367,57.123899963905195,56.252448444324806,54.31804220250814,-1.7169108828706368
2021-08-09,57.448214355536905,57.55772386740311,56.62271571708534,56.75748825073242,57.08900361026969,56.272253926929025,48.78602779960678,-1.6206964610947883
2021-08-10,56.80803357413781,56.91753665938947,56.24365471131043,56.75748825073242,57.05743071888519,56.291282723940924,48.786027799606785,-1.5200334438995926
2021-08-11,56.88385098066129,57.05232470782543,56.22681951126012,56.327903747558594,56.98795195971123,56.29271884251417,45.11377208372733,-1.8349967487794046
2021-08-12,56.24366341959551,56.62272448406098,56.10046557210691,56.395286560058594,56.93150763593479,56.296741105947284,45.802898234468415,-0.6381566588601709
2021-08-13,56.4458373074062,57.13656358543366,56.420567852673614,56.86701202392578,56.92536519669584,56.319104671358204,50.48949483357224,0.19296797051611253
2021-08-16,56.86702211099386,57.86941374401562,56.85859681571647,57.852569580078125,57.01367037606558,56.379240550131534,58.55343673434134,2.7067682819380874
2021-08-17,57.8525564372781,58.25688697271333,57.45665119520623,58.08841323852539,57.116026839156994,56.44626693006855,60.22302240139339,3.00224855966232
2021-08-18,58.113682980203166,58.18107247421255,57.16183047713013,57.220794677734375,57.12600472854532,56.47664056723192,51.93469195732211,0.6221228111294927
2021-08-19,56.98493346266935,58.21476271333693,56.90911868112557,57.709354400634766,57.18156184017288,56.524982286188894,55.63720754104373,-0.2475519764858921
2021-08-20,57.87781994563413,58.41692298642807,57.53246007260138,58.29056930541992,57.28718159876784,56.594220992825406,59.62206704040426,0.3480144414763551
2021-08-23,58.34111524391905,58.75386460802134,58.021018391802166,58.071563720703125,57.36188465799977,56.65215600176179,57.52527214805647,1.486817944001395
2021-08-24,57.987324966846174,57.99575025962382,57.43980304199157,57.7177734375,57.39577882747598,56.693944920810345,54.20867222712116,0.01458868662225369
2021-08-25,57.49876752026591,57.54088113112995,56.690112928260504,56.942813873291016,57.352639308029794,56.70370448757429,47.71872638241532,-2.31213290278088
2021-08-26,56.799613715868205,57.07759052803792,56.39528322301997,56.428977966308594,57.2646715611992,56.692930898505054,43.96064285871631,-2.8285543717999317
2021-08-27,56.50479821386388,56.62272661347949,56.08362352191787,56.100467681884766,57.15379500126449,56.66969704687289,41.69955119368964,-2.802093114985703
2021-08-30,56.19312130740699,56.84173387049261,56.024654017226794,56.614295959472656,57.10241414014146,56.667524455210135,46.34785926651366,-0.5769260271355336
2021-08-31,56.47953316262408,56.98494154702769,56.24366991839386,56.31948471069336,57.027849432574975,56.65387583777811,44.17176124359262,-0.19403728290207253
2021-09-01,56.681688875946,56.681688875946,55.123343854332106,55.43500900268555,56.87615034401408,56.606077138362714,38.35365003140536,-1.1861909654170317
2021-09-02,55.56978279781399,55.696136474609375,55.17387760960879,55.696136474609375,56.76376807073744,56.57039319076455,40.83152296221812,-1.6217802752869093
2021-09-03,55.56978296723394,55.56978296723394,54.996985200414855,55.26653671264648,56.62117460806211,56.519261564171686,38.1170408000568,-1.8695980679790547
2021-09-07,55.1233452175182,55.224423029596,54.4578884393379,54.91275787353515,56.458468252392876,56.45626141944084,35.994850656721844,-0.9420962286216952
2021-09-08,54.42419554893515,54.870639705144136,53.92720605834799,54.68532180786133,56.28959716243749,56.38681280722204,34.658895147619546,-1.8148739405090597
2021-09-09,54.280996764899726,54.55054831271843,53.44706945468641,53.55657577514648,56.029309411266915,56.27582311968967,28.92172866242892,-3.094025859428812
2021-09-10,53.67450319698004,53.80085367523055,53.03431587260253,53.17751693725586,55.75771012802777,56.154320916456975,27.288107931711043,-3.159995970837185
2021-09-13,53.46391232464907,53.49760385530752,52.69737457261236,52.933231353759766,55.48871214952605,56.028003678704145,26.25872601466678,-3.2039501573339733
2021-09-14,53.118561538823336,53.143830995998535,52.200400439526405,52.318328857421875,55.186770883611366,55.882526234732296,23.822673170962222,-2.3120352632761567
2021-09-15,52.208818671498456,52.62157131700904,52.065620806985656,52.22566604614258,54.904760899090526,55.73911995282682,23.469329245070025,-1.789949862150145
2021-09-16,52.10772638074861,52.26777158533293,51.09690661361341,51.57704544067383,54.58783561733655,55.575901344507095,21.10913607368507,-2.5620690035383786
2021-09-17,50.97055388310776,51.737091604852054,50.84420341818954,51.64443588256836,54.307511833072915,55.42172622835264,21.986957813173255,-1.2880628826849794
2021-09-20,51.08007135602823,51.703411377798034,50.675743995951144,50.96214294433594,53.98890527224082,55.246840609371596,19.608080928564405,-2.419352777024019
2021-09-21,50.99582797812227,51.49281419935507,50.80208802249695,50.81893539428711,53.68700337910237,55.073197267603575,19.139992075697727,-1.4698593917302418
2021-09-22,50.96213359722709,51.09690935919984,50.58307576252007,50.66731262207031,53.399413783194554,54.900417477582664,18.632820381817105,-1.89202039638864
2021-09-23,50.87789625701348,51.66970339945112,50.72627313413921,51.07163619995117,53.177720680028514,54.75026919218535,24.386699906803234,0.21485214178459844
2021-09-24,50.96213395167362,51.46754225925971,50.684157133185906,50.73469924926758,52.945051972337,54.592795861090536,22.931419450807798,-0.1657573980367184
2021-09-27,50.633619859871686,51.1474534766611,50.36406832537688,50.40618515014648,52.703255132128376,54.42861504889665,21.57928238954149,-0.515376597672737
2021-09-28,50.43987989528527,50.7347008819803,50.01870522097366,50.40618515014648,52.48448656241582,54.27087269992606,21.57928238954149,-1.3029757793531018
2021-09-29,50.456727810602665,51.33276870048024,50.456727810602665,51.06321716308594,52.34912757200345,54.145082286716644,31.01445332286624,0.6475211614132156
2021-09-30,51.10567818961681,51.436870997866194,50.2309891586512,50.24797058105469,52.14901738238928,53.99225437669069,26.718852622938485,-0.31387927616523864
2021-10-01,50.41781181367249,50.749004607819266,49.80638020889878,50.53670120239258,51.995463460484835,53.85674248750253,30.395770631258344,0.25892864508061586
2021-10-04,50.44329806422509,50.97830039448531,49.97622790995977,50.044166564941406,51.80962566090927,53.707229706225625,27.830456082413846,-1.995664697133913
2021-10-05,49.984714818460915,50.68106973643564,49.959239446179105,50.230987548828125,51.6592791740444,53.5709064843669,30.235566922150706,-0.033798444056894354
2021-10-06,50.19702582647386,50.298930570523446,49.76392499514965,50.26496124267578,51.52648699010453,53.441261572928035,30.687934813209782,-0.5377081472502835
2021-10-07,49.891308356514465,50.40083531627299,49.56860622093758,50.11210250854492,51.39178370614647,53.31070631550125,29.75312667123036,0.1357519732401905
2021-10-08,49.993211180722554,50.0951191603555,48.243832977102926,48.6259765625,51.128373501989664,53.12699142322669,22.558414343334377,-3.195260664082981
2021-10-11,48.67692456858127,49.05907134649526,48.413667179464326,48.761844635009766,50.90298980037253,52.955809196237794,24.359286650300604,-2.9903864849493704
2021-10-12,48.84677616537205,49.967738076330015,48.25232588180502,48.45613861083984,50.66995635375037,52.77935152622219,23.059902923145753,-3.3045188982496128
2021-10-13,48.45613178647909,48.7363706050042,48.1164450324256,48.464622497558594,50.459924557922584,52.6101464662746,23.182367172543007,-0.331826888317635
2021-10-14,48.46462822205751,49.39876204680229,48.413674231083064,48.9996337890625,50.32084924660258,52.46855773383491,30.676008864635115,0.4876541398969304
2021-10-15,49.34780857472936,49.84035083568797,49.17796518700485,49.56011199951172,50.24839808021297,52.35450103837126,37.54908675689548,2.2782941858782753
2021-10-18,49.26288352558838,49.381776160452176,48.33724049656801,48.354225158691406,50.06800065911568,52.19762747446225,30.534645322477154,-0.22778953632156893
2021-10-19,48.55804197813001,48.948679521580715,48.422167909125704,48.906219482421875,49.95735483276389,52.068552651244985,36.3922058981455,-0.1906428669299087
2021-10-20,49.1779648972598,49.76392117998923,49.16947418569552,49.313838958740234,49.8960676066664,51.96052466330362,40.389587906729865,-0.4969178454921787
2021-10-21,49.33081924292162,49.33930995373228,48.71938440078198,49.093040466308594,49.81958883139423,51.84807430263715,38.96127189323212,1.5279229585263854
2021-10-22,49.093040691912805,50.10360373665502,48.77033860824583,48.914703369140625,49.73340926356055,51.733040148382386,37.79859039852996,0.017347255233660663
2021-10-25,49.016611111041136,49.39026393707488,48.846767739392035,49.093040466308594,49.67242175906037,51.62951074908538,39.735346710308775,-0.4477414395102715
2021-10-26,49.169473395813576,49.55161696043683,48.931691362422775,49.45820617675781,49.65202027503155,51.54436155017057,43.6073042742016,0.7438237823135511
2021-10-27,49.551618829515746,49.611063530232414,47.64938192759594,47.97208404541016,49.49202634840095,51.4042722362584,34.025941693953236,-1.9270674435391602
2021-10-28,48.00605283839803,49.0420946627158,47.85319410236775,48.51558303833008,49.39903174744182,51.29099030692788,39.28037674877196,-1.176251098920653
2021-10-29,48.61748481796252,49.73844665416918,48.524070791696424,49.59408187866211,49.41760795041518,51.22444487836844,48.11173669230669,0.27472832601063835
2021-11-01,49.50915747936326,50.29043575870383,49.5006667678402,49.83185958862305,49.45706048738736,51.169833690535285,49.84378273868079,3.876787052762661
2021-11-02,49.91677829968819,50.63861186019037,49.500665417057114,49.789398193359375,49.488711697479935,51.115698965155836,49.52585379017589,2.6255794020302923
2021-11-03,49.721460397847665,50.50273866926857,49.6025710007711,50.409324645996094,49.57638912114814,51.0879980114633,54.12642981086299,1.643830748452152
2021-11-04,50.477267425554466,50.6895708768994,49.77242165162594,50.31591796875,49.646820439967364,51.05772036272945,53.337571677224986,0.9713833361287343
2021-11-05,50.17154017153106,50.83392573138845,49.90828279388615,50.485748291015625,49.72671833054339,51.03529008540734,54.6322409695081,1.3985911116096301
2021-11-08,50.7829750278682,51.122661779690574,50.154558748337635,50.4517822265625,49.795772034926166,51.01240742427617,54.3077014325402,0.08422564845803497
2021-11-09,50.45179120955609,50.655603944837175,50.2734570908686,50.4942512512207,49.86229386504946,50.992087574352425,54.67028931431993,0.35442716672974467
2021-11-10,50.35836983468147,50.91036001435184,50.35836983468147,50.43479919433594,49.91681818212436,50.97023312807727,54.02398629214732,-0.10091778057047107
2021-11-11,50.44329859412932,50.68956812229137,50.222501202612904,50.26496124267578,49.94997466408164,50.94257540708114,52.12811278040225,-0.37029610380812045
2021-11-12,49.95074443675534,50.698053322942975,49.89979045377908,50.46876525878906,49.99938329214901,50.92399461695204,54.20495681360862,-0.05047305742755122
2021-11-15,50.782981873403834,51.00377926369971,50.51972768277319,50.630123138427734,50.059453753699366,50.9124702452452,55.83849511789908,0.3872801066168073
2021-11-16,50.528216754847925,50.901869628498126,49.97622653651866,50.18852996826172,50.071746726514824,50.88408043046154,50.52661896831132,-0.1520567658354645
2021-11-17,50.103600159133975,50.74051033064839,49.55161004802442,50.47725296020508,50.110366367818656,50.86812641202011,53.63241155794355,0.016817731467162263
2021-11-18,50.485754540356474,50.69805796294881,49.88281359767259,50.137577056884766,50.11295786201543,50.839477417701076,49.680941220980934,-0.972832082980125
2021-11-19,50.21400831929897,50.46027783681309,49.084552513398855,49.11003112792969,50.01744103019774,50.77165599457279,40.064536893036475,-2.148895058321201
2021-11-22,49.09305058861607,49.526148198101794,48.42217091399708,48.43915557861328,49.86712813004684,50.68018539002536,35.2650694701926,-4.037655106149653
2021-11-23,48.65145655690405,49.22042821493755,48.57502718975845,48.787330627441406,49.76429027265584,50.605955791492654,39.327317900615554,-2.693082730965251
2021-11-24,48.76185312784413,49.016619850488,48.03153200667782,48.24383544921875,49.61948505137612,50.513323621207405,35.57456378110837,-1.7637856438219965
2021-11-26,47.819217696347614,48.17588584380018,47.403101618160235,48.00604248046875,49.46582385414684,50.4149988705902,34.0438889418326,-0.8941384154428945
2021-11-29,47.420080685039835,47.81071810697987,46.367054548188094,46.401023864746094,49.173938140870575,50.2575880860473,25.933093701194196,-4.891242730449956
2021-11-30,45.99340951334599,46.15475893487146,45.19514987704588,45.54332733154297,48.828165682839376,50.07271511528243,22.806185135336868,-5.597623183418583
2021-12-01,45.80659500271548,47.52200740964616,45.78111962324175,46.664302825927734,48.622083505990645,49.93905188824891,34.00603547233261,-2.794939106023793
2021-12-02,46.69825965084803,47.454059274749,46.42650830477253,47.054927825927734,48.472830584079894,49.825948983844164,37.413705646352675,1.4092446819443016
2021-12-03,47.35214842070096,48.14191731968915,47.35214842070096,47.82770919799805,48.4113904520721,49.74758663930118,43.616490682865106,5.015843154860871
2021-12-06,47.99756105537884,48.863759460394974,47.938116352636946,48.26081848144531,48.39705026439336,49.68928200565978,46.79888339288232,3.421278276615585
2021-12-07,48.447644382541775,49.050585374942635,48.35423035057956,48.51558303833008,48.40833910000638,49.64325459517626,48.6353874151916,3.1041492993163367
2021-12-08,48.73636928586133,49.15248538633923,48.5325598305401,48.914703369140625,48.456564268495356,49.614683958861136,51.46222296682316,2.2727289041643606
2021-12-09,48.608994619782194,49.08455222835255,48.32875253802331,48.8637580871582,48.495344632177535,49.585235885461024,51.07582333249971,1.249335640556326
2021-12-10,48.92319607854192,49.08454549653632,47.64937567686974,47.86167907714844,48.434995531698576,49.51764542238995,44.06701092529394,-1.347822535009049
2021-12-13,48.62597526536887,50.41781669911695,48.49859515346556,50.14606857299805,48.59795486896519,49.542289467511836,58.16171122545019,2.517372321702082
2021-12-14,49.933760308459064,51.31797941889909,49.76391693621914,50.53670120239258,48.78259737691066,49.58128600613461,60.01714176198212,3.423689009450213
2021-12-15,50.63011750527264,51.7001285310549,50.61313284333243,51.47084045410156,49.03862052711931,49.65538618056469,64.11546236323296,7.540816466416699
2021-12-16,51.80203763867471,53.22022301579312,51.62370353247898,52.795616149902344,49.39642963405103,49.77853245387205,68.97272069060841,5.283659621386527
2021-12-17,52.906007971111016,53.135296037653255,52.1077483331251,52.277591705322266,49.67082602179115,49.87653477745834,65.25327075875849,3.4448043926683285
2021-12-20,52.175689180249904,52.68521934998555,51.70013157588849,52.41347122192383,49.932030326565695,49.97602248116287,65.774631014816,1.831387946079575
2021-12-21,52.65125193768926,52.855064660889646,52.01434163199141,52.18418502807617,50.14652125051907,50.06261709084575,64.02877752033812,-1.1581096432138198
2021-12-22,52.10775160249765,52.889026628333745,51.74258946318506,52.73616790771485,50.3931542654901,50.16746222091905,66.34475593097322,0.877194582676039
2021-12-23,52.999423945801894,53.126807289529026,52.523863133979326,52.69370651245117,50.61225447948639,50.26653062450855,65.99276701834468,0.5346627193241977
2021-12-27,52.72767858532857,52.948472721209335,52.455930461401536,52.89752197265625,50.829899002645426,50.36970675580846,66.90052695015446,1.3669600170938534
2021-12-28,52.922991882992285,53.19473997886316,52.74465780248193,52.94846725463867,51.03166740759716,50.47083461850768,67.13666332865141,0.4025687784052346
2021-12-29,52.81259865924582,53.06736535998394,52.67672459728231,52.89752197265625,51.20936784236469,50.56599882847429,66.6247901706741,0.3867927949933032
2021-12-30,53.075845998500355,53.644817512647855,52.95695662178253,53.092830657958984,51.38874525337367,50.66509027276781,67.64330879995036,0.3692208595398726
2021-12-31,53.16926460721678,53.49196668587326,52.94846725463867,52.94846725463867,51.5372902058751,50.7546344681353,66.03908030156323,0.0
2022-01-03,52.71068488832197,52.85505287662923,52.090759384396975,52.54933547973633,51.63367547005236,50.825014899962795,61.68342279126267,-0.6582283629465785
2022-01-04,52.226648303153546,52.914512642144466,51.861486112768766,52.76165390014648,51.74110198720418,50.90096152742098,63.07846859659615,-0.6237692617032492
2022-01-05,53.02491110218868,53.72976014565908,52.7531629320418,52.787132263183594,51.84072391824984,50.974929007254815,63.251375121985916,-0.3047019107827791
2022-01-06,52.87278169262354,52.932747319807454,52.13605739535654,52.66718292236328,51.91943429959398,51.041291905886524,61.784403993268825,0.22426057637283833
2022-01-07,52.675758339841,53.97787207641574,52.435892531202896,53.82367706298828,52.10079075325058,51.15040504930228,69.20119051301924,2.0128693555583475
2022-01-10,53.79797642003387,55.95674914061123,53.76370940830675,55.76828384399414,52.45007580951187,51.33149833536863,77.21033495529564,5.647496753464958
2022-01-11,55.434190109022005,56.4107770937853,55.09152651849214,56.09381866455078,52.797098938563195,51.51825599533656,78.23090520476298,6.506206620617445
2022-01-12,55.562690322294706,55.99101818075473,55.151492702436734,55.52842330932617,53.05722506911205,51.675517458630274,72.18461386071793,3.167279419321121
2022-01-13,55.38279359121297,55.648354772901506,54.70603478829158,55.33995819091797,53.274628223569756,51.81922101675921,70.23596452374375,-0.7680452464242354
2022-01-14,55.06582268154192,55.6740473926821,55.04012405844306,55.622650146484375,53.498249359085435,51.96837510027785,71.47965136226046,-0.8399651321370412
2022-01-18,55.40848962719026,55.70831780794738,54.663200100821065,55.58838653564453,53.69731004256725,52.110336333037324,71.091908545966,0.10798654588899224
2022-01-19,55.56268027926742,55.9653094391664,55.18574974050867,55.4427490234375,53.86354232645966,52.24101918364126,69.3694282751116,0.185744326305618
2022-01-20,55.27141878829412,55.98244453513449,54.93732361293806,55.32282257080078,54.00252139734929,52.36187421843183,67.91029119262775,-0.5390386378462485
2022-01-21,55.45988806247925,55.61408634956087,54.21773991459598,54.43190383911133,54.04341496323139,52.44305185061534,58.12837480643615,-2.080439402197148
2022-01-24,54.12350926377485,54.32910480888839,52.41876292380685,53.635215759277344,54.0045388485691,52.489803376445224,51.04734496176904,-3.2601797277332905
2022-01-25,53.31824803539133,53.80654148476714,52.6414893010347,53.506710052490234,53.957126582275876,52.52968206962346,49.98953865623972,-3.2827546280494473
2022-01-26,53.24971853843347,54.320538170615514,52.99272248028621,53.31825256347656,53.896281437628325,52.56060640271574,48.405367210800534,-2.04595319488819
2022-01-27,53.549548414119634,55.27142499900772,53.412483627600594,54.70603561401367,53.973400882998355,52.644740881590174,58.7676225764937,1.9964865239702279
2022-01-28,54.55183281580013,55.61408400663134,54.17490550097003,55.60552215576172,54.12884100421391,52.76084995116553,63.837177768336794,3.922521308472421
2022-01-31,55.32282536636882,55.68261918327737,55.16005869577317,55.58838653564453,54.26784534054064,52.87173373879216,63.676557298009584,4.257705125398331
2022-02-01,55.69118821954448,55.90535214197768,55.40849027334923,55.84538650512695,54.41808735621552,52.988347572766074,65.09506587721476,2.0826785898947895
2022-02-02,55.554116549444295,55.66548596473649,54.851659191099834,55.511287689208984,54.52220167364347,53.08728640086188,61.720624979086836,-0.16946961902230787
2022-02-03,55.51129062924961,55.75115317371537,54.48329989269956,54.885929107666016,54.556842381645616,53.15782140897185,55.88134296168383,-1.2636765910233498
2022-02-04,54.09780610405699,56.06811019578751,53.88364218957994,55.674049377441406,54.663243047911884,53.256497015578496,60.90170484199726,-0.3068062348710167
2022-02-07,56.00814607993505,56.92476739732227,55.682619273977664,56.70204162597656,54.8574143410609,53.3916164120647,66.29002289543794,2.1450663213475636
2022-02-08,56.753438221009056,56.78770523215116,56.1966107275369,56.44504165649414,55.008616942530736,53.51135857851291,63.9183811602808,2.84064162559719
2022-02-09,56.316545993926674,57.62722821821696,56.213751488971866,57.515865325927734,55.24740250285426,53.66839805880369,68.9095028215695,3.3082126575700714
2022-02-10,57.284566145612,57.481593286725634,56.68490326415787,56.97616958618164,55.41204698698068,53.7981145892891,64.09705608334545,0.48345342133058844
2022-02-11,56.89907193107628,57.70433040749053,56.87337330493788,57.29313278198242,55.59119801507608,53.935174126257465,65.61581916681652,1.502507750192627
2022-02-14,57.284573345872865,57.41306648198286,56.38508217851404,57.23316955566406,55.74757625703684,54.06450728035184,65.05515535135001,-0.49150920126422
2022-02-15,57.16464102322887,58.303988202551,57.16464102322887,58.05555725097656,55.96738397074539,54.221019043905756,68.97110082870297,1.8944545985357086
2022-02-16,58.05555345272813,58.58668233539001,57.78142389233328,57.9099235534668,56.152387740528376,54.365681965849326,67.52796522430616,1.0765527062928277
2022-02-17,57.82425507265869,58.06411760353418,57.216030359149045,57.73002243041992,56.30263866337519,54.49761688602857,65.69920494740883,0.8681204948340808
2022-02-18,57.72146331417315,58.18405821333887,57.55013477482207,57.86709976196289,56.451634958478785,54.629753469398544,66.44487789921476,-0.3246157610699737
2022-02-22,57.96989460660679,58.48388676339817,57.438772210087144,57.78142929077149,56.578282037744756,54.75334859964847,65.48669704840684,-0.2218864312204968
2022-02-23,58.16692069961804,58.5010158846076,57.78999011726509,58.19261932373047,56.73202844593387,54.88822196137718,67.88082043905447,0.8013107804835855
2022-02-24,56.95903738473362,57.54156353977269,56.702044588423874,57.481597900390625,56.80341601302499,54.98992297859339,60.11531190051297,-0.6661848669762833
2022-02-25,57.98703118871221,59.38337774156217,57.935627398169096,58.93791961669922,57.006702070517775,55.14474637616617,68.15181074776898,2.001491379017229
2022-02-28,57.98701926363755,58.852236708041694,57.64435571880015,58.8265380859375,57.180019786272034,55.289130364784654,67.03923326742867,1.0893456413784839
2022-03-01,58.3553848025544,59.117807802597206,58.26971400957206,58.792274475097656,57.33356785187448,55.42650856518909,66.67861801970403,2.280167258012367
2022-03-02,58.90364372295924,59.3234031571621,58.68947981264457,58.98073959350586,57.490441351077465,55.56589017414269,67.70757735444496,0.07265267774145899
2022-03-03,58.98075124081743,59.666078503465926,58.77515567632895,59.20348358154297,57.65358823016942,55.70854089600152,68.92879479580333,0.6407745685370829
2022-03-04,58.47530944772646,59.57182750177981,58.45817267676511,59.41762924194336,57.82159213605265,55.85399534094042,70.0995291639442,1.0636682666709576
2022-03-07,59.28913914981615,59.30627592353695,58.39821645349624,58.912208557128906,57.92546036663134,55.97392527098703,63.97285969948838,-0.1161922296147314
2022-03-08,58.19262431652712,58.6038219448978,57.678632182887185,58.02985763549805,57.93540296366626,56.05455006959531,54.944540405549766,-1.9823596096814928
2022-03-09,58.57810891221266,58.783710966655434,58.21831512058336,58.36394500732422,57.976216491633686,56.145114576957226,57.396214479021,-1.7733528719710965
2022-03-10,58.05555347351025,58.87794869075345,58.004156223344154,58.61238098144531,58.03680358590146,56.24187012223127,59.17522382206118,-0.5089396290292565
2022-03-11,58.32968210794812,59.52900136697584,58.20118898457286,58.99787902832031,58.128334580417544,56.34994890286222,61.838108244428355,1.6681436630478776
2022-03-14,59.049277235787144,59.914501316549725,58.89507894947069,59.31483840942383,58.24133494508481,56.466219079590125,63.92182723641989,1.6292479920270635
2022-03-15,59.68319404132641,60.12865861303984,59.34909888042311,59.75172805786133,58.385181908206384,56.5950625689341,66.6267829304488,1.9438675879362317
2022-03-16,59.90593865390871,60.0944039702781,59.12637876088349,59.67464447021485,58.507987866492904,56.71583048663138,65.69095490886956,1.1471013077769723
2022-03-17,59.70033860650536,60.57412455621546,59.349106627737434,60.41135787963867,58.68926120107822,56.86075312949441,70.02442725858816,1.8486427673393624
2022-03-18,60.29998146448354,60.83967208862305,59.89735232479852,60.83967208862305,58.89406223798725,57.016789167107305,72.22122034263175,1.8207741702603055
2022-03-21,61.23374148077112,61.73059673170697,60.47988041522418,60.865379333496094,59.08180672327381,57.16771427167157,72.35218683152432,1.9953782278092487
2022-03-22,61.00244538576199,61.16521204359184,60.19718701851576,60.66835021972656,59.232906103888354,57.304994112771766,69.6421286688144,0.4254040119407886
2022-03-23,60.81399890791419,61.2594636242005,60.5141706579709,61.148094177246094,59.415304968017665,57.45570391922174,72.35715178465526,0.5069423914280456
2022-03-24,61.35369005493687,62.19320906941308,61.24232061930686,62.03044891357422,59.66436629616591,57.63510568370615,76.51697315268129,1.9141745156871983
2022-03-25,62.10753216880952,62.92992077599453,62.064696773697975,62.77572250366211,59.96068593497507,57.83669850017501,79.34437436511708,3.4735941826391152
2022-03-28,62.7071884891381,63.169783306160056,62.287429067229965,62.63009262084961,60.2149151431536,58.02467474020147,77.38371392464833,2.423621641105839
2022-03-29,62.501598017092235,62.827124824641,62.24460523295296,62.7328987121582,60.45472310210641,58.209310974395855,77.80075372724562,1.1324273979746522
2022-03-30,62.981313892331826,63.45247706461369,62.72432114580256,63.15264892578125,60.71166841864687,58.403167364646265,79.4656739648596,0.6004334272650579
2022-03-31,63.394277476290306,63.523725318271616,62.98005228273899,63.023197174072266,60.931814014401674,58.5843450042316,77.53436773252336,0.6276608204979589
2022-04-01,63.1612791824688,63.79988022234984,62.99731147039475,63.704952239990234,61.19592241683868,58.7851531311241,80.25590303212768,1.5495115765209149
2022-04-04,63.86030536395334,64.62835445580038,63.46333668825654,63.679080963134766,61.432413706962116,58.97707186963432,79.86053485213071,0.8335866290774172
2022-04-05,63.65317609292212,64.71463396129343,63.48057676766469,64.23136901855469,61.69898087949474,59.18312273821944,81.90938641558964,1.917027219589335
2022-04-06,64.01563556694155,65.1375083258371,63.8344111829339,65.01668548583984,62.0149527467657,59.41188990479279,84.34777240405315,2.0590757856752306
2022-04-07,65.05120584991674,66.69086351612209,64.98217269167053,66.6736068725586,62.45863409207931,59.696663119214975,88.01753007705638,4.702526896010679
2022-04-08,66.29387556438853,67.36396492142329,66.24209906478708,67.11370086669922,62.90197378490025,59.98752734460651,88.77061739456181,4.487420853994104
2022-04-11,67.05329257669993,67.42437285216285,65.99183483376454,66.0177230834961,63.19871181333795,60.224005608876695,75.9661859160912,1.5396626114911205
2022-04-12,65.77609861878975,66.46647616999941,65.21516233193802,66.06088256835938,63.471299504292375,60.45290274454268,76.11231086888938,-0.9189907865197596
2022-04-13,66.21622751001556,66.57004465315003,65.97458842164065,66.33704376220703,63.744227528855674,60.683653372686386,77.07286651367254,-1.1572258636649744
2022-04-14,66.48373547063208,67.41575202294713,66.26799126411419,66.88933563232422,64.04376163394792,60.92701346129964,78.90019844341785,1.3202705396636456
2022-04-18,66.57868213434355,66.6477218799639,65.89692946032588,66.23348999023438,64.2523071916895,61.135110580081395,71.60207870926293,0.26128537065242347
2022-04-19,66.34565984471821,66.35429145699416,65.56898592365066,65.93143463134766,64.41222409070456,61.32320171934674,68.46122889264375,-0.6114368501456423
2022-04-20,65.76745682274995,67.04466529990485,65.62075235653333,66.69084167480469,64.62923528919028,61.533697403874505,71.80933780240329,-0.2967497817747934
2022-04-21,66.69086260664045,67.45891162259021,66.11266958726111,66.9324951171875,64.84859336804716,61.74541496125933,72.79890270117424,1.0553650835192105
2022-04-22,66.37157049075556,66.69949941145005,65.31010578367736,65.37051391601562,64.8983000869013,61.88757570458311,58.50371270112695,-0.8507637039424238
2022-04-25,65.3618900155119,65.79337860713477,64.47302457020777,65.6294174194336,64.96793030904723,62.03431459536156,59.908980225864845,-1.5915592436916148
2022-04-26,65.56898892927924,66.39744597798719,65.20653362097653,65.232421875,64.99311998199512,62.159730567112085,56.73618331497335,-2.5399818716020652
2022-04-27,65.41365432903109,65.84514279667907,64.80093491105842,65.42227935791016,65.03399230351084,62.287673656947305,57.88490521019141,0.07918775422361922
2022-04-28,66.25073060017871,67.09645081935945,65.77609727789614,66.62181091308594,65.18521312347038,62.457639823854706,64.32915176101521,1.5121168717833005
2022-04-29,63.6704420525308,65.59488366087672,63.29936167890321,64.9562759399414,65.1634095821819,62.55562555389732,52.35108307573615,-0.42332620362885115
2022-05-02,65.04257673396812,65.56036160024311,64.14507989322863,64.79231262207031,65.12806701455223,62.643338772257046,51.337655699337915,-0.9629238571671302
2022-05-03,65.39639560552706,65.57761998433669,64.04152198719531,64.76642608642578,65.09362502139733,62.72659709830288,51.169237961744756,-2.7849510561648803
2022-05-04,64.73190883628655,66.13855902435107,64.55068445014268,65.85377502441406,65.16602025977987,62.849231526777835,57.47927794904852,1.3816972594033627
2022-05-05,65.92280293007182,66.47510760314762,65.1806422911279,65.80198669433594,65.22658849164235,62.96502584707423,57.100810495242236,1.5583238680721176
2022-05-06,65.68980300291832,66.31977244333807,65.37913079690627,66.16443634033203,65.3159073343747,63.09049292524121,59.12910866860409,2.1585416061721756
2022-05-09,65.31873793605443,66.66498008724939,64.60246537243448,65.81925964355469,65.3638456495347,63.19750338478291,56.39448349338698,-0.05241215229738776
2022-05-10,66.2938864165817,66.44922252480453,65.26694177977566,65.83650970458984,65.40886127382566,63.30099382869691,56.50274950345021,0.05246499686137577
2022-05-11,65.81063387697546,66.73401908799025,65.64666612511543,65.71570587158203,65.43808456885009,63.39568841861398,55.46417415640173,-0.6782049293699887
2022-05-12,65.6552901902424,65.8796594644715,64.60245722165777,65.84514617919922,65.47685234126429,63.49174558569575,56.38916270880106,0.03932972777986295
2022-05-13,65.96597057996613,66.09541187570976,65.17202665678003,65.41366577148438,65.47083457271383,63.56711500474629,52.47653751328675,-0.6422635935634812
2022-05-16,65.83651864173055,66.66497580338284,65.6552942548684,66.37156677246094,65.55661859173736,63.677093505440986,59.23842296511079,0.9980276285254442
2022-05-17,66.39745796816817,67.6832919607995,66.27664170491381,67.50206756591797,65.74189944642123,63.82709248820479,65.48086558548816,2.516391082509555
2022-05-18,67.54521304750776,67.71781241362956,66.31115556170542,66.46649169921875,65.81090823240194,63.930598339617106,56.88659104386567,1.6094892639289005
2022-05-19,65.66391192641018,66.26799973224875,65.31872641906416,65.55172729492188,65.78622433359432,63.99417202413886,50.57236540005236,-1.2352269464267527
2022-05-20,66.01773436129383,66.57867067593317,65.01667797406161,65.75021362304688,65.78279474211361,64.06303640056663,51.82194934479933,-2.5952596802466106
2022-05-23,66.02636174882942,66.86345036086361,65.98321027200645,66.19032287597656,65.82160694533866,64.14645939960232,54.5648028400824,-0.4155008278335738
2022-05-24,66.19032864910812,67.07056881473999,65.94007113047851,66.56140899658203,65.89206428355232,64.24116330536623,56.7981421294593,1.5402823744331353
2022-05-25,66.56140593760509,67.2000135841828,66.15581232509166,66.65633392333984,65.96485186829399,64.3358758786201,57.3753252348392,1.3781252567297424
2022-05-26,67.40714105625979,67.83862960144953,66.72538836478088,66.95838928222656,66.05947447914471,64.43871954150663,59.24136862082313,1.160390783542719
2022-05-27,66.7167431777581,66.83755941911342,65.1288688148075,65.70706176757812,66.02591136375742,64.48845845233296,49.56141105154251,-1.2835473916241429
2022-05-31,64.7923055522362,65.56898605889683,63.575504994469355,65.11160278320312,65.93883435608558,64.51289548491611,45.73198274670225,-2.317455895359148
2022-06-01,65.01668775871936,65.16339886099047,64.15371070909053,64.68875885009766,65.8197795459915,64.51979208747225,43.18050972901849,-3.3896132455673587
2022-06-02,65.15476415393958,65.2410605380073,63.53236974789319,64.78368377685547,65.72110375845473,64.53014078117356,43.9367057921658,-1.4052949042050746
2022-06-03,64.16233897795586,64.99942772589239,64.11919407811924,64.86997985839844,65.64004433940175,64.54346780380983,44.65779504991018,-0.3710904270152893
2022-06-06,65.11161101325585,65.26694713422233,64.45575324383462,64.93901824951172,65.57327994988842,64.55897958599422,45.26434283187144,0.38686690525935896
2022-06-07,64.95629119245827,66.20761208758208,64.87862640448174,66.09542083740234,65.62300765346117,64.61923218408866,54.29944575247722,2.024795417724462
2022-06-08,66.03498611913955,66.29388180951621,65.51720132237712,65.7415771484375,65.63429998631607,64.66324571210234,51.498256961461585,1.3436065371711696
2022-06-09,65.66389874262511,66.43195411903943,65.43089791354855,65.56897735595703,65.62807878342473,64.69876460009664,50.13950396508644,0.970077964568011
2022-06-10,65.06848414319236,65.34463659209317,64.61973229873247,64.80095672607422,65.54930525415325,64.70277213444871,44.51169419034998,-1.9584777506940518
2022-06-13,63.739481014527776,64.14508125330727,63.256216006956606,63.49784851074219,65.35392842144743,64.65552022763669,36.93630276413981,-3.4129522518591418
2022-06-14,63.46332095440983,63.67906517580067,62.47089621921372,62.885128021240234,65.11880457380866,64.5860930822878,34.00574770088696,-4.09316942697897
2022-06-15,63.1354026143057,63.51510803002525,62.5313147434922,63.01457977294922,64.91840221182204,64.52446510937257,35.17595500172535,-2.7567138563653466
2022-06-16,62.5399323458161,62.83334130968169,61.88406810707022,62.66938018798828,64.70420963812359,64.451716681083,33.47152486240048,-1.3047187301373697
2022-06-17,62.74705829486309,64.17960330748305,62.71253842400563,63.66181182861328,64.60493365626546,64.42074002020183,42.150143672077085,1.2350834478872528
2022-06-21,64.72328205433142,66.47512450182982,64.3090501522269,65.99185943603516,64.73702182576733,64.48235254631295,56.498350910080134,4.724747310564497
2022-06-22,65.9918428380411,66.81166823759979,65.75883539421463,66.06088256835938,64.86310380125228,64.54425568443243,56.839852577336345,5.411737550615087
2022-06-23,66.06952465659361,67.10510112679289,66.06952465659361,67.04469299316406,65.07087420048197,64.64231204948074,61.48136422123156,5.313831113789193
2022-06-24,67.8472541272154,68.17518301706033,67.41576562710742,68.14066314697266,65.3632350525287,64.77950228859807,65.88304710772887,3.2561648198749436
2022-06-27,68.37368689561444,69.54732983793866,68.26149564513224,69.02091979980469,65.7115859808407,64.94583238707676,68.95191340072802,4.480771549460129
2022-06-28,68.90008358018325,69.38335519876445,67.73506589523228,67.91629028320312,65.92155781916092,65.0623209320229,61.47843864891589,1.3000242839920697
2022-06-29,67.91629707880934,68.32189738084836,67.30358411036488,67.55384826660156,66.0770140522505,65.16002788632011,59.21075018542521,-0.8611816399634858
2022-06-30,66.93687283248616,67.47563754313688,66.29383578603141,66.91080474853516,66.1564226899919,65.2286858024854,55.312494538906776,-3.057210853448381
2022-07-01,66.89342877155397,66.89342877155397,65.84196742578246,66.77176666259766,66.21502687785912,65.28919877739176,54.47734587103871,-1.6851974921376547
2022-07-05,66.363361606342,66.59798101464256,64.85134629159806,66.007080078125,66.19522242074159,65.31735098526366,50.005444527152214,-2.2896818288903913
2022-07-06,66.25907742283822,66.99770187799997,66.01576646158271,66.2330093383789,66.19882117480229,65.35325915597406,51.27799528899534,-1.0129834975136638
2022-07-07,65.93754686168056,66.24169215276906,65.1815459933964,65.29450988769531,66.11269629031591,65.35095526310039,46.036004497419796,-2.212397318116539
2022-07-08,64.98167789192175,66.07658367282863,64.88609051098481,65.50305938720703,66.05463563287697,65.35692013071241,47.324647091167826,-0.7635858006768628
2022-07-11,65.60734869444052,66.03314287600156,65.39010581796886,65.65948486328125,66.0170022262488,65.36878541434257,48.321477977796675,-0.8659193970299125
2022-07-12,65.54652315525368,66.00707700808265,65.05120964545485,65.18155670166016,65.93743598581179,65.36144311188444,45.489038682195336,-0.17299032679689685
2022-07-13,64.86002219504279,65.36402717820185,64.66016249361014,64.76443481445312,65.82572158853954,65.33803102178909,43.11372490258123,-1.1276184344118774
2022-07-14,63.99105448362669,64.41684862074267,63.64346459160872,64.31257629394531,65.6816125128639,65.29781711089326,40.63817005336506,-2.0513541526262706
2022-07-15,65.01645341278916,65.7550779305524,64.55589953570362,65.73770141601562,65.68695431316405,65.31506747580002,50.32590360994044,0.8532240444961694
2022-07-18,65.86803512575618,65.86803512575618,63.86070667275868,64.07794952392578,65.53371576180803,65.26655304631475,41.77509458204693,-1.059972641611233
2022-07-19,64.40816690707493,64.55589046392316,63.3653971787745,63.55657196044922,65.3454163521548,65.1994949645161,39.50441868388711,-1.1755155477533987
2022-07-20,63.67823718400935,64.04320366141744,62.89616142547264,63.27851104736328,65.14856822788894,65.12416226188266,38.30849066887318,-3.7409132289088727
2022-07-21,63.18292239009351,63.72168715301733,62.97437106852463,63.46968460083008,64.98867454912143,65.05928078497864,39.660968790839405,-0.9492577830827527
2022-07-22,63.6521583186759,63.96498856911846,62.9830532233952,63.39146423339844,64.83655928095733,64.99387621432844,39.28150556008455,-0.2597807307063801
2022-07-25,63.25242714373058,63.660844750490725,62.98304813915493,63.29587173461914,64.68982713368703,64.92728780335945,38.79302345731351,0.02743535991683668
2022-07-26,63.843328865377266,64.50374897583832,63.40015160167209,63.98236083984375,64.62244939141624,64.8902318440059,44.16305344519243,0.8077497820226555
2022-07-27,62.904842166003625,65.15548164859898,62.79187826522701,65.00775146484375,64.65914482698076,64.89484045658777,51.068680047653075,2.549692219593431
2022-07-28,65.11203677843102,65.31190314670579,63.626096262939306,64.91217041015625,64.68324250156891,64.89552006261006,50.44243453174834,2.5535609688950514
2022-07-29,64.69492599289812,64.86872427199602,63.58264352557739,64.11271667480469,64.62890670854375,64.86482189053926,45.424902007169564,0.20373714450336597
2022-08-01,64.09533023583543,64.52981592170522,63.69560420040227,63.97367477416992,64.56650366717481,64.82987494479929,44.59407921641808,-1.5906975204842422
2022-08-02,64.46030209790956,64.93823904486597,63.64346681755717,63.678226470947266,64.48190583896266,64.78471225955019,42.80262665975918,-1.9009438929743747
2022-08-03,63.695601748571406,63.878084934045354,63.08731783393307,63.42621612548828,64.38136396148892,64.73143790135168,41.27933739794069,-1.0707712680442232
2022-08-04,63.25243636542802,63.391468358156814,62.53987999966109,62.67022705078125,64.21839854142152,64.6506061032901,37.02274198328185,-2.037475145815687
2022-08-05,62.548571570996145,62.878778354737655,62.31394555303458,62.67022705078125,64.07095363755101,64.5729441796623,37.022741983281854,-1.5829577487147952
2022-08-08,62.626772891831536,64.1561645186052,62.479049334683666,64.13009643554688,64.07658628497919,64.55557760146169,48.83803994060985,1.1097624185336423
2022-08-09,64.39079122831102,65.62472925157662,64.35603157036633,65.13810729980469,64.17768352448638,64.5784219033575,55.1016815632182,3.93788305094815
2022-08-10,65.34665563052742,65.45093459959455,64.26044123088616,65.05120849609375,64.26087637892518,64.59696255405304,54.48242668224254,3.7992226250962955
2022-08-11,64.64279316724598,65.6247286334589,64.54720576623014,64.70362091064453,64.3030425248032,64.60114523470368,51.9666922036666,0.8943140693294757
2022-08-12,64.80788730185458,65.79851414758569,64.79919573170591,65.66816711425781,64.43305439046554,64.64298922998032,57.79114809729425,0.8137476454657662
2022-08-15,65.56388687963451,65.60733809980267,64.12139786026161,64.76443481445312,64.46461443084532,64.64775180192042,51.49106610893663,-0.4408429732060173
2022-08-16,64.61670591419067,65.2597428150493,64.17352869818853,64.41683959960938,64.46006444691808,64.63869642143764,49.26645128083343,-0.44322297113974535
2022-08-17,64.22567079524146,65.15546980411392,64.13876836304469,64.79049682617188,64.4915341973232,64.64464937848605,51.683061630861964,-1.3365231993742954
2022-08-18,64.97299267742116,65.14679094600041,63.97368080942621,64.43423461914062,64.48607709463916,64.63639781929604,49.273141267160945,-0.509848030417477
2022-08-19,64.44293017160821,65.78983203025393,64.44293017160821,65.45962524414062,64.57879596602025,64.66868124772131,55.67888303722221,1.6188090738583416
2022-08-22,65.45962656265847,65.92018041010489,64.60803155116626,64.78182983398438,64.59813252487398,64.6731184471826,51.086563375028874,-0.013376949725748979
2022-08-23,64.57325146313475,64.72966655331682,63.08731142126736,63.23503494262695,64.46831370751711,64.61672301563141,42.476454479915134,-1.861121938674261
2022-08-24,63.443604784780305,63.5478771114232,62.87877203980356,62.930908203125,64.32189413567025,64.55061263082723,41.012834590670515,-3.863017900857863
2022-08-25,63.13946834037087,63.13946834037087,61.72304064279481,62.1314582824707,64.1132811972703,64.45574383285246,37.3678209486041,-4.0912267503183335
2022-08-26,62.49642506594147,62.60070402659792,61.8099368251701,61.86207962036133,63.89888104708849,64.35403151079399,36.200343046776204,-2.17119405960842
2022-08-29,60.74111464148482,60.74980621359029,57.69971411781689,58.00385284423828,63.33744978967418,64.10500489641926,24.42827180534107,-7.829309157566
2022-08-30,58.003851467829726,58.43833724661497,57.308671569882605,58.3948860168457,62.86672943035718,63.88107866584775,27.018646813703374,-6.013978053818202
2022-08-31,58.507858001885396,58.7685454977344,58.07337221241004,58.57737731933594,62.45821970549802,63.673090377749254,28.2546240043397,-5.309718524147807
2022-09-01,58.55998270240053,60.04592301572277,58.40356758364421,60.0372314453125,62.22764939500416,63.53050767451644,37.38940885408291,3.5055923035571266
2022-09-02,60.28055646966747,60.63683134387632,59.38551023894923,59.62013626098633,61.979314810811985,63.37715977594664,35.97987830010398,2.0982149768854175
2022-09-06,59.90689831718417,60.0198622273413,59.19434194064926,59.6548957824707,61.75794157001758,63.231188638947586,36.19575153029396,1.8394788439582206
2022-09-07,59.67227358112337,60.37614503108104,59.211719729380775,59.750484466552734,61.566755179211405,63.09469043610857,36.82661275613776,-0.4776152594927057
2022-09-08,59.91557998018477,60.463036247258934,59.24647486787055,60.28923797607422,61.44508687415072,62.98467269257782,40.40325180939557,1.1222747163121316
2022-09-09,60.20233811844461,61.305935519855225,60.150201955448296,60.967037200927734,61.399558333843764,62.90554973212095,44.64907107601986,2.1995536179322226
2022-09-12,65.70292986200474,66.03313661623741,62.78318534863149,62.8787727355957,61.54043589591538,62.904499653825845,54.49598396130104,5.235586450841464
2022-09-13,62.18359748563391,62.65284288416165,61.49710921536517,61.73173522949219,61.55865488006555,62.85850889208727,48.877505681680454,2.392628107176315
2022-09-14,61.297255051550245,61.8968475535084,60.85407769663653,61.236427307128906,61.52796653978587,62.794897849539886,46.64132237093668,0.44186189549173727
2022-09-15,61.38413290941398,62.68758987656698,61.31461361336516,62.374759674072266,61.608613504956004,62.77842184265881,52.068767674747164,-0.801563134259641
2022-09-16,62.348692922082776,62.78317858704503,61.61006861759198,62.148826599121094,61.660062371066964,62.75373183310831,50.960812593208566,0.675651458813427
2022-09-19,61.74042280281736,62.166216947534984,60.419582515513454,60.993106842041016,61.59654279687402,62.684687715811556,45.61393985060234,-0.3973459520548551
2022-09-20,60.65420007146322,60.880127838592614,60.16757162979809,60.5933723449707,61.50100275383561,62.6026753483276,43.89834236925186,-2.8559425934622777
2022-09-21,60.60206413783053,61.14952036789709,60.34137669326495,60.3587532043457,61.392217082455616,62.51467840150478,42.87895671368923,-2.8803011942959285
2022-09-22,60.132824559395104,62.46166842178423,60.132824559395104,61.948978424072266,61.445241972133395,62.492494088664294,51.15773208008729,1.5671796888568919
2022-09-23,61.72303977036989,62.018493504784736,60.94096415541988,61.444969177246094,61.445215991667936,62.45141468037339,48.74629396078796,1.4054290086827852
2022-09-26,60.94965956406107,61.56662852422605,60.5586250468256,60.958351135253906,61.3988479101047,62.392863168800076,46.46878276230609,0.9933901863052952
2022-09-27,61.471026247954725,62.13144627446779,60.993096023678255,61.14081954956055,61.374273780529066,62.343763419025976,47.46005446899737,-1.3045556118447348
2022-09-28,61.757788978973664,62.63545183341965,61.71433776282024,62.61806869506836,61.492730439056615,62.3545204886747,54.763464172742786,1.909187250852557
2022-09-29,62.68759226954172,63.096009862262854,61.836004064473386,62.313934326171875,61.57094033306759,62.352928874458904,53.126117794691886,2.2237858565272073
2022-09-30,62.374765570337495,62.66152772135268,61.67959243330973,61.77517318725586,61.59039108108552,62.33027178868624,50.25941590263892,1.0375288430360465
2022-10-03,62.00978759963031,62.140134610277926,60.2979132131117,61.28853988647461,61.561643348265434,62.289419557226964,47.752932984937566,-2.123235092203443
2022-10-04,61.3754581063516,62.48774725780983,60.914904246234066,61.87946319580078,61.59191190517356,62.273342837171036,50.951718270881344,-0.697229496210153
2022-10-05,61.64483441684212,62.392150365517104,61.41020842170712,62.08800506591797,61.639158872863504,62.26607468927876,52.06705025311364,0.5064038877136587
2022-10-06,61.98294225373276,62.01796661317847,61.2036686266528,61.501365661621094,61.626035709888036,62.236086099958854,48.71142218663451,0.3472521543843331
2022-10-07,61.58891405758167,61.69398712028715,60.64328321408241,61.02853775024414,61.5691311423029,62.188731262715145,46.13083398298306,-1.375133851539917
2022-10-10,60.57323281522004,60.774621176399016,59.82898367907676,59.960323333740234,61.41591135101122,62.101342716480836,40.86379419150021,-3.426880489909129
2022-10-11,60.0303725439155,61.606435228060995,59.84649967746738,60.98476791381836,61.374850071278566,62.057555469317606,47.101608951221436,-0.8399776854469243
2022-10-12,61.01978793261177,61.7202549911502,60.63452670827741,60.66079330444336,61.30684466491331,62.00278048245979,45.46820349785849,-0.6025778420347456
2022-10-13,60.03037660998755,62.19308239741435,59.98660117037092,61.96542739868164,61.3695668300341,62.001315655644966,52.59714698765746,3.3440514551280205
2022-10-14,62.09677151301911,62.814754240104705,61.71151688789463,61.83409881591797,61.41380797154685,61.99475813251842,51.86215743977197,1.392693505532161
2022-10-17,61.947927336160134,62.70093447847974,61.86036976430741,62.49954605102539,61.517211598163854,62.014553737165755,55.27275279418784,3.0312045827586367
2022-10-18,63.1212093073424,63.453937410606464,62.61337275220592,62.814754486083984,61.640787111299105,62.04593415869196,56.832899164416965,1.3706467026166493
2022-10-19,62.63087735396383,62.80599915441075,61.91289467266554,62.289398193359375,61.70255959530485,62.055481767894605,53.48432091197562,0.7363241094478414
2022-10-20,62.210591537181514,62.34192452277565,61.31748715386401,61.59767532348633,61.69257061703642,62.03752857399624,49.360471304165735,-1.4430036448628991
2022-10-21,61.59768787183454,63.4977144929057,61.23869983772464,63.22628402709961,61.83863856085196,62.08414643490226,57.6415305553522,0.6551478938070123
2022-10-24,63.6202862331108,64.40831081908047,63.52397092945451,63.90922546386719,62.03583731352008,62.155718161528334,60.55455727173669,2.6004863066416672
2022-10-25,63.60276674786089,64.1018520719368,63.26128766718853,63.716590881347656,62.19590908188461,62.21692885642321,59.31545389044616,3.4399278004139475
2022-10-26,63.996782612968815,65.85303328624423,63.46267958719665,65.18758392333984,62.480830495356535,62.3334251335572,65.17556480622375,3.1020325271679665
2022-10-27,65.03873579794542,65.91432460875289,64.67974785922485,65.31892395019531,62.75112511010309,62.4505035185234,65.65129195147246,2.205782461133309
2022-10-28,65.88807498255755,67.4115980352823,65.73922644963574,67.2715072631836,63.181637696110755,62.63956248890223,71.81554721888013,5.579263316921434
2022-10-31,67.06136363491005,68.87383942200817,66.85998188981989,67.8318862915039,63.624518514719625,62.843183030180725,73.29667501795797,4.056450951263578
2022-11-01,67.42033939711482,68.11205536917825,67.0963691276028,68.03324890136719,64.04439759916225,63.04671502512922,73.82888953640094,4.155495508838306
2022-11-02,67.99825643069829,69.09274286554563,67.6217528299022,67.81437683105469,64.40344324029486,63.233682154773355,72.14571892465244,0.8069829114237728
2022-11-03,67.63925481778065,68.90010520059623,67.56045500896187,68.71623229980469,64.81418505548628,63.44868412124517,74.70473127339471,1.3037320007589817
2022-11-04,69.00514843005283,69.41667621842527,68.21712388574457,68.9788818359375,65.21082284410068,63.66555461986056,75.41317800856235,1.3899570428295527
2022-11-07,68.91759740936388,69.76691966057194,68.66367584187394,69.33788299560547,65.60387619186304,63.88799886988977,76.38666280062878,2.246582857122285
2022-11-08,69.33790113719542,70.4323874833175,69.04895513856769,70.02961730957031,66.0253753459304,64.12884665183803,78.17941901147957,1.911316970982063
2022-11-09,69.68811291062755,71.07154488785856,69.68811291062755,69.85447692871094,66.39005168714759,64.35338117249971,76.59383472340667,1.269366898199354
2022-11-10,70.70379333643776,70.71255109461686,68.84754273498864,69.50423431396484,66.68664050874924,64.55537541334148,73.3883663570469,0.23991404290482607
2022-11-11,68.38350274969082,68.69871533879251,65.27516566301328,66.5097427368164,66.66979310189849,64.63201726916402,52.97524394151135,-5.026265611582711
2022-11-14,67.06134556339661,68.15583160546964,66.68484877792764,66.88623046875,66.69040618445578,64.72041778679485,54.68197696641718,-4.249185722183765
2022-11-15,66.90375546141473,67.21896134037634,65.90557790388415,66.78992462158203,66.69988413084876,64.80157491757082,54.14066313778443,-3.9052436433177875
2022-11-16,67.03508969008303,68.0770427064743,66.56227084265035,66.67610168457031,66.6976191359651,64.87508577117865,53.46698504519279,0.250127185745102
2022-11-17,66.22954872619613,67.9194356945282,66.22954872619613,67.5604476928711,66.77979328424186,64.98039408183325,57.85485293234031,1.008006011694882
2022-11-18,67.88442556613653,68.41853548075923,67.40285554293274,67.81437683105469,66.87832505060499,65.0915306602341,59.048930665731746,1.53384243997428
2022-11-21,67.98948569969704,69.23282044926465,67.96321909910549,69.13650512695312,67.093389819781,65.25015710990935,64.66280675306588,3.6900829235974677
2022-11-22,69.18027459567419,69.66184443894355,68.9788862276147,69.04893493652344,67.2796322118517,65.39912878938442,64.03663502399498,2.20319328021476
2022-11-23,68.8212867186237,69.36415424556016,68.75999576237386,69.29410552978516,67.47148681355965,65.55187297528249,65.05686376239723,2.182028012167542
2022-11-25,69.44295905149275,69.8544869360993,69.2941105298902,69.38166809082031,67.65340883996542,65.70206101902907,65.43401963294933,0.35460711156429253
2022-11-28,69.41668744228481,69.78443317978376,69.01391734689835,69.29410552978516,67.8096656675673,65.84292550964696,64.68217468317071,0.3550678855323455
2022-11-29,69.00516141983262,69.26784077085783,68.5586158753885,69.19779205322266,67.94186818048686,65.97448890351268,63.813631463362896,-0.13899230796925566
2022-11-30,69.82820585680535,70.30978236238548,68.85630176751621,70.29226684570312,68.16571567241222,66.14381352869663,68.92079848672978,1.312448633680647
2022-12-01,70.4674043332811,71.30796895583819,70.09090080315735,70.81763458251953,68.41827937813673,66.32710062884655,71.03411333812753,2.198641632049794
2022-12-02,70.3710867447189,71.06280282105493,70.3710867447189,71.03652954101562,68.66763653650615,66.51178411559827,71.89171525047082,2.6572198812047727
2022-12-05,70.86140729967646,71.29044397420522,70.39734626882922,70.66001892089844,68.8573872397816,66.67445999031592,68.15391672860295,0.5231757228751155
2022-12-06,70.66001663624041,71.1328354109328,69.58304610517389,69.97705841064453,68.9640225893876,66.80397365385822,61.87013420493168,-1.1869588370613073
2022-12-07,68.96138712338333,70.2485039403358,68.86507180509345,69.98582458496094,69.06133706515648,66.92875212174461,61.9186677096192,-1.4791051348419595
2022-12-08,70.0296113635672,70.1171689277798,69.58305910180472,69.94204711914062,69.14521421315497,67.04692055301504,61.49768877010636,-1.016093418488266
2022-12-09,70.16093612192911,70.63375492935121,68.9351170066272,69.02267456054688,69.13354377004944,67.12440110233001,53.301633344549934,-1.3638524850488436
2022-12-12,69.11899269013936,69.29410780511371,68.54985854615259,69.07521057128906,69.12798822731035,67.20090343444606,53.681517043221994,-1.3011406510848689
2022-12-13,69.48674237059491,69.48674237059491,67.65675791858722,67.726806640625,68.99454236191175,67.22152708959034,43.826945034313916,-3.167251417079832
2022-12-14,68.12956589657301,68.20837236633918,67.21895269608345,67.54292297363281,68.85629289636138,67.23413084974887,42.67638717678866,-2.14386300782364
2022-12-15,67.35029562575276,67.60421720476278,65.4152449859314,65.6691665649414,68.55275705527376,67.17275970132505,33.13163271537607,-4.930920916748345
2022-12-16,65.21386078547054,65.6166308566866,64.24195662310969,64.3470230102539,68.15221095574806,67.06194649775364,28.318787136587385,-4.990318897368146
2022-12-19,64.49587699947062,64.99496236981291,63.61153040282456,64.0580825805664,67.76229396763553,66.9441479127659,27.382630249244468,-5.15944563788986
2022-12-20,64.1981924705111,64.49589623787828,63.42767646827992,63.611549377441406,67.36698495904561,66.81345777412572,25.954659067879412,-3.1333079055681115
2022-12-21,63.69909649992561,64.3995703362714,63.31383522191407,64.20693969726562,67.06602826744752,66.71124137895474,31.113046465764317,-0.2176997574012997
2022-12-22,63.99678902327526,64.6709962122303,63.77789179988705,64.64472961425781,66.83542839571517,66.63020170190781,34.71452990554766,0.9158048603056065
2022-12-23,64.5746697557568,64.69725164528298,63.48894158557698,63.82166290283203,66.54840311067868,66.52006292547347,31.39166448010168,0.33030719648708584
2022-12-27,64.07559295063919,64.17190825951887,63.14747089803077,63.576507568359375,66.26536543998161,66.40462938205724,30.45653248773743,-0.9818753734078034
2022-12-28,63.804164307543246,63.882964100509085,62.97235086058555,63.03364181518555,65.95758223762007,66.27243379119953,28.4364472799594,-2.492218327287937
2022-12-29,63.305080896660606,63.60277791970674,62.919819638400206,63.12995910644531,65.6882847965558,66.14919948983662,29.33203537803826,-1.0838072292786107
2022-12-30,63.15624064675335,63.28758035043454,62.05300316834701,62.998634338378906,65.43212761006276,66.02564791526966,28.802764905522032,-0.9089414503606101
2023-01-03,62.832274580023736,63.89173657074152,62.76222585000573,63.27006912231445,65.22621727789625,65.91758600182044,31.551926309030566,0.3750811476546293
2023-01-04,63.26128823614015,64.14563475875875,62.80598501788619,63.58525848388672,65.06993548799058,65.82612217758775,34.70481749655595,0.7212096821949661
2023-01-05,63.31169357905036,63.87650325921157,63.12636603397208,63.47054672241211,64.91761274841167,65.73374666954165,34.08937445512517,0.7490835142528051
2023-01-06,63.850031161924015,64.77667565382171,63.629402162240055,64.42366790771484,64.87057038263102,65.68237103182295,43.11577863217946,1.8232930695401006
2023-01-09,64.52956671683287,64.56486816172206,62.438001555317726,62.667457580566406,64.66075011576771,65.56413913177367,33.90266766173912,-1.443417743678583
2023-01-10,62.905728371075654,63.276383410139665,62.473297492167646,63.23226165771485,64.52470359595316,65.47269295632039,38.45729286099237,-0.3754262047550909
2023-01-11,63.10872279620348,63.523506405001655,62.67628509640035,63.48820495605469,64.42598943977235,65.39486989748644,40.45951252107702,-1.452048574757
2023-01-12,63.25873994233472,63.48819596145066,62.711577660769635,63.18813705444336,64.30809873640769,65.30833135462201,38.863142714464345,0.8308610145984593
2023-01-13,63.214619243998094,64.00005795265771,63.03811873558172,63.99123764038086,64.27792148916704,65.25668062073021,45.10586338448857,1.2002986494053502
2023-01-17,64.52073168335166,64.8560852686821,63.54996563481719,63.81471633911133,64.23380671297126,65.2001330018432,44.04136878675173,0.5142866825147214
2023-01-18,63.841192399175746,64.13242424124051,63.61174312942305,63.66469192504883,64.1796053045977,65.13991962628263,43.110175671286356,0.754184080779064
2023-01-19,63.85002477953794,65.1914527340437,63.682351335021266,65.0855484008789,64.26588559948162,65.13778742136485,53.202181871739455,1.7100946955392153
2023-01-20,65.21792388979046,65.43855285644531,64.73253746992505,65.43855285644531,64.37756819538292,65.14958214430918,55.3227116775143,2.544611353758777
2023-01-23,65.38558965569403,65.48266692827914,64.29127199471573,64.65310668945312,64.40380995672294,65.13011251862855,49.90423622597369,1.5525320778555527
2023-01-24,64.42366555196362,66.18869748489413,63.647053925376696,63.84120178222656,64.35022822581853,65.07956699955396,44.99808319634389,-1.911863154302838
2023-01-25,64.03535703799082,64.63546817074976,63.54997729122535,64.57369232177734,64.37151052067175,65.05972877689605,49.79368949376877,-1.3216376232604676
2023-01-26,64.52072975784705,64.60015294684665,63.52348934195014,64.41482543945312,64.37563575103188,65.03443844993751,48.799885951722004,-0.3685534419011467
2023-01-27,64.4148184059006,64.82077481582529,63.84118186009339,63.93825912475586,64.33398083424369,64.99145102542059,45.844027390477116,0.15202931620926616
2023-01-30,64.0618145410509,64.34422604249876,63.43522917160017,63.56760787963867,64.26099293380511,64.93561403931149,43.63051485918383,-1.5580407530751839
2023-01-31,63.63823239893293,64.12361891580478,63.23227582712332,64.11479187011719,64.2470690229777,64.9034249346372,47.649124080873186,-0.4657834082279006
2023-02-01,64.37070788478705,64.37070788478705,62.49094482589717,62.86160659790039,64.11512022058939,64.82335362731419,40.52374651876832,-1.6838940277599868
2023-02-02,62.05850419104807,64.31774224435479,61.59959898636784,64.22066497802734,64.12517210225015,64.79971877832256,49.366689028097824,1.0273425730054135
2023-02-03,64.60897523604034,65.72094693164358,64.07946714915425,65.70329284667969,64.27546931600534,64.83515305551303,56.89591538965985,2.4775889154884294
2023-02-06,65.70330001163285,66.34753952185675,65.50915218728258,65.7739028930664,64.41817727572544,64.87196677463277,57.22216637709049,4.632869652528556
2023-02-07,65.79156444632711,65.91511613632646,65.28853064188343,65.76508331298828,64.54645404117905,64.9069909526075,57.16396652795662,2.4048619482363653
2023-02-08,65.57975620338797,65.67683349374035,64.3707136958284,64.99729919433594,64.58939167481303,64.91053245228312,52.187721052598114,-1.0745179149410429
2023-02-09,64.85608461888886,65.16496380400135,63.038104215317134,63.0910530090332,64.44669275426257,64.83918031725372,42.33412832834704,-4.0788972009079565
2023-02-10,63.2852090537546,63.858845687078905,62.870425538380694,63.7176399230957,64.3772591512943,64.79519834101224,45.946848404815675,-3.113268145876762
2023-02-13,63.73530483814263,64.81197540571567,63.52350288924611,64.57369232177734,64.39596707229268,64.786511830454,50.508766087196335,-0.6517299607973682
2023-02-14,64.69723683142564,64.83844260370945,63.71764366865757,63.76177215576172,64.3355675564326,64.74632596085823,46.50028616758462,1.063097087050495
2023-02-15,63.805899819055576,63.95592590037376,62.95867866241496,63.07341003417969,64.2153620781228,64.68072141471397,43.3585074277232,-1.0110699167351016
2023-02-16,62.48212717759449,62.85278223232964,61.93496490651272,62.526248931884766,64.05449415943346,64.59623229774027,40.987905506739224,-3.1707082501802084
2023-02-17,62.32327208882468,63.31168553702452,62.23501511689686,62.75570297241211,63.93079976066952,64.52405467713918,42.409898094656754,-1.5778563696314982
2023-02-21,62.8968973233465,63.24990498558041,62.49976791149656,62.85277557373047,63.82813079048485,64.45851432014275,43.03528370435638,-0.3498058220249329
2023-02-22,62.92338870336917,63.28521673463346,62.287976154448025,62.93220901489258,63.742804907095106,64.39865921013295,43.57524312896467,0.6492634532579427
2023-02-23,62.993976925015644,63.52349180445089,62.561546057667485,63.01163101196289,63.67316929803489,64.34426594745962,44.1453244740997,0.4078163854897605
2023-02-24,62.75570324414476,62.8527805272364,61.61725697857513,61.93496322631836,63.50762586263332,64.24978348780702,38.4708628927276,-1.4602574652179914
2023-02-27,62.032030356692765,62.13793466629448,61.53782371133921,61.76727294921875,63.34187796611764,64.15243013335258,37.658932499859,-1.8510967339445403
2023-02-28,61.59961229524277,61.72316398216059,60.734743753756,60.85829544067383,63.10534629702776,64.02324838069852,33.52820020164403,-3.4173620595223877
2023-03-01,60.62883242495744,61.590778142725945,60.54940923527461,61.21129608154297,62.92496056221968,63.91297574151595,36.443774945071965,-1.1684307329464576
2023-03-02,61.09658837581634,61.52901934990437,60.88477967853551,61.06128692626953,62.74746783498633,63.80114480758472,35.72663193088279,-1.1429774850666259
2023-03-03,61.211293059306435,61.26424184981404,60.72590670278389,61.15834426879883,62.596122733444666,63.697505570769586,36.59598163998111,0.493028642935777
2023-03-06,61.220127156195154,61.47605756157303,60.655317548830745,60.80534362792969,62.42557234244324,63.5840874553641,34.75474607251185,-0.6631985917639931
2023-03-07,61.052446854584986,61.0789212528308,59.51687115877319,60.011077880859375,62.195620488959065,63.44396943283451,30.97810412002451,-1.7199261566141995
2023-03-08,59.93165705475868,60.05520874016327,59.07561556798266,59.38449478149414,61.92789423110526,63.28477434846822,28.359952913021168,-2.900421043951729
2023-03-09,59.658067853404845,59.76397217529512,58.537275728910096,58.69612884521485,61.62010705149665,63.1048274659877,25.781962812432727,-3.4687983931497954
2023-03-10,58.52845133046441,59.49039711518734,57.74301275686853,57.990116119384766,61.27439362939076,62.90425055043464,23.42953034660602,-3.3676478291005636
2023-03-13,57.72536683725335,59.20798704920647,57.61063546390329,58.24604797363281,60.98597975741381,62.721575939579665,26.06318263690146,-1.9170775335384342
2023-03-14,58.510805368184286,58.74025464851688,58.03424598639367,58.660831451416016,60.76453706160449,62.5623310576909,30.250355701145807,-0.06013581217922657
2023-03-15,58.35195149780932,59.76397553713544,58.29899596735466,59.55217361450195,60.649073876166156,62.444285667761925,38.33246029418233,2.6936616093359182
2023-03-16,59.1550401043862,59.66690094582269,58.12249811025752,59.21681594848633,60.512668359244266,62.31771822779034,36.613476023587474,1.6666675399041133
2023-03-17,59.41979483502791,59.41979483502791,58.43137464184923,58.71377944946289,60.34134560593176,62.17638729530691,34.14033474764623,0.09026124713340879
2023-03-20,58.89028810890759,59.46391804907481,58.457850476422735,59.34036636352539,60.2460142495121,62.06517078817822,39.61206465255454,-0.35566670050979277
2023-03-21,59.552180841010845,59.84340599507319,59.01384555865122,59.57865524291992,60.18245624888427,61.96766037463868,41.59921600924024,0.6110414561099733
2023-03-22,59.56099533530106,60.01108032298074,59.322719008330566,59.34036636352539,60.102257212183424,61.86462923694797,40.17548932602936,1.0671888608394329
2023-03-23,59.64924462582312,59.922829124942574,58.81085723967502,59.11091613769531,60.00784377651789,61.75664048795767,38.79851457970822,-0.3866680303664485
2023-03-24,59.30506525156088,59.81692608487633,58.85498699442735,59.72867584228515,59.98125635421001,61.677112462637176,44.33069540542644,0.2518025939886501
2023-03-27,60.0905042584876,60.734743826527016,60.01990810377993,60.07285690307617,59.989980216006785,61.61420047990929,47.19463922091052,1.2343882999701525
2023-03-28,60.08167870459345,60.53175692546164,59.975774382180205,60.18757629394531,60.008798890096166,61.558254433400904,48.152085761981034,1.8214235653901643
2023-03-29,60.205234762465366,60.417036689644895,59.887528505165136,60.1699333190918,60.024145026190986,61.503810468133885,48.00791770152578,0.7387698966770962
2023-03-30,60.34642941103449,60.47880813078571,60.00224877951817,60.18757629394531,60.039709908834254,61.45219344169512,48.175018218463634,0.1909670969273748
2023-03-31,60.59353778264761,61.22894349996914,60.33760739385117,61.16716766357422,60.14708683785711,61.44101596020019,56.52907272809203,1.6275640754243998
2023-04-03,60.92006925458056,61.784937767254235,60.60236300364425,61.502532958984375,60.27617694463113,61.44342839152506,58.967681095559385,2.2147268018822066
2023-04-04,61.58195532256613,61.58195532256613,60.56706074207826,60.814170837402344,60.32741445822839,61.41875162469672,52.462283101128044,1.041069572891349
2023-04-05,61.29955751106119,61.96144447822605,60.92890242538384,61.61726379394531,60.45025725210619,61.42653641564765,58.249327720466006,0.7358459571753743
2023-04-06,62.00877020139717,63.23666415415891,61.92868647160692,62.94303512573242,60.68766466864202,61.48600695329803,65.67754143795813,2.3421834800018857
2023-04-10,62.96083456865331,63.03201180925712,62.27570016854075,62.53373718261719,60.86348109854442,61.527094413271335,62.009495730111304,2.8275750890568165
2023-04-11,62.70279610339878,62.72948841656778,62.2579061146288,62.3112907409668,61.00136773115607,61.55784721043587,60.0466891632752,1.1263514545897142
2023-04-12,62.329093346646495,62.8807526164554,62.10664834082475,62.47145462036133,61.14137600631848,61.59367495200157,61.00380679336663,-0.7492179308307645
2023-04-13,62.67609933295784,63.01421325652403,62.22230967590905,62.89854431152344,61.30872536871895,61.6448462994338,63.51384230270333,0.5833765025763681
2023-04-14,62.81846973756395,62.98753011820853,62.24011135136991,62.685001373291016,61.43979927391629,61.68563669448703,61.386291884247576,0.5997478593049289
2023-04-17,62.818477630615234,62.978638330170114,62.48036361532554,62.818477630615234,61.57110197455429,61.73006182923716,62.237768287440716,0.5554905234122738
2023-04-18,62.773975669445775,62.951928936913504,62.17781796761666,62.4892463684082,61.65854429777847,61.75983377194975,58.793910685954955,-0.6507272109320473
2023-04-19,62.52483662923902,62.65830498483543,61.88420074164487,62.160030364990234,61.70630487560816,61.77552775599056,55.48754245489013,-0.8374746698569304
2023-04-20,62.017654993510945,62.11553132350454,61.26134345231823,61.86639404296875,61.72155146297584,61.77909113979363,52.643866095911335,-1.515610730404706
2023-04-21,62.35577483846816,62.77397246298623,62.24009911088897,62.7205810546875,61.81669713837695,61.81601231292672,59.19512288423089,0.3701991938188095
2023-04-24,62.587127040098686,62.836271162720294,62.3379897059603,62.76508712768555,61.90701999450158,61.853230933113345,59.509429321908364,0.9733855648759343
2023-04-25,62.88964759559752,63.120992285057554,62.37357359160293,62.49814224243164,61.9633173514473,61.87852157269445,56.688927069146025,1.0211492187893083
2023-04-26,61.92868885735208,62.053257518729005,60.18472080959222,60.52283477783203,61.82612853491251,61.825357384660634,41.14773354368273,-3.5040272904028167
2023-04-27,60.522822413343334,60.522822413343334,59.17036002820202,60.158016204833984,61.667260693952656,61.759971456039985,39.02007863293427,-4.153696015028057
2023-04-28,59.739823585485595,59.81100760867848,58.74326762623151,59.41060256958008,61.45234087258384,61.66783934284548,35.024365448691725,-4.940210319972279
2023-05-01,59.86437946446451,61.163457062508954,59.846586856702,60.86093521118164,61.39601652387887,61.63619604356455,46.47770599646917,0.5586328442656604
2023-05-02,60.72747774115693,61.38591296167807,59.97116618925647,60.59400939941406,61.31963489297746,61.59532597908807,44.90871690013054,0.7247466291035108
2023-05-03,60.79866355603793,61.16346979318647,59.01020401626292,59.2949333190918,61.12680617165502,61.50511450222547,38.15747635198437,-0.19469462601866827
2023-05-04,59.12587237285277,59.828799317187894,59.08138745039023,59.45509338378906,60.9675954299535,61.42472151718875,39.367688186636286,-2.309924785931141
2023-05-05,59.73981688553111,60.89653337299979,59.722024275969424,60.62959671020508,60.93540507569175,61.393540152209,47.48386738042274,0.05873074111408735
2023-05-08,60.57622114344377,61.190164698027885,60.38046846661201,60.869850158691406,60.92916175026314,61.37300328971811,48.98811365729446,2.6560732113894074
2023-05-09,60.50503158569336,60.83425258376305,60.35377063596474,60.50503158569336,60.88876840125649,61.33896518367793,46.79617421484343,1.765934829379263
2023-05-10,60.65629927447264,61.341433656862726,60.11353294657283,60.9410285949707,60.89374556256261,61.32335982725804,49.693221573446095,0.5136631309856714
2023-05-11,61.012202362103814,61.483784583454906,60.469436125478246,61.46599197387695,60.94824522078302,61.32895324477251,53.01094104114564,0.9793712546217361
2023-05-12,61.04779609244875,61.19905703781446,60.15801624185307,60.55841445922851,60.91111848158735,61.298736037496276,47.21370909239726,0.0882288169035048
2023-05-15,60.68298808792412,60.914332768887704,60.30038244914985,60.65629577636719,60.88684965251876,61.27354230176572,47.87576643397156,-0.46722680133268024
2023-05-16,60.558428717741634,60.62961275178517,59.55297969368837,59.633056640625,60.767440794243164,61.2092095307406,41.95210490152962,-2.9820316477296105
2023-05-17,59.668638078734496,59.92667506503148,58.787757876190945,59.19705581665039,60.61788032018671,61.130301541952754,39.69817753354715,-2.24800905825344
2023-05-18,59.00130434994743,59.0368963613816,57.99585548373981,58.45853805541992,60.4122286759232,61.02552650326519,36.15485190268927,-3.623296960055303
2023-05-19,58.52082267142765,59.03689665708495,58.42295312509604,58.583106994628906,60.23802661103803,60.92974534606377,37.17348312591449,-1.760683931269114
2023-05-22,58.58310786984892,58.99241261526591,57.96026462853122,58.55641555786133,60.077873177402154,60.836673589663675,37.037127440588854,-1.0822164209877296
2023-05-23,58.7966575759893,59.75762149975422,58.60090491131697,59.19705581665039,59.99398580971151,60.77237485346708,42.489827662848775,1.2633189022454485
2023-05-24,59.259339831803935,59.33942355261114,58.05813832755098,58.25389099121094,59.828262493663836,60.67361078043743,37.36011182612524,-0.5619640546687842
2023-05-25,57.7823117021564,57.96916467567014,56.92812037678864,57.444190979003906,59.60120806369622,60.54696686665572,33.60880457081789,-1.899406868165282
2023-05-26,57.39970934063029,57.8090073234443,56.678986323225466,56.78575897216797,59.333070054979245,60.399468517852284,30.892381958330617,-4.073339140295884
2023-05-30,56.38535614204548,57.0259954168327,56.1184228280307,56.68788146972656,59.081147332574226,60.253916084592454,30.49777112783097,-2.6882487930645644
2023-05-31,56.67007929872853,57.47977885323675,56.18960074346145,57.33741760253906,58.91507783447564,60.139543595100164,36.31185539097774,-0.1858732356486139
2023-06-01,57.35521929423894,57.595463701271655,56.75016860889227,57.55097198486328,58.78516299165541,60.03803098293401,38.14397758291788,1.347543867592509
2023-06-02,57.76451251105494,58.53862350854461,57.38190686243116,58.42295455932617,58.7506669504812,59.97469465259645,45.0899304722886,3.060747808199894
2023-06-05,58.63649953863288,59.13477413386523,58.44964656542076,58.70768356323242,58.74657329455274,59.92500794320962,47.17581949211721,2.3898285238306234
2023-06-06,58.96570696442903,59.06358328983213,57.9424655800027,58.262786865234375,58.70049839652242,59.859822802896865,44.34142063286939,1.2368424994773521
2023-06-07,57.97806167602539,58.12932263013817,57.61324865771372,57.97806167602539,58.631694899332224,59.78602824890191,42.57830314796971,-0.761503567658514
2023-06-08,58.13822261810848,58.3784670224546,57.8979850022451,58.11153030395508,58.582155414058214,59.72036166282556,43.70824074628653,-1.015460367526243
2023-06-09,58.16491582962561,58.24499276397539,57.47978148949459,57.65774154663086,58.494115998112754,59.63947459944538,40.77068784871097,-1.0384764463859666
2023-06-12,57.6488427330029,57.817903092761135,57.12386904198203,57.62215042114258,58.41107165744893,59.56036384735508,40.54055177583556,-0.613872289956161
2023-06-13,57.11497613035003,57.65774243311706,56.91032375861732,57.62215042114258,58.33593630161023,59.48435547769969,40.540551775835546,-0.8421390389356047
2023-06-14,57.80010340937431,57.83569542117443,56.99040720348857,57.08828353881836,58.21711222896339,59.39039187225336,36.915562124794164,-0.987652295315711
2023-06-15,57.159462826457855,57.78231287260243,56.83024519108766,57.54206848144531,58.15282234824738,59.3179086020256,41.68837130315985,-0.138977700609872
2023-06-16,57.72891587042873,58.93901704401626,57.48867829100963,58.86783981323242,58.22091924967453,59.300258845602336,52.900151390858035,2.161823852434321
2023-06-20,58.57420967715506,59.05469161505823,58.05813573031667,58.75216293334961,58.27151388621501,59.27876488825909,51.9613739375317,2.9145724680964715
2023-06-21,58.64539927762812,59.0635901483421,58.22720161843192,58.28058624267578,58.272377920163656,59.23962062764798,48.20564627352434,1.283439717619131
2023-06-22,58.50302885780375,58.592005490765615,57.94246996051024,58.102630615234375,58.25621151017039,59.195032784023915,46.830077148378415,-1.2998764697766976
2023-06-23,58.17380638702984,58.209398397016805,57.737816144532594,57.87128448486328,58.21955179347447,59.143121086017615,45.031073647920906,-1.4993123733770035
2023-06-26,57.87128683801238,57.92467146092266,56.954814606148354,57.64884185791016,58.16519846627787,59.084521900601636,43.30833620231538,-1.0839705388945196
2023-06-27,57.61324691772461,57.88018359567046,57.14166467003776,57.61324691772461,58.11263165212994,59.0268248424496,43.02468837518914,-0.8422745963957273
2023-06-28,57.56875195402575,57.56875195402575,55.949356338533,57.02598571777344,58.00914156314361,58.948360563050535,38.53986009186226,-1.4606531972016945
2023-06-29,56.74126624664723,57.33742056163464,56.616697600177304,56.94591522216797,57.90788191162212,58.86983329478063,37.958871940810226,-1.219324817443395
2023-06-30,57.19505383981594,57.310729577418705,56.89252852242168,56.90142822265625,57.81202917933965,58.79264093901105,37.619546842778284,-1.2355122010132182
2023-07-03,56.89252806503684,57.75561908607248,56.44763809563612,57.328521728515625,57.76598085068974,58.73522449938378,42.89713081355409,0.530523071077569
2023-07-05,57.22174245726064,57.83569275264132,56.874728843823334,57.595455169677734,57.749740309640984,58.69052766292472,45.97363208683144,1.1406260571555658
2023-07-06,57.14660748165547,57.37102865514994,56.823440443920184,56.94911575317383,57.67349035188221,58.62223699979724,40.310465668377134,0.08380726461025902
2023-07-07,56.76958623752119,56.95809921695443,56.22199798111409,56.239952087402344,57.53696289812222,58.52881406205626,35.188653221162554,-1.8988273346176634
2023-07-10,56.22199921120123,56.51823341044972,55.92576158755704,56.087345123291016,57.39890406242401,58.433070182104686,34.18214409610201,-2.618453212920684
2023-07-11,55.94371435291823,56.48232384285385,55.76417671480782,56.36562728881836,57.300496750652044,58.351993990211106,37.68256558562603,-1.0245786201218592
2023-07-12,56.446419313282554,56.79651582578377,55.76417697021732,55.907806396484375,57.16785957406465,58.25614349633947,34.437638856807816,-0.5905867245437587
2023-07-13,56.01553103448139,56.329719334316934,55.84496873651727,55.907806396484375,57.047854509533195,58.16405184536476,34.43763885680781,-0.3201055896155883
2023-07-14,55.67440507271671,55.96166390053504,55.27044627597364,55.60258865356445,56.91021014229808,58.06360230843141,32.28789044068111,-1.3537304061996585
2023-07-17,55.64747591433952,55.67440535946265,55.12681714599011,55.52179718017578,56.77798033638167,57.9639236759508,31.723377215302044,-0.690438851367395
2023-07-18,55.602597485429975,56.33869877668551,55.47692215634672,55.65645980834961,56.67116885752147,57.87343489682919,33.80093237837614,-0.44957333212517336
2023-07-19,55.7641784150413,56.4284666689851,55.65645719864891,55.71031951904297,56.57965939671399,57.78860684279836,34.65733694903559,0.19375152863788372
2023-07-20,56.06041016932785,57.48772897852582,55.98859374965721,57.24535369873047,56.643058854048896,57.767302797932956,53.22874536530364,3.104288056385337
2023-07-21,57.35307647607141,58.16099409753686,57.236376503105184,58.06224822998047,56.77821974699476,57.77886928546423,59.77997689658745,4.322568179713691
2023-07-24,58.08019947773428,58.69062537004343,58.08019947773428,58.10713577270508,56.90478317801479,57.791742481042306,60.110609634624545,4.302284162708538
2023-07-25,57.9006631184459,58.035317193130666,57.227399593812805,57.24535369873047,56.937218465701996,57.77031546997125,51.37812041708511,0.0
2023-07-26,56.67981631895425,57.35307990226346,56.491303337482634,56.92219161987305,56.93578733752781,57.737055711143874,48.53095076623122,-1.9635075197083964
2023-07-27,54.75876703556312,56.132223539173175,54.202203476983186,54.51639175415039,56.70536871053949,57.6107551638108,33.602124678652274,-6.17952334219403
2023-07-28,54.579235149446575,55.2076151942604,53.90597154951657,55.12682342529297,56.55503106432553,57.51334607602579,38.750515880742824,-3.7007899096699663
2023-07-31,55.072963338310565,55.94371872534507,54.8575208952561,55.82701873779297,56.48569655703672,57.44721559217353,44.10431941133824,-1.9239822833836993
2023-08-01,55.943714637404526,56.16813583008487,54.92035454668546,55.23454284667969,56.36653906081224,57.36044411195808,40.85049935709182,1.3173122237581383
2023-08-02,54.91137851684954,55.95269619018171,54.77672784917079,55.432037353515625,56.27753889821256,57.28482031750936,42.37659018298472,0.5536577463714693
2023-08-03,55.171707573787245,55.1806863395445,54.265047422864406,54.965240478515625,56.15255809633666,57.1938564022547,39.76509670925564,-1.5436580329050413
2023-08-04,54.83058705940815,55.16272946344261,54.193228274072034,54.30095291137695,55.97621474538812,57.08040920653401,36.33359532187631,-1.6902284099538905
2023-08-07,54.31890955272079,54.543330768468,53.9508588958712,54.28300476074219,55.81495665161231,56.97070707140492,36.24259358743414,-2.0728673302147054
2023-08-08,54.4804829439916,54.59718291325204,53.60075235321797,54.00471115112305,55.64255231823238,56.854393505903666,34.78768716049894,-1.747521377202056
2023-08-09,53.681547098043595,54.71388592516571,53.636663545646016,54.41764831542969,55.52589479415594,56.75883487098312,38.718740158830755,0.2149048917119183
2023-08-10,54.839562550936634,55.6115719984308,54.713887231464675,55.019100189208984,55.477628641303845,56.69060998150179,44.01258609175453,1.3560329456912188
2023-08-11,55.23454523650488,55.41408288329631,54.82161104596164,54.965240478515625,55.428829768657344,56.62294843236508,43.64895145343267,1.7786028420829791
2023-08-14,55.07296282031214,55.55771344921911,54.94728749231312,55.315338134765625,55.41802104162004,56.5716695971651,46.72988186019419,1.6496299401483043
2023-08-15,55.234545598311826,55.79111264945057,54.93831138990193,55.432037353515625,55.41935592846723,56.52697813662983,47.75526424521275,0.7505342015528471
2023-08-16,55.06397724027766,55.31532784954006,54.6600184579665,54.695926666259766,55.35045790349509,56.455172196615315,42.23303600028205,-0.4899711343228392
2023-08-17,54.77672622227951,56.30279104808455,54.75877211557643,55.79111099243164,55.39242486434619,56.429130580764976,51.26290622547009,0.8601101859069952
2023-08-18,55.8539489490314,56.17711602260429,55.53975721665965,55.71031951904297,55.42270054574588,56.40094191167784,50.63411255676135,0.5020240619203842
2023-08-21,55.7731524391594,56.09631948525868,55.566685365128286,55.575660705566406,55.437268180014506,56.368577942810724,49.543315539160325,1.6084086931638393
2023-08-22,55.48589723831467,55.773156092688055,55.29738083281067,55.53078079223633,55.446174143083255,56.335723152592124,49.16317640316745,-0.46661590989042623
2023-08-23,55.88985119675287,56.01552993862402,55.12682052671085,55.261474609375,55.42858371130151,56.29359575874047,46.84065627995854,-0.8056764232245052
2023-08-24,55.08192917621076,55.66542212822951,54.965229216048975,55.01011276245117,55.38872933522053,56.24326309221932,44.717253458586484,-1.0176180290711139
2023-08-25,55.13579625599455,55.92575980277289,54.98319149066911,55.728271484375,55.421066682759054,56.223067342892094,51.48427704267785,0.35564184281428785
2023-08-28,55.71032333458422,56.02451166407866,55.09989735922704,55.33329391479492,55.41270737152438,56.188174267280445,48.003937487636975,0.12996270173314897
2023-08-29,55.638502200486265,56.92219170861542,55.638502200486265,56.41948699951172,55.50859114561841,56.197245354818925,56.677205141879305,2.5620275369123733
2023-08-30,56.49130361252107,56.58107072097442,55.83599413250376,55.99757766723633,55.5551612905344,56.18941524942353,52.98041793145016,0.48324876348773127
2023-08-31,56.06041706046762,56.13223006457039,55.34226989746094,55.34226989746094,55.5348859197655,56.15619386307206,47.76881452504541,0.01622166697655359
2023-09-01,55.503849091248696,56.01552911885127,55.503849091248696,55.674407958984375,55.54817373302444,56.13730029820588,50.43033595667818,-1.3206058405561043
2023-09-05,55.55771006188713,55.65645593483611,54.390720541680984,54.435604095458984,55.44221471992297,56.070567113784435,41.86212840600361,-2.7893591773903466
2023-09-06,54.130388375896,54.220158903270885,53.36735772738455,53.56484603881836,55.263417702674914,55.97230354221714,37.091728161610725,-3.2116930908974606
2023-09-07,53.744377889261855,54.30992016551854,53.73540254968735,53.83414840698242,55.12729681737087,55.88845432122755,39.392059490259385,-3.305395817334388
2023-09-08,54.00471523530088,54.66002470172982,53.87006115101734,54.59718704223633,55.07681017211996,55.83781638871809,45.47570295142756,0.29683320220712495
2023-09-11,54.5343563634776,55.14478235474886,54.4715186959405,54.58821868896485,55.030277649914716,55.78881255735522,45.417998000481795,1.910530368004521
2023-09-12,54.76774855904468,54.7767273247748,53.71745897874284,54.076534271240234,54.939444947183816,55.721664389272284,42.13303440500297,0.4502455623991527
2023-09-13,54.085503527235915,54.38174112387497,53.54689407348633,53.54689407348633,54.80682105445072,55.636379278849304,38.98953045775045,-1.923712604346254
2023-09-14,53.98675993547637,54.35481054339887,53.214750508030235,53.40326690673828,54.67314923085906,55.54880624464887,38.158114198661764,-2.170709744126732
2023-09-15,53.358380353273496,53.708480282567955,52.83772497850979,52.99032974243164,54.512880708151684,55.44847383279722,35.794794664863865,-2.008643015767885
2023-09-18,52.999310368183416,53.09805624213849,52.36195499461336,52.58637619018555,54.329404087393,55.336234709557544,33.60230879296278,-1.7937882297759271
2023-09-19,52.56842225719683,52.89158590339552,52.37093050863456,52.63125991821289,54.16767607128061,55.23015726675972,34.08541279876627,-1.4456175309903763
2023-09-20,52.78385757711421,53.24167867357855,52.70306582034963,52.76590347290039,54.03417391905392,55.13351986307896,35.59918441497961,-0.42352306660877825
2023-09-21,52.56842079884705,53.37633502852421,52.54148792744756,53.03521728515625,53.93903519201605,55.05123348747415,38.634879548067346,0.853531137698879
2023-09-22,53.25964290609112,53.376339469080094,52.75693816569132,52.87363815307617,53.83756880735511,54.96583759200757,37.492979558893744,0.4605214377157766
2023-09-25,52.81977391304704,53.214753993341915,52.55944449848199,53.107032775878906,53.76799394721452,54.89294328549272,40.24052895744117,0.646495711295294
2023-09-26,52.84670264493072,53.187823824067785,52.53251433809114,52.55046844482422,53.65203913746306,54.80108152703513,36.15883575990047,-0.9140131126939025
2023-09-27,52.58637319245981,52.73897795303962,51.71561790747115,51.96696853637695,53.49155622307391,54.689939841126964,32.44337400253653,-1.714785757836997
2023-09-28,52.07469101449086,52.442741626242885,51.895156803408376,52.19139099121094,53.36773096289648,54.59195753328712,35.20125273929006,-1.7241441233068686
2023-09-29,52.22729502792797,52.47864564286595,51.94901154396428,52.101619720458984,53.2471489398072,54.49429722690171,34.59290761757479,-0.8541288739157609
2023-10-02,52.07469021230642,52.11957718878116,51.30268421311559,51.931060791015625,53.121807211350855,54.39377815098461,33.41147401711768,-0.06909724844964288
2023-10-03,51.76050436306017,52.11060087993338,51.27575375920695,51.36552429199219,52.95454217141194,54.27502309769079,29.779740149692458,-1.5823810853361362
2023-10-04,51.25779392348505,51.473239753693214,50.54862562792282,50.92565155029297,52.76131449321013,54.14367519387127,27.294624529337188,-2.257066433779683
2023-10-05,50.816838991017306,51.33371233583529,50.626412697484696,51.16141891479492,52.60894348574202,54.02672396724083,30.635822861147194,-1.4820453587843052
2023-10-06,51.00726884641225,51.57855122605457,50.93472351477116,51.37905502319336,52.491811251213576,53.9228938125723,33.66623921290589,0.02634204826617782
2023-10-09,50.87124571168427,51.80524778776131,50.5085294478145,51.33371353149414,52.381516230287914,53.82135733096139,33.339444548002646,0.8012896620442441
2023-10-10,51.42439453385381,51.47880353301627,50.989132918009616,51.134220123291016,52.26272612485964,53.71597940124883,31.873467744657695,-0.05316269970776919
2023-10-11,51.21583419417779,51.587620390617005,51.08888331624517,51.369991302490234,52.17770376082446,53.62397986796418,35.48409283430451,-0.017640886347624507
2023-10-12,51.351855338659135,51.388124547506955,50.59921304384659,51.01633834838867,52.06709753106867,53.52171941621612,32.68578024193737,-0.618258764604578
2023-10-13,51.11608636604833,51.38812445726535,50.68989462483073,51.20676803588867,51.985161388670576,53.43093700914446,35.62946751152775,0.1418774206837107
2023-10-16,51.49694225027013,52.13170009994612,51.40626058080099,51.841522216796875,51.971481467539746,53.368607017287694,44.363247103205545,0.9179112208332854
2023-10-17,51.823384005516694,52.27678192871754,51.66922691286956,52.02287673950195,51.97637625534567,53.31583328090394,46.59282295987367,1.9729726273956945
2023-10-18,52.05009404356588,52.22238404575155,51.47881157019938,51.55135345458984,51.935897893368924,53.2466379935975,41.8922227247383,0.6729294425683326
2023-10-19,51.36092278699206,51.65109721839807,50.52667216148782,51.21583557128906,51.867320529361315,53.166998682918745,38.885976709643025,-1.2069218239604225
2023-10-20,50.99820013627678,51.768975225271035,50.99820013627678,51.19769287109375,51.80354646666917,53.089771004023646,38.724152323571914,-1.5861942286279325
2023-10-23,51.09794433033624,51.43346128257898,50.76243083724512,50.78056716918945,51.7061198669092,52.9992139908929,35.10679168610259,-1.4951814719653245
2023-10-24,50.90752155658809,51.39719217551678,50.67175614329938,50.88938522338867,51.62833561514534,52.91647560785352,36.766291583186906,-0.6374011948823783
2023-10-25,50.79870384257097,51.47880072887238,50.74429484637227,51.33371353149414,51.60027636908332,52.85440650681982,43.15823932668187,0.2656773240600222
2023-10-26,48.93070402674777,50.13674418713569,47.98763549730707,48.03297805786133,51.26053367277646,52.66533088137047,23.86175068115222,-5.41070977441779
2023-10-27,47.19873113443081,47.35288825327574,44.87733558699661,46.26473236083984,50.78474307163964,52.414327017820256,18.968798556950905,-9.08765716513972
2023-10-30,46.90855110303965,47.06270820352067,45.57556003416128,46.473289489746094,50.37412844479263,52.18134515397421,21.02573728786021,-9.468288396408514
2023-10-31,46.591174614652175,46.84507636138075,45.947346892494664,46.72719192504883,50.02680115719799,51.96745679205557,23.569418893329754,-2.71852003687868
2023-11-01,47.026439229972645,47.07177833632629,46.400747801175264,46.50049591064453,49.690962562288135,51.75306616925514,22.861404986505413,0.5095967009294827
2023-11-02,46.08336727646677,46.58210432871864,45.96548284112118,46.36447525024414,49.374154246855376,51.541748878313534,22.426101275192476,-0.23414361388376004
2023-11-03,46.60023903148048,48.187131798043104,46.60023903148048,47.89695739746094,49.23346883262734,51.398815879064415,36.98445800336414,2.5033934722386744
2023-11-06,48.187139641968955,48.558925869431384,47.733741634861,47.8697624206543,49.10359203148705,51.260421625793434,36.85228610600859,2.9446277576070403
2023-11-07,47.887889383256905,48.105518446948345,47.27126793754514,47.41635513305664,48.9429028030651,51.10967392019592,34.63020736334946,2.268719482179325
2023-11-08,47.62492239063701,47.67933139142547,47.00830088497556,47.53424072265625,48.80874450969283,50.96946085362573,35.71552784737691,-0.757285419603533
2023-11-09,47.65212092232314,47.67025725430589,45.675305705175134,45.711578369140625,48.51377630583072,50.76326938364593,27.980434855720436,-4.508449472860729
2023-11-10,45.8929443359375,45.97455611114261,44.95894559904187,45.8929443359375,48.26417326107898,50.572276244520104,29.613972607023438,-3.2128382555855377
2023-11-13,45.747852891826675,45.947345633438935,45.39420305167354,45.47581481933594,47.99861531424631,50.37241501215994,28.038766472315448,-4.330406612215444
2023-11-14,45.747849642807445,46.40981017387801,45.57555622378326,45.81132507324219,47.7903019579602,50.19354874004552,31.208306801703273,0.2182088382423924
2023-11-15,45.58463558150325,46.81787870163382,45.47582102947768,46.76346969604492,47.69250840920637,50.05903583635922,39.36978120955895,1.8968609940019416
2023-11-16,46.66371778830987,46.917623001263514,45.56649554177893,46.101505279541016,47.54098430161919,49.903838559621256,36.1579491902685,1.3758752046352334
2023-11-17,46.418882471793125,46.44608870195184,45.88387273403103,46.101505279541016,47.40389106142127,49.7547274505985,36.1579491902685,0.6334246080743006
2023-11-20,44.23350149338433,45.493947200978575,43.90705442626461,44.34231948852539,47.112312816383564,49.54247615796818,28.89304933992363,-5.1774391918662594
2023-11-21,44.27884456229793,44.46927086725202,43.93426115870115,43.961463928222656,46.812231969892046,49.32361293327228,27.600133376508193,-4.642020555168444
2023-11-22,44.206302591030166,44.88639955396909,44.034012605713706,44.8138542175293,46.621910279190836,49.146759650301966,34.64860062961246,-2.793078130971906
2023-11-24,45.11309542838109,45.25818263209624,44.85919368666752,45.122161865234375,46.479077096909265,48.98893228618167,37.036289427008676,1.7586864776227746
2023-11-27,44.986143426871344,45.085891525509474,44.26977386315364,44.451133728027344,46.285939633206226,48.810979401548174,34.11478477143205,1.1138614505745024
2023-11-28,44.47834282182714,44.72317815534921,44.26978015826809,44.36045837402344,46.10256046566501,48.63644916517465,33.72761807152605,-1.0117314197191054
2023-11-29,44.48741464102051,44.750382861733705,44.13376128232941,44.17910385131836,45.919374121441514,48.46165130972931,32.92283939868971,-2.0900107063412245
2023-11-30,44.23350067307036,44.79571659341764,43.752899977141176,44.77758026123047,45.81063184904046,48.31717793527838,38.166314937339024,0.7343941668630464
2023-12-01,44.79571520186509,45.50301483943456,44.36952005658525,45.43046951293945,45.77442591226894,48.20397368342195,43.36733732116378,2.4120831437183523
2023-12-04,45.303522754867984,46.028958789780035,45.13123277756133,45.321659088134766,45.7313052623514,48.090941738508725,42.722374550329626,2.586189255132007
2023-12-05,45.158440174627586,45.70251985091962,44.94081107143255,45.548362731933594,45.71388216421637,47.99123275785872,44.57195871472378,1.7213580238289192
2023-12-06,45.629968865365555,45.729716966636495,45.140298255027375,45.230979919433594,45.66789147423706,47.882987548508716,42.50269815024651,-0.43910968925610816
2023-12-07,45.61183705303249,46.2465949301791,45.33073251339269,45.484886169433594,45.65046239758911,47.78894435717244,44.713976853016746,0.3601524846683317
2023-12-08,45.5755642636805,45.82946948936193,45.42141060804546,45.620906829833984,45.64764758161243,47.70392327766897,45.91402008409859,0.159268288801807
2023-12-11,45.81132792302272,46.373540395768885,45.5846289547531,46.32820129394531,45.71246222088223,47.64997339595432,51.775765423125996,2.4258182698365442
2023-12-12,46.06523300502071,46.19218388300441,45.15843706610632,45.80226135253906,45.72101451913526,47.57751410013412,47.64106293945269,0.6977596512459754
2023-12-13,45.403266680428224,47.02643203735352,45.28538225461732,47.02643203735352,45.84533999706081,47.555903038848605,56.37388786003555,3.0808795904959725
2023-12-14,47.57051272869144,47.64305806206778,46.24659152694019,46.67278671264648,45.924144446164206,47.52127102605637,53.5930051542155,0.7437919217170191
2023-12-15,46.39167826548481,46.65464990758738,45.965483084087694,46.14684295654297,45.94535382810504,47.467371886075455,49.668861016153414,0.75232443514452
2023-12-18,46.38261114927083,46.69092189018446,46.18311494657619,46.554901123046875,46.00340595143283,47.43158871889786,52.57055958341856,-1.0026933660034136
2023-12-19,46.79974150177568,47.316614938287785,46.66372071989263,47.25313949584961,46.12242819375824,47.42459071015087,57.1254831887733,1.2434500360482643
2023-12-20,47.18059088229681,47.3710206555486,46.18311674821497,46.21031951904297,46.13079879616631,47.37697223206821,49.48231495510323,0.13755342388162206
2023-12-21,46.55489853800153,46.917618257459885,46.110567054622635,46.48235321044922,46.16428016895516,47.34188913318119,51.31235395951725,-0.1558330290637039
2023-12-22,46.11963680979381,48.49544093347642,46.11963680979381,47.41635513305664,46.283525403631494,47.34480936847042,57.06348724491019,0.3454069696710141
2023-12-26,47.52517102513289,47.85161808916499,46.2919280984124,46.65464782714844,46.31887039634739,47.31774420998721,51.69996665352698,0.9615348102545882
2023-12-27,46.61838305792568,46.69999483775581,46.01083138741981,46.4370231628418,46.33012304077543,47.283206129707,50.246834778246566,-0.0975209826451551
2023-12-28,46.29193358455682,46.65465335627947,46.24659447787952,46.44609069824219,46.34116757958179,47.25037807357112,50.309503946043876,-2.0462653278426
2023-12-29,46.36447497936752,46.69092205432389,46.23752410780712,46.5276985168457,46.35893243074978,47.22203769879758,50.908830859399096,-0.2721043158938225
2024-01-02,46.65464427972237,48.468235867201166,46.609305181865686,47.84254455566406,46.50022882359876,47.24637130102764,59.404476849391614,3.026725868911732
2024-01-03,47.788146239090295,47.969506117058295,46.67278765944224,47.4254264831543,46.58834288641357,47.253393072875745,56.08832585386663,2.108542980021295
2024-01-04,47.61805979035787,47.874908155855415,47.205265274882144,47.73731231689453,46.69776854645938,47.272370298131385,57.97727663211028,2.599771401998056
2024-01-05,47.618060029848266,48.22349082249211,47.37955847487195,47.91160202026367,46.81337173444074,47.29743820880324,59.037715365911026,0.1443432100883808
2024-01-08,47.59971854611069,47.6088937026925,47.049328127297976,47.50798797607422,46.87952566221536,47.30569506242171,55.5422569974065,0.17408698042862736
2024-01-09,47.74648622647058,47.79235150828879,46.99428440690249,47.0401496887207,46.894823188549196,47.295281518355004,51.71977545765158,-1.460414494108622
2024-01-10,46.966769957736624,47.01263524348062,46.251258202801694,46.47141647338867,46.85449873948629,47.26297308521907,47.445031316157014,-3.005922336443456
2024-01-11,46.46224638394657,46.54480530079073,45.87515880900085,46.06779861450195,46.77957491805921,47.21610349813213,44.62607313809166,-3.0314678076822954
2024-01-12,46.2237400505626,46.51728208050857,45.930198020616615,46.15035629272461,46.71964933469401,47.17430949007693,45.34143844320517,-1.8915615742809777
2024-01-16,46.14118492330948,46.40720850331418,45.70087184224859,45.865989685058594,46.638348415681115,47.1230028310566,43.267981617447084,-1.302793919950275
2024-01-17,45.45319321613342,45.93019990923408,44.9028027621773,45.84764099121094,46.56304294668396,47.07298864125873,43.13092509230295,-0.47789916148003414
2024-01-18,45.517405952131504,46.02193112515727,44.60926134054457,45.94854736328125,46.50451955778846,47.02889290486746,44.178139262605995,-0.43728574523524016
2024-01-19,45.966888427734375,46.05861899342745,45.34311078299048,45.966888427734375,46.453316593021405,46.98724567047009,44.378628778022374,0.2199859708001684
2024-01-22,46.10448402717868,46.159524465875215,45.407322633506325,45.471534729003906,46.359813558353075,46.92780602570671,40.18117829259646,-0.8203393982236324
2024-01-23,45.57243958176888,46.25125414960537,45.398150111496626,45.97605895996094,46.323265501363345,46.89048261136374,45.803717619764406,0.059874790952962255
2024-01-24,46.049449865641165,46.43472246186763,45.93019732425332,46.086143493652344,46.30068245300992,46.85893990086525,46.97484874938984,0.2594368903291169
2024-01-25,46.104487838365245,46.17787509602712,45.352285943816256,45.50823211669922,46.2252109924089,46.80597096815286,41.86081774628055,0.080704088643626
2024-01-26,45.829295211910996,46.049453498047306,45.54492832063577,45.59079360961914,46.16479028928606,46.75831695409272,42.818571674909855,-0.8379694977277456
2024-01-29,45.517404683312755,45.755909776180125,45.36146200661242,45.746734619140625,46.124975463557924,46.718647058604404,44.67250255018717,-0.7364662104097885
2024-01-30,45.91185023391116,46.03110277458124,45.177995174589405,45.306419372558594,46.047017740605604,46.66326558072026,40.6635417794126,-0.4434642585611888
2024-01-31,45.59996308329494,45.884333460245045,44.801895895463446,44.82941436767578,45.93105551461229,46.591349846875374,36.809669339134395,-1.6700284896613797
2024-02-01,44.8110643226503,44.8110643226503,44.150596542088095,44.64594650268555,45.808664180143076,46.51505951965225,35.419227053002864,-2.4062659895172143
2024-02-02,45.19634034821403,45.87515494121469,44.10473120579577,44.682640075683594,45.70142378924217,46.44319993361426,35.940409627869116,-1.3768011366018778
2024-02-05,44.50835012763968,44.54504375370976,43.737801476651974,44.012996673583984,45.540621206798534,46.347897844985624,31.02033777068026,-1.8211652005886436
2024-02-06,43.98547780768681,45.84763557276878,43.64607051783618,45.187164306640625,45.506958644878736,46.30237888269759,45.18896099096595,1.2122439915626444
2024-02-07,45.122944669271774,45.27889080295199,44.049682540498246,44.6184196472168,45.422335883196645,46.23634126561991,40.815696804233205,-0.14372568039404143
2024-02-08,44.43496334603304,44.737680515371544,44.13224967599134,44.682640075683594,45.3518886634335,46.17541180719104,41.50409445052641,1.5214674135140642
2024-02-09,44.673466995926255,45.710039164939914,44.48083071209886,45.69169235229492,45.38425091951554,46.15644241680296,51.12368235716098,1.1165295574437104
2024-02-12,45.70086217748502,45.91184526550216,45.14129666177598,45.63665008544922,45.408288935318744,46.1360584038087,50.634528929181016,2.282085394962968
2024-02-13,45.55409445794368,45.774252717398674,44.3157143089877,44.682640075683594,45.339179520115394,46.07906160662732,42.96184660741106,0.0
2024-02-14,44.7835471482371,44.98535860054386,44.444139841509575,44.84775924682617,45.292377589325945,46.03077523957629,44.52859360771355,-1.8470165188056609
2024-02-15,44.95783573754136,46.122832144849035,44.79272141537433,45.3522834777832,45.29808291203616,46.00416771950598,49.126831296036656,-0.6231101694221045
2024-02-16,45.233035142918915,45.74673192941992,44.88445268115258,45.7375602722168,45.33993789872003,45.99371252549464,52.37355905722805,2.3609173377991453
2024-02-20,45.76507874312309,46.27877902892101,45.56326729168517,45.7375602722168,45.37780669619591,45.98366733909158,52.37355905722806,1.984047899680953
2024-02-21,45.80176802384963,46.71908762617099,45.44401393883175,46.700740814208984,45.50380042172097,46.01178786752756,59.810204803019296,2.973295351459761
2024-02-22,46.39803165502194,47.159405178992685,46.1687017322493,47.08602142333984,45.65448813616086,46.05391467363785,62.343157077002466,2.9482577188144425
2024-02-23,47.15023134119345,47.627234479119046,46.53562535695236,47.38873291015625,45.8196543051128,46.10626048683465,64.24961977232186,3.6101021307480083
2024-02-26,47.29700029361354,47.40707766687613,46.29712177996218,46.342987060546875,45.86949551991604,46.11554388188219,54.066228867637285,-0.7660558428513421
2024-02-27,46.38885315086339,46.52645249431591,46.00358058807099,46.33381271362305,45.913716205030994,46.124103443911245,53.985387850039004,-1.5975202129605521
2024-02-28,46.33381802647062,46.75578776177155,46.20539382414744,46.70991897583008,45.98954504034519,46.14707660202571,56.83482626826294,-1.4324374015509707
2024-02-29,46.746610446200535,46.93924674078974,46.12283277860958,46.55397415161133,46.04330019379911,46.16303336867613,55.30557960406965,0.45527296457778943
2024-03-01,46.72826121721433,46.856688906265795,46.26960139706355,46.682395935058594,46.10416645487145,46.18340052814211,56.3472422846689,0.7523301041294549
2024-03-04,47.040154638545125,47.884090609849935,46.52645782925243,46.70991897583008,46.16185717115322,46.20404831040438,56.58080202967093,0.0
2024-03-05,46.792473220514275,47.801526922449206,46.774129907125264,47.53550338745117,46.292680620324454,46.25626223499445,62.97933330503627,2.1083683052349484
2024-03-06,48.0125127140728,49.36097377813379,47.929953802001776,48.96652603149414,46.54733256424538,46.36254708975915,70.96613726342692,4.892915307117216
2024-03-07,49.14080989647744,49.30592770174795,48.599591201267785,48.874786376953125,46.76899483212231,46.46106627749224,69.92464904360438,4.634705965221759
2024-03-08,49.05825052120618,49.773758670954024,48.92065468433739,49.342620849609375,47.01410207188298,46.57406841757527,72.1678575183279,3.8016163359600847
2024-03-11,49.44353138270557,50.04896222211721,49.29676037616023,49.86549758911133,47.28566354971425,46.703144071360995,74.46062970138348,1.8358900058358025
2024-03-12,49.83797906552063,50.08565229562189,49.370144076892,49.902191162109375,47.53485665565665,46.82859689844917,74.61864691500593,2.1021161652395928
2024-03-13,49.83797997421682,50.48927610823305,48.25101384588326,48.29688262939453,47.6074305579174,46.88617673103526,57.77646435187653,-2.1193406475147185
2024-03-14,48.223495907793705,48.324401633757894,47.52633448186364,48.15011215209961,47.65911451926809,46.93574282597896,56.52037393193886,-3.4400247063538614
2024-03-15,47.99416158026999,48.80140381460263,47.65475430532764,48.012508392333984,47.6927710786077,46.977968926620335,55.306366497869,-3.7867731371487805
2024-03-18,48.23267197735313,48.342749362626485,47.26948348349608,47.32452392578125,47.65769992119566,46.991559318744294,49.573179468878095,-2.013294959582925
2024-03-19,47.480464881436205,47.63641104596222,47.141057581181045,47.51715850830078,47.64431502472948,47.012171051668076,51.10164462100124,-1.3145424081244386
2024-03-20,47.36121193954276,47.847390207888374,47.030976323573455,47.59054183959961,47.63919376900282,47.03485225903794,51.70222198135298,-0.8788679593373404
2024-03-21,47.618065952708186,48.29688407703733,47.29700545428716,47.32452392578125,47.60922521250553,47.04621193224356,49.336617059475564,0.0
2024-03-22,47.37956137699947,48.113416397988615,47.2603088425585,47.63640975952149,47.61181421698324,47.06935694507799,52.10359305376895,0.25096460934186166
2024-03-25,47.77400425423614,48.379435022467405,47.618058109761805,47.92994689941406,47.64211256769094,47.10310557073823,54.61586890363667,0.7131775489306104
2024-03-26,48.058375785882205,48.29688085390411,47.73731530888742,48.20514678955078,47.69573487453473,47.14632287343676,56.898454701068225,1.8608171635294346
2024-03-27,48.617941054939664,49.2508903485496,48.48034170883906,48.84727096557617,47.805404978443434,47.21302672018732,61.73445617064805,2.541881750046571
2024-03-28,48.97569765879728,49.97557626024821,48.97569765879728,49.746246337890625,47.9902470126765,47.31236866597961,67.27101126556624,3.789487691877177
2024-04-01,49.691202401163686,49.74624283840448,48.58124649486603,48.608768463134766,48.04915381748205,47.36320787371119,56.19231816138721,0.8372999575046947
2024-04-02,48.70967244512206,48.93900235964579,48.186800519951696,48.37944030761719,48.080609673685395,47.40306012602123,54.252420591139426,-0.957741648020983
2024-04-03,48.38861367337214,48.49869105642786,47.792354474834575,47.86574172973633,48.060146059975956,47.42120450263751,50.081651372677456,-3.7801939776146645
2024-04-04,48.19981584723657,48.33901581095105,47.513104994250554,47.69870376586914,48.025722984346736,47.43208682668581,48.76875568459481,-1.8722233169841045
2024-04-05,47.50381859190655,47.74509803407,47.11406439456807,47.62445831298828,47.98750730136022,47.43963080654081,48.16436635404351,-1.5605430526446928
2024-04-08,47.58733805530939,47.605898284785155,47.19758385632371,47.4202995300293,47.933487513614416,47.43887271726585,46.4593402093157,-0.9306075360163127
2024-04-09,47.44814339843723,47.95853733788414,47.392462707951374,47.88429641723633,47.92880264729269,47.45634031334313,50.728411777751454,0.38909370006819455
2024-04-10,47.36462522443085,47.596622796799736,46.65935062202833,46.66863250732422,47.80878644348617,47.42544981114631,41.411818109427934,-2.0070061466786004
2024-04-11,46.82638905425003,46.9377504375434,45.57360358221679,45.582881927490234,47.59679553720084,47.35319224708137,35.19475756488828,-3.8747490436569314
2024-04-12,45.50864217892291,45.555040982881486,44.7848073851623,44.803367614746094,47.33075478268134,47.25319912424469,31.534395723076628,-6.434111040589979
2024-04-15,44.87760733330072,45.56431810953305,44.65488812425132,45.01680374145508,47.11037849304074,47.16549734452745,33.5715716680393,-3.5394839684019046
2024-04-16,44.96113336011072,45.10032978921187,44.76625623536776,44.784812927246094,46.88889605820316,47.07213717130073,32.44165444305299,-1.750808563428806
2024-04-17,44.95184659955547,45.053926093828096,44.26513579445183,44.39505386352539,46.65138727775766,46.96715351217229,30.579500986369204,-0.9113461173983609
2024-04-18,44.47857451835532,44.92400942910431,44.190896256412394,44.821929931640625,46.47715324479413,46.88302709724948,34.98140265978766,-0.43289126196891164
2024-04-19,44.73840493985173,45.5179168189158,44.65488568352338,45.40655899047851,46.37519188724026,46.825126387180035,40.5420553702204,1.3882966626263569
2024-04-22,45.47152236077131,45.99119817643795,45.3508826367769,45.6014404296875,46.301501272235235,46.777138702572486,42.31314207982936,2.71738957648448
2024-04-23,45.62000641946096,45.90768470838435,45.43440763757497,45.462249755859375,46.221572556389916,46.72557443015236,41.36539714390879,1.428586018485421
2024-04-24,45.47152038872124,45.517919191321624,45.053924085314264,45.34160232543945,46.137765867727964,46.67130101428127,40.51824876238631,-0.1430556872910727
2024-04-25,43.9774554111833,44.07953490051108,41.174924556919024,41.481163024902344,45.694279882696954,46.46776619116837,23.75449157650235,-9.035410649227583
2024-04-26,41.46260468470602,42.102916683291895,41.1470878578662,41.620361328125,45.30628763940439,46.277671882813735,24.960068757731346,-8.450722188994211
2024-04-29,41.84308387232621,42.11220191602543,41.32340801621759,41.42548751831055,44.93668762787164,46.087390143029296,24.37890415830386,-8.636913135581278
2024-04-30,41.20276855615928,41.53684207288332,40.76661200543358,40.7758903503418,44.54042122048785,45.87909603351214,22.498375859815507,-1.7002239646394468
2024-05-01,40.80373162292318,41.267726738799034,40.58101240970198,41.02644729614258,44.20575703721687,45.688796083027064,24.904546077071224,-1.4269795192313333
2024-05-02,41.16564646490681,41.22132361215309,40.20981767716044,40.55317306518555,43.857891897023414,45.48739910193524,23.425135401288564,-2.1057433608703504
2024-05-03,40.73877687134294,41.13781299613303,40.54389621179273,40.822296142578125,43.5687875394572,45.304453887842804,26.1129613578594,0.11380693796656517
2024-05-06,40.98005309036947,41.40692779526863,40.627415771538686,40.73877716064453,43.29926274147504,45.12540774167817,25.81018293413557,-0.7011821750529552
2024-05-07,40.81301361214202,41.072849767434654,40.683095534495706,40.86869430541992,43.06778003327931,44.95847780300137,27.22377558133562,0.7780432858538671
2024-05-08,40.83157189293899,41.03573088520431,40.423257448410304,40.525333404541016,42.82564225911376,44.78462900306175,25.823345169568924,-0.7274523142939375
2024-05-09,40.423258819405255,41.583246696614985,40.36757812689845,41.518287658691406,42.701132297168776,44.656537185635464,36.065910575934566,1.9134361715695207
2024-05-10,41.527567236587885,41.73172624183661,41.1099708803983,41.70388412475586,42.6061562807485,44.54074686952254,37.7949011735065,2.0435931059955013
2024-05-13,41.64820043636774,42.05651484280213,41.60180163518227,41.81523895263672,42.53083082092833,44.43386420611526,38.86318581149328,3.1829609770740697
2024-05-14,42.11219950596848,42.42771633983435,41.32340565130286,41.49044418334961,42.431746379254164,44.31843596992837,36.87404104061923,-0.06706315918105583
2024-05-15,41.75956104008087,41.917317682586955,41.27700568770638,41.34196472167969,42.327957649961355,44.20171160725196,35.9677182069457,-0.867831403889147
2024-05-16,41.267728030748685,41.32340518079569,40.53461487511317,40.933650970458984,42.1951665376278,44.07355236659341,33.527253819015336,-2.1082935414438055
2024-05-17,41.10996712308903,41.10996712308903,40.58101296692752,40.85940933227539,42.06795156568948,43.947507541718196,33.087647724986745,-1.5209161133238898
2024-05-20,40.831572672269296,40.8779714786692,40.19126064794579,40.2376594543457,41.893638031275785,43.8020233029977,29.588649580484883,-2.6711484922604263
2024-05-21,40.03350108469485,40.30261912202871,39.20759028184449,39.22615051269531,41.639591600934786,43.62257731122114,24.963534030340615,-4.1713856870376445
2024-05-22,39.17974933935681,39.894302253949746,38.89207108854609,39.291107177734375,41.415926417772845,43.452715737358915,25.766022590107497,-3.8382888548077783
2024-05-23,38.901347410608295,39.22614610398986,38.47447276902282,38.54871368408203,41.14285853837372,43.260401931348056,22.76890523439457,-4.197425479431717
2024-05-24,38.42807754150608,38.678635343134104,38.11256070315989,38.270320892333984,40.869283524465175,43.0647124788377,21.747328951883592,-2.436715323498235
2024-05-28,38.251761880726264,38.35384138167953,37.47224987526744,37.5743293762207,40.55547836748951,42.8494033375586,19.40343520858765,-4.369380057802346
2024-05-29,37.37944685159864,37.769204604848696,37.06393001896838,37.35160827636719,40.25034788262072,42.63380353123737,18.708548213696833,-3.1054354174447227
2024-05-30,37.24952878051594,37.67640345407395,37.03609144373693,37.35160827636719,39.97427744392991,42.426658619281675,18.708548213696833,-2.400587699673107
2024-05-31,37.351610574649,38.19608162864968,37.24025272686929,38.13112258911133,39.79873888632814,42.25820622594166,29.02588573362693,1.4818447118925755
2024-06-03,38.1960789998967,39.33750659608872,38.16824042486823,38.76215362548828,39.70001648053387,42.1211061239631,36.096522986084516,3.7763978961344025
2024-06-04,38.743595123291016,39.04983362226892,38.40951804804315,38.743595123291016,39.608928732225024,41.98865471217204,35.98298722479035,3.72671194403309
2024-06-05,38.678635343134104,38.678635343134104,37.973360744476985,38.270320892333984,39.48144227128302,41.84283769962938,33.12186319856038,0.36505167897261315
2024-06-06,37.91768092071921,38.316716998152266,37.769202627255865,37.936241149902344,39.33428025972296,41.6896378349342,31.233924072358636,-2.13071875099028
2024-06-07,37.90840328273507,38.58583933380177,37.834165897688,38.493038177490234,39.25416196617699,41.56428098562267,37.616212352045686,-0.6467054619052556
2024-06-10,38.41880386808875,39.643750909447874,38.38168340259243,39.50455093383789,39.27800853452565,41.4835072581017,47.202952399036754,3.225031859482364
2024-06-11,39.467421465511954,39.949976786882154,38.864229968800416,39.92213821411133,39.33935421829571,41.42227709951385,50.579456705635785,5.234828238153206
2024-06-12,39.98709745559804,40.07989505865981,39.17974698095542,39.35606384277344,39.340945611103116,41.34124912866128,46.26049948131356,2.2420305232957136
2024-06-13,39.4024682693304,39.56950681068901,38.11256228661831,38.493038177490234,39.2601925221876,41.229554581556535,40.57236370647137,-2.5604967843875377
2024-06-14,38.428077181571346,38.84567351370666,37.81560374110687,38.23320007324219,39.16238371752613,41.11205048319127,39.01684376698952,-4.2305803657384
2024-06-17,38.112557737067945,38.36311551919643,37.52792291210148,38.01976013183594,39.053562423650874,40.99078419490282,37.73696230735489,-3.3954201219817164
2024-06-18,38.06615775913732,38.270316732346274,37.2031266051197,37.871280670166016,38.94096416141422,40.868450723344516,36.83182141841713,-1.6152466439705635
2024-06-20,37.630007601793125,38.22392085335252,36.77625818767704,38.08472442626953,38.85941751997187,40.75928498620432,39.093418447736276,-0.38834219131076114
2024-06-21,38.288877752947855,38.92919331773186,38.11256087250117,38.9106330871582,38.864295193037236,40.686788833300554,47.000589891921734,2.3431840501705086
2024-06-24,38.975588556847526,39.30038371215392,38.79927169253859,39.18902587890625,38.895221925024764,40.62805303116745,49.38586983926598,3.4795369615749987
2024-06-25,38.9941522251629,39.31894740911753,38.585837773905375,39.15190887451172,38.919668301166375,40.57016502502409,49.06878662231917,2.8021325198458844
2024-06-26,39.0776672193041,39.94069837372722,38.70646972965915,39.43958282470703,38.96918397007501,40.52582846814891,51.659356308163034,1.359396379812178
2024-06-27,39.37463080020977,39.43958984145434,38.49303926045916,38.520877838134766,38.92648814798546,40.447202953246396,43.967920764718166,-1.70493658820726
2024-06-28,38.706474878893715,39.42102784051824,38.428078494624934,38.53943634033203,38.88962607106608,40.372388576269366,44.14882231220996,-1.5643491001748147
2024-07-01,38.65079895560422,39.226151973396505,38.17752190128948,38.32600021362305,38.83594741797627,40.29213805224402,42.45133480936826,-2.823515187859385
2024-07-02,38.28887843881544,38.37239770789195,37.500088095316656,37.537208557128906,38.71225800265748,40.18410160145519,36.81731199983471,-2.553600375202379
2024-07-03,37.50936265665385,37.73208186505632,37.14744704050135,37.175289154052734,38.565880017076076,40.06610895645902,34.551477837711055,-3.5396137458598447
2024-07-05,37.43908208919153,37.448501514577174,37.07165981023228,37.363712310791016,38.45138785457274,39.960132617413215,36.734460809994914,-2.5107965805677375
2024-07-08,37.34486516033638,37.78765356807121,37.21297165858432,37.67460250854492,38.37740829780818,39.87050398569289,40.27418962870396,0.36602069439157153
2024-07-09,37.50502723857407,38.5319170653171,37.41081501961724,38.494232177734375,38.388534381610675,39.81653254224354,48.46131492585014,3.5479025279830365
2024-07-10,38.50364874996127,38.78627819823425,38.09854522303292,38.73917388916016,38.421928620424914,39.7742831832991,50.638942474664056,3.681276546955696
2024-07-11,38.861648582973366,39.24790967362069,38.334070969038386,38.39059829711914,38.41894478011008,39.720021030899886,47.55927116158341,1.9004733717146047
2024-07-12,38.69207162397011,38.75801837892311,38.01375803722075,38.11738967895508,38.390225246666745,39.65717274258833,45.23708793009378,-0.9789583463812225
2024-07-15,38.27755198497231,38.29639443000422,37.60865776474092,37.82534408569336,38.33642704085975,39.585336324670884,42.82969373404233,-2.3589295065543667
2024-07-16,37.825339785895295,38.88049143093508,37.76881245722533,38.814544677734375,38.38196205389543,39.55510920126161,52.12349536453564,1.1042974046253602
2024-07-17,38.814541336405334,41.00021420989238,38.814541336405334,40.65163803100586,38.598121670763085,39.59811033183981,63.87028021927068,6.648535939621176
2024-07-18,39.98274655175919,41.67853043817838,39.916799799934935,39.93564224243164,38.72550458235057,39.61134687735322,57.90692092039736,5.57905871776711
2024-07-19,40.161749856226656,40.35017069626826,39.200806806460214,40.17116928100586,38.863186934603455,39.6333006971043,59.25459772075029,3.495144963144963
2024-07-22,39.973330233176135,40.49148486369435,39.9168029012941,40.199432373046875,38.9904484049314,39.655501939298134,59.422487424491905,-1.112392218030864
2024-07-23,39.98275038105393,40.585697817209706,39.47401876023351,40.491485595703125,39.13340432786204,39.68828561209833,61.20153283684482,1.3918477882419042
2024-07-24,40.7458494667154,42.18726218221803,40.7458494667154,42.07421112060547,39.41348116526618,39.7818513183143,69.10645569644542,4.737332454247044
2024-07-25,42.196679851323125,43.308358665437744,41.91405043620524,42.648887634277344,39.721615114695815,39.894284115018735,71.38607841426519,6.093258328873301
2024-07-26,45.475196825406506,47.679712394108975,44.966461634053175,47.52897644042969,40.46517333619428,40.19368381405446,82.91516640064067,17.380174476664216
2024-07-29,47.02966204966049,48.226130289290666,46.1346693200367,46.14408874511719,41.00602242275837,40.42703302703731,73.82461407452125,9.673093127867423
2024-07-30,46.219456435232,46.454981583731055,45.07951198518689,46.21003341674805,41.50164251742405,40.65381735604558,73.97095452022454,8.34991480436309
2024-07-31,45.92740723953483,46.266564052624005,44.62730732063593,44.80630874633789,41.81637263446346,40.816660155664884,65.56768940525275,-5.728437466992888
2024-08-01,45.03241282135893,45.701303457030114,44.48599628317777,45.38098907470703,42.15585991448666,40.99565344660771,67.21000736979246,-1.6537322356179478
2024-08-02,46.27598087622358,46.6716650005244,45.51288168350473,45.94624710083008,42.51684917032889,41.18979437422428,68.78700696365365,-0.570842079985088
2024-08-05,45.107778062186625,45.91798515908906,44.476568786807135,44.83456802368164,42.73758429921963,41.332726674203,62.42802975035706,0.0630698625582713
2024-08-06,45.117190476648155,45.28676884703807,44.39177269083087,44.57077407836914,42.91217380199577,41.459708925346774,60.98727467860418,-1.7853621370043293
2024-08-07,44.68382818362443,45.6824560337991,43.71346579300007,43.807674407958984,42.997459573992266,41.551786003096275,56.89657340228744,-4.65451005862992
2024-08-08,43.87362220694593,44.42004224950089,43.543888452872,44.13740921020508,43.10602620601254,41.65318299161035,58.201212614426375,-1.5549582480828696
2024-08-09,44.12799323745295,44.91935790295477,43.807678882515816,44.01494216918945,43.192589631077006,41.74580099857424,57.50502934735218,-1.2470770828488729
2024-08-12,44.06204842916356,44.72151961187059,43.78883837444041,44.33525848388672,43.3014152361065,41.847348350939434,58.890132575659436,1.2043188392394617
2024-08-13,44.730935078509226,46.31366433940243,44.730935078509226,46.21945571899414,43.57932385352437,42.01880354184354,65.92575918265374,4.717192390865727
2024-08-14,46.219460691049925,46.436143416361446,45.324464325577914,45.60709381103515,43.77244480185873,42.15952080730204,62.20000971831182,3.6172980432999533
2024-08-15,46.44555741547995,46.66224011547564,45.66361581061105,46.26655960083008,44.009979544617906,42.320581152146275,64.52514348146634,4.356129146388702
2024-08-16,46.266561487133266,47.15213476589403,46.172349269927686,46.5020866394043,44.2473230774547,42.48456175948973,65.34503224987759,0.6114977253918797
2024-08-19,46.52092641005922,47.09560832359566,46.351348022660645,46.445556640625,44.45667865489949,42.63989489208327,64.95698639770681,1.8384482753140814
2024-08-20,46.41729879222467,46.73761315239203,46.09698443205731,46.14408874511719,44.61738437777737,42.77731425886891,62.8146952052925,-0.26470707303400476
2024-08-21,45.95566744538419,46.32308611498434,45.37156606278468,45.635353088378906,44.71433377878704,42.889394212967346,59.262719372741564,-1.863859481718289
2024-08-22,45.75782354461115,45.79550842922766,44.17509432900199,44.86282730102539,44.72847601900021,42.966783745832366,54.2464002179718,-3.4077088403656415
2024-08-23,44.909932524362176,45.44693315651106,44.63672608990035,45.324459075927734,44.78523631013616,43.059241601914536,56.609931280611036,-1.7762397990277434
2024-08-26,45.38098339914597,45.682458892301064,45.201985581992226,45.44693374633789,44.848255113583946,43.152876587970354,57.24103179004331,-0.4128802108227729
2024-08-27,45.559983277278505,45.96508680221187,45.041828692358365,45.33387756347656,44.894504870716574,43.23840603799021,56.42517519015407,1.0499789932775938
2024-08-28,45.333878874310734,47.0296591984596,45.24908967841186,46.21945571899414,45.020690665790625,43.355309947049186,61.10199815639893,1.9746438486273028
2024-08-29,46.4172977482353,46.88834805589692,45.93682442187641,46.84124374389648,45.194076673229276,43.49201323320006,64.02180917783862,3.0679957537750058
2024-08-30,46.841239671853195,47.33113238049293,46.80355478799744,47.05792236328125,45.37158578656756,43.631852806928734,65.00754436838433,3.8029943443304126
2024-09-03,46.83181460490057,47.80218055567299,46.77529087541841,47.59491729736328,45.58333164473858,43.787267100671265,67.39197272537204,2.9759363388692766
2024-09-04,47.78334312725698,47.811604994962856,46.68108356695664,47.067344665527344,45.724666218147036,43.91589759341072,62.8600613255069,0.4826962385266039
2024-09-05,47.18040133832858,47.33113729557636,46.37961364546393,46.91661071777344,45.838184741920976,44.03357261789553,61.58577463094528,-0.30029299724901654
2024-09-06,46.90718838261552,47.133290507545425,45.720139648333834,45.88029861450195,45.84219558692869,44.10599324521343,53.548579975323,-3.6025247657197137
2024-09-09,45.899142555268384,46.28540365897316,44.79688298031712,45.69187927246094,45.82787974745557,44.1681848541251,52.214341442002606,-2.922334800998053
2024-09-10,45.691874787513306,46.4643969190949,45.192562666664486,46.42671203613281,45.88491139399626,44.25675454753717,56.74130167990801,-1.0441902646966705
2024-09-11,46.26656129452776,46.34192747414986,45.4563541990757,45.776668548583984,45.87460255157605,44.31635901816646,52.04429857449695,-0.22587051315575596
2024-09-12,45.5788272530647,45.757825070218445,44.99472230351951,45.44693374633789,45.83387218917241,44.36069528201632,49.79268351441654,-0.536081093671887
2024-09-13,45.45635465813504,46.30424664887523,45.40925034616695,46.285404205322266,45.87687523832954,44.43617406332244,55.11093868256891,-0.3043675173477078
2024-09-16,46.63398068720865,47.34055615216636,46.40787495713757,47.095611572265625,45.99294536537107,44.54046573033982,59.567740090191464,2.8812560317311244
2024-09-17,47.18981638388003,47.491288270397334,46.02161012825422,46.62455749511719,46.05309890153737,44.622194819154615,56.081467126083744,2.5912061644294972
2024-09-18,46.549189616568995,47.274607496026114,45.955665243589806,46.860084533691406,46.12995467602823,44.709955200116845,57.42323566771213,1.2416016198537578
2024-09-19,47.00140457828378,47.14272112451443,46.11583119088167,46.18177795410156,46.13489022632093,44.7676737394888,52.453072403308056,-1.9403795548165568
2024-09-20,46.436139455466105,46.66224158701436,46.16292941883577,46.549190521240234,46.17434739726562,44.83753714269474,54.738285258895694,-0.16164651832855684
2024-09-23,46.69050616032068,47.32171182552882,46.61513638868648,47.11444854736328,46.26388084013207,44.92682778601508,58.07667711093321,0.5428159513647327
2024-09-24,47.11445053449078,48.13192093149489,46.926033285115494,47.990604400634766,46.42833070303708,45.04697588854919,62.67241747460449,3.91675359127778
2024-09-25,48.28265233796644,48.39570339570536,46.26655777145218,47.05792236328125,46.48829181353653,45.125836534617115,55.675584571491086,1.0928908458867466
2024-09-26,46.93544916672638,47.62318213774698,46.84124054915089,47.21807861328125,46.55779531827412,45.207885243584336,56.57216285985227,0.21995389761124204
2024-09-27,48.55586569170681,49.139967056294275,47.773920470195954,47.96234130859375,46.69156160306646,45.31590312848667,60.564269504292504,-0.05889296955935357
2024-09-30,48.52759928755808,48.93270282440628,48.084814458824944,48.744285583496094,46.887059125012144,45.450349499271354,64.27949950879562,3.583590467926594
2024-10-01,48.94212756963299,49.90307062626075,48.621813217423735,49.83712387084961,47.16801767223476,45.62237986678423,68.71548416040844,5.546700192988556
2024-10-02,49.77117340976508,51.38216447571275,49.375489312929936,50.64732360839844,47.499380142345586,45.81943648410243,71.53754123863166,5.598105151975974
2024-10-03,50.73211035632305,51.146636875301525,50.31758743117277,51.06184768676758,47.83866276562387,46.025021237148124,72.8852152810097,4.7545308655752825
2024-10-04,50.87132451592874,51.45243582788943,50.77605768556453,51.40480422973633,48.17829528601553,46.235993119210406,73.98282174349512,3.145607605585915
2024-10-07,51.4429109909897,51.843020776571784,50.88084941072583,50.909427642822266,48.438403129520935,46.419265061312835,69.60021841341074,0.5175081638082165
2024-10-08,50.966584291108504,51.280959359121006,49.97583112617291,49.9948844909668,48.586639449658634,46.55948543110319,62.266728028732416,-2.089550700056785
2024-10-09,49.7757811586175,50.63316448865712,49.0708211279118,50.29973602294922,48.749791504257736,46.706161924901075,63.64194013826662,-2.1497372149271925
2024-10-10,50.51884296493572,50.890374520198776,49.8519933191087,49.918678283691406,48.86111405467999,46.83214295857913,60.66565065362252,-1.9461019402573176
2024-10-11,50.09015226923036,50.16636209580007,49.53761558185423,49.728145599365234,48.94368848750715,46.94571168959035,59.17547690383893,-0.5335323689961872
2024-10-14,49.670986592997785,50.21399479267274,49.480456571309155,50.17588806152344,49.061040827889656,47.07238527280341,61.564757493581546,-0.24621990335948424
2024-10-15,48.88029269445581,50.861795503309025,48.88029269445581,50.261627197265625,49.17538238687784,47.197453583566634,62.02311137927706,0.6870152122722794
2024-10-16,50.13778654177123,51.04280144772064,50.023466344726785,50.842742919921875,49.334178628120135,47.340406106560955,65.06407835923503,2.241381228120576
2024-10-17,50.671268030453625,51.04280323275411,50.328318329500945,50.6617431640625,49.46061334582893,47.47065461861984,63.36222250712282,0.9683039430081011
2024-10-18,50.737951273376794,50.80463987208128,49.86151823284719,50.69984817504883,49.578635710516544,47.59728966004843,63.57821146253564,0.8718798061656141
2024-10-21,50.75700929421727,50.77606266215754,49.63288602414957,49.65193939208984,49.585617013523525,47.677864159344175,54.1278342005651,-2.342130773132309
2024-10-22,49.56619569587602,50.54742405142017,49.56619569587602,50.261627197265625,49.64999893578468,47.77918820004698,58.03611072025787,-0.789779312372145
2024-10-23,50.29973798871956,50.59505973262097,50.05205148039387,50.54742813110352,49.735468382957905,47.88774662871587,59.766579669951376,-0.3006321506507324
2024-10-24,50.39500513712741,50.87132842336091,49.937731584371974,50.41405487060547,49.80009566749577,47.98681754016252,58.55311293435511,1.5349158317812788
2024-10-25,50.185420114631405,50.39500351673388,49.36614350720336,49.46140670776367,49.76783957609271,48.04464456634296,50.64371417561899,-1.5921101924560999
2024-10-28,49.489987374646354,50.261628729017545,49.35661744347396,50.14731216430664,49.80397982258928,48.12710211920428,55.32313964953405,-0.7915654299148751
2024-10-29,49.861519419392735,50.24257948420459,49.6709893869868,50.01394271850586,49.823976288867044,48.201095868196504,54.24618835151421,-0.7936519947196305
2024-10-30,50.01394327633527,50.63316498004649,49.81388837540388,50.16636657714844,49.856584887750984,48.278165307763246,55.316758681341696,1.4252725838347662
2024-10-31,51.25238217302997,53.53873528017774,51.02374904275005,53.12909698486328,50.16825270652358,48.46839792255148,70.00706282429874,5.946051127898707
2024-11-01,53.23388678813949,53.25294015399402,51.63344039693859,51.74775695800781,50.31868168285541,48.597000237667416,60.08807113873982,3.4666617852153805
2024-11-04,51.75728994042272,53.1290996942333,51.74776143964125,52.82425308227539,50.55730753041922,48.762774859024596,64.3296679055065,5.298144327513769
2024-11-05,52.52893024176099,53.61494672847381,52.12882043468077,53.300575256347656,50.81857112336479,48.94072781578237,66.04897164651311,0.322757737691702
2024-11-06,53.67210676090874,54.11032330164126,52.528930174341056,52.66230010986328,50.994164360174175,49.08667182731495,61.75361102667391,1.767309745613903
2024-11-07,52.57655928434687,52.89093437523504,51.90970963832593,52.11928939819336,51.10131912569981,49.20559800656509,58.281078691817505,-1.3345454842192066
2024-11-08,52.10976586574862,52.19550419872528,51.4143343356304,51.5762825012207,51.14655373289227,49.29856602596335,54.95326449874598,-3.2350359200327845
2024-11-11,57.844699477225845,58.18765281547947,56.71104776088103,56.9873161315918,51.7028168184827,49.60008563794879,72.06855959870958,8.21273664975843
2024-11-12,56.987313311191734,57.74942978400456,56.02514194565141,56.225196838378906,52.13351967752044,49.8598939203186,68.14156265612965,7.877903723545149
2024-11-13,56.406197577900414,56.672941065206096,55.10107290929238,55.644081115722656,52.46785886211113,50.0867247907266,65.22318766759396,7.886955820062597
2024-11-14,56.120405171112786,56.901575010408685,55.50118349247331,55.72982025146485,52.77852185157339,50.30802265193202,65.45824540914319,-2.20662414987786
2024-11-15,55.40592180085791,55.596451832849105,53.17672878489457,53.55778884887695,52.85273775607849,50.43546446357692,55.267097076065724,-4.744150557924237
2024-11-18,53.51968499927541,54.14843159488217,53.19578501765628,54.11032485961914,52.9725079564157,50.57957663597073,57.09699007674669,-2.756369096856451
2024-11-19,53.82452490706466,55.87271624653184,53.44346487002868,55.47260284423828,53.21061223144642,50.77146001668711,61.30034044360768,-0.46154357948033875
2024-11-20,55.83461072341624,56.04419411172397,54.93912070723445,55.13917922973633,53.3942852789026,50.94274312308119,59.75717257871738,2.952680487466642
2024-11-21,55.40591788286566,55.71076445887131,54.74859313473932,55.47260284423828,53.592220285125045,51.12038468077363,60.819372714609734,2.5175934318512407
2024-11-22,55.58692544512497,56.1299336947994,54.89149389087629,56.08230209350586,53.829370933542265,51.31496967735137,62.755288535404915,1.099099768185666
2024-11-25,57.13973565019711,57.80658891552819,55.853664350961274,55.996559143066406,54.0357698106398,51.4985614211049,62.28917138307706,1.5549377508102202
2024-11-26,56.05372114475063,56.282357907567814,55.31065802519641,55.958457946777344,54.218882966462424,51.673459324072454,62.06855322838415,0.8758469544025125
2024-11-27,56.03466817076555,56.69199296312395,55.99656143768614,56.46335983276367,54.43264266801492,51.86129855970741,63.89356779496908,0.6794616573022912
2024-11-29,56.520525045822225,56.72057996150106,56.168043184035625,56.415733337402344,54.62150844605182,52.03990384510721,63.58280221790624,0.7485713421515479
2024-12-02,56.58720480505824,57.22547622982588,56.12993127697453,57.10163116455078,54.85771060971839,52.23840295567363,66.13723057257414,2.0428962121520953
2024-12-03,57.04447552428889,57.24453042443321,55.85366735572776,55.91082382202149,54.95800710612821,52.38241946023629,58.46924249442625,-0.9785744461164061
2024-12-04,55.79650996245896,56.00609337319269,54.8629167490988,55.605979919433594,55.019718802633484,52.50883359589109,56.65823940525164,-1.4353326103658073
2024-12-05,55.53929237944565,56.42525394956685,55.47260741258131,56.0537223815918,55.118195333962845,52.64784884238916,58.6824768604943,-1.8351643579834123
2024-12-06,56.053723370129255,56.71104818398063,55.91082493343808,56.568153381347656,55.25628657657092,52.801586275289495,60.939697641866424,1.1756749666551392
2024-12-09,56.444304395693074,56.930152505429994,55.9203495542746,55.929874420166016,55.32043779977045,52.92426424175524,56.79388723545168,0.5824814187281767
2024-12-10,55.99655964985514,56.06324461358598,55.07249502356014,55.36781311035156,55.32494973411151,53.02008968758255,53.3518432514824,-1.2236640888375487
2024-12-11,55.25349763623452,55.30112923497139,53.93884443356027,53.96742630004883,55.195661788010305,53.057240142973384,45.889471494654586,-4.597511012541505
2024-12-12,54.32943320654841,54.60570158647515,53.2910482906671,53.61494827270508,55.04511764369552,53.07911105002169,44.213186009095615,-4.138979698166943
2024-12-13,53.71021238240736,53.71021238240736,52.43366588676253,53.13862228393555,54.863546657051714,53.08144482390066,41.981418507478466,-4.026149311646275
2024-12-16,54.08174476328655,54.27227479898386,53.04335988449728,53.224361419677734,54.70743377730181,53.08704939628408,42.54362373171487,-1.376876629691013
2024-12-17,53.43394084134571,55.03438720747152,53.395834110233686,54.92007064819336,54.72768490786291,53.15893258263346,52.373225178044834,2.43425092727863
2024-12-18,54.63427416160918,55.777450664153605,54.08174109304842,54.1484260559082,54.672517398152934,53.19773624825208,48.32194137233245,1.9003198211970433
2024-12-19,54.1579575870975,54.48185757544743,53.45300114037364,53.634002685546875,54.57361123504759,53.21484473598913,45.77954712009969,0.7696499402577913
2024-12-20,53.557788526769194,54.61522674560547,53.4244185953949,54.61522674560547,54.57757461700549,53.26976167754272,51.06794542174957,-0.555068300149608
2024-12-23,54.539010843332946,54.92959575379188,54.1103192015956,54.85338592529297,54.60384236065192,53.3318645892192,52.284425480296825,1.3019027896709225
2024-12-24,54.691435559848486,55.034388882176984,54.31037550524837,55.02486038208008,54.643939315073645,53.3982565810961,53.186820061852806,2.593238667432157
2024-12-26,54.929598115714505,55.32018304296823,54.78669968430492,55.25349807739258,54.70199253053259,53.47101114957832,54.424479173201476,1.1686691968892482
2024-12-27,54.92007212803231,55.61550363630474,54.796227065610154,54.94865036010742,54.72548375239686,53.52895778528534,52.433964457309514,0.17367101995161718
2024-12-30,54.80575289746414,54.87243786285327,53.39583649000275,53.405364990234375,54.59975815600043,53.524111009008834,43.71693033930765,-2.943206726196662
2024-12-31,53.41488878191479,54.2627435825709,53.2815188538194,53.88168716430664,54.53137044250579,53.53813360333424,46.664162921381106,-2.4827584873711825
2025-01-02,54.234165674742194,54.66285732765265,53.843580754103336,54.10079574584961,54.490363328538535,53.560198785393666,48.01274320778854,-1.5429944297109666
2025-01-03,54.26453432974295,54.70758786263987,54.23564065234507,54.486061096191406,54.48995359212452,53.596507111307304,50.38809971922358,2.0235721751075864
2025-01-06,54.235637875065734,54.92911181629782,53.879265392611465,54.59200668334961,54.499672934145956,53.63554631021093,51.050450725708565,1.3182948723875754
2025-01-07,54.59200736681238,55.54553542575806,54.4379016363681,55.03506088256836,54.55066226256714,53.6904292346171,53.82666058440729,1.7268972181253415
2025-01-08,54.880956040193496,54.9483770687182,53.98521531931325,54.71722030639648,54.566524933408026,53.73069555115747,51.567152442090205,0.42425384686365064
2025-01-10,54.2837976183753,54.43790335368104,53.580689971407224,53.77332305908203,54.49098189775793,53.732367218134904,45.463628758790776,-1.4996401011895282
2025-01-13,53.62885206180052,53.734800453088575,52.790902281695445,53.32064056396485,54.37952081834907,53.71622107483412,42.84450353280193,-3.1151420405651424
2025-01-14,53.45548123869115,53.917798473368535,53.41695388392535,53.686641693115234,54.31353233023156,53.71506109908044,45.574535417325855,-1.8834630259183096
2025-01-15,54.062269071327215,54.64979831599051,53.60958188134,53.850372314453125,54.26942185253838,53.720367421251915,46.79876701184902,0.14328527788107479
2025-01-16,53.78295041537251,54.341582300571744,53.050949127208256,54.30305862426758,54.272625354607825,53.7432180566643,50.13826336217703,1.84247235200446
2025-01-17,53.937055666387415,54.5342148967833,53.503632162805594,54.21637344360352,54.26726802975027,53.7617731698776,49.497533427579015,0.9867105368898891
2025-01-21,54.54385502056354,55.5551741990507,54.46680031118471,54.938751220703125,54.33121880984102,53.80792917187076,54.6935439435603,2.021116771290893
2025-01-22,54.4090085672152,55.27585193282306,53.8889003433482,54.98690414428711,54.39366503216922,53.854163484514544,55.0257171851123,1.2593130798601582
2025-01-23,55.03506405557783,57.06733601897312,54.91948566962364,56.961387634277344,54.6382100418938,53.976015411956226,66.02529041096143,5.063072308827914
2025-01-24,56.9324907580052,57.78970411450306,56.922857083117336,57.47185897827149,54.90808136916787,54.11310731651761,68.19129849633448,4.610785103928227
2025-01-27,58.377236977486646,58.84918419945797,57.664495632616635,58.36760330200195,55.2375596484854,54.27995029634053,71.61144695759143,6.148189665022418
2025-01-28,58.05939290152571,58.35797438620379,56.576126502140646,56.59538650512695,55.36687649197507,54.37075171629294,58.263535447821106,-0.6425425087961588
2025-01-29,56.90359980548966,57.539286434210815,56.64354568362592,56.87470245361328,55.510478964512046,54.468945862854525,59.543456589387006,-1.0390416027502756
2025-01-30,57.10586337234806,57.16365072823984,56.42201938371069,56.961387634277344,55.64866074258493,54.566688677420125,59.953907767378084,-2.4092400375747096
2025-01-31,56.999915750666155,58.01123490818702,56.50870117398671,56.77838897705078,55.756253907772155,54.65342202250368,58.60222564292775,0.3233522787360945
2025-02-03,56.62427916749443,58.08828544262271,56.39311873492873,57.741546630859375,55.94532940520903,54.774524948321556,63.29295771642139,1.524129603936104
2025-02-04,56.701329169484936,57.64522720988715,56.5664871171661,56.94211959838867,56.04026180455947,54.8595286600889,57.472101823945174,-0.033826486131944326
2025-02-05,57.4429663918418,58.136444030108066,57.04807021986696,57.5103874206543,56.18027376799707,54.963483905601265,60.26926002068822,1.2892201712510398
2025-02-06,55.256591180214386,57.19254844674515,54.81353763607615,55.30474853515625,56.09689041248842,54.97686683225048,47.27290822672247,-4.220181546714586
2025-02-07,55.34327419928067,55.58406464080992,54.12005831541165,54.75574493408203,55.969162271687814,54.968195385263485,44.68970511587532,-3.8396439748416213
2025-02-10,54.70758315553349,54.77500417977461,52.5886267066359,53.48436737060547,55.7325151382514,54.91000605135533,39.32985535327698,-7.0005093525120685
2025-02-11,53.359160299577574,54.235637310286165,53.07020884672193,53.87926483154297,55.55601510904108,54.86958482704897,41.669942410124605,-2.5775068893173367
2025-02-12,53.61921445234625,54.45716784515118,53.40732135948518,54.08153533935547,55.41558846430912,54.83868092557079,42.885118377669734,-1.2313038486431205
2025-02-13,54.1778452617876,54.1874752620881,53.58068604055868,53.90816116333008,55.27202395945397,54.80218995450253,42.07598962415358,0.7923694596367661
2025-02-14,53.96594904904954,53.96594904904954,51.683256841466374,51.9144172668457,54.95225189349127,54.68894396675128,34.10668874895537,-3.6467601605932995
2025-02-18,51.74105225483206,52.57900197883448,51.567682839635616,52.424896240234375,54.71155135508585,54.60015778139768,37.37717058127589,-3.063224978221998
2025-02-19,52.40563368497154,52.95463562011719,52.12631587960391,52.95463562011719,54.5442260469936,54.53562750056315,40.66816591407073,-1.7687962687577383
2025-02-20,52.99315963240618,53.76368829330463,52.78126287284518,53.73479461669922,54.467137339346515,54.50422228943123,45.23294257059072,3.5064967415440296
2025-02-21,53.388056883732425,53.99484982394837,52.82942129689254,53.77332305908203,54.40105978884513,54.47555957451558,45.45612538993369,2.5721115644531944
2025-02-24,53.90816395152651,55.86338111481032,53.88890027575888,55.747802734375,54.529321021752736,54.52545146313752,55.4708997939705,5.27464136340257
2025-02-25,56.152328013042144,57.73191265924893,56.02711595962222,56.065643310546875,54.67563743020932,54.58585114342809,56.84453784340051,4.337689778985953
2025-02-26,56.017485052799195,56.267905481417664,55.112114365738144,55.26622009277344,54.73188339807257,54.612532278696534,52.46107173819016,2.776278178031
2025-02-27,55.22769211560818,56.65317099304728,54.8616896402398,56.633907318115234,54.91302853331473,54.69180188808551,58.37502174494852,1.5894879085410982
2025-02-28,56.79764930989519,57.5392842948571,55.78632653774774,57.423702239990234,55.15214031490287,54.79893523521903,61.364063205969714,2.4222658463420967
2025-03-03,57.54891517832197,57.71265091397224,56.83617385906002,57.664493560791016,55.391412052606505,54.91131007151597,62.254001736791096,4.339492485629887
2025-03-04,57.75118026697102,58.45428793545352,57.105863628810475,57.250335693359375,55.56845239934487,55.00303656649022,59.70658180675653,1.0884440160231827
2025-03-05,57.24070431984859,58.04012667886611,57.192546966153415,57.616336822509766,55.76348901107486,55.10551892947139,61.21692854515638,0.33546179540019155
2025-03-06,57.731913296539496,58.46391827550677,56.85543626126559,57.96307373046875,55.972973270064756,55.21757990205952,62.64545514032768,0.517788592668321
2025-03-07,58.22312710122348,60.7851371467231,58.049757696521446,58.83955001831055,56.2459805794215,55.359617945834074,66.04965538984762,2.7759039413554203
2025-03-10,58.70471167737564,60.83329834574723,58.48318490717219,60.78514099121094,56.67828157102049,55.572383555456696,72.12283712525797,5.499836233016417
2025-03-11,60.48655917033365,60.99703741319227,58.97439546663811,59.24407958984375,56.9226432870989,55.716371635236584,62.57459885112359,2.2100378343145546
2025-03-12,58.48318561682153,58.579500327062824,57.32739072307263,57.60670852661133,56.987792357528654,55.79050249372187,54.342642646034164,-2.095259891205091
2025-03-13,57.7800768974216,58.52170823601686,57.5874438062588,58.05939102172851,57.089849373166736,55.87947851442801,56.06356419920787,-4.484237307069093
2025-03-14,57.635600038027185,57.78007577212821,56.55685989236333,56.83617401123047,57.065689814887094,55.91699598489085,50.52208091836918,-4.064381783434897
2025-03-17,56.98064905611503,57.91491713054785,56.21012038996086,57.78007507324219,57.13372650615901,55.99005790992424,54.27769601343422,0.30094853718429854
2025-03-18,57.674130030235474,58.04012887148182,57.346654868898256,57.69339370727539,57.18702814436057,56.056855392173304,53.87328122082888,-0.6303843495639573
2025-03-19,57.65486349115659,58.31944378227527,57.26959731782456,57.86676025390625,57.25176453574587,56.127832053417734,54.60184580992866,1.813257596248727
2025-03-20,57.65486469574456,58.820289566875985,57.57780998980004,58.19423294067383,57.3415234314533,56.20886738232974,56.01507885135583,0.7167831936989575
2025-03-21,58.01123356963377,59.08034373332197,57.63560106329372,58.820289611816406,57.482358305773595,56.311276097211575,58.664333928385524,1.95324946606306
2025-03-24,58.55060494677488,58.99365847967847,57.76081258840916,58.801025390625,57.60794564718802,56.40891332440426,58.54747802916768,1.6145108739791307
2025-03-25,58.95513160691109,59.22481940344936,56.999914371404294,57.009544372558594,57.55095504960426,56.43246748315541,48.81029435172123,-2.0357490910189786
2025-03-26,57.13475315652807,57.49112196553296,56.37385451299648,57.028804779052734,57.50122645240888,56.455853259465115,48.908675130484355,-3.0456919620534824
2025-03-27,56.99991637059598,57.3659188881967,56.60502017434836,56.73023223876953,57.427798432062275,56.46661321943784,47.38824201767926,-3.5216956474803713
2025-03-28,57.21180834531356,57.89565229317104,56.08490720840646,57.80896759033203,57.46410025665939,56.51925456731605,53.065321792137155,1.4022620713282492
2025-03-31,57.5970754520924,59.36929332788773,57.18291558022599,58.74324035644531,57.58592312330567,56.60646969630151,57.35705606320133,3.006262508980914
2025-04-01,58.53134368006215,58.84918516704024,57.057707285352194,57.35628509521485,57.56405283491607,56.63587422174909,50.04156757058066,1.1035612436951634
2025-04-02,57.60670860394744,58.02086847204822,56.980651964026535,57.404441833496094,57.54885178716179,56.666014128092115,50.278693097735456,-0.6997629843567564
2025-04-03,58.36759846293139,58.560231540777345,55.53590434335809,55.69001007080078,57.371819242746454,56.627739459178734,42.537780618304836,-5.197585742832674
2025-04-04,55.32004680370004,55.66080590390408,53.275484774484475,53.84017181396485,57.03547186857678,56.51842308093505,36.08265246995017,-6.130301632006052
2025-04-07,52.47713087157573,53.840170964892074,51.299070042315094,53.73307418823242,56.72095780378208,56.409193712593776,35.74445566645468,-6.395615962807586
2025-04-08,53.713598749542825,54.29776194077051,50.78305955350133,51.669036865234375,56.23982247630134,56.22330520877576,29.923370655523374,-7.220277389884457
2025-04-09,49.84840484856034,52.62316804463048,48.60219222039935,52.32135391235352,55.8666349940206,56.07028751087685,33.603525877592084,-2.8209752131908745
2025-04-10,51.92217666670824,52.00979724789848,47.53123123928411,49.12793731689453,55.22485426286574,55.79803848366186,26.317127002152517,-8.570395312216137
2025-04-11,49.137675578672365,49.66341763756353,47.988825355251386,49.371337890625,54.66737651312853,55.54601100942512,27.605624625494873,-4.446955302461593
2025-04-14,50.169689847792824,50.23784166347232,49.2155607142845,49.98470687866211,54.22140797651268,55.32792065135599,30.88559949259422,-4.46595292164202
2025-04-15,49.867879472170024,50.14048675537109,48.35879388988949,48.680084228515625,53.693662857655816,55.06722118379362,27.981663718428408,-0.9116057234198081
2025-04-16,48.77743943373768,49.069522889480936,47.550703032798594,48.056976318359375,53.156835568199014,54.79230962044326,26.690870306528716,-2.6621955742366175
2025-04-17,47.88172913839313,48.767706485676314,47.76489798105786,47.9304084777832,52.65908060720703,54.523215457986005,26.42422724199064,-4.1098538516304925
2025-04-21,48.047240189666574,48.358792422153506,46.88865555723051,47.64806365966797,52.181840897917596,54.25360166197353,25.804912967546155,-2.1200057173342426
2025-04-22,48.00829802110013,48.73849924829637,47.58964902038798,48.50483322143555,51.83164969063359,54.02815976234459,31.083310473515954,0.9319290088275395
2025-04-23,46.37264686621693,48.02777038677599,46.28502257059923,47.24888610839844,51.395196016135,53.76230589356239,27.94482355689638,-1.4218997730859444
2025-04-24,46.67445809119897,47.550700992846586,45.69112213623466,47.404659271240234,51.0151448975736,53.51298641817721,28.903663784878614,-0.5108379433134566
2025-04-25,47.579912018434634,47.65780193384473,45.72033299896796,46.635520935058594,50.59803785352455,53.243281889427465,26.993639011826417,-3.853868083296193
2025-04-28,47.03469851808259,47.57017869951393,46.6549907429628,47.18073654174805,50.272580585736314,53.00553501304788,30.499713987464393,-0.1442352873547999
2025-04-29,47.05416851474535,48.17380815975654,46.87891992439656,47.92067337036133,50.048589422367264,52.806128674119,35.05795717445438,1.0885303408016531
2025-04-30,48.86506735372783,49.02084347515252,47.85252442146524,48.87480545043945,49.936800472659854,52.65195913593549,40.478963598892946,4.80167149520884
2025-05-01,48.26143574760911,48.85533337608858,47.40466521567172,48.30038070678711,49.780950971148165,52.48130900145909,38.400691779373055,2.3730959860034004
2025-05-02,48.787179076811995,49.31292485702723,48.36853007189937,49.23503494262695,49.72895896843186,52.35400413640685,43.48507892961738,2.742786108424241
2025-05-05,49.13767520546058,49.26424074264217,48.03750432921949,48.73849868774414,49.634629417890174,52.212219609008315,41.524208877878536,-0.2788896271587858
2025-05-06,48.42694547222298,48.485359191572414,46.148717567710776,46.31422805786133,49.318400716935045,51.980925822688825,33.56588703193833,-4.112084873580902
2025-05-07,46.51868351797363,46.91786002763159,46.03188271526902,46.36290740966797,49.03692516386199,51.76061137511938,33.84008450213043,-5.8335035941496605
2025-05-08,45.75927576411729,46.14871789451645,45.29194743603554,45.6424446105957,48.71364130164615,51.52068326670669,31.751337746616553,-6.352378839126976
2025-05-09,45.66191832454218,45.876108159463776,45.097227591577266,45.22379684448242,48.381275162868654,51.27374654426652,30.570529935981796,-2.3544194928966706
2025-05-12,44.980396049312155,47.14178914241989,44.29887416550529,46.90812683105469,48.24097532174351,51.102545771199395,40.20533079923501,1.175981947312099
2025-05-13,46.05135605388361,46.37264637239223,45.282209879873975,45.36009979248047,47.96660622371846,50.87735181124963,35.34994563010992,-0.6186014367199105
2025-05-14,45.47693158097566,45.62297331214976,42.838472035596695,42.95530319213867,47.48933926832991,50.56668323795117,29.408439853395752,-5.016150369118156
2025-05-15,43.51999432751274,44.63963399223445,43.247383341062445,44.60069274902344,47.214230076015006,50.33272282662067,37.187528591100595,-4.919049721046747
2025-05-16,44.775937403468504,45.5645522905503,44.59095073000865,45.515872955322266,47.052481778806175,50.14382675323642,41.07693932290725,0.34341450648135485
2025-05-19,45.3698331139152,46.0221481177609,45.165377669096024,45.97346878051758,46.949718636112024,49.980283303325876,42.97818856859615,7.026293295797912
2025-05-20,46.23634583046704,46.986015862448944,46.216873351013575,46.6063117980957,46.91701322296761,49.84797069527764,45.59280919138154,4.496833850447715
2025-05-21,46.4407992384773,46.61604783180705,45.691125525676824,45.75927734375,46.806752663042126,49.687629779531456,42.766246791515115,0.534768142679932
2025-05-22,45.66191713041585,46.02214868726862,45.24326813975098,45.788482666015625,46.70977456808722,49.53472204958966,42.89769705447098,-0.4023758037164811
2025-05-23,45.69112538776451,45.91505331989984,45.26274200202676,45.61323547363281,46.605342273377275,49.380938262297235,42.270334395463316,-2.1307764681423835
2025-05-27,45.983204419918565,46.10977367140892,45.55482104086836,45.65217971801758,46.51456488715254,49.23471243703137,42.471680518551835,-0.2340457103985488
2025-05-28,45.66191639210598,45.953996128453014,44.883032143186746,45.73006820678711,46.43985091759393,49.09727540839434,42.900614391726684,-0.12757456859751118
2025-05-29,45.7592778462944,46.58683776855469,45.652181069861655,46.58683776855469,46.453849665304475,48.998826873498665,47.53462352044427,2.134473217723561
2025-05-30,46.606309014700656,47.07363735168711,46.05135638240452,47.00548553466797,46.50638641476766,48.92065662491707,49.683470835542174,2.964383792864726
2025-06-02,47.21968023314454,47.579911805313685,46.55763081110658,47.50202560424805,46.60120919471817,48.86502403587123,52.184899068396994,3.8748190565741365
2025-06-03,47.209945378280615,47.63832876484325,46.392119848300645,46.82050323486328,46.62209434139866,48.7848467495572,48.6126849879269,0.5015697083142954
2025-06-04,46.898386294106054,47.560435665177096,46.68419647216797,46.68419647216797,46.628008830043356,48.70246830730664,47.90635486351697,-0.6835139746892723
2025-06-05,46.78155428297289,47.317034398949595,46.47000208044116,46.57709884643555,46.62316026017594,48.6191204853117,47.32453095772444,-1.9471311929270336
2025-06-06,46.83023933204084,47.39493008927499,46.820504949396934,47.132057189941406,46.67162663443932,48.56080427765012,50.6679645003823,0.6654220556222835
2025-06-09,47.27809853490195,48.06671351235721,47.26836043834325,47.70648193359375,46.77018428197784,48.52730144062831,53.92769475924275,2.189789133535251
2025-06-10,47.91093576604111,49.29345202476256,47.82331146996725,48.650875091552734,46.949297692413545,48.532147466154754,58.75324450512345,4.45235168457876
2025-06-11,48.728760618302545,49.4200168811171,48.54377764647759,48.83585739135742,47.128970044693915,48.54405765929996,59.64484017734278,3.6149497878900747
2025-06-12,48.835856200578384,49.40054691237312,48.63140075554734,49.351863861083984,47.34067421768344,48.575736333879725,62.10556607030727,3.4489693240859083
2025-06-13,48.91374626061054,49.12793608815538,48.33932116520345,48.43667984008789,47.44505570553149,48.57028313804475,55.62688135855214,-0.4402700898221552
2025-06-16,48.0277689555779,48.13486201236778,46.9762774394993,47.37545394897461,47.43842696681178,48.52342709141455,49.215621417603664,-2.9904326869487154
2025-06-17,47.12231971018328,47.27809582021714,45.91505207192436,45.98320388793945,47.29983429263346,48.42381049519984,42.323753560832756,-6.825800911241492
2025-06-18,46.06109817244415,46.1195118980048,45.16538266922441,45.6035041809082,47.138279043897725,48.31321024758056,40.651810212285454,-5.8492358859717966
2025-06-20,45.68138429883115,46.148716325014504,45.486666954249245,45.62297058105469,46.993963952198385,48.20771065281484,40.78097042006486,-3.699137890704797
2025-06-23,45.65217818092092,45.934523534740805,45.09722556906547,45.6813850402832,46.86895643677789,48.10863906016654,41.19454919207602,-0.6563675910703811
2025-06-24,45.83716571785675,46.14871793686381,45.47693044700857,45.788482666015625,46.76605417289577,48.01765253490572,41.99440373222372,0.40562340203861497
2025-06-25,45.75927560631867,45.75927560631867,45.243267942215304,45.447723388671875,46.640498860112544,47.9168709997593,40.12435047583474,-0.3841205211998741
2025-06-26,45.66191847680715,45.827428973161915,45.24326947379796,45.41851806640625,46.52411973690242,47.81889637492193,39.96010697425045,-0.5754356476826376
2025-06-27,45.593766379593625,45.710597535951315,44.96092383083144,45.126434326171875,46.39100684064237,47.713309627912125,38.272776272758556,-1.445883989370813
2025-06-30,45.184851021387786,45.49640324256988,44.9511849985035,45.06801986694336,46.26500808124246,47.6095727745408,37.92784749835022,-0.8354731401642861
2025-07-01,45.03880779966662,46.98601097449691,44.951183508239446,46.25580978393555,46.26413205292752,47.55648402981119,48.15884708433334,1.8435029436783819
2025-07-02,46.33370137551796,46.94707143777297,46.10977344796353,46.37264633178711,46.27446674615224,47.51005902204554,49.048462541334914,2.7616008759027335
2025-07-03,46.569932189271505,46.62912007191531,46.06684835722256,46.28386306762695,46.275361633911736,47.461972906185984,48.36920619656509,2.6977959188648413
2025-07-07,46.22467796231264,46.283862080716354,45.70186484719704,45.85969543457031,46.2357743768316,47.39913849553439,45.152017275842,-0.8563558852726069
2025-07-08,46.01752890751389,47.1716644444937,45.84983178123905,46.40224075317383,46.251628317435625,47.36004446642221,49.75543002386817,0.06381870289432377
2025-07-09,46.56006961244376,47.13220409507463,46.461423140970766,47.01383209228515,46.32421915313558,47.346467510573696,54.40144229455369,1.5771566508863208
2025-07-10,46.80668215705522,47.95095493444279,46.34305312866411,47.86217498779297,46.47069113738866,47.366691333209744,59.93552291388262,4.366534784513923
2025-07-11,47.102610918467725,47.15193227154591,46.086576745740665,46.22467803955078,46.44726131854696,47.321906498164296,47.86100178815414,-0.38265978267633965
2025-07-14,46.244407240083255,47.31962929212179,46.244407240083255,46.69816970825195,46.47115735566172,47.297446231893225,50.93880110945189,-0.6714244935694051
2025-07-15,46.5107499754098,46.84614046484461,45.55389986317379,45.80051040649414,46.407286217645755,47.2387428661913,45.45993931041258,-4.307502911902032
2025-07-16,46.13590100400515,46.77708616035313,46.017528996568,46.53047561645508,46.41901854134188,47.21096767992714,50.15497358530906,0.661546147801506
2025-07-17,46.175356482260845,47.7043409987907,46.175356482260845,47.408409118652344,46.513246215371446,47.218710481445775,55.15509346387451,1.520914877044711
2025-07-18,47.48732297059365,47.58596944020572,46.619252852897695,46.717899322509766,46.53273698747986,47.19907082815417,50.83572261440326,2.003010245679591
2025-07-21,46.74749422512357,46.74749422512357,45.938611939998,46.056983947753906,46.48742717417262,47.15428310735416,47.03863779460972,-1.0175947321151513
2025-07-22,46.27400228828147,47.4873257122245,46.21481440309708,47.368953704833984,46.57138208185466,47.162701562157295,54.33095975193946,-0.08322450500208001
2025-07-23,48.19756503545261,48.45403834398037,47.704343950379176,48.31593704223633,46.73753017331958,47.20792648294471,58.746379113117904,3.420611249437303
2025-07-24,48.35539499251811,48.61186829765327,48.049596569145464,48.2764778137207,46.88409661526254,47.24983045670063,58.49260811076659,4.819016956222199
2025-07-25,48.41458060079773,48.57241118799521,46.648848319478496,47.77339172363281,46.96879138748828,47.27036227109013,55.21756838558773,0.8538039943186573
2025-07-28,47.78325527923601,47.80298457333422,46.69817044468119,46.86586380004883,46.958988760113094,47.25449958595126,49.80064240544365,-3.001231748687581
2025-07-29,46.53047268642233,46.54033921482478,45.74131974823732,46.22467803955078,46.88905440577383,47.21411442726889,46.34160506055374,-4.250102466229999
2025-07-30,46.36278078325077,46.61925408506475,45.18891598617677,45.35660934448242,46.74310725707941,47.14127109068903,42.08019828118323,-5.058846131611047
2025-07-31,43.57114977605939,44.89298246269506,42.37755562790478,42.72281265258789,46.360222056651644,46.9679982107635,32.35779422341094,-8.84023212532065
2025-08-01,43.01874366923287,43.857218009193666,42.97928507928741,43.63033676147461,46.100232980920495,46.83710952647766,37.69913822909145,-5.612459379071067
2025-08-04,43.47250360314463,44.892978890678656,43.285080956414525,44.78447341918945,45.97492254646992,46.75661399285852,43.7792703088469,-1.2614168774116454
2025-08-05,45.001489425596944,45.27769578394389,44.4392177061801,45.228370666503906,45.90382236742554,46.696682882021086,45.96358587600775,5.864684130913005
2025-08-06,45.09027041786843,45.28755960328395,44.13342407751721,44.21233749389648,45.742728569946586,46.599257572682866,41.946384900417435,1.3339359162035438
2025-08-07,44.37016892234449,45.327019043631495,44.14328767190106,44.745018005371094,45.64770851617749,46.52654229553339,44.67639187611719,-0.08810065365523163
2025-08-08,44.80420182571085,45.46512004035034,44.675967052180866,45.32701873779297,45.61716663252182,46.479502156014156,47.577055096180494,0.21811104365543987
2025-08-11,45.41579836420246,45.741322323226115,45.0804078762209,45.30728912353515,45.58765448880881,46.43353301748557,47.486161429616914,2.4765748469866136
2025-08-12,45.46511798533134,46.16549099548882,45.366475277385646,45.91888046264648,45.61919981965049,46.41335056435463,50.63453810782019,2.623448396276152
2025-08-13,46.10630816285869,47.2209850930753,45.72159255998464,47.20125579833984,45.7698718176209,46.44424880882464,56.5207211997612,4.134922420971309
2025-08-14,46.786951315172416,47.32949374321718,46.37264365684384,47.16180038452149,45.90243644304,46.47238808630295,56.298297044553486,4.093185217790938
2025-08-15,47.64515523143524,47.970682948114664,47.28017268850409,47.78325653076172,46.08156216568017,46.523794691968,59.03292223142296,4.060151400319637
2025-08-18,47.733933156760386,48.049594331292056,47.42813851060798,47.536643981933594,46.220141386275735,46.56351427196665,57.495398234577976,0.7105492807789944
2025-08-19,47.74380015609521,48.187696100111665,47.51691515687063,47.68461227416992,46.35961480417042,46.60747889950404,58.19888138130753,1.1085494730604417
2025-08-20,47.8424454091587,48.90780476264376,47.58597209978911,47.60569763183594,46.478289359186185,46.6466247321445,57.6508604404664,-0.371592293655149
2025-08-21,47.60569460806035,48.25674625062222,47.41827196169397,47.77339172363281,46.60163244151443,46.69081167298718,58.544192154184465,0.4980320903368678
2025-08-22,48.177834360840144,48.4441741907101,47.07302021554774,47.27030563354492,46.66531560266019,46.713536926342385,54.8088685757422,-0.8688476656638855
2025-08-25,47.31962996548177,47.497189849114115,46.30359201736818,46.50088119506836,46.64965518288954,46.70519748590027,49.59684021296629,-2.320765143096529
2025-08-26,46.56006826490065,46.75735743915856,46.352916325269945,46.56993103027344,46.64206240644991,46.699892919012946,50.05584996597783,-2.519102475121188
2025-08-27,46.658713764133154,47.191393437629195,46.55020452364564,46.9842414855957,46.67465089017808,46.71104384319266,52.831496608926805,-0.60516669844888
2025-08-28,46.98423924404176,47.003968538005346,46.017526417694455,46.244407653808594,46.63367534385718,46.69274438478544,47.73035698884825,-0.5515455506829532
2025-08-29,46.35291777182788,46.7179003096595,46.18522065143295,46.540340423583984,46.62478630383116,46.68676775885597,49.817582763005696,-0.0635401557073755
2025-09-02,46.65871411684651,47.21112308942329,46.40224080710124,46.7672233581543,46.63835173757622,46.689922880397084,51.41926882840066,-0.4618955645116439
2025-09-03,46.67844291699217,47.852307737921365,46.65871362214737,46.85600280761719,46.659080410913454,46.69643581871944,52.064006216747686,1.3225278143620551
2025-09-04,46.954646179440985,47.04342612600249,45.68213862936381,46.056983947753906,46.60173789061255,46.671359274760015,46.13019935503698,-1.0385752906636254
2025-09-05,46.08657730857826,46.53047325468106,45.86955883681026,46.50088119506836,46.59213249103691,46.66467385987015,49.568974119162796,-0.5695060428245379
2025-09-08,46.017527719803255,46.17535831299984,45.228370990842166,46.086578369140625,46.543984479427735,46.64200344846899,46.58028572019086,-1.6421043033390812
2025-09-09,46.10630611540083,46.87572976102446,46.09643958698214,46.58966064453125,46.54833459038998,46.63995078949104,50.484366965778094,1.1565600938645944
2025-09-10,46.36278198621531,46.79681518630771,46.145763504679984,46.51074981689453,46.544755088152314,46.634884084683335,49.86872556035806,0.02122244046252287
2025-09-11,46.73763143820258,47.5366471939214,46.57980084027234,46.89546203613281,46.57815574986474,46.64510282787744,52.88528273291009,1.7551393390788423
2025-09-12,46.777084319972744,47.25057985704885,45.56376094328826,45.57362747192383,46.48248639006084,46.60308418646749,43.25453023733537,-2.180812563455933
2025-09-15,45.69199988924395,46.096441018474735,45.37633870364813,45.72159194946289,46.41002025286104,46.56851586344771,44.47349396467641,-1.6967214472749426
2025-09-16,45.42566182055676,46.20495204903074,45.415799054427225,45.71173095703125,46.34351651040106,46.53491645535295,44.4050335330211,-2.524191100174045
2025-09-17,45.61308719601618,46.16549239805985,45.386202187487434,45.52430725097656,46.26549658093206,46.495284721847995,43.04863791917627,-0.10822096831692832
2025-09-18,45.47498302269722,45.69200150659291,44.90284851466989,44.98176193237305,46.14323613821215,46.435930886966624,39.305752972925134,-1.6181195482160695
2025-09-19,45.060677675011526,45.30728821230341,44.38989671253935,44.40962600708008,45.97813041143767,46.35646795050049,35.773466115145055,-2.848513768107234
2025-09-22,44.41948813271641,44.922575728809456,44.350437484308046,44.37016677856445,45.8249910178307,46.27857378689515,35.53627099344296,-2.5352180892051934
2025-09-23,44.31097970917956,44.97189790847773,44.103827760151944,44.301116943359375,45.679860153595335,46.20102645969767,35.097717728806145,-1.5131576883025932
2025-09-24,44.1432879684396,44.25179721133241,43.45277768337672,43.56128692626953,45.4780912748024,46.09750726230833,30.722840709131926,-1.910259457432267
2025-09-25,43.58101399291037,43.857216587619384,42.60443461979497,42.82145309448242,45.225078114771925,45.96903454984457,27.086778895026665,-3.4904391768710368
2025-09-26,43.3639971003079,43.54155699280694,42.66362405932736,43.521827697753906,45.06286378934164,45.87306565368416,34.93704789780308,-1.7590735840855187
2025-09-29,43.40345429249767,44.074235250783616,43.19630234558005,43.551422119140625,44.91891696360821,45.782020809192254,35.25426280006576,-0.022645811969704003
2025-09-30,43.58101565337674,44.91271108629446,43.52182776812194,44.48854064941406,44.87792874320877,45.731296097044094,44.484328089829184,3.8931129946789365
2025-10-01,45.37634035174356,47.921362986397014,45.02122056430556,46.78695297241211,45.05974057456147,45.772694405882056,59.67014991081535,7.502270578647392
2025-10-02,46.45156258229899,46.76722378005388,45.04094995852883,45.11000061035156,45.064527244636714,45.74670641390047,49.1140015274086,3.5787086055358692
2025-10-03,45.20000076293945,46.18000030517578,44.65999984741211,45.45000076293945,45.101239008284594,45.73507089817651,51.006476316741114,2.1611410477633943
2025-10-06,45.349998474121094,45.90999984741211,44.869998931884766,45.13999938964844,45.10493047317639,45.71173476058718,49.20946969974877,-3.5201129334812564
2025-10-07,45.029998779296875,45.16999816894531,44.25,44.65999984741211,45.062556127865506,45.67049025418816,46.47896640670081,-0.9975631940829319
2025-10-08,44.7400016784668,44.900001525878906,44.459999084472656,44.540000915527344,45.01278896478568,45.62615733894656,45.7948470586014,-2.0021998506854493
2025-10-09,44.81999969482422,45.189998626708984,44.529998779296875,44.68000030517578,44.98109480672759,45.589053141543786,46.779065176469246,-1.0190498243075825
2025-10-10,44.779998779296875,44.779998779296875,43.77000045776367,43.959999084472656,44.88384759508426,45.52516866871747,42.50462946412707,-1.5673998328059011
2025-10-13,43.68000030517578,44.22999954223633,43.290000915527344,43.540000915527344,44.75586219703122,45.447318952906095,40.197232824004594,-2.245172832161717
2025-10-14,43.43000030517578,43.900001525878906,43.27000045776367,43.79999923706055,44.664827629414965,45.38271817973568,42.28593034497901,-1.9695637021141517
2025-10-15,43.779998779296875,44.2400016784668,43.400001525878906,43.61000061035156,44.56436791331369,45.3131998436814,41.15473228106605,-0.7961748894683635
2025-10-16,43.72999954223633,43.93000030517578,43.220001220703125,43.38999938964844,44.45252329201224,45.23778021803305,39.8262034518542,-0.3445142919724017
