Date,Open,High,Low,Close,EMA20,EMA50,RSI14,ROC3
2010-01-04,13.261508793627147,13.452224340577583,13.152528852267864,13.322810173034668,,,,
2010-01-05,13.520333661080269,13.663369310250442,13.261505392377511,13.370485305786133,,,100.0,
2010-01-06,13.32961899163918,13.47265594884386,13.15252629655598,13.200204849243164,,,78.44707188856097,
2010-01-07,13.166156116128874,13.350060316458595,13.111666127047158,13.329626083374023,,,81.67912131487998,0.05115970467815306
2010-01-08,13.247884681164134,13.56801303382779,13.186583313760416,13.547578811645508,,,85.59639824322892,1.3245106801227107
2010-01-11,14.044799081973352,14.20145753144872,13.77234802305958,13.956252098083496,,,89.93989228730665,5.727541787987329
2010-01-12,13.860895414378206,13.956252508315206,13.636124193567444,13.738292694091797,,,76.66191728916702,3.0658520213669105
2010-01-13,13.854088630266547,14.024369954336546,13.731485869073204,13.833654403686523,,,78.17974476342248,2.111636300614135
2010-01-14,13.799597084046235,13.874521273814349,13.663371520675716,13.758729934692385,,,74.10198705224572,-1.41529518099086
2010-01-15,13.785973182744913,13.785973182744913,13.275129309030406,13.390920639038086,,,58.08517202811075,-2.5284950815111076
2010-01-19,13.20701068525494,13.479461669921877,13.111653620107058,13.479461669921877,,,60.309211978767244,-2.5603699747642823
2010-01-20,13.377300001999863,13.506714168171817,13.172962938901726,13.46584701538086,,,59.78391370482009,-2.128706070267622
2010-01-21,13.520336743934552,13.78597518104502,13.288754050350892,13.356866836547852,,,55.60859334715622,-0.254305162491655
2010-01-22,13.309191290117903,13.309191290117903,12.600820231872351,12.641687393188477,,,37.23174469544232,-6.215190912281111
2010-01-25,12.750667572021484,12.934571749773363,12.621254675805265,12.750667572021484,,,40.460615347786224,-5.311061699590735
2010-01-26,12.71660762576606,12.743851958403978,12.280687910413574,12.702984809875488,,,39.50311163059187,-4.895474624956
2010-01-27,12.702988069270054,13.084417918072608,12.621253751241287,13.036739349365234,,,48.66118797758103,3.1249938705937113
2010-01-28,13.091228680612124,13.2615100170885,12.471404719769597,12.675743103027344,,,41.36687884551979,-0.5876121275292736
2010-01-29,12.67574181364153,12.825588906806525,12.267066387840291,12.31474494934082,,,35.61714730183027,-3.056288473499902
2010-02-01,12.36922836303711,12.47139684054587,12.239814265316587,12.36922836303711,13.212126302719117,,37.039499020836274,-5.1202295945314455
2010-02-02,12.41010140369174,12.79153247343137,12.280688543489688,12.743852615356444,13.167528808684576,,45.89109868677571,0.5373216526677099
2010-02-03,12.702984546907128,12.975434363362366,12.668928807028925,12.907322883605955,13.142747292010421,,49.24434600726907,4.811938344665873
2010-02-04,12.77790933600274,12.791532152253524,12.396479574983584,12.430535316467283,13.074917580053931,,41.22052519249365,0.49564088907418996
2010-02-05,12.328370481603192,12.423727625603656,11.551886611841704,12.294313430786133,13.000574327742713,,39.2526373681667,-3.527498301640843
2010-02-08,12.28750025206209,12.37604596379277,12.08997330406879,12.151274681091309,12.919688647109247,,37.24209854518118,-5.857513671366586
2010-02-09,12.260258361967724,12.3828611534504,11.906072808605275,12.09678840637207,12.841317195610468,,36.47568154269056,-2.6848957152559927
2010-02-10,12.089974746682987,12.09678615595862,11.817524871375166,11.933316230773926,12.754840913245083,,34.201537221980274,-2.9362941008827352
2010-02-11,11.953746137169825,12.226197242736816,11.790276253315522,12.226197242736816,12.7044938970062,,41.26682916495864,0.6165819110491789
2010-02-12,12.110408444140727,12.198954162559149,11.865202917530596,12.185331344604492,12.655049844396514,,40.611561752338176,0.7319540960622345
2010-02-16,12.307930127041274,12.389665709189291,12.17170588898525,12.362420082092283,12.627180343224682,,44.70877228674927,3.595847482963488
2010-02-17,12.4169140556664,12.423725464645049,12.117219855466413,12.267066955566406,12.592883830114369,,42.988994472066885,0.33427984203239647
2010-02-18,12.22619938211843,12.287500761683413,12.110408031733844,12.253443717956545,12.560556200385053,,42.736062238992425,0.5589702194041021
2010-02-19,12.137651154686807,12.4714023549989,12.137651154686807,12.457780838012695,12.550768070635304,,47.70599397960471,0.7713761163847505
2010-02-22,12.457785370277303,12.457785370277303,11.87882846557786,12.09678840637207,12.507531912134043,,40.945066095148704,-1.388095050032061
2010-02-23,11.803897829624828,11.87882200570691,11.688106511653892,11.722162246704102,12.432734801140715,,35.34663745583382,-4.335772730354066
2010-02-24,11.79047579460478,12.043225701474253,11.783644539969307,11.954421997070312,12.387181200753057,,40.75512570663916,-4.040517709273494
2010-02-25,11.735827060449605,11.9817470156122,11.4420896257673,11.954421997070312,12.345966038497558,,40.75512570663917,-1.1768942674632987
2010-02-26,11.89294254212497,12.166186225166102,11.838293805516743,12.04322624206543,12.317133676932594,,42.874200111860766,2.73894857112732
2010-03-01,12.091044177879594,12.159354116648087,12.002239172794848,12.138861656188965,12.300155389242724,,45.149535559648726,1.5428571884433495
2010-03-02,12.22766797492293,12.275485463464683,11.974918020365417,12.029566764831545,12.274385044060706,,43.039701993079994,0.6285939025713504
2010-03-03,12.077384253373296,12.20717551007866,11.988579229285316,12.029566764831545,12.251069017467453,,43.03970199307999,-0.11342041542136075
2010-03-04,12.125199367492266,12.125199367492266,11.78364445573192,11.96125316619873,12.223467507822813,,41.6295268570842,-1.463139584424551
2010-03-05,12.091051183617076,12.377957522639733,12.0432323746722,12.36429500579834,12.236879650487149,,51.68712600584039,2.782546100873504
2010-03-08,12.446258749494142,12.55555620151496,12.343792551090676,12.535063743591309,12.265278135544687,,55.20870659756543,4.202121228817525
2010-03-09,12.514571808922714,12.651194295349514,12.439429311095113,12.569220542907717,12.294225031484023,,55.901104830104686,5.082806694762045
2010-03-10,12.589717777399986,12.733170255058418,12.494082792294366,12.623872756958008,12.325620052957737,,57.04526972689759,2.099414087401965
2010-03-11,12.582881215984363,12.60337497683642,12.412103784335788,12.535063743591309,12.345567071113315,,54.56767467122286,0.0
2010-03-12,12.66485915279744,12.66485915279744,12.316472920449767,12.323304176330566,12.34344679541972,,49.092516597260975,-1.9564965523332352
2010-03-15,12.268654131514284,12.37112166681604,12.241330410914962,12.350627899169922,12.344130710062595,,49.79253748913694,-2.1645089668499646
2010-03-16,12.459926509807392,12.651197782947587,12.343797755209588,12.623872756958008,12.37077280976692,12.648155193328858,56.26871081211679,0.7084847367617402
2010-03-17,12.692183236820815,13.020075710914996,12.67852072466801,12.89711570739746,12.420900704779353,12.657918350743314,61.602488622229636,4.656312323841
2010-03-18,13.143031120300291,13.2796535882144,13.06105868189456,13.143031120300291,12.489675030067062,12.67694238092202,65.66171027874425,6.415894216873187
2010-03-19,13.245497703552248,13.477755123978705,13.190848975388873,13.245497703552246,12.561658141827555,12.69923866808399,67.21685733223777,4.924201618331521
2010-03-22,13.115709422842125,13.320641853259282,13.040566923655811,13.265993118286133,12.62873766339504,12.7214643327978,67.53358519752886,2.860154310913834
2010-03-23,13.368462903719516,13.484591659417257,13.252334148021776,13.443605422973633,12.70634411668824,12.749783591236067,70.21879927826187,2.286948116626495
2010-03-24,13.607546092143624,13.614377345904687,13.238666206616776,13.293314933776855,12.762246099268108,12.77109854584551,65.29745266391298,0.36100742527617896
2010-03-25,13.518746895832235,13.723679365116876,13.43677312636106,13.450435638427734,12.827787960140453,12.797739216142853,67.83546882920551,1.390340839898085
2010-03-26,13.511909401112472,13.655361802791449,13.450429428127691,13.5187406539917,12.893592978602477,12.826013782333003,68.90032923666129,0.5588919687397892
2010-03-29,13.580224740567443,13.764664733086306,13.525575998665056,13.730509757995604,12.97329933854468,12.861484212751146,71.99584240078119,3.2888322167699804
2010-03-30,13.723676347549937,13.832973814193227,13.696351329424823,13.778325080871582,13.049968456861528,12.897438756599007,72.65760555838722,2.4377607629828093
2010-03-31,13.662201086084565,13.90128986567685,13.662201086084565,13.80565357208252,13.121938467834955,12.933055023872871,73.04959877611482,2.122334657008921
2010-04-01,13.853468733738548,14.037907409758544,13.819312458232115,13.921778678894045,13.198113726031059,12.971828500540369,74.70882703271594,1.3930212662866401
2010-04-05,13.99692172544279,14.17453045618499,13.949104240806186,14.11305046081543,13.285250557915285,13.016582302904096,77.19886943285252,2.429361899789592
2010-04-06,14.072060197032258,14.072060197032258,13.846634046283986,13.96959400177002,13.350426123996689,13.05395531070276,71.51203245980352,1.187487639259735
2010-04-07,13.89445238060311,13.962763615998872,13.641701200517325,13.710012435913086,13.384672439417297,13.079683041103165,62.53520567777703,-1.5211148508056993
2010-04-08,13.614376645956966,13.62120789936682,13.361625481505882,13.539234161376951,13.399392603413455,13.097704653662921,57.4277027497787,-4.065855932646642
2010-04-09,13.566562634852977,13.614380117988317,13.409446372214244,13.436771392822266,13.402952488119055,13.111001388531916,54.54904935591675,-3.8141595874600402
2010-04-12,13.491424532188848,13.696357041885893,13.491424532188848,13.648539543151855,13.426341731455512,13.13208131616407,59.11102910707397,-0.44837955507759814
2010-04-13,13.614384120121564,13.710019114505451,13.532410337128889,13.682695388793944,13.450756365487743,13.153674024894654,59.81167625169309,1.0595963235959136
2010-04-14,13.771498066035102,13.88079556632673,13.600720558963308,13.873964309692385,13.491061883983424,13.18192070272986,63.57566924270739,3.2537051058534887
2010-04-15,13.839801168566812,13.962761109621642,13.785152450645578,13.81247615814209,13.52167276723663,13.206648367647986,61.5789682441749,1.2011293550634101
2010-04-16,13.764660948763469,13.867127148793283,13.49141731437448,13.593883514404297,13.528549981252599,13.221834059677645,54.96941645815316,-0.6490817186676766
2010-04-19,13.621215816559172,13.798824599663536,13.402620792101228,13.648539543151855,13.539977558576338,13.238567608049184,56.234328739770675,-1.6248042845479056
2010-04-20,13.7373410135995,13.798821011105789,13.511914790386044,13.730509757995604,13.558123482330553,13.257859457066692,58.13374282812783,-0.5934229258247018
2010-04-21,13.798817936947696,14.058399077421289,13.76466166653769,13.935439109802246,13.594058303994524,13.284431208154361,62.513894603183395,2.5125682078710727
2010-04-22,13.92861397912875,14.181365279565377,13.6826952387064,14.13354778289795,13.64543825436628,13.317729897359992,66.19585401842174,3.5535541235944637
2010-04-23,14.16769930023724,14.24284180686705,14.058401819464104,14.236010551452637,13.701683235041171,13.353740903402842,67.9493041489736,3.6815879553391517
2010-04-26,14.276991676490075,14.345302903281834,14.222342955642322,14.290654182434082,13.757775706221448,13.390482600619753,68.87649698798009,2.5490052364548466
2010-04-27,14.290661491587043,14.413621502116124,13.730511490669189,13.744174003601074,13.75648030597189,13.40435285171706,52.51464131627741,-2.7549613534970314
2010-04-28,14.04473605613103,14.072061071460713,13.518742540319089,13.710012435913086,13.752054794537717,13.41633950207769,51.68803336961013,-3.694842130373935
2010-04-29,13.860304616977675,13.90812211572489,13.573398321565287,13.6212158203125,13.7395939398496,13.424373867498664,49.50667877508111,-4.684448686362087
2010-04-30,13.75783252488601,13.826143773266304,13.136202640189865,13.14986515045166,13.683429293240273,13.413608819771332,39.884510896136675,-4.324078354899325
2010-05-03,13.300151210418578,13.607551231115718,13.156698736045865,13.532408714294434,13.669046380959717,13.418267639164394,48.613769380407795,-1.2954307842451198
2010-05-04,13.382119980186124,13.409443692404944,12.849293911170555,12.938098907470703,13.599432335865526,13.399437492823466,39.1117678537738,-5.015094994846978
2010-05-05,12.774155875789704,12.910777076434783,12.459924638741382,12.753662109375,13.518882790485476,13.37411296798235,36.713483086143064,-3.0129817799922587
2010-05-06,12.617038061567916,12.637531825474332,10.59503359489775,11.954421997070312,13.369886524445937,13.318438812260311,28.545053855778317,-11.660797057934529
2010-05-07,12.056890745537316,12.173019492897582,11.53089575438029,11.981749534606934,13.237683001604127,13.266019624901356,29.125697491888697,-7.391730266581556
2010-05-10,12.603377686053632,12.767323899326673,12.425768962609,12.57605266571045,13.174670588661872,13.238962097089948,40.45744837359205,-1.3926152515362087
2010-05-11,12.418934833829978,12.61703597376348,12.33012984119245,12.446258544921877,13.105298013067587,13.207875683279436,38.99120336990363,4.1142645622858165
2010-05-12,12.507744513053472,12.842468277518924,12.446264504995632,12.658029556274414,13.062701017182523,13.186313090063553,42.64366468489689,5.64425103123862
2010-05-13,12.644361411366184,12.856125065403846,12.589712684423288,12.651192665100098,13.023509745555625,13.165327975359105,42.55508757735961,0.5974847703566262
2010-05-14,12.473592480950837,12.500916211586627,12.07055735637073,12.268658638000488,12.951619163883707,13.130164471933277,37.82138960625617,-1.4269340965430126
2010-05-17,12.3437956230792,12.54189811849876,12.125200664636049,12.514573097229004,12.909995728964212,13.106023633709581,42.267384552889496,-1.1333237800373182
2010-05-18,12.535067896919951,12.74683161750934,12.275485385164982,12.323304176330566,12.854120342999103,13.075328753028051,39.878932625899346,-2.591759507971551
2010-05-19,12.241330750685188,12.330134473758864,11.9339307421054,11.981749534606934,12.771037408866516,13.032443293482125,35.970049930456405,-2.3385531528678536
2010-05-20,11.742664416947887,11.797313179500303,11.483081817626951,11.483081817626951,12.648374971605605,12.971684019919177,31.166781927245886,-8.242320945254193
2010-05-21,11.271311672906547,11.70850152691852,11.141520446398545,11.599204063415527,12.548453932730359,12.917861276526878,33.397154515206616,-5.875860098510121
2010-05-24,11.55822007959383,11.681180075588784,11.48990882593788,11.517233848571776,12.450242496143828,12.862934710724717,32.594282897047414,-3.876860258958807
2010-05-25,11.196170009775528,11.585542415292684,11.03905505718591,11.578712463378906,12.367239635880502,12.812573053966059,33.878191320492,0.8327959973703083
2010-05-26,11.839061311918009,11.839061311918009,11.489644428879886,11.537603378295898,12.288226658967682,12.762574243155465,33.41979667174795,-0.5310768289172579
2010-05-27,11.811656192533864,12.003493309020996,11.688332425276666,12.003493309020996,12.261109197067997,12.732806363385485,42.856426415121604,4.2220160399844655
2010-05-28,12.003495390414455,12.058305817945786,11.722591785968428,11.94183349609375,12.230701987451402,12.701787819570123,42.00782154358892,3.1361089055740967
2010-06-01,11.695186684917068,11.715741086631631,11.215595739297708,11.236148834228516,12.135982639525412,12.644311780929277,33.76692841813773,-2.6128003726880373
2010-06-02,11.3183601116598,11.530750274658203,11.222440919674089,11.530750274658203,12.078341461919011,12.60064270225198,39.13502636064992,-3.938378788510774
2010-06-03,11.612969963379166,11.708887876871742,11.332066382336423,11.517050743103027,12.024885202984155,12.558148899932414,38.97682597440724,-3.5570982724693976
2010-06-04,11.33891831613304,11.42113461683763,11.078569093005408,11.11967658996582,11.93867485888717,12.501738221110195,34.60681862547336,-1.0365850967360597
2010-06-07,11.2018913558029,11.359471161546251,10.9552437942682,10.962095260620115,11.845667278099832,12.441360065796859,33.02551549621091,-4.9316393165486705
2010-06-08,11.277253103820112,11.702034803547644,11.201889599333276,11.681480407714844,11.830030433301262,12.411560863519133,45.311058620059626,1.4277063484354702
2010-06-09,11.832210002826177,12.167923959950045,11.784251052777536,11.84591293334961,11.831543052353485,12.38937859174778,47.67379445402438,6.531092316471961
2010-06-10,12.1542219089078,12.22958672545672,11.928128766044518,12.202180862426758,11.866841891408082,12.382037504323426,52.465581627697425,11.312487004756168
2010-06-11,12.126814706784412,12.798242523121967,12.09255738547136,12.428271293640137,11.920311358287325,12.383850594100553,55.265291482466225,6.392947296577984
2010-06-14,12.60640953034981,12.716030380517612,12.489937213698568,12.585856437683104,11.983696603944066,12.391772391888104,57.15928850060656,6.246403367108527
2010-06-15,12.469382609941098,12.846204073380202,12.387166328886744,12.83935260772705,12.065187651923399,12.409324557215122,60.0867587402045,5.221785781444096
2010-06-16,12.763989092220491,12.846205381647817,12.42142361537655,12.510491371154783,12.107597529945435,12.413291883251972,54.85026585971651,0.6615568293614638
2010-06-17,12.510486572397436,12.565296975397017,12.256987641784956,12.544742584228516,12.14923039225811,12.418446812702033,55.287325140616815,-0.3266671096890138
2010-06-18,12.52419129110412,12.565298772537394,12.32550273507397,12.489933967590332,12.18167835181356,12.42125023054079,54.38016648462658,-2.7214661892409566
2010-06-21,12.661217040759349,12.798243725316691,12.524191662985316,12.620109558105469,12.223433704793742,12.429048635543328,56.21764466475403,0.8762100839894272
2010-06-22,12.626963987133951,12.661220012923078,12.373464953230116,12.42142391204834,12.242289915008465,12.428749626778819,52.726867811321526,-0.9830307106916193
2010-06-23,12.34605633605519,12.544743572538136,12.2364355214198,12.428271293640137,12.260002427259101,12.428730868616517,52.835562125246696,-0.4936989587791377
2010-06-24,12.366613726010618,12.366613726010618,12.07200850088609,12.119967460632324,12.246665763770837,12.416622499675961,47.53584442275159,-3.9630567006601
2010-06-25,12.188480550733264,12.215885109931984,11.832212133664608,11.873319625854492,12.211108988731185,12.39531650462414,43.75461252124931,-4.412572101836135
2010-06-28,11.962386942005452,11.962386942005452,11.749996692413992,11.818510055541992,12.173718614141738,12.37269664387582,42.93725853373003,-4.906243384067219
2010-06-29,11.612970381157112,11.681482432240216,11.167634208415276,11.277255058288574,12.088341132631912,12.32973815032338,35.82096532338146,-6.953091294023853
2010-06-30,11.290956338064484,11.304659268988246,11.010052788044415,11.064863204956056,11.990867044281831,12.280135211289368,33.47631649145224,-6.809017582058508
2010-07-01,11.003201322582536,11.222442990229082,10.742852168948115,11.064863204956056,11.902676202441281,12.232477485550806,33.47631649145224,-6.376834702886529
2010-07-02,11.099120210651025,11.27040292188463,11.051159953807575,11.188186645507812,11.834629577971427,12.191524903588336,36.28473086440248,-0.7898057844785383
2010-07-06,11.448537698517873,11.52390252218444,11.10597221899142,11.222444534301758,11.776326240479078,12.153521751851608,37.07938383531487,1.42415976073811
2010-07-07,11.26354978538076,11.722587435647986,11.201887913943132,11.702033042907717,11.769250697853234,12.135816312285181,47.03785001737625,5.758497200998073
2010-07-08,11.797951391146784,11.92127513885498,11.647223092160786,11.92127513885498,11.783729216043877,12.127402932934977,50.866265966202825,6.552344151690672
2010-07-09,11.989790646976786,12.167924836260172,11.907574364698505,11.996642112731934,11.804006634776073,12.122275057632898,52.14684360815227,6.8986536406022445
2010-07-12,11.804800160730046,11.9760828141595,11.75684122685507,11.859610557556152,11.809302246469414,12.111974489002437,49.61485324954964,1.3465823765037064
2010-07-13,12.024045625442788,12.202179799266514,11.859614381940128,12.147369384765623,11.84149911678334,12.113362524130405,54.60004838998171,1.896560923870756
2010-07-14,12.195327831111255,12.2980984974971,12.03089659439054,12.126815795898438,11.86867213384192,12.113890103415427,54.187643700168316,1.0850843256243485
2010-07-15,12.085705940000642,12.113111797093696,11.811653902986048,12.072004318237305,11.888037103784338,12.11224752360452,53.03716288567415,1.790899959576069
2010-07-16,12.003494877909096,12.003494877909096,11.52390267739903,11.619820594787598,11.862492674356076,12.092936663650915,44.62047207408644,-4.342905638809668
2010-07-19,11.647225919722862,11.784252629727142,11.565009632363584,11.633522987365724,11.840686037499852,12.074920441051496,44.90579271550643,-4.067785120472893
2010-07-20,11.304659105506149,11.462238888500336,11.133376391786356,11.41427993774414,11.800075932761214,12.04901297033356,41.24427044525373,-5.448344476646127
2010-07-21,11.510198593139648,11.77740053265615,11.448536707619189,11.510198593139648,11.772468567082969,12.027882994757329,43.41797121443822,-0.9434052854234539
2010-07-22,11.811662744507586,12.441983554854124,11.811662744507586,12.40087604522705,11.832316898334787,12.042510173207122,58.69796161022814,6.596050557468186
2010-07-23,12.4351274791066,12.496789374097872,12.209034299733158,12.33920955657959,11.880592389596197,12.054145443143296,57.53938900016051,8.10326734476645
2010-07-26,12.304948156169925,12.359759872968825,12.20903026533836,12.263840675354004,11.917092226335036,12.062368785582933,56.08240625552775,6.547602772584168
2010-07-27,12.41457081754854,12.476231388035862,12.277544133217514,12.332354545593262,11.956641018645344,12.072956462446083,57.144748200242496,-0.5525537017214374
2010-07-28,12.106263430442848,12.229587205349992,11.907574836029442,12.099411964416504,11.97023825157593,12.07399393311159,52.49530131198112,-1.9433788774194176
2010-07-29,12.119960862461058,12.551592571978205,12.113109399543903,12.441971778869627,12.01516525417533,12.088424436866807,57.917757557451644,1.4524903595135898
2010-07-30,12.181627165069104,12.558448615474123,12.058303401145016,12.41457176208496,12.053203969214342,12.101214528051834,57.35383296647548,0.6666789880856632
2010-08-02,12.832500462010511,13.236727766640035,12.640664661022528,13.12025547027588,12.154827921696393,12.141176917942973,66.42181182438298,8.437133216569563
2010-08-03,13.223024219524143,13.284686097476207,12.866757188536283,13.044891357421877,12.239595867955963,12.176616699883322,64.83623436884297,4.845852323634075
2010-08-04,13.099701273912927,13.23672664778154,13.017485004165138,13.18191623687744,12.329340664996103,12.216040211137994,66.40642536931738,6.180998342093511
2010-08-05,13.113404380865507,13.209323590892293,13.003783546649258,13.168214797973633,12.40923343956539,12.253380391013902,66.08863893933797,0.36553653857125457
2010-08-06,13.017485517846188,13.106551949036264,12.654365714537954,12.88045883178711,12.454112048348412,12.277971702416773,59.6341331110927,-1.2605128025172374
2010-08-09,12.9763765335083,13.05174002601702,12.825646934924515,12.9763765335083,12.503851523125544,12.30536012716546,61.0013726869247,-1.5592551164460102
2010-08-10,12.832499819012424,12.853054213852667,12.5447448251656,12.709176063537598,12.523406241260025,12.321196046238878,55.37454465787767,-3.4859602571692063
2010-08-11,12.41457652539935,12.489940060326331,12.284401246112504,12.366616249084473,12.50847386105283,12.322977230664195,49.11909834934789,-3.9893189319820466
2010-08-12,12.12681569191149,12.14051731476658,11.873316720734564,11.989789009094238,12.45907530372344,12.309911025896746,43.32157003293241,-7.6029508073108305
2010-08-13,11.97609277628664,11.97609277628664,11.530757768281624,11.5581636428833,12.373274193167235,12.280430736366807,37.815832414060004,-9.056546348087279
2010-08-16,11.482791095490008,11.482791095490008,11.22929215252749,11.338912963867188,12.274763599900565,12.243508470778586,35.35765381648384,-8.310303032920329
2010-08-17,11.462242902794824,11.523904805871789,11.3389190966409,11.352622032165527,12.18694059344961,12.208571747695721,35.63936995813847,-5.314246784871866
2010-08-18,11.373174987389252,11.592416700733404,11.373174987389252,11.455389976501465,12.117269106121215,12.179035207648887,37.82679066829896,-0.8891868081926378
2010-08-19,11.400574841959964,11.400574841959964,10.955240132217744,10.982645988464355,12.009209761582467,12.132117983367142,32.375691162197725,-3.1419852726457966
2010-08-20,10.818214496558644,11.03745678046355,10.688039941789269,11.03060531616211,11.916009338209099,12.08892140818263,33.4238688790359,-2.836496406654286
2010-08-23,11.119672166842488,11.140226560538562,10.89357906331867,10.920984268188477,11.821245045826183,12.04311995171227,32.19548910448974,-4.665102710682213
2010-08-24,10.797662203640506,10.900431568364032,10.598974286021116,10.770256996154783,11.72115094585748,11.993203757376683,30.533837754944045,-1.9338599508047085
2010-08-25,10.873029695328146,11.167635602798986,10.715449867307916,11.085420608520508,11.660605199444435,11.957604418205854,37.76649750998044,0.4969382077163321
2010-08-26,11.181634791693275,11.24348782237062,10.762408986176691,10.865497589111328,11.584880665126995,11.914776699417834,35.025969781307765,-0.5080739768005573
2010-08-27,10.934220801680103,11.03043602815388,10.618083653086831,10.982328414916992,11.527494736535566,11.878210100025644,37.615812866706946,1.9690469673836282
2010-08-30,10.989203000264752,11.161016683153507,10.954840132603564,10.961712837219238,11.473610746124487,11.84226903089598,37.33303223712111,-1.1159501806019423
2010-08-31,10.934224728836275,11.0304399898669,10.714303383146497,10.776156425476074,11.407186525110353,11.800460693428533,34.79737346275612,-0.8222464079766179
2010-09-01,11.016692619747891,11.332829132656626,10.89985862024837,11.21599578857422,11.388977883535484,11.777540501081306,44.43181541504111,2.1276669648655235
2010-09-02,11.174758231297773,11.44278706452828,11.14726742233366,11.305336952209473,11.381012080552054,11.759022714851039,46.171676296549464,3.1347666198981066
2010-09-03,11.497771215661867,11.58024235929279,11.319084830156834,11.552751541137695,11.397368219655448,11.750933649215222,50.76880900022826,7.206605815647412
2010-09-07,11.497769121027249,11.635220565093444,11.484023714453803,11.580240249633787,11.414784603462909,11.744239790408107,51.266792435695194,3.2475445598029204
2010-09-08,11.593990017251674,11.614606824032668,11.435920403867906,11.47715663909912,11.420724797333024,11.733765941337166,49.25472548973353,1.5198104011934546
2010-09-09,11.642094356263971,11.6764565650744,11.202250480651855,11.202250480651855,11.399917719553866,11.71292219778088,44.265313609599374,-3.0339184499706042
2010-09-10,11.264101589405367,11.28471969768549,10.961709877550671,11.051053047180176,11.366692512661134,11.686966544816148,41.75975792110577,-4.569742864102897
2010-09-13,11.147271149190573,11.559624245676469,11.133527050947384,11.552751541137695,11.384412420135092,11.681703211338561,51.55795263757221,0.6586553134689089
2010-09-14,11.703948537214227,12.294986714324242,11.703948537214227,12.102556228637695,11.452807068563912,11.698207251232645,59.58284103039627,8.036829291942874
2010-09-15,12.04070429319168,12.102557329455312,11.648969270744995,11.779546737670898,11.483925132288388,11.701397035014537,53.93033354684035,6.592074867259891
2010-09-16,11.731434659577346,11.834522577281469,11.607728633998802,11.70394515991211,11.504879420633504,11.701496961481109,52.67085559050075,1.3087238848341471
2010-09-17,11.81391026736235,11.868890598409267,11.61460574804572,11.683331489562988,11.521874855769646,11.70078459003334,52.31212453642726,-3.4639354790413264
2010-09-20,11.703948537214227,12.130045736235328,11.690203127998224,12.102556228637695,11.577177843661842,11.716540340566844,58.502249489278185,2.742121561722023
2010-09-21,12.178153357656964,12.35683974496188,12.013212379568053,12.102556228637695,11.627213880326208,11.731678218530407,58.502249489278185,3.4057838043439643
2010-09-22,11.87576031580893,11.958230136213388,11.710819364165854,11.793289184570312,11.643030575968503,11.734094334845697,52.65456930147401,0.9411501771181634
2010-09-23,11.6902011386858,12.25374971229956,11.648966228889076,11.958230018615724,11.673049570506333,11.742883969503346,55.22511177303738,-1.1925266637510736
2010-09-24,12.164405460573338,12.25374797090872,12.102552449251164,12.19876766204834,11.723117960177,11.760761761367856,58.74301395431045,0.7949678695396932
2010-09-27,12.19189919784206,12.343094772059551,12.07506583704486,12.205644607543944,11.769072878973851,11.778208147492409,58.84257619124155,3.49652600322168
2010-09-28,12.21938818481711,12.583632311453844,12.136917049807645,12.556142807006836,11.844031919738898,11.808715389041994,63.65649585491351,5.000010766311764
2010-09-29,12.597378360052684,12.899770789360913,12.556143445867018,12.63174057006836,11.919051791198847,11.840990886337146,64.61776231198681,3.549316783588265
2010-09-30,12.7348286399327,12.81729846065045,12.43930894222007,12.56301498413086,11.980381619097134,11.86930555683886,62.986738505316744,2.9279107173580647
2010-10-01,12.624868735343805,12.71421126476155,12.391202045070637,12.52865219116211,12.032597864055703,11.895162287596635,62.14214197650461,-0.2189415672254515
2010-10-04,12.50116232445436,12.576759443824669,12.185024507008944,12.315603256225586,12.059550758548072,11.911650168719339,57.0356553095905,-2.5027217119379346
2010-10-05,12.487415084483722,12.769189341925236,12.446180178984331,12.721081733703612,12.122553708562885,11.943392583032448,63.22886935816949,1.258191204678306
2010-10-06,12.679848282908216,12.831043827641327,12.418690792837925,12.617995262145996,12.169738618427942,11.96984759005651,60.828204970978376,0.713109994759936
2010-10-07,12.652355881669616,12.652355881669616,12.25374830389162,12.521777153015137,12.203266097912437,11.991491886643123,58.5920864245709,1.674086867692243
2010-10-08,12.51491306146054,12.666110002094245,12.466805420653415,12.62487506866455,12.243419333222162,12.016330442800827,60.27711904331668,-0.7562773909719323
2010-10-11,12.721082961546433,12.73482836831761,12.542396606023534,12.58363151550293,12.275820493439378,12.038577543691106,59.238585530650944,-0.27233919437390897
2010-10-12,12.569891814707155,12.74857692187428,12.480547950288996,12.679852485656738,12.314299730793412,12.063725580630935,60.92984971512496,1.2624033370817367
2010-10-13,12.755442306126744,13.030343825709116,12.748569604282954,12.851658821105955,12.365476787013653,12.094624923394662,63.81670150197145,1.7963247256544415
2010-10-14,12.79667845243472,12.886020954284202,12.556139132454648,12.638608932495115,12.391489372297603,12.115957629633895,58.08516030723107,0.43689627214889437
2010-10-15,12.741702895136664,12.941006078503973,12.70733937329104,12.906643867492676,12.440551705173323,12.146964933079337,62.632205825844835,1.7885963743859052
2010-10-18,12.87915584702506,12.968499712392456,12.7623224690455,12.961627006530762,12.490177924350222,12.17891246537155,63.5067796857217,0.8556730843508582
2010-10-19,12.74170467670053,12.769194187186327,12.43243949101964,12.569890975952148,12.497769643550406,12.194244955982555,53.83866140215515,-0.5437145567997306
2010-10-20,12.59050144556529,12.851658873355689,12.549266545168749,12.741698265075684,12.521000940838528,12.215713713201893,56.93520366698065,-1.2779898795567801
2010-10-21,12.824175316852324,12.858537534806052,12.542400934961062,12.734832763671877,12.541365876346466,12.236071323024246,56.77131725488028,-1.749735914670387
2010-10-22,12.776064345905558,12.824171962792452,12.68672050525769,12.782937049865724,12.564372654776871,12.257517037802344,57.69028106153295,1.694891978945252
2010-10-25,12.87915292583582,13.0097316859215,12.796683095870147,12.858534812927246,12.59238809841024,12.281086362317046,59.15963321068266,0.9169621303292455
2010-10-26,12.7623164047825,12.7623164047825,12.54926786764262,12.686717987060549,12.601371897329317,12.296993484856007,54.52492635851334,-0.3778202470674223
2010-10-27,12.58363412350041,12.7691932208666,12.501164287449487,12.666105270385742,12.607536980477548,12.311468456837565,53.978574488352706,-0.9139666339920642
2010-10-28,12.789808508110664,12.886023732513175,12.576758638599213,12.707337379455566,12.617041780380216,12.326992728312781,54.95098061767704,-1.1758527365005407
2010-10-29,12.686719715207486,12.8310438677148,12.556142280598689,12.56301498413086,12.61189637121361,12.336248503050745,50.89716427794406,-0.9750591370901173
2010-11-01,12.78980989750503,12.886025132359686,12.6111235250362,12.714211463928224,12.621640665757859,12.351070579947901,54.66999262626262,0.37980257163153347
2010-11-02,12.734828268390244,12.782935880877735,12.439308579299489,12.597376823425291,12.619329823630947,12.360729648319564,51.38445206671208,-0.8653312078425855
2010-11-03,12.56988805048766,12.817298830616489,12.404945782622836,12.776063919067385,12.63425688033918,12.377017266780264,55.76318002174619,1.6958424009335404
2010-11-04,12.927265418972828,13.057844228289468,12.851668264808294,13.002863883972168,12.669362309256607,12.401560271376026,60.61234918236366,2.270313191367674
2010-11-05,13.02347838832951,13.050967897437545,12.837919286221124,12.975369453430176,12.698505846796948,12.424062592240894,59.75716463040242,3.000566191701063
2010-11-08,12.858534059221396,13.126564267984964,12.741702025423882,13.044093132019045,12.731418921580005,12.44837751536945,61.22962980100972,2.0979013149084613
2010-11-09,13.050965408570642,13.229651771617265,12.961622882464429,13.037220001220703,12.760542833926738,12.471469377559695,60.9892805002763,0.2642196177327045
2010-11-10,13.044094453113326,13.085330680689772,12.714212497507962,12.913516998291016,12.775111801961431,12.488804578372688,56.67707937293261,-0.4766912831357477
2010-11-11,12.824176215723572,12.824176215723572,12.597382153162595,12.789813995361328,12.77651201085666,12.500608869234988,52.66686447911923,-1.9493814869624266
2010-11-12,12.68672681339164,12.803560217138182,12.52178576883797,12.62487506866455,12.762070397314554,12.505482053526343,47.80948682714145,-3.1628286744991922
2010-11-15,12.69378072975776,12.70756365181505,12.50082376419108,12.507715225219728,12.737846095210285,12.50556962888687,44.65875581014423,-3.1424574198105084
2010-11-16,12.404346962112951,12.41812988530749,12.004651390354676,12.025325775146484,12.669987017108971,12.486736536583326,34.55987743861104,-5.977320862462206
2010-11-17,11.8185832644942,12.197605682299017,11.8185832644942,12.018431663513184,12.607934126290324,12.468371639600184,34.44001171640286,-4.803559653881916
2010-11-18,12.176934289711234,12.252739054753432,12.087347915543852,12.218281745910645,12.570824375777974,12.45856419278883,40.84508829883142,-2.3140395675581846
2010-11-19,12.225174312253882,12.294087621754011,12.13558792999215,12.287196159362791,12.543812164690813,12.451843877752514,42.916132025162824,2.177657296881979
2010-11-22,12.259627836448391,12.604192963079388,12.232061995400324,12.40434455871582,12.530529535550338,12.449981159358918,46.35442842929886,3.2110087739170794
2010-11-23,12.232063503958608,12.335432791813924,12.14247713832715,12.22517204284668,12.501447869578561,12.441165115574124,42.170726641356254,0.05639333810861973
2010-11-24,12.300976652007549,12.52838960830566,12.273410807892969,12.507715225219728,12.502044760592005,12.443774923795521,49.856418438228715,1.79470615587839
2010-11-26,12.362998963274675,12.514607168511866,12.362998963274675,12.480151176452637,12.499959657340638,12.445201443507566,49.16986069756737,0.6111295714012672
2010-11-29,12.23895723703632,12.356109468862924,12.10113061803606,12.287196159362791,12.479696467057034,12.43900515785483,44.5454433070706,0.5073475964078862
2010-11-30,12.142474652547955,12.266516983933592,12.059778450545991,12.170039176940918,12.450205296569784,12.428457472328795,41.9647327706255,-2.6997420567902184
2010-12-01,12.404347528207404,12.590413056589384,12.259630771296056,12.431913375854492,12.448463208882613,12.428592997957253,49.06768141414864,-0.3865161560635491
2010-12-02,12.431908172189113,12.969428832195955,12.431908172189113,12.90051555633545,12.49151581340193,12.447099764952476,58.78774925852277,4.991532559731386
2010-12-03,12.87984683359307,13.03834650139149,12.783367689114677,12.914302825927734,12.531781243166293,12.465421453618173,59.035458717803905,6.11554028845695
2010-12-06,12.824716197609366,13.052129159885617,12.824716197609366,12.879846572875977,12.564930322186262,12.481673419079264,58.09566092955912,3.603091362359949
2010-12-07,13.052128291783903,13.07280135962652,12.783366580124262,12.845388412475586,12.59164061649953,12.49593675215363,57.116416407014604,-0.42732512215599255
2010-12-08,13.107259537479068,13.27954212451929,12.969432942082156,12.99699878692627,12.630246156540172,12.515586243713342,60.288098513441895,0.6403439822745094
2010-12-09,13.072798103668806,13.203733196511742,12.921189948132165,13.093472480773926,12.67436294932434,12.538248449088266,62.203730957684265,1.6586059988309947
2010-12-10,13.10036967690032,13.169282983018755,12.955651602610404,12.976325988769531,12.703121334033407,12.555427960448316,58.51270786469714,1.0193352827445628
2010-12-13,13.20374262295653,13.5689823260979,13.20374262295653,13.300220489501951,12.759987920268506,12.584635510607283,64.74210084407834,2.3330132405697666
2010-12-14,13.09347736324983,13.300215953746909,12.866064387938284,13.003890991210938,12.783216784167784,12.601076902003506,56.39848881349564,-0.6841690750450435
2010-12-15,12.990106459432583,12.996997920184034,12.81782388388152,12.845388412475586,12.78913789162567,12.61065774555143,52.501032230652186,-1.0090496833022407
2010-12-16,12.81782667889803,12.934978908395085,12.804043754389664,12.92119598388672,12.801714852793388,12.622835715682227,54.13359342732326,-2.8497610691070885
2010-12-17,12.92808632368644,13.114151845158538,12.852281559884048,13.086585998535156,12.828845438102128,12.641022001284302,57.560753195536975,0.6359251041100745
2010-12-20,13.10037004373915,13.16239188954129,12.97632635213487,13.038348197937012,12.848798081895927,12.656603420760879,56.24081339850569,1.5021716686590891
2010-12-21,13.086581859105452,13.265755862246998,13.003886974216428,13.258864402770996,12.887852017217362,12.680221498486766,60.67977459747329,2.613290745727891
2010-12-22,13.25197539289099,13.38980197906494,13.20373648205363,13.38980197906494,12.93565677548856,12.708048183999637,63.07497252312992,2.3169983413834885
2010-12-23,13.341566764081795,13.396697150941138,13.286436377222454,13.362239837646484,12.976283733789314,12.733702758652454,62.21584085918048,2.4841462644840266
2010-12-27,13.279545440320977,13.438045144515316,13.265762514457426,13.376023292541504,13.01435416795619,12.758891799197123,62.49098994484484,0.883626879433374
2010-12-28,13.41737092871285,13.438045317774732,13.26576268549557,13.327784538269045,13.044204679414557,12.781201318376414,60.82167094135447,-0.4631692155930285
2010-12-29,13.307110322024895,13.403589491154468,13.272654320886456,13.279545783996582,13.066618117946179,12.800744238596813,59.1208930495069,-0.6188637133792638
2010-12-30,13.26576152543728,13.355347908046978,13.19684821566948,13.334674835205078,13.092147329113693,12.821682693365766,60.48097353564657,-0.30912369418107816
2010-12-31,13.307105807904398,13.3691276404439,13.231302368231914,13.313997268676758,13.113275894786366,12.840989147299531,59.67894842830159,-0.10344757264569017
2011-01-03,13.389796333726649,13.438035224225771,13.18305654163031,13.224405288696287,13.123859646587311,12.85602507441313,56.201418629443964,-0.4152287751192932
2011-01-04,13.203735925793522,13.224410307172146,13.093475187264232,13.141714096069336,13.125560070347504,12.867228565458472,53.124477586454866,-1.4470599509956072
2011-01-05,13.107263462045612,13.17617678037804,13.04524160698765,13.079697608947754,13.12119221688086,12.875560684810994,50.8748648841429,-1.7597995177618833
2011-01-06,13.148606684499482,13.52073769476835,13.08658484945467,13.44493293762207,13.152024666475262,12.897889008450644,61.27529880822737,1.6675808409644066
2011-01-07,13.472499482566375,13.500065330892484,13.155500113288106,13.410477638244627,13.176639235215202,12.917990523344526,59.98509306757694,2.0451178606577503
2011-01-10,13.369128389836987,13.444933148170374,13.176172735041922,13.43804168701172,13.20153470681487,12.938384686625593,60.698043550323106,2.7396969622510636
2011-01-11,13.562087711395211,13.610326633461044,13.36223924636585,13.424261093139648,13.222746743607706,12.957438663351635,60.12130949691025,-0.15375193448958913
2011-01-12,13.56897625294743,13.796389204028705,13.38980221354828,13.734367370605469,13.271472517607492,12.987906455792961,67.58528795752906,2.4151990786454745
2011-01-13,13.699911389593789,13.76882469054425,13.630999403055217,13.679238319396973,13.310307355873157,13.01501750926763,65.24727709434936,1.7948793284245879
2011-01-14,13.679238209204136,13.727477125157304,13.575868915817075,13.65167236328125,13.342818308959641,13.039984366287772,64.05406329729506,1.694031936385818
2011-01-18,13.761929601623365,13.782603980782692,13.5207350834889,13.672343254089355,13.374201637067234,13.064782754044698,64.57719333628994,-0.451597913776927
2011-01-19,13.72058620470175,13.72058620470175,13.493173224518204,13.548303604125977,13.390782776787114,13.08374435600867,59.025966395478235,-0.9571784057986069
2011-01-20,13.438040987526351,13.472496977114284,13.224410960375325,13.355344772338867,13.387407728744424,13.094395352727503,51.595584048930604,-2.1706321618105324
2011-01-21,13.465609456505089,13.479391066380607,13.265760997571954,13.32089138031006,13.381072838417342,13.103277549887604,50.37618640659187,-2.5705313803775147
2011-01-24,13.286435980329442,13.631001216510484,13.258870130517169,13.53452205657959,13.39568704967089,13.120189099169643,57.140130042239555,-0.10172157304025657
2011-01-25,14.230542424139408,14.692259842348069,14.1271731275519,14.616455078125,13.511950671428425,13.178866196383579,75.41613940399179,9.442738673419358
2011-01-26,14.71293577304517,15.140195927667673,14.60956646559857,15.009262084960938,13.654551758431522,13.250646427308181,78.92912678777176,12.674607550261237
2011-01-27,15.023044119104233,15.319370439377767,14.9058918835173,15.27113151550293,13.808511735295465,13.329881136649153,80.88970494180847,12.830962568634739
2011-01-28,15.188433208503447,15.333149947880385,14.843868041135348,15.023040771484377,13.924181167313456,13.396279553701515,73.8764727419126,2.781698374784959
2011-01-31,15.04371594491795,15.360716599041874,15.02304156060165,15.305584907531738,14.055743428286625,13.471154273459563,76.38737421482921,1.974266428911998
2011-02-01,15.388282331684913,15.877565616738726,15.3400434122596,15.636369705200195,14.206279264183156,13.556064682547431,78.93954394675802,2.391690421410382
2011-02-02,15.574346123509168,15.84999799975294,15.519215748260413,15.705281257629396,14.349041358797084,13.640347685491822,79.43815121561535,4.54129424610228
2011-02-03,15.650143907997704,15.650143907997704,15.305578858704108,15.553666114807127,14.463767526036136,13.71537978075909,75.21873756768602,1.6208541442497264
2011-02-04,15.72595976508214,16.146329843230735,15.470982184286514,16.104982376098633,14.620073702232565,13.80908968645868,79.48573061885074,2.9969403367495895
2011-02-07,15.677717162648753,15.884455764303508,15.5398905519376,15.636369705200195,14.716863797753291,13.880747726409329,68.66338010273785,-0.4387794863318654
2011-02-08,15.670821283568138,15.815539315464656,15.477864345843315,15.5812349319458,14.799184858152577,13.947433499175466,67.49891766718544,0.17724963963594456
2011-02-09,15.55367188851217,15.712171554565431,15.491650051463182,15.71217155456543,14.886135972096659,14.016638913112327,68.84999035580954,-2.439063963933129
2011-02-10,15.546783447939209,15.553674910551628,15.222892591628092,15.27113151550293,14.922802214325827,14.065834701441371,59.828278274917835,-2.335824725196912
2011-02-11,15.181540724129094,15.43651819472436,14.974800848996264,15.408953666687012,14.96910235264594,14.118506033411789,61.52492058773837,-1.1056971158657345
2011-02-14,15.464087178127665,15.491651711763724,15.271130185027326,15.326260566711426,15.003117420652178,14.165868956286285,59.890504048756924,-2.4561276365511113
2011-02-15,15.278019473575272,15.278019473575272,15.036823595115576,15.05749797821045,15.008296521372014,14.200834800283312,54.79554000552929,-1.398937184684738
2011-02-16,15.174654337580222,15.601914523113194,15.160871411746989,15.35382843017578,15.041204322210467,14.246050236749683,58.94282925155611,-0.3577480840273329
2011-02-17,15.38139136007674,15.994717037029435,15.360718287899378,15.822434425354004,15.115607189176519,14.307869224538088,64.49086635620074,3.237409780962916
2011-02-18,15.877563421936124,16.11875798572164,15.719062447204768,16.00849723815918,15.200644336698677,14.374560519189895,66.4305503600827,6.315785406877768
2011-02-22,15.629477876139957,15.794869016461677,15.47786834503609,15.574347496032717,15.23623511377811,14.421610988870006,58.41262060311424,1.4362480788409626
2011-02-23,15.53299822968666,15.60191021098229,15.33314980357632,15.422736167907717,15.25399711893331,14.460870799812662,55.876329744002376,-2.526148926904746
2011-02-24,15.422736793116028,15.740447238511075,15.402016117104951,15.7197265625,15.2983523040349,14.510237692467069,59.57884236485553,-1.803858734290449
2011-02-25,15.830234834647545,15.830234834647545,15.44345808841559,15.609219551086426,15.327958708515997,14.553335020256064,57.64069739764413,0.22390700517368184
2011-02-28,15.747360818279509,15.975283100845072,15.73354834460555,15.926936149597168,15.385004179095155,14.607201731210617,61.51683944292339,3.2691992925263937
2011-03-01,15.954563475885942,16.037443586023507,15.2017290024658,15.215542793273926,15.368864999493134,14.631058243448395,50.39675594548859,-3.2073316747685903
2011-03-02,15.194819087296066,15.623037295756212,15.194819087296066,15.415834426879885,15.373338278291872,14.661833780053552,52.97419249380211,-1.2389160366001855
2011-03-03,15.657566580971666,15.88548875828768,15.553965830801662,15.781888008117676,15.41224777637052,14.705757475271753,57.33727138261496,-0.9107096312630149
2011-03-04,15.79570233580334,15.954556912682222,15.616127081236105,15.830235481262209,15.452056129217349,14.74985465197726,57.892952195458356,4.03989983360968
2011-03-07,15.788802906358775,15.968378245808442,15.47799918089672,15.602320671081545,15.46636703796632,14.783284691942136,54.3022603924921,1.2097058066249897
2011-03-08,15.678289797496838,15.78189056444796,15.436553796374069,15.671382904052734,15.485892358545978,14.818112072809217,55.208822711410235,-0.7002020544569907
2011-03-09,15.574694166077371,15.574694166077371,14.953087989472351,15.312238693237305,15.469353914230867,14.83748958733581,49.688416462393086,-3.272198879404175
2011-03-10,15.084310201632588,15.153377819024168,14.683719601587711,14.725159645080566,15.398478269549885,14.833084491561095,42.251147966843156,-5.621990756969706
2011-03-11,14.635374943140818,14.787322671174216,14.58012110409636,14.718255043029783,15.3336951051194,14.828581375932417,42.17120117692523,-6.0819639648806305
2011-03-14,14.635371111752129,14.904733341908178,14.607743540784792,14.794225692749023,15.28231706584603,14.827234094238952,43.43934587856597,-3.382999774664323
2011-03-15,14.248590913498568,14.656088303470066,13.868721090405426,14.566301345825195,15.214125092510713,14.817001437438412,40.565206079996024,-1.0788222544564605
2011-03-16,14.448884664423332,14.690620569103888,13.97231974575077,14.179522514343262,15.115591513637623,14.7920022639837,36.18935875683403,-3.6603016261880352
2011-03-17,14.428169713583506,14.517958010783897,14.179528136974842,14.303848266601562,15.038282632967523,14.772858969968715,38.48636893579363,-3.3146542193675317
2011-03-18,14.53177314106668,14.607746341080684,14.21406260081288,14.331477165222168,14.970967826515585,14.755549879586498,39.01178445670611,-1.6121057434413824
2011-03-21,14.607741673183002,14.607741673183002,14.331472585606155,14.34528636932373,14.911379116306836,14.739461114478155,39.29089428451899,1.16903693204613
2011-03-22,14.393632509775658,14.48341946433196,14.290031772255356,14.366004943847656,14.859438718929772,14.72481577445343,39.73650886878723,0.4345451383962527
2011-03-23,14.3245668065482,14.504142056762143,14.117365304107894,14.400541305541992,14.815734203369031,14.712099128613767,40.52025614727869,0.4819052462185853
2011-03-24,14.531773581196042,14.801135871146954,14.359105176385375,14.745882034301758,14.809081615838814,14.71342394844467,47.82699389103766,2.7925246988074757
2011-03-25,14.75969043193662,14.842570498255125,14.656088373006131,14.821849822998049,14.810297635568265,14.717675943525194,49.302388843875534,3.1730803444113476
2011-03-28,14.890923193324229,14.925457665467958,14.732068573529313,14.814949989318848,14.810740716877845,14.72149061198769,49.166393323082104,2.8777299060096575
2011-03-29,14.738969877843786,14.80113058677112,14.517954609371008,14.58011531829834,14.788776393203607,14.715946482823401,44.65193919610138,-1.1241559888910864
2011-03-30,14.66299469079941,14.66299469079941,14.359099369720507,14.366004943847656,14.748512445645897,14.70222328521651,40.95920077691909,-3.0754924965107198
2011-03-31,14.421264596290431,14.517959798827231,14.234783720205607,14.24859619140625,14.700901373813549,14.68443398742003,39.0519894003863,-3.822853255130273
2011-04-01,14.490330693491236,14.490330693491236,14.144993920143849,14.234782218933104,14.656509073348746,14.666800584734268,38.82293506478843,-2.3685210427096974
2011-04-04,14.30385159884556,14.331479178991138,14.186438335293449,14.214064598083496,14.614371504275864,14.649046232316591,38.458605126385905,-1.0576381280533367
2011-04-05,14.241684963920148,14.29003188732862,14.06901662754425,14.089735984802246,14.564406216706947,14.62711249711995,36.25950855878514,-1.1149183012135413
2011-04-06,14.227872530415253,14.227872530415253,14.075923536884382,14.082830429077148,14.518541855980299,14.605768102294743,36.1359132363598,-1.067468314716121
2011-04-07,14.082833781322847,14.29694353819982,13.93088606897768,13.95160675048828,14.46454803640963,14.580114715949392,33.779600719017424,-1.8464658422236537
2011-04-08,13.930879509916148,13.951600181670855,13.488849051319816,13.523382186889648,14.374913193598204,14.538674224613716,27.481868818382793,-4.019619661599689
2011-04-11,13.481946150384507,13.702961445086704,13.481946150384507,13.53719997406006,14.29513098221362,14.499400724592006,27.948660729238306,-3.8744374418548144
2011-04-12,13.468131367193047,13.495758935661266,13.164234700817504,13.247116088867188,14.195320039990149,14.450291523191032,24.398060267344118,-5.049530668547809
2011-04-13,13.371442611829035,13.481950293137087,13.20568108986696,13.35762882232666,14.115539924022197,14.407442005510076,28.14331516997514,-1.2256798060745426
2011-04-14,13.24021595152348,13.578645933786468,13.164241416830851,13.551019668579102,14.061776090170474,14.373856815826509,34.278972072260345,0.10208680189051242
2011-04-15,13.640800663355964,13.696054486766496,13.585546839945437,13.654614448547363,14.022998790968273,14.345651232795955,37.36430769535427,3.0761288490755767
2011-04-18,13.468130493964155,13.502663634955445,13.343809078627704,13.461223602294922,13.969496392047002,14.31096779630572,34.141981420482374,0.7755476765090809
2011-04-19,13.447415237460913,13.765125795489636,13.364535138744143,13.599364280700684,13.934245714775924,14.283061776085916,38.239259331860396,0.35675995832017876
2011-04-20,13.841094080769238,14.179523852314157,13.806559624067823,14.13808250427246,13.953658742347024,14.277376314446173,51.03340832435244,3.540693569539265
2011-04-21,14.24859188963856,14.262405674024093,13.972322788702874,14.082830429077148,13.965960807749893,14.269747064039544,49.8918448051673,4.617758720509276
2011-04-25,14.144997938333107,14.241693158140288,13.993050189144132,13.999957084655762,13.969198548407595,14.259167064848024,48.151998910813724,2.945673015933347
2011-04-26,14.138084565352363,14.39363431277812,14.027576922507446,14.227872848510742,13.993834196036467,14.257939840677935,53.00567528214145,0.6350956306214002
2011-04-27,15.1395645492632,15.229351532790838,14.269315702052973,14.559398651123049,14.047697477473283,14.269761754813038,59.0157931214489,3.3840372107436494
2011-04-28,14.517957873127344,14.587025489390784,14.379822640600464,14.531771659851074,14.093799780556882,14.280036653049823,58.34613886471198,3.7986871815356644
2011-04-29,14.455792045539525,14.53176652833642,14.359098207328744,14.462698936462402,14.128933033500266,14.287199879850316,56.616393175709845,1.6504651851470533
2011-05-02,14.55939416750663,14.60774109123716,14.310751339915486,14.33837890625,14.148880259476432,14.289206900493442,53.5398266727914,-1.5180554511157653
2011-05-03,14.303848519718388,14.338382987466272,14.055206938709834,14.234782218933104,14.157061398472305,14.287072599255781,51.05032695593379,-2.0437249350573277
2011-05-04,14.193338069451425,14.227872530415253,13.9239758607085,14.082830429077148,14.149991782339432,14.279063102386031,47.557337399627805,-2.6265395487667553
2011-05-05,14.020674254286568,14.13118193042506,13.820379585293828,13.889447212219238,14.125178013756557,14.263784047869686,43.47992028042796,-3.1309794291673763
2011-05-06,14.034485630964342,14.2900354114591,13.94469865354224,14.020671844482422,14.115225045254258,14.254250235972147,46.81234047589695,-1.5041352312780896
2011-05-09,14.220968697866764,14.524865432956958,14.193341123151624,14.386730194091797,14.14108267847688,14.259445528447428,54.815572570738766,2.157945212399771
2011-05-10,14.366004348951144,14.476511973377322,14.1864304472747,14.469606399536133,14.172370651911095,14.26768713123522,56.414613774879044,4.176978237164828
2011-05-11,14.441980220636896,14.600834781324217,14.234778734292991,14.34528636932373,14.188838815474202,14.270730238611241,53.36381426838428,2.3152565614682343
2011-05-12,14.3452857071789,14.600834107383868,14.19333672800905,14.538673400878906,14.222156395036555,14.28123781360213,57.23775906588754,1.0561344011963743
2011-05-13,14.545583486855566,14.545583486855566,14.18643426938585,14.31766128540039,14.231252098880729,14.2826661850452,51.92876969581783,-1.0500984611482815
2011-05-16,14.234778025348742,14.51795399068117,14.17261731907042,14.20715045928955,14.22895670463395,14.279704784035175,49.4585041666593,-0.9629358834520898
2011-05-17,14.158801698856935,14.158801698856935,13.792744400199776,14.006854057312012,14.20780407155567,14.269004755536228,45.256384055351226,-3.657963343029251
2011-05-18,14.027580261230469,14.165715506341876,13.937793274056784,14.027580261230469,14.190639899143745,14.259537128308551,45.76983588465412,-2.0260363643726875
2011-05-19,14.034481259090429,14.075921288272037,13.778932875556595,13.972320556640623,14.169847580810114,14.248273733341183,44.56956816269542,-1.6528993855722887
2011-05-20,13.944697862421773,13.965417223613995,13.620080485289026,13.778936386108398,14.132617943219474,14.229868347175191,40.56087232670462,-1.6271867349444766
2011-05-23,13.599362079226408,13.620081441873824,13.40597301793421,13.454319953918455,14.068018134714615,14.199454684694535,34.88831453281955,-4.086665673169553
2011-05-24,13.55101376814765,13.61317316713746,13.468132373902789,13.502665519714355,14.014175028524114,14.172129619401195,36.316772734863555,-3.3613245203070785
2011-05-25,13.488849051319816,13.633889801538732,13.34380698374622,13.523382186889648,13.967432853130356,14.14668854361643,36.955046295245786,-1.8546729011420198
2011-05-26,13.502612550489635,13.703421268523124,13.419518969058757,13.661873817443848,13.938331992588784,14.127676201413584,41.197944582751205,1.5426559219363898
2011-05-27,13.70341858815609,13.793435406432032,13.53030820470224,13.758813858032228,13.921235027392921,14.11321101147706,44.037023395907795,1.8970205397140847
2011-05-31,13.925004584250004,14.0496443156605,13.772666547758115,13.952701568603516,13.924231840841548,14.106916523521235,49.308715164509174,3.174645039094394
2011-06-01,13.952705162967472,13.952705162967472,13.58571177119284,13.65495491027832,13.898586418883145,14.089192538688181,42.6624681614854,-0.0506439106229564
2011-06-02,13.682650806951628,13.738046100877424,13.43337132392155,13.481842041015623,13.858896478133857,14.065374872112788,39.342161828957614,-2.0130501064589397
2011-06-03,13.253336551333982,13.377976295321,13.128696807346966,13.177168846130373,13.793970036990668,14.030543263250733,34.284806637113746,-5.558297930045698
2011-06-06,13.121770962911723,13.239486106711045,13.03175280079755,13.05945110321045,13.724015852821124,13.992461217758958,32.54408371784486,-4.361082193099189
2011-06-07,13.1079252077825,13.246412793543907,13.066379064126885,13.08022689819336,13.662702619047051,13.956687322874034,33.18881321072526,-2.9789337510440754
2011-06-08,12.948658724871414,12.990204851955118,12.78247157508146,12.920960426330566,13.592060505455006,13.916070581833115,30.7615488368179,-1.944335864490687
2011-06-09,12.927884687896508,13.059448961324364,12.837867861273788,12.955581665039062,13.53144347303444,13.878404349801976,31.927023998559203,-0.7953583757119175
2011-06-10,12.914041468162935,12.914041468162935,12.637064965931971,12.720158576965332,13.454178244837381,13.832982946945638,28.42336160702214,-2.7527681593792535
2011-06-13,12.782470516621276,12.824017960992188,12.59551229986201,12.657832145690918,13.378335759204385,13.786898601798395,27.56104377816602,-2.0364452173651184
2011-06-14,12.81017033662283,12.976356171691704,12.81017033662283,12.830944061279297,13.326203216544853,13.749410188444704,33.58774341513087,-0.9620378843823206
2011-06-15,12.692456719415,12.747852004380734,12.38085741602788,12.450101852416992,13.24276499138982,13.698456920365187,28.05734167056051,-2.1230609894862464
2011-06-16,12.436250264736053,12.512419261915367,12.228518316991112,12.429327011108398,13.165294707553494,13.648687120002176,27.788548003749142,-1.8052469961083273
2011-06-17,12.547041893221708,12.602437166273852,12.297762504123318,12.325459480285645,13.08531040019465,13.596795840013293,26.425466126919915,-3.939574349163311
2011-06-20,12.256219277762264,12.484724998228376,12.17312568817104,12.40855598449707,13.020857598699642,13.5501981986205,29.408750067776865,-0.33369902039682026
2011-06-21,12.457023188497011,12.457023188497011,12.180046835700102,12.228517532348633,12.945396639999545,13.498367584256897,26.866889840958173,-1.6156102303873507
2011-06-22,12.221595607934509,12.353159899307402,12.200823202426172,12.27699089050293,12.881738949571297,13.450470459011644,28.654867021695555,-0.39323961804620344
2011-06-23,12.117731812000407,12.332388405723444,11.95847051087454,12.318540573120115,12.828101008956898,13.406081051721781,30.22946350488742,-0.7254301909861054
2011-06-24,12.325463739948782,12.353162046411096,12.117731724393218,12.152353286743164,12.76374408303178,13.356915257016738,27.605182609561034,-0.6228412021652513
2011-06-27,12.159275793072164,12.159275793072164,11.90999768099416,12.02771282196045,12.693645867691654,13.304789671328257,25.79640562557025,-2.0304492425364074
2011-06-28,12.069261008812116,12.214673155555422,11.979242833537548,12.152353286743164,12.642094193315607,13.259596087619038,30.687338028354027,-1.3490825913224103
2011-06-29,12.200822514528328,12.353159202820622,12.11772893499676,12.235444068908691,12.603365610038757,13.219433263355887,33.81902502739194,0.6837423189150528
2011-06-30,12.304687599015365,12.574739401480798,12.256216898134648,12.567814826965332,12.599979821174621,13.193879599183708,44.6014992048414,4.4904797196251085
2011-07-01,12.692456201607484,12.948660209576644,12.574741060766687,12.83786964416504,12.622635994792756,13.179918424477094,51.51372464018269,5.641017350686283
2011-07-05,12.94173362214156,12.962506024472,12.637058954262487,12.67860507965088,12.627966383826863,13.160259077621165,47.73126147484589,3.621944640883932
2011-07-06,12.671681665385773,12.76862439447044,12.595513981988518,12.630135536193848,12.628172969766576,13.13946991913382,46.6096005510876,0.49587545716222015
2011-07-07,12.830948456016168,12.87941917608871,12.505499928566696,12.595518112182615,12.625062983330007,13.118138475723969,45.78210636748629,-1.8877862036290187
2011-07-08,12.4362474811292,12.498567315649128,12.263137123179892,12.36700439453125,12.600485974872983,13.088682237245823,40.65150356724619,-2.4576890214819356
2011-07-11,12.21467296630431,12.21467296630431,11.909999524307077,11.944621086120604,12.53802265213466,13.043817094064442,33.23711840282448,-5.427609609641822
2011-07-12,11.90999901054298,11.90999901054298,11.681493278538191,11.695341110229492,12.457767267191311,12.99093568293366,29.78446015899814,-7.146804076939524
2011-07-13,11.819982872948612,11.97232093429768,11.674570709727876,11.709192276000977,12.38647441088747,12.940671235602967,30.21822649845435,-5.31909019795579
2011-07-14,11.76458420765728,11.76458420765728,11.432212511933322,11.46683406829834,12.298889616355172,12.882873699630236,27.067395135664054,-4.000018203820984
2011-07-15,11.515305519284924,11.591474533081056,11.425288674484973,11.591474533081056,12.231516751281447,12.83223059505968,31.049213307699265,-0.8881021611040262
2011-07-18,11.4945355137979,11.501460091110362,11.328349620483069,11.425291061401367,12.154733352245248,12.777056495700531,28.792133104918403,-2.4246011843318174
2011-07-19,11.480684899254552,11.674569077164332,11.432214184959085,11.667644500732422,12.108343937815455,12.733550142956684,36.08872287390252,1.7512282050827825
2011-07-20,11.7645850214822,11.861526442592428,11.64686987267929,11.674568176269531,12.067031960525368,12.692021438380717,36.28957418216463,0.7168513630542239
2011-07-21,11.785359276621474,11.854603717968264,11.667644122550294,11.771510124206545,12.0388870237331,12.655922955471926,39.172014480038975,3.03028658915156
2011-07-22,11.757658655086834,11.875373785963667,11.68149097326837,11.868449211120604,12.022654851103338,12.62504163216403,41.99796721255649,1.7210389841375142
2011-07-25,11.750738403025885,11.819982856202076,11.70226768202098,11.785361289978027,12.000055464329499,12.592112991293991,40.2710250395079,0.9490125205119039
2011-07-26,11.833829769175033,12.013864785035944,11.77150990519518,11.972318649291992,11.997413862897355,12.567807330823324,45.68321393053532,1.705885846137204
2011-07-27,11.369893994024752,11.39066772272892,11.030597682890546,11.106766700744627,11.912590323644714,12.510511619839846,31.467123328069345,-6.417708807838927
2011-07-28,11.072140748561878,11.272949441488208,11.051367685983337,11.079065322875977,11.833206990238168,12.454376470939303,31.133204982391476,-5.992993763395841
2011-07-29,10.98212620785584,11.11368985327689,10.843637986264229,11.016748428344728,11.755449031962602,12.397998900641477,30.352885699631475,-7.981496725396409
2011-08-01,11.12753958963712,11.182934881181138,10.663603527682994,10.82286548614502,11.666631551408546,12.336228962818087,28.001378053241407,-2.556110362708655
2011-08-02,10.698225680732854,10.864411554289086,10.462795363012878,10.476644515991213,11.553299452797372,12.263304082550366,24.37051719993112,-5.437469581850823
2011-08-03,10.469719505165155,10.677452168674623,10.379701995632251,10.649754524230955,11.467247554838666,12.200027629282939,29.306388856894564,-3.3312361310669782
2011-08-04,10.49049308363042,10.49049308363042,10.0057839521096,10.03348159790039,11.33069841608264,12.115065039816956,23.441133425264145,-7.293668107167785
2011-08-05,10.19274286172191,10.28968428520006,9.555696391591546,9.915765762329102,11.19594292524897,12.028818009327237,22.514242877376564,-5.353610622236957
2011-08-08,9.514146553369816,9.742652207594055,9.2717924118042,9.2717924118042,11.012690495397086,11.920699358443981,18.260428775533985,-12.938909617977904
2011-08-09,9.410283696740777,9.957312664951326,9.24409783154454,9.929615020751951,10.909540450192788,11.84261761971096,32.32630076157723,-1.0351997572824017
2011-08-10,9.69418467455466,9.70803382677871,9.10560891231113,9.140231132507324,10.74103480088941,11.736641679036309,26.445347487819944,-7.821227814478072
2011-08-11,9.37566062277246,9.985009400043047,9.361812132115602,9.860369682312012,10.657161932453468,11.663062385047121,37.59853470973268,6.348041935866435
2011-08-12,9.998859488449666,10.123499226097284,9.791127472855598,9.971161842346191,10.591828590538489,11.596713344156889,39.127809151018965,0.41841321649843577
2011-08-15,10.109649027007505,10.79516614764575,10.088875300662933,10.77439308166504,10.609215684931494,11.564465490725837,48.90445574317323,17.878781460414093
2011-08-16,10.552812740423423,10.732847764640224,10.379702292606648,10.497417449951172,10.598568233980986,11.522620469518987,46.15183958783101,6.460688474813738
2011-08-17,10.53896243407983,10.552810924132393,10.379700506110414,10.43509578704834,10.58299942951121,11.479972442755432,45.53084884488878,4.6527571414183955
2011-08-18,10.123499226097284,10.3173827488216,9.832673611828822,9.971161842346191,10.524729183114541,11.420803399602129,41.097671304158204,-7.45500218184652
2011-08-19,9.867295050590023,10.275835793430575,9.804975186717543,9.915765762329102,10.46673266684926,11.3617823157875,40.58947629840506,-5.540902706739321
2011-08-22,10.41432334299766,10.41432334299766,9.749579271727006,9.804974555969238,10.403708084860687,11.300731031088747,39.53649115836068,-6.038480565374254
2011-08-23,9.846518877571896,10.10272216796875,9.7841990333525,10.10272216796875,10.375042759442408,11.253750291358552,43.75917129163952,1.3194081863543672
2011-08-24,10.01963419490654,10.033482689126094,9.742657046511074,10.012709617614746,10.340534841173106,11.205082029643108,42.78633582108502,0.9776739145446848
2011-08-25,10.08195504803444,10.123501195088268,9.69418726680215,9.708036422729492,10.28029689655943,11.146374358783751,39.57895522612372,-0.9886627720082196
2011-08-26,9.666485087474594,10.026554388193675,9.431054829899454,9.95038604736328,10.248876815683605,11.099472856375105,43.22478965456127,-1.5078720177860654
2011-08-29,10.11715442126879,10.51322411676434,10.11715442126879,10.485429763793944,10.27140566788459,11.075392735097413,50.3480184866852,4.721200995858003
2011-08-30,10.436789083335375,10.464583434365888,10.186639261391186,10.31171417236328,10.275244573073037,11.045444556166663,48.23214855298694,6.218330085993419
2011-08-31,10.41594458165471,10.58965947059226,10.332561514485052,10.44373893737793,10.291291655387788,11.021848257390634,49.95354610889762,4.95812813358515
2011-09-01,10.471530131805524,10.617450620967285,10.221381005815152,10.242226600646973,10.28661879303152,10.99127485908696,47.36469708009667,-2.319439151523844
2011-09-02,10.07546039269634,10.089357897526249,9.72108197156772,9.811413764953612,10.241361171309814,10.945005796571927,42.31561181886977,-4.851767601845845
2011-09-06,9.533473063260452,9.783622258808448,9.44314124364514,9.75582790374756,10.195119907732456,10.898371369402344,41.697974838436075,-6.586827167503678
2011-09-07,9.95038536182635,10.096305847167969,9.832259223089348,10.096305847167969,10.185709044821552,10.8669178195108,46.81837172038927,-1.4246975698603124
2011-09-08,9.922595030633373,10.270024835121498,9.867006314928853,9.97818374633789,10.16594473068025,10.832065502915784,45.33092496910512,1.699754850620833
2011-09-09,9.860055597392387,9.908696210955426,9.373654100449436,9.43619155883789,10.096444428600025,10.777325348246062,39.180052982925815,-3.2763630935605788
2011-09-12,9.318062257919008,9.40839403820839,9.109604354379622,9.387548446655272,10.028930525557668,10.722824293281718,38.67287363404134,-7.019967612327282
2011-09-13,9.42924330353456,9.582112580712836,9.352808996280253,9.519575119018556,9.980420486839657,10.67563805115375,40.90873483051629,-4.596113270490222
2011-09-14,9.561266413296536,9.672443821853763,9.33196284247984,9.533472061157228,9.937853970107998,10.630847228016632,41.15193655756051,1.0309297104956001
2011-09-15,9.679391188925043,9.72803113253346,9.44313889825068,9.672442436218262,9.912576681166119,10.59326272637748,43.64956759597279,3.034807129698448
2011-09-16,9.69329003985194,9.86005616334689,9.589061378335012,9.686341285705566,9.89103045302702,10.557697179684464,43.905988785004986,1.7518236329039347
2011-09-19,9.547367743334442,9.554316496190545,9.20688680541998,9.29026985168457,9.833815157661071,10.50799414721388,38.52590696410642,-2.5510350050067356
2011-09-20,9.373654065089807,9.463985875457974,9.325014114379885,9.325014114379885,9.785357915443816,10.461602773377253,39.2293889552365,-3.5919399275765027
2011-09-21,9.3111162848064,9.43619119678436,8.935892211542132,8.956738471984863,9.706441777971534,10.40258848704814,34.69699827631934,-7.532284814261093
2011-09-22,8.650999943964438,8.789971700209607,8.26882711728802,8.428645133972168,9.584746859495404,10.32517894379026,29.443715453652835,-9.274485364450067
2011-09-23,8.366109499780412,8.720488052376506,8.338315142478939,8.58151626586914,9.489201088673855,10.256800015244334,32.623843358596666,-7.9731552080357
2011-09-26,8.685744261647423,8.685744261647423,8.317468890501088,8.574566841125488,9.402093065097821,10.190830086847516,32.552015185181375,-4.266861559648549
2011-09-27,8.741331628577704,9.144350047370413,8.692691680241563,8.880303382873535,9.35239880964789,10.139436882770106,38.92318601174476,5.358610330869562
2011-09-28,8.887253816709151,9.012328750560089,8.664898967791679,8.67879581451416,9.288246143444677,10.082156840877715,36.47748240154501,1.1335939434377684
2011-09-29,8.89420230486244,8.991482217013674,8.581515642275455,8.796921730041504,9.241453342168185,10.031755463982178,38.90111742122571,2.593190921896523
2011-09-30,8.637104402287955,8.810819289460795,8.581515691406223,8.58846378326416,9.179263860367803,9.97515579022853,36.27110242788106,-3.2863696996232576
2011-10-03,8.505080646794797,8.505080646794797,8.185445230526216,8.254931449890137,9.091232202227072,9.907696012176045,32.486632857703384,-4.883907556796823
2011-10-04,8.088167278069074,8.296624661322564,7.997835436079959,8.268830299377441,9.012908211479488,9.843426768536885,32.80128509424871,-6.00313890324418
2011-10-05,8.303568164698838,8.796918274137434,8.261876979489626,8.755227088928223,8.988367152188891,9.80075227129733,42.841016272288144,1.9417128589285602
2011-10-06,8.998429081095916,9.387550635962624,8.96368597862521,9.38060188293457,9.025722840831337,9.784275785479183,52.63861908854747,13.636338955418157
2011-10-07,9.526521960518496,9.540418803288487,9.172143523844989,9.311115264892578,9.052903071694312,9.765720470946375,51.580662774902414,12.604986772961228
2011-10-10,9.55431995031169,9.707189255064216,9.408399400927411,9.540422439575195,9.099333487682967,9.756885254029859,54.80856610910689,8.96830365074052
2011-10-11,9.498729519343684,9.693289995871703,9.44314081176425,9.519575119018556,9.139356500191118,9.747578974225494,54.45314604517259,1.4814959404343744
2011-10-12,9.700235191614452,9.728029535208268,9.41534300411046,9.42229175567627,9.166302714999228,9.73482261271376,52.73459616876978,1.194019058091577
2011-10-13,9.37365115738502,9.463982939732285,9.09570772144684,9.42229175567627,9.190682623635137,9.722566500673075,52.73459616876978,-1.238212297695549
2011-10-14,9.623807047034829,9.679395769657148,9.373657132564531,9.52652645111084,9.222667750061394,9.714878655592203,54.51828498323078,0.07302145322006813
2011-10-17,9.519572995261443,9.58211044300401,9.040120333684296,9.07486343383789,9.208591148516298,9.689780019444976,46.35509179516175,-3.687301676145591
2011-10-18,9.130454058496433,9.498729407542973,9.08181344293468,9.45008945465088,9.231590987195782,9.68038038945305,52.692491056348345,0.2950205713791975
2011-10-19,9.394500578344548,9.415346177398224,9.165196338075544,9.20688819885254,9.229238340686901,9.661812068253031,48.67849233360491,-3.3552444734043396
2011-10-20,9.255526884741224,9.283321233900493,9.012326495264997,9.158246994018556,9.222477260051821,9.642064418283052,47.89267645254513,0.9188409367104021
2011-10-21,9.345858849016862,9.554316802700606,9.311115746291309,9.547368049621582,9.253419240010846,9.638350835198288,54.25469976221915,1.029393377041796
2011-10-24,9.658547089400193,9.992080004502432,9.602958380661434,9.929542541503906,9.317811935391138,9.649770117798509,59.48657200376467,7.8490617789996655
2011-10-25,9.915644900074923,9.915644900074923,9.51957455375276,9.533472061157228,9.338350994987909,9.64520940969493,52.7528932536018,4.097127620424948
2011-10-26,10.005972935266808,10.381196903772578,9.380599875313663,9.818361282348633,9.384066260450835,9.651999679210762,56.56174482605282,2.838407729948065
2011-10-27,10.693885621504554,10.853702953720587,10.28391849949714,10.714731216430664,9.510796256258438,9.693675425768406,65.88150340622545,7.9076017011337045
2011-10-28,10.735578891963788,10.756424490929875,10.402046657827814,10.638298988342283,9.618177468837851,9.730719487045814,64.60859685443069,11.588925001275397
2011-10-31,10.40899532004313,10.42289282856266,9.929542541503906,9.929542541503906,9.647831285282237,9.738516469573582,54.158812269554815,1.1323810151002913
2011-11-01,9.679394240954698,9.790571668640682,9.526524946551602,9.651599884033203,9.648190199448996,9.735107976022979,50.695965355801384,-9.922146537536904
2011-11-02,9.811418530832684,9.929544728588482,9.665497972585513,9.700241088867188,9.653147427012632,9.733740647114908,51.28301972328108,-8.817743330047815
2011-11-03,9.832263201946088,10.012926859320656,9.63770269698027,9.97818374633789,9.684103266948371,9.743326651006006,54.60886806607332,0.48986350207647417
2011-11-04,9.873954527583937,10.158846845585042,9.811417060184722,10.10325813293457,9.724022777994676,9.757441611081637,56.06250268150863,4.679620522277894
2011-11-07,10.124099903200795,10.304763482280338,10.019871272092317,10.256123542785645,9.774699041308102,9.776997765266108,57.83961288300922,5.730604516174701
2011-11-08,10.31866503202903,10.388150592453862,10.16579573882282,10.34645938873291,9.829152407729513,9.799329593637355,58.897603373172124,3.690808385145052
2011-11-09,10.033772840308457,10.207487749101446,9.839212328007848,9.880904197692873,9.834081149630785,9.802528597717963,51.697445789080845,-2.200814156344959
2011-11-10,10.158843785728942,10.2213812342918,9.922591496789044,10.124100685119627,9.861702057772579,9.815139267812146,54.80558160728606,-1.2872588470220294
2011-11-11,10.471532368355556,10.707784702474232,10.422892415802767,10.55491542816162,9.927722378762011,9.844150097629774,59.74694385645253,2.014757238168969
2011-11-14,10.879628788370916,10.879628788370916,10.579356405693916,10.712035179138184,10.002418835940695,9.878184806708536,61.40433614909823,8.411487094869056
2011-11-15,10.698068637513286,10.998341018098012,10.67013636950246,10.84471321105957,10.082637347856778,9.916087881388968,62.797343259002,7.117792961098236
2011-11-16,10.78186488376248,10.935492682853225,10.691085516891976,10.774882316589355,10.148565440117023,9.949766094534082,61.538433721546376,2.084023220506736
2011-11-17,10.725999660195509,10.774881623007424,10.474609277285438,10.502541542053224,10.182277449825232,9.971443563064245,56.75939288800304,-1.9556847376019686
2011-11-18,10.544439410517588,10.670134258722282,10.474608421325684,10.474608421325684,10.210118494730038,9.991175518290184,56.27665206171841,-3.4127669633204256
2011-11-21,10.21623429826197,10.300031081382024,9.91596199261354,10.146403312683104,10.20405038215414,9.997262882776182,50.8086973355682,-5.832815481786054
2011-11-22,10.17433576325774,10.25813254793882,9.999758962016076,10.09053897857666,10.193239772289617,10.000920768886004,49.91961525028823,-3.9228843973324445
2011-11-23,9.943893463605129,9.95087669479972,9.783283141875016,9.8112154006958,10.156856498804492,9.993481342682466,45.62102100456032,-6.333344349935353
2011-11-25,9.832167402364703,10.020710705903925,9.73440413394165,9.741387367248535,10.117288010084877,9.983595304430155,44.58736989076713,-3.991719360576714
2011-11-28,10.265117447175353,10.50254204198198,10.230201948064186,10.320981979370115,10.13668743573109,9.9968261544278,53.91993933523256,2.28375314027042
2011-11-29,9.47603117702316,9.538878949391568,8.826605749784537,9.210674285888672,10.04849570717467,9.965996669387051,40.0161908070289,-6.120965550960579
2011-11-30,9.24558892053491,9.273521187190752,9.105927587255696,9.266538619995115,9.97402360363376,9.938566941959916,40.84273589753461,-4.874549479983787
2011-12-01,9.196710863192504,9.476033628241826,9.161795351071836,9.406203269958496,9.91994547661707,9.917689935214762,42.95893576533886,-8.863291412000391
2011-12-02,9.524912799281823,9.552845067539517,9.21765718248942,9.231623649597168,9.85439101690089,9.890785374994465,40.98529373539403,0.22744658054613687
2011-12-05,9.385248852295277,9.66457214309954,9.315418529062462,9.510944366455078,9.821681812096527,9.875889649169391,45.31425122271749,2.6375085291566136
2011-12-06,9.503960667166538,9.741385219594106,9.399214854487385,9.692503929138184,9.809379156576684,9.868698052305422,47.98511288764982,3.043743059370976
2011-12-07,9.636639128770836,9.83216495090866,9.51094362441771,9.776300430297852,9.806228801692985,9.865074616148263,49.21787573255818,5.900118997208591
2011-12-08,9.692507735408292,9.783287786159995,9.413184348643544,9.441117286682127,9.771456276453856,9.84844883852214,44.658580089780266,-0.7341760931672546
2011-12-09,9.615694802380707,9.699491624275955,9.5249147455047,9.629660606384276,9.75795192692342,9.839868907850066,47.59912034837837,-0.6483703613984069
2011-12-12,9.483012295532747,9.489995527784396,9.112909643645306,9.41318130493164,9.72511662959087,9.823136060676795,44.664643956035384,-3.7142795268531645
2011-12-13,9.469046503330947,9.524911029466187,9.112909649750524,9.17575740814209,9.672796703738605,9.79774866253818,41.63310450700994,-2.8106829995043117
2011-12-14,9.119892882006848,9.252570965088626,9.064027689913924,9.17575740814209,9.625459627967508,9.773356848640294,41.63310450700993,-4.713594972820297
2011-12-15,9.273520331577576,9.301452595656272,9.161791275262788,9.196706771850586,9.58462602262304,9.750743120138736,42.03570626877802,-2.299695778383042
2011-12-16,9.322403902623744,9.322403902623744,9.098945085458045,9.13386058807373,9.54169598123739,9.72655164829305,41.119383600454285,-0.45660339746103484
2011-12-19,9.224639260815811,9.23860506021678,8.756773326623303,8.777722358703613,9.468936588615126,9.689342656544445,36.29147471315149,-4.337898570479653
2011-12-20,8.903418414526294,9.057046212852962,8.777722882626499,8.784706115722656,9.403771781672985,9.65386671376712,36.4490505861291,-4.4798716143586015
2011-12-21,8.791686147246295,8.861516454905248,8.665990661119654,8.763753890991211,9.342817696846149,9.618960328560222,36.16008421174341,-4.0520291886847435
2011-12-22,8.833585937030625,9.133858250332164,8.819620139133484,9.098942756652832,9.319591512065832,9.59856748260307,43.8318499391411,3.659495992496395
2011-12-23,9.147828315911791,9.343354225158691,9.08498053573581,9.343354225158691,9.321854627598485,9.588559119566035,48.67521134310241,6.35932610695058
2011-12-27,9.280503898490164,9.343351661421243,9.217656135559082,9.217656135559082,9.31193096168997,9.57401390450694,46.456528182493784,5.1793130000428755
2011-12-28,9.203691569881885,9.210674137620993,8.952300484454982,9.029114723205566,9.284996081834313,9.552645309161788,43.27055121952981,-0.7674301873831416
2011-12-29,9.043083060750602,9.175761874370409,9.01515078408717,9.112914085388184,9.268607320268016,9.535400947445176,45.07355248663649,-2.466353455272043
2011-12-30,9.071011972994492,9.11291070542849,8.987215174084255,9.0640287399292,9.249123645950034,9.516915762836707,44.19119241480162,-1.666664424996635
2012-01-03,9.259555264909194,9.371284330061284,9.077995201058169,9.105927467346191,9.23548591465443,9.500798574778255,45.181696961591015,0.8507228725670075
2012-01-04,9.12687577867499,9.25257130000798,9.084977715535798,9.196706771850586,9.231792662958824,9.488873406035994,47.361551490732985,0.9194938707559759
2012-01-05,9.154809120540076,9.301453690706978,9.091962018432362,9.273521423339844,9.235766830614159,9.480428230243989,49.20227305818135,2.3112535211608445
2012-01-06,9.308438494830453,9.538879905985578,9.245590716159436,9.441117286682127,9.255324016906346,9.478886624614113,53.05918366079105,3.6810069104758925
2012-01-09,9.531894059837668,9.629657318312915,9.427148234723823,9.594741821289062,9.287649522085653,9.48342996566019,56.33213270455968,4.328017183898785
2012-01-10,9.720440131375677,9.811220183284364,9.615694276227597,9.76932144165039,9.333523038234675,9.494641396091177,59.76538780111389,5.346405056688652
2012-01-11,9.748372091226043,10.041661275385689,9.741388856851318,9.999762535095217,9.39697441888806,9.514450068208983,63.81005740884337,5.917151873551325
2012-01-12,10.069592896797005,10.097525166534616,9.783286965497044,9.91596508026123,9.446402100923601,9.53019575495613,61.39315685293377,3.347909354469856
2012-01-13,9.7972494590375,9.867080442779816,9.69250364938164,9.776300430297852,9.477820989435434,9.539846918695021,57.48506278355411,0.07143780342518789
2012-01-17,9.88803238981571,10.02071116489263,9.818202051421691,9.881049156188965,9.51622367198339,9.553227398596745,59.56408556137136,-1.1871619799931719
2012-01-18,9.902000021436685,10.069593652438895,9.839152243321385,9.971830368041992,9.559614785893732,9.569643201320089,61.32904415972011,0.5633872984483118
2012-01-19,10.03467445545594,10.188302227016743,9.971826700455717,10.09053897857666,9.610178994720677,9.5900704867027,63.56836753991164,3.2142889891655546
2012-01-20,10.04864344095303,10.146406047969297,9.978812436549,10.069592475891112,9.653932659594052,9.608875270592442,62.87648220243871,1.9081305711757657
2012-01-23,10.13243885771731,10.160371122458429,9.82518327960728,10.034675598144531,9.690193891836955,9.625573322653308,61.671485000904134,0.6302276290614335
2012-01-24,9.950880602779575,10.209254264831545,9.888032829261396,10.209254264831545,9.739628213074536,9.64846277136618,65.25665598089259,1.1765009431798479
2012-01-25,9.427152364341293,9.524915665642306,9.105930849732824,9.112914085388184,9.679941153294884,9.627460862112141,39.971088813424004,-9.500666415184458
2012-01-26,9.071010390954338,9.140841377512793,8.78470454478843,8.847552299499512,9.600666024361992,9.59687621259792,36.30431696208597,-11.830211022113414
2012-01-27,8.798671530535824,8.868501855279886,8.7428070043575,8.812637329101562,9.525615672432426,9.566121746578455,35.83846779396909,-13.679911377474413
2012-01-30,8.819621946147473,8.840570980264168,8.749790944481441,8.805655479431152,9.457048035003734,9.53629954002366,35.739707687617475,-3.371683339467618
2012-01-31,8.90341824443451,8.994198275077007,8.812638213792013,8.987215042114258,9.412302035680927,9.514766814615447,40.34357360720027,1.5785466746847774
2012-02-01,9.07101217287976,9.140843173155938,8.98721537212301,9.008164405822754,9.373812737599197,9.494900053486322,40.86998388464897,2.2187123947051743
2012-02-02,9.112908881959727,9.126874679338034,9.029112099817004,9.036094665527344,9.341649111687591,9.476907685331069,41.609753105061586,2.6169452874288224
2012-02-03,9.245588562711449,9.517928651534117,9.119893700603694,9.483013153076172,9.355112353724598,9.47714711543872,51.96546345987381,5.516704659214171
2012-02-06,9.580780262912224,9.65759385759947,9.399220130788173,9.587762832641602,9.377269542192884,9.48148498670158,54.02364276911181,6.434145744988881
2012-02-07,9.594743298311103,9.643625268052512,9.503963258457423,9.601726531982422,9.398646398363317,9.486200341418476,54.30472498468868,6.259693898659129
2012-02-08,9.69948980550742,9.727422074234877,9.56681102958365,9.601726531982422,9.417987363469898,9.490730780264121,54.30472498468868,1.2518529394609228
2012-02-09,9.62267737140352,9.671559350310874,9.5249147455047,9.629660606384276,9.438146719937933,9.496179008739421,54.94380681140058,0.43699217923948597
2012-02-10,9.545861012193312,9.650606842652753,9.48301324753455,9.49697971343994,9.443749862176219,9.496210408923755,51.27559295378623,-1.0909164950030676
2012-02-13,9.601726736520927,9.622675772023324,9.469048623728629,9.545862197875977,9.453474846528577,9.498157537902273,52.53294743636628,-0.5818155091208506
2012-02-14,9.538876821630565,9.559825852427824,9.308435484987658,9.41318130493164,9.449637366376487,9.494825136609307,48.848264614141414,-2.2480470527602336
2012-02-15,9.413184348643544,9.552846375004869,9.399218545582151,9.441117286682127,9.44882593021512,9.492718946416085,49.64905019565572,-0.5882125522365504
2012-02-16,9.441114277521924,9.706470444732687,9.420164580670273,9.64362335205078,9.46737806562804,9.498636766244896,55.132417332213684,1.0241207357524549
2012-02-17,9.75535755386411,9.75535755386411,9.531898664536865,9.66457748413086,9.48615896262831,9.505144245377679,55.67037737151308,2.6706824298339
2012-02-21,9.720437970535093,9.77630250298984,9.594742439533023,9.615692138671877,9.49849545558484,9.509479456879411,54.042409812553856,1.8490910205724194
2012-02-22,9.531892725735563,9.580774681110434,9.44111337852,9.469045639038086,9.495690711151815,9.507893816964065,49.37764600587581,-1.8102916988723792
2012-02-23,9.46904735326764,9.503962185767842,9.168774998870168,9.483013153076172,9.494483324668419,9.506918104654737,49.82191006131832,-1.8786577204519737
2012-02-24,9.51792972580006,9.685523338164783,9.496980690743923,9.601726531982422,9.504696963460228,9.510636082197,53.55288885823867,-0.14523766451807218
2012-02-27,9.584174297436984,9.591195831451364,9.443746965201088,9.492897033691406,9.503573160625102,9.509940433235997,49.890549480275226,0.2518880525296872
2012-02-28,9.535022188346474,9.598214637293552,9.338423979096795,9.366509437561035,9.490519472714238,9.504315688307567,45.95962525561202,-1.228551660052737
2012-02-29,9.373528415241664,9.387570805842085,9.14182327865007,9.155865669250488,9.458647681908166,9.490650981677879,40.26537008064351,-4.643548858081036
2012-03-01,9.19097828211388,9.197999816521651,9.050550942010345,9.106721878051758,9.425130938683747,9.475594938398423,39.04978918800067,-4.0680432355799026
2012-03-02,9.120760917663574,9.169910970803382,9.092675459988026,9.120760917663574,9.396143317634207,9.461679878761762,39.6106638886878,-2.6236937200102997
2012-03-05,9.078634598573,9.141827056413408,8.97331361230224,9.043527603149414,9.362560868635656,9.445281750306377,37.56280238811922,-1.2269518815501623
2012-03-06,8.931184685943414,9.015441063122765,8.91714162160844,8.994377136230469,9.327495751263733,9.427599216421047,36.27741952536696,-1.2336463474530033
2012-03-07,9.0294802941607,9.190972129379688,8.994373984843898,9.09969425201416,9.305800370382821,9.414740198209012,40.94097139852649,-0.23097486974596215
2012-03-08,9.254171479107782,9.436726700769595,9.24012840918972,9.41566276550293,9.316263455632354,9.414776377318578,52.23529213404645,4.114933670616755
2012-03-09,9.450766148742058,9.506937067666309,9.303317319163364,9.331402778625488,9.317705295917415,9.411506824428653,49.51584704802729,3.747070389537463
2012-03-12,9.331401878734903,9.450765237340452,9.30331642198125,9.443743705749512,9.329708953996663,9.412771015853,53.02712122538741,3.780890260782096
2012-03-13,9.577151339987534,9.780771094631945,9.556086742547972,9.759706497192385,9.370661100967684,9.426376328846702,61.2007610662644,3.6539512964500074
2012-03-14,9.78076915609654,9.872047051412904,9.710555184434702,9.865025520324709,9.417743426620733,9.44357825792427,63.48180271124492,5.718569376530791
2012-03-15,9.850984977567665,9.998433820079962,9.829921048525971,9.970348358154297,9.470372467719168,9.464235908913684,65.65629355934969,5.576227699658762
2012-03-16,10.019499525264592,10.089712853027851,9.921200062863662,10.061627388000488,9.526682460126912,9.487663025740618,67.46446400327184,3.0935447791894
2012-03-19,10.019496052751824,10.110773280248573,9.914175093193148,10.026516914367676,9.574285741483175,9.508794550784817,66.02451283647409,1.637009389486622
2012-03-20,9.984388870383794,10.012474325126515,9.79481154866287,9.865025520324709,9.601975244229987,9.522764392727558,59.7116133552693,-1.056360661094146
2012-03-21,9.858005144006134,9.914176060071457,9.780770301818848,9.780770301818848,9.619003344952736,9.53288227151545,56.667307015255496,-2.791368387549227
2012-03-22,9.745663853175609,9.829920231953416,9.668429006698494,9.73162078857422,9.629728815773829,9.54067593885109,54.90866467808873,-2.9411622033059017
2012-03-23,9.70353471074637,9.865026595322435,9.668428390699956,9.84396266937256,9.650132039926088,9.552569536126441,58.10884490925869,-0.21351035442080793
2012-03-26,9.956305664050848,10.13886082629953,9.829920754362348,10.117796897888184,9.694671550208193,9.574735315019058,64.68754360403963,3.445808312323437
2012-03-27,10.110775077426627,10.209074523231983,9.970347775997684,9.97736930847168,9.721595146233287,9.59052488338975,59.524970212816505,2.525257870569613
2012-03-28,9.970346894681944,10.019496948045164,9.759705626352792,9.84396266937256,9.733249196056075,9.600463620094958,55.031645891650754,0.0
2012-03-29,9.780770309359228,9.858005151606054,9.696513935196286,9.85098361968994,9.74446199830692,9.610287933804566,55.22321462649773,-2.6370689280581825
2012-03-30,9.90013525204548,9.942263111039068,9.752686406347433,9.88609218597412,9.757950587608557,9.621103786830822,56.227418013784906,-0.9148415747230878
2012-04-02,9.843963547730244,9.872049008039465,9.689493181224424,9.759706497192385,9.75811781709273,9.626539187237158,51.72983343756849,-0.8559172257156289
2012-04-03,9.766728153230448,9.836942139696871,9.675450238668176,9.738642692565918,9.756263043328271,9.630935403132405,50.99767482573053,-1.1404031461333157
2012-04-04,9.661405516082011,9.71757642388167,9.549063700482693,9.619277000427246,9.743216753528174,9.630478210869457,46.94294593391867,-2.6988943712806654
2012-04-05,9.577151970855155,9.612258296346567,9.478852518492584,9.506937980651855,9.720714013254238,9.625633495958963,43.442211513001425,-2.5899192420719217
2012-04-09,9.373532168251062,9.528001874752633,9.31033971122304,9.46480941772461,9.69634214701332,9.619326669361538,42.172091774270335,-2.8118217649605497
2012-04-10,9.4858705444759,9.58416929088685,9.338421755249488,9.40161418914795,9.66827281769281,9.610788925039436,40.270103593175996,-2.262777246872392
2012-04-11,9.51396009708048,9.556087958097953,9.443746102570994,9.499917030334473,9.652238933182492,9.606441007600026,44.46585029762825,-0.07385080592375351
2012-04-12,9.563107867247895,9.696514300235773,9.506936949024633,9.640342712402344,9.651105959774858,9.607770486219724,49.881839371107276,1.8545887923428839
2012-04-13,9.59821422817492,9.654385142709144,9.535021781921388,9.535021781921388,9.640050323788813,9.604917595855085,46.239475101788344,1.4189860388807314
2012-04-16,9.584170790269235,9.612256246439012,9.478850497035106,9.527999877929688,9.629378852754611,9.601901214759971,45.998313748698386,0.2956115038220087
2012-04-17,9.57714915438252,9.682469439104374,9.535020638727758,9.619277000427246,9.628416771580577,9.602582618119472,49.67274240074046,-0.21851621465693874
2012-04-18,9.570130437912775,9.584172834187296,9.471830985550206,9.506937980651855,9.616847362920698,9.598831848022703,45.56357648616323,-0.29453316323598266
2012-04-19,9.51396009708048,9.647365883116173,9.429703705435262,9.499917030334473,9.605711140769628,9.594952835564342,45.311291195263436,-0.2947402178317081
2012-04-20,9.50693864110481,9.549067172075532,9.233104863820826,9.254169464111328,9.572230981087886,9.581588781781871,37.48718163153491,-3.7955818956009013
2012-04-23,9.197995573687235,9.331401317845843,9.14884552511506,9.275230407714844,9.543945212195215,9.56957472789689,38.467809306774136,-2.4372471284505464
2012-04-24,9.233102434661728,9.450765226459511,9.233102434661728,9.373530387878418,9.527715228926949,9.561886714562833,42.96495678263479,-1.330397329287042
2012-04-25,9.865028320332964,10.061626559332844,9.74566493639476,10.040562629699709,9.576557838524355,9.580658319078005,62.82153131215377,8.497717365540998
2012-04-26,9.99141256774205,10.124819017842512,9.9563062415569,10.040562629699709,9.620748771017245,9.598693782239641,62.82153131215378,8.251355366312904
2012-04-27,10.068647754040276,10.188011133967075,9.970348303038728,10.145882606506348,9.670761517254302,9.620152167505003,65.04969368784104,8.239715311817983
2012-04-30,10.068645849769435,10.202051600545458,10.019496468369338,10.07566738128662,9.709323980495475,9.63801550922193,62.36614511088328,0.34962932737525704
2012-05-01,10.026519069005449,10.138860914321551,9.970348146347394,10.054604530334473,9.742207842384904,9.654352333579284,61.54591821613037,0.13985173095009926
2012-05-02,10.075666498959292,10.237157692052152,9.97034554425478,10.012474060058594,9.76794748216335,9.668396322852983,59.85034860376202,-1.3149033122283686
2012-05-03,10.033541502734806,10.075670033316522,9.766729261344672,9.82992172241211,9.77384979075847,9.674730652247458,53.03268233724413,-2.4390013045778938
2012-05-04,9.787787899539447,9.8369379369109,9.59118975888338,9.598211288452148,9.757122314348345,9.671729892882936,45.88759949763968,-4.539146621882522
2012-05-07,9.52800194467502,9.633322930364711,9.52800194467502,9.549066543579102,9.73730747903699,9.666919565459256,44.51762697021568,-4.628301793340978
2012-05-08,9.499915663597468,9.506937195960298,9.268210452505592,9.380552291870115,9.703330794544906,9.655689476298898,40.09710299979843,-4.571444648612377
2012-05-09,9.275233660240048,9.45778951698728,9.254169728957,9.394597053527832,9.673927581114707,9.645450557758856,40.62627693791718,-2.1213768774739297
2012-05-10,9.464808419628168,9.464808419628168,9.3243811241579,9.352466583251951,9.643312247984921,9.633960990131134,39.49906885227126,-2.0588395675108813
2012-05-11,9.296293680456456,9.457785537979005,9.268208227358189,9.345443725585938,9.614943817280256,9.62264658759995,39.30330684669048,-0.374269714530621
2012-05-14,9.261186696681117,9.40161463178247,9.240122774259923,9.345443725585938,9.589277141880798,9.611775887128813,39.30330684669048,-0.5232084746352864
2012-05-15,9.35246653828974,9.380551997248771,9.205017711352282,9.240124702453612,9.556024528602018,9.59720133086704,36.18424897101026,-1.201200558144923
2012-05-16,9.28927450744612,9.338424565050143,9.057569293174916,9.071612358093262,9.509890036172612,9.576589998601403,31.83152287076693,-2.9301055737244535
2012-05-17,9.057568045589589,9.1277820212897,8.959269283141547,9.001397132873535,9.461462140620318,9.554033415631682,30.20128330260123,-3.681436674541972
2012-05-18,9.057570806697758,9.085656271617353,8.917143482099789,8.952250480651855,9.412965792051892,9.53043408484816,29.078705594376853,-3.1154798346532515
2012-05-21,8.973314153397174,9.296297325471766,8.952250222716955,9.254169464111328,9.397842332248029,9.519600178152599,43.076607762044524,2.012399767668618
2012-05-22,9.240125035886242,9.331402948199427,9.141826260787573,9.205018043518066,9.379478114273747,9.507263623853206,41.63587210885864,2.2621034006032006
2012-05-23,9.099696219167017,9.52097871813987,8.76267008606672,8.966290473937988,9.340126910432247,9.486048990523198,35.4365351216427,0.1568319979035092
2012-05-24,9.04352652218255,9.064590449074847,8.924163153775927,8.994377136230469,9.307198360508268,9.466767741335248,36.63198107952905,-2.8073003081298884
2012-05-25,8.96629168214289,9.1137398400809,8.96629168214289,9.064590454101562,9.284092845612392,9.45099608301236,39.64076429161064,-1.5255547436475625
2012-05-29,9.174058384928651,9.27999479997288,9.145808808954794,9.251745223999023,9.281012119744451,9.443182323835366,46.880765854961005,3.183643792165297
2012-05-30,9.181118701531595,9.18818126217826,9.082244873046877,9.082244873046877,9.262081905773254,9.429027914000523,41.97061691499646,0.9769185290492864
2012-05-31,9.082244786201471,9.2729298807009,9.004558640399583,9.17405605316162,9.253698491238813,9.419029017497037,45.31182156685172,1.207617703351679
2012-06-01,8.997500552097623,9.195248305468231,8.877439656666606,8.905689239501953,9.22055475297816,9.398898045810956,38.359281353440494,-3.740440058805351
2012-06-04,8.926875106215192,8.926875106215192,8.594942070638151,8.644378662109375,9.165680839562086,9.369309050371678,33.042827439549775,-4.821123159065498
2012-06-05,8.6373169939734,8.842127290760553,8.623192540743007,8.806815147399902,9.13150315459426,9.347250465941412,38.72777568650093,-4.00303751834126
2012-06-06,8.926874636201237,9.075185076329175,8.891562498356869,9.061059951782228,9.12479427813597,9.336027308523406,46.39885792510892,1.7446231066666351
2012-06-07,9.16699471242742,9.244681542089884,9.096371117806836,9.110495567321776,9.123432496153667,9.3271829265155,47.76816489741771,5.392138908207662
2012-06-08,9.05399733804019,9.287056503555954,9.05399733804019,9.272932052612305,9.137670549149728,9.325055441264395,52.09834185360772,5.292684102152608
2012-06-11,9.378867203847824,9.38592976563824,9.110495917518666,9.117558479309082,9.135755113926809,9.316918305501442,47.9992898745022,0.6235311081430484
2012-06-12,9.145810069494557,9.322370112046665,9.11049792627951,9.308245658874512,9.15218278487421,9.31657820171215,52.89744989668544,2.1705744774416154
2012-06-13,9.308241930235166,9.31530381723088,9.159931526959758,9.2164306640625,9.15830163051119,9.312650847294517,50.43410720066607,-0.6093152438649383
2012-06-14,9.223492447947612,9.24467945419645,9.068119497236312,9.195242881774902,9.161819844917257,9.308046613352571,49.85710991575212,0.8520307562832012
2012-06-15,9.272931552470482,9.315305576538965,9.166995145253336,9.188182830810549,9.164330605478524,9.303346072860728,49.65326295374696,-1.289854527523076
2012-06-18,9.166995822554432,9.30118181357252,9.145808808954794,9.251745223999023,9.17265580724238,9.30132251016027,51.573000217532964,0.3831695937802148
2012-06-19,9.301180224768752,9.456553202846065,9.272930653620415,9.35767936706543,9.1902770986541,9.30353258298008,54.674912534138755,1.7665274031257912
2012-06-20,9.322366634622329,9.407115342611649,9.23055536591985,9.364741325378418,9.206892739294512,9.305932925819231,54.88238571036566,1.9215822956397783
2012-06-21,9.34355813638602,9.392995411628757,8.990438013193385,9.025750160217283,9.18964106509668,9.29494536638386,44.38057584250376,-2.442729002042868
2012-06-22,9.082244873046877,9.117557002757335,8.983371718085008,9.082244873046877,9.179412856330032,9.286604170566724,46.2272798223882,-2.9434059793494423
2012-06-25,8.969247407056203,8.990434417387332,8.757375283176168,8.79268741607666,9.142581862020187,9.267234886076917,39.06752253649455,-6.108592746192504
2012-06-26,8.806813072779832,8.877436669341227,8.686752217750211,8.778563499450684,9.107913446537378,9.248071302287654,38.752238609154254,-2.7386827286237345
2012-06-27,8.80681468007278,8.948062572497054,8.78562699106683,8.891563415527344,9.087308681679279,9.234090600846073,42.73413061983963,-2.0994969876380787
2012-06-28,8.82800169555565,8.898625978529328,8.757377412581974,8.891563415527344,9.068666275379094,9.220658162206124,42.734130619839625,1.1245253558075712
2012-06-29,9.07518515167284,9.152871316757007,8.976311299592345,9.131684303283691,9.07466799232239,9.21716899126799,50.64229051083295,4.022535165976805
2012-07-02,9.124621041099498,9.131683602889916,9.018685308335105,9.117558479309082,9.078752800606836,9.213262696681365,50.20307423145314,2.5416797161574864
2012-07-03,9.138746498305265,9.265869930450716,9.082247344801292,9.23762035369873,9.093883043758444,9.21421789891734,53.865485062520165,3.89196952210977
2012-07-05,9.21643301055792,9.279994724361972,9.18112087249756,9.18112087249756,9.102191408400264,9.212919976312643,51.929926742496086,0.541374050744307
2012-07-06,9.096370963050534,9.145807545796174,8.933935418493116,9.032809257507324,9.095583584505698,9.205856810869298,47.14128356369054,-0.929516624369159
2012-07-09,9.032807784426977,9.032807784426977,8.856247819388509,8.94805908203125,9.081533631889084,9.195747096012903,44.60979968615409,-3.1345872701029602
2012-07-10,8.969250036200052,9.046936886057956,8.792689993465707,8.85625171661377,9.060078211386672,9.182433551722742,41.97991378528596,-3.5384476513859027
2012-07-11,8.806813678609025,8.898624966625285,8.700877266195032,8.771501541137695,9.032594718982008,9.166318570915486,39.655781157432166,-2.89287317954214
2012-07-12,8.672626063430194,8.736187764246093,8.545503335321271,8.707938194274902,9.001675049962284,9.148342869870758,37.95840478734462,-2.6834968964223593
2012-07-13,8.7150032691322,8.750315410163267,8.637316424159241,8.700878143310547,8.97302772551926,9.130795233535064,37.76505330423733,-1.7543942773414134
2012-07-16,8.693818194847507,8.693818194847507,8.5949443125912,8.651443481445312,8.942400654655076,9.111997125609976,36.368141218295044,-1.3687287077283103
2012-07-17,8.686752485735877,8.736189072206264,8.573754188933293,8.715002059936523,8.920743645634262,9.096428691661998,39.46833529088581,0.08111984150582607
2012-07-18,8.679688544138648,8.863311084016901,8.67262598333036,8.750312805175781,8.90451213701917,9.082855519642932,41.18282861304028,0.5681571566801102
2012-07-19,8.83506341987305,8.856250433344705,8.757376581271956,8.799751281738281,8.894534912706705,9.07175339266628,43.59183542623287,1.7142549750344367
2012-07-20,8.736189089603421,8.764438663860323,8.594941218318912,8.665565490722656,8.872728301089177,9.055824455335157,38.93107840993034,-0.5672582619472986
2012-07-23,8.538442427109082,8.594941577987179,8.439568576310911,8.559629440307617,8.842909361967124,9.036365827294862,35.68705522393319,-2.179160552470484
2012-07-24,8.5949429819639,8.60906743522914,8.432507391513402,8.52431869506836,8.812567393691051,9.016285547599706,34.65061038217904,-3.130004222295628
2012-07-25,8.46782031764511,8.489008009786028,7.803954788262761,7.86751651763916,8.722562548352776,8.971235781718901,21.906289681164484,-9.209427520199188
2012-07-26,7.853390352948749,8.008763373858033,7.803953758191605,7.931076526641846,8.64718292723745,8.930445222696273,24.78912921305453,-7.3432257558474685
2012-07-27,7.945200181040971,8.213571467978888,7.895763595441842,8.14294719696045,8.599160476734879,8.899562947177222,33.5897105074972,-4.473923509318674
2012-07-30,8.121761954207265,8.15707409740844,8.015826198126849,8.065262794494629,8.548313078426283,8.866845294130846,32.10627609179358,2.5134523252937173
2012-07-31,8.051133508114138,8.11469519833191,7.987572491419128,8.058196067810059,8.501635267891404,8.835133559765325,31.967968418452116,1.602803109277745
2012-08-01,8.072322813349562,8.086447262063974,7.5002681596735,7.987574100494385,8.45267706147264,8.801895933911563,30.55153683767086,-1.9080695564876216
2012-08-02,7.86751547917827,7.98757635803684,7.811016321306366,7.931076526641846,8.403000820060184,8.76774615323432,29.428177745802003,-1.663755680030403
2012-08-03,8.022885855180595,8.072323111313104,7.931074577817848,8.008761405944824,8.365454209192054,8.737982045497477,33.072219512819665,-0.6134705764074194
2012-08-06,8.058195179377314,8.065257738294575,7.952259489709164,7.966383934020996,8.32744751631862,8.707723296027812,32.09853022062937,-0.26528913793835257
2012-08-07,7.994636766640099,8.178259332469668,7.994636766640099,8.14294719696045,8.309876057332128,8.685575213711445,40.02173588461895,2.6713986380902215
2012-08-08,8.10763444851346,8.284194439188644,8.10763444851346,8.199445724487305,8.299358882775477,8.666511312173244,42.340281981371845,2.380946427008518
2012-08-09,8.16413574739447,8.22063490078629,8.072324454752003,8.185322761535645,8.288498299800255,8.647641172932554,41.904215275973144,2.748283654515507
2012-08-10,8.15707343920846,8.192385579560275,8.10057428405478,8.171197891235352,8.277326832317883,8.628957122669918,41.44447855429956,0.3469345138999255
2012-08-13,8.178260220716744,8.277134076176731,8.086448927830265,8.135886192321777,8.263856295175396,8.609621007754305,40.25544278935246,-0.775168643115832
2012-08-14,8.178260220716744,8.206509797487735,8.10763594202775,8.135886192321777,8.251668666332193,8.59104317185499,40.25544278935244,-0.6039660335225733
2012-08-15,8.14294805973026,8.206509775676817,8.100574031447914,8.185322761535645,8.245350008732522,8.57513256752874,42.91464885647682,0.17286168427573745
2012-08-16,8.192383146840161,8.298318862915039,8.185320586162407,8.298318862915039,8.250394661511809,8.564277128132124,48.55137853400553,1.9964963466002899
2012-08-17,8.376007913793654,8.474881776993557,8.361883461064004,8.467819213867188,8.27110176173613,8.560494464827617,55.62908772539062,4.079863135974925
2012-08-20,8.4395696348848,8.474881776993557,8.340696445207985,8.467819213867188,8.289836757177182,8.556860141260541,55.629087725390626,3.451256114896854
2012-08-21,8.489005091743145,8.566691248986176,8.333632103734136,8.376006126403809,8.298043363770194,8.549767826952435,51.20395936369979,0.9361807466323305
2012-08-22,8.368941449409148,8.37600333515213,8.171193831105697,8.284192085266113,8.296724194388853,8.539353091984344,47.16359929372427,-2.168529156838401
2012-08-23,8.23476111242086,8.241823676485108,8.12176278148564,8.157074928283691,8.2834242642836,8.524361791447063,42.19885439043616,-3.6697085487442944
2012-08-24,8.135886192321777,8.142948081372246,8.0087627600908,8.135886192321777,8.269373019334855,8.509127454226464,41.41624283252372,-2.866759293848862
2012-08-27,8.14294805973026,8.206509775676817,8.100574031447914,8.185322761535645,8.261368232877787,8.496429230983686,44.02462123610293,-1.1934697157289873
2012-08-28,8.157070082304726,8.29831791206078,8.150007522436228,8.248881340026855,8.260179004987222,8.486721470554007,47.27490501471064,1.125482020826316
2012-08-29,8.295083994598158,8.401704339648013,8.216895786753305,8.35905647277832,8.269595906681612,8.481715000053,52.431229678970304,2.7430359174291223
2012-08-30,8.309302366367996,8.323518778428696,8.188466253231246,8.259546279907227,8.268638799369766,8.473002501223755,47.8769659781987,0.9067879243610547
2012-08-31,8.515434748168682,8.650487937793663,8.479895077307575,8.522542953491211,8.292820147381333,8.474945264057773,58.20885573480788,3.317560311316886
2012-09-04,8.5438661511694,8.600730428558576,8.36616511485931,8.465677261352539,8.309282729664305,8.474581812971293,55.64066573265283,1.275512241380766
2012-09-05,8.458568609001142,8.472785016532955,8.351948264015029,8.423028945922852,8.32011570264131,8.47256013191057,53.7261452959823,1.979317755181357
2012-09-06,8.465675598082703,8.813969398130274,8.465675598082703,8.742889404296875,8.360379864703745,8.483161279847288,63.78955053745907,2.585454271197312
2012-09-07,8.735784932324174,8.93480994908062,8.714460992854937,8.920594215393066,8.413733612388443,8.500315512613788,67.95865973990925,5.373662850547252
2012-09-10,8.920592530318071,9.027212885399784,8.885052185998939,8.941916465759277,8.464036741280903,8.517633197050866,68.42836451075684,6.160343543489686
2012-09-11,8.941916920694208,9.14094190998112,8.9063765745669,9.076970100402832,8.522411346911563,8.539567977574473,71.29834628843292,3.8211703323361967
2012-09-12,9.084080256754628,9.148052762725758,8.984568072244791,9.027215957641602,8.5704879765049,8.558691427773184,68.81645910394256,1.1952313901304064
2012-09-13,9.034320320200065,9.16937280365675,8.93480750015918,9.14094066619873,8.624816804094788,8.581524731240853,71.27758484551659,2.2257443491175977
2012-09-14,9.190700680535384,9.339969624692891,9.155160326616766,9.325753211975098,8.691572652464341,8.610710161857883,74.76337296030762,2.740816691257193
2012-09-17,9.32575282860176,9.347076768925977,9.126727803865446,9.155159950256348,8.735723823682628,8.632061133951941,66.71482580553378,1.4173139671754569
2012-09-18,9.155157327487156,9.204913399948154,9.0414287745045,9.04853630065918,8.765515488156586,8.648393493430657,62.20722169783862,-1.0108846443040882
2012-09-19,9.35418497499266,9.41815747384115,9.148051744189662,9.155159950256348,8.802624484547039,8.668266687815978,64.77060349784476,-1.8292705998234338
2012-09-20,9.20491573506467,9.332860728565253,9.176483589606296,9.31153678894043,8.851092323060694,8.693492966291446,68.17950871407308,1.7080732563247398
2012-09-21,9.375503092797183,9.503448011035836,9.361287367368124,9.396827697753906,8.903067120650524,8.721074720466445,69.89079998591059,3.8491462654501785
2012-09-24,9.304429932857396,9.510563186802344,9.2617813695451,9.418158531188965,8.952123445463709,8.74841134049478,70.32069318434316,2.872681442613716
2012-09-25,9.439483607615124,9.460808230770375,9.183594230636077,9.190702438354492,8.97484525431045,8.765756089430456,60.415084289848636,-1.2976842955660746
2012-09-26,9.176481007490162,9.2333452824062,9.012996386575455,9.14094066619873,8.990663864966477,8.780469210088036,58.47443518558943,-2.7231214595574595
2012-09-27,9.204911717312962,9.524773383575669,9.162263856678214,9.453693389892578,9.03476191495944,8.806870158315665,65.89040760000985,0.37730155620057604
2012-09-28,9.389723056878225,9.425263400741638,9.254670563648064,9.347074508666992,9.064505971503015,8.828054642643167,61.83613805193652,1.7014158750252928
2012-10-01,9.403937373969711,9.47501805101072,9.283101307600916,9.304425239562988,9.087355425603965,8.846735842522376,60.23940163719633,1.7884874143072524
2012-10-02,9.3257543434805,9.418159003730134,9.304430399692412,9.411050796508787,9.11818355616633,8.868865840717922,62.82397145159479,-0.4510680812790289
2012-10-03,9.418158243933494,9.631399698239242,9.36129394650208,9.510562896728516,9.155553017172252,8.89403043114971,65.10385207923531,1.7490861756791418
2012-10-04,9.5461029854369,9.595859074830557,9.482130483144555,9.524778366088867,9.190717336116691,8.91876564428458,65.43000288326743,2.3682615621320044
2012-10-05,9.567421922085938,9.674042251548332,9.425261256844236,9.453693389892578,9.215762674571538,8.939743202935874,62.29460471143233,0.453111924543112
2012-10-08,9.411047217844905,9.482127907277167,9.3683993464861,9.446587562561035,9.237745997237205,8.959619452332939,61.97489701869445,-0.672676631889864
2012-10-09,9.38261512755816,9.475019753161371,9.226238016700744,9.26888656616211,9.240711765706244,8.971747574443887,54.449088533595464,-2.6865905965624473
2012-10-10,9.29021243919972,9.311537057314974,9.176483854088376,9.204916000366213,9.23730264519767,8.980891434283977,52.00101649255065,-2.631536472214615
2012-10-11,9.318644826523403,9.354185179758982,9.197808032247952,9.25467300415039,9.238956965097929,8.991627966435601,53.74309940799372,-2.0315754989796035
2012-10-12,9.240456570492992,9.28310512985295,9.084079423340947,9.226240158081056,9.237745840620132,9.000828444539344,52.56896714374815,-0.4601028157658332
2012-10-15,9.240456075058542,9.311536777555474,9.212023929634936,9.297320365905762,9.243419604933049,9.012455578710577,55.203773965321886,1.0038588677601485
2012-10-16,9.396831452261068,9.681152853197204,9.37550683878409,9.638504981994627,9.281046783700818,9.037006535702108,65.19740408481476,4.147439652077405
2012-10-17,9.63139647338299,9.92282606960932,9.588747925651388,9.830421447753906,9.333368180277303,9.06812084597865,69.34074712598309,6.548510328377492
2012-10-18,9.773558133252598,9.844638827190185,9.716693849252824,9.766449928283691,9.374614061039816,9.09550630018669,66.49882397588425,5.045857773152321
2012-10-19,9.738021249865248,9.787778024469146,9.5887522818055,9.610076904296877,9.397039093730966,9.115685539563561,60.0229148373428,-0.29494281271686745
2012-10-22,9.510564032965052,9.645616586030547,9.467915465858278,9.610076904296877,9.417328409022957,9.13507343621977,60.0229148373428,-2.241455716096228
2012-10-23,9.517670366449822,9.553210041185796,9.347076809488266,9.531886100769045,9.428238665379727,9.150634717182486,56.81436949285796,-2.4017307131770425
2012-10-24,9.027217942197206,9.098298670652923,8.501222720828281,8.636275291442871,9.352813582147645,9.130463759310345,34.23819684365799,-10.133130281388253
2012-10-25,8.74289401568388,8.75000222217906,8.558084714064542,8.59362506866455,9.280509914196875,9.10941126163796,33.554398190429175,-10.576937580778859
2012-10-26,8.565190094271836,8.64337830629109,8.39459726193401,8.401704788208008,9.19681418791222,9.081658066601491,30.593454649202805,-11.85684869303938
2012-10-31,8.558081913880859,8.586514052682762,8.31640839512685,8.351948738098145,9.116350811739451,9.05304201450332,29.857842645168446,-3.2922358742599074
2012-11-01,8.387489552958105,8.536758459535033,8.280868518045615,8.344841003417969,9.042873687137405,9.025269425833308,29.747804010495955,-2.894983935868208
2012-11-02,8.444356990621912,8.444356990621912,8.280871613788566,8.316411972045898,8.97368685712869,8.997471094312234,29.282949420292706,-1.0151846358827064
2012-11-05,8.302192193404924,8.465676812767049,8.27376005621692,8.423028945922852,8.921243246537658,8.97494395123814,33.48108391999455,0.8510613517114688
2012-11-06,8.451460094265046,8.50832436198777,8.401703351601007,8.45856761932373,8.877178901088714,8.954693899006203,34.86905098055068,1.3628374208589518
2012-11-07,8.40881355505845,8.437245695684043,8.174248225428387,8.181356430053711,8.810910094323475,8.92436693943944,29.668760273839812,-1.623964065827331
2012-11-08,8.216896774237819,8.24532891485972,8.088951802501413,8.103167533874512,8.743506040947384,8.892163041181991,28.382986410242005,-3.797463051615987
2012-11-09,8.152927698279857,8.152927698279857,8.03209088062862,8.06052303314209,8.678460040204023,8.859549707533368,27.67844026578728,-4.705815500869219
2012-11-12,8.074736895578216,8.10316904148999,7.975224723824917,8.010765075683594,8.614870043583029,8.826264035696122,26.84122361487512,-2.085123118991129
2012-11-13,7.996546273970468,8.046302344977194,7.911249861726525,7.9325737953186035,8.549889448510227,8.791217359602886,25.534155539946223,-2.10527226350384
2012-11-14,7.982735085059685,8.018563689333353,7.81792063517616,7.839417934417725,8.482225494787132,8.753891891948566,24.032626693941655,-2.743061434292258
2012-11-15,7.846582588827407,7.896743856341812,7.760592723157048,7.796422004699707,8.416910876683568,8.716344053232925,23.350125762684765,-2.6756878894691076
2012-11-16,7.803592799852532,7.846587417452343,7.674607580278847,7.810758113861084,8.359182042129046,8.680830879139911,24.123867161550173,-1.5356388052690901
2012-11-19,7.896747057591768,7.925410357768325,7.846585769742557,7.918244361877441,8.31718797734318,8.650925525521776,29.842165998020462,1.0055137781804162
2012-11-20,7.975572825688152,8.118889360056217,7.961240830557775,8.011402130126953,8.288065515703538,8.625846176682764,34.45285962183952,2.7574203307319105
2012-11-21,8.011400540205878,8.04006384139105,7.8895813393221506,7.968405246734619,8.257621680563641,8.600064179429895,33.36303108139026,2.018333311254029
2012-11-23,8.0472261277278,8.097387398477338,7.997065540365011,8.090221405029297,8.241678797179418,8.580070345139676,39.228287240237485,2.171908762753555
2012-11-26,8.068728066707537,8.140385986184121,7.946908851871554,8.133220672607422,8.231349451982085,8.562546828569785,41.19581482048212,1.520564571616858
2012-11-27,8.663488730151943,8.835468489132856,8.598996149687398,8.69215202331543,8.27523541115669,8.567629385226477,59.53502779815979,9.082705436917825
2012-11-28,8.727980956960348,8.79963884527209,8.641991080954185,8.756644248962402,8.321083871900091,8.575041732823964,61.04466630370611,8.237386970878484
2012-11-29,8.770977606635341,8.892796797009744,8.74231430792295,8.835470199584961,8.370073045965317,8.585254613873415,62.868089793828425,8.634335096091835
2012-11-30,8.84263665320735,8.885631261809824,8.749480756719347,8.763812065124512,8.407572000170955,8.592256866863654,60.113398952660084,0.8244223250682273
2012-12-03,8.821142534900556,8.849805845450396,8.670659983667086,8.706488609313965,8.436040248660765,8.596736543038176,57.92677791228165,-0.5727723797204686
2012-12-04,8.756644248962402,8.871297416970618,8.670654372956239,8.756644248962402,8.466573962975207,8.603007433466578,59.32103923407172,-0.8921534320410178
2012-12-05,8.735147619356118,8.935791377810839,8.735147619356118,8.871298789978027,8.505119184594523,8.613528663133694,62.38938966471351,1.2264836814707358
2012-12-06,8.835469730816508,9.10777139583066,8.770977141288562,8.942956924438477,8.546818016960614,8.62644741847898,64.2065672880202,2.716000970489347
2012-12-07,8.971621070153175,9.00028436787242,8.86413319116582,8.985952377319336,8.588640336994779,8.640545652158995,65.2901968963058,2.6186758515866955
2012-12-10,8.957291549864218,9.100608077984624,8.928628244240135,9.050447463989258,8.63262196813711,8.656620233015083,66.90858130209955,2.0194187824404706
2012-12-11,9.079108431276628,9.100605734111252,8.985952541144012,9.028947830200195,8.670367288333594,8.671221315257636,65.8070643942032,0.9615489204329145
2012-12-12,9.05044388968574,9.20809235005143,9.02178059538169,9.12210178375244,8.713389621230627,8.688902902257432,68.24632527289704,1.5151360781384355
2012-12-13,9.143601591619936,9.243922800009711,9.093440304038069,9.12926959991455,8.752997238248144,8.706172184518495,68.43293159936977,0.8709197665520698
2012-12-14,9.150765604819073,9.157930915732312,8.971619847638308,9.043277740478516,8.780643000365322,8.719392010242418,63.60378388151481,0.15871074401813862
2012-12-17,9.021782764169256,9.12210397665668,8.985953466829315,9.064777374267578,8.807703416927442,8.732936534321835,64.28243350551647,-0.6284122984350292
2012-12-18,9.036109091605168,9.329908621115914,9.028943782796908,9.30841064453125,8.855389819556375,8.75550414648691,70.9034055493911,1.9622713805973697
2012-12-19,9.27975183108797,9.380073720002036,9.15076732635498,9.15076732635498,8.883521010680052,8.771004663344481,62.79246727480474,1.188613121936219
2012-12-20,9.165096282958984,9.222422866663614,9.129266997296895,9.165096282958984,8.910337703278046,8.786459236662697,63.20449125798824,1.1066891612383574
2012-12-21,9.028947830200195,9.12926903235306,8.978786545736826,9.028947830200195,8.92163390584206,8.795968593272011,56.77160832717606,-3.0022613419535897
2012-12-24,9.04327969984318,9.136435595767244,8.985953099795598,9.12926959991455,8.941408733848965,8.809039220983484,60.00205478264267,-0.2349281286883388
2012-12-26,9.12210216022343,9.179429434584277,8.985951677506948,9.021780967712402,8.949063232312149,8.817382034580698,55.23894208754611,-1.5637076886257453
2012-12-27,9.043279311365726,9.050445306910586,8.892796821858445,9.014616012573242,8.955306354241777,8.825116700384328,54.925946721623944,-0.1587318688343263
2012-12-28,8.942954418025899,9.064773567795296,8.921457122003865,8.935789108276367,8.953447568911738,8.829456794811467,51.4705565146647,-2.1193425116944136
2012-12-31,8.91429257662458,9.057609729078656,8.856965988997683,9.043277740478516,8.962002823346669,8.837841929935665,55.57470111500628,0.23827637628365175
2013-01-02,9.265418922136083,9.315579516232006,9.136433756304466,9.21525764465332,8.986122330137778,8.852642546199103,61.2249724891393,2.225736867773745
2013-01-03,9.215259237027997,9.315581125942062,9.14360133070677,9.15076732635498,9.001802805967989,8.864333714048353,58.23396951771681,2.4058112324909224
2013-01-04,9.17942905574738,9.279750244118132,9.064775195144344,9.12210178375244,9.01325985147127,8.874442265801456,56.90328257377978,0.8716313435901739
2013-01-07,9.10777407523742,9.157934689232784,9.04328146673646,9.050447463989258,9.016801528853936,8.881344430436272,53.60583098830378,-1.7884489725546104
2013-01-08,9.028947499400344,9.064776108349728,8.907128315489095,8.942956924438477,9.009768709385797,8.883760606671652,49.01701621852049,-2.270961488857797
2013-01-09,8.964456152018734,9.050446055508752,8.792476345038697,8.885631561279297,8.997946123851845,8.88383397744058,46.72005786023791,-2.5922778333204377
2013-01-10,8.94295758483393,9.09344007704926,8.935792272547076,9.057611465454102,9.003628537337773,8.89064878089209,53.72589237165542,0.07915632341216862
2013-01-11,8.899961896973661,8.942956499022433,8.692152831372923,8.921459197998047,8.995802885972084,8.891857032543303,48.310056052039975,-0.24038723010822863
2013-01-14,8.899961201216357,8.993117076222044,8.856965919141876,8.957287788391113,8.992134781440564,8.894422944537336,49.74569326104283,0.8064280700549303
2013-01-15,8.892795277111201,9.050443734778584,8.864131983297751,9.043277740478516,8.997005539444178,8.900260387515422,53.11163360879646,-0.15825060536384267
2013-01-16,9.04328038080285,9.064777686592697,8.907129866284444,8.971622467041016,8.99458810397721,8.903058900437994,50.10030184466619,0.5622765057786204
2013-01-17,8.921457736698736,8.950121027831942,8.799638578535912,8.813970565795898,8.977386433674228,8.899565240255951,44.16692602096371,-1.6000068991972975
2013-01-18,8.878464309444126,8.878464309444126,8.591830677025415,8.670655250549316,8.948173940043285,8.890588377914515,39.57816686033562,-4.12043620269792
2013-01-22,8.663488969829727,8.821137428283691,8.591830393245152,8.821137428283691,8.936075224637609,8.887864811262325,45.930425731065604,-1.6773447535288073
2013-01-23,8.821139348906113,8.84263665320735,8.735148764927201,8.763812065124512,8.919669209445885,8.882999997688295,44.03134815983652,-0.5690795118608094
2013-01-24,8.763809385241496,8.785307366355854,8.649156219512019,8.713648796081543,8.9000482176969,8.876358774095873,42.380043042664504,0.4958511702965329
2013-01-25,8.72081357705618,8.806803439395402,8.656321009455095,8.770974159240723,8.887755450224883,8.872226044101554,44.92211738397925,-0.5686712110631849
2013-01-28,8.649161988214283,8.713654607798231,8.505845435465082,8.706488609313965,8.870491941566701,8.865726536854982,42.64301668492006,-0.6540927097086541
2013-01-29,8.778144056916657,8.89996325360197,8.713651460625965,8.763812065124512,8.860331953334112,8.861729890904767,45.29974583124254,0.5756861472948825
2013-01-30,8.778144836425781,8.778144836425781,8.52734042488737,8.5989990234375,8.83544310286777,8.851426719631542,39.617821301217354,-1.9607301615640609
2013-01-31,8.5989990234375,8.656325628922787,8.548838414484635,8.5989990234375,8.812924619112506,8.8415275942906,39.617821301217354,-1.2345917016588686
2013-02-01,8.63482580885362,8.656323108805328,8.51300663681587,8.534503936767578,8.786408363651084,8.829487450858325,37.48403718186286,-2.6165340681991873
2013-02-04,8.534506757315391,8.548838750944302,8.41985354183237,8.448516845703125,8.754228219084611,8.81454742712675,34.79344065675184,-1.7499964510313304
2013-02-05,8.477177600420934,8.620494076678336,8.434182999237146,8.570333480834961,8.736714434489407,8.804970409625112,41.22949449827036,-0.3333590633561887
2013-02-06,8.556000185072987,8.727980613708496,8.513005590454181,8.727980613708496,8.735882642034083,8.801951201942106,48.33635208071369,2.2669938214850336
2013-02-07,8.713652036084742,8.835471240815123,8.699320726733124,8.8283052444458,8.744684794644723,8.802984693804996,52.29030087493919,4.495326288374915
2013-02-08,8.849804816712211,8.942960052630017,8.677824290017671,8.799643516540527,8.7499189586348,8.802853667245605,51.087374522835496,2.675625589346682
2013-02-11,8.828305289820449,8.942958498770789,8.792476674563742,8.914295196533203,8.765573838434648,8.8072239232961,55.49763025701503,2.1346814466117663
2013-02-12,8.928625256839442,9.093439038186606,8.921459261984293,9.00744915008545,8.78860958240139,8.815075892974114,58.7518913226769,2.0291992707473976
2013-02-13,9.036113093772856,9.18659557958227,9.021781786422256,9.15793228149414,8.823783172791176,8.828521241543527,63.407082307313125,4.071628177665885
2013-02-14,9.143602217733989,9.308416033309772,9.093440926717294,9.279752731323242,8.867208845032325,8.846216594083907,66.68494708043688,4.099679522977505
2013-02-15,9.29408143798779,9.30124674841078,9.12210100348712,9.165096282958984,8.895579077215816,8.858721679922146,61.13432000930105,1.7501862097333032
2013-02-19,9.193764477958368,9.279754399374788,9.193764477958368,9.243925094604492,8.928754888395689,8.873827696184199,63.390526771913414,0.93899813262565
2013-02-20,9.258256600610624,9.272587911729108,9.01461816111238,9.050447463989258,8.940344657499839,8.880753961588319,54.95772592233202,-2.471027773832576
2013-02-21,9.021780283833031,9.050443577147254,8.899961116400888,8.96445369720459,8.942640756519339,8.884036304161507,51.667784119951435,-2.189203250678959
2013-02-22,9.014617386164735,9.06477799584801,8.993120079641484,9.036114692687988,8.951543036154447,8.890000162535095,54.13195186614039,-2.248075355324969
2013-02-25,9.086275376959025,9.136435983281434,8.84980297088623,8.84980297088623,8.941853506128902,8.888423802078277,47.36990601792604,-2.21695660796187
2013-02-26,8.900330814046267,8.979733355807577,8.806491071017279,8.87145709991455,8.93514908648944,8.887758441209112,48.18013160467866,-1.0373928008467315
2013-02-27,8.871456645199498,9.102446346413627,8.84258293254773,9.08800983428955,8.949707252946594,8.895611437016187,55.54987592412099,0.574308133157672
2013-02-28,9.095229596982897,9.203505861164528,9.07357379342361,9.102447509765623,8.964253944072215,8.90372265555538,55.99917468932687,2.8548041093178442
2013-03-01,9.001387094143361,9.051915910189232,8.885892264093656,9.037479400634766,8.971227797078173,8.908968018107513,53.38422794582837,1.871420882166177
2013-03-04,9.01582103425436,9.023039631176092,8.871452537836202,8.936418533325195,8.967912629101699,8.910044508900365,49.511187418817656,-1.6680362777821094
2013-03-05,8.99416849516438,9.095226815659618,8.92920248116055,9.037479400634766,8.974538035914373,8.915041955635047,53.17006058042369,-0.7137432988342544
2013-03-06,9.066353797912598,9.124101217330857,8.986950579909836,9.066353797912598,8.983282394199918,8.920975753371422,54.191500562092884,0.31949613379814706
2013-03-07,9.138537406921388,9.152974605470504,9.044697681562685,9.138537406921388,8.998068585887678,8.929507582922401,56.7322614855967,2.2617435927207605
2013-03-08,9.196287187433493,9.217942990821946,9.102447437961269,9.17463207244873,9.01488415603635,8.939120308001865,57.9871046834961,1.5175987212134796
2013-03-11,9.17463166120742,9.217942577639278,9.080791915941443,9.116884231567385,9.024598448944069,8.946091442259336,55.22743229032874,0.5573401918908224
2013-03-12,9.116884911870637,9.239598381113526,9.10244770918149,9.145758628845217,9.03613751369656,8.953921528007802,56.346124891266044,0.07901944919937497
2013-03-13,9.181849060879689,9.196285572199338,9.102445839209112,9.124101638793944,9.04451504942012,8.960595257842552,55.23143278368588,-0.5507625074854936
2013-03-14,9.138539684241447,9.25403454780158,9.102447367277986,9.246816635131836,9.06378186710695,8.971819625579387,60.05370381178493,1.4251843092902061
2013-03-15,9.196290308920103,9.32622241973877,9.13132425351077,9.32622241973877,9.088776205452838,8.985717774369952,62.8427826411171,1.973196518923866
2013-03-18,9.210724994783796,9.333438468431831,9.138540355554223,9.275691032409668,9.106577617543964,8.997089274685235,59.973095821825005,1.661417196090793
2013-03-19,9.297347589489709,9.355095034460142,9.189070613867262,9.261255264282228,9.121308821995227,9.007448725257667,59.14221253609278,0.1561470257292124
2013-03-20,9.30456330074656,9.56442672235893,9.290126099788502,9.513897895812988,9.158698257596917,9.02730947704415,67.60190308636112,2.0123418424699717
2013-03-21,9.492241018634424,9.506678217956336,9.326217356853752,9.37674617767334,9.179464726175624,9.041012877068825,60.302396516285306,1.089462174953659
2013-03-22,9.40562009710991,9.470586118696358,9.33343616410552,9.42005729675293,9.202378304325844,9.055877364115261,61.70850784795628,1.7146923169600048
2013-03-25,9.463368749212796,9.492242463849154,9.347873890667366,9.39118480682373,9.22035987599231,9.069026675594024,60.178250432761445,-1.2898297872553703
2013-03-26,9.441713302719045,9.528334443576584,9.37674727497498,9.46336841583252,9.243503546453283,9.084491057564161,62.670602900848955,0.9237984746290033
2013-03-27,9.405621666014108,9.513898616187175,9.383966551340968,9.492242813110352,9.267193000420622,9.100481322487541,63.650645262421975,0.7662959373113797
2013-03-28,9.513900836979548,9.636614329444672,9.4778085118303,9.622177124023438,9.30100101219232,9.120939981371302,67.75338198633449,2.4596717235493615
2013-04-01,9.636614329444672,9.672705966190074,9.50668223426893,9.622177124023438,9.331589213319093,9.140596339906681,67.7533819863345,1.6781414525215557
2013-04-02,9.607740607006043,9.672705966190074,9.564429679146183,9.622177124023438,9.359264252433793,9.159481860852436,67.7533819863345,1.3688473153428529
2013-04-03,9.600517009137128,9.701574640890016,9.586079811227576,9.629390716552734,9.384990582349882,9.177909659115192,68.00379518778833,0.07496840305804481
2013-04-04,9.629390716552734,9.7376669472604,9.614953518643189,9.629390716552734,9.408266785607296,9.195614798622547,68.00379518778833,0.07496840305804481
2013-04-05,9.470586887076832,9.643829166427375,9.369528546587205,9.60773754119873,9.427264000425527,9.211776474802004,66.21376368258092,-0.1500656518643385
2013-04-08,9.622173784391824,9.665484697219483,9.557207759352142,9.636610984802246,9.447201808461406,9.22843665166476,67.44435951969277,0.07498156905296426
2013-04-09,9.636610984802246,9.701576321438324,9.586081471769376,9.636610984802246,9.465240777636724,9.244443488258387,67.44435951969278,0.07498156905296426
2013-04-10,9.665487736258516,9.723235179250038,9.636614014762754,9.67270565032959,9.484999336940806,9.261238082849415,69.07728744047125,0.6762061187898925
2013-04-11,9.67992428923137,9.708798010835784,9.578866607817824,9.651050567626951,9.500813739863297,9.276524846958338,66.90895181271685,0.149840881275354
2013-04-12,9.636610537570952,9.651047048907774,9.5355522045989,9.600518226623535,9.510309405269034,9.289230469690308,62.01685311017551,-0.37453787680785583
2013-04-15,9.564431086063625,9.57164968983609,9.448936179319938,9.47780990600586,9.507214214863017,9.296625741702682,52.06226451052697,-2.014904116482543
2013-04-16,9.528334408367416,9.528334408367416,9.456150468788016,9.513897895812988,9.507850755905872,9.305146218334459,54.381414150064444,-1.4211164976590405
2013-04-17,9.448933715353606,9.513899755556942,9.30456511957051,9.355093955993652,9.493302489247565,9.307104953144623,44.239028824139936,-2.556364821528989
2013-04-18,9.35509009170323,9.463366321714142,9.21794015446251,9.427274703979492,9.487014128745844,9.31181749239305,48.903727718922156,-0.5331949313980675
2013-04-19,9.434493470011525,9.456149268700257,9.26846981048584,9.26846981048584,9.466200384149653,9.31011758329865,40.814066414108304,-2.5796796225357843
2013-04-22,9.282905843371593,9.282905843371593,9.124100791583292,9.254032135009766,9.44599388423157,9.307918153953988,40.163579058133855,-1.0802865418485519
2013-04-23,9.282911734572933,9.47780990600586,9.210727762060102,9.47780990600586,9.449023981543407,9.314580575603081,52.73702682696438,0.5360531395678434
2013-04-24,9.744889200950396,10.069718703301328,9.679923162799462,9.99753475189209,9.501263102528995,9.341363092320297,69.0194519187568,7.8660766697586455
2013-04-25,10.048062304070967,10.401765479515682,10.019188589512291,10.271833419799805,9.574650751792882,9.377852124770474,74.09239725368829,10.998462831564016
2013-04-26,10.279052020540387,10.31514433583965,10.113028333928906,10.271833419799805,9.641049101126875,9.412910214771625,74.09239725368828,8.377710902291803
2013-04-29,10.358457493703304,10.502826097741597,10.322365170592782,10.40176773071289,9.713498494420781,9.451688940886969,76.23064488976678,4.04332656852528
2013-04-30,10.38732758541915,10.466730117797852,10.279050653917034,10.466730117797852,9.785234839504312,9.491494477236415,77.24196433074452,1.8973895898892543
2013-05-01,10.430640087250634,10.466732405640482,10.293490103453667,10.344018936157228,9.838452372518876,9.524926808958801,71.089054618748,0.7027520152174599
2013-05-02,10.322362599360371,10.41620234071135,10.286270285240208,10.372891426086426,9.8893513300015,9.558180323355963,71.66105419489531,-0.2776095888125142
2013-05-03,10.466730330467072,10.820433466072894,10.452293130612022,10.73381233215332,9.969776187349291,9.604283539387232,77.62147970093852,2.551725432389973
2013-05-06,10.712157933500896,10.82765278641137,10.690502820681088,10.741031646728516,10.043229088242551,9.648861896537872,77.72241204314625,3.8380895570825038
2013-05-07,10.777123243314897,10.79155975476637,10.668846309612745,10.73381233215332,10.108998920995958,9.69140897244436,77.34672553345183,3.4794628733819293
2013-05-08,10.719376533908706,10.755468159140513,10.632754705822226,10.741031646728516,10.16919251392287,9.7325706459457,77.46403691150824,0.06725769327613201
2013-05-09,10.704940616698153,11.00811498614291,10.704940616698153,10.870965003967283,10.236027989165194,9.777213561946546,79.51971248711466,1.2096915967875639
2013-05-10,10.849308928326844,10.993677508158813,10.842091015638012,10.8998384475708,10.29924803282287,9.821238067265144,79.95723331372264,1.5467581347602508
2013-05-13,11.08751664328648,11.188574987775572,10.943148071447524,11.000895500183104,10.366071601142892,9.867499143065848,81.45085084609256,2.4193565571863567
2013-05-14,11.022550140573925,11.21022891998291,10.993675740845609,11.21022891998291,10.446467536270513,9.92015521274887,84.09492733045228,3.1208261262161616
2013-05-15,11.210227414268983,11.34015944198012,11.116387692966889,11.318504333496094,10.529518659815807,9.97499243317033,85.26490837848516,3.84102835963224
2013-05-16,11.311286829633982,11.383471449440597,11.051423437456569,11.152481079101562,10.588848414033498,10.021168458500966,76.02963359747496,1.3779385406936713
2013-05-17,11.130825965423586,11.650552749633787,11.109170854849047,11.650552749633787,10.689963112662097,10.085065881682645,82.24331502113425,3.927875450125495
2013-05-20,11.592808739175211,11.859891497905268,11.585590137392506,11.773269653320312,10.793135164153355,10.151269951158632,83.38604734172304,4.0178923506561
2013-05-21,11.766050229281282,11.780487431837766,11.55671629944192,11.68664836883545,10.878231659837365,10.2114808694989,79.49704230202353,4.789672234771627
2013-05-22,11.693864362772713,11.794922004520794,11.296849641834902,11.405126571655272,10.928412127629546,10.25829050487758,68.34125648753894,-2.106562523277963
2013-05-23,11.087515563186614,11.397908478705912,10.99367582853186,11.36903476715088,10.97037618853634,10.301849103398101,67.04234473966856,-3.433497219316887
2013-05-24,11.260757392902072,11.3618150290197,11.195791376310158,11.304067611694336,11.002156324075196,10.341151789997953,64.66001207312343,-3.273656783935878
2013-05-28,11.354601135973544,11.527844148158383,11.340164619860358,11.376256942749023,11.037784954425085,10.381744148929368,66.10145712076877,-0.2531285271133844
2013-05-29,11.27454982267363,11.40531087916168,11.238227037560476,11.325401306152344,11.06517698792292,10.41875031195772,64.11738144840868,-0.38379213268490714
2013-05-30,11.281813825456656,11.427104273109771,11.27454982267363,11.325401306152344,11.089960256325721,10.45430525290653,64.11738144840868,0.1887258214550803
2013-05-31,11.2890787594997,11.412575815813364,11.165581703186035,11.165581703186035,11.097162298883847,10.482198447035138,57.79477571485563,-1.8518853839466773
2013-06-03,11.201904945179514,11.405311584472656,11.172846853851922,11.405311584472656,11.126509849892305,10.518398962228767,63.59400217638237,0.7055845189070917
2013-06-04,11.37625583108829,11.47069482051108,11.209171944816983,11.310874938964844,11.144068429803974,10.549476451512536,60.091183332781405,-0.12826359786128536
2013-06-05,11.260020387890334,11.260020387890334,10.86773583434678,10.88952922821045,11.119826601080781,10.562811854520298,47.515776149045045,-2.4723519321596648
2013-06-06,10.91132315186676,10.969439329834668,10.7660320141475,10.904058456420898,11.099277253970316,10.576194074202675,47.920507359513785,-4.394909550162317
2013-06-07,10.96944483748383,11.194644966980343,10.96944483748383,11.1728515625,11.106284330973143,10.59959240707708,54.856289359515415,-1.220271439739528
2013-06-10,11.201905337520136,11.223698733579244,11.020292087161897,11.056614875793455,11.101553906670315,10.617514856830665,51.65273712769252,1.5343697976415125
2013-06-11,10.962174798155347,11.063877764718807,10.87500052990117,10.88952922821045,11.081361080150328,10.628182087080853,47.370289789618425,-0.13324605942380677
2013-06-12,10.962176415679936,10.991234509385665,10.715182272781444,10.73697566986084,11.048562469646567,10.632448502091833,43.799717124450225,-3.9012054371339917
2013-06-13,10.678859392103394,11.02755720642166,10.548098317933691,10.962176322937012,11.04033521757899,10.645379004870076,49.81353692629928,-0.8541362244894719
2013-06-14,10.983968815320369,11.005762210420736,10.816884964884984,10.838678359985352,11.021129802570073,10.652959371737342,46.8526559091553,-0.46697030844421844
2013-06-17,10.904058765678355,11.049349214718807,10.882264678722658,10.976703643798828,11.016898739829955,10.665655225543675,50.40103284257459,2.2327327667409658
2013-06-18,10.969439421803871,11.056613689486614,10.962174726297103,11.034819602966309,11.018605488700084,10.680132259952407,51.858468945388,0.6626720633684728
2013-06-19,11.042085399573006,11.078408187929409,10.809620662571332,10.845943450927734,11.002161485102718,10.686634659598498,47.02244444650643,0.06702930653615807
2013-06-20,10.671594638441888,10.816885797763572,10.34469091556728,10.395543098449709,10.944388305421478,10.67521930425933,37.937136916579796,-5.294490624946769
2013-06-21,10.4827166117992,10.48998061499442,10.257515885558393,10.359219551086426,10.88865794786576,10.66282715707608,37.311033709147104,-6.122438573425091
2013-06-24,10.235722962845124,10.308367847747334,10.068638411250854,10.141283988952637,10.81747947558832,10.642374483816338,33.71570836280359,-6.496986317173016
2013-06-25,10.228460820942985,10.34469322005374,10.112228421832228,10.32289981842041,10.770376651096138,10.629846065565518,38.99165548628385,-0.6987925435096505
2013-06-26,10.366485530892774,10.417337023554596,10.22845906109693,10.410072326660156,10.736061953530806,10.62122748756923,41.40255453425084,0.49089388754577823
2013-06-27,10.475455169142306,10.526306671299384,10.37375147202839,10.388280868530272,10.702939945435517,10.612092326038292,40.96672916375157,2.43555825718617
2013-06-28,10.359219319430512,10.431864199354994,10.257515656176803,10.337425231933594,10.668129020340096,10.601321067445951,39.91085091210483,0.14071059265017882
2013-07-01,10.431865854980332,10.56989232650201,10.38101436168268,10.497246742248535,10.65185451766471,10.597239721359779,44.73186277257668,0.8374045141370012
2013-07-02,10.497247730652555,10.569893321746228,10.388280036811754,10.475454330444336,10.635054499834197,10.592463823676821,44.210995358492546,0.8391519541808223
2013-07-03,10.395540001358931,10.395540001358931,10.242984883760814,10.373745918273926,10.610167968257029,10.583886650915924,41.76657799779627,0.35135138127173976
2013-07-05,10.468184499870404,10.591681528495052,10.431861722133853,10.548094749450684,10.604256233132615,10.582483046936895,47.159890949724705,0.484393750577465
2013-07-08,10.62074437927718,10.642537778581396,10.504511992588457,10.56989288330078,10.60098353314863,10.581989315029597,47.81069431071805,0.9015222622085333
2013-07-09,10.628007859487774,10.816885812625806,10.628007859487774,10.729711532592772,10.613243342619501,10.58778234316933,52.436163415563705,3.431408645663789
2013-07-10,10.744240201556474,10.809621084590628,10.649801225262651,10.751504898071287,10.626411109805385,10.594202835518427,53.04726955630162,1.9284065364619212
2013-07-11,10.896793732990089,10.95490991080874,10.78782607277998,10.925851821899414,10.65492927286196,10.607208678121603,57.726579664064495,3.367668362666276
2013-07-12,10.911324634672145,10.9549114276716,10.79509157014123,10.918588638305664,10.680039688618503,10.619419656952351,57.46962485307873,1.7603185802260926
2013-07-15,10.933118229477122,11.02029250985679,10.867737345992472,10.962176322937012,10.706909844267885,10.632861094834103,58.65890551941718,1.959459878993468
2013-07-16,10.947648510857,10.998500701355532,10.80235802257483,10.91132640838623,10.726378088469632,10.643781303208696,56.66807311220844,-0.13294536435199805
2013-07-17,10.867733953344423,10.896792037733071,10.562623720863948,10.766030311584473,10.730154490671046,10.64857538196853,51.30952489356356,-1.3972348604284928
2013-07-18,10.584419014179543,10.816884423888569,10.555360924565854,10.74423885345459,10.731495858555192,10.652326890654258,50.5376607613364,-1.9880857875494522
2013-07-19,10.773297015142196,10.976703643798828,10.722445531177916,10.976703643798828,10.754848980959348,10.66504754764032,57.82620973115604,0.5991685425371382
2013-07-22,11.005761585882688,11.020290976991468,10.84594244048311,10.88952922821045,10.76767567117374,10.673850750799934,54.57830689597226,1.1471165606239206
2013-07-23,10.8822676179301,10.9694426036991,10.838680817845296,10.91132640838623,10.781356693765405,10.683163521685671,55.255041468726915,1.5551362661480395
2013-07-24,10.976705779104972,11.136525650539092,10.933118982313625,10.998499870300291,10.802036996292538,10.695529653003891,57.95313691484184,0.19856805110864603
2013-07-25,10.998496740628973,11.136522481591934,10.933115871246722,11.100199699401855,10.83043344420771,10.711399066588125,60.91423268760775,1.9346150487905636
2013-07-26,11.056611989878265,11.078405380249023,10.93311495644498,11.078405380249023,10.854049819068788,10.725791471045415,59.940042685761334,1.531243458488964
2013-07-29,11.092937608474484,11.223698676969176,11.063878823476143,11.1801118850708,10.885103349164218,10.74360795786994,62.92028377939639,1.651243505134042
2013-07-30,11.056613689486614,11.21643283383856,10.678857836728572,11.034819602966309,10.899362040002513,10.755028022383524,56.45854900953452,-0.588999281148698
2013-07-31,11.071142387700656,11.18737474461098,10.976703424511149,11.034819602966309,10.91226276028478,10.766000241229907,56.45854900953452,-0.3934300631426714
2013-08-01,11.129257752394976,11.267284185733242,11.129257752394976,11.2236967086792,10.941923136322343,10.78394912230635,62.296334928351165,0.38984246362148484
2013-08-02,11.216431246431048,11.230960635388312,11.143786380042922,11.187373161315918,10.965299329178874,10.799769672855744,60.613248391945774,1.3824744204119197
2013-08-05,11.16558364325128,11.26002262582968,11.121996846861029,11.143790245056152,10.98229846402433,10.813260675687133,58.568586935017784,0.987516298504336
2013-08-06,11.121994413187403,11.12925841579654,10.867735616281555,10.94764518737793,10.978998151962768,10.818530656537753,50.3385738706907,-2.4595418823799915
2013-08-07,10.882265848939728,10.9549114276716,10.845943752373374,10.918588638305664,10.973244864947807,10.822454498960024,49.23485171563852,-2.402570461667143
2013-08-08,10.92585484171563,11.042087229478613,10.853209252963923,10.991235733032228,10.974958280955846,10.829073370884425,52.06476183920027,-1.3689643170698005
2013-08-09,10.998499112961772,11.034821210186935,10.91858883634738,10.962176322937012,10.97374095162072,10.834293094494331,50.84381064842779,0.13273297873989998
2013-08-12,10.933116855486446,11.034819823415008,10.918587464182648,10.976703643798828,10.97402311278054,10.839877821918037,51.45667917327834,0.5322574869180372
2013-08-13,10.983971750303215,11.071146046797718,10.947648953563908,11.049352645874023,10.981197354027538,10.848092520896703,54.51106361821013,0.5287568591321804
2013-08-14,11.063878311389365,11.092937095042728,10.96217533980072,10.983968734741213,10.981461295047888,10.853420999870998,51.37780877043304,0.1987963992022555
2013-08-15,10.867736054752068,10.918587539065102,10.809619874737312,10.831413269042969,10.967171006856944,10.852557951603233,44.89386003887343,-1.3236248282783842
2013-08-16,10.802356266574334,10.9549114276716,10.780562870074606,10.918588638305664,10.962544114613966,10.855147390297446,48.86515076106626,-1.1834540154457682
2013-08-19,10.896795596046111,10.918588993254316,10.671594848896,10.693388938903809,10.936910288355856,10.848803921615342,40.70437452215482,-2.6454900123516265
2013-08-20,10.700651297880098,10.715180688985193,10.468186582594564,10.511774063110352,10.89642112404676,10.83558706441907,35.548298207490376,-2.951038779456151
2013-08-21,10.48998259785253,10.686125269989502,10.446395799244096,10.56989288330078,10.865323196356668,10.825167684767372,38.24421183955399,-3.193597327969257
2013-08-22,10.606213145708896,10.744238898756011,10.53356757496862,10.620741844177246,10.842029734244342,10.817150985136387,40.58580675462637,-0.6793645601186712
2013-08-23,10.68612404617646,10.751504929401134,10.613478466415806,10.729711532592772,10.831332762658478,10.813721986997422,45.366606825303926,2.073270108108984
2013-08-26,10.722446046709193,10.838678411529962,10.715181350708008,10.715181350708008,10.8202707234251,10.809857648319406,44.848395012846105,1.3745500452210588
2013-08-27,10.620741015685985,10.628005710753214,10.315630750856746,10.330160140991213,10.773593525098063,10.79104598136536,33.82324381923216,-2.7359831116255116
2013-08-28,10.35210793677132,10.4618480184605,10.31552860724758,10.366740226745604,10.734845591921639,10.774406540007721,35.44691980129176,-3.3828617362600997
2013-08-29,10.337479638239136,10.43990360757558,10.300899599354247,10.374059677124023,10.70048502860758,10.75870666303189,35.78641935963706,-3.183536166295913
2013-08-30,10.374056128822808,10.39600386556434,10.198472141772642,10.271632194519045,10.65964190155153,10.739605703482368,33.15834414677828,-0.5665734671423208
2013-09-03,10.286266614513112,10.366742131036457,10.125314883760312,10.183842658996582,10.614327687974868,10.717811074286848,31.053404267952708,-1.7642727004691048
2013-09-04,10.176527885769357,10.476482948754258,10.161896288839126,10.374059677124023,10.591445020274787,10.704330627339287,39.94870330219102,0.0
2013-09-05,10.410638676400124,10.608170461267523,10.39600707995042,10.571590423583984,10.589554106304234,10.699125129152804,47.520629323640506,2.9202586637106975
2013-09-06,10.593537159801215,10.60816945256576,10.410637686481117,10.535009384155272,10.584359370861476,10.692689217584274,46.35493162943298,3.448273278735929
2013-09-09,10.54232303311688,10.72522246310907,10.54232303311688,10.703274726867676,10.595684642862066,10.693104335595388,52.16728610340114,3.173444726461414
2013-09-10,10.776436079313804,10.871543884277344,10.74717219299472,10.871543884277344,10.621956951568283,10.700101964955465,57.165455503192824,2.83735416029927
2013-09-11,10.878861358544627,10.922757542235823,10.82033357876048,10.89349365234375,10.647817589737375,10.707685952696183,57.78512702082129,3.402790212295788
2013-09-12,10.88617540737178,10.893491552861311,10.527692650857045,10.600852012634276,10.643344677632317,10.703496386419246,47.84684044473945,-0.9569287610295165
2013-09-13,10.652063552012034,10.710591316223145,10.549639615789596,10.710591316223145,10.649749119402872,10.703774618960576,51.23391018759545,-1.4804941208669748
2013-09-16,10.813015347888513,10.82764763886758,10.593535867144745,10.600852012634276,10.645092252091576,10.69973843832033,47.88482565810278,-2.686389225062909
2013-09-17,10.60085142142409,10.717906951904297,10.520375918645447,10.717906951904297,10.652026985407073,10.700450929049113,51.52481653720575,1.1042031256592701
2013-09-18,10.776436671295246,11.039812360341076,10.754488929776802,10.988600730895996,10.684081627834589,10.711750921278403,58.707412155716696,2.595649544126995
2013-09-19,11.039812203800118,11.054443798702902,10.84959658612113,10.878860473632812,10.702631994101086,10.718304237057009,55.14040262251507,2.622510536579529
2013-09-20,10.878857622477293,10.944701526548585,10.732538223266602,10.732538223266602,10.705480206402564,10.71886243259464,50.71571170689462,0.13651239395864587
2013-09-23,10.783750716082858,10.922754679923798,10.681327477153731,10.842278480529783,10.7185086134623,10.723702277611705,53.7154887256401,-1.3315821909409005
2013-09-24,10.820330295262377,10.922754227656526,10.798382558930042,10.886174201965332,10.734476764748303,10.730073725625573,54.89803156206222,0.06722880903055864
2013-09-25,10.87885862444033,10.973966417113363,10.79838312188899,10.915438652038574,10.751711230204519,10.737342938426083,55.7104602051649,1.704167504155455
2013-09-26,10.930070877075195,10.97396705227495,10.856911515350316,10.930070877075195,10.768697863239822,10.74490089680448,56.13591506745287,0.8097227598706924
2013-09-27,10.89349498466468,10.90812658254714,10.703279328248923,10.77643871307373,10.769435087033528,10.74613767391308,50.6358607321532,-1.0080262069643393
2013-09-30,10.666698897638703,10.754490574847743,10.586223367956975,10.674015045166016,10.760347463998528,10.743309335530842,47.3080108941312,-2.211762757032858
2013-10-01,10.681329186090135,10.78375244140625,10.63011686072598,10.78375244140625,10.76257650946593,10.74489533968282,51.022039399759166,-1.3386778303133842
2013-10-02,10.681328786154156,10.717908120136803,10.586220982845912,10.63011646270752,10.74996126691751,10.740394207252416,46.120651889289995,-1.357797824142925
2013-10-03,10.608168640561288,10.659380265904954,10.425269181241266,10.461849212646484,10.722522023653601,10.729470874130616,41.426755524537306,-1.987685342598572
2013-10-04,10.439899798853066,10.717906318459953,10.439899798853066,10.703274726867676,10.720688947769228,10.728443574237952,49.38608119147369,-0.7462867399437404
2013-10-07,10.556955142394582,10.681326808484922,10.513058972954369,10.593534469604492,10.708578997467825,10.72315302111507,46.30586973556064,-0.34413539335494553
2013-10-08,10.586219842628973,10.600851435104882,10.242368698120115,10.242368698120115,10.664178016577567,10.704298733938797,38.11387043552157,-2.097913189773914
2013-10-09,10.256999524173567,10.3155272811347,10.110679434064846,10.249683380126951,10.624702336915604,10.686470680848137,38.358492186328924,-4.237874466606992
2013-10-10,10.410635357622027,10.58621934298784,10.34479214802906,10.578903198242188,10.620340514184802,10.682252348196924,48.26961125007652,-0.13811510600437912
2013-10-11,10.439903264711903,10.571590423583984,10.366743189344826,10.571590423583984,10.615697648413295,10.67791266487877,48.08466864478983,3.2143123838560346
2013-10-14,10.46185139943702,10.608170857936278,10.388691321334283,10.54232692718506,10.608709960677272,10.672595577126076,47.303605543713,2.8551471904538417
2013-10-15,10.47647972818825,10.60816754860932,10.37405648804386,10.439900398254396,10.592632859494142,10.663470275993854,44.57440189823629,-1.31396230197936
2013-10-16,10.49843092930185,10.586222600143405,10.469167039021332,10.549642562866213,10.588538545529577,10.659006444106495,48.03385874684166,-0.20761172007580378
2013-10-17,10.505742069496844,10.893489328805783,10.505742069496844,10.84959316253662,10.613400890006439,10.666480433064539,56.0993272693928,2.9145959660881346
2013-10-18,10.93007137498565,11.00323143774931,10.849595864110476,10.97396755218506,10.647740572118689,10.678538751461423,58.94473129369997,5.115634570804553
2013-10-21,10.988600459830897,11.069075975217451,10.96665202114775,11.039812088012695,10.685080716489546,10.692706333286964,60.40777121836003,4.6463140549598805
2013-10-22,11.105652679999206,11.325131419398389,11.098336535964329,11.230024337768556,10.73698010899231,10.71377762758036,64.35906886318683,3.5064095909656476
2013-10-23,13.198024759000727,13.219971799566515,12.23963065248278,12.817593574523926,10.935133772376274,10.79628021373501,81.21228181163967,16.799995202936202
2013-10-24,12.79564813251143,12.817596573624824,12.312793591315703,12.788331985473633,11.111628840290308,10.874399891058093,80.45710614084386,15.838312133587166
2013-10-25,12.781013960300957,12.817594690114506,12.53958672518016,12.693222999572754,11.262256855460064,10.945726287470434,77.92087729223131,13.029345420768163
2013-10-28,12.64933102226504,12.72980585931692,12.539590197845351,12.656645774841309,11.39505580016304,11.012821169328115,76.91668137521143,-1.2556787570680572
2013-10-29,12.685901532101118,12.83953634663449,12.598109212788064,12.810273170471191,11.529838406859055,11.083309483098432,78.18813360428264,0.17157190650416143
2013-10-30,12.920016827866837,12.94928140919236,12.378634632052982,12.437162399291992,11.616250215662191,11.13640175432171,68.3424446224256,-2.017301675779119
2013-10-31,12.33473882950646,12.63469380310598,12.290841958678236,12.503005981445312,11.700703145736775,11.189994076954008,69.08234318783903,-1.2139060864087623
2013-11-01,12.503007243424756,12.68590670410047,12.4517956177015,12.532270431518556,11.779900030096945,11.242632365368305,69.42438687953621,-2.1701546505148364
2013-11-04,12.59079678480906,12.685905275077596,12.546901309906962,12.6273775100708,11.860612171046837,11.29693609653311,70.56413522276446,1.5294092387957958
2013-11-05,12.166471508326635,12.305475489134553,12.034785068806244,12.071364402770996,11.880683812163424,11.327305834032634,57.15139527982409,-3.452302424831919
2013-11-06,12.093315496322182,12.137210985802607,11.93236304253987,12.107946395874023,11.90232786775491,11.357919189398963,57.720808015717786,-3.38585125467259
2013-11-07,12.12257819700725,12.2103705678042,11.866518627212905,11.93236255645752,11.905188314298016,11.380446380264004,54.01081506477161,-5.504032433171346
2013-11-08,11.954309031939044,12.15184078718574,11.881148967542623,12.129892349243164,11.926588698578506,11.409836418263188,57.33329621271736,0.48484947118929494
2013-11-11,12.122573788528618,12.181101549304994,12.042097594181644,12.137206077575684,11.946647496578237,11.438360718628385,57.455853046496316,0.24165684869261447
2013-11-12,12.122577997981452,12.320109782472262,12.100630952201833,12.239633560180664,11.97455093120704,11.469783183002985,59.222428359523576,2.5751061641758155
2013-11-13,12.19546968043049,12.48986819037696,12.173390669561272,12.401549339294434,12.015217446262982,11.506323032269316,61.91463167812517,2.2395663723117822
2013-11-14,12.416272982726516,12.50459185775892,12.246992565275184,12.357393264770508,12.047805619454175,11.539698335504657,60.73695658708047,1.8141505202060881
2013-11-15,12.40155152648576,12.51931095123291,12.379471107919516,12.51931095123291,12.092710889147389,11.578114516513608,63.480110443495924,2.285014413847516
2013-11-18,12.489868362144476,12.570828479919223,12.291150242574494,12.350029945373535,12.117217465930832,11.608385709802233,58.85079114447815,-0.41542707698350817
2013-11-19,12.34266900716264,12.526668241960644,12.335308869314389,12.40890884399414,12.144997597174957,11.63977877388819,59.94493158600826,0.41688063266949466
2013-11-20,12.42362802925321,12.570827982325588,12.335309180452017,12.39418888092041,12.16873010038881,11.669363483967885,59.51884505835132,-0.9994325630211932
2013-11-21,12.445707469551536,12.673866115539138,12.445707469551536,12.614986419677734,12.211230702225851,11.706446736348664,63.68816928745938,2.1453913510829583
2013-11-22,12.60026897698104,12.703308105468752,12.467789295323788,12.70330810546875,12.258095216820413,11.745539339059256,65.23081123995055,2.372483069831699
2013-11-25,12.718028396211055,12.74746754561053,12.51194873520339,12.570828437805176,12.287879333104677,11.77790361744145,61.041805755415595,1.42518045014373
2013-11-26,12.570828437805176,12.7033081196099,12.497228458602232,12.570828437805176,12.314826866885676,11.808998708436105,61.0418057554156,-0.3500438320225054
2013-11-27,12.570830802460245,12.65179093519289,12.563470662775174,12.637070655822754,12.34551675154635,11.841472118137542,62.44053156616139,-0.521418902037659
2013-11-29,12.62970814040696,12.659148693609271,12.497228458602232,12.570828437805176,12.366975007380525,11.87007432675196,60.11613871208932,0.0
2013-12-02,12.5708306612849,12.695950226919711,12.519311087871111,12.556110382080078,12.384987900209053,11.896977701470709,59.58539722195379,-0.11708103247066014
2013-12-03,12.497228500469712,12.497228500469712,12.239629274297844,12.350029945373535,12.381658571177098,11.914744456133565,52.584969237644714,-2.2714181020817485
2013-12-04,12.30586911542212,12.460429212646378,12.239629274297844,12.350029945373535,12.378646321100568,11.931814475319447,52.58496923764471,-1.7564354928877806
2013-12-05,12.313228768357266,12.408909159010744,12.239628791809082,12.239628791809082,12.36540655640614,11.943885624985707,49.00767191538891,-2.520538452120289
2013-12-06,12.394189336442542,12.629708146972108,12.394189336442542,12.59290885925293,12.38707344239155,11.969337516525599,58.691788549903826,1.966626113083878
2013-12-09,12.57819002617322,12.607629178966562,12.489869760187185,12.526670455932615,12.400368396062127,11.991193710227835,56.524256953531435,1.4302840668435128
2013-12-10,12.534029136152414,12.784268222882147,12.52666899786003,12.70330810546875,12.429219796957996,12.019119764943165,60.69309520246085,3.788344577655559
2013-12-11,12.666511649796742,12.68859207205778,12.430992760892249,12.467793464660645,12.432893479596343,12.03671481199091,53.347880158771716,-0.9935384746341092
2013-12-12,12.357392093156347,12.55611024504024,12.342671814112183,12.51931095123291,12.441123714990303,12.055640150784715,54.64103290072766,-0.0587506849932322
2013-12-13,12.607626122429432,12.62234639715889,12.408908028792446,12.423626899719238,12.439457351631154,12.070071003684108,51.77070135533659,-2.2016407334803563
2013-12-16,12.497231301359957,12.592911717229152,12.46779214526393,12.548750877380373,12.449866258845365,12.088842763436903,55.09281628279851,0.6493323213060771
2013-12-17,12.6223514619214,12.688591320980256,12.60763118128538,12.673871040344238,12.471200047559543,12.111785048805817,58.19390873017927,1.2345734498759051
2013-12-18,12.62234720080916,12.821066710901052,12.548747226278524,12.78426742553711,12.501015988319311,12.13815690671685,60.76815371593484,2.902860241448664
2013-12-19,12.79162820768571,12.86522819400073,12.769549194453289,12.82106876373291,12.531497205025369,12.164937763854734,61.61664366134749,2.170079627952462
2013-12-20,12.806348804521845,12.990348072988548,12.77690965154474,12.828429222106934,12.559776444747422,12.19095703672737,61.79461842636408,1.2195025597995774
2013-12-23,12.850509463743643,13.012429733899603,12.850509463743643,12.92410945892334,12.59447482704989,12.219708112107606,64.12340033600871,1.09386035766813
2013-12-24,12.93882797430491,13.041867111223572,12.93882797430491,12.982987403869627,12.631476024842247,12.249640633353176,65.51634126859453,1.2629106287514649
2013-12-26,12.990348005089109,13.07130813200825,12.98298786593255,13.049227714538574,12.671261900051421,12.280996989478094,67.06560555493694,1.7211654568834018
2013-12-27,13.063951173486286,13.137551179168003,13.049230891589271,13.0786714553833,12.710062810083029,12.31227834108222,67.75899316348593,1.1959198964633106
2013-12-30,13.063948634180736,13.130188486038575,13.049228355144978,13.086029052734377,12.745869118906967,12.342621506245049,67.94063214672583,0.7936667090506281
2013-12-31,13.100754414603454,13.166994299258947,13.07131524575866,13.115474700927734,12.781069650527993,12.372929474663978,68.70061886465557,0.5076697858169201
2014-01-02,13.05659103253778,13.10811061537398,12.968272148762397,13.0786714553833,12.80941267956183,12.400605630770619,66.57629677260171,0.0
2014-01-03,13.078668554939425,13.21850699053917,13.078668554939425,13.166987419128418,12.84346741666341,12.430659818549357,69.04952825401237,0.6186625909799934
2014-01-06,13.240587121200086,13.247947260356645,13.012428422558786,13.049227714538574,12.863063635508663,12.454917383097953,62.41732910340491,-0.5051055177169769
2014-01-07,13.071312075764402,13.247951257406749,13.056591793010016,13.130191802978516,12.888504413362934,12.481398732897192,64.91265758908142,0.39392646088688615
2014-01-08,13.14490791522467,13.233226776123049,13.04922751148128,13.233226776123049,12.921335114578183,12.510882185572717,67.83913217879332,0.5030714687127373
2014-01-09,13.255306878063797,13.36570615346318,13.211147448664631,13.247946739196776,12.952440983589478,12.5397866778717,68.24659809296088,1.5228412669724656
2014-01-10,13.314185766248428,13.49082487678305,13.292105351005524,13.461385726928713,13.000911911526547,12.575927817050406,73.49112721856716,2.5223845083136367
2014-01-13,13.446665958171698,13.490825386523168,13.22586600880852,13.262666702270508,13.025840939216447,12.602858753725705,63.049910843278916,0.22246974714117462
2014-01-14,13.277389386633384,13.608587265014648,13.277389386633384,13.608587265014648,13.081340589292466,12.642299087501742,70.82137184298081,2.7222371354410995
2014-01-15,13.586501927359,13.674822171908774,13.490822949249182,13.549702644348145,13.125946499297768,12.677883540711406,68.19212365625188,0.6560759732392112
2014-01-16,13.54971007890356,13.696910099319098,13.520270917102511,13.623310089111328,13.173314460232392,12.71495909162905,69.70612619513892,2.7192373520106616
2014-01-17,13.652746477718908,13.844105903868138,13.63802760170985,13.814666748046877,13.234395630500439,12.758084882076808,73.26837182266256,1.5143341407820006
2014-01-21,13.89562707845175,13.910347359957896,13.711627771034836,13.807308197021484,13.288958732073871,12.79923089442758,72.91330569157667,1.9011897119439174
2014-01-22,13.807304815801649,14.072264202814136,13.75578524694988,13.983943939208984,13.355147799420072,12.845690229517048,75.92881789816425,2.6471822761040964
2014-01-23,13.87354118665668,13.998660709864613,13.814661493606044,13.969220161437988,13.413630881517017,12.889750226847282,75.17750928604103,1.1187632406186152
2014-01-24,13.81466819061862,13.81466819061862,13.373069576761344,13.402508735656738,13.412571629530325,12.909858403663339,53.311839160030665,-2.931776821292868
2014-01-27,13.45402525505044,13.652743372099785,13.28474488332294,13.40986442565918,13.412313800590216,12.929466482957293,53.50088437303937,-4.105276137014306
2014-01-28,12.489870848430094,12.982988983960269,12.18075199624994,12.585551261901855,13.333574511191324,12.915979611543355,35.93880186102563,-9.905126295852568
2014-01-29,12.51195171784756,12.776911144618996,12.475152421375162,12.629711151123049,13.266539905470536,12.904753397409225,37.12944811050126,-5.76606663555233
2014-01-30,12.725392288295296,12.879951026791224,12.695951726408492,12.791630744934082,13.22131046160992,12.90031721495922,41.42810775042188,-4.610290313913502
2014-01-31,12.622352095323736,12.784272382838813,12.58555279569029,12.666511535644531,13.168472468660836,12.891148364790016,39.19783909017526,0.6432795199663073
2014-02-03,12.725391429169171,12.762190725239993,12.438351585364742,12.548750877380373,13.109451364729363,12.87772101234258,37.16963657796491,-0.6410302878183932
2014-02-04,12.585549818508731,12.695949095096806,12.50458969390276,12.651789665222168,13.065864536204868,12.868860959514329,40.090620790117526,-1.0932232371333566
2014-02-05,12.637066978225992,12.990345157480814,12.607626428053408,12.91674518585205,13.051662693314125,12.870738772311887,46.92371029024951,1.9755530123928986
2014-02-06,12.91674857582022,13.328907963590405,12.8873094217241,13.306827545166016,13.07596410777621,12.887840292815971,55.052023912241026,6.041052812293106
2014-02-07,13.292106120717536,13.54970536492352,13.18906698455632,13.512906074523926,13.11757762841885,12.912352676412361,58.654409634890136,6.806281420160145
2014-02-10,13.483464398059418,13.682183918821458,13.446665110719556,13.564424514770508,13.160134474738056,12.937924121053857,59.52768805504808,5.014261097508311
2014-02-11,13.52761988973445,13.954497956231773,13.52761988973445,13.83673858642578,13.224572961565459,12.973171747146875,63.87145095985686,3.9822492585940603
2014-02-12,13.844109141019226,14.042828753540924,13.83674899939211,13.99130916595459,13.297595457221567,13.013098704747177,66.09580046914508,3.540342016678442
2014-02-13,13.851466583429088,14.057546297419416,13.799947005882307,14.050186157226562,13.369270761983946,13.05376880092284,66.93097521317108,3.5811444999166864
2014-02-14,13.983945983808598,14.14586485298882,13.983945983808598,14.064906120300291,13.435521748490265,13.093421244819996,67.14885660585709,1.6489979372621113
2014-02-18,14.020744326599475,14.123784876163883,13.96922475371881,14.042824745178224,13.493360129127213,13.130652754637966,66.4416549402773,0.368196990092884
2014-02-19,13.969221602959683,14.057541853550951,13.91770204169926,13.92506217956543,13.534474610121329,13.161806065419436,62.651952681743424,-0.8905503191271003
2014-02-20,13.947144648258568,14.06490406386346,13.92506423140654,13.983943939208984,13.577281212891581,13.19404676635236,63.764844583801185,-0.5756325737180125
2014-02-21,13.983942814746536,14.086981944164595,13.947143526755186,14.035462379455566,13.620917514469104,13.22704345706229,64.75443652347332,-0.05242795417770904
2014-02-24,14.013385690282908,14.307784254405847,14.006025550704448,14.212103843688965,13.677220974394805,13.265673276145689,67.98308077327576,2.0613312918972766
2014-02-25,14.212101479826842,14.248902171598177,14.072263062504335,14.190022468566896,13.726059211935004,13.301922264083776,67.15492553841733,1.473679601790287
2014-02-26,14.18262808833236,14.315798530373796,14.15303402960209,14.256611824035645,13.776588032135065,13.339361070356398,68.40488029631103,1.5756477314476367
2014-02-27,14.153031336564702,14.3157958063656,14.153031336564702,14.30839729309082,13.82723653317847,13.377362490855788,69.38078166955819,0.6775453547267429
2014-02-28,14.293602986326094,14.33799266329911,14.08645021970376,14.256611824035645,13.86812941802201,13.411842856862842,67.1472165343717,0.4692688515205243
2014-03-03,14.049454197752214,14.167827581372924,13.938479326998053,14.08644676208496,13.888921546028005,13.438297911969592,60.28001276563622,-1.1935869760008408
2014-03-04,14.345388926328338,14.42677116394043,14.204821402790213,14.42677116394043,13.940145319162522,13.477061568909624,67.44989051260957,0.8273034947580695
2014-03-05,14.426770690900668,14.66351747133078,14.323194327243025,14.545144081115724,13.99776424887235,13.51894715762359,69.5113943935115,2.0238487281643933
2014-03-06,14.596933112436757,14.626527167273856,14.426771530490049,14.456365585327148,14.04144056662995,13.555708664592357,66.12870711533797,2.62606198347948
2014-03-07,14.559945701245514,14.633929446251866,14.478563440626267,14.530351638793944,14.088003525883664,13.593929957698302,67.54612895091428,0.717974061392283
2014-03-10,14.485957342100692,14.53034701051626,14.249210562388168,14.345388412475586,14.112516372225752,13.623398916709176,60.706638554987045,-1.373349535254763
2014-03-11,14.36018619377326,14.448966946392916,14.175227586010983,14.249211311340332,14.125534937855711,13.647940579243732,57.449185758970984,-1.4329623359627321
2014-03-12,14.182627865608824,14.337992438135734,14.1530338073433,14.27880573272705,14.140132156414886,13.672680389184254,58.192578274540416,-1.731175626853389
2014-03-13,14.30099627899815,14.434166672412402,14.130834736800772,14.182622909545898,14.144178894808316,13.69267813508079,54.83926385742038,-1.1346190026345828
2014-03-14,14.09384424136196,14.1456338328151,13.90888564810985,13.960675239562988,14.126702356213523,13.703187825452641,47.96994535224474,-2.024926611536109
2014-03-17,14.027259445643,14.19742242887038,14.012463830202371,14.153031349182127,14.12920987935339,13.720828747951836,53.416189718452685,-0.8808466611227053
2014-03-18,14.153032952492843,14.360187114472206,14.153032952492843,14.286203384399414,14.144161641738725,13.74300030232233,56.788546045960786,0.7303337014185064
2014-03-19,14.241811298916378,14.286200964993634,13.990267505941858,14.08644676208496,14.138664986533604,13.756468790940472,50.842868828685035,0.9008985623098551
2014-03-20,14.079052065149936,14.55254572796666,14.079052065149936,14.367587089538574,14.160467091581696,13.780434214414909,57.57522080096302,1.515970219120908
2014-03-21,14.485955175386897,14.567337397911253,14.382378827535463,14.44156551361084,14.187238369870185,13.806360932030435,59.1602243674584,1.0874976719222813
2014-03-24,14.508154869079592,14.574740086384308,14.301000702895768,14.50815486907959,14.217801845985367,13.833882262895107,60.58756725377917,2.9937152648721823
2014-03-25,14.56733424778629,14.97424245017207,14.530341695037473,14.841072082519531,14.277160916131479,13.87337990288038,66.82942770441765,3.2955080768274176
2014-03-26,15.048236205676384,15.30717860355848,15.018642143690982,15.114821434020996,14.356938108311432,13.922063884493738,70.90921716796421,4.661931698302571
2014-03-27,15.1148193031262,15.35156612114256,14.9594533218515,15.13701343536377,14.431230996602132,13.969708964920015,71.21826789414828,4.3345178760424625
2014-03-28,15.16660361280139,15.35156219344531,15.070425771760226,15.24798583984375,14.509017172148953,14.019837469818984,72.77578537464957,2.741808375174592
2014-03-31,15.284976501476594,15.52912176365422,15.284976501476594,15.403349876403809,14.59419171541132,14.074092858312508,74.8294472434166,1.9089106916829468
2014-04-01,15.462540767384883,15.610508231830076,15.455142253050392,15.514328956604004,14.681823833620147,14.130572705304331,76.2099709236705,2.4926682059932177
2014-04-02,15.5291209626589,15.884241069123377,15.462535766306576,15.802860260009766,14.788589207562016,14.196152609410428,79.37692034083494,3.6390014130004045
2014-04-03,15.8472571981359,16.098801075179527,15.825061652118224,15.973029136657717,14.901393010333035,14.265834041851498,80.98468185202077,3.6984114807818025
2014-04-04,16.076601933764554,16.106195988502996,15.64749801791254,15.795465469360352,14.986542768335637,14.325819588028317,74.46151297080924,1.8121087514821317
2014-04-07,15.73627603894869,15.80286123942778,15.58091010079016,15.610504150390623,15.045967661864683,14.376199374787623,68.29087704668275,-1.2172233788962425
2014-04-08,15.588314010312764,15.72888297234008,15.44774504828545,15.54392433166504,15.093392106607574,14.421992510351444,66.16531005660735,-2.686433495622259
2014-04-09,15.52912293208276,15.714081520713268,15.52912293208276,15.654894828796388,15.146868556339841,14.470341620878697,67.95556285342577,-0.8899430082427041
2014-04-10,15.677091165530582,15.751074886973583,15.329368098085116,15.366360664367676,15.167772566628207,14.505479622584147,59.186569792728704,-1.5639692585895006
2014-04-11,15.040836290695935,15.270184605252773,15.003845127778597,15.07782745361328,15.15920636538869,14.527924635565682,51.96518571446854,-2.9985791754162108
2014-04-14,15.011240724263304,15.188800811767578,14.966849644045633,15.188800811767578,15.16202488409144,14.553841348357913,54.27591921092842,-2.977305322878656
2014-04-15,15.240590593190053,15.270183238651056,14.9816482425754,15.203598022460938,15.165984230602822,14.579322002244307,54.589604994233135,-1.0592139899733113
2014-04-16,15.321977791611172,15.418157104339423,15.27018958219882,15.336774826049805,15.182250001597772,14.609026034550405,57.42086711458027,1.7174050653728006
2014-04-17,15.314571587799328,15.573512481035646,15.284977536502586,15.566115379333496,15.218808609001174,14.646558950032096,61.83392159728254,2.484162984569474
2014-04-21,15.521728876992938,15.647500809827855,15.403355459162716,15.55132293701172,15.250476640240274,14.682039890697965,61.39194671051808,2.287122522162674
2014-04-22,15.566113755892705,15.79546198503484,15.551316731787562,15.70668125152588,15.293924698457952,14.72222190484808,64.2797314516295,2.411891872128049
2014-04-23,15.677096007662271,15.72888420533138,15.49953586802994,15.647501945495604,15.327598721985346,14.75850739663818,62.36611175529599,0.5228444231510789
2014-04-24,15.75846763121125,15.788061676053266,15.558713473014553,15.67708683013916,15.360883303714282,14.794530119520571,62.95977463532452,0.8087022154759903
2014-04-25,15.640099289716508,15.640099289716508,15.29237761804218,15.344165802001951,15.35929116069406,14.816084460010037,52.85546332576393,-2.3080334013190185
2014-04-28,15.758474285152944,15.758474285152944,15.055632356844091,15.514328956604004,15.374056665066435,14.84346659713137,56.682121881524104,-0.8510814656261211
2014-04-29,15.469933537256075,15.61050243516921,15.410746855680303,15.432942390441896,15.379664829387908,14.866583294908253,54.40745083559976,-1.557332955685981
2014-04-30,14.922463712833167,15.521729334658607,14.922463712833167,15.469941139221191,15.388262573181553,14.890244386842094,55.28593839627174,0.8196948523772479
2014-05-01,15.46993676165768,15.71408205043521,15.440344120262694,15.58091163635254,15.406610103007361,14.917329377018975,57.905747918336544,0.42916893108802234
2014-05-02,15.521726699656192,15.67709267071566,15.499532568877877,15.529125213623049,15.418278208780285,14.941321370611291,56.24945561749219,0.6232306241272654
2014-05-05,15.440347898538455,15.506931710750854,15.28498190704969,15.499534606933594,15.426016913366315,14.963212085761185,55.27653202095716,0.191296576024931
2014-05-06,15.484731598433516,15.492130110516664,15.240586344177206,15.2849760055542,15.412584445955638,14.975830278694245,48.699077007774825,-1.8993473405489356
2014-05-07,15.314574393962086,15.447743415832518,15.262784794703132,15.44774341583252,15.415932919277246,14.99433667622908,53.24432550835768,-0.524059125488513
2014-05-08,15.381155750556168,15.632698113935048,15.358960213586588,15.403349876403809,15.414734534241681,15.010376409569266,51.893854137488674,-0.6205652812746886
2014-05-09,15.381158369917634,15.418149526711137,15.24798794766554,15.344165802001951,15.408013702599803,15.023466189664667,50.07052947143629,0.38724167068527915
2014-05-12,15.447741593904889,15.84725284576416,15.395953411876194,15.84725284576416,15.449846001948789,15.055771548727392,62.22160117881276,2.5861992860535223
2014-05-13,15.891646709766691,16.039614192729992,15.736282122665472,15.75847625732422,15.479239359603591,15.083328596123346,59.47114987068105,2.3055139548860435
2014-05-14,15.765866142421752,15.817654309773554,15.617900151576857,15.67708683013916,15.498081975845073,15.106613232751418,56.984175714409425,2.1696912848385193
2014-05-15,15.662292476207922,15.706682139912184,15.425545721622573,15.50692653656006,15.498924314960787,15.12231179368509,52.08056958186232,-2.147541359479641
2014-05-16,15.492136091993896,15.610509508784176,15.395956808900271,15.499534606933594,15.498982438005816,15.137104845185032,51.871747477134235,-1.643189647033773
2014-05-19,15.46994014203565,15.677094321554735,15.440347494174295,15.625306129455566,15.511013265762935,15.1562499935878,55.16572105369922,-0.33029542570399933
2014-05-20,15.640102250159009,15.669696310093274,15.46254212392074,15.588314056396484,15.518375245823274,15.173193682325396,53.99518159278641,0.524846233356042
2014-05-21,15.617909294451492,15.76587537191716,15.521730003532388,15.647501945495604,15.530673026744449,15.191794006371287,55.617865070163184,0.9546566546315393
2014-05-22,15.67708756894916,15.839850589885556,15.654892034271644,15.699281692504885,15.546730994912108,15.211695484258879,57.04528924735961,0.4734343278552823
2014-05-23,15.699286968960031,15.876847072691872,15.64749878176186,15.780669212341309,15.569010825143462,15.234008179477799,59.26305604786663,1.2339702372489314
2014-05-27,15.84725302967128,15.980423448503146,15.765870793469109,15.86205005645752,15.596919323363847,15.25863727269269,61.408633962373614,1.371133307471338
2014-05-28,15.936380060897353,16.025575421801356,15.80258560180664,15.80258560180664,15.616506587977447,15.279968579716767,58.96481668549497,0.6580167890807078
2014-05-29,15.88435050267331,15.980979054548657,15.810020083988912,15.906648635864258,15.644139163966667,15.30454426819314,61.82774723124452,0.7983148358779786
2014-05-30,15.869483268474236,15.943813683098128,15.78028648737862,15.832317352294922,15.662060896188406,15.325241251883407,58.67859281483321,-0.1874455323036465
2014-06-02,15.824885586793798,15.958678631835117,15.795152853850349,15.832317352294922,15.678275796769979,15.345126589154447,58.67859281483321,0.18814484690962313
2014-06-03,15.780290888095694,15.928951758801167,15.772857702786908,15.914085388183594,15.700733853095086,15.367438698920296,61.19989409866022,0.0467524774676201
2014-06-04,15.876914024353027,15.936378063413976,15.824883167391512,15.876914024353027,15.717512917024413,15.38741812344707,59.42477775909651,0.2816812666507162
2014-06-05,15.89178069045541,16.047874695965294,15.810018513983255,16.040441513061523,15.748268021408899,15.413026883824108,64.3268982174038,1.314552734988183
2014-06-06,16.047874941474433,16.1519366682499,15.95867816299925,16.033008575439453,15.775386169411808,15.437339891338436,63.948708900728846,0.7472825761269405
2014-06-09,15.995844406944212,16.055308454571954,15.876916311688731,15.951245307922363,15.792134658793765,15.457493044929963,59.784901811759674,0.46817211112513335
2014-06-10,15.943812970781822,16.040441513061523,15.869482559478769,16.040441513061523,15.81578293062879,15.480353769170417,62.6425506407768,0.0
2014-06-11,15.980973042095584,16.062736613660345,15.906642651376188,15.943808555603027,15.827975847293004,15.498528466677579,57.84673832988085,-0.5563523490723317
2014-06-12,15.93637639096674,15.958674517190438,15.564725831405148,15.609323501586914,15.807151814368614,15.502873370007357,45.00348565896109,-2.143543025857862
2014-06-13,15.601892078893124,15.832315054828674,15.601892078893124,15.757986068725586,15.802469362402611,15.512877789564936,50.28648125606651,-1.7608956967047178
2014-06-16,15.757988770626346,15.86205050320096,15.63906067118828,15.691091537475586,15.7918619505048,15.519866563992805,48.0497692920238,-1.58504799682025
2014-06-17,15.631622390361397,15.86947851167382,15.542425636002084,15.817447662353516,15.794298684966583,15.531536410987343,52.360185818303286,1.3333323557900683
2014-06-18,15.780281412473505,15.973539861250217,15.668786535261551,15.943808555603027,15.808537720265292,15.547703946070312,56.26798567422835,1.1792273839246366
2014-06-19,15.95124773153368,16.107341766357422,15.928949596369533,16.107341766357422,15.836995248464543,15.569650527258043,60.75469488497553,2.652780578634003
2014-06-20,16.181672493132695,16.34519829756817,16.1519397553799,16.24113655090332,15.875484896315855,15.595983312499035,64.00818913703556,2.6786172939785344
2014-06-23,16.255996059489842,16.27086100435803,16.12220163153558,16.174232482910156,15.903937047420074,15.618659750554373,61.27274593549429,1.445225126126797
2014-06-24,16.21883632370304,16.501291649678837,16.18910500492054,16.203969955444336,15.932511610089051,15.641613091922608,62.049083571165845,0.5999015262017746
2014-06-25,16.233694932088838,16.38235570814471,16.20396220978397,16.352622985839844,15.972522217303412,15.66949583286054,65.74569262526786,0.6864447853578489
2014-06-26,16.382357553071103,16.397222498163345,16.085035967475992,16.166799545288086,15.991024819968619,15.688997939230248,58.124050696366204,-0.045955427127216224
2014-06-27,16.13706500233225,16.39722065156291,16.129633239490264,16.352622985839844,16.025462740527782,15.715022450861998,62.771754938799454,0.9173864849432297
2014-06-30,16.32289960156622,16.397230032117232,16.241137403921645,16.315467834472656,16.05308227328444,15.738569328650652,61.306597634763946,-0.22721218118561837
2014-07-01,16.397223937382186,16.478987522370844,16.36005944478799,16.412090301513672,16.087273514068176,15.764981915821751,63.680709149975925,1.5172499389161873
2014-07-02,16.38979178528839,16.538452600476404,16.285730065297546,16.33776092529297,16.11112945799435,15.7874438377618,60.60031610585547,-0.09088487247424734
2014-07-03,16.41209412240935,16.62765219929637,16.37492962116289,16.597919464111328,16.15749041095787,15.81922719565786,66.67626597925194,1.731189276974853
2014-07-07,16.478989519100875,16.605350794060445,16.45668997020165,16.553319931030273,16.195188460488573,15.848015146064622,64.83049549698968,0.8605218891805396
2014-07-08,16.553320456898437,16.583051771973892,16.263431982938037,16.30803108215332,16.205935376837598,15.866054986695552,55.69820348448996,-0.18197011986889092
2014-07-09,16.337758043545602,16.50871695844288,16.330324862323845,16.367490768432617,16.22132160460855,15.885719134998967,57.26953408785123,-1.3882986730773872
2014-07-10,16.189104448896494,16.24113531828003,16.018144055262916,16.077608108520508,16.20763460498112,15.893244192784126,48.27894219064096,-2.873815189290294
2014-07-11,16.077606635095854,16.137070682903893,16.025575770480664,16.12220573425293,16.199498522054625,15.902223076763295,49.590099084146296,-1.1394713866087025
2014-07-14,16.203964872549644,16.36005885483235,16.203964872549644,16.285728454589844,16.20771089658179,15.917262503344729,54.17702373465206,-0.499540919249916
2014-07-15,16.330328232804746,16.419525008141115,16.27829737124797,16.322895050048828,16.218680815959605,15.933169662039008,55.1753714360003,1.5256432416606034
2014-07-16,16.39722220618243,16.426954931306256,16.18909880125312,16.218830108642578,16.218695034310365,15.94437203249405,51.774054865018975,0.599324782119373
2014-07-17,16.181668020654957,16.26343019140683,15.958676802346798,15.973543167114258,16.195347237434547,15.945515998557587,44.768688836083335,-1.9169255360364432
2014-07-18,16.047869065024415,16.241127499507193,16.00327140098506,16.226261138916016,16.19829141852802,15.956525611904977,51.978166098457386,-0.5920145344102021
2014-07-21,16.226264174769653,16.330325882908973,16.189099684072595,16.293161392211914,16.20732665411696,15.96972701505427,53.7010877509985,0.45830237490265585
2014-07-22,16.330331611749397,16.538456518774737,16.31546666089647,16.478992462158203,16.233199588216127,15.989698209058346,58.18851694157784,3.1642904129407285
2014-07-23,16.441823908040814,16.5235860796624,16.389791630801234,16.486421585083008,16.257315968870117,16.009177557137747,58.36226414657389,1.603329589852589
2014-07-24,16.516157524802836,16.545890262984734,16.37493127164378,16.41952896118164,16.27276482528074,16.025269769061037,56.101665917420775,0.7755865539399242
2014-07-25,16.389788894363523,16.4418211629158,16.330324862323845,16.367490768432617,16.281786343676156,16.038690200408944,54.33836483703335,-0.6766293144537485
2014-07-28,16.352630800437694,16.419528039858278,16.20396995333975,16.389795303344727,16.292072911263638,16.052459027975054,54.99134857604751,-0.586096147302876
2014-07-29,15.639055940217077,15.683653609581414,14.7396608653411,14.866022109985352,16.156258549237133,16.005932090014674,26.797415726997244,-9.461336283574422
2014-07-30,14.940355732876302,14.947788915665818,14.546405551439856,14.769396781921388,16.024176476159443,15.957440509305135,25.890923331350212,-9.763830077078243
2014-07-31,14.5910038806457,14.776829205460382,14.576138932138909,14.605870246887209,15.889099692419231,15.904437753916197,24.387372223857597,-10.884364468502335
2014-08-01,14.583569799013974,14.82885913210172,14.538970707372936,14.776826858520508,15.783168946333639,15.860217718802641,29.027632078866436,-0.5999940724219173
2014-08-04,14.806565856815071,14.940360352930751,14.687637730875602,14.903194427490234,15.699361849300933,15.822687393653135,32.33328662333086,0.9059113756942468
2014-08-05,14.851157260187746,14.932920843795156,14.73222918461396,14.776826858520508,15.611501373988512,15.781673255020484,30.788930490144143,1.1704650852264906
2014-08-06,14.68019674170125,14.86602201691266,14.643032253752704,14.70992946624756,15.525637382775088,15.73964408683331,29.972756899792817,-0.4527182521217236
2014-08-07,14.8214285242324,14.880892572346548,14.576139148544698,14.628170013427734,15.440164299980102,15.696056868268386,28.962262545178664,-1.845405798069665
2014-08-08,14.628171673561482,14.821430206298828,14.58357398684822,14.821430206298828,15.381237243439028,15.661757783485266,34.57696806163192,0.30184658861724056
2014-08-11,14.888325851718848,15.051851630655037,14.866026301881517,14.955223083496094,15.340664466301606,15.634050540348436,38.217608949474936,1.6675376847412358
2014-08-12,14.940351669303144,15.029547003048112,14.873454460127286,15.007248878479004,15.308910600794691,15.609470083020224,39.624556553310796,2.5914305391809034
2014-08-13,15.089022139178311,15.155919397600316,14.992393553532814,15.103888511657717,15.289384687543551,15.589643354731498,42.25511504853678,1.9057425729323276
2014-08-14,15.081588534580929,15.163350737792964,15.02212305190288,15.05928897857666,15.267470810499086,15.568845143901896,41.359497476264664,0.6958498345331191
2014-08-15,15.111316117928812,15.148480617668737,14.791696316320246,14.984954833984377,15.240564527021494,15.545947484689444,39.84368480651655,-0.14855517273787391
2014-08-18,15.081586282681055,15.178214842134558,15.081586282681055,15.141050338745115,15.231086985280886,15.530069165240647,44.447918389471376,0.24604145521013332
2014-08-19,15.133612167383689,15.148477113199908,14.866023294409294,15.118745803833008,15.220387825142993,15.513938837342309,43.93051428641862,0.3948182768849905
2014-08-20,15.066717498524426,15.430934960737227,14.962654353795983,15.386337280273438,15.236192535155416,15.508934854712157,51.26079593462623,2.6785696102250873
2014-08-21,15.408631856602083,15.49039543336702,15.3194365162534,15.349167823791504,15.24695208645409,15.502669480950564,50.27753966459808,1.3745247548238269
2014-08-22,15.334308010635338,15.378907117592904,15.185648573981718,15.267412185668944,15.248900667331695,15.49344370466501,48.09242495466311,0.9833248323961159
2014-08-25,15.319438908672687,15.438366992866714,15.304572543714787,15.334303855895996,15.257034304337818,15.487202926281912,50.00689826721037,-0.3381794083258046
2014-08-26,15.386340571028253,15.639063177265296,15.386340571028253,15.416071891784668,15.272180741237518,15.484413473948687,52.32181055580088,0.43588075106887214
2014-08-27,15.445942277117828,15.520632804055808,15.266685867228665,15.304030418395996,15.27521404382404,15.477339628632896,48.97537723142879,0.23984570719473325
2014-08-28,15.23681035736159,15.453412761086032,15.19946580307972,15.363783836364746,15.28364926216125,15.472886460308654,50.78330262381724,0.19224857382368246
2014-08-29,15.348847246692475,15.580388069152832,15.333910277988256,15.580388069152832,15.311910100922352,15.477102209675094,56.76379739728785,1.0658757854893586
2014-09-02,15.5953248135223,15.67001535438338,15.4982281076254,15.662546157836914,15.345304011104691,15.484374521367714,58.80836623254535,2.342623019162123
2014-09-03,15.677481633395775,15.737233770044226,15.61772949674733,15.684950828552246,15.377651327052076,15.492240258904364,59.37258343334862,2.090415978304287
2014-09-04,15.684956772636196,15.998655965073072,15.647612207304793,15.774585723876951,15.41545460294016,15.50331263007976,61.636590291083344,1.246423733877372
2014-09-05,15.752174934781443,15.901556015014648,15.684953591136855,15.901556015014648,15.461749975518684,15.518930017724266,64.64233308307047,1.5259961871406416
2014-09-08,15.87167766938448,15.894085256598489,15.670013658268656,15.767111778259276,15.490832051970168,15.528662635784462,59.340673444385025,0.5238202567869517
2014-09-09,15.856742884349451,15.968777996693806,15.63267265966074,15.677486419677734,15.508608658418508,15.534498862603806,56.04097750799565,-0.6155426576575267
2014-09-10,15.68495555660007,15.841804428356276,15.632672599348002,15.699893951416016,15.526826305370651,15.54098494451801,56.68940791103679,-1.2681907569813824
2014-09-11,15.67748700476982,15.759646755037007,15.52063812655479,15.640142440795898,15.537618318268294,15.544873473783811,54.38563789112042,-0.8052796177829522
2014-09-12,15.595326738797358,15.617734331203016,15.386194908092875,15.483291625976562,15.532444347573843,15.542458499359999,48.781429256364575,-1.2386857720854192
2014-09-15,15.453413663091116,15.460882859304148,15.206935886475126,15.386192321777344,15.518515583212272,15.5363304139646,45.64566349067339,-1.9981130484666636
2014-09-16,15.33391166302926,15.513168125103665,15.31897326837213,15.416069984436035,15.508758859519297,15.531614318688971,46.77932820955027,-1.4326752918527808
2014-09-17,15.423544265716645,15.572925412319943,15.371261291786746,15.468358039855955,15.504911162408503,15.529133680303364,48.79224901751872,-0.09644968577323011
2014-09-18,15.50569822378388,15.535573587138016,15.445946072471951,15.498229026794434,15.504274768540496,15.527921733106936,49.95670741668941,0.7281639451400531
2014-09-19,15.580386574301697,15.602792737510075,15.22934148826682,15.236810684204102,15.478801998603696,15.516505613542119,41.139710732019616,-1.1628080335190007
2014-09-22,15.184528068441905,15.19946646064229,15.035146995645013,15.109837532043455,15.44366252559796,15.50055784564021,37.66275263863274,-2.3177670628565217
2014-09-23,15.057558053228494,15.087434844512924,14.893239974975586,14.893239974975586,15.391241330300591,15.476741458555324,32.60105485572123,-3.9036011841927216
2014-09-24,14.88576413285249,15.087428110197662,14.878294938365276,15.07995891571045,15.361595386053912,15.461181358835917,40.07747597909866,-1.0294265102096432
2014-09-25,15.072492355670178,15.079961551462894,14.788668613960702,14.796137809753418,15.307742283549103,15.435101219656213,33.91838261216621,-2.076129022729555
2014-09-26,14.855890794734142,14.870829187167498,14.728917308257632,14.840953826904297,15.263286240059122,15.411801321901237,35.60131503432283,-0.35107302480281677
2014-09-29,14.706510332712256,14.713979528516786,14.512315515604737,14.601943016052246,15.200301171106085,15.380042172652256,31.058405030286075,-3.169875344688118
2014-09-30,14.661699927331052,14.68410752203383,14.36293912098017,14.445098876953123,15.128377143091518,15.343377729683663,28.489281305534114,-2.3725038068305535
2014-10-01,14.392809291813943,14.422684646401493,14.034296489143925,14.04176425933838,15.024890201781695,15.292334064179927,23.179348925106364,-5.38502832693349
2014-10-02,14.004423722683352,14.10898963060622,13.68325537737323,13.967079162597656,14.924146293287977,15.24036328372572,22.34870850456082,-4.347803937850392
2014-10-03,14.056705734678996,14.198617617781432,14.04923653824165,14.13886547088623,14.84935764353543,15.197167291065348,28.67960013422109,-2.1199813769048146
2014-10-06,14.161268804452872,14.542189198981944,14.123924254335682,14.318119049072266,14.798763491681797,15.162694810987189,34.6654152874856,1.9680916488118438
2014-10-07,14.228492980432318,14.258369766184856,13.959609031677246,13.959609031677246,14.71884401930041,15.115514976504446,29.358299391254686,-0.05348384464243868
2014-10-08,14.019363474544113,14.183681549282946,13.735539661827106,14.161273956298828,14.665742108538355,15.078093760025794,35.353717518495536,0.15848856797413946
2014-10-09,14.14633634827388,14.198619304944303,13.869981745668284,13.877450942993164,14.590666759438813,15.0310097279853,31.324305286995127,-3.0776955029414594
2014-10-10,13.84010287407503,13.892385817497653,13.563748341493984,13.57121753692627,14.493576357294762,14.97376297539475,27.661066899773445,-2.7822519518249815
2014-10-13,13.548809016859654,13.623499541431531,13.167888623686,13.175357818603516,14.368031734562262,14.903237282971565,23.788306039003466,-6.9620582211587285
2014-10-14,13.040917657350604,13.317272223822744,12.899007200543934,13.123077392578123,14.249464654373297,14.83342709119143,23.32386062276424,-5.435966255718814
2014-10-15,12.854193910507671,13.167893080194514,12.719752630302237,13.115610122680664,14.141478508497809,14.766061719877282,23.25402504764035,-3.3571594663922504
2014-10-16,12.85419262869899,13.25005150620647,12.786972707601256,13.070795059204102,14.039508656184122,14.699580674360687,22.812559175833343,-0.7936236786812132
2014-10-17,13.197765678652988,13.444243417659276,13.175358093433037,13.25751781463623,13.965033337941465,14.643029189665612,28.871549544437404,1.0244580446819682
2014-10-20,13.220176399324483,13.51893715009829,13.220176399324483,13.503998756408691,13.92112528255739,14.59836132953789,36.01196045914848,2.961270044589017
2014-10-21,13.653376592894595,13.869977551401258,13.61603061756359,13.840102195739746,13.913408798098567,14.56862567723208,44.23307750479957,5.885695040363434
2014-10-22,13.892385840375615,14.004420922837646,13.74300478069067,13.750473976135254,13.897891196006823,14.53654129679691,42.65909409034907,3.718314154968002
2014-10-23,13.92973131294324,14.079112382493625,13.877448365981646,13.952138900756836,13.903057644078253,14.513623555775732,47.210743690013366,3.318573649419713
2014-10-24,13.974542930762343,14.06417184373147,13.817694113820425,14.04176425933838,13.91626779791255,14.495119269640934,49.142894972401926,1.4570850760098442
2014-10-27,14.011888817411815,14.123923889472456,13.869976966346618,14.079110145568848,13.931776592927434,14.47880518634399,49.96469971140439,2.3899988466140214
2014-10-28,13.60110057401828,14.713987103571323,13.556286800723496,14.639296531677246,13.999159444236941,14.485098964592353,60.321899300488475,4.925106005668673
2014-10-29,14.766259928034074,15.087428169224788,14.639286470461077,14.855887413024902,14.080752584121509,14.499639688060297,63.470395055141815,5.7978694033771045
2014-10-30,14.863359124380942,15.09489849518462,14.82601457007834,14.99033260345459,14.167379252629422,14.518882547487525,65.31048982029866,6.472159450876471
2014-10-31,15.2666902742756,15.318973230843753,15.07996461533007,15.259221076965332,14.271364188280462,14.54791543099646,68.7057380133447,4.234660756728727
2014-11-03,15.244285273011853,15.4832939291435,15.236816074432245,15.348851203918455,14.373981999293603,14.579324676993402,69.76794118123638,3.318305915951859
2014-11-04,15.333907796254168,15.445942878723145,15.236809680071918,15.445942878723145,14.476073511620227,14.613309704512215,70.91942676669528,3.0393606821209374
2014-11-05,15.520638507186602,15.55051387417765,15.35631900262242,15.50570011138916,14.574133187788696,14.648305406742685,71.63550264086007,1.6152792674057417
2014-11-06,15.565447156637171,15.61026090470409,15.39365993521118,15.445942878723145,14.657162682163406,14.679585307604663,69.78494547425527,0.6325663954570258
2014-11-07,15.453418559429029,15.50570152488233,15.27416206733029,15.348851203918455,14.723037779473412,14.705831029028733,66.76699424489054,-0.6285901454318693
2014-11-10,15.386194289793648,15.5953261120941,15.371255895456844,15.535573959350586,14.800422177556952,14.738369967472728,69.49890116119101,0.1926636510884343
2014-11-11,15.535571079789763,15.580386254493556,15.445943579589043,15.54304027557373,14.871147710701406,14.76992566582963,69.6064909202357,0.6286271910557045
2014-11-12,15.460485261251335,15.61058619823532,15.385434077018209,15.54304027557373,14.935137478784485,14.800243885819595,69.6064909202357,1.2651700708760543
2014-11-13,15.505514075264582,15.550544209366665,15.167784490793576,15.272856712341309,14.967301215313705,14.818777722153781,60.630750122058245,-1.6910688185495233
2014-11-14,15.235336556186487,15.370428444493694,15.20531693183085,15.317893028259276,15.000690911784712,14.838350871412821,61.52144294998489,-1.44854059001751
2014-11-17,15.310381741758452,15.310381741758452,15.205310950620603,15.280362129211426,15.027326265825351,14.855684646228454,60.29716921236913,-1.6900049263535002
2014-11-18,15.295371678154554,15.43796877860261,15.272857325940056,15.325392723083496,15.055713547468985,14.874104570811005,61.29246222811487,0.3439828692934408
2014-11-19,15.2803685791683,15.40044994300798,15.145276686977969,15.362923622131348,15.084971649817781,14.893273945372588,62.14424216298354,0.29397381081717455
2014-11-20,15.310383241615424,15.57306167667508,15.265353102642496,15.46799087524414,15.121449671286959,14.915811864191081,64.49945404979074,1.2279077187184293
2014-11-21,15.618094705860097,15.7156616950861,15.55805403229124,15.700651168823242,15.176611718671367,14.946589876137441,69.08606502406694,2.4486057389871796
2014-11-24,15.700654466953084,15.76069515313428,15.61059272193985,15.745684623718262,15.230809138199643,14.97792692506218,69.89677874395854,2.4914593797467073
2014-11-25,15.76069195013599,15.843248413663511,15.745681423770518,15.775702476501465,15.282703741847435,15.009212240804898,70.45301016293993,1.9893443417386774
2014-11-26,15.77569801132184,15.835738668307142,15.730666444971227,15.813222885131836,15.333229374541187,15.04074206999419,71.17007540549668,0.7169875637523062
2014-11-28,15.798216834567093,15.828237887298036,15.700651276156682,15.775702476501465,15.375369669965975,15.069564046719966,69.3573883070741,0.19064177582971661
2014-12-01,15.68563762924056,15.753183552964805,15.5655563051713,15.693142890930176,15.40563378624828,15.094018119041936,65.40961986549289,-0.5233338147335426
2014-12-02,15.670627227369168,15.850750646352006,15.648112873608044,15.768194198608398,15.440163349330197,15.120456396671994,67.23536326761422,-0.284753379184803
2014-12-03,15.77570469709222,16.278545949254926,15.738178375896329,16.165969848632812,15.509287777835208,15.16145692419987,74.82093900357445,2.473850991502067
2014-12-04,16.180976558808204,16.218502874468673,15.910794243465684,15.933308601379396,15.549670713410846,15.191725617422597,65.2983327844791,1.5303863102401487
2014-12-05,15.963326112443363,16.105921785870574,15.94831558950926,16.01586151123047,15.594069837012714,15.22404467208173,66.90769113558218,1.5706764484415587
2014-12-08,16.015862110356913,16.015862110356913,15.715658797856031,15.768194198608398,15.610653109545636,15.245383869200424,58.18877289595213,-2.4605739943159346
2014-12-09,15.71566126249983,16.286048361444898,15.708155999574991,16.120935440063477,15.65925142673781,15.279719224920544,65.15368514070721,1.1775761292154776
2014-12-10,16.090920333564725,16.173475385930693,15.83574704847077,15.873271942138672,15.679634332966463,15.302995802066354,57.865298852996446,-0.8903022106666679
2014-12-11,15.970836692812796,16.173473093979872,15.850755332312774,15.903290748596191,15.700934943978819,15.326536780361643,58.47168986911327,0.8567661476398847
2014-12-12,15.798216553308912,15.843248131603628,15.483002662658691,15.483002662658691,15.680179488614998,15.332672697314468,48.04592864693846,-3.957169729861987
2014-12-15,15.56555641493254,15.648112862618168,15.295372718130343,15.46799087524414,15.659971049246344,15.337979292527397,47.718648041774614,-2.553229531831016
2014-12-16,15.407952363467205,15.723166243240682,15.347911692628566,15.573063850402832,15.65169417316601,15.347198294797023,50.27198487222931,-2.0764689737091615
2014-12-17,15.595577526345547,16.01586216528828,15.483000031224575,15.978337287902832,15.682803041236184,15.37194884354627,58.65862505272252,3.1992155270939118
2014-12-18,16.398620034079244,16.6537931789981,16.293547812859504,16.64628791809082,15.77456350569853,15.42192292490096,68.18284027866885,7.617647646356541
2014-12-19,16.661304845542247,17.06657906997271,16.661304845542247,17.00653839111328,15.891894447166601,15.48406470788968,71.93784267674951,9.20483313033722
2014-12-22,16.976519377576405,17.05156915523602,16.901468168434036,17.03656005859375,16.000910219683472,15.544946878505526,72.2319522038396,6.6228591349870705
2014-12-23,17.06657411294164,17.46434438952862,17.06657411294164,17.366777420043945,16.130992810193995,15.616391213467818,75.29857162006249,4.328229245453053
2014-12-24,17.374287248736216,17.554409280345244,17.374287248736216,17.426822662353516,16.25440517706633,15.687388525188826,75.82145881819993,2.471309925480501
2014-12-26,17.44183234207163,17.65197541781319,17.41931655240849,17.501873016357422,16.373211637951197,15.758544779744458,76.4913023062796,2.731261218011873
2014-12-29,17.404308319091797,17.561914560088706,17.359276737536113,17.404308319091797,16.47141132186935,15.82308452638553,73.63532917169353,0.21610744549840954
2014-12-30,17.261711173797455,17.449338469164818,17.254205910204842,17.404308319091797,16.560258654938156,15.885093302570091,73.63532917169351,-0.12919362122365316
2014-12-31,17.486860756758297,17.591932999956455,17.194162677560275,17.20917320251465,16.622060040421633,15.937018004528701,67.76627927675695,-1.6723913695934904
2015-01-02,17.284225155741296,17.34426582671615,17.074082091588046,17.269214630126953,16.68369381086976,15.989261009454124,68.59569267928299,-0.7762083185842648
2015-01-05,17.141626898770067,17.22418335274057,16.93898911074196,17.029050827026367,16.716584955265628,16.030037080731468,61.751115244587574,-2.1561183885359463
2015-01-06,16.428640549135807,17.089089230452693,16.428640549135807,16.73634910583496,16.71846725531985,16.05773559151984,54.600421211433236,-2.7475119874474694
2015-01-07,16.871446370209906,17.089094724002738,16.7738808046535,16.976518630981445,16.74304357681143,16.093766298949706,58.81469707956273,-1.694900465449575
2015-01-08,17.20917161472389,17.629456254291945,17.18665582936973,17.524385452270508,16.817457088759916,16.14986901084464,66.46259923053285,2.9087623865565533
2015-01-09,17.546908749319787,17.61445470832626,17.42682736252673,17.494373321533203,16.88192530140499,16.20259467008733,65.74240086574143,4.529208914708672
2015-01-12,17.546901109333383,17.599437945728276,17.321748964999248,17.471851348876953,16.938108734497558,16.25236944180457,65.17167445627662,2.9177520353999205
2015-01-13,17.56941148860429,17.929655381251045,17.22417811602164,17.374279022216797,16.97964876189939,16.296365895938386,62.6347772847922,-0.8565574551104315
2015-01-14,17.19415063460599,17.464334168615665,17.066564124821586,17.449323654174805,17.02437970402086,16.341579925673148,63.80187629038926,-0.2575094662176233
2015-01-15,17.862110320422488,17.862110320422488,17.269209064562816,17.276714324951172,17.048411572680887,16.378251862899738,59.22005401615689,-1.116865179478099
2015-01-16,17.224187872911127,17.479361132619648,17.104106507340386,17.389299392700195,17.080877079349392,16.417900785637013,61.17835711349444,0.0864517627706544
2015-01-20,17.524381359893937,17.53188661992599,17.201662335925473,17.374279022216797,17.10882012152724,16.455405814522496,60.75914918956076,-0.43007186665400154
2015-01-21,17.31424196639391,17.50937447327417,17.13411998269266,17.479354858398438,17.144109144086404,16.49556067898822,62.685419073239125,1.1729112934084376
2015-01-22,17.591934696030084,17.82459212932403,17.464348084581932,17.80207633972168,17.20677268652786,16.546796587252278,67.89766651164608,2.373741101925951
2015-01-23,17.779557809568793,17.95967978967361,17.734526240930897,17.899639129638672,17.27275996682413,16.599849235973313,69.29406632956571,3.023780766672895
2015-01-26,17.82458461121438,18.102273506588528,17.66697844492131,17.944665908813477,17.336751008918352,16.652587144712143,69.94386331675848,2.6620607807585506
2015-01-27,17.794573167387732,18.74772023364348,17.787069334787834,18.56009292602539,17.453259762928546,16.727391292998938,77.08247124123481,4.258023456580469
2015-01-28,18.66516208077608,18.882808976966803,18.139805134413603,18.177330017089844,17.52221883475343,16.78425163512015,66.50309206389755,1.5513770162626594
2015-01-29,18.282402312604084,18.282402312604084,17.464347271097086,17.854612350463867,17.553875360059187,16.82622656513363,59.13391843846103,-0.5018402616533518
2015-01-30,17.74953979554697,18.12479434273182,17.719520176143078,17.839601516723633,17.58108737497961,16.865966759313633,58.80749869754269,-3.881938588203231
2015-02-02,17.914652379973028,18.15481505667687,17.434325595082868,18.124794006347656,17.632868958919424,16.915332533707126,62.98775697898736,-0.2890194032500622
2015-02-03,18.13980286326283,18.312419592333494,17.974691396084232,18.27489471435547,17.694014268960952,16.96864869765412,65.00088482636303,2.3539148072328913
2015-02-04,18.24488627501478,18.40249402069933,18.124804864723377,18.214866638183594,17.743619256505966,17.01751998943959,63.51308157450359,2.1035510300393807
2015-02-05,18.17733256711464,18.500051756740348,18.139807679174183,18.372465133666992,17.80350934004511,17.070655093134786,65.73082936214027,1.3664769223451405
2015-02-06,18.387470995851892,18.500047062591246,18.139803076432365,18.169822692871097,17.838396326028537,17.11375970488915,60.62799795076414,-0.5749528143756378
2015-02-09,18.17733604223701,18.39498444205304,18.139811147122582,18.192346572875977,17.87210587334734,17.15605722912393,60.99049959192134,-0.12363563102026046
2015-02-10,18.31992778770418,18.6876770904076,18.16232155718096,18.6501522064209,17.94620552411625,17.21464918901793,67.53354532020232,1.511430669393695
2015-02-11,18.64264564988535,18.665161437604745,18.33493704179926,18.42499732971191,17.99180474369679,17.262113821986322,62.023551562500906,1.4043870496376973
2015-02-12,18.485043213078992,18.800257172653826,18.470034115181424,18.65766143798828,18.055219666962646,17.316841179476594,65.18463011853528,2.5577506631611207
2015-02-13,18.65765502350405,18.785241616407877,18.582603833887266,18.762725830078125,18.122601206306978,17.37354253832371,66.53910015073731,0.6036069969363015
2015-02-17,18.732702850051005,18.76272389539511,18.409985201495285,18.46252059936523,18.154974481836337,17.416247560325342,59.42507330566257,0.2036541388953733
2015-02-18,18.49254402020532,18.530070334610823,18.289907648345697,18.48503875732422,18.186409174739946,17.458160940599807,59.77249819586752,-0.925210703591131
2015-02-19,18.46252470751678,18.575100789642345,18.38747350893889,18.500049591064453,18.216279690580375,17.499019319049403,60.01826400793076,-1.3999897530484682
2015-02-20,18.455020389268523,18.73270797729492,18.20735242332053,18.73270797729492,18.26546333693414,17.54739926643158,63.71813506064152,1.4634371102013934
2015-02-23,18.717693699009423,18.73270279015125,18.552580813109284,18.597612380981445,18.29709657922436,17.588584094453143,60.23264354303933,0.608998580609533
2015-02-24,18.567591335733336,18.627631994747325,18.440004756393332,18.597612380981445,18.325717131772652,17.628153831179745,60.23264354303932,0.5273650183300868
2015-02-25,18.537278875525384,18.642860964067765,18.424155003737393,18.5523624420166,18.347302399414932,17.664397306114523,58.9793660342769,-0.9627307247671055
2015-02-26,18.55236648741317,18.695657523428615,18.40907545139773,18.45432472229004,18.357495001593513,17.695374851846896,56.24858540524943,-0.7704626580879657
2015-02-27,18.476951450237703,18.60515892600178,18.356285759924276,18.401535034179688,18.361689290411245,17.72306740801681,54.77785749743381,-1.0543146226785176
2015-03-02,18.341199754700995,18.590072887747,18.288408702001583,18.574989318847656,18.38200357883376,17.756476110402335,58.60753850939247,0.12196224012856874
2015-03-03,18.529737092279777,18.755986274303822,18.461862481517368,18.5523624420166,18.39822823247022,17.78768733909309,57.91848503829962,0.5312452295160263
2015-03-04,18.476950789942887,18.771073219765004,18.311035831303204,18.665491104125977,18.423681839294577,17.822111016153205,60.42382129397469,1.434424190460238
2015-03-05,18.627778581697953,18.74090245194145,18.52219505614904,18.567445755004883,18.437373640790796,17.851339829441507,57.24302218434122,-0.040611403394558834
2015-03-06,18.499568494260267,18.56744309436984,18.084779111540907,18.122488021850582,18.40738453422506,17.86197309188892,45.52928814572659,-2.3170872254654635
2015-03-09,18.130032727650303,18.205447683535745,17.82836715031621,17.918867111206055,18.360859065366107,17.864204229901357,41.3584323630274,-4.000023298368409
2015-03-10,17.783123130377362,17.783123130377362,17.375876782464125,17.3834171295166,18.267769357189962,17.845349833807838,32.83908109413223,-6.376906339791646
2015-03-11,17.51916950777538,17.51916950777538,17.089297726897833,17.119464874267578,18.15840702548307,17.816883756963122,29.60199271885309,-5.53468787714823
2015-03-12,17.15716408995924,17.473911792234873,17.006331302800152,17.443744659423828,18.090343943001237,17.802250851177266,37.724001298002655,-2.6515205946535296
2015-03-13,17.315539802390443,17.43620691316945,17.07420845772899,17.345706939697266,18.019426133162764,17.78434716837413,36.35827292664383,-0.21693197337654052
2015-03-16,17.473916314230554,17.89624621374155,17.451290958767157,17.881162643432617,18.006258181759893,17.78814385367054,47.53111047210457,4.449308285973085
2015-03-17,17.858541669196903,17.881165589939894,17.624752044677734,17.624752044677734,17.969924263942545,17.781736331749254,43.58511293303653,1.0376635796266291
2015-03-18,17.53424479470836,17.994283505539578,17.443744833818517,17.918867111206055,17.96506167796764,17.78711400937501,48.83245539770106,3.304334458672645
2015-03-19,17.813284844118787,17.87361767129281,17.398495398655328,17.443744659423828,17.915412438106323,17.773648544671044,42.0311817218176,-2.4462502396030925
2015-03-20,17.488992588751707,17.79819845885287,17.473909024735104,17.63982391357422,17.889165911960408,17.76840051992215,45.410298381143754,0.08551535283037204
2015-03-23,17.63228636430402,17.82836842824704,17.6172042351147,17.70016098022461,17.871165442271284,17.765724459541854,46.444838416679964,-1.2205354815353893
2015-03-24,17.722787569268696,17.805745758619786,17.647371164263003,17.6549129486084,17.850569966684343,17.761378910093484,45.74471009986146,1.2105674171886511
2015-03-25,17.685075475140472,17.775573986793923,17.111912960359618,17.126995086669922,17.781658073349636,17.73650111309648,38.46016158582915,-2.9072219168223343
2015-03-26,17.051586514537227,17.059128299735843,16.78008800118091,16.946002960205078,17.702071872097772,17.70550118553211,36.32446758714598,-4.260741022989053
2015-03-27,16.983705162809386,17.17224540279142,16.90074699691397,17.149620056152344,17.649457413436302,17.683701925556434,40.33833074993875,-2.862052585175069
2015-03-30,17.27029176399291,17.571955966288954,17.27029176399291,17.52670669555664,17.637766868876334,17.677545249870168,47.00128603422556,2.3338104954430534
2015-03-31,17.443745562897888,17.443745562897888,17.05158288517927,17.104373931884766,17.586967541543803,17.655067943282504,41.42174810269246,0.9345623982929536
2015-04-01,17.059128730280065,17.089294433387405,16.734839150797363,16.780088424682617,17.510121911366546,17.62075502098447,37.71914017738065,-2.154751127195724
2015-04-02,16.74992371461763,16.92338192684659,16.644341580742452,16.832881927490234,17.445622865283088,17.58985803692587,38.68012860978028,-3.9586716438993315
2015-04-06,16.757459171834675,16.945999447371083,16.666960645108162,16.87058448791504,17.39085730553375,17.561651231082312,39.39927356878345,-1.3668401129486114
2015-04-07,16.87058536011781,16.878125705694732,16.568919752905046,16.59154510498047,17.314732334052486,17.52360785358812,36.031258838202916,-1.1236133858794883
2015-04-08,16.621714819352427,16.727296935185294,16.410549149238243,16.636796951293945,17.250167059504054,17.488830955458937,36.972223338627856,-1.1648924827070604
2015-04-09,16.62171537459568,16.80271390997613,16.59909001825494,16.772546768188477,17.204679412712096,17.460741379487548,39.83153816621692,-0.5811163199282763
2015-04-10,16.802714462252897,16.91583837077781,16.73483982944824,16.908296585083008,17.17645247674742,17.439076877746192,42.634181710302926,1.9091138172987654
2015-04-13,16.946003408601083,17.134543728209923,16.840421289923647,16.863046646118164,17.146604302401776,17.416487456898036,41.93301946919546,1.3599354219841093
2015-04-14,16.88567082224926,16.961087238936514,16.651881225122416,16.847963333129883,17.118162305328262,17.394192393220855,41.68691259245901,0.4496428955228463
2015-04-15,16.908296308329433,17.028962000574097,16.832879891064387,16.840421676635742,17.091710816881356,17.372475894531245,41.555586290552846,-0.40142960649949117
2015-04-16,16.795164744530595,17.15716165622567,16.78008118026467,17.074203491210938,17.09004345253179,17.360778937538292,47.117133549278584,1.2521868054096932
2015-04-17,16.915835481590562,16.938459396362305,16.66696234996332,16.938459396362305,17.075606875753746,17.34421738690394,44.470927159891986,0.5371335480916566
2015-04-20,17.028957534399137,17.285372422781393,16.991250054880393,17.104373931884766,17.07834659538527,17.334811761216912,48.293355729468736,1.5673731947889913
2015-04-21,17.240128390163058,17.270294095240416,16.893213431857664,17.05158805847168,17.075798163298263,17.32370494934455,47.18059865727282,-0.132453808172658
2015-04-22,16.96862534820374,17.03649996467241,16.629252265860387,16.923376083374023,17.06128177473405,17.30800577813002,44.49862136066615,-0.08904772645096953
2015-04-23,16.86304265028436,17.330621726586504,16.86304265028436,17.187332153320312,17.073286572694645,17.303273479117877,50.71063777996725,0.4850117389032405
2015-04-24,17.232584391006313,17.247667960832015,16.92337840182136,16.98371124267578,17.064755588883326,17.29074162670838,46.396541459594516,-0.398067414971214
2015-04-27,17.013875383493822,17.194873889457256,16.817793309088035,16.87812614440918,17.046981356076266,17.274560627402533,44.292353836190166,-0.2673812763004097
2015-04-28,16.817795350586117,16.863046061406116,16.410549022345158,16.644338607788086,17.008634427667868,17.249846038398044,39.96985543792053,-3.1592660262129693
2015-04-29,16.41808886584659,16.425630650091353,15.739344106749057,16.108882904052734,16.92294380637119,17.205102386070777,32.21532543298794,-5.15098452936967
2015-04-30,16.048546401923307,16.169212045374405,15.611133084801091,15.784589767456056,16.81452913599832,17.1493960088702,28.59674376427062,-6.4790153100932555
2015-05-01,15.852462791855736,16.176752215730037,15.852462791855736,16.16921043395996,16.753070211994668,17.110957358873723,37.55553375078213,-2.8545932945981214
2015-05-04,16.176752215730037,16.30495962892574,16.146585088649733,16.16921043395996,16.697464518848506,17.07402610691632,37.555533750782146,0.3744985314409923
2015-05-05,16.101341561890294,16.161674399056626,15.611137080107804,15.686552047729492,16.601187140646694,17.01961535949723,31.756670036134327,-0.6210976729258681
2015-05-06,15.73934173813785,15.90525665120928,15.528176126407631,15.882631301879885,16.53275325124033,16.975027749394588,36.075003254993256,-1.7723755482715364
2015-05-07,15.8675537109375,15.980677613032617,15.761970155660062,15.8675537109375,16.469400914068633,16.931597394945292,35.88695145197433,-1.8656243250375149
2015-05-08,15.97313633521592,16.139051300996467,15.890178133101395,15.95051097869873,16.419982824985784,16.893123417837586,37.80789046814834,1.6827084126970038
2015-05-11,15.905257789290136,16.214463726676488,15.897716005640696,16.0711727142334,16.386762814437937,16.86089005691193,40.595833329930294,1.187091790836937
2015-05-12,15.942968374673589,16.033468357647532,15.822302689673949,15.82984447479248,16.333722972566942,16.820456896828816,37.02126881359178,-0.2376499669197689
2015-05-13,15.822304867471107,16.025928778353148,15.69409737970634,15.89772129058838,16.292199002854698,16.78427118678017,38.65734031856362,-0.33095922870965266
2015-05-14,16.025928382051646,16.13151050873573,15.927888041337653,16.11642837524414,16.275458943082263,16.758081272602286,43.72973896445355,0.28159526261989337
2015-05-15,16.139049972781212,16.18429924364315,16.018384291517112,16.056093215942383,16.254566969068943,16.73055232920386,42.68121150199237,1.4292543524996844
2015-05-18,16.025922944546007,16.18429608083702,16.025922944546007,16.10133934020996,16.239973861558564,16.705877310027628,43.7700567832872,1.2808002222439532
2015-05-19,16.176754930085178,16.304962364793262,15.988214669540818,16.206920623779297,16.236825934151014,16.686310381155145,46.33202994865856,0.5614907126330676
2015-05-20,16.161675322193016,16.410548469525526,16.11642605134576,16.28234100341797,16.24116070265263,16.670468444773295,48.149415407475416,1.4091085822231055
2015-05-21,16.35021319236033,16.62925199919177,16.320046057325484,16.455795288085938,16.261602091741516,16.662049889609087,52.161673487167086,2.2014066059137813
2015-05-22,16.433175470480332,16.45579938894628,16.214468002319336,16.214468002319336,16.257113130844164,16.64449765873498,46.74227451968443,0.046568862248669955
2015-05-26,16.12396167046231,16.139045235805238,15.837381121186516,15.99575424194336,16.23222180809171,16.61905674042943,42.43881952402747,-1.7601078457603205
2015-05-27,16.07160452323341,16.08677246968022,15.844067966935905,16.02609634399414,16.21259081151099,16.595803391549612,43.2198326495998,-2.6112317063332737
2015-05-28,16.0488509409043,16.0488509409043,15.798561733708675,15.965420722961426,16.1890508030777,16.57108250258537,41.992798341423985,-1.5359571422404124
2015-05-29,15.957836196505616,16.018512319256732,15.783391077792384,15.8668212890625,16.158362277933392,16.54346441578055,40.005172445049716,-0.806044847468193
2015-06-01,15.91232660270452,16.00334150204407,15.783389672509257,15.836481094360352,16.12770692711691,16.515739579646425,39.387375860772536,-1.183165541774921
2015-06-02,15.82131970688079,15.92750259458871,15.790980912316614,15.813735008239746,16.0978048396048,16.48820998861087,38.90233533260712,-0.9500890540487023
2015-06-03,15.8895744627395,15.91991179905195,15.76822222422412,15.775805473327637,16.06713823329269,16.460272556638976,38.06064441739839,-0.5736235007424162
2015-06-04,15.737877610008066,15.745462302934062,15.49517322290525,15.662032127380373,16.02855669939628,16.42896901039354,35.5743014045665,-1.1015639518687206
2015-06-05,15.616542250915035,15.753063977487336,15.495189926547171,15.707555770874023,15.99798518239416,16.400678295118265,37.33818152947198,-0.6714368067404568
2015-06-08,16.079193362260494,16.079193362260494,15.699967117364096,15.745473861694336,15.973936485184653,16.374984003611445,38.84018260103737,-0.1922666432758875
2015-06-09,15.75305492084863,15.75305492084863,15.40416610389644,15.646870613098145,15.942787354509749,16.346430537316806,36.39696650006064,-0.09680425987457254
2015-06-10,15.654458081463687,15.942670822143556,15.654458081463687,15.942670822143556,15.942776256189159,16.330596822996288,47.139440490824555,1.4968277350031678
2015-06-11,15.927496494788262,15.995757309782263,15.753052832751498,15.775805473327637,15.926874276869015,16.308840299479872,42.75269585208064,0.1926370200079635
2015-06-12,15.684794995233176,15.8061472567851,15.586195378576573,15.737886428833008,15.908875434198919,16.286449951611367,41.8007378555299,0.5816870221875106
2015-06-15,15.669625402835637,15.669625402835637,15.3662447527902,15.457258224487305,15.865864271369242,16.25393262897905,35.50061802019057,-3.0447382566667462
2015-06-16,15.624118923128355,15.919914880942796,15.548273397715326,15.851654052734377,15.86451091721354,16.238156998538084,47.480917428390725,0.48079053418209455
2015-06-17,15.912331971686068,16.018516297848667,15.737888256278334,15.859240531921388,15.864008975757145,16.223297529259,47.68222219073939,0.7710953032806915
2015-06-18,15.919918523194063,16.147455151490306,15.9047491253143,16.094362258911133,15.885947383676571,16.21824124414732,53.616133392325494,4.121714376321483
2015-06-19,16.05643024549138,16.07159963395633,15.881986618041992,15.881986618041992,15.88557016790185,16.20505478822162,48.28852475542808,0.19135268286014043
2015-06-22,16.010927822462733,16.033680464632187,15.859236790379542,15.973004341125488,15.893897232018388,16.195954770688438,50.5560689653993,0.7173345342427756
2015-06-23,15.950251371249784,15.97300401295177,15.836482376208384,15.904743194580078,15.894930180833788,16.184534708880268,48.8268121300992,-1.178170723888524
2015-06-24,15.82889822163328,15.912326980824888,15.593776995515965,15.753052711486816,15.88141804089598,16.167613846237387,45.13240998892428,-0.8118248028789196
2015-06-25,15.851649720446886,15.866819110710283,15.563438538605748,15.586191177368164,15.853301196750474,16.144812957262126,41.4198231701666,-2.421668181491702
2015-06-26,15.555857974328228,15.624118802007478,15.419336318969725,15.419336318969728,15.811971208390403,16.116362893015364,38.04926609178042,-3.0519629878448074
2015-06-29,15.3359101519793,15.35107955028188,14.91117712594123,14.941515922546388,15.729070704976687,16.070290462800894,30.416061060917833,-5.151616031530646
2015-06-30,15.093197020625466,15.214549245075377,14.842907876868452,14.96426010131836,15.65623159986637,16.026916723134914,31.124359933814794,-3.9902697777304055
2015-07-01,15.070445927303364,15.184213468556464,14.94150899478111,15.017353057861328,15.595386024437317,15.9873259911634,32.842865842447715,-2.6070075442472707
2015-07-02,15.06286821570012,15.14629701309741,14.896007727638652,14.941515922546388,15.533112681400086,15.946313831609793,31.62891966280898,0.0
2015-07-06,14.79740720955398,15.04011175777009,14.729146374539043,14.880837440490724,15.470991229884909,15.90453044372277,30.65266287418415,-0.5574793558973581
2015-07-07,14.86566581073939,14.888418454569903,14.47885495265769,14.84291172027588,15.411174133731668,15.862898336920932,30.02878261052086,-1.1615984315833234
2015-07-08,14.691225068180556,14.698808319888569,14.516779899597168,14.516779899597168,15.325993730480764,15.81010937859451,25.26643558420989,-2.8426568304779845
2015-07-09,14.759477422772552,14.858077007564626,14.501605035286412,14.531942367553713,15.250369791154379,15.759985182083106,25.855178293977467,-2.344592999770759
2015-07-10,14.668471604381596,14.69880895241902,14.501612573592396,14.622964859008787,15.190616940473847,15.715396149805683,29.448370122351943,-1.4818309602060027
2015-07-13,14.380254320623507,14.531945353021468,14.16030391494265,14.52436065673828,15.12716396107046,15.668688875567746,27.872546469612328,0.052220652193823415
2015-07-14,14.52436180659292,14.653298760348909,14.509192412825625,14.600207328796388,15.076977615139596,15.626787638439458,30.93405922491564,0.4697579959792217
2015-07-15,14.638124979929442,14.645709674540162,14.38783584430603,14.456096649169922,15.017846094571055,15.580878187879868,28.46207155863538,-1.1411380075639224
2015-07-16,14.698810932087024,14.88084083136115,14.660888880274484,14.820164680480955,14.999019293229141,15.551046285628932,41.23762661062843,2.0366061593591973
2015-07-17,14.736726255524022,14.804987068226628,14.471267700195312,14.471267700195312,14.948757236749728,15.508702027376634,34.820036336434455,-0.8831356000456572
2015-07-20,14.48643821839176,14.48643821839176,14.334747190219607,14.342331886291504,14.891002441467993,15.462962021843884,32.78922087776656,-0.7869673649764262
2015-07-21,14.274070159367207,14.349915668623774,14.092041805131108,14.22097873687744,14.827190660078417,15.414256794982455,30.95905240766349,-4.043045111318361
2015-07-22,14.137552896372178,14.296828659643545,14.00103122689192,14.24373722076416,14.771623665858012,15.368354066581738,31.728670538714617,-1.5722912749937
2015-07-23,14.281659263782805,14.4333503291238,14.190644335251562,14.24373722076416,14.721348766325265,15.324251445177127,31.728670538714614,-0.6874381816640374
2015-07-24,14.19822865895667,14.274074189628095,13.993447606766953,14.092045783996582,14.661415148960629,15.275929654542596,29.211516702963085,-0.9066390947235742
2015-07-27,13.98585879357611,14.152717754647009,13.887259198727094,13.993443489074709,14.597798800400065,15.22563607942621,27.674601519826744,-1.7572195260986665
2015-07-28,14.145136467667935,14.19064320499242,13.69764945185006,13.93277072906494,14.534462793606243,15.174935477451259,26.742238657739005,-2.1831804875331553
2015-07-29,13.849340314332366,14.145136272816528,13.690064565941071,14.061707496643066,14.48943847960975,15.13127947820388,31.986299310970214,-0.21528660791017895
2015-07-30,14.069289655731612,14.243734785032965,14.001028832664336,14.129965782165527,14.455202984615063,15.09201227443767,34.65316947046446,0.9756161390683247
2015-07-31,14.220979111571726,14.266485839671567,14.129964208739231,14.167887687683104,14.427839623002496,15.055772094564942,36.15105508763724,1.6875104255300073
2015-08-03,14.107209878204303,14.137547211092707,13.735568508867418,13.796244621276855,14.367687718076244,15.006378860318351,29.108966617424553,-1.8878423934617083
2015-08-04,13.796244958862273,13.978273300544704,13.78866026379642,13.864505767822266,14.319765627575865,14.961599523357721,31.739140608155488,-1.8787024571447895
2015-08-05,13.947938677084371,14.137551770341672,13.88726254510736,13.93277072906494,14.282908970574825,14.921253296130553,34.36189811130886,-1.6595060872946057
2015-08-06,13.864504105109374,13.940348153406893,13.743151891874357,13.849334716796877,14.241616184500735,14.879217273411586,32.70773898826101,0.3848155565330051
2015-08-07,13.864510019184664,13.894847362117934,13.697649569835791,13.750741004943848,14.194866167400079,14.834963302099126,30.81970840281719,-0.8205468322026405
2015-08-10,13.841754723116198,14.03136780151505,13.81141593618855,14.001029014587402,14.176405486179824,14.80225999670651,40.24900233765402,0.4899117831607618
2015-08-11,13.849337323545738,13.856922019129591,13.485280615317231,13.56870937347412,14.118529665922138,14.753885462462103,32.10827266270646,-2.0262730958650805
2015-08-12,13.492867534448411,13.667311221726129,13.447359353445789,13.606635093688965,14.06977780189993,14.70889525192198,33.38124302431522,-1.047986513621862
2015-08-13,13.5914658794298,13.65972670520178,13.492867712555284,13.50803565979004,14.016278550270416,14.6618027188972,31.71626414787529,-3.521122299537564
2015-08-14,13.439773014472436,13.644555464063876,13.4321883185654,13.621801376342772,13.97870929561064,14.621018352522515,35.70128143457661,0.39128262981624107
2015-08-17,13.5762950535288,13.796246901511909,13.508034234956996,13.773492813110352,13.959164868705852,14.587782056859293,40.67292742446561,1.2262967168038388
2015-08-18,13.705234473002374,13.73557326302427,13.553544862792284,13.591466903686523,13.924146014894488,14.54871087438193,36.978060233988494,0.6176415727479608
2015-08-19,13.470116869143483,13.606638553600238,13.371517231865443,13.454947471618652,13.879460439344408,14.505818191920625,34.45031909588501,-1.2249033744824491
2015-08-20,13.348762328150634,13.37151497396252,13.060549610379656,13.068134307861328,13.802191283965067,14.449438431761438,28.504707720295855,-5.121130237768195
2015-08-21,12.954366443414497,13.098472799012931,12.734416007995604,12.734416007995604,13.700498400539404,14.382182650437288,24.565629319474674,-6.3058012925628715
2015-08-24,12.006298640992808,12.719244136190657,11.695333345066336,12.35518741607666,13.572373544876285,14.302692641246676,21.01214672996751,-8.173648078981978
2015-08-25,12.80267173921568,12.80267173921568,12.09731172695748,12.112481117248535,13.4333361708165,14.216801993246749,19.107179382912147,-7.312851001522886
2015-08-26,12.400693729456012,12.56755269226629,12.00629823921416,12.529630661010742,13.347268979406428,14.150638411590435,30.73105818310184,-1.6081251535703105
2015-08-27,12.682434947880228,13.00331588301856,12.659514360649512,12.957474708557127,13.310145715516018,14.103847678138148,40.21920101672495,4.8747726132973614
2015-08-28,12.926911519122346,13.179032074431449,12.911631132202302,13.1255521774292,13.292565378555368,14.065483148698583,43.493723947079836,8.363860800889263
2015-08-31,13.02623070159974,13.194312037889963,12.965110613099071,13.148470878601074,13.278842092845435,14.029521883204563,43.944612146118146,4.939014040661365
2015-09-01,12.812312833956732,12.911632444596483,12.659511863660754,12.758832931518556,13.229317410814303,13.979690943922758,38.342986897697976,-1.53302847589112
2015-09-02,12.988030741655518,12.988030741655518,12.72062981729552,12.980390548706056,13.205610090613519,13.940502693129947,42.80734282609109,-1.1059468337855058
2015-09-03,12.99567362639692,13.461715292320692,12.99567362639692,13.186674118041992,13.203806664654326,13.910940788224536,46.67850431107211,0.2905527174501571
2015-09-04,12.995673296351775,13.255434074969498,12.995673296351775,13.171393394470217,13.200719686541554,13.881938929645935,46.427810746991064,3.2335282166168877
2015-09-08,13.40823671828844,13.6145176418851,13.370037194904643,13.591598510742188,13.237946241227329,13.870553030865397,53.779147304669195,4.708702405699642
2015-09-09,13.752032830728126,13.874273005979394,13.385312304974324,13.415871620178224,13.254891515413128,13.852722387309038,50.64903677188104,1.73809938794684
2015-09-10,13.415875789568494,13.58395717568875,13.347115487468075,13.454076766967772,13.273861539370714,13.837089225727029,51.312522172150615,2.1461918570911016
2015-09-11,13.347112257454636,13.499913215637209,13.30891274651796,13.499913215637209,13.295390270443713,13.823866637096057,52.14380286633128,-0.6745733037399152
2015-09-14,13.507555409598174,13.561035315716518,13.347114234024993,13.461715698242188,13.311230787376902,13.809664639493944,51.356869751265656,0.34171524118500807
2015-09-15,13.713835651505764,13.79787487550265,13.530473900269817,13.77495574951172,13.35539506948498,13.808303506553465,57.07753584122298,2.384994437758566
2015-09-16,13.752037066108125,14.080558184731188,13.721476284274218,13.988877296447754,13.415726710148101,13.815384831647359,60.494530062381024,3.6219794379431165
2015-09-17,13.973595965020175,14.118755282168491,13.828435190653826,13.881915092468262,13.460125603702403,13.817993861483473,58.00792164658884,3.121440116886017
2015-09-18,13.76731620264569,13.774956397408046,13.408234334905693,13.461715698242188,13.460277041277621,13.804022168807345,49.41467971660532,-2.2739822687316904
2015-09-21,13.515198224128806,13.568678140613628,13.316557493457733,13.3853178024292,13.453138066149199,13.787602389733692,48.02178375348811,-4.3145670751706335
2015-09-22,13.156110927244391,13.20195208602954,12.873431067491852,12.972750663757324,13.407386884969021,13.755647420087561,41.25828003114611,-6.5492723637548504
2015-09-23,12.94983270038532,12.965111630796416,12.758832226675908,12.812312126159668,13.35071309841575,13.718653879149212,38.96025886514927,-4.8240773066342335
2015-09-24,12.67479191884348,12.804672303014373,12.407390956465996,12.743552207946776,13.292888251704419,13.680414597925587,37.983802842618374,-4.794548803062072
2015-09-25,12.705350316158906,12.865791464834665,12.544910624701052,12.659510612487791,13.232566571779026,13.640379147516262,36.7707574540848,-2.4146001059331903
2015-09-28,12.590748918621657,12.60602930387376,12.437949437753833,12.491429328918455,13.161982072458972,13.595322291884976,34.40428784516966,-2.5044878245359556
2015-09-29,12.468511379399803,12.781752057010316,12.39975108848842,12.758832931518556,13.123586916178933,13.562518787556881,40.91877764990242,0.11990945163823287
2015-09-30,12.965111419603572,13.125552572659346,12.934552102061202,13.079712867736816,13.119408435374922,13.543585222073741,47.63885242495827,3.319261447867683
2015-10-01,13.102634716937692,13.171395017232603,12.735914086843655,12.858154296875,13.09452708885112,13.5167055779483,43.92387675625359,2.93581269444925
2015-10-02,12.712994827405034,13.03387577652071,12.499075166140184,13.026235580444336,13.088023135669522,13.497471460399126,47.28252678512867,2.095823735297968
2015-10-05,13.171392148595968,13.530472505205584,13.171392148595968,13.4769926071167,13.12506784723592,13.496668368113541,55.056781630288086,3.037373552441172
2015-10-06,13.507554852563864,13.698555342091703,13.44643475420368,13.606874465942385,13.170954191874632,13.500990175871536,57.02342954513629,5.822921017904963
2015-10-07,13.721474493563486,13.851354884971071,13.553394587067,13.62979507446289,13.214653323549705,13.506041348365315,57.37788347082009,4.633414544756504
2015-10-08,13.599233197882342,13.782594935705209,13.568673879723848,13.729113578796388,13.263649538335104,13.514789278970456,58.957496087256786,1.870750983023865
2015-10-09,13.72911789006809,13.782599263771344,13.377677606185877,13.3853178024292,13.275236992058352,13.509711966164916,51.80087929690431,-1.6282700635457124
2015-10-12,13.40823393059686,13.415874125128838,13.13319421353627,13.186674118041992,13.266802432628221,13.497043815258136,48.16305540730907,-3.2511197270393333
2015-10-13,13.072074330649173,13.125554236039202,12.819953735797512,12.896352767944336,13.231521512182137,13.473487303598771,43.369300232579555,-6.065656067833765
2015-10-14,12.91163280738307,13.079714170874947,12.88107348679606,12.988033294677734,13.208332158134098,13.454449891484222,45.223427257547094,-2.9680618242725973
2015-10-15,13.01095466073207,13.049154178068326,12.77411299014911,12.87343406677246,13.176437101813942,13.4316649571818,43.31441261093334,-2.3754287735143036
2015-10-16,12.888712768616168,12.942192668770172,12.797031898910744,12.90399169921875,13.1504899206144,13.410971888242074,43.99331656547733,0.059233268598248026
2015-10-19,12.850512504577637,13.003313476736356,12.743552698397371,12.850512504577637,13.121920642896612,13.388993088882684,43.02218517700051,-1.0588268984223441
2015-10-20,12.819954159614433,12.995674270910296,12.781753185059996,12.87343406677246,13.098255254694312,13.368775088015616,43.59688153123518,0.0
2015-10-21,12.858150816763166,12.96511060728692,12.74355083302802,12.766469955444336,13.066656654765742,13.345155278895174,41.49362342534565,-1.065730256031861
2015-10-22,12.896354452512144,13.553396706770576,12.827595606042102,13.446436882019045,13.102826200218438,13.349127106468659,56.01923207653515,4.637358838638744
2015-10-23,13.568677098083173,13.568677098083173,13.285995687673424,13.446436882019045,13.135551027056591,13.352943176098087,56.01923207653514,4.451048665604771
2015-10-26,13.39295555885373,13.40823449133855,13.125554567924112,13.232514381408691,13.144785632232981,13.34822047826713,51.36609612786151,3.650534780490421
2015-10-27,13.446430191316074,14.01943146545837,12.934548994793586,13.950671195983888,13.221536638304496,13.371845996608965,62.59795108805861,3.7499474276276126
2015-10-28,13.943034402205308,14.378515243530272,13.904834890839872,14.378515243530272,13.331725076897428,13.411323221978428,67.42467060251728,6.931786983342988
2015-10-29,14.340320507553631,14.516040649898931,14.286840590945795,14.401440620422363,13.433602747709326,13.450151355250739,67.66546091837688,8.833742441693321
2015-10-30,14.470197605305618,14.470197605305618,14.202796626478175,14.210436820983888,13.507586945164046,13.479966471554,63.45684874277516,1.8620295851771003
2015-11-02,14.202795159700544,14.431995142329065,14.195154965983864,14.378515243530272,13.5905324973894,13.515203678298167,65.49089223166959,0.0
2015-11-03,14.286840262181324,14.500759923690012,14.27155987001116,14.386159896850586,13.666306535433323,13.549358824123752,65.58472100709851,-0.10610552079149699
2015-11-04,14.40143047182286,14.54659118404915,14.309749638517465,14.41671085357666,13.737773613351736,13.583372629200337,65.98278489185553,1.4515671487886737
2015-11-05,14.3555940640326,14.668834675473963,14.3555940640326,14.56187343597412,13.816259310744345,13.621745209858133,67.88361247694861,1.2752234103333524
2015-11-06,14.508396857392118,14.615356664095296,14.40143705068894,14.454916954040527,13.877083848201124,13.654418611590776,65.0015411133664,0.47793891964869434
2015-11-09,14.386151697254446,14.462552157341312,14.28683211919382,14.340312004089355,13.921200815428575,13.68131639168876,61.9657462706185,-0.5299325918598887
2015-11-10,14.294185136130393,14.501793339381354,14.26342771345856,14.440279960632324,13.970636924495599,13.711079668902235,63.56426744471976,-0.8350125818385887
2015-11-11,14.463349448404378,14.509485591622424,14.232674598693848,14.232674598693848,13.995592893466862,13.731534372031318,58.10287309383584,-1.537486213537582
2015-11-12,14.132705956101857,14.26342201706369,13.932788654954626,13.948165893554688,13.99107603633237,13.740029725816548,51.56432257658157,-2.7345716775398023
2015-11-13,13.871276902084386,14.017370218511417,13.702114058608974,13.78669548034668,13.97161122147659,13.741859755405965,48.24593803894765,-4.5261205604563965
2015-11-16,13.748248672826614,14.1942209074802,13.71749272557165,14.101951599121094,13.984024590776066,13.755981004179107,54.41419270537688,-0.918471076298973
2015-11-17,14.109640906465756,14.378762410389578,14.071194139279948,14.186532974243164,14.003311103487219,13.772865395162011,55.931731295957505,1.7089492805546833
2015-11-18,14.232670978150468,14.52485914456256,14.163468247522292,14.478724479675291,14.048588567886084,13.800546143574296,60.78803886860722,5.019542212382353
2015-11-19,14.47872268465601,14.76322292714438,14.455654621774997,14.601749420166016,14.101270553817505,13.831965879911227,62.65413077422727,3.544174843686684
2015-11-20,14.601752160912744,14.69402296316165,14.555617493085617,14.59406280517578,14.14820314918496,13.86185203384317,62.45414349561937,2.8726527592930555
2015-11-23,14.62481408677444,14.832422204708312,14.594056676742444,14.655570030212402,14.196523804520908,13.892978229779219,63.459235863259124,1.2214166433331923
2015-11-24,14.524857930166668,14.663263379851202,14.409520544294368,14.57868194580078,14.232919817976134,13.919868571583986,61.25183771989077,-0.15797747038021615
2015-11-25,14.59405505141971,14.724771096309937,14.447961769820065,14.586365699768066,14.266581330527746,13.946005713865716,61.396352832260334,-0.052741347700540876
2015-11-27,14.563301661006909,14.594057606404066,14.424896240234377,14.424896240234377,14.281658940975996,13.964785734507625,56.617593231687835,-1.5739666864031383
2015-11-30,14.494102418347689,14.586371743208812,14.386452917217078,14.40183162689209,14.293103958682291,13.981924789110938,55.94771565665798,-1.2130748140755572
2015-12-01,14.517165841305578,14.555612607084656,14.363383177971745,14.471031188964844,14.31004940918539,14.001105432242463,57.5697551510979,-0.7907008035939792
2015-12-02,14.447965964978392,14.617127350651222,14.378763246613532,14.40951919555664,14.31952272217313,14.017121658254784,55.60962854577184,-0.10660072988841342
2015-12-03,14.486409685949024,14.517165631533707,13.655978622844678,13.709802627563477,14.261454141734115,14.005069931561007,39.241942727016045,-4.805145742965146
2015-12-04,13.702115776568103,13.886655883556212,13.60984645637125,13.8635892868042,14.223562250788408,13.99952167098231,43.199018060311246,-4.197640750189667
2015-12-07,13.809762027797714,13.925100863086694,13.6790474187794,13.87127685546875,14.190011260757965,13.994492462530797,43.39747271546197,-3.735324772348161
2015-12-08,13.709802627563477,13.779005338371682,13.532951907317674,13.709802627563477,14.144277105215632,13.983328155277176,40.218883881548805,0.0
2015-12-09,13.62522352477759,13.894345060673388,13.594467573969306,13.64829158782959,14.097040389274104,13.970189466357663,39.045669643432824,-1.5529722824343657
2015-12-10,13.648290340718871,13.832830428489396,13.525263615538524,13.602155685424805,14.049908512717028,13.955756769066179,38.14684176634435,-1.940132641342562
2015-12-11,14.417205384583966,14.417205384583966,13.917409224570516,14.363381385803224,14.07976307205857,13.971742048153907,56.102535833120356,4.76723681583666
2015-12-14,14.317249014608064,14.324936901432286,13.809761955151147,13.894343376159668,14.062104053401532,13.968706806114918,47.04109919684348,1.8028028398036764
2015-12-15,13.971235264838326,14.040437978123796,13.663668465010778,13.740560531616213,14.031480860850548,13.95975989338948,44.503111693631354,1.0175214090492566
2015-12-16,13.825141100778472,14.294181408029916,13.794385152722809,14.240357398986816,14.051373864482574,13.970763717138395,53.318255791434936,-0.8565113152116466
2015-12-17,13.978926001996518,14.086574025944188,13.894344573698016,13.909723281860352,14.037883332804267,13.968369974578472,47.89803140293425,0.11069184980035039
2015-12-18,13.80976534488986,13.955860162511978,13.75594132434344,13.84052276611328,14.019087088357505,13.96335635856023,46.82511343149162,0.7274975010448781
2015-12-21,13.886655883556212,13.978926670347468,13.77900785446175,13.8635892868042,14.004277773923857,13.95944392437372,47.24927830913508,-2.645777080071205
2015-12-22,13.886651836422557,14.032746595183106,13.85589589418527,13.963543891906738,14.000398356588892,13.95960470741423,49.14244565088513,0.3869279708574368
2015-12-23,14.032748239121274,14.28649102532929,14.02505888601265,14.263422966003418,14.025448319390275,13.971519148927532,54.42686790210762,3.055521868910578
2015-12-24,14.278805611944094,14.47103509291608,14.240360302387517,14.271116256713867,14.048845265802045,13.983268055115232,54.55732166980289,2.9395487811916428
2015-12-28,14.209604251797783,14.24036167568484,13.909726701872458,14.001996040344238,14.044383434806063,13.984002485908526,49.24671784782454,0.2753752824867535
2015-12-29,14.086572895248366,14.263423625136816,14.086572895248366,14.217288970947266,14.060850628724273,13.993150975517889,53.173615801055554,-0.32344266285948187
2015-12-30,14.194220910555384,14.340315693182204,14.18653302368564,14.217288970947266,14.075749518459796,14.001940700828845,53.173615801055554,-0.37717642263111995
2015-12-31,14.109640656904547,14.240356729835868,14.040437943788309,14.055816650390623,14.073851150072256,14.0040534831646,49.82062517189168,0.3843781264564746
2016-01-04,13.802075853320456,13.825142449964693,13.648291698251692,13.771318435668944,14.045038510605274,13.994926618556928,44.49672026170218,-3.1368183919568184
2016-01-05,13.779008623085549,13.89434601306259,13.632913813597565,13.763629913330078,14.01823769181716,13.985856159528424,44.35876173433285,-3.190897072882392
2016-01-06,13.525265040423257,13.602157118410105,13.371480884449555,13.456062316894531,13.964697179919765,13.965079930405526,39.13197587871621,-4.266947616163051
2016-01-07,13.186940023959092,13.386858828667162,13.10236006293999,13.148494720458984,13.886963612352073,13.933056980995858,34.725526230328164,-4.5226150140918255
2016-01-08,13.210005389501172,13.402234800951202,13.148492036500922,13.18693733215332,13.820294442809335,13.903797386923602,35.70012122892852,-4.189974482082165
2016-01-11,13.217694882806036,13.502193593491215,13.186937472681132,13.309964179992676,13.77169156063632,13.880509810181213,38.84693280219382,-1.0857421247107664
2016-01-12,13.448369004093012,13.540639763837476,13.156180953657824,13.33303165435791,13.729914426705044,13.8590400785803,39.445334786895316,1.4034833478830648
2016-01-13,13.379169949626592,13.563710052848307,13.086981819507466,13.117737770080566,13.671611887978903,13.829969399815605,35.91314115422965,-0.5247584054564866
2016-01-14,13.163873590739648,13.432993651745916,13.094670870311084,13.30227756500244,13.636437190552574,13.809275602371951,40.8060716134151,-0.05775083152958854
2016-01-15,13.033152978132634,13.194624958663995,12.856300828120506,12.971639633178713,13.573123137469349,13.776427132991824,35.566576423229805,-2.7105014864423294
2016-01-19,13.08697990158658,13.163871966642214,12.756345048463258,12.88706111907959,13.507783897622705,13.74155003440703,34.35150316424473,-1.758509394257847
2016-01-20,12.502603710220226,12.925507917175723,12.402643574078096,12.83323860168457,13.44354148848574,13.705929978221835,33.56564523496443,-3.5260049343120388
2016-01-21,12.8870623138711,13.302277157116476,12.740967523379998,13.017778396606444,13.402992622592475,13.6789436416879,38.74032734821359,0.3556895252448859
2016-01-22,13.225386794053522,13.2792108055914,13.025467989345453,13.148494720458984,13.37875472715119,13.658141723208335,42.176087986002436,2.0286518311947486
2016-01-25,13.11004649448736,13.171559853213036,12.779413107958195,12.88706111907959,13.331926764477704,13.627903268144463,37.630365414113044,0.419399335316297
2016-01-26,12.902441353852728,13.87896585597918,12.887062645700984,13.617533683776855,13.359127423458576,13.627496617777107,52.90414462855833,4.607201543135501
2016-01-27,13.540643669660197,14.04812932815496,13.47144094653869,13.771318435668944,13.398383710335754,13.633136689066983,55.381467659032026,4.73684424302083
2016-01-28,13.932790559911837,13.994303922504622,13.7559383591876,13.832830429077148,13.439759588311125,13.640967816126206,56.37005673610428,7.338906064450376
2016-01-29,13.925099090300144,14.309557914733883,13.917409737820188,14.309557914733888,13.522597524160911,13.667187035679449,63.179151692127014,5.081861716130511
2016-02-01,14.148089625896604,14.378765884970983,14.078886894833746,14.27880573272705,13.594617353548163,13.691172082622492,62.50153228625395,3.6851032051054013
2016-02-02,14.06350743029502,14.132708683836857,13.779007195669182,13.909723281860352,13.624627441958847,13.699742717886721,54.8920726615831,0.5558721562983332
2016-02-03,14.048132380466772,14.209604458437909,13.809766741659791,14.132712364196776,13.673016482171983,13.716721919702803,58.20302473559102,-1.2358561430819834
2016-02-04,14.117331150154731,14.663262079272238,14.101952442310616,14.501790046691896,13.751947297840546,13.747508905074925,63.038788613145385,1.561645407457047
2016-02-05,14.417207758104098,14.59405848795423,14.025059531092362,14.101951599121094,13.785281040819646,13.761408618566932,55.541727257221225,1.3819708226074263
2016-02-08,13.8943443818425,13.948168393073122,13.679048336920006,13.809762954711914,13.787612651666528,13.763304867043207,50.78826502437324,-2.2851198068886487
2016-02-09,13.717495255240642,14.363386399241238,13.694427190599734,14.201912879943848,13.827069816264368,13.780505181274604,56.20556717219454,-2.0678631105713445
2016-02-10,14.232666073269518,14.363382134231353,13.932788654954626,13.948165893554688,13.838602776006303,13.78708011116794,52.2012478133701,-1.0905278215250076
2016-02-11,13.694425582885742,13.86358843720386,13.540642903117094,13.694425582885742,13.824871614756725,13.783446600254914,48.481617880979684,-0.8351871947723662
2016-02-12,13.84051774923312,14.148084517008382,13.763625690640795,14.140395164489746,13.854921476636061,13.797444583166085,54.604204451688034,-0.43316499667434094
2016-02-16,14.294181042039654,14.38645035043842,14.217288973977873,14.332626342773438,13.900417178172955,13.818432103150688,56.97760260315873,2.7563512805393677
2016-02-17,14.394141208456022,14.701709512851815,14.363385257973064,14.570993423461914,13.964281582486189,13.847944311790345,59.78527966725786,6.400909883154501
2016-02-18,14.647885115314386,14.694021244339424,14.386452917217078,14.40183162689209,14.005953015286751,13.869665382970807,56.94507640858348,1.8488624918975356
2016-02-19,14.294180378437916,14.37107244293001,14.163464308779592,14.263422966003418,14.030473962974053,13.885106856815224,54.65712093131233,-0.48283807248566224
2016-02-22,14.43258804434906,14.517168008501235,14.29418260007084,14.371074676513672,14.062912126168303,13.904164418372027,56.1333975424632,-1.3720323737593425
2016-02-23,14.235535636553584,14.343968364712774,14.088379360987185,14.10386848449707,14.066812731723424,13.91199595037693,51.63923559587699,-2.0689253291827288
2016-02-24,14.034162916278762,14.072887938690352,13.701122405385396,13.933475494384766,14.05411394721498,13.912838285436061,48.947996995743914,-2.313241866311302
2016-02-25,13.933477942798296,14.080635712897989,13.88700761228556,14.034165382385254,14.052214083897862,13.917596210806618,50.58682718700699,-2.3443569928630414
2016-02-26,14.119360213319183,14.251027375895069,14.065144583540604,14.181321144104004,14.064509994393685,13.927938365053574,52.96330656984842,0.5491589750150416
2016-02-29,14.220046249093889,14.382693122416152,14.165830624653132,14.173574447631836,14.074897085178272,13.937571152605663,52.81929153490863,1.7231806475263902
2016-03-01,14.26651422522445,14.529848481108424,14.134847097282462,14.429161071777344,14.10863651247342,13.956849188651612,56.97600198466061,2.814529247944178
2016-03-02,14.452395084674505,14.638277803902511,14.413670072142873,14.560826301574709,14.151702206673544,13.980534565628988,58.98088600264354,2.6760916956491543
2016-03-03,14.653769113392974,14.677005008402157,14.460141086776929,14.630533218383787,14.197305160169758,14.006024708874275,60.0424990879623,3.2240192651494586
2016-03-04,14.661515184302594,14.878377640090555,14.630533989324492,14.684749603271484,14.24372844046516,14.032641371399656,60.89031902668571,1.771333275876017
2016-03-07,14.6460284997483,15.172697136966985,14.584067570502873,15.157206535339355,14.330726354262703,14.076741966063958,67.38476580794084,4.095785647138377
2016-03-08,15.102984193663133,15.157199797996023,14.7312187834395,14.738964080810549,14.36960613774345,14.102711460759902,58.17506834954663,0.7411272084773651
2016-03-09,14.79318358270364,15.03328195540707,14.79318358270364,14.855144500732422,14.415847886599542,14.13221863879804,59.81794622665931,1.1603527609553297
2016-03-10,14.862889350630596,15.0332815007402,14.560828591769104,14.715731620788574,14.444408242236593,14.155101500836885,56.92824794433138,-2.9126403570570405
2016-03-11,14.893872537787184,15.1417162601115,14.870638112109976,15.064266204833984,14.503442333912535,14.190755018640694,61.88547868797315,2.2070894687026485
2016-03-14,14.955832658965909,15.133971617352689,14.955832658965909,15.033284187316896,14.553903462808188,14.223795378196623,61.21106706428333,1.199178416444831
2016-03-15,14.901619289221973,15.08750209905817,14.839658352609904,15.056522369384766,14.601771930101195,14.256451338635374,61.549533064100544,2.3158260654520513
2016-03-16,15.064266204833986,15.188188065996142,14.971324070329812,15.064266204833984,14.64581900388527,14.288130352996104,61.66956301705941,0.0
2016-03-17,15.095242385306202,15.606420311830073,15.079751786983715,15.521224975585938,14.729191001190095,14.336487004862372,68.01473692512312,3.245736475072435
2016-03-18,15.606420378662344,15.730342211243368,15.490243845275732,15.50573444366455,14.803147519520996,14.382339845599713,67.60617291450437,2.9835048443403647
2016-03-21,15.49024202523544,15.683870050550883,15.474751428666702,15.621909141540527,14.88112481685619,14.430950406224843,69.10507786689088,3.7017597082000613
2016-03-22,15.583183771716715,15.823282103993837,15.544457281178753,15.730340003967283,14.962002453723914,14.481906861038272,70.47811403332983,1.347284307200448
2016-03-23,15.691615478964954,15.699360777313554,15.505732750392363,15.590928077697754,15.021900132197613,14.525397889142566,66.39260406757572,0.5494330780830068
2016-03-24,15.405049228542024,15.714855331445348,15.358578904012518,15.683874130249023,15.084945274869176,14.57082832997027,67.73547116478181,0.39665439189966717
2016-03-28,15.776813520837994,15.908480648561037,15.69936200854243,15.784557342529297,15.151574995598711,14.618425546149057,69.17244243267844,0.34466730247623106
2016-03-29,15.668378208815646,16.01690921759151,15.645143793073574,15.99367332458496,15.231774836454544,14.672356831577916,71.96521069049064,2.583202519311967
2016-03-30,16.071128590258866,16.31897226468603,16.032403570103934,16.14083480834961,15.318351976635027,14.729944203216023,73.7663453940675,2.913570169625752
2016-03-31,16.195052215668554,16.264758441455992,16.063385064432833,16.179561614990234,15.400371942192665,14.786791944854228,74.23545421630797,2.502472916339905
2016-04-01,16.01691442462805,16.179561296756333,15.96269880058529,16.13309097290039,15.470154707021972,14.839587985169764,72.55875071848489,0.8717049891291899
2016-04-04,16.102103740788948,16.2337693507725,16.086613147638786,16.094358444213867,15.529602681992628,14.88879466983816,71.11696741910713,-0.28794275319452556
2016-04-05,15.939456369701375,16.06337816739033,15.823279869026024,15.962692260742188,15.570849308540206,14.930908300854005,66.29448477807315,-1.3403907930800742
2016-04-06,15.939460138318625,16.14857877533545,15.81553831133044,16.117597579956055,15.622920572484572,14.977445135328596,68.96121410137549,-0.09603487000947936
2016-04-07,16.071129102392128,16.14858062243494,15.94720726122957,16.001422882080078,15.658968411493667,15.017601125397281,64.81920032347011,-0.5774418561381092
2016-04-08,16.102105339558808,16.21053654784747,15.831025841572728,15.900732040405272,15.681993519009058,15.052233710299555,61.37820616980688,-0.38815645459317394
2016-04-11,15.939462525566494,16.140835893898092,15.931717225561634,15.970443725585938,15.709464967254476,15.08824194619314,62.84867188572054,-0.9130011693127185
2016-04-12,16.28024872192,16.326719045775942,16.07887534885763,16.13309097290039,15.749810301125516,15.129216417828719,66.0924060536334,0.8228523912568239
2016-04-13,16.233775261233532,16.365442396419283,16.18730494212821,16.326717376708984,15.804753832133466,15.176177239745593,69.50583030447531,2.679029715243572
2016-04-14,16.264757799788455,16.342209322859482,15.877501661698254,16.086620330810547,15.831598260578902,15.211880890375593,61.26931948694607,0.7274475726587677
2016-04-15,16.08661660229095,16.264754029980566,16.063380707575725,16.20279312133789,15.866950152079758,15.250740193550586,63.52178379840953,0.43204460047105914
2016-04-18,16.055635409337317,16.28798992469579,16.055635409337317,16.20279312133789,15.898935196771008,15.288075602483422,63.52178379840952,-0.7590273813882449
2016-04-19,16.295737587203064,16.31122670866253,16.117598656403548,16.210540771484375,15.928611918172281,15.324250707150126,63.68513493941471,0.7703323515162754
2016-04-20,16.21829166195854,16.326722935879552,16.202801057894018,16.249271392822266,15.959150915757995,15.360526028156878,64.53999786552276,0.2868534525887794
2016-04-21,16.226027918260936,16.31896853630464,16.09436081164528,16.10984992980957,15.973503202810527,15.389911279202082,59.14273799588215,-0.5736245030859584
2016-04-22,16.024660217238175,16.35770074918055,16.024660217238175,16.25701332092285,16.000504166440273,15.423915280838191,62.689486865063294,0.28668105582403186
2016-04-25,16.164067993321634,16.272499213364842,16.10985090603545,16.241518020629883,16.023457866839284,15.455978133379043,62.078422796327054,-0.04771519906921908
2016-04-26,15.93171642262164,16.063383561538547,14.862890189322211,14.88612461090088,15.915140413892768,15.433630936419116,32.36268083196871,-7.596131088994912
2016-04-27,14.893867313306645,15.025534429263296,14.79318139040548,14.94808292388916,15.823039700559091,15.41458983788853,33.919850091258105,-8.051481358812026
2016-04-28,14.901612751099176,14.901612751099176,14.622787920047394,14.630533218383787,15.709467654637633,15.383842519476579,30.095576799456236,-9.918929992872783
2016-04-29,14.62279187389148,14.638282474752762,14.34396844471348,14.460144996643066,15.590484544352437,15.347619087208598,28.254805406961648,-2.861588394509851
2016-05-02,14.514359284642945,14.669262324448727,14.48337956304071,14.568574905395508,15.49315981683273,15.317068334980634,31.1411689865493,-2.538840735805289
2016-05-03,14.42141342163086,14.475629022755914,14.289746328642442,14.42141342163086,15.391088731575408,15.281944612888486,29.411717616353947,-1.4293381767532671
2016-05-04,14.359458937998305,14.429163686821845,14.10386845749701,14.227791786193848,15.280298546300974,15.240605286351443,27.266152441225938,-1.6068525627036225
2016-05-05,14.23553147633504,14.351709470929594,14.189061164855955,14.189061164855955,15.176371176639543,15.199368261979071,26.84430181285934,-2.6050162284507232
2016-05-06,14.150338177627864,14.390436544790449,14.11935698069603,14.282005310058594,15.091193475060406,15.1633932442567,29.656905665366068,-0.966674399356485
2016-05-09,14.28200607702436,14.421418516174713,14.165829536820688,14.204554557800291,15.006751673416586,15.125791727140763,28.66779918454193,-0.16332280330462146
2016-05-10,14.30523999181759,14.622789879845907,14.243279074086816,14.607300758361816,14.968708729125655,15.105458747972962,39.893841590889394,2.9476199210542133
2016-05-11,14.5530779844995,14.707979464031554,14.514351506668426,14.615038871765137,14.93502588556751,15.086226595964813,40.08893223212811,2.331840343680538
2016-05-12,14.653771535074418,14.76220277517407,14.444652877226645,14.622790336608888,14.90528916661907,15.06805262500968,40.297977280502145,2.9443779958515295
2016-05-13,14.599555456657594,14.746713190219,14.46788832184261,14.47563362121582,14.86436959086638,15.044820507213842,37.61466619727439,-0.9013789701743796
2016-05-16,14.483376155316211,14.893866602868922,14.483376155316211,14.878376007080078,14.865703535267684,15.03829327191448,47.84944867902137,1.8018230237052852
2016-05-17,14.8473974759757,14.994555193167868,14.746711549853464,14.80092716217041,14.859534356877468,15.028984797022556,46.2771501433196,1.2182136340664558
2016-05-18,14.723479852049763,15.04102979523936,14.66151892355582,14.700243949890137,14.844363841926294,15.016092999095795,44.241896195708875,1.5516441943178387
2016-05-19,14.58406037435288,14.73896335966588,14.522099475680552,14.669257164001465,14.827687015457263,15.002491593797979,43.606265234787685,-1.4055219667731291
2016-05-20,14.785441585308678,15.149461875365931,14.785441585308678,15.110736846923828,14.854644142263602,15.006736505685268,53.7922881335675,2.093177551371636
2016-05-23,15.157202796844372,15.397301153792476,15.110732480688387,15.2733793258667,14.894523683559136,15.017193086868854,56.88214847331351,3.8988154069432697
2016-05-24,15.350827467491872,15.62190696054056,15.3353368730858,15.559946060180664,14.957897243237376,15.038477517194808,61.73703893095937,6.071806405882368
2016-05-25,15.621908158741917,15.676123766057117,15.451516038999216,15.490241050720217,15.008596653473838,15.056193734195805,59.96828724454274,2.5114870812778807
2016-05-26,15.548725009408995,15.712477162329751,15.5253312072901,15.696881294250488,15.074147571643042,15.081318736550891,63.32296556519312,2.7728111726168834
2016-05-27,15.650092034089091,15.993193626403809,15.603305926551847,15.993193626403809,15.161675767334543,15.117078536152967,67.52547779029926,2.784377044415758
2016-05-31,15.954208871301892,16.336300243509267,15.946412423733904,16.289512634277344,15.269088802281477,15.16305634392255,71.09260207279274,5.1598395463314315
2016-06-01,16.13355802746391,16.28171432471011,16.01659198168387,16.195940017700195,15.357360346607068,15.203561586031478,68.5325641520471,3.1793495414436506
2016-06-02,16.195937619604724,16.52344339167818,16.164745885453087,16.500049591064453,15.466187893698248,15.254404252895517,72.05463275502653,3.169197950707328
2016-06-03,16.367489830337323,16.476657939499344,16.1959397320393,16.43766975402832,15.558709975634445,15.300806821567392,70.31607194953017,0.9095245700550654
2016-06-06,16.50005313643692,16.609221254817154,16.375289147629783,16.422075271606445,15.640935241917493,15.34477813333363,69.86225367566622,1.3962465510437285
2016-06-07,16.45326302121245,16.609217225737826,16.422071287925153,16.445465087890625,15.717557132010173,15.387942327629982,70.17319230568049,-0.3308141764821615
2016-06-08,16.45327110042559,16.49225929887577,16.258327133565817,16.359697341918945,15.778713342477674,15.42605036740602,67.42609656605842,-0.4743519810054986
2016-06-09,16.273921447479086,16.429875713630917,16.1257636304262,16.398685455322266,15.83775830560573,15.464192919873325,68.0386176236991,-0.14242911384421905
2016-06-10,15.915221741349791,16.06337953915033,15.696884012343954,16.00099754333496,15.85330489967518,15.485244081577703,56.39058290808744,-2.7026754316783728
2016-06-13,15.88402736238357,15.993195454886038,15.767059849212398,15.782655715942385,15.846576405986342,15.496907282925338,51.20726344849491,-3.5272145560907755
2016-06-14,15.735870384133424,15.946410133527586,15.704678649125198,15.806050300598145,15.842716776901751,15.509030538520351,51.719343246868085,-3.6139186664610286
2016-06-15,15.92302165747635,15.938617530196256,15.735875646750308,15.751471519470217,15.834026752384462,15.518538027969365,50.39064738742752,-1.559440423567102
2016-06-16,15.626703711563572,15.735871819442288,15.533129985307584,15.68128776550293,15.819480182205268,15.52492037061774,48.65948605725,-0.6422743565080815
2016-06-17,15.642303782804897,15.899629764476853,15.634505845505204,15.821653366088867,15.819687152098945,15.536556958675433,52.196646401636954,0.09871577778119682
2016-06-20,16.110161798387455,16.14914997867741,15.923015855848938,15.930813789367676,15.830270641362633,15.552018010859443,54.804475759033885,1.1385747018986525
2016-06-21,15.954213570383564,15.98540531905859,15.860641298967364,15.884035110473633,15.835391066992251,15.565038289275687,53.45859746156112,1.2929253515564232
2016-06-22,15.962011073316487,16.250528791493785,15.923022875837791,16.02439308166504,15.85339125886585,15.58305220270272,56.88027849527631,1.281406632322709
2016-06-23,16.211538314819336,16.29731263467425,16.055582572221727,16.211538314819336,15.887500502289992,15.607698716903373,60.99762553735092,1.7621480557322027
2016-06-24,15.642303663546764,15.845045569879623,15.353787422180176,15.353787422180176,15.836670685136676,15.597741411227954,41.457977669367494,-3.3382429880416327
2016-06-27,15.205620869516835,15.205620869516835,14.722159448995535,14.862519264221191,15.7438943593352,15.568909170168865,34.61808924902224,-7.250657241884891
2016-06-28,15.041870673468647,15.190026953170673,14.956094889312052,15.112049102783203,15.683718620615963,15.550993089094918,40.030147217885016,-6.782139922101438
2016-06-29,15.28360026645791,15.48634207717616,15.119846636249276,15.447352409362791,15.661207552877565,15.546928748713267,46.445240008365296,0.6093935301426073
2016-06-30,15.52533474084882,16.03218867035391,15.517536805034382,15.969806671142578,15.69059794509328,15.563512196651672,54.595380954698705,7.450199977785593
2016-07-01,15.86064156528286,16.039989661262368,15.782663679590412,15.821653366088867,15.703079413759527,15.573635379766857,52.17077012194269,4.695619094931179
2016-07-05,15.751465721928136,15.751465721928136,15.455150198529996,15.540925979614258,15.687636229555215,15.572352658192246,47.835697540454774,0.6057579821558985
2016-07-06,15.48634386583155,15.704680081588984,15.423961877428866,15.68128776550293,15.687031613931188,15.576624623184822,50.069692320647725,-1.8066524634953895
2016-07-07,16.000990566052227,16.203732335872004,15.86063076484596,15.923012733459473,15.709506006267215,15.590208470646573,53.743675628853936,0.6406370119816475
2016-07-08,16.039985179160567,16.312906959168544,16.039985179160567,16.30510902404785,15.766230103198705,15.618243786466232,58.89273092701452,4.917229806229098
2016-07-11,16.28171686806838,16.468864355315407,16.28171686806838,16.36749267578125,15.823493205349424,15.647626095851136,59.68184491588021,4.3759474383723385
2016-07-12,16.476659196779238,16.765176848114056,16.44546894348318,16.72618865966797,15.909464200998809,15.689922666981207,63.96519610785736,5.044120353686335
2016-07-13,16.726186995624523,16.804163364759034,16.648209139186108,16.66380500793457,15.981306182611739,15.72811413133232,62.71724106413524,2.199899328227062
2016-07-14,16.76517127981757,16.804159455314327,16.679395508960436,16.702789306640625,16.05001886109068,15.766336687226765,63.20041307079197,2.048552197341189
2016-07-15,16.72618838844447,16.72618838844447,16.58582853262808,16.648210525512695,16.10698949579754,15.800919975002685,61.98917813052349,-0.4662038420223187
2016-07-18,16.679398275650417,16.71838794491813,16.61701629212588,16.671600341796875,16.160761957321284,15.835064303112262,62.322434887676884,0.04678003528361555
2016-07-19,16.624818801879883,16.71839254657431,16.57023473718489,16.624818801879883,16.204957847279246,15.866035067769817,61.167324277224736,-0.4668112812136294
2016-07-20,16.679404330686943,16.882146222567968,16.570236191714216,16.850955963134766,16.266481477360724,15.904659416607657,64.58440909576619,1.217821202533277
2016-07-21,16.874346809843445,16.975718490568905,16.73398693641079,16.765178680419922,16.31397644908065,15.938405270090492,62.34344812275703,0.5613038742803796
2016-07-22,16.73398333572572,16.89773698193002,16.65600696708966,16.88214111328125,16.368087369480705,15.97541451884307,64.16912057508831,1.547820246752223
2016-07-25,16.84315292896322,16.936725166248053,16.796366810320805,16.88214111328125,16.41704486889028,16.01097242450731,64.16912057508833,0.18506457565202156
2016-07-26,16.921131927697104,17.03809797585457,16.882142253441952,16.92892837524414,16.46579567901922,16.04697069708523,64.95730955550023,0.9767250200289381
2016-07-27,16.351892090515786,16.788567451814618,16.188139945506553,16.757375717163086,16.493565206461493,16.07482971748044,59.76594875329898,-0.7390377516748193
2016-07-28,16.75737567016102,17.638522836646306,16.694993688336698,17.381196975708008,16.57810156543735,16.126059806038384,69.35642237090724,2.956117112622335
2016-07-29,17.435783982075094,17.521558292071294,17.295424127330744,17.326614379882812,16.649388500146443,16.173140377561694,67.8328432581769,2.3491504944886192
2016-08-01,17.350005241143965,17.521555319334908,17.32661144022093,17.381196975708008,16.719084545438022,16.22051514611645,68.57624084718054,3.7226667771493442
2016-08-02,17.357808887718257,17.443584698696796,17.217449010591288,17.240842819213867,16.76877580960715,16.26052799604184,64.45149454838221,-0.8075057010762828
2016-08-03,17.248636004937104,17.435781960462705,17.209646334637704,17.311017990112305,16.82041792203621,16.30172368208382,65.56667565775348,-0.0900140640783009
2016-08-04,17.279829654831214,17.537155580237926,17.279829654831214,17.451379776000977,16.88050952717571,16.346808234786455,67.74616856064246,0.40378577143482325
2016-08-05,17.505963195217458,17.724299416086037,17.498165260571586,17.65411949157715,16.954186666642514,16.398075342895893,70.63717448163052,2.3970792883901804
2016-08-08,17.65411900406595,17.87245670620918,17.622928753647727,17.77888298034668,17.032729172709576,16.45222466201161,72.28358483381346,2.7027006181936257
2016-08-09,17.83347001003964,17.93484019149081,17.810076204795198,17.864660263061523,17.111960705124048,16.50761429342533,73.388378165513,2.3681823005702247
2016-08-10,17.84906273015457,17.888052401929862,17.739894623791564,17.802276611328125,17.177705077143482,16.558385364715637,71.16658659579063,0.8392212357102428
2016-08-11,17.856863540399225,17.93484140920442,17.833471220870564,17.872459411621094,17.24387215661754,16.609917680280557,72.1867559054409,0.5263347049297546
2016-08-12,17.833465576171875,17.895847554009883,17.763285665191155,17.833465576171875,17.300023910860812,16.657899950707666,70.69022562473639,-0.17461673734792035
2016-08-15,17.85685994042951,18.03620796141173,17.833467625616777,17.989421844482422,17.36568085692001,16.71011649556158,73.09285695019136,1.0512432608490687
2016-08-16,17.895855131152913,17.989427393876788,17.68531530906775,17.732101440429688,17.400578055349506,16.7501943365368,63.799959661570284,-0.7853310389959101
2016-08-17,17.755496995409437,17.77888931973809,17.505968953874152,17.615137100219727,17.42101225009905,16.7841136606028,60.06195694949774,-1.2242627492654445
2016-08-18,17.61513493454154,17.747696876222502,17.591741125784573,17.67751693725586,17.44544126792351,16.819149083216644,61.3621493153618,-1.733823965678072
2016-08-19,17.70870745321487,17.856865269561126,17.661921322322897,17.755495071411133,17.474970201589,16.855868533734075,62.98440338185512,0.1319281364368195
2016-08-22,17.661918391249987,17.77888444272104,17.60733433305043,17.724300384521484,17.498715933296854,16.889924684745345,61.86536251078557,0.619712941663089
2016-08-23,17.841264795799514,17.942636455111366,17.78668074261801,17.802276611328125,17.527626474061737,16.92570319167016,63.60600250692866,0.7057533844548672
2016-08-24,17.802275877966338,17.888051665034553,17.63852372516757,17.669713973999023,17.541158616912906,16.95488008509482,58.700591341106325,-0.48312422192174814
2016-08-25,17.638529952398624,17.81008009979649,17.576147945408096,17.68531608581543,17.554887899665527,16.98352463414269,59.10039189695878,-0.21994830746662036
2016-08-26,17.73989893997018,17.856865009146492,17.60733699828922,17.67751693725586,17.56656685562651,17.0107400185785,58.793997344858454,-0.7008074124231801
2016-08-29,17.72065588530758,17.948144712058504,17.681434138140997,17.799100875854492,17.58871295279108,17.04165613062854,62.09328740790328,0.7322523841973986
2016-08-30,17.799104569052375,17.877549575876113,17.767725967837258,17.861860275268555,17.61472698350322,17.073820999045793,63.70858009743848,0.9982529494891126
2016-08-31,17.80694552453056,17.838322623021075,17.697121939279384,17.799100875854492,17.63228640182239,17.10226334715594,60.91325947990449,0.687788556674446
2016-09-01,17.78341171961987,17.88538916079046,17.7206560259271,17.814788818359375,17.64966758434972,17.130205522497253,61.36954368318582,0.08813896058179216
2016-09-02,17.846170974660996,17.995216338004695,17.806949219356156,17.861860275268555,17.669876412056276,17.158897865743185,62.773752118271574,0.0
2016-09-06,17.86186056510338,17.948148727416992,17.82263731294803,17.948148727416992,17.696378537328727,17.189848879926473,65.2662410954459,0.8373897794168469
2016-09-07,17.924616944729735,17.979528003592982,17.8147933307891,17.90108299255371,17.715874199731108,17.217740413754992,62.796473513899244,0.4843962792609913
2016-09-08,17.814794002584616,17.916772969645532,17.775572243693,17.85401725769043,17.729030681441518,17.2426924468505,60.337578180506824,-0.04390929868029706
2016-09-09,17.720658112387316,17.75987986448317,17.493167760832332,17.555923461914062,17.71254427958176,17.25497601606868,47.6194790971515,-2.1853243555073703
2016-09-12,17.414720918214115,17.704965418996615,17.367653029265345,17.63436508178711,17.705098641696555,17.269854018645876,50.571953082037645,-1.489954048464821
2016-09-13,17.51669938988778,17.650055424051384,17.446099048494474,17.53238868713379,17.68865007459534,17.28014949584148,46.873015964393176,-1.801435306768859
2016-09-14,17.50885338955175,17.704965101345497,17.501008741534363,17.548076629638672,17.67526212745661,17.2906564422649,47.509082293732554,-0.044696209187819684
2016-09-15,17.446106240544136,17.78341878931967,17.446106240544136,17.72066307067871,17.679586026811094,17.307519447300738,54.02971592097451,0.48937394962255093
2016-09-16,17.681434521509004,17.791256612927594,17.634366628432087,17.744190216064453,17.685738806739984,17.324643791173827,54.853059689430815,1.208058597777355
2016-09-19,17.806949615478516,18.042283144970757,17.806949615478516,17.806949615478516,17.69728269328651,17.34355774506813,57.06227126112998,1.4752214234271561
2016-09-20,17.924616380224638,17.971682786880265,17.77557101356537,17.806949615478516,17.7077271620667,17.3617299752803,57.062271261129986,0.4869261632911339
2016-09-21,17.90108219927402,18.065816864777744,17.806949387169666,18.01090431213379,17.736601176358803,17.38718779241181,63.748214519734276,1.5031066102293589
2016-09-22,18.06581485680817,18.222703358282356,18.057970207302375,18.128570556640625,17.773931593528502,17.41626162630314,66.94600792411796,1.806154047195953
2016-09-23,18.003063352070757,18.22270760455916,17.9716847467357,18.15210723876953,17.809948321646694,17.445118316988097,67.56238704832874,1.9383309929230708
2016-09-26,18.042280197143555,18.08150194691267,17.971679850588057,18.042280197143555,17.83207516693211,17.46853642993537,61.773745421427904,0.17420493977433418
2016-09-27,18.034435375656713,18.3168367591808,18.01090142829176,18.3011474609375,17.876748718742146,17.501187842915847,68.60221295655775,0.9519609047921257
2016-09-28,18.35605374095854,18.54432078233807,18.32467664883534,18.536476135253903,17.939579901267074,17.54178738379185,73.27578422023899,2.1174891235956936
2016-09-29,18.48941324442505,18.654147871908968,18.426657552101112,18.450191497802734,17.988209577127613,17.577411074537373,69.20807488253203,2.26086335098465
2016-09-30,18.560020173202258,18.67768695104879,18.36390837805328,18.552175521850582,18.04192061948218,17.615637131294754,71.24023585447775,1.371652031376087
2016-10-03,18.505107481014907,18.59924029652025,18.48941817969264,18.56001853942871,18.091263278524707,17.652671696319615,71.39657761257935,0.1270058235612201
2016-10-04,18.591395311129386,18.630617064358223,18.293304600219823,18.36390495300293,18.117229152284537,17.680563196581705,62.27971400245072,-0.46767289548230817
2016-10-05,18.442350984406765,18.740440215730057,18.442350984406765,18.66983985900879,18.169858743401132,17.71935835981414,68.94230705819753,0.6342347129026604
2016-10-06,18.66199671970255,18.787508132592365,18.583551712592907,18.72475242614746,18.222705760805546,17.758785578101723,69.9676862564052,0.8875739340927437
2016-10-07,18.716909536199815,18.78750989961728,18.56001950722452,18.65415382385254,18.263796052524306,17.793898058327244,66.9091753925067,1.5805400408704842
2016-10-10,18.716909947497022,18.79535346749423,18.65415423377071,18.67768669128418,18.303214208596675,17.82855643609026,67.42041152159464,0.04202945678510617
2016-10-11,18.607078655384026,18.6776789912473,18.481567279674568,18.544322967529297,18.32617694754264,17.85662571183297,61.61115142204714,-0.963587953057314
2016-10-12,18.497261008680574,18.520794958346272,18.23839354721385,18.36390495300293,18.32977009091981,17.876519015408263,54.73955627135019,-1.5559476650100117
2016-10-13,18.199172973632812,18.2619286805951,18.08934936428825,18.199172973632812,18.31733227022581,17.889172111809227,49.32965860336818,-2.561953873413363
2016-10-14,18.356061660966905,18.520796328384726,18.33252920577442,18.348217010498047,18.32027367406126,17.907173872542124,53.78042777017696,-1.0574986068492618
2016-10-17,18.363905502609757,18.497261562278577,18.35606085248641,18.379594802856445,18.325923305375085,17.925700183534843,54.68290400682527,0.08543852679301722
2016-10-18,18.55217483752722,18.69337556422038,18.50510842736757,18.520797729492188,18.34448277433862,17.949037342199837,58.60042830158173,1.7672492938297193
2016-10-19,18.53648500929759,18.77182004584494,18.48157394963412,18.638463973999023,18.372480983830087,17.976073680701766,61.58092986405161,1.5818810260141896
2016-10-20,18.607084152613673,18.72475241129182,18.583551697849295,18.66983985900879,18.40080087670425,18.00328019749812,62.35911355338202,1.5791700484454403
2016-10-21,18.53648244857828,18.70906175078156,18.442349643934627,18.685527801513672,18.4279177266861,18.030035005498732,62.76521895539517,0.8894329198313696
2016-10-24,18.787508270993303,18.93655213976411,18.614928954837936,18.740440368652344,18.45768178782574,18.057894039347893,64.22036077684469,0.5471287483538296
2016-10-25,18.74043665696674,18.74043665696674,17.830478338929392,18.01874542236328,18.415878324448364,18.056358799466143,41.34913139643663,-3.487413076718674
2016-10-26,17.971676602944434,18.23054399479697,17.94814265960745,18.057966232299805,18.381791458529452,18.056421836047857,42.5466430674225,-3.3585434453878786
2016-10-27,18.120729151078045,18.15995090941453,17.948149823483497,17.979528427124023,18.343480693633698,18.05340640824692,40.7544930528966,-4.060267136524278
2016-10-28,17.940305127685914,18.14426004897258,17.775570465152473,17.791259765625,18.290888224299536,18.043126147751945,36.75285813590211,-1.2624944268092386
2016-10-31,17.830478115836005,17.84616741331264,17.673589629710964,17.814788818359375,18.245545423733805,18.034171742677728,37.57777897936756,-1.3466489570983067
2016-11-01,17.901085298772404,17.95599636470991,17.563772755197057,17.712818145751953,18.194809492497438,18.0215696408375,35.421551967069824,-1.4834108828444554
2016-11-02,17.657902294681595,17.799102995236396,17.501012294906502,17.61867904663086,18.13993992622443,18.005770009692142,33.50987036816409,-0.9700309099392093
2016-11-03,17.634373251130032,17.689284317461517,17.43826144496654,17.516706466674805,18.080584358648274,17.986591047220873,31.525133395820863,-1.6732297796164486
2016-11-04,17.532387752260433,17.744188765146557,17.51669845585102,17.571609497070312,18.032110562307516,17.97031726094046,33.79863238664887,-0.797211643679109
2016-11-07,17.88538398127297,18.112874240162817,17.854006891620113,18.02658462524414,18.031584282587193,17.972523824246487,48.93073295404264,2.31518820187194
2016-11-08,18.026588782692414,18.2619237423238,18.00305633407885,18.167789459228516,18.044556204172082,17.980181300128134,52.55538076757,3.7169258604200723
2016-11-09,17.861858482424566,18.293303732328695,17.681436032189307,18.207014083862305,18.060028383190197,17.98907670341183,53.54180212024714,3.616086431342173
2016-11-10,18.285462776840266,18.497263867929128,18.175640653852355,18.191329956054688,18.072533294891578,17.99700820351547,53.066703391700685,0.9139020742722398
2016-11-11,18.13641770386906,18.41097299331374,18.128573053282913,18.356061935424805,18.09953602256141,18.01108874202172,57.34761653242521,1.0362982057822898
2016-11-14,18.418817794418104,18.552173863044207,18.356062085430175,18.42666244506836,18.130690919943024,18.027385749984333,59.070692233658036,1.2063941961836504
2016-11-15,18.38327043407419,18.69886427377605,18.38327043407419,18.659414291381836,18.181045526746722,18.052171182980313,64.20470537870904,2.573117723981221
2016-11-16,18.580507745545795,18.856651482680537,18.55683927127233,18.67518615722656,18.228106539173375,18.076603142754678,64.52939306576658,1.7385222545250087
2016-11-17,18.73041868663395,18.84087560362089,18.73041868663395,18.793537139892575,18.281957072575203,18.104718201465968,66.95187309298665,1.9909991617738898
2016-11-18,18.793532126480223,18.84876057024081,18.69096523161945,18.801422119140625,18.33142993415286,18.13203992372772,67.11302257555806,0.7610519041017154
2016-11-21,18.85665913023482,18.935557587823332,18.754092188773793,18.832990646362305,18.379197621029952,18.15952818736045,67.79020927344544,0.8449955347549863
2016-11-22,18.91977642023297,18.990784877166032,18.84087796754481,18.935556411743164,18.432184172526448,18.189960666748007,69.95487695354174,0.755681438749115
2016-11-23,18.9039975739044,19.109132961375344,18.880329090068116,19.085464477539062,18.49440134443241,18.225078463249616,72.82906495954279,1.5107493284205913
2016-11-25,19.07757540318932,19.219592332521326,19.061795409960656,19.164363861083984,18.55820729839923,18.261913184733316,74.22654959522222,1.759535811088433
2016-11-28,19.132803656592134,19.26693058778132,19.07757518578417,19.093355178833008,18.609173763202445,18.294518753129385,70.70205366719544,0.833346344087267
2016-11-29,19.093349242467863,19.251144609306753,19.06178926618259,19.069679260253903,18.6530314295883,18.32491720438917,69.51681000146354,-0.08270805933875389
2016-11-30,19.109132014689393,19.298487400313352,18.91977662906544,18.959226608276367,18.682192875177638,18.349792082972982,64.11672107111193,-1.0704099248719552
2016-12-01,18.95922616633431,19.038123113191403,18.525285434306312,18.564735412597656,18.67100645017002,18.358221233154342,49.36674225924804,-2.7686059431889802
2016-12-02,18.572624510074306,18.722529905743514,18.556844519520897,18.58051300048828,18.662388026390804,18.366938557363518,49.86351975089,-2.565152004340048
2016-12-05,18.6751852300135,18.903988997516723,18.627846778954595,18.643625259399418,18.660601096201148,18.377789016266888,51.896622870883874,-1.6646319778633718
2016-12-06,18.619955906418877,18.95132805789673,18.612065914138196,18.927658081054688,18.68603509475863,18.399352509003666,59.79784673691699,1.954903532914125
2016-12-07,18.935552644956363,19.41683175623834,18.91188266239966,19.39316177368164,18.753380492751297,18.43832542134398,68.83328325614049,4.373661659244842
2016-12-08,19.629859924316406,20.00068220879657,19.598301445452073,19.629859924316406,18.836854724328926,18.4850522645978,72.24867108629779,5.289929674057174
2016-12-09,19.58251376281913,19.661412186287944,19.266921573806133,19.377378463745117,18.8883331757019,18.52004544887809,64.17065427790418,2.3759959143628526
2016-12-12,19.33004523522032,19.385273695114353,19.09335140571371,19.18802833557129,18.916875571879935,18.546240856199393,58.8558719717175,-1.0577617023168295
2016-12-13,19.235370151089544,19.361608587660104,19.18803167791491,19.29848861694336,18.953219671409784,18.575740768385433,60.89081833628826,-1.688098176200239
2016-12-14,19.290598184298453,19.424725098848796,19.180139751522255,19.20380973815918,18.977085392052583,18.600370924062837,58.23229395620769,-0.895728624543732
2016-12-15,19.180138815876813,19.33004571420568,19.069681893351703,19.124910354614254,18.9911639599156,18.62094109780995,56.03662921955745,-0.32894458905934054
2016-12-16,19.148580359688268,19.35371571948957,19.124910374181795,19.17224884033203,19.00841013900288,18.642561009281405,57.08222720866568,-0.6541433327607545
2016-12-19,19.180139256688015,19.448393078867937,19.180139256688015,19.21958923339844,19.02852243370722,18.665189567089918,58.15406535604663,0.08216856683341595
2016-12-20,19.259039370957783,19.487844741079364,19.259039370957783,19.40105628967285,19.06400184856109,18.694047085622582,62.06501780917415,1.443907082115926
2016-12-21,19.36949110308566,19.677194845942523,19.353712620137525,19.59040641784668,19.11413561706448,18.72919843198431,65.67039391666202,2.1810564894973825
2016-12-22,19.503618454609583,19.637745344471607,19.45627999491196,19.52728843688965,19.153483504666877,18.7604960792355,63.503775569167125,1.600966595875574
2016-12-23,19.527289850148776,19.56673831860807,19.456281403031955,19.54306983947754,19.190586965125036,18.79118524630382,63.82513928991936,0.7319887519747111
2016-12-27,19.50361585083239,19.72453114136612,19.50361585083239,19.67719268798828,19.236930367302488,18.825930636173798,66.52310215847268,0.4430039290177261
2016-12-28,19.708757139705483,19.77187559832882,19.25114793847061,19.290597915649418,19.242041562383147,18.844152882427743,54.01757330254274,-1.2121013217231478
2016-12-29,19.29059720950241,19.416834122128083,19.235367243473817,19.28270721435547,19.245914481618605,18.86135109152295,53.795284244525725,-1.3322503949514146
2016-12-30,19.337935922504407,19.393164384375677,19.09335208927619,19.14858055114746,19.236644583478498,18.87261499190038,50.02677388808595,-2.686420493119964
2017-01-03,19.251147287157565,19.35371571948957,19.03023344188132,19.17224884033203,19.230511655559788,18.8843653388977,50.68330587922502,-0.6135065166713997
2017-01-04,19.235370151089544,19.440505541330175,19.235370151089544,19.29848861694336,19.236985651882033,18.90060546744851,54.14374433627611,0.08184225592629331
2017-01-05,19.227481426438068,19.479955286791537,19.1722514527307,19.18014144897461,19.231571918271804,18.911567662802476,50.56189856295416,0.1648210829144575
2017-01-06,19.235362977915564,19.44049829165796,19.164356047064704,19.34582138061523,19.24245281944737,18.92859722036376,55.04551396920761,0.9053321899205726
2017-01-09,19.40105010609752,19.51939699901915,19.298481695333013,19.306371688842773,19.24854033081836,18.94341190540215,53.794498098092475,0.040848130938570065
2017-01-10,19.345819254323704,19.54306455298966,19.25903084135478,19.3221492767334,19.255550706619793,18.95826435133671,54.24240295818293,0.7403898878252587
2017-01-11,19.28270888115245,19.519402736569724,19.266928889494544,19.464174270629883,19.275419617477898,18.978103956014873,58.17299280833617,0.6117749548398248
2017-01-12,19.424716691526346,19.440495170925676,19.077564562084923,19.35370826721191,19.28287567935733,18.99283353684613,54.268279791084865,0.24518629979807682
2017-01-13,19.40894177316614,19.614077107520796,19.369491802215716,19.598297119140625,19.312915816479546,19.016577206740035,60.577861794389534,1.4291776678267756
2017-01-17,19.48784525624789,19.48784525624789,19.038124500140675,19.085464477539062,19.2912537841995,19.019278668339997,46.188523684719215,-1.9456761320836902
2017-01-18,19.172243164671105,19.393158449411334,19.13279470536783,19.377378463745117,19.29945613463242,19.03332179757157,53.02809631602796,0.12230315868358699
2017-01-19,19.37738656256956,19.479955007406424,19.21959115454323,19.266929626464844,19.296358371949793,19.042482888900718,50.417005173558586,-1.6907973721459304
2017-01-20,19.361600211450696,19.66930241126215,19.361600211450696,19.55884552001953,19.321357147956434,19.062732403846553,56.51191832934005,2.480322357559453
2017-01-23,19.558849828806306,19.66141674971804,19.43261141903881,19.54306983947754,19.342472642387015,19.08156916602816,56.1105029805529,0.8550763254298243
2017-01-24,19.90599624523877,20.694977482115732,19.448387188044627,20.655529022216797,19.467525630942234,19.143293081957125,71.48976248870386,7.207164933247009
2017-01-25,20.623977090941,21.294611704714743,20.623977090941,21.05002784729004,19.618240127737263,19.218066994323124,74.85470650240889,7.624081522317882
2017-01-26,20.994798240812912,21.08947517828933,20.655535954319703,20.94745826721191,19.744832331496752,19.285886259926606,72.46010359829096,7.186119884284854
2017-01-27,20.91590092453529,21.263053225464557,20.88434094042223,21.05002784729004,19.86913666633421,19.355068282960467,73.3772772006693,1.9098945597032388
2017-01-30,20.97111967227571,21.03423810638512,20.78176436994747,21.026348114013672,19.97934728039892,19.420608668491965,72.77470015851088,-0.1124926458442462
2017-01-31,21.04213669245618,21.050026688049936,20.6634259331326,20.90011978149414,20.067039899550846,19.47862871213911,69.49835076050286,-0.2259867766003221
2017-02-01,20.74232108079623,20.90011645295259,20.489845776593477,20.679201126098633,20.125340968745874,19.525709983274776,64.06242647806106,-1.7616448010502093
2017-02-02,20.631862436150957,20.829107777806055,20.545075509129234,20.81332778930664,20.190863523084996,19.576204799197594,65.8108805475824,-1.0131113760313764
2017-02-03,20.884330812307343,21.144694535521964,20.868552332765656,21.089466094970703,20.276444720407444,19.63554837942399,69.1397802527058,0.90595803017463
2017-02-06,20.98690349220751,21.105250389681835,20.91589505275043,21.07369041442871,20.352372881742802,19.69194610628692,68.72806868822188,1.9076621283604829
2017-02-07,21.08947034636251,21.176258773216972,20.955343461615826,20.979013442993164,20.412052935195216,19.742419335177363,66.1810074746591,0.7960555628766319
2017-02-08,20.98691135124896,21.00269134478471,20.87645290136171,20.89223289489746,20.457784359928763,19.787510063009524,63.84541186409146,-0.9352214000347655
2017-02-09,20.892221542056763,21.19992522934558,20.892221542056763,21.144695281982425,20.523204447743396,19.840733012773168,67.44491151064658,0.3369360855045064
2017-02-10,21.144700462241182,21.18415043430832,21.00268507738717,21.06580352783203,20.57488055060898,19.88877499375587,65.25848289951738,0.4136995530066474
2017-02-13,20.923780773316917,21.2393729370828,20.75809394680099,21.089466094970703,20.62388869769105,19.935860919293706,65.61850224201548,0.9440503610383011
2017-02-14,21.07369301937074,21.491853713989254,21.050024539867657,21.491853713989254,20.706552032576592,19.996880244575884,71.10257952085415,1.64182281833423
2017-02-15,21.420851386640496,21.69699526369652,21.4129613895974,21.586538314819336,20.790360249933045,20.059219776742296,72.22524020122717,2.4719436232247802
2017-02-16,21.618085233050767,21.99679585934117,21.60230524740644,21.862668991088867,20.892484891947884,20.12994327534412,75.2456194970139,3.66629905487533
2017-02-17,21.799552425720066,21.831112399719387,21.57074863367452,21.815332412719727,20.980375132021393,20.19603696700591,73.76471607258912,1.5051223735061854
2017-02-21,21.82322955534244,22.00469495069806,21.82322955534244,21.87845802307129,21.065906835930907,20.2620142633222,74.48585662463002,1.352322933833017
2017-02-22,21.78377418804664,21.965239525992043,21.76799420086989,21.886341094970703,21.144043432029935,20.325713354759397,74.57982619596983,0.10827636777323293
2017-02-23,21.88634828136052,21.95735674210914,21.673322899114662,21.74433135986328,21.201213710871205,20.381345433390923,69.6063245155446,-0.3254639971245507
2017-02-24,21.637213826546372,22.01013188561028,21.518197553515257,22.002197265625,21.277497858942994,20.44490825034128,73.11262975401299,0.5655757020134844
2017-02-27,21.875249063505887,22.01013459309997,21.74829815487313,21.938724517822266,21.340471826455307,20.503489280438572,70.94315279621024,0.23934298850710944
2017-02-28,21.85937851365288,21.954592446117537,21.73242761261608,21.906986236572266,21.39442557979978,20.55852837675754,69.82739668173514,0.7480334714233635
2017-03-01,22.105345328168607,22.502067238504015,22.09741070835702,22.3751163482666,21.487824700606144,20.629767120738286,75.85843476859054,1.6949174581950932
2017-03-02,22.311641769084662,22.351313356308303,22.113280806218373,22.121213912963867,21.54814748273545,20.688255230237328,67.9277368812145,0.831814060080628
2017-03-03,22.057738465381615,22.232297081263336,22.03393611839705,22.121213912963867,21.6027252379953,20.74444968838347,67.9277368812145,0.9778966128803359
2017-03-06,22.010131935318896,22.057738141964055,21.90698490202538,21.9942626953125,21.64001451964456,20.793461963165,64.04504915267631,-1.7021303801336714
2017-03-07,22.018066555322093,22.089476621976843,21.938721868664143,21.9942626953125,21.673752441136745,20.8405521879551,64.04504915267633,-0.5738890196119345
2017-03-08,22.06567021472334,22.121211034960105,21.867309277664116,21.9149169921875,21.696720493617768,20.882684141062253,61.49707123567903,-0.9325750457820463
2017-03-09,21.946658026982387,22.002198857523787,21.827641745340227,21.875247955322266,21.713723109018197,20.921608212209705,60.20741778551725,-0.541117206968703
2017-03-10,21.891115337317657,22.057737814791285,21.827639891607603,21.867311477661133,21.728350572698478,20.958694614776427,59.93660351536123,-0.5772015157317527
2017-03-13,21.89111001422808,22.018060874778534,21.859371542403647,21.9863224029541,21.752919318437108,20.998993743724572,62.64966573471004,0.3258301676071009
2017-03-14,21.597541816971635,21.605476437357492,21.264295327636148,21.30396842956543,21.710162090925518,21.010953535326173,44.17741349739629,-2.611533944317386
2017-03-15,21.422982759893593,21.74829459925169,21.39917890090131,21.6054744720459,21.70019184150841,21.0342680818642,51.04590128105924,-1.1973900215521132
2017-03-16,21.75623472230257,21.811775560626707,21.613414558969453,21.645153045654297,21.694950051427064,21.05822435495401,51.884930351006176,-1.551734533165787
2017-03-17,21.661015246860305,21.66894986650628,21.557868218210512,21.6134090423584,21.68718424103957,21.079996303479675,51.12991917116218,1.4525022125151585
2017-03-20,21.66895299237262,21.85144624380785,21.621346781003258,21.66101837158203,21.684692253472186,21.102781482620944,52.25214702262714,0.25708252604217474
2017-03-21,21.74829647539538,21.962526684684903,21.256362120775844,21.31983757019043,21.649944188397733,21.111293486055043,44.3860132219747,-1.5029483726805104
2017-03-22,21.31983663599659,21.780034002430927,21.31983663599659,21.7006893157959,21.654777057673748,21.134407048005666,52.90832430087869,0.4038246500884999
2017-03-23,21.684822032115296,21.867313768477747,21.645150441905773,21.69275665283203,21.658394161974538,21.156303110940033,52.72708397154192,0.14652257204877653
2017-03-24,21.772096780131204,21.883178420118853,21.62927666393346,21.748292922973633,21.666955948736355,21.17951839768645,53.91726085493703,2.009655802360675
2017-03-27,21.510260404893288,21.803833742967456,21.31189946870172,21.748292922973633,21.674702327235142,21.201823281031047,53.91726085493703,0.2193644933807876
2017-03-28,21.740360635544132,21.962525452720136,21.66895056978663,21.859376907348633,21.692290382484046,21.227609697749383,56.46016507725423,0.7680916592721238
2017-03-29,21.819707971592997,21.89905266689181,21.740363276294183,21.8038387298584,21.70291403461494,21.250206914694836,54.83108141747113,0.2554030658015014
2017-03-30,21.764164445897553,22.10534553410432,21.764164445897553,21.867311477661133,21.71857093395267,21.27440709363469,56.38013320794224,0.5472546976860686
2017-03-31,21.676886880120342,21.71655998273167,21.30396879581854,21.422985076904297,21.69041989994806,21.28023368121389,44.79808863310389,-1.9963598793048432
2017-04-03,21.47852174104795,21.573735655472607,21.113538348063383,21.296030044555664,21.652858961339263,21.28085314644298,42.13471739807809,-2.328987531022856
2017-04-04,21.288097974048775,21.470589692387815,21.23255714789116,21.25636100769043,21.615097251467944,21.279892670413467,41.30830651027598,-2.793898420456618
2017-04-05,21.422980478608764,21.557865971786807,21.153209492252675,21.184947967529297,21.574130652997596,21.276169348731734,39.79510707138092,-1.1111295112258803
2017-04-06,21.184949089488185,21.40711237469515,21.097669791228945,21.248424530029297,21.54311102223871,21.27508131662576,41.83469916917572,-0.2235417325518732
2017-04-07,21.200821978490175,21.37538061752601,21.17701962834838,21.272232055664062,21.517313025422077,21.27496958090177,42.619860096198224,0.0746649342655159
2017-04-10,21.2722287341826,21.454721965895644,21.15321246193427,21.25636100769043,21.492460452304776,21.2742398329327,42.21079328834217,0.3370932997833621
2017-04-11,21.240492979852675,21.343640018120613,21.097672839655452,21.30396842956543,21.474508831091505,21.275405660251632,43.94868134489109,0.261402436955434
2017-04-12,21.4388555016633,21.47852709309092,20.93898497477975,21.010395050048828,21.43030751861125,21.265013087302503,36.632726706456566,-1.2308863730429087
2017-04-13,20.986590473212097,21.153212955573316,20.883441925048828,20.883441925048828,21.378225081129116,21.250049512312163,33.99713077907508,-1.7543881688247653
2017-04-17,20.978652076353672,21.10560294864298,20.938978982904658,21.05799674987793,21.34772714481948,21.24251803143239,40.351629690008984,-1.1545815067306568
2017-04-18,21.010392943578147,21.65308355656465,20.970721356127942,21.335704803466797,21.346582159928747,21.246172414649426,48.79760938833159,1.5483276380241728
2017-04-19,21.422982740980643,21.597539833314748,21.208752550361087,21.311901092529297,21.343279201128798,21.2487500098604,48.16802898322683,2.051669303452079
2017-04-20,21.399178376443626,21.597539323062627,21.34363755353013,21.51026153564453,21.359182280606486,21.259005363812722,53.54658158349657,2.147710397805163
2017-04-21,21.470589275923412,21.54199934056207,21.288097561124165,21.438852310180664,21.366769902470693,21.266058185238915,51.475706291465606,0.48345019611026374
2017-04-24,21.72449573101459,21.930791349551345,21.645152542894095,21.83557891845703,21.41141838018368,21.288392331639628,60.593874884252486,2.457208409771126
2017-04-25,22.303706830791594,22.795641164192833,22.09741125074868,22.644887924194336,21.528891670089457,21.34158823723001,72.10809072237522,5.274814472476877
2017-04-26,22.716295703044924,22.716295703044924,22.37511613464791,22.525869369506836,21.623841927176827,21.3880306345742,68.91880551605401,5.070313669775971
2017-04-27,22.58140817717848,23.073343963239733,22.57347507152525,23.025737762451172,21.757355816250573,21.45225444351055,74.1000489084701,5.450548613520529
2017-04-28,23.00193552930957,23.00987014889682,22.827378438511868,22.890853881835938,21.86530801297299,21.508670107758604,70.67632067359759,1.0861875689780107
2017-05-01,22.95433256398656,23.152693541534493,22.874987870292557,23.097152709960938,21.98262655554327,21.57096354313909,72.75012020871068,2.536121163995762
2017-05-02,23.105082439348,23.136819402082427,22.922589228473147,23.025737762451172,22.08197048001069,21.62801351252388,70.88134399088932,0.0
2017-05-03,22.89085280858666,22.95432824893465,22.755967308675448,22.81944274902344,22.15220593420238,21.674736227680725,65.63626832804727,-0.31196360424615577
2017-05-04,22.835320720793508,22.978139381166898,22.79564760954441,22.88292694091797,22.221798411032438,21.722116255650814,66.45881354898638,-0.9274986044084178
2017-05-05,22.93846321105957,23.02574252503609,22.81944692778423,22.93846321105957,22.290052201511212,21.76981613625508,67.19850216745249,-0.37903042365888073
2017-05-08,22.97813486261543,23.20823432248876,22.89879168246864,23.10508728027344,22.367674589964757,21.82217971053031,69.38031243573944,1.2517594508841552
2017-05-09,23.097150951983487,23.23997108708749,23.009871644225697,23.073347091674805,22.434881494889524,21.871245098026172,68.44634864153893,0.8321494503237576
2017-05-10,23.02574263697375,23.113020438000415,22.930528701866113,23.097152709960938,22.497954943943945,21.91931990633734,68.7857405402846,0.6918052767582813
2017-05-11,22.978131918290316,23.081280460662754,22.72423014225656,22.85118103027344,22.531595523594373,21.95586347982503,61.43308079635144,-1.09891924198347
2017-05-12,23.1844288464963,23.208232706907783,22.874986228017224,23.057477951049805,22.581679564304412,21.99906404732404,64.82875571449006,-0.0687769336713433
2017-05-15,23.113021951706493,23.430400747268116,23.105088843854283,23.271711349487305,22.647396877178974,22.048971784663777,67.9815165794891,0.7557582604157377
2017-05-16,23.35104971367215,23.58114761332137,23.24790117908463,23.48593521118164,22.727257670893515,22.105323291586046,70.8002131629454,2.7777740680767082
2017-05-17,23.48593467176591,23.48593467176591,22.716293286381724,22.72422790527344,22.72696912178684,22.129594060750257,52.95076569594217,-1.445301374607585
2017-05-18,22.68455909593071,22.954330117716005,22.478263519661127,22.82737922668457,22.736531988919957,22.156958184904546,54.619291182345556,-1.9093229377500138
2017-05-19,23.009871793339787,23.168561169677957,22.8987901379275,23.049543380737305,22.766342597664465,22.191961525917595,58.068390442627965,-1.8580985876030605
2017-05-22,23.160627880936627,23.287578783955446,23.02574235730736,23.255840301513672,22.812961426602484,22.23368226221548,61.03025645009433,2.3394079590130477
2017-05-23,23.27964177745904,23.374854188277947,23.04954234346104,23.152690887451172,22.84531661334998,22.269721816146294,58.79402986653421,1.4250942148729946
2017-05-24,23.25583796778956,23.287576447046376,23.049542392742207,23.144756317138672,22.873834680377474,22.304036894616583,58.616108165486544,0.4130794906806589
2017-05-25,23.20823162849776,23.53354347213499,23.136821563955543,23.462133407592773,22.929863130588455,22.34945244414506,63.388635781784394,0.887059351132861
2017-05-26,23.434218943124428,23.537911032303267,23.354457670031493,23.37040901184082,22.97181988118392,22.389489956603718,61.192255434811386,0.9403577555974382
2017-05-30,23.322555948262977,23.49005799748599,23.306603082365733,23.38636589050293,23.011300453500017,22.42858313048212,61.44255045513956,1.0439063174985608
2017-05-31,23.402308111840256,23.490047313017826,23.178972654910236,23.210878372192383,23.03030787432786,22.45926137525507,57.08223650871827,-1.0708959455455143
2017-06-01,23.3225465643545,23.665525436401367,23.31457013461522,23.665525436401367,23.090804785001527,22.506565848241202,64.17543745297263,1.2627781756452083
2017-06-02,23.697431747267473,23.848980883131564,23.593741194106915,23.681480407714844,23.14705960621232,22.552640929004873,64.3978135844831,1.2619084067771231
2017-06-05,23.7692211906597,23.82505621107399,23.545887194397537,23.561840057373047,23.186562506322865,22.592217365411468,61.3238210097494,1.5120568879510008
2017-06-06,23.466120521435094,23.737313061790076,23.442191230927836,23.585763931274418,23.224581689651583,22.631179975837465,61.71734593262451,-0.33703669644394885
2017-06-07,23.641602741574243,23.67350846943087,23.33052950171632,23.52195930480957,23.252903367285676,22.666112498542255,59.964952863337324,-0.6736111938901649
2017-06-08,23.521958169145172,23.56981523727069,23.29064773874789,23.37040901184082,23.264094381052832,22.693731969652003,55.90462313760302,-0.8124622061184196
2017-06-09,23.370409338978423,23.585768430580966,22.85195344987321,23.09124183654785,23.24763223395712,22.709320591883213,49.284495314809796,-2.096697381384523
2017-06-12,23.06730527845019,23.19492510262114,22.62861232303108,23.178972244262695,23.241093187319557,22.727738303741233,51.23867557817166,-1.458156848680305
2017-06-13,23.45815267210049,23.53791548161956,23.23481710971689,23.450176239013672,23.26100585890947,22.756069203163683,56.782552749816055,0.34131720644014746
2017-06-14,23.458142367863985,23.529928712763336,23.210879136181987,23.330522537231445,23.267626494940135,22.778596784891832,53.872378477920876,1.0362400704879815
2017-06-15,23.07528728219305,23.48207614051626,23.07528728219305,23.44219398498535,23.284251970182538,22.804620204503344,56.132083658372856,1.1356057462289313
2017-06-16,23.46611966413061,23.521953151925917,23.170997844050262,23.45814323425293,23.300813042951148,22.83024855861117,56.46014906643175,0.03397413801096835
2017-06-19,23.60171649934121,23.84897974612695,23.561835870338136,23.833026885986328,23.351500075621164,22.869573198900394,63.3904053199979,2.1538495246001177
2017-06-20,23.76921598031515,23.90481224318604,23.65754900666209,23.665525436401367,23.381407252838326,22.900787012135726,58.88075876770809,0.9526900577610555
2017-06-21,23.785173197446884,23.809102491048776,23.61767270627973,23.737316131591797,23.41530333652913,22.93359207564381,60.18803353405752,1.1900894906772785
2017-06-22,23.737313716276123,23.76921791648364,23.57778815119293,23.697431564331055,23.442172691557886,22.96354656539625,59.064541411998974,-0.5689387349074098
2017-06-23,23.72136441950219,23.928747076729028,23.68946021450125,23.9207706451416,23.48775344904205,23.001084764601952,63.20624070140645,1.0785528908968418
2017-06-26,23.92076999448024,24.255772505296097,23.912793563109773,24.112199783325195,23.547224528497587,23.044657902591098,66.3489587092825,1.5793009186681761
2017-06-27,24.072319802605207,24.199939665306527,23.9207706451416,23.9207706451416,23.582800349130352,23.07901526504406,60.7599670181256,0.9424611279254113
2017-06-28,24.144103269646664,24.407319395066015,23.952673498555193,24.327556610107425,23.653729516842454,23.127977670732818,67.10179128838996,1.7005554336036561
2017-06-29,24.367442449066445,24.391371746072124,23.888868679744142,24.2238712310791,23.708028727722134,23.170953888785615,64.25140505470972,0.46313255844509343
2017-06-30,24.263745954024387,24.263745954024387,23.896837762829183,23.96862411499023,23.73284733603338,23.20223507412697,57.748084127719075,0.2000498669483647
2017-07-03,24.128150108531496,24.176007170372472,23.98457740166,24.032434463500977,23.761379443411247,23.234791912925953,58.86890895580931,-1.2131187333619595
2017-07-05,24.128152200166387,24.423274070024657,24.016485205741,24.319581985473633,23.81454159027433,23.277332700084685,63.55420850385714,0.39510924361146227
2017-07-06,24.17600350005112,24.27171913055041,23.737310536854533,23.777191162109375,23.810984406639573,23.296934992713105,51.598034326152764,-0.7986814427163202
2017-07-07,23.833029385015795,24.231841802258252,23.809101613644376,24.152080535888672,23.843469752282346,23.330470112053323,57.543280403689856,0.49785248585367664
2017-07-10,24.064344653664385,24.407323623460993,24.024464014950347,24.359466552734375,23.892612304706347,23.37082291364866,60.438245938774045,0.16400186189288
2017-07-11,24.375412714352777,24.47112835681025,24.12017302959754,24.191959381103516,23.921121550077505,23.403024343744928,57.0542959841794,1.7443953584185459
2017-07-12,24.34350767935731,24.686486564487364,24.34350767935731,24.60672378540039,23.986417001060637,23.45022824341769,62.63322071504187,1.88241857191617
2017-07-13,24.582792282104492,24.702435679289337,24.479101743570517,24.582792282104492,24.043214646874336,23.494642519444625,62.13169046631355,0.9167923644249453
2017-07-14,24.58279746319851,24.86994289403985,24.58279746319851,24.782203674316406,24.113594554249772,23.54513511375332,64.6703059919645,2.439836657769581
2017-07-17,24.877916886907993,25.0613702180336,24.82208339668268,24.98160743713379,24.196262447857773,23.60146736172903,67.04909757754304,1.5235008731874482
2017-07-18,24.965660806653627,25.05340003967285,24.83006450169159,25.05340003967285,24.27789459945921,23.658405898118982,67.88744194573056,1.9143787742572562
2017-07-19,25.061372438189423,25.32458857353283,25.061372438189423,25.30863571166992,24.376060419669752,23.72312079276804,70.737854137352,2.1242341652574335
2017-07-20,25.061374127841045,25.340543143869084,24.71041874993869,25.29268455505371,24.463357956372985,23.784672312857673,70.31777282487836,1.2452245865393066
2017-07-21,25.25280303817888,25.571854200423807,25.228873744605902,25.40435218811035,24.552976454633686,23.848189170710718,71.58974168292602,1.4008164475949618
2017-07-24,25.40435218811035,25.579829110266108,25.24482660698789,25.40435218811035,24.634059857821942,23.909215171393058,71.58974168292602,0.3781969029499997
2017-07-25,25.444234474963995,25.65959204571049,25.284710404831365,25.627689361572266,24.728691239131496,23.97660631610597,74.15837916279028,1.324512650246206
2017-07-26,25.157086699064727,25.316610744840357,23.936720218205796,24.26374626159668,24.68441076508056,23.987866706125214,46.505040168913496,-4.489805203722116
2017-07-27,24.263750742638926,24.3833941794036,23.266719567351902,23.52195930480957,24.57370110219761,23.969595827642248,38.1689061925151,-7.409725976723672
2017-07-28,23.513975853597177,23.545881571929502,23.25075976274901,23.330522537231445,24.455303143629404,23.94453412997908,36.3576046053358,-8.963612723452679
2017-07-31,23.474098331930367,23.593741748804963,23.147072282510457,23.242786407470703,24.339825359233338,23.91701461144934,35.52553532630583,-4.207758534558596
2017-08-01,23.338498668894605,23.633618952959452,23.250759465949095,23.545881271362305,24.264211636578953,23.902460362818477,40.5843617649359,0.10170056942426142
2017-08-02,23.665526070694757,24.02445781184042,23.569810432606427,23.745288848876953,24.21479041870257,23.896296774036458,43.71342692215266,1.777784063702873
2017-08-03,23.72135877073636,23.769215827515964,23.218855871179493,23.35445213317871,24.13285343912887,23.875047964591058,39.34031987971671,0.48043175095442164
2017-08-04,23.426238170880044,23.529928712763336,23.29064191066442,23.330522537231445,24.056440972281496,23.85369402626323,39.082520120476474,-0.9146344180066414
2017-08-07,23.3704068837139,23.402312607124728,23.234810601915143,23.32254981994629,23.986546576821002,23.83286484170178,38.99084258648388,-1.7803069552917135
2017-08-08,23.2587420124317,23.633625168554293,23.22683780746428,23.37040901184082,23.92786680872765,23.814729318962137,39.90218736264303,0.06832478266291717
2017-08-09,23.266711462510884,23.490046915662987,23.24278217495406,23.41826057434082,23.87933288164319,23.79918152505542,40.85351921115788,0.3760654608972448
2017-08-10,23.28266541931351,23.4182616791694,22.780161006351165,22.78813743591309,23.775409505859372,23.75953273724592,33.363837590046096,-2.2913977595029116
2017-08-11,22.867908115986207,23.22683996361923,22.867908115986207,23.115171432495117,23.71252968934849,23.734263666471378,39.55725331581936,-1.0921399758831127
2017-08-14,23.370404026946908,23.537906011681272,23.30659410927392,23.45814323425293,23.688302407910818,23.723435414227517,45.29925950818337,0.1703058166318657
2017-08-15,22.748260194346003,23.04338052530846,22.54885398967189,22.72433090209961,23.59649559783356,23.68425484512446,37.16428000786894,-0.2799988985186822
2017-08-16,22.812072017358396,22.93969187726218,22.5887365018524,22.692428588867188,23.510393977932,23.645359697820254,36.85441202922484,-1.8288544597754586
2017-08-17,22.56480748681923,22.74028440419013,22.213852130728796,22.22980499267578,23.388433122193312,23.589847748598903,32.60849053500495,-5.236297814839681
2017-08-18,22.18992065018668,22.445160330780723,22.102181439476787,22.237777709960938,23.278846892456897,23.53682539414251,32.75227875673864,-2.1411111915014267
2017-08-21,22.253730659711316,22.53289963198795,22.165992969997554,22.485042572021484,23.20324648098686,23.495579008961293,37.2257089940299,-0.913899612082269
2017-08-22,22.54886165791265,22.812077876741043,22.54886165791265,22.73231506347656,23.158395869795402,23.46564708953052,41.42227159556051,2.2605239720561805
2017-08-23,22.52492270576948,22.804091671898806,22.493018506943873,22.716352462768555,23.116296497697608,23.436262986520248,41.23064993498847,2.1520799382451323
2017-08-24,22.75623694739126,22.85195107503521,22.67647416012221,22.78016471862793,23.08428394731002,23.410533642681333,42.37822849144451,1.3125265191788906
2017-08-25,22.82005320911601,23.01148303890464,22.80410034296303,22.859933853149418,23.062917271675676,23.388941494072238,43.854154640990174,0.5613981212054402
2017-08-28,22.92374058700821,23.059336887626497,22.86790708463871,22.939693450927734,23.05118166969968,23.371323923752847,45.361151401658375,0.9831727541876677
2017-08-29,22.751230748670892,22.975774867411975,22.663016113684275,22.911619186401367,23.03789000462365,23.353296286993967,44.904281486117114,0.5770567043615088
2017-08-30,22.895580935710196,23.015874181525152,22.791328522875016,22.967756271362305,23.031210601455903,23.338177070694687,46.07387211937862,0.47166548645998096
2017-08-31,23.08003466805325,23.17626744921906,23.039936401240436,23.063995361328125,23.034332959538972,23.32742484679796,48.10765983837113,0.5418638686968311
2017-09-01,23.112106967127943,23.336652626015734,23.10408731542565,23.184282302856445,23.048613849378732,23.321811413702214,50.61466949050819,1.1900648061439092
2017-09-05,23.136166690559207,23.176263420810088,22.679057235493435,22.951719284057617,23.039385795538625,23.307297996853407,45.98862280756384,-0.06982391799708995
2017-09-06,23.031915483828772,23.1040908305382,22.895584443332332,22.91964340209961,23.027981758068243,23.29209585588267,45.3726656105237,-0.625875772896458
2017-09-07,22.9677588146808,23.11210950196959,22.935681733945696,23.039934158325195,23.02912008190224,23.28220716186081,48.17596624484735,-0.6226120897150456
2017-09-08,22.91162113187102,23.031912852781097,22.735193376509052,22.887563705444336,23.01563852223958,23.266730947883694,45.024167052303554,-0.279524064490646
2017-09-11,23.11211341609573,23.27250343571091,23.047957714168177,23.19230842590332,23.032464227350413,23.263812417609955,51.81413714937592,1.1896564838296428
2017-09-12,23.232400264762873,23.40080990278935,23.22438061251473,23.37675094604492,23.06525343865465,23.268241379509366,55.40418080774715,1.4618825965612339
2017-09-13,23.384772432192904,23.50506416616414,23.248441392467537,23.416851043701172,23.098738924849556,23.274069209477673,56.16877806202318,2.3125542983455802
2017-09-14,23.336651799871248,23.5291188451363,23.336651799871248,23.45694351196289,23.13285364743178,23.281240750751603,56.96325276754427,1.1410467694712154
2017-09-15,23.40080697326275,23.60129366559078,23.368728368286067,23.537137985229492,23.17135691769823,23.291275936417403,58.58046867809516,0.6860963679459037
2017-09-18,23.625356934331244,23.809805899393236,23.585260197783064,23.68951416015625,23.220705226503757,23.306893121662064,61.5379265716642,1.164388482235407
2017-09-19,23.689509480013136,24.15463856820552,23.681489828369383,23.986228942871097,23.29361224711017,23.333533742101636,66.54697855414899,2.2564126082252556
2017-09-20,24.050383705444435,24.17869506764657,23.906033040569017,24.082462310791016,23.36874082460358,23.362903489893377,68.00247265502453,2.316867606859154
2017-09-21,24.08245955770768,24.170672653142155,24.034341655188605,24.138595581054688,23.442060325217973,23.393322787585976,68.85372926567284,1.895697049176949
2017-09-22,24.09048308332661,24.25889118045778,23.98622914069022,24.098501205444336,23.50457850428715,23.420976843188267,67.4729583693205,0.46806966964520225
2017-09-25,24.114543617705284,24.35512861124161,23.914056887887856,24.06642723083496,23.558087906815512,23.44628862309598,66.32707864181094,-0.06658405502359944
2017-09-26,24.186712305311275,24.186712305311275,23.85791428128114,23.906030654907227,23.591225311395675,23.4643177223827,60.76907408812782,-0.9634567403332729
2017-09-27,23.98623066985785,24.21077634327345,23.898016025017387,24.090484619140625,23.638773816895196,23.488873286961443,64.45759633914855,-0.03326591241242766
2017-09-28,24.034346413949596,24.098502100419168,23.89801538900273,24.018308639526367,23.67491999047912,23.509635457650266,62.00111904324176,-0.19994073423138647
2017-09-29,23.986233505400133,24.06642850749972,23.84188280753936,23.994253158569336,23.705332673154377,23.528640073372582,61.16446888449561,0.369038695447334
2017-10-02,24.010294009463266,24.20276110912801,23.97019574103777,24.186721801757812,23.751179256830895,23.554447199975925,65.20961512304414,0.3994821363648456
2017-10-03,24.22681755399077,24.331071518058927,24.10652581279807,24.3070125579834,23.804115761702562,23.58395956695661,67.48887541158992,1.2020160236508826
2017-10-04,24.27493334354575,24.48343972378911,24.242854732927228,24.435321807861328,23.864230623241493,23.617346321501895,69.76431298884992,1.8382262051547473
2017-10-05,24.491458254200133,24.53957463833079,24.37918465177223,24.419282913208008,23.917092746095445,23.64879481529429,69.11314247622197,0.9615239028932541
2017-10-06,24.355128496438564,24.37116627225817,24.06642711739277,24.13058280944824,23.937425133081426,23.66768846212386,58.52416925140598,-0.7258388833851702
2017-10-09,24.1466281724306,24.2188035352984,24.0744528095628,24.15464782714844,23.958113008706857,23.6867849078111,59.08687300575347,-1.148640410467558
2017-10-10,24.14661799189208,24.170675416309923,23.777721678366884,24.082462310791016,23.969955799381538,23.702301668712273,56.60604805983377,-1.3793222496095952
2017-10-11,24.082461727269667,24.13057810453158,23.898012810180248,23.97018814086914,23.969977927142263,23.712807020561563,52.8867061666889,-0.6646945490114564
2017-10-12,23.769703274575303,24.066424271236095,23.67347051266901,24.01028823852539,23.973817004416848,23.724472950677793,54.04804127396916,-0.5976472505668186
2017-10-13,24.026328970955095,24.050387929190283,23.713570161859497,23.84990119934082,23.96201549917151,23.729391705527323,48.86029534805386,-0.9656865998539855
2017-10-16,23.95415036817654,24.114538802246923,23.889994688629972,23.97018814086914,23.962793845999855,23.73883470299171,52.539586466521,0.0
2017-10-17,23.881974932267504,23.89801270488945,23.777720997468627,23.793760299682617,23.94669541301726,23.74098864795998,47.178161080192446,-0.9018131589746865
2017-10-18,23.849902460708563,24.03434989482291,23.78574676494738,23.994253158569336,23.951224722117455,23.750920589552504,53.042451908164416,0.6052518122486198
2017-10-19,23.898011462581284,24.11453744243815,23.825836135962327,24.106517791748047,23.96601453827275,23.7648655778739,55.988862794759015,0.5687466868333184
2017-10-20,24.194732419747208,24.36314049546346,24.0584014171994,24.106517791748047,23.97939580050849,23.77826370390818,55.98886279475901,1.3144517223265526
2017-10-23,24.17869931006317,24.395225345368154,24.02632896711606,24.06642723083496,23.987684508158633,23.7895642343759,54.57073223004451,0.30079732754611144
2017-10-24,24.539578153658933,25.910908299361935,24.298993139356963,25.614187240600582,24.14258953029596,23.861118077757258,77.87261035782332,6.254198395127102
2017-10-25,25.38162247822503,25.525973184291455,24.92451292874303,25.29340934753418,24.252191417651982,23.91728636284655,69.87331008221423,4.923529669608358
2017-10-26,25.29340531172057,25.61418375757784,25.2853856593751,25.421716690063477,24.36357477692927,23.976283630580546,71.14988576304005,5.631452671512701
2017-10-27,25.46181138192583,25.630219478909133,25.26132467813114,25.269344329833984,24.449838543872577,24.02699189329637,67.49234611713413,-1.3462965173456443
2017-10-30,25.26132808574502,25.341523083999192,25.01272496779022,25.06886100769043,24.508793064236183,24.06784950562555,62.909966858934546,-0.8877741104745174
2017-10-31,25.261325712710892,25.30142244327513,25.06083900070525,25.10895538330078,24.565951380337573,24.10867718710301,63.444505440680615,-1.230291842898806
2017-11-01,25.301427719762337,25.46181773465228,25.157078541872437,25.365583419799805,24.642106812667308,24.15796762760092,66.74780171202387,0.3808531345714287
2017-11-02,25.365578145383584,25.40567640556447,25.173111085292,25.32548141479492,24.707190108108033,24.203752482000688,65.74797686340447,1.0236620125093223
2017-11-03,25.357560662808723,25.57408515488036,25.34954101057018,25.39765739440918,24.77294889727957,24.250572282487298,66.71437256669614,1.149796981599663
2017-11-06,25.333504123666117,25.566067942408377,25.325484470662257,25.53399085998535,24.84542908420393,24.30090242278134,68.52106121379391,0.6639210200625301
2017-11-07,25.50993018621516,25.8627872467041,25.485872758413116,25.8627872467041,24.942320337775374,24.362152808033215,72.41044271642325,2.121601651352199
2017-11-08,25.814669371375,25.92694450605359,25.662300563088127,25.83872985839844,25.02769267307281,24.42005779040048,71.7122744843168,1.7366659339469444
2017-11-09,25.662298864422617,25.662298864422617,25.2934040524508,25.4938907623291,25.07209249109722,24.46216888733886,62.42161421558688,-0.15704594662125998
2017-11-10,25.333502004889855,25.55804768144071,25.31746270022359,25.44577407836914,25.107681213694544,24.500741639928282,61.22960822513587,-1.6124061353368022
2017-11-13,25.333502862117676,25.47785354981399,25.30142425169968,25.389638900756836,25.134534326748096,24.535600356039208,59.79500293132718,-1.7380535347624129
2017-11-14,25.325482391510153,25.4938920315804,25.181131708476308,25.421716690063477,25.161885028016226,24.570350016197022,60.36646546954702,-0.28310340284454577
2017-11-15,25.25650889299672,25.36933262664236,25.046978004006185,25.24039077758789,25.16936176607067,24.59662612448686,55.55914158847347,-0.8071410999276362
2017-11-16,25.3209767963505,25.627213267039227,25.3048586828648,25.506330490112305,25.201454025503207,24.63230080549178,60.524425643406055,0.4596031862114837
2017-11-17,25.41769256248624,25.6272219604464,25.377397265102804,25.49022102355957,25.22895564436572,24.665944735612086,60.086479139121806,0.2694717053583949
2017-11-20,25.50633557361174,25.651395549678153,25.474100877323764,25.5708065032959,25.261512869025736,24.701429510815373,61.58396670830765,1.3090753174923075
2017-11-21,25.675569413406013,25.756156912286873,25.586921320107457,25.73198127746582,25.30631938411527,24.74184330558598,64.45627519984716,0.8846854212956686
2017-11-22,25.748100667637207,25.860924401346068,25.603040703092624,25.627216339111328,25.3368809988768,24.776563816704623,61.25050903952307,0.5374426350604753
2017-11-24,25.73198764569899,25.764222345807273,25.52245671511576,25.667516708374023,25.368370114067012,24.811503145789697,62.0327728921522,0.37820553319528555
2017-11-27,25.61110115365305,25.852868286745142,25.546630225583456,25.828689575195312,25.4122100627459,24.851392809687958,65.0698466669507,0.3758291935886888
2017-11-28,25.86898068236835,26.30416055514934,25.82868693286256,26.142982482910156,25.481807436094876,24.90204338510844,70.09369532958928,2.012571857098988
2017-11-29,26.21551233145892,26.368632882722597,25.965689241234617,26.17521858215332,25.547846592862346,24.95197182420824,70.56137253258181,1.9779937402890995
2017-11-30,26.255814138063652,26.416989165875393,26.078517918410817,26.102693557739254,25.600689160945862,24.997098166699654,67.98546880915566,1.0608512744954843
2017-12-01,26.102695151040432,26.21551890708202,25.143690150470142,25.667516708374023,25.607053689272355,25.023389089902572,55.00894165980401,-1.8187128222533446
2017-12-04,25.852870817323996,26.11075455484502,25.820634581579707,25.95763397216797,25.640442287643367,25.06002614410906,60.431282681814146,-0.8312618643563275
2017-12-05,25.95763471617657,26.102694706966997,25.85287155832983,25.981813430786133,25.672953825085536,25.09617466515522,60.85472827136114,-0.4630944568449772
2017-12-06,25.901219822189272,25.98986792559305,25.49827613342039,25.52245330810547,25.658620442516007,25.112891474682684,49.92405534323986,-0.5651633616010379
2017-12-07,25.514394631960783,25.72392553771136,25.482159935672808,25.5708065032959,25.65025721020933,25.130848926785163,50.92332854649317,-1.4902262251129303
2017-12-08,25.67557621285251,26.086577484732526,25.61916433385362,26.070459365844727,25.690276463126985,25.16769639498358,59.84124192836412,0.3411845570161635
2017-12-11,26.110755654302224,26.39281504339994,26.110755654302224,26.24775505065918,25.743369661939575,25.210051636382623,62.44875761222796,2.841818275844855
2017-12-12,26.17521922629671,26.449221032220063,26.078513610740263,26.304161071777344,25.79677836763841,25.252957888751045,63.26595577913609,2.8679367949811088
2017-12-13,26.27998605296822,26.30416168887047,26.01404176117884,26.02210235595703,25.818237795097325,25.28312041687677,56.62938595520678,-0.18548583747261663
2017-12-14,25.98986573368676,26.086571350054847,25.62721582953628,25.63527488708496,25.800812756239004,25.29693039610062,49.03273491078019,-2.3334573276537687
2017-12-15,25.78033676342016,25.86898332882324,25.643335849133756,25.828689575195312,25.8034676913777,25.31778369724159,52.46625200064045,-1.8075904237530742
2017-12-18,26.005988057418964,26.15104804255469,25.94957618255691,26.046281814575195,25.826592845967937,25.346352250862516,56.05311366429374,0.0929189282534232
2017-12-19,26.09463158659587,26.191337201636795,25.981807856678778,25.997922897338867,25.84290999371755,25.371904040920413,55.05872409322328,1.4146445156186258
2017-12-20,26.102689751160003,26.1671622122559,25.97374790318436,26.12686538696289,25.869953364502823,25.401510368216197,57.237077614767855,1.1544364684065602
2017-12-21,26.28804653736548,26.328340293150852,26.022105289808827,26.030162811279297,25.885211407052964,25.426163405199066,55.080775141009156,-0.061886005114474466
2017-12-22,26.07851117426353,26.159098667328717,26.022099314274733,26.094629287719727,25.905155967116464,25.45237775353321,56.26369386313164,0.37197737204905007
2017-12-26,26.054335541187132,26.110747401175924,25.989863087362338,26.094629287719727,25.923201045269156,25.477564088207192,56.26369386313164,-0.12338295760213788
2017-12-27,26.11075620017265,26.159107482619216,25.95763560784695,26.070459365844727,25.937225647228733,25.500814883408665,55.62672700040869,0.1548071552897415
2017-12-28,26.15910467432239,26.21551654726521,25.973750938336476,26.030162811279297,25.94607680570974,25.5215736256781,54.518547214818916,-0.24704883035363895
2017-12-29,26.07045671226214,26.102692946756576,25.772279228729904,25.780338287353516,25.93029218491391,25.531721259469293,48.11840301715913,-1.204427918484046
2018-01-02,26.04627650065209,26.35251452615113,25.96568900278097,26.288042068481445,25.96436360239653,25.561380899038397,58.72337794341032,0.8345948170049389
2018-01-03,26.239693958509015,26.948872632959485,26.239693958509015,26.93275451660156,26.056591308511297,25.615160256589895,67.74092734337067,3.4674839026790654
2018-01-04,27.029461563772976,27.22287279982166,26.932752871532465,27.20675468444824,26.166130677648148,25.677575724349047,70.67328694533393,5.532962295512035
2018-01-05,27.247054567705295,27.311523962217677,27.005285884188453,27.11005210876465,26.2560279568021,25.733751268835935,68.31312713074121,3.126935197919391
2018-01-08,27.110052727500484,27.238994593684616,26.932756508666085,27.214818954467773,26.34734138515121,25.791832354546987,69.50145360315618,1.047291459521334
2018-01-09,27.206755683222035,27.335697536726737,27.11811065673828,27.11811065673828,26.420747982445217,25.843843268358413,67.00353290424383,-0.3258162494500954
2018-01-10,27.02140068107482,27.142285007979396,26.836046967579637,26.86022567749023,26.462603001020934,25.88370140204986,60.734936199370026,-0.9215269313099145
2018-01-11,26.94887098690588,27.21481527924303,26.94887098690588,27.20675468444824,26.53347458991877,25.935585844496856,65.41696387401376,-0.029631907649383483
2018-01-12,27.23899278934041,27.95623206461737,27.23899278934041,27.932056427001953,26.66667286011717,26.013878808516665,72.74300634734205,3.0014840656364954
2018-01-16,27.964287410015203,28.036817383461223,27.56134379625192,27.730579376220703,26.76799729022227,26.08120039940702,68.40785903413799,3.2403067240788594
2018-01-17,27.89176126644977,28.206056836467233,27.84340691944084,28.06905746459961,26.891907783020113,26.15915557843418,71.48262342356574,3.1694437287820847
2018-01-18,28.02069755548716,28.26246309410893,27.97234321807656,28.085166931152344,27.005551511413657,26.23468543540352,71.62417560128829,0.5481533540164931
2018-01-19,28.246352012867913,28.286645766965737,27.843408323456913,27.932056427001953,27.093790074803017,26.3012490037015,68.1611750266905,0.7265518979889001
2018-01-22,27.932055414233275,27.996527877825237,27.76281980862878,27.972349166870117,27.1774623692856,26.366782343433602,68.59154894426068,-0.3445370328214962
2018-01-23,27.97234838710918,28.069057079801254,27.83534901711968,27.85146713256836,27.241653299122053,26.425005276340848,65.72133080803553,-0.8321111252672038
2018-01-24,27.94011707068111,28.028765184133334,27.34376206526625,27.49687957763672,27.265960563742496,26.467039562666177,58.04809291957811,-1.557983568100444
2018-01-25,27.674172469652753,27.682229990715285,27.1664625646552,27.247053146362305,27.264159857325335,26.497628330654262,53.32423800669441,-2.5929034997419467
2018-01-26,27.375995745919315,27.706409454345703,27.279287045245905,27.706409454345703,27.30627886656537,26.545031511975495,59.80179494438113,-0.5208259856911874
2018-01-29,27.70641074281795,27.87564636554198,27.504938885036992,27.60164451599121,27.334408928415453,26.58646731605454,57.83060480793124,0.38100664498562875
2018-01-30,26.038220339941287,26.53786961610285,25.1356258678474,26.054338455200195,27.212497454775903,26.565599517589668,37.93974207814626,-4.377408025577056
2018-01-31,26.183286236562815,26.215519400168983,25.046983447036503,25.159807205200195,27.017003145292502,26.510470407299884,31.24821710613434,-9.191383146711122
2018-02-01,25.014747673459972,25.748105144287685,24.78909862970208,25.53857421875,26.876200390383694,26.472356831278322,36.365993567222105,-7.474447024509559
2018-02-02,25.304862205855272,25.482158404665643,25.175920354233977,25.20815658569336,26.71733907565128,26.422780351059306,33.98908451720093,-3.247758030632116
2018-02-05,24.96639460711986,25.29680836214249,23.98321240157794,23.999330520629883,26.458481118030196,26.327743102807172,27.028772445833784,-4.612422802391179
2018-02-06,23.4674397995821,24.26526807433318,23.330438891567788,24.01544189453125,26.2258107157922,26.237064624051254,27.242627586998864,-5.964046039424125
2018-02-07,23.902622837057343,24.49897939536965,23.854270018034292,24.031564712524418,26.01683490595717,26.150574431442358,27.471697796271307,-4.667504619662291
2018-02-08,24.031560776412263,24.071856066588538,22.9274959564209,22.9274959564209,25.722612148858477,26.024179197127793,22.295134246846008,-4.466101932666967
2018-02-09,23.169262818715165,23.4110284245889,22.41978728855506,23.185380935668945,25.480971080935664,25.9128537751098,25.81160210750433,-3.4563634619245733
2018-02-12,23.467434755575457,23.87843585417118,23.378786676176336,23.73337745666504,25.31453359290989,25.827384115562946,32.77361225245242,-1.2408149840695712
2018-02-13,23.65279605719134,23.741442628055665,23.467442319710713,23.56414794921875,25.147830198272636,25.73862975609847,31.781732113074977,2.7768056049729917
2018-02-14,23.37072938380364,23.894555769467317,23.37072938380364,23.789791107177734,25.018493141977885,25.662204711042754,34.62286489219806,2.6068589219465874
2018-02-15,24.047679524146435,24.071856698887263,23.668913009189247,23.8059139251709,24.903009407043886,25.589408993949743,34.831713032918096,0.3056306193178964
2018-02-16,23.73338750754585,23.99127126180085,23.68503315079172,23.74950408935547,24.793151757740226,25.517255860436244,34.417444528296144,0.7866023441041249
2018-02-20,23.717268981199215,24.055741787121537,23.709209921878635,23.89456367492676,24.70757194032942,25.453620872769207,36.50865567743392,0.4404097845038057
2018-02-21,23.89455870034513,24.015441490770563,23.580263137817383,23.580263137817383,24.600209197233035,25.380155863555412,33.98039772279621,-0.947877019394439
2018-02-22,23.636679478207977,23.80591664652361,23.42714855115968,23.53997230529785,24.49923425514397,25.307991802447273,33.658611432160136,-0.8822575127011993
2018-02-23,23.717265455545817,23.74144109280536,23.499675497560876,23.612499237060547,24.41478330104079,25.241501897922305,34.85452848553669,-1.180454440196339
2018-02-26,23.733384814004,24.128269460029408,23.70114857982646,24.039621353149418,24.3790535917178,25.194369327539054,41.53835226306334,1.948062295349574
2018-02-27,24.063939807434306,24.331497025051167,23.78016662597656,23.78016662597656,24.322016737837682,25.138910398066017,38.92575754713804,1.0203678983286222
2018-02-28,23.86125167080898,23.99908430969594,23.569370424591902,23.577478408813477,24.251108325549662,25.077677771036505,36.969534549804465,-0.14831478826309094
2018-03-01,23.67476481756083,23.78016548458875,22.969385888733097,23.026140213012695,24.134444695784236,24.99722531778067,32.225429828405446,-4.215878134053666
2018-03-02,22.88020404351535,23.415318556091965,22.782911339286684,23.35045623779297,24.059779128356496,24.93264613817331,37.320724041157,-1.8070116788592674
2018-03-05,23.172078576385285,23.69097697335383,23.147754634112683,23.415311813354492,23.998401288832497,24.873142831317672,38.31937755616888,-0.6878029645373995
2018-03-06,23.577474201020777,23.763953165517023,23.512611885263837,23.674768447875977,23.967579113503305,24.826147757457214,42.2813305697308,2.816921241957538
2018-03-07,23.42342330838213,23.85313707436716,23.390992926925595,23.78827476501465,23.95050250888534,24.7854468557928,43.97671836792686,1.87498917692694
2018-03-08,23.877460862582435,23.95043115342698,23.626118062367027,23.78016662597656,23.934280043846407,24.74602410168236,43.877571007157925,1.5581889984227266
2018-03-09,23.91799474762203,24.307168528302352,23.83691649003718,24.266630172729492,23.965932437073366,24.72722433976264,51.0134717292522,2.499968378388155
2018-03-12,24.28285080592931,24.404467442487935,24.18555656881875,24.19366455078125,23.98762120980745,24.70630042646925,49.98682607683653,1.704157992839427
2018-03-13,24.299065223414875,24.445005805861,24.112586277595685,24.19366455078125,24.00724438513829,24.686197058795212,49.98682607683652,1.738835271040538
2018-03-14,24.282855227218175,24.323393597972245,23.84503340016361,23.950435638427734,24.001834028308714,24.657343669761193,46.37840064023221,-1.303001414086299
2018-03-15,23.99907992478246,24.1044806075252,23.853139328338983,23.942325592041016,23.99616655818798,24.629303745144718,46.25849310422802,-1.0388627080973487
2018-03-16,24.007191265802003,24.201778239466847,23.918004989624023,23.918004989624023,23.98872259927713,24.60140967630077,45.87545081075711,-1.139387382091834
2018-03-19,23.76395128446903,23.82070561295898,23.22072885308889,23.423423767089844,23.934884615259293,24.55521415044936,38.83326975884891,-2.20042707904785
2018-03-20,23.496400269061272,23.83692787642911,23.47207786267492,23.723419189453125,23.9147450508968,24.522594740214213,44.407731336583765,-0.9143071826767747
2018-03-21,23.715306842510746,24.015296019755407,23.61801259554394,23.81260108947754,23.905017054571157,24.49475185195003,45.9837412269318,-0.4406885114047351
2018-03-22,23.47207754162718,23.666664522255857,23.155872344970703,23.155872344970703,23.833669939371113,24.44224677324496,37.54320760603689,-1.142238746903658
2018-03-23,23.147761535604776,23.220731837739432,22.49103036283253,22.523462295532227,23.708888259005505,24.36700032313858,31.53951982067721,-5.058111077236164
2018-03-26,22.92884837731126,22.985602703694305,22.54778096341469,22.953170776367188,23.636915165420902,24.31155602718676,38.7113001490212,-3.609140848918525
2018-03-27,22.977499839916277,23.042362162578662,22.401845373152828,22.491031646728516,23.527783401735913,24.240162914227614,34.52264505181147,-2.8711537545964507
2018-03-28,22.531573054479537,22.57211142890861,22.04510482913136,22.174829483032227,23.398930647573657,24.1591694463376,31.97344969922225,-1.5478651014020837
2018-03-29,22.34508681485903,22.83966289829716,22.304548450764532,22.604536056518555,23.323274019854125,24.098203431050578,38.60787852851958,-1.5188956821930266
2018-04-02,22.523463421107095,22.620756131188912,21.647821298172033,21.91537857055664,23.18918873896865,24.012602456129247,33.04212220207264,-2.559478307681844
2018-04-03,21.99645707765108,22.215368012552005,21.826194048132493,22.182937622070312,23.093355299264047,23.94085089400929,36.84854862727145,0.036564606029057124
2018-04-04,21.712679868384697,22.28022470296188,21.65592399313145,22.20725440979004,23.00896473836176,23.872866718157557,37.197978973378405,-1.7575306378117415
2018-04-05,22.40995198673471,22.491030271715825,22.20725704750176,22.26401138305664,22.938016799761275,23.80977435207517,38.05946833395565,1.5908135530379974
2018-04-06,22.053213218772825,22.191045859381653,21.331618078437263,21.52620506286621,22.803558539104603,23.720222615243447,31.928102441079716,-2.9605301623834674
2018-04-09,21.712677805897165,22.06941970925094,21.623491556839056,21.655921936035156,22.694259815002752,23.63926964743136,33.94299628852004,-2.4826683370269698
2018-04-10,22.036989106253984,22.29643832294524,21.964018820754653,22.16671371459961,22.644017329250072,23.58152235594776,41.30984393649805,-0.4370176909408011
2018-04-11,21.988347274281743,22.401843581662018,21.96402332531364,22.223472595214844,22.603965449818144,23.528265502585686,42.08278274213596,3.2391567873310585
2018-04-12,22.34509483480737,22.46671151718016,22.26401653107883,22.35320281982422,22.58008329458063,23.48218461306563,43.901329402144846,3.2198162047712073
2018-04-13,22.466704129315325,22.515352023419272,22.15050054983723,22.231578826904297,22.546892392897167,23.43314124890244,42.5523567347051,0.2926239457045252
2018-04-16,22.33698024209288,22.4261665044553,22.004560686937836,22.288333892822266,22.522267773842415,23.38824684278165,43.425956992404345,0.29185941724241515
2018-04-17,22.426171380125076,22.596435959248748,22.3450930827538,22.49914169311523,22.520065289963636,23.353379974167282,46.66994539187183,0.6528767911575711
2018-04-18,22.4910313998322,22.701834332780795,22.450493028528133,22.596433639526367,22.527338466112468,23.323695804181366,48.14770885887451,1.6411556527893958
2018-04-19,22.466706549104792,22.515354448448385,22.304551523945168,22.39373779296875,22.514614592479735,23.287226862565184,45.32954098457932,0.4729106296295599
2018-04-20,22.312656512385924,22.482919497916946,22.215362273197147,22.336978912353516,22.497696908658188,23.249962237066686,44.54331494391338,-0.7207509645194031
2018-04-23,22.353194451943804,22.645075617525304,22.158607523702617,22.29644012451172,22.478529595882335,23.212569213044922,43.956887007294924,-1.3276144359784754
2018-04-24,22.028887485329953,22.296444760599556,21.445126579225295,21.672143936157227,22.4017309616228,23.15216037865717,36.07927589166828,-3.222301982289404
2018-04-25,21.672143806651498,21.98834898203677,21.36404816132506,21.939701080322266,22.357728115784653,23.10461295519306,40.962494429454956,-1.7785656403674832
2018-04-26,21.923481050901323,21.988343356820703,21.753216531338353,21.80997085571289,22.30556075768258,23.05384267678207,39.39114636127984,-2.181824838773367
2018-04-27,21.915378688766236,22.1586120117225,21.793760480848352,22.077533721923828,22.28384389713413,23.015556051101356,44.149759518275715,1.8705569091863592
2018-04-30,22.109963455267483,22.26401048946512,21.90726852416992,21.90726852416992,22.247979575899443,22.972093795143262,41.895536804192986,-0.14782587982220088
2018-05-01,21.80187153441879,21.83430347348094,21.566746161978095,21.7451171875,22.2000879198614,22.923977065431764,39.81081149580563,-0.29735788572089217
2018-05-02,21.80187039692828,21.947811022213703,21.599175427685168,21.64782333374023,22.147491292611765,22.873931821051706,38.570624131942616,-1.946369524766612
2018-05-03,21.57484754803927,21.615385913028256,21.16945771239142,21.542415618896484,22.089865037972213,22.82171549939856,37.217898273362835,-1.6654422474937847
2018-05-04,21.485663260415283,22.05320970096437,21.477555277385765,21.955915451049805,22.077107934455793,22.78776255632606,45.31953795149205,0.9694050472672565
2018-05-07,21.99645421841056,22.020778167939948,21.84240717737678,21.85862159729004,22.05629971186858,22.75132565597171,43.884565293493495,0.9737619357843645
2018-05-08,21.83429549703606,21.882941841417964,21.67213895384384,21.728893280029297,22.025118146931504,22.71123026867985,41.9760578226384,0.8656302265807128
2018-05-09,21.85051476454536,22.045101717934855,21.76132849766031,21.955915451049805,22.01852741399039,22.68161007975318,46.371437451953426,0.0
2018-05-10,22.03699699880303,22.22347599678239,22.00456506188147,22.182937622070312,22.034185529045622,22.66205429709895,50.41637755272353,1.4836984268966031
2018-05-11,22.215365550152455,22.73426565830232,22.191043146597103,22.701833724975582,22.097771071515144,22.66361427466274,58.18048821334754,4.477634605718739
2018-05-14,22.839663252080648,22.92884951019739,22.685614682544315,22.75858497619629,22.160705729103825,22.66733861589935,58.93780116077577,3.6558235384719766
2018-05-15,22.661293973688178,22.734264272786536,22.33698084594455,22.47481346130371,22.1906207512181,22.659788609836777,53.701101592055046,1.3157672992011864
2018-05-16,22.46670269464676,22.82344616309738,22.45859625925327,22.79912376403809,22.248573419105718,22.66525273353095,58.265045559379836,0.42855586135085105
2018-05-17,22.68561582274475,22.78291006798398,22.482920896065963,22.56399917602539,22.27861396738378,22.661282005785633,54.10116513262811,-0.8549995545611472
2018-05-18,22.499141124853494,22.580219420176977,22.434278797882683,22.45049476623535,22.294983567274407,22.65301583952876,52.163166456256654,-0.10820421317502986
2018-05-21,22.636966816894855,22.734261050716597,22.418055950625476,22.50724220275879,22.315198675415775,22.647299226322094,53.06833819638765,-1.2802314874034595
2018-05-22,22.56399691081296,22.612643255329157,22.345086040830957,22.409948348999023,22.324222453852276,22.637991348780012,51.2768508352151,-0.682728384381651
2018-05-23,22.239688916213662,22.51535415649414,22.215364966857273,22.51535415649414,22.3424254731515,22.633182047121743,53.12314355745137,0.2888996030338494
2018-05-24,22.42617049319171,22.499140803295965,22.13428925277469,22.158613204956055,22.324919542847173,22.614571504291717,46.67646162382755,-1.5489636387349213
2018-05-25,22.09374967620536,22.182935949575533,21.834300386153675,21.939701080322266,22.288232070225753,22.588105997469388,43.21109430856031,-2.0983862227320222
2018-05-29,21.777540585738553,21.88294125347404,21.501875397581912,21.680246353149418,22.230328668599434,22.55250365847645,39.470816078562265,-3.7090591493265563
2018-05-30,21.85982733125437,21.85982733125437,21.410875511220528,21.50882911682129,22.161614425572942,22.51157524507821,37.180966749571354,-2.932422178791555
2018-05-31,22.194508468809804,22.341438156898928,21.99043980355721,22.17818260192871,22.163192347130636,22.49850102377823,49.500713186322464,1.0869861933549294
2018-06-01,22.26797249141731,22.85568966517332,22.22715782572018,22.814876556396484,22.22525750991786,22.510907907410317,57.948644933766765,5.233474679046914
2018-06-04,22.855684458344545,23.010777038820898,22.798545496305877,22.953638076782227,22.294627087714467,22.528269874836667,59.53734718585609,6.717283177590564
2018-06-05,23.084244103478483,23.35361463417147,23.05975530726272,23.32096290588379,22.392373356111545,22.5593558760542,63.4715739993946,5.152722946088906
2018-06-06,23.435243750231432,23.598499298095703,23.23933802694648,23.598499298095703,22.50724249344337,22.6001065984872,66.14964796487287,3.4347007741294076
2018-06-07,23.5740132948078,23.671966946528094,23.36178323710136,23.516874313354492,22.603397904863478,22.636058273580037,64.648451295882,2.453799413793072
2018-06-08,23.443402897813815,23.51686772679804,23.36993806882959,23.46789169311523,22.68573064660174,22.66867919199318,63.71401730602042,0.6300288192404448
2018-06-11,23.443407212787623,23.598499831069436,23.41075703662954,23.54136085510254,22.76721923788753,22.702902002311195,64.54187189961489,-0.24212744323862528
2018-06-12,23.56584969759523,23.56584969759523,23.21485135096818,23.345455169677734,22.822289326629456,22.728100165737334,60.57339611575858,-0.7289197594572093
2018-06-13,23.36994241261057,23.41075707903251,23.231175660616625,23.345455169677734,22.872114645015007,22.75231016589186,60.573396115758584,-0.5217193135138578
2018-06-14,23.427075658353292,23.63114425622425,23.33728497707573,23.58216667175293,22.939738647561477,22.78485355827857,63.70104497096629,0.17333669409152297
2018-06-15,23.48422046411993,23.753591018104903,23.174035246246184,23.74542808532715,23.01647097496773,22.822523147574593,65.72084160506893,1.7132795772982796
2018-06-18,23.443403069020693,23.59849565988892,23.214847205551777,23.565845489501953,23.068792357304325,22.85167304333645,61.65678478714395,0.9440395067150925
2018-06-19,23.165868759155273,23.263822380539185,22.90466117802484,23.165868759155273,23.078037728909177,22.8639944439568,53.69284072579681,-1.7653081601543597
2018-06-20,23.304632168606975,23.320958029336985,23.10872651060618,23.174028396606445,23.0871796972613,22.876152638178354,53.82387521803897,-2.4063566538679684
2018-06-21,23.427077724687692,23.467890825093775,23.0515906618878,23.092405319213867,23.087677375542494,22.884633135473866,52.23167304331656,-2.0090099058783726
2018-06-22,23.40259067422508,23.40259067422508,23.10056841518579,23.255661010742188,23.103675816990084,22.899183248229487,55.09306104711365,0.3876058028319257
2018-06-25,23.10056828025405,23.149545872408996,22.447549287388952,22.635292053222656,23.059067839488424,22.888834573915496,44.246700785826796,-2.3247418798480477
2018-06-26,22.63529466080155,22.725085366509393,22.53734257904778,22.61080741882324,23.016376370853646,22.877931548225604,43.87952227019467,-2.0855250621723607
2018-06-27,22.651622304049404,22.831202172635212,22.447553634643555,22.447553634643555,22.962202776928876,22.861053982987094,41.41191522613786,-3.4748845699348396
2018-06-28,22.34143326783162,22.398572232491137,21.933296026640775,22.031248092651367,22.873540426045306,22.82851257552295,35.871997774324356,-2.6685936242880923
2018-06-29,22.10470745298876,22.667937142454075,22.096544523353657,22.455705642700195,22.833746637155297,22.813892695804412,44.08518335986171,-0.6859630142792816
2018-07-02,22.24348526158417,22.627133804687112,22.21899646043786,22.61897087097168,22.813291802280666,22.806248702673717,46.90217019302983,0.7636343769041046
2018-07-03,22.7332428765426,22.757730112679567,22.300616874057393,22.325105667114254,22.76679788464577,22.78738034833805,42.72940536114108,1.3338217300585196
2018-07-05,22.42305809416493,22.82303237915039,22.414895163011767,22.82303237915039,22.772153550789067,22.78877846719344,50.72830769201002,1.6357835389136584
2018-07-06,22.77405308800572,23.10056250277791,22.72507706501982,22.96179580688477,22.790214718036278,22.795563460906823,52.710552192914456,1.5156522278078437
2018-07-09,23.206686478155337,23.696451535843593,23.14138457425825,23.67196273803711,22.87419071994112,22.829932060009973,61.29313253888303,6.032925850410767
2018-07-10,23.263823237079546,23.663797555026992,22.96996391902833,23.631147384643555,22.94628183086516,22.861352268819132,60.6122660573506,3.5407871840527396
2018-07-11,23.296478136297804,23.40259315064206,23.03526895306529,23.067920684814453,22.957866483622237,22.869452991015027,52.02412314454629,0.4621802180553487
2018-07-12,23.26382496779894,23.46789360786735,23.247499102932625,23.402591705322266,23.000221266641287,22.890360391576095,56.01242751453213,-1.1379328182280677
2018-07-13,23.394427206587423,23.622984628652947,23.361777035960955,23.508705139160156,23.048648302119275,22.914609205206844,57.226588319150615,-0.518139231626841
2018-07-16,23.53319796445768,23.56584969759523,23.31280343654018,23.345455169677734,23.076915622839127,22.931505125382174,54.723988659198604,1.2031187754429093
2018-07-17,23.30463633182029,23.925005138107338,23.247497365977544,23.82705307006836,23.148357284480007,22.96662465262477,60.24704085706927,1.8137365728154027
2018-07-18,23.794400477409887,24.096422716206096,23.729098582118812,24.039283752441406,23.233207424285855,23.008689715362678,62.422482048663475,2.256945289587331
2018-07-19,23.9658192714915,24.06377133738173,23.867865648681256,23.949493408203125,23.30142513703988,23.04558397782701,60.90393112473024,2.5873911394537563
2018-07-20,23.835212701000405,23.925001824781408,23.753584950992355,23.76991081237793,23.346042820405412,23.073988951730968,57.87162332092409,-0.23982091919798518
2018-07-23,23.753584970376544,24.006629594380147,23.65563135890298,23.965816497802734,23.405068884919444,23.108962580988685,60.19962151168959,-0.3056133260676313
2018-07-24,24.112749436203263,24.708629446526324,24.063771845304345,24.349468231201172,23.49501167980342,23.157609861389176,64.35389259880948,1.6700763401577774
2018-07-25,25.24736280800751,27.190096395374965,25.222874020010252,27.10846710205078,23.839150291446025,23.312545439454336,80.28819523484933,14.045304233679891
2018-07-26,26.80645912483981,27.56559478412569,26.732994283172125,27.451316833496097,24.18316615259365,23.474850200004994,81.4008272505392,14.543632744634113
2018-07-27,27.467636451755947,27.606401613429504,27.16561266369013,27.377845764160156,24.487421353695222,23.627908849579708,80.35410736486554,12.437140327682602
2018-07-30,27.508454856184738,27.875779051802613,26.847271304072553,26.888084411621097,24.716055930640543,23.755758871620547,73.56338184074484,-0.8129662573691294
2018-07-31,26.863595592615216,27.222755277331704,26.839108352291916,27.0839900970459,24.941573470298195,23.886277743205856,74.49198874351653,-1.3381024257531675
2018-08-01,26.96971044307577,27.206430797291127,26.586060428577785,26.855432510375977,25.12384575982941,24.002715185055663,71.34341972896866,-1.9081605553789096
2018-08-02,26.71666838184042,26.969714639217955,26.57790318878348,26.76564598083496,25.280207685639464,24.111065412341127,70.09010374590585,-0.455363159798837
2018-08-03,26.904409597942085,26.977874435210317,26.643201979619572,26.80645751953125,25.425564812676775,24.216767063603484,70.34511501142235,-1.024710821855305
2018-08-06,26.67585438406438,26.994200982319704,26.63504127651584,26.888084411621097,25.564852393528614,24.321524606662997,70.87989164379768,0.12158397088747394
2018-08-07,27.018684914394377,27.08398836954502,26.912571470534765,26.98603630065918,25.700203241826763,24.426015261329514,71.54306719119732,0.8234074379599323
2018-08-08,27.010524908969938,27.33703597359842,26.888082481274186,27.17378044128418,25.840543927489374,24.533770758582637,72.82071682728635,1.3702777455219413
2018-08-09,27.11663365284243,27.36151532378088,26.95337816760367,27.010517120361328,25.95196994585813,24.630898066887685,69.88240133528001,0.45534187882612825
2018-08-10,26.847268027796652,26.94522009672778,26.684012503684684,26.724828720092773,26.025575543404287,24.713012994464357,64.944160706707,-0.9679360749990017
2018-08-13,26.822778688048327,26.945217986161776,26.528919390432232,26.537080764770508,26.074290326391544,24.784545063888128,61.85089173087013,-2.343066243172982
2018-08-14,26.5615712947324,26.773801281198672,26.553406806499133,26.700336456298828,26.133913767335095,24.859674138100313,63.479770897604816,-1.148369957821639
2018-08-15,26.50443510781356,26.569735451317925,26.177924048771033,26.422805786132812,26.161427292934878,24.920973418415315,58.87741156419259,-1.1301211211613427
2018-08-16,26.44729423292885,26.888080082866992,26.406478018110867,26.7085018157959,26.21352962844545,24.99107257125377,61.93675926760849,0.6459680043366408
2018-08-17,26.830938181347545,27.00235816883243,26.716660265584064,26.953380584716797,26.283991624280816,25.068025826683694,64.38267402831814,0.9477188754985654
2018-08-20,27.018681612066512,27.108472295004024,26.814613010422992,26.92889404296875,26.345410902251096,25.141001050851738,63.94021743729289,1.9153463902820729
2018-08-21,26.94521904584929,26.98603526066552,26.81461525442136,26.8391056060791,26.39242944547281,25.20759338635085,62.25084823444646,0.48899706611758226
2018-08-22,26.871752479763508,26.96154316440512,26.773800420990757,26.847265243530273,26.4357471405259,25.271894243495144,62.348206150897816,-0.39369956155590125
2018-08-23,26.84726767349485,26.97787146829283,26.724828367406797,26.790128707885746,26.469497765988745,25.331432849941834,61.1587447270502,-0.515302763127164
2018-08-24,26.83094474187017,27.026852012394972,26.651366450549563,26.937061309814453,26.51402762730548,25.394398671897623,63.10790975107747,0.36497380044275557
2018-08-27,27.05133815534715,27.671708558624175,27.010525050514783,27.44314956665039,26.602515431052616,25.47474184424087,68.89745052167687,2.219534532530143
2018-08-28,27.51661665211731,27.62273322443548,27.320712487358225,27.483964920043945,26.68646300143274,25.553534906037072,69.3156749662834,2.5898950308289
2018-08-29,27.483964559967987,27.7533366752833,27.402338344694535,27.59824562072754,26.77329944136558,25.633719639946502,70.5113213456564,2.454552496683018
2018-08-30,27.52438472275524,27.78699040167842,27.401286941163352,27.46693992614746,26.839360439916234,25.705610631562227,67.26799954426467,0.08668961060497575
2018-08-31,27.384871995335708,27.52438301451518,27.335635390160014,27.4997615814209,26.9022557867262,25.775969492340998,67.66833209093771,0.05747591885999201
2018-09-04,27.434117231871134,27.475148787913657,27.17971657559624,27.4259090423584,26.952127525357838,25.84067300410639,65.7205551995665,-0.6244475853193654
2018-09-05,27.32742640063985,27.442315983354742,27.130473724701847,27.343839645385746,26.989433441550972,25.89962071552911,63.53205234824677,-0.4481761750406295
2018-09-06,27.409494820119953,27.557210904160033,27.22074405567472,27.516176223754883,27.039599420808486,25.963015049185024,66.08596622882966,0.05969012598667133
2018-09-07,27.294596448086462,27.68029982441208,27.294596448086462,27.557205200195312,27.088895209321517,26.02553231000896,66.68416230967458,0.4787303773017388
2018-09-10,27.69671574453635,27.959321391525524,27.639270954914103,27.87725830078125,27.16397740850816,26.09814901552944,70.98370368224836,1.9507818298865656
2018-09-11,27.639271576162106,27.778779459664342,27.483350448040845,27.5325870513916,27.199083088782775,26.154401487524037,61.74259688075616,0.05964065465808139
2018-09-12,27.466933033297448,28.024970743595823,27.409488251105486,27.910078048706055,27.266796894489755,26.223251548746862,66.8350892864874,1.2805102910372101
2018-09-13,27.91008094974708,28.80458239036324,27.91008094974708,28.771759033203125,27.410126621986265,26.32319301872554,75.01174094402461,3.208711282762003
2018-09-14,29.214912104850796,29.543170810503646,28.88665652970497,28.944101333618164,27.556219451665495,26.425973736956625,76.27180170284923,5.126704147314116
2018-09-17,28.944089650853037,29.16566371815824,28.82920008939977,28.87023162841797,27.681363468499065,26.521826987602168,74.53685665090667,3.440168021158321
2018-09-18,28.9933410786182,29.10823068644459,28.77997198079174,28.944101333618164,27.801624217558025,26.616818138426325,75.14570324642402,0.5989981363883694
2018-09-19,28.968716334832703,29.05898762511045,28.7225238989431,28.927684783935547,27.90886808102255,26.707440359818843,74.71811870242952,-0.05671811846356963
2018-09-20,29.083602949897433,29.838596557183116,29.009744913646728,29.64984893798828,28.074675781685954,26.82282893151176,80.08611848520444,2.7004193094277364
2018-09-21,29.78935968672935,30.002728758858144,29.39545116569156,29.477514266967773,28.20827944695089,26.926934238784547,75.94223178311195,1.8429072203739758
2018-09-24,29.436482948831134,29.49392774627954,29.13284571510292,29.28876686096191,28.311183010190035,27.019555125928758,71.5740639140451,1.2482232149697783
2018-09-25,29.2969784478952,29.43648636345084,29.075404290388857,29.141054153442383,28.39021835716645,27.10275116622341,68.26477868480134,-1.7160113888270614
2018-09-26,29.149257593789688,29.403658206628457,29.026159816172683,29.05078125,28.453129108864882,27.1791445028421,66.24882324600193,-1.4476560442071145
2018-09-27,29.09180793570372,29.25593723491974,29.01794990758181,29.04256820678711,28.509266165809855,27.25221994221249,66.05768878485247,-0.8405907129635822
2018-09-28,28.919479059984535,29.05078189813572,28.86203113344346,28.96871566772461,28.553023261230308,27.319533500075714,64.26228153298953,-0.5913941369805092
2018-10-01,29.09181396164765,29.27235341072598,28.88665307775804,28.952302932739254,28.591049896612112,27.38356367390566,63.84696419471171,-0.3389868121386434
2018-10-02,28.94409365215756,29.24773083947474,28.8784406762478,29.10822296142578,28.640304474213416,27.451197371455468,66.0891336846799,0.2260638734536179
2018-10-03,29.25594541801634,29.477516433851065,29.18208736923581,29.329803466796875,28.70597104493565,27.52486819872376,69.02878757429096,1.2464750015637396
2018-10-04,28.83741268564022,29.34621078962323,28.689696602144092,29.296974182128903,28.762257058001676,27.594362551014157,68.08703612003711,1.190479562853338
2018-10-05,29.36262495327145,29.452896243840993,28.40247351104631,28.50094985961914,28.737370658155722,27.629914994488864,50.202399189233745,-2.086259620215906
2018-10-08,28.394275285561395,28.533786364622543,28.107051197064575,28.287593841552734,28.6945347708602,27.655706321824702,46.664347759473806,-3.553414963806305
2018-10-09,28.287581060841394,28.377852342299686,28.09883344074967,28.107038497924805,28.638582744866355,27.673405622848236,43.84804076468513,-4.061633385095299
2018-10-10,27.83622749911236,27.88546723871579,26.44113597925519,26.5231990814209,28.437117634062027,27.628299483968732,27.92622694889236,-6.939245140739569
2018-10-11,26.326246958083885,26.802218595935948,25.653317922776623,25.718969345092773,28.178246368445908,27.553423792248108,23.29977781630921,-9.080392312077139
2018-10-12,26.27700775822175,26.46575540560869,25.874892592602603,26.367279052734375,28.005773290759095,27.50690831226718,32.943864988776596,-6.189764337209982
2018-10-15,26.31803793145008,26.3836909169293,26.08005212010123,26.088258743286133,27.823152857666432,27.45127499583655,31.129697497237785,-1.6398487105555632
2018-10-16,26.408311350461823,27.384876109403056,26.285213558016576,26.78580665588379,27.72435798130618,27.425178198191343,40.02206229188246,4.148056232255552
2018-10-17,26.777596597885843,26.941725913667423,26.277003593479854,26.58064079284668,27.61543253478623,27.39205908425626,38.44955614362712,0.809191345400421
2018-10-18,26.334452291186896,26.46575513718989,25.456363921571835,25.57946014404297,27.42153040233449,27.320976772875348,31.869116110447617,-1.950297274531994
2018-10-19,25.653313603685348,25.874887703667294,25.177340480716587,25.2594051361084,27.215613710312958,27.240130826335466,30.09587634281156,-5.698546022470076
2018-10-22,25.35788271927363,25.530218660609435,25.119896928694804,25.300437927246097,27.033216016687543,27.164064438135885,30.628803370042096,-4.816297980088982
2018-10-23,23.99561822973697,26.096465368380255,23.11752984451414,25.77641487121582,26.91352066949976,27.10964680806059,36.661002575436754,0.7699721810537078
2018-10-24,25.751792512389965,26.17852751088608,24.83267266282493,24.865497589111328,26.71847085231991,27.021640956337087,31.08933028456228,-1.559449024529791
2018-10-25,25.439950116618142,25.8830983861002,25.14451793696344,25.809240341186523,26.631877470307206,26.97409583417432,41.08017180148321,2.0110419250589167
2018-10-26,25.201962370910483,25.661523880453935,24.783435542786744,25.185550689697266,26.49413206263007,26.903956808900713,37.23780144312211,-2.2922667270473087
2018-10-29,25.6779342397867,25.84206199023829,24.73419302236414,25.10348320007324,26.361689313815134,26.833350000711402,36.75069948454508,0.9570916894344599
2018-10-30,25.12810683501582,25.694349772074855,24.963977494699545,25.628698348999023,26.291880650499316,26.78610875946778,41.98133384772088,-0.6995246268422326
2018-10-31,26.055427505172528,26.654496801284267,25.956949610142427,26.21955680847168,26.2849926655443,26.763891035899306,47.264923855948894,4.10555294785513
2018-11-01,26.441133652276065,27.24536387864831,26.38368885971422,27.16329765319824,26.36864075960658,26.779554040499264,54.40684418133079,8.205293411708661
2018-11-02,27.29459581616107,27.3766620275782,26.826829367854018,27.00737190246582,26.429472297021746,26.788488074301874,53.126644871716394,5.379413088767513
2018-11-05,27.07302929844404,27.25356873207086,26.78580220727699,27.130474090576172,26.49623437259836,26.801899290626356,54.04599311380676,3.474190234253578
2018-11-06,27.146893014736527,27.581833140586408,27.122271576881623,27.393085479736328,26.581648763754355,26.825083062748316,56.02737797241777,0.8459496688209872
2018-11-07,27.62285413774623,27.91828623502253,27.47513808910808,27.910078048706055,26.70816583851166,26.86763188572705,59.710318580112116,3.342443498390955
2018-11-08,27.68030104081138,27.992146404108475,27.581824711009272,27.98393821716309,26.829667969811798,26.911408604606894,60.222892177017464,3.1457766780543293
2018-11-09,27.737752803744403,27.836229158314357,27.335639196454743,27.540800094604492,26.897394838839674,26.936090623822487,55.64853923974526,0.5392405137326862
2018-11-12,27.204332602879727,27.24536415076136,25.989779063392795,26.02260398864746,26.814081424535654,26.900267618521507,43.467021840226856,-6.762697176141001
2018-11-13,26.2770045983867,26.86786890559419,26.162113446844565,26.28520965576172,26.763712684652422,26.87614769841328,45.681915950122196,-6.0703698965412505
2018-11-14,26.482163445454727,26.851453609250648,25.866680882630263,25.92412567138672,26.683752016722355,26.838813501274984,43.17700422855584,-5.870106960089716
2018-11-15,25.74255380637514,26.65868720963873,25.726046501106858,26.45235061645508,26.66171378812547,26.823658094027145,47.69539133437216,1.6514359131588086
2018-11-16,26.204748434818818,26.71646232583918,26.13872078519608,26.43584442138672,26.64020241986464,26.808449714707912,47.568103208160565,0.573078045021341
2018-11-19,26.32855253517857,26.386326537205683,25.627007708656137,25.717796325683594,26.552354220418824,26.765678993569704,42.28175542471081,-0.7958970278054825
2018-11-20,25.041011970356344,25.726049475972356,24.983237969459875,25.461938858032227,26.448505138286766,26.71455192943098,40.552394482911716,-3.7441351537460514
2018-11-21,25.83333849007585,25.87460674949753,25.33813197080071,25.34638404846191,26.343541224970114,26.660898287040034,39.76140810412445,-4.12114837551181
2018-11-23,25.024508322534395,25.981910239680793,24.983241622780582,25.72605323791504,26.284732845250584,26.62423769687827,43.65046963985928,0.03210583102409666
2018-11-26,26.08094008496131,26.130460415894294,25.85809623442845,26.03141975402832,26.2606077889437,26.60098993441357,46.63468279973037,2.236596746113249
2018-11-27,25.701286909468845,26.138721076992297,25.527964917608056,26.06443977355957,26.241925120811878,26.57994875163498,46.96177419787681,2.832971060979538
2018-11-28,26.37806899572791,26.625672274843566,25.957143736075945,26.617420196533203,26.277686556594862,26.58141822006236,52.24113276139327,3.4648414600358057
2018-11-29,26.567896781023897,26.617418693429094,26.2872804818436,26.295534133911133,26.27938632586308,26.57020707942898,49.17285484663777,1.0145984444123193
2018-11-30,26.262522982021313,26.691703500677992,26.24601567571374,26.592662811279297,26.309222181617006,26.571087696364287,51.976743700067374,2.0266042251772065
2018-12-03,27.079616011240216,27.64085180462474,27.079616011240216,27.55831527709961,26.428183428805827,26.60980250345195,59.74833411005311,3.53488457415927
2018-12-04,27.26118985964953,27.42625976494982,26.444098708505287,26.534887313842773,26.43834570357125,26.60686465287904,50.43307650885937,0.9102427001966353
2018-12-06,25.99015196632624,26.642174653688823,25.30511467493367,26.633922576904297,26.45697207246011,26.607925747938854,51.22553917161607,0.1551546978119831
2018-12-07,26.617419427113308,27.05485197918782,25.808580392878167,25.940635681152344,26.407797178049847,26.581757510025657,45.71546095507882,-5.87002354709079
2018-12-10,25.84984464092513,26.29553237746256,25.47843976803367,26.21299743652344,26.389244821713998,26.56729633067263,48.07831980998331,-1.2130817572811332
2018-12-11,26.65868415833906,26.790739436923953,26.047928101328157,26.072689056396484,26.35909665358852,26.54789996697553,46.94469251578391,-2.107213156031655
2018-12-12,26.592661544172852,26.88978674665805,26.386323373606675,26.394577026367188,26.362475736710298,26.541887302637946,49.86524952588645,1.7499237520407542
2018-12-13,26.551392264846733,26.699954869215414,26.138720637700757,26.386323928833008,26.364746993102937,26.53578677817501,49.789571089146015,0.6612234740772728
2018-12-14,26.03967636024637,26.42759014699708,25.866354384720218,25.940635681152344,26.324355439583833,26.51244751946824,45.751462227112846,-0.5064816097737476
2018-12-17,25.907623907076857,26.246015817087997,25.272108353045788,25.503204345703125,26.246150573499957,26.472869355791175,42.139123039423986,-3.377105379539194
2018-12-18,25.69303327302077,25.915877183463135,25.12354537863253,25.29686737060547,26.15574264941477,26.42675163088193,40.5141645048285,-4.128868277240628
2018-12-19,25.321629122560996,25.96539834058391,24.64484529119157,24.809913635253903,26.027568457589926,26.363346219288676,36.897948713589386,-4.358883335769557
2018-12-20,24.669602572792293,24.99974238120462,24.017579757046825,24.38898468017578,25.87151285974096,26.285920276578366,34.06727007444567,-4.36893988074511
2018-12-21,24.215663000815866,24.53754758640327,23.63791990308242,23.75346946716309,25.66979444140021,26.186608480130708,30.28913833848928,-6.1011424095766955
2018-12-24,23.42333187987225,23.69569614914204,23.076686303144932,23.08493995666504,25.423617823806385,26.064974420386957,26.908431848416456,-6.9527597070621985
2018-12-26,23.24175490670407,24.091862280371252,22.83733535250027,24.083608627319336,25.29599790033143,25.98727380105097,38.034810964618586,-1.2521064606050027
2018-12-27,23.76997575129847,24.512788772583008,23.514118807424538,24.512788772583008,25.221406554831578,25.92945085875811,42.113027583682914,3.196666939411125
2018-12-28,24.62008764365301,24.95847960486614,24.33946968934598,24.554059982299805,25.15784973839998,25.8755139616421,42.504900815397164,6.363975944458128
2018-12-31,24.719127125862684,24.95022312733893,24.653099471980408,24.9337158203125,25.13650365096308,25.838580701197802,46.11843783399886,3.5298165077672023
2019-01-02,24.421998719044787,24.884192236090595,24.27343612358139,24.661348342895508,25.091250764480453,25.79241472636242,43.982768120020076,0.606049241033972
2019-01-03,24.10836192816963,24.23216511848156,23.109693774265875,23.13445472717285,24.904889237117825,25.688181000904006,34.372961185015306,-5.781550000897199
2019-01-04,23.59665402644962,24.33121182880012,23.43983776751048,24.108367919921875,24.829030064051544,25.626227546747845,42.93707252986798,-3.310168072575236
2019-01-07,23.99281891188256,24.306451416503265,23.910283959391677,24.100114822387695,24.759609564845462,25.5663799889298,42.885998933626865,-2.2757617008783457
2019-01-08,24.438505086111288,24.46326446825623,24.034085577437647,24.331209182739254,24.718809528454393,25.5179419180988,44.863691348830514,5.17303938942957
2019-01-09,24.47977336484684,24.710870916645433,24.339464418080425,24.496280670166016,24.6976163038555,25.477876771121043,46.29424576935063,1.609037789420785
2019-01-10,24.347721969029813,25.0822798568863,24.33121466106767,25.049266815185547,24.73110682874408,25.461068537554947,50.891032636261194,3.938371247576551
2019-01-11,24.801658630371097,24.90070089079,24.611829336643464,24.801658630371097,24.73782604794665,25.435209325508524,48.87384862723233,1.9335226790355469
2019-01-14,24.562309653886253,24.719125914505693,24.47977469702216,24.6365909576416,24.728184610774743,25.403890958141194,47.52153801373182,0.5727820046023135
2019-01-15,24.628335780512337,24.96672766591414,24.620082127914333,24.842926025390625,24.739112364547683,25.381892333327446,49.406030339442935,-0.8237398376459963
2019-01-16,24.84292387374028,25.06576775191602,24.801655614324513,24.81816291809082,24.746640988694647,25.359785297435813,49.177786518006336,0.0665450967037847
2019-01-17,24.686112984938244,25.123547184181746,24.603578022447692,24.983238220214844,24.769174058363237,25.345018745387932,50.80920200923161,1.4070423264697733
2019-01-18,25.03275598053356,25.39590883342097,24.983235637847244,25.280359268188477,24.81785836406088,25.342483079615405,53.69068064769362,1.760795980114317
2019-01-22,25.0492629839152,25.140050015374097,24.232170255445393,24.28169059753418,24.76679476724881,25.30088337443575,44.298021596737996,-2.161611728987351
2019-01-23,24.314704355969617,24.521040957391858,23.8772717684574,24.190902709960938,24.711947904649968,25.257354720926934,43.55210551121023,-3.17146841922517
2019-01-24,24.31470611695981,24.80991431108326,24.281693076937422,24.644845962524418,24.705557243495154,25.23333476961703,48.24475729752931,-2.513861843980029
2019-01-25,25.01624783531612,25.412415286180675,24.87593889056109,25.05751609802246,24.739077134402518,25.22643991975058,52.13995780134139,3.195104959318882
2019-01-28,24.71912421494678,25.189571390236225,24.603574653592293,25.05751609802246,24.769404654747273,25.2198154561534,52.13995780134139,3.5823937554206418
2019-01-29,26.493619264913622,28.03701936296125,26.411085880914477,27.8306827545166,25.0609549499634,25.32220240903039,69.83421653412248,12.92699007669453
2019-01-30,27.92146785548494,27.954479315866077,27.36848417718627,27.66560935974121,25.309017274704143,25.414100720822972,68.2174745000374,10.408426962657247
2019-01-31,27.5995838054546,27.624346339585237,27.17040327906964,27.451021194458008,25.513017648014035,25.49397995508317,66.07592038520686,9.552044532556211
2019-02-01,27.566563633828498,27.632589690946737,27.129128018081197,27.310705184936523,25.684225984863797,25.565224081744084,64.6468071602466,-1.868360809422441
2019-02-04,27.29420279303732,27.805916634418995,27.244680879956626,27.69036865234375,25.87528719129046,25.6485630845127,66.74277989837672,0.08949483917230683
2019-02-05,27.69036865234375,27.822423938779227,27.52529875718781,27.69036865234375,26.048152092343155,25.728633891094308,66.74277989837672,0.8719073006073202
2019-02-06,27.61608972533078,28.03701815150001,27.599582419554864,27.8719482421875,26.221846963756903,25.812685434274435,67.80161578812783,2.0550295331097326
2019-02-07,27.63259386450898,27.97098572302012,27.277694702113603,27.40974998474121,26.334980584803027,25.87531541664568,62.359229016654325,-1.0134161488629625
2019-02-08,27.203416079858023,27.55831527709961,27.12088270077949,27.55831527709961,26.451488650736035,25.941315411173285,63.37683345401426,-0.47689280306119525
2019-02-11,27.616087450783663,27.748142737667855,27.426258172665538,27.53355407714844,26.55454250087055,26.00375614317231,63.07078672748554,-1.2141030189158404
2019-02-12,27.71513204801764,28.235097983582897,27.665610133391507,28.078283309936523,26.699660673162548,26.085110149712083,66.86199183899097,2.4390347433576727
2019-02-13,28.226842874031114,28.226842874031114,27.871943728440016,28.09478759765625,26.83252990406671,26.16392103002362,66.9726241746284,1.9466803945103206
2019-02-14,27.937974632028325,28.004003855876903,27.76465264209584,27.83893394470215,26.928377907936753,26.229607810991407,63.43690945476211,1.1091189560855073
2019-02-15,28.086538250553293,28.5074666966576,28.053526785884696,28.482704162597656,27.07640897980922,26.31796453066224,68.01284094013118,1.4403332575464602
2019-02-19,28.34239085354672,28.44143152373815,28.17732097093024,28.226842880249023,27.18597411318444,26.39282250515584,64.55484988972863,0.47003481387341
2019-02-20,28.276362754724197,28.72205051080728,28.13605539546448,28.606502532958984,27.32126253411535,26.479633486638317,67.2182683023076,2.757176656913283
2019-02-21,28.50747140567831,28.60651211293779,28.35890877056543,28.474456787109375,27.431090558210016,26.557861851362674,65.37821547672475,-0.028955732016173425
2019-02-22,28.614762113235557,28.829353969886764,28.54873602934471,28.763324737548828,27.55797000386133,26.644350591997426,67.47575351107099,1.9006087913402228
2019-02-25,28.88712248309376,29.15123306534918,28.80458910680637,28.95315170288086,27.690844451387,26.73489181203207,68.81289890244973,1.2117845217970393
2019-02-26,28.920135409742468,29.068697997170133,28.80458743028679,28.81283950805664,27.797701123450775,26.816379956974213,66.63228735973438,1.1883728756520275
2019-02-27,28.713229010157995,28.812840365953953,28.43099419657953,28.79623794555664,27.89279986841324,26.894021446722544,66.36432034763826,0.11442768980334962
2019-02-28,28.680024739733152,28.98716160672177,28.646819898278174,28.89585304260254,27.98832874214555,26.972524646560977,67.21627368452127,-0.1979012884894982
2019-03-01,29.08678179548645,29.25280286850454,28.91246109378232,28.99547004699707,28.08424696165522,27.05185583873494,68.08679424257903,0.6338512345836743
2019-03-04,29.08677853626428,29.261099218435486,28.58871537301882,28.953962326049805,28.16707699635947,27.12644825000219,67.285080028603,0.5477256466326064
2019-03-05,28.97056177643445,29.020365871038475,28.79623794555664,28.79623794555664,28.2269970867592,27.191930198847466,64.19199271380886,-0.34473838477455965
2019-03-06,28.79624060650308,28.846047872297504,28.63852234803637,28.646821975708008,28.26698040951623,27.248984778332193,61.31636488516074,-1.2024225533297412
2019-03-07,28.65512191127758,28.65512191127758,28.06575024115398,28.198566436767575,28.260464793063978,27.286223274741424,53.56393847246118,-2.608955143257206
2019-03-08,27.94123745708911,28.098955721184844,27.80842124348525,28.057451248168945,28.241130169740643,27.316467508993483,51.36233651018573,-2.565566720154473
2019-03-11,28.22346339926327,28.48079611728681,28.140454479429778,28.389484405517575,28.25525914457654,27.358546602974823,55.95012473264456,-0.8983110601540754
2019-03-12,28.489095742635236,28.497398534570973,28.32307473638093,28.389484405517575,28.2680425027614,27.39897553640787,55.950124732644554,0.6770484917313587
2019-03-13,28.50570076622288,28.64681657615964,28.41438904610493,28.480798721313477,28.28830499976636,27.441399975031622,57.2366811711412,1.508859337934907
2019-03-14,28.430988009900823,28.430988009900823,28.140453632638913,28.406085968017575,28.299522234837905,27.479230798285975,55.800649659362534,0.058477858431178274
2019-03-15,28.406088997111247,28.671721360815717,28.36458136743003,28.655118942260746,28.333388587925796,27.525344058834005,59.452403079200884,0.9356793274186563
2019-03-18,28.72982821337341,28.812837139476667,28.406088968348115,28.513999938964844,28.350589668977133,27.564114877662664,56.59872152327975,0.11657403985135152
2019-03-19,28.63852376839619,28.953963467562392,28.59701929480314,28.729835510253903,28.3867083205273,27.609829412274085,59.778633648090725,1.139718941218575
2019-03-20,28.729825178848625,28.7381248039473,28.157052882836265,28.406085968017575,28.38855381076447,27.641055159558142,53.452329624247945,-0.8690697628754065
2019-03-21,28.35629004032129,29.003768720521418,28.30648277007956,28.879255294799805,28.4352872854345,27.689612027606834,60.09868275100482,1.2809684948334223
2019-03-22,28.79624651122105,28.846053787228534,28.024251149343648,28.082361221313477,28.401675279327737,27.7050139567718,47.73628356308412,-2.2536651444082842
2019-03-25,28.01594428054915,28.21517016650957,27.758611504222785,28.007644653320312,28.364148553041314,27.716881827224686,46.7649699602177,-1.4026617927787282
2019-03-26,28.25667288897028,28.347984615782647,27.65899843462598,27.899728775024418,28.319918097992087,27.72405229576585,45.330298166154485,-3.391799787689703
2019-03-27,27.89972909681019,27.99934045148718,27.476375297904212,27.592592239379883,28.250648968600448,27.71889699943699,41.43426738272579,-1.7440448759767293
2019-03-28,27.62579646824964,27.800120313291956,27.302057160666735,27.310359954833984,28.16109763395602,27.702875938864324,38.18637155609061,-2.4896227694879185
2019-03-29,27.434867303240058,27.658995197386997,27.351858379446725,27.47637176513672,28.09588564644942,27.693993422247555,41.11050529928286,-1.5174233889566848
2019-04-01,27.74200958921949,28.25667515126024,27.659000649064833,28.157060623168945,28.101711834708425,27.712152920322904,51.2861084241193,2.0457243701208276
2019-04-02,28.231767549751023,28.34798448936803,28.14875861661241,28.240070343017575,28.114888835499773,27.732855564350146,52.36703194079799,3.404240697380591
2019-04-03,28.538904190063477,28.763032082908044,28.447592474468937,28.538904190063477,28.155271250220125,27.76446531437812,56.140105274318415,3.8670768979583676
2019-04-04,28.480805502107263,28.83774967486652,28.464203079352373,28.729835510253903,28.20999165593763,27.80232296911835,58.407042419943444,2.034214063571861
2019-04-05,28.82114315944656,29.02866866453108,28.75473347785732,28.79623794555664,28.265824635901343,27.84130002701789,59.196913878351126,1.969427114676362
2019-04-08,28.729828375041237,28.796234882980016,28.4558932175014,28.787935256958008,28.315549456954358,27.87842297721162,59.045924647964306,0.8726020636112495
2019-04-09,28.6634236986538,28.738133012229472,28.414393708930916,28.464200973510746,28.329706744245442,27.901394663340998,53.333724146116445,-0.9245947010324856
2019-04-10,28.464197842203536,28.621916079473763,28.43929262935935,28.555509567260746,28.351211775008803,27.927046228200595,54.665854109665496,-0.8359716250123572
2019-04-11,28.57210659319382,28.80453728429099,28.522302504563196,28.721525192260746,28.386479719508987,27.958202266006875,57.06562924513178,-0.23068714065282206
2019-04-12,28.953961491639788,29.103380119648577,28.854346961908497,29.061872482299805,28.45080283977478,28.00148345095954,61.558310369429016,2.0997304977760027
2019-04-15,29.16978720696512,29.17809000123164,28.8294454735665,29.020368576049805,28.505047195610498,28.041439730374847,60.72383969772923,1.627913547450842
2019-04-16,29.0535736920636,29.136582635977064,28.895855431992736,28.953962326049805,28.5478010175571,28.07722493020524,59.33784732769441,0.809278519274774
2019-04-17,29.061869788930775,29.3358049704221,28.84604466102464,28.97886085510254,28.58885433541857,28.11258320176984,59.7091748960944,-0.28563757289838787
2019-04-18,29.045275033531635,29.211292926898476,28.88755360160946,28.929058074951172,28.621254691564534,28.14460182424754,58.5572814351993,-0.31464280289668817
2019-04-22,28.7879350949632,28.796234720938507,28.439290638836887,28.513999938964844,28.611039953221706,28.15908802482469,49.91476351949783,-1.5195239329614239
2019-04-23,28.58871632700781,28.97886534291423,28.43929768970698,28.929058074951172,28.641327393386415,28.18928292875122,56.78372930219296,-0.17185899887641035
2019-04-24,28.846047278880715,28.970563857511134,28.53060760184828,28.597017288208008,28.637107383369425,28.205272511475016,50.78345561419089,-1.1477760039158291
2019-04-25,28.48910100926269,28.50570342961605,27.725408672535412,27.858224868774418,28.56292809626514,28.19166279999656,40.52304200590246,-2.2998354197732143
2019-04-26,27.800121409450945,27.999344145085853,27.54278861211854,27.932937622070312,28.50292900348468,28.18151671458769,41.80358984739474,-3.4433214185544845
2019-04-29,27.89972870409817,28.157058297273917,27.79181455754082,27.999340057373047,28.45496815147405,28.17437253195182,42.97864577402716,-2.089998494638157
2019-04-30,25.774666755925807,26.696080492919968,25.20189750946981,26.438749313354492,28.262947309748377,28.106308876320554,28.443152514572073,-5.095355364910489
2019-05-01,26.56326582464696,27.14433789787872,26.289332209162048,26.82059860229492,28.12558076618138,28.055888865574452,34.29834280239402,-3.9821770084665755
2019-05-02,26.92021346929626,27.044730060704858,26.065207669200923,26.21462631225586,27.94358510390276,27.98368249093451,30.09045601626911,-6.374127895372377
2019-05-03,26.272736793638153,26.646281868926373,26.272736793638153,26.55497169494629,27.811336207811667,27.927654616582032,34.919835503977296,0.43959107223385835
2019-05-06,25.841081542652866,26.26443386698947,25.799577064760673,26.14822006225586,27.65294419394921,27.857872869353557,32.06862472341236,-2.5069482974982016
2019-05-07,26.090110009121553,26.281033117639794,25.66675773591101,25.865982055664062,27.48275732363634,27.77975950411083,30.224512627801992,-1.3299608105754257
2019-05-08,25.799571255577927,25.907483823776005,25.608648166992253,25.6418514251709,27.307432952353917,27.695919971603384,28.807782248396286,-3.4386038150030025
2019-05-09,25.509035913249445,25.509035913249445,24.944566259356073,25.426025390625,27.128251279808307,27.606904497839526,27.47238180635982,-2.761926700599116
2019-05-10,25.226801516510616,25.675057396350564,24.84495532253797,25.5588436126709,26.978783882938078,27.52658838469566,29.634116290939986,-1.1874223152718368
2019-05-13,24.994372346842734,25.027575604353785,24.48800960762424,24.571020126342773,26.749473048976622,27.410683747113197,23.923000629848616,-4.176107571456253
2019-05-14,24.7038356346629,25.160391099953102,24.670630794783076,24.952865600585938,26.578367577701318,27.314298721759187,29.57315352692702,-1.8609270728311489
2019-05-15,24.7702417380158,25.16869028474946,24.670628809685496,25.127185821533203,26.440159791399594,27.228529588416993,32.0540861676274,-1.6888784081127177
2019-05-16,25.392820727579643,25.81617294459248,25.226799691510085,25.318111419677734,26.3332980417118,27.15361122885859,34.764656974499495,3.0405383638671104
2019-05-17,24.99437109626901,25.21849742731293,24.703835086937858,24.828350067138672,26.189969663181024,27.06242451663428,31.31371939946196,-0.49900294194804534
2019-05-20,24.55441770594028,24.737039580485888,24.463105977020493,24.571020126342773,26.035783993005953,26.96472238368167,29.64842408290234,-2.213402245442915
2019-05-21,24.961167607502546,25.26000484278643,24.7702445219796,25.17699432373047,25.953994500694,26.894615400938488,38.00895840470244,-0.5573760759958842
2019-05-22,25.002678058708455,25.30981497498406,24.977774423620875,25.201902389526367,25.8823666805828,26.82823449853017,38.33335856135856,1.5045394533972958
2019-05-23,24.89476356880896,24.89476356880896,24.396701956542163,24.59592628479004,25.759848547650154,26.740692999952124,33.7113715369771,0.10136395769976009
2019-05-24,24.803448793998648,24.886459316449447,24.60422449009314,24.65403175354004,25.65453266249681,26.65886314715165,34.52656960108319,-2.0771445688316876
2019-05-28,24.74534065741608,24.853254806157164,24.571019994010555,24.604223251342773,25.554503194767854,26.57828903359052,34.13900321863463,-2.371563578597077
2019-05-29,24.454808751827056,24.778549669254808,24.08956494321791,24.230682373046875,25.428425021270616,26.48622602729469,31.301255623513388,-1.4849772580796379
2019-05-30,24.37277316518951,24.531581119307596,24.264116098193316,24.389490127563477,25.329478840917556,26.40400109005033,33.81990976904287,-1.0730156780080293
2019-05-31,24.080229278020575,24.20560328957148,23.90470598069272,24.105304718017575,25.212890829212796,26.31385613428434,31.588096057899236,-2.027775996943819
2019-06-03,24.08858728022693,24.43963546213671,23.988288710662427,24.11366271972656,25.108202437833153,26.2275740395958,31.730786786840934,-0.48293998294692464
2019-06-04,24.489785609646663,24.99128325778701,24.45635328335308,24.966209411621097,25.094679292479626,26.17810876006738,44.45687170944335,2.364622142739461
2019-06-05,25.17516989508692,25.392484029703738,24.95785416625282,25.375768661499023,25.121449708576712,26.146644442476465,49.342258886742734,5.270474521451858
2019-06-06,25.37576183095799,25.593077501295973,25.200236961208645,25.484418869018555,25.156018200047363,26.12067481214478,50.58401027572952,5.684562172177299
2019-06-07,25.6515844632482,25.852183169434795,25.542925834344963,25.559642791748047,25.19445863735219,26.09867355644295,51.4709632724309,2.376946257010575
2019-06-10,25.743528984256827,26.186518866604523,25.67666273731916,25.860546112060547,25.25789553970537,26.0893352252907,54.95390301766342,1.91039513729901
2019-06-11,26.17815910169042,26.2701007845488,25.835469403676253,25.877260208129883,25.316882650983896,26.08101855795106,55.14646986357784,1.5414961633239592
2019-06-12,25.85218682042192,26.136368759540854,25.85218682042192,26.086217880249023,25.39015267281867,26.08122245294314,57.58752759318642,2.0601817200316344
2019-06-13,26.13637065499051,26.3202524430782,25.99427967512639,26.153087615966797,25.46281314359468,26.084040694630342,58.368365435274335,1.1312270925702448
2019-06-14,26.128012551369547,26.32861130332693,25.32561594932285,25.835472106933594,25.49830447343648,26.07429290687753,53.34475700125906,-0.16148580205241533
2019-06-17,26.077862558904293,26.311893632770108,25.860546851588097,26.219953536987305,25.567032955679416,26.080005088450463,58.0514274209048,0.5126678668107658
2019-06-18,26.44562397936208,27.440262339255614,26.33696693165079,27.181154251098633,25.72075879333839,26.123187408554312,67.01130162050296,3.930957025908436
2019-06-19,27.273100046073864,27.39847247787977,27.1226505771592,27.331607818603516,25.874172986220785,26.170576444242517,68.1577679801177,5.791013632254843
2019-06-20,27.557275303836533,27.841457210457985,27.28145028192438,27.682647705078125,26.04640867373101,26.22987335643215,70.71505355401578,5.578553623397783
2019-06-21,27.77459430322204,27.874892879684047,27.523846267849905,27.79131126403809,26.21258987280787,26.291106215553953,71.47863980926097,2.24477962673272
2019-06-24,27.833099693928613,27.874890498181177,27.44861919331063,27.615785598754883,26.346227560993302,26.343054426659872,68.37717943673678,1.0397404427775336
2019-06-25,27.62413913416393,27.757871604614365,27.381748035087018,27.42354202270508,26.448828938299187,26.38542648924988,65.04812693365939,-0.935985911223054
2019-06-26,27.62413962177959,27.96682928263502,27.565631864201865,27.63249969482422,26.561559486539664,26.434331320841032,66.93264411023995,-0.5714432388779461
2019-06-27,27.741159432782908,27.933399692940995,27.665934705900685,27.774593353271484,26.677086521466503,26.48689061623046,68.18870878327502,0.5750615130925761
2019-06-28,27.749519507122127,27.89160888654735,27.523845326475463,27.774593353271484,26.781610981638405,26.53738876278109,68.18870878327502,1.2801093683512976
2019-07-01,28.359673962608408,28.635495833166317,28.259375390445,28.51848030090332,26.947027107282683,26.61507862702118,74.15038315521198,3.2062991617260477
2019-07-02,28.418189622257824,28.49341436938355,28.05042596321815,28.175798416137695,27.064052946221256,26.676283324633594,67.8428448557985,1.4445038231998246
2019-07-03,28.234298547029635,28.35131408008402,28.08384909354995,28.209224700927734,27.17311692285997,26.73639867272356,68.12764635936705,1.564852245100669
2019-07-05,28.075491902273875,28.092208862304688,27.707728346898364,28.092208862304688,27.26064948852137,26.789567699765957,65.92641671991541,-1.494720034521372
2019-07-08,27.833104672808776,27.908329409293444,27.456980990385436,27.59071350097656,27.292084156374244,26.820985182166375,57.37099704321115,-2.076551324366478
2019-07-09,27.507123320367032,27.67428970371102,27.38174773575065,27.607421875,27.32211632005289,26.851825836787302,57.56856726841686,-2.133354717501125
2019-07-10,27.71608450420863,27.88325091168884,27.36503791809082,27.36503791809082,27.326204091294596,26.87195180075999,53.681723066856456,-2.588514658203385
2019-07-11,27.36503969579239,27.406830503268772,27.064140780467675,27.20623016357422,27.314778002940272,26.88506075616447,51.240660299198986,-1.3935244457840195
2019-07-12,27.39011632930715,27.66593823746123,27.33160855520069,27.59071350097656,27.341057574181825,26.91273341282377,56.40888065306757,-0.06052131234525517
2019-07-15,27.607423465668727,27.93339617833275,27.57399273782059,27.891605377197266,27.393490698278534,26.951120548681555,59.98357652791853,1.9242343485237254
2019-07-16,27.849816324424783,27.991908883326246,27.707726953957263,27.833099365234375,27.435358190369566,26.985707953252255,58.97093941337386,2.3041384193663723
2019-07-17,27.699368012173473,27.75787577751403,27.29817054050931,27.54056167602539,27.445377569955834,27.00746692277277,54.056900008255134,-0.18177067058955623
2019-07-18,27.540564030282606,27.766238225216455,27.39847145342751,27.716087341308594,27.471159452941812,27.035255958793783,56.404303230203745,-0.6292862440688565
2019-07-19,28.042057061365274,28.067134094805063,27.665933444108475,27.674293518066406,27.49050555438225,27.060316255235847,55.67487460010325,-0.5705647261344137
2019-07-22,27.70773168605751,27.95847973987001,27.565639102888586,27.883255004882812,27.527910263953732,27.09258836306514,58.56040031862617,1.244322221488109
2019-07-23,27.96682929649722,28.217577284588025,27.933395381169472,28.06713104248047,27.579264623813422,27.13080572304221,60.968287594575564,1.2665701938695821
2019-07-24,28.00026952156116,28.309525336948123,28.00026952156116,28.26773452758789,27.64483318607766,27.17539116635773,63.4626291088952,2.1443763655035046
2019-07-25,28.06713588246776,28.100566615126755,27.51548574973254,27.582353591918945,27.638882748538734,27.191350477164054,51.38114431363922,-1.0791473696710605
2019-07-26,27.716079912689143,28.284443690904777,27.607421287562584,28.242652893066406,27.69638466706518,27.232578022885715,59.40014476128602,0.6253644176181733
2019-07-29,28.426539568729293,28.627139908223526,28.29280707187788,28.50176429748535,27.773087489009956,27.28235003365433,62.04564322991626,0.8279042300650574
2019-07-30,26.63786234372024,26.880251846583704,26.086213914885327,26.24502182006836,27.627557425301234,27.241670495866643,38.50964229686547,-4.848504923243375
2019-07-31,26.136373641993707,26.18652293643674,25.367410885592108,25.70174217224121,27.44414644881933,27.181281149842118,35.061551978213316,-8.99671404965286
2019-08-01,25.40084199601938,25.71009941768828,24.748896416949822,24.857553482055664,27.1978042615085,27.090154574634806,30.492711725178246,-12.785913101355654
2019-08-02,24.656953363276124,24.87426907575004,24.297546669346843,24.481430053710938,26.93910195600397,26.987851652245634,28.698360466583676,-6.719719185026109
2019-08-05,24.205606942575848,24.23904086761755,23.36977794714076,23.553661346435547,26.61667904080698,26.853177522606025,24.818771514119195,-8.357724590847647
2019-08-06,23.846197606372613,24.013362419435495,23.486790946672745,23.83783912658691,26.352027620405067,26.734928958056255,28.028188467892036,-4.102231364823862
2019-08-07,23.42827990194527,23.913060502117233,23.33633823139337,23.829477310180664,26.11178473371703,26.62098967774741,27.990325046038944,-2.6630500836753583
2019-08-08,24.13873623067072,24.42291816419571,24.00500374362566,24.364410400390625,25.945368130543088,26.532496372753027,34.12160775803913,3.442135989094415
2019-08-09,24.222314760879215,24.222314760879215,23.461710789707897,23.637235641479492,25.725545988727507,26.418956736232495,30.339817252343877,-0.8415338489455635
2019-08-12,23.43664508807496,23.478435898895285,23.06887989483057,23.19425392150879,25.484470553754296,26.292497802321762,28.283311492072457,-2.665704246901331
2019-08-13,23.068878410537696,24.030081345514866,23.018729121936552,23.58709144592285,25.30376778157987,26.18640343540416,32.64352885222541,-3.1903868868310927
2019-08-14,23.24439666319019,23.294547535103032,22.818123817231857,22.834840774536133,25.068631876147133,26.0549696055662,29.006717314638113,-3.394622277806832
2019-08-15,22.826488208339367,22.935146864744855,22.55066471824289,22.67603874206543,24.84076586337745,25.922462512879896,28.29018201141721,-2.2342394853356398
2019-08-16,22.859921103469937,23.227686271797193,22.75126245195143,23.09395217895508,24.674402655337225,25.811540539000493,32.982043203036845,-2.0907167299468434
2019-08-19,23.47007387215097,23.61216483937785,23.30290746568981,23.31126594543457,24.544580111536973,25.713490554939085,35.35077266118772,2.086395852734452
2019-08-20,23.210965153417636,23.336339149144695,22.960215567746665,22.97693252563477,24.39528034145105,25.6061745537899,33.395150637045106,1.3269239261404295
2019-08-21,23.227684336420992,23.46171539240621,23.16081649846293,23.31126594543457,24.292040875163764,25.516178137775967,37.14008720990772,0.9409985990943596
2019-08-22,23.486795090569434,23.72082618899219,23.21933006710497,23.553661346435547,24.221719015284886,25.439216694978303,39.783607326416686,1.0398208384236158
2019-08-23,23.403207653074624,23.628881823769927,22.809769938524393,22.94350242614746,24.0999841020337,25.341345547181014,35.71233321847305,-0.14549417965174918
2019-08-26,23.12737807785937,23.202602781517697,22.676029855909388,22.759613037109375,23.972329714898052,25.24010113502134,34.56430541550597,-2.3664648227018943
2019-08-27,22.918425404068703,22.985291643262244,22.55901877057208,22.625885009765625,23.84409688583782,25.13758285559955,33.715488379368225,-3.938989879424098
2019-08-28,22.508868707576102,22.943500044339675,22.383494712721916,22.884990692138672,23.752753438818853,25.04924590801285,36.946472503387575,-0.25502529178852146
2019-08-29,23.26388429635853,23.524899001353344,23.196526025444868,23.339662551879883,23.71341144958657,24.982203423458618,42.2647347689597,2.548591286788319
2019-08-30,23.609097975846208,23.73539453699431,23.314404929202027,23.449121475219727,23.688240975837346,24.922082562743366,43.5002404353014,3.6384718878345845
2019-09-03,23.08706665924219,23.16284490564471,22.55662054037219,22.79237365722656,23.602920278826794,24.83856456644859,38.216017269240375,-0.40470645655070436
2019-09-04,23.02813406893273,23.17127061350397,22.85131758166328,23.070232391357425,23.552188099067806,24.769218206641092,41.456277740178365,-1.1543875577616534
2019-09-05,23.38176189530548,24.181641141833445,23.373341910906515,24.063764572143555,23.600909667932164,24.741553358229424,51.292765640338985,2.621177503700354
2019-09-06,24.173224817590263,24.291103011076338,23.80275508362849,23.853273391723633,23.624944308293255,24.706718849739,49.39904911964816,4.654625930813066
2019-09-09,23.979567048652807,24.240581754955105,23.895368808102,24.156383514404297,23.675557566018117,24.68513707188274,52.13929279078426,4.708019861359375
2019-09-10,24.089025628764063,24.74576838248805,24.04692570484081,24.577373504638672,23.761444798267693,24.680911049637874,55.72553669902357,2.134366511753842
2019-09-11,24.75418866308936,25.242536544799805,24.37529897893955,25.242536544799805,23.902501155080273,24.70293557885991,60.732096930575175,5.824203371425761
2019-09-12,25.276218577788143,25.62984994251879,25.006785462935856,25.469873428344727,24.051774704914983,24.733011572957356,62.30116070181607,5.437444363959547
2019-09-13,25.50355075521548,25.70562557063137,25.360414226885744,25.394092559814453,24.179614500619696,24.758936317539987,61.42013613424456,3.323052624079769
2019-09-16,25.25937530109768,25.469870095273496,25.17517706223779,25.30147361755371,24.286458226041983,24.780212290089548,60.297811862203666,0.23348316303041197
2019-09-17,23.440700216647627,23.819591485451948,23.087068901079537,23.769071578979492,24.237183307274126,24.74055971318327,45.4876792275374,-6.677700437539114
2019-09-18,23.769069699381205,23.77748968312745,23.23862357094933,23.4912166595459,24.166138864633343,24.69156586794259,43.40589294188687,-7.493380185909106
2019-09-19,23.524901470366466,23.54173983540123,23.23020840195978,23.238628387451172,24.077804533473135,24.63458792753116,41.54450979587584,-8.153063577575077
2019-09-20,23.305984243056045,23.693293899715815,23.305984243056045,23.37334251403809,24.010712912574558,24.585127323080453,42.949682766054174,-1.6648907115554785
2019-09-23,23.280727396073907,23.39860559048449,23.154430821871493,23.29756736755371,23.942794289239238,24.534634775804896,42.33325181229305,-0.824347647883517
2019-09-24,23.381759862484177,23.440698142205,23.078646874265456,23.28072166442871,23.879739753542996,24.485461712613674,42.188286729269606,0.18113494598618124
2019-09-25,23.28072840814431,23.878534574081,23.18811177287524,23.794336318969727,23.871606093107445,24.458358756000187,48.031538336571714,1.8011707340479313
2019-09-26,23.785911547803643,23.86168980156451,23.49963850158434,23.769071578979492,23.861840901285735,24.431327886313102,47.77573381111221,2.023834523094632
2019-09-27,23.89537048339844,24.16480519324058,23.701715640718003,23.89537048339844,23.86503419482028,24.4103099489439,49.2313496700652,2.6401622244763567
2019-09-30,24.097442861187933,24.164801125823736,23.85326814816582,24.01324462890625,23.879149474257037,24.394738759922816,50.61483512562481,0.9200017474830833
2019-10-01,24.16480538529188,24.383718579484736,23.25546784944807,23.39018440246582,23.832581372181682,24.355344471395092,43.81771614704117,-1.5940343957260241
2019-10-02,23.18810315861517,23.255461416491315,22.92708850414101,23.002866744995117,23.753560931497248,24.30230612918333,40.20335692044427,-3.7350487577641878
2019-10-03,22.918675362570298,23.247048372942565,22.52294568016293,23.238628387451172,23.704519736826192,24.260593276566382,43.2708151337194,-3.2257874911357205
2019-10-04,23.280727313242046,23.62593869760949,23.162850725198936,23.592260360717773,23.69382836767301,24.234384142611535,47.6118933759818,0.863934865903195
2019-10-07,23.48280049996995,23.76065358505359,23.407022239860964,23.508060455322266,23.67613618554437,24.205900860757055,46.69564708265939,2.196220653397763
2019-10-08,23.230202699108908,23.331239288305817,22.842891491327077,22.960769653320312,23.608006039618267,24.157072185955613,41.152186963455236,-1.1956761367245872
2019-10-09,23.18810551898752,23.57541513971363,23.146005599812263,23.423858642578125,23.59046819228111,24.1283187136663,46.89674547083455,-0.7138006938073863
2019-10-10,23.44911953872753,23.97114570994879,23.40701961785628,23.743812561035156,23.605072417876734,24.113240041014098,50.49261540624849,1.0028564719788098
2019-10-11,24.03850500572921,24.703669330419743,23.979566719935946,24.467914581298828,23.68724786201217,24.12714884651546,57.505720064297265,6.564000034557075
2019-10-14,24.350033526667374,24.510009991473133,24.20689702783013,24.425811767578125,23.75758728158988,24.138861117929682,57.00011419499244,4.277489632637746
2019-10-15,24.41739226758428,24.998358257409365,24.358453991476203,24.8636417388916,23.862925801332903,24.16728388737917,60.85455471977863,4.716298930417534
2019-10-16,24.73735023428337,24.97310500791315,24.73735023428337,24.855228424072266,23.957430813022366,24.19426210450439,60.741879449611446,1.5829458676852948
2019-10-17,25.015200954817868,25.074140847092327,24.644731267636978,24.71208953857422,24.029303072598733,24.214569062703205,58.74886621187879,1.1720297107017248
2019-10-18,24.67840768223394,24.77944588376148,24.5857910706104,24.695247650146484,24.092726365698518,24.233419203387257,58.50562485477354,-0.6772704116055368
2019-10-21,24.905742608603525,25.36883048786279,24.88048265655479,25.183595657348633,24.196618679189005,24.270681025111234,63.256191492661884,1.3211193543421385
2019-10-22,24.964684426370816,25.419353991953756,24.956264441162094,25.267797470092773,24.298635706894125,24.309783630796783,64.02105047178078,2.248729030586932
2019-10-23,25.20043798268444,25.343574512454417,25.006783150039148,25.32673454284668,24.39654988174675,24.349664058720307,64.57687269143737,2.557119092897412
2019-10-24,25.49513305275159,25.545651359640853,25.015203516485503,25.082563400268555,24.461884502558352,24.37840520936926,60.41290275258621,-0.4011828114409734
2019-10-25,25.082557383193667,25.848758211993054,25.03203748247564,25.68878173828125,24.578731858341484,24.429792524228553,66.23428302250969,1.6660900843722446
2019-10-28,25.82349994173391,25.958216473851486,25.579325223553475,25.77298164367676,24.69246993313532,24.48246660734417,66.96100182836707,1.7619606668010834
2019-10-29,26.04241473149632,26.185551247744336,24.72050775517815,25.478288650512695,24.767309810980784,24.52151845217431,61.93663949879638,1.577690620887272
2019-10-30,24.476331629123113,25.613003709727877,24.425813333925554,25.587743759155273,24.845446377473593,24.563331209310817,63.045748743636686,-0.3933155731375554
2019-10-31,25.453035296154773,25.587751863314157,24.897329055135277,24.947847366333008,24.85519885260306,24.57841027429208,53.272697152042596,-3.2015476080789242
2019-11-01,25.074142954430727,25.16675958103592,24.855228153999196,24.905746459960938,24.860012910446667,24.591246987455563,52.693933207101054,-2.2471767959196765
2019-11-04,25.057299553244317,25.39409089012641,25.02361961658222,25.309892654418945,24.90285860034879,24.619429170473737,57.470529032942615,-1.0858757511080406
2019-11-05,25.36041350891912,25.57090830309493,25.158337093276245,25.30147361755371,24.940821935320688,24.646176011535697,57.34063990821996,1.4174619798977925
2019-11-06,25.250955139022384,25.3519933461332,25.082560268434783,25.124658584594727,24.9583301876325,24.664940034008602,54.55207762389005,0.8789623109097225
2019-11-07,25.34357902901308,25.51197393725695,25.33515904270866,25.419357299804688,25.002237531648902,24.694525024824134,58.200712711041504,0.43249746998287
2019-11-08,25.3772549527982,25.57932978702566,25.158340147564783,25.570911407470703,25.056396948393836,24.728893118261254,59.98008455872827,1.0649094751938126
2019-11-11,25.3604130888897,25.4109313889898,25.082560029417458,25.2088565826416,25.07091691356029,24.74771521490362,54.0595419518988,0.3351209639859596
2019-11-12,25.242532072500307,25.28463198946769,24.897320783105855,24.93942070007324,25.05839346465676,24.755233077067135,50.09650905287428,-1.8880752729933754
2019-11-13,24.75418783189107,24.914164327443725,24.60263132094096,24.678409576416016,25.022204522919544,24.752220390767093,46.53736647707151,-3.4903012130961333
2019-11-14,24.61058953380162,24.66993275516099,24.37321503138264,24.542768478393555,24.976543947250402,24.744006590281856,44.75776294911492,-2.642278129769297
2019-11-15,24.669933081397048,24.91578380413436,24.602112025092115,24.881874084472656,24.967527769843,24.749413158681495,49.914358307368516,-0.23074559867548725
2019-11-18,24.70384450674556,24.763187732987063,24.4919034890364,24.602113723754883,24.932726432120322,24.743636710253,46.09182243758502,-0.30916033071290433
2019-11-19,24.75470947866645,24.75470947866645,24.39864853352873,24.542768478393555,24.89558757938444,24.735759524689886,45.29931715367234,0.0
2019-11-20,24.39864831995594,24.559722314526695,24.08497493082593,24.26300621032715,24.835341734712316,24.717220179028605,41.66257670893178,-2.4872237197426683
2019-11-21,24.27996176583129,24.27996176583129,23.974767808745547,24.203662872314453,24.775181843055375,24.69708067680452,40.91226505870626,-1.6195797479616576
2019-11-22,24.322351645058056,24.61059155850105,24.27996247132724,24.602113723754883,24.758699165026755,24.69335648256728,47.72022157334597,0.24180338666183174
2019-11-25,24.771662420430488,24.890350474815516,24.63602031568883,24.788618087768555,24.76154858624026,24.69709223179086,50.58990532959456,2.1663097840600156
2019-11-26,24.66145651443403,24.7716651302244,24.466471169660963,24.70384407043457,24.75605291806829,24.69735700977689,49.26615102797315,2.0665516651707017
2019-11-27,24.729276303541173,24.9920826946001,24.695364966897944,24.881874084472656,24.768035886297277,24.70459297349045,52.100723816037906,1.13713953142021
2019-11-29,24.814053484088504,24.881874541639547,24.6021124771188,24.619068145751953,24.753848482435817,24.701239058677174,47.85057987084523,-0.6839830337305595
2019-12-02,24.62754519923423,24.729277597505565,24.32235123838346,24.37321662902832,24.71759782973034,24.688375433985062,44.21671512817871,-1.3383643471177151
2019-12-03,24.05954111250458,24.068018946367577,23.44067379333902,23.76282501220703,24.62666708520431,24.652079339013376,36.753862132914556,-4.497446890320689
2019-12-04,23.90694270137864,24.212136606783503,23.745867107121335,23.754344940185547,24.543588785678715,24.61687406847111,36.66128541854751,-3.512412413203443
2019-12-05,23.839121405170808,23.87303112009259,23.4576270061676,23.47458267211914,24.441778679625422,24.572078327437698,33.649960468525144,-3.6869731664343117
2019-12-06,23.695005342330813,23.864557178550015,23.610228615730424,23.64413833618164,24.365812932630774,24.53568852385903,37.026085115336784,-0.4994636621042361
2019-12-09,23.694999118438226,24.551239142949637,23.65260995778148,24.16974639892578,24.347139929420774,24.52133785229302,46.170070034943244,1.7487388508764732
2019-12-10,24.169750325236105,24.254527043340204,23.711957017662822,23.737390518188477,24.28906855692246,24.490594819583038,40.908102341958006,1.1195421436883473
2019-12-11,23.8391216538463,24.16127122537958,23.73738927405713,23.754344940185547,24.23814249818561,24.461722275292942,41.19114809730647,0.4661053933831104
2019-12-12,23.68652954252768,24.85644329576176,23.68652954252768,24.797100067138672,24.291376552371617,24.474874345561403,55.3551036955491,2.595615435339335
2019-12-13,24.85644154587899,24.95817394277216,24.22909634648564,24.36473846435547,24.298363401131983,24.470555291396465,49.97999186324213,2.6428682027466106
2019-12-16,24.602111484399128,24.644499037290064,24.16127381961481,24.26300621032715,24.29499604962676,24.462416111746688,48.77975844843514,2.1413399166444385
2019-12-17,24.24604527112678,24.373209519134733,24.059536198199385,24.16974639892578,24.28306751146476,24.450938868106654,47.650082865815854,-2.5299477217671313
2019-12-18,24.18670171243457,24.18670171243457,23.81368518897038,24.00019264221191,24.256127047726395,24.433262545522545,45.58319722970726,-1.4962024840811348
2019-12-19,23.932376394532017,24.517333984375,23.864555341867717,24.517333984375,24.281003898835785,24.436559464693232,52.36937992264,1.0482121293757949
2019-12-20,24.78014114823754,24.89035137293023,24.5936336517334,24.5936336517334,24.31077816101651,24.442719236734025,53.29483534212404,1.753792720086036
2019-12-23,24.627544807151413,24.695365865925353,24.34778273758622,24.6868896484375,24.346598302675652,24.452294546996907,54.45951300165785,2.861214559660726
2019-12-24,24.70384035065447,24.71231818397435,24.33082538646791,24.43255615234375,24.354784764548803,24.451520492304628,50.743057431145935,-0.3457873196379315
2019-12-26,24.53429109023567,24.669933203516987,24.50037975342457,24.6105899810791,24.37914716612312,24.457758511472253,53.153073557183845,0.0689460109303857
2019-12-27,24.669931850973807,24.669931850973807,24.356258470594625,24.40712547302246,24.3818117667802,24.455772902121282,50.134118191041786,-1.1332499938190719
2019-12-30,24.373214819329508,24.69536442546966,24.33930348342976,24.5936336517334,24.401985279632886,24.46117920602764,52.78160284976531,0.6592740374166569
2019-12-31,24.491902361895665,24.686889318120652,24.42408130402919,24.67841148376465,24.42831158478829,24.46969811888007,53.977702472174556,0.2755785324028754
2020-01-02,24.85643847904429,25.432918217354683,24.839482812157183,25.424440383911133,24.52318099422856,24.507138992018547,62.88694607631206,4.168106203301672
2020-01-03,25.042945655387168,25.20401962748614,24.847958735140026,25.09381103515625,24.57752671241215,24.53014573880826,57.56801652917459,2.0337677242240217
2020-01-06,24.89882240959287,25.17010655480504,24.79709004664778,25.16162872314453,24.633155475339045,24.554909777409684,58.346239789061165,1.9580564968607488
2020-01-07,25.254891586181724,25.38205586907962,25.000561403404348,25.34814453125,24.701249671140086,24.586017022658325,60.49233781540867,-0.30008862145659526
2020-01-08,25.1870675363889,25.50074092627341,25.144679983396006,25.46683120727539,24.774162198391068,24.620558755388405,61.83968133976246,1.4865026742910514
2020-01-09,25.627908377037304,25.627908377037304,25.43292302194467,25.619430541992188,24.8546639454007,24.659730198000318,63.56038523320078,1.819444297048046
2020-01-10,25.543126687758615,25.72115795520156,25.44139592091812,25.526172637939453,24.918617154213912,24.69370833289989,61.72850284966307,0.7023319062662532
2020-01-13,25.517697501053604,25.788981730604007,25.322712163186942,25.77202606201172,24.999894193051798,24.735995302668982,64.62321091917494,1.1984013725631468
2020-01-14,25.755067671821266,25.805934672222897,25.39900675391676,25.526172637939453,25.050015949707767,24.76698264915018,59.75584086968452,-0.3640124002751646
2020-01-15,25.305759805898663,25.49226733387402,25.042953376255713,25.153162002563477,25.059839383313072,24.78212693751933,53.20780818470035,-1.4612869726563404
2020-01-16,25.26336544026934,25.52617343291843,25.11076928525619,25.441396713256836,25.09617817664105,24.80798065421492,57.11814188036871,-1.282900102457348
2020-01-17,25.50073938889137,25.61094799021756,25.365097287113866,25.483783721923828,25.133092990477504,24.834482735301545,57.67825426793056,-0.16606060225661295
2020-01-21,25.254893527430127,25.322714591320928,25.01751899532148,25.187070846557617,25.13823373867561,24.848309720056687,52.507962459046595,0.13480946845046685
2020-01-22,25.229454499978672,25.54312624545023,25.07685673537895,25.136199951171875,25.138040044627633,24.859599533041596,51.65305978815058,-1.1996069458165046
2020-01-23,24.898831665514184,25.11077268487103,24.66145714172112,25.051427841186523,25.129791263347528,24.867122211792378,50.18667408437702,-1.69659217585239
2020-01-24,25.144678882582944,25.19554426734387,24.65297585127683,24.890350341796875,25.10698736605699,24.86803311885138,47.43128085519855,-1.1780667413388237
2020-01-27,24.381694495332766,24.517336615216493,24.212141036987305,24.212141036987305,25.021763906145594,24.842311860739063,37.97698475457043,-3.676207684453472
2020-01-28,24.373213478497096,24.44951236309264,23.720434851171376,23.737390518188477,24.89944263110206,24.79898161201159,33.01592752218449,-5.245358992423042
2020-01-29,23.57631392000842,24.80557223816042,23.364372942187824,24.034107208251953,24.81702973368776,24.76898653735435,38.429542312761235,-3.440060592908104
2020-01-30,23.703477694539764,23.703477694539764,23.101566106091703,23.47458267211914,24.689177632585988,24.718225601462773,33.01149451725695,-3.046233555890181
2020-01-31,23.372853123346463,23.398286625353236,22.508133458894235,22.626821517944336,24.49276276452488,24.636209755050285,26.837586705317765,-4.678563970176844
2020-02-03,22.753982669073668,23.203298107597103,22.72854917055983,22.813325881958008,24.332816394756605,24.564724112968236,29.941817407410806,-5.07937039523065
2020-02-04,23.28807593493251,23.457629377626414,23.135479776885756,23.381330490112305,24.242198689552385,24.518316519915064,38.50012246403711,-0.39724745402009615
2020-02-05,23.83064806126268,23.99172206720054,23.60175137874263,23.983245849609375,24.21753651431972,24.497333356373666,46.024853413412266,5.994763031958858
2020-02-06,24.110412205109945,24.152799764632917,23.771306877980905,23.881515502929688,24.185534513234952,24.473183636630765,45.02221720074594,4.682305537117939
2020-02-07,23.67804740247626,23.720434953219964,23.44067291415985,23.46610641479492,24.117017551478757,24.433690412245046,41.086199066358766,0.3625795577307476
2020-02-10,23.389809901597435,23.432197456639237,23.228734281871755,23.37285423278809,24.046144854460596,24.392088993442812,40.2358234511629,-2.545075093875282
2020-02-11,23.55936028795689,24.01715196732719,23.48306140523161,23.77130126953125,24.019969274943517,24.36774437681883,45.43271288347871,-0.4615043521208563
2020-02-12,23.991721043530948,24.491901943111763,23.957811323668313,24.44951438903809,24.060878333428715,24.370951043964684,52.93480910571274,4.190759032879659
2020-02-13,24.246051028710067,24.51733525340912,24.01715435775217,24.33930397033691,24.087395060753305,24.36970998225379,51.6911325040307,4.1349239075519435
2020-02-14,24.330828183916537,24.330828183916537,24.1188871774956,24.237573623657227,24.10169778102987,24.364528164269615,50.51144106748467,1.961492763223774
2020-02-18,24.05106868625568,24.1951886506781,23.601753122590075,23.71196174621582,24.064580063428533,24.338937324345938,44.81998467406392,-3.0166351408310588
2020-02-19,23.737387281558775,24.000193616564157,23.64413274266153,23.70347595214844,24.030189195687573,24.314017270534272,44.73235173329828,-2.6123508665793134
2020-02-20,23.627184882460956,24.00019990177331,23.491541146278195,23.983245849609375,24.02571840082298,24.30104584226271,48.32001164795593,-1.0493120227167188
2020-02-21,23.70347595214844,23.847595868180004,23.525446323687714,23.70347595214844,23.995028643806357,24.277611728924896,45.162785529596164,-0.035786976034294184
2020-02-24,22.85571421679601,23.17786540781445,22.60986352394846,22.889625549316406,23.889752158616837,24.223180898352016,37.488983310546146,-3.433464376596078
2020-02-25,23.0422233803957,23.059179046706458,21.49929331970671,21.804487228393555,23.69115549859557,24.128330166196783,30.136311536515976,-9.084502718598062
2020-02-26,22.024903575221245,22.287711522689477,21.406036376953125,21.406036376953125,23.473525106058194,24.021573547010757,27.967278967859958,-9.692416335196105
2020-02-27,20.815943348498156,21.534324428177,20.251501304635344,20.550827026367188,23.195172907992383,23.885465840318854,23.978181999268365,-10.217722950120809
2020-02-28,19.70416303006951,20.61069087116171,19.498909904544977,20.405439376831055,22.929484000262732,23.748994214299724,23.36796400218688,-6.4163299824848705
2020-03-02,20.55937863012772,21.10671595432617,20.106113889029704,21.098163604736328,22.755072534022123,23.64504007274822,32.21900306198519,-1.438252121015122
2020-03-03,20.96988564717832,21.731026963596076,20.29426458068159,20.43109893798828,22.53374171535223,23.51900316550273,28.77267669766237,-0.5825949886361864
2020-03-04,20.738974399869367,21.465907849402555,20.44820102005609,21.457355499267575,22.431228742391788,23.438154237415077,39.49540612107179,5.155077050832323
2020-03-05,21.098168204229903,21.406046331807264,20.833051833923985,21.03830337524414,22.29856918361582,23.34404243889857,37.043162768341084,-0.2837224633083681
2020-03-06,20.234395482602487,21.363279507718374,20.191635366666898,21.27775764465332,22.201349037047965,23.263011662653657,39.36010211683286,4.143970469893892
2020-03-09,19.806789793425985,20.653452897539452,19.344974296270472,19.53312110900879,21.947232091520423,23.116741444863663,30.541036140764877,-8.967714545832395
2020-03-10,20.379785723253935,20.70476690228179,19.404840554976225,20.67911148071289,21.826458700014943,23.02114811293618,40.04401204139573,-1.7073234857612738
2020-03-11,20.0376958237565,20.35412458840248,19.4732538257234,19.798234939575195,21.633294532354014,22.89475936103967,35.97026781796013,-6.953376994825861
2020-03-12,18.20753399967881,19.096957038042127,17.41218353241556,17.506256103515625,21.240243253417024,22.683445507803434,27.991117399514227,-10.376554746073642
2020-03-13,18.549622897896366,19.498910903930664,17.189830250967116,19.498910903930664,21.074402077275465,22.558561797847638,40.37478034149528,-5.707211249782094
2020-03-16,16.958919784978345,17.22403607829805,15.753066310389691,16.300403594970703,20.619735555151202,22.313143829107368,31.122685494963665,-17.667389821769355
2020-03-17,16.531314128071582,18.44699648758104,15.787275989332896,18.43844413757324,20.411993515381873,22.161194821596226,40.8758988976836,5.324885164169458
2020-03-18,16.96747157172006,18.438441290886804,16.58262403675512,18.387128829956055,20.219149259627034,22.01319223368877,40.7268365754909,-5.701764982938058
2020-03-19,18.079254577238583,18.806188055527425,17.121414160947225,18.190433502197266,20.025938235109912,21.863280126571457,40.12285432225425,11.594988407585864
2020-03-20,18.258852461417472,18.48120870189832,16.069501093043783,16.129365921020508,19.65483610995854,21.638420745961618,34.37087903924077,-12.52317277599019
2020-03-23,16.001078754861865,16.06094520083427,14.91495647703578,15.180072784423828,19.22866817419333,21.38515219845033,32.089090520436095,-17.441853348562695
2020-03-24,15.992530019643755,17.164174305801687,15.58202535232986,17.121414184570312,19.027977318038758,21.21794678614131,40.751668105551964,-5.876821558418736
2020-03-25,17.018787585258703,17.99373433362178,16.385928331026708,17.318113327026367,18.86513312841853,21.065012140685823,41.564996434144156,7.370081451600219
2020-03-26,17.352322147001157,18.780530372968503,17.02733936471385,18.65224838256836,18.844858390718514,20.970393954092984,46.89031407589067,22.873247364843387
2020-03-27,17.9766243935656,18.464096810081053,17.506255041816928,17.737163543701172,18.73936364338353,20.843600604665856,43.93292279965044,3.59636974196774
2020-03-30,17.891109832889153,18.30161291599469,17.33522003728446,18.19898796081543,18.68789929266276,20.739890304907014,45.79113858680069,5.08643532442061
2020-03-31,18.27595064880436,18.429888023926654,17.489152551895742,17.56612205505371,18.581063365271422,20.615428804912767,43.65588004238076,-5.823031654080365
2020-04-01,16.69380647312389,16.83064081870736,16.043842516005377,16.343168258666992,18.367930497975763,20.44788917564823,39.7942360683245,-7.859178169043921
2020-04-02,16.334611832997172,16.625385152618207,15.812930001113491,15.992526054382324,18.141701503347818,20.273169053245645,38.73623593401948,-12.124091247182967
2020-04-03,15.915560313901114,16.11225947921956,15.239939314075956,15.316908836364746,17.87267363030181,20.07880590748561,36.71096753588051,-12.804267280164288
2020-04-06,16.163568790621056,16.96747162671235,15.693201029644955,16.856292724609375,17.775875448807295,19.952432841490463,43.90717085092346,3.1396878366608405
2020-04-07,17.48060276796008,17.531915233861486,16.50565612867009,16.830638885498047,17.68585291896832,19.830009549098605,43.81775485805919,5.240653216794731
2020-04-08,17.010233002586883,17.728614036080774,16.822086210459947,17.591779708862305,17.67689356562489,19.742235829873653,47.25015765559295,14.852023321420168
2020-04-09,17.651647207480572,18.498310347598135,17.634544137372714,18.11346435546875,17.71847173608621,19.67836243872052,49.52626290920016,7.45817393776014
2020-04-13,17.95952570659277,18.027942882132027,17.224039846150184,17.45494842529297,17.693374277915428,19.591169732311595,46.78219602337827,3.709363287051759
2020-04-14,17.916768697331232,18.045050719862186,17.395086623685028,17.702964782714844,17.694287659324896,19.517122479386234,47.951865153095966,0.6320285706881992
2020-04-15,17.206937371709213,17.301009971838027,16.82208972647345,17.09575843811035,17.637284876352084,19.422167026787182,45.32530430436666,-5.618505093152633
2020-04-16,17.129963443922698,17.14706651061253,16.67669873716986,16.967472076416016,17.573493181120078,19.325904479713802,44.76738351395743,-2.7927687724965087
2020-04-17,17.403631602412435,17.93386417254236,17.38652690500341,17.720060348510742,17.58745195896681,19.262930200058783,48.752713891164554,0.09656894201467615
2020-04-20,17.3694271455297,17.88255679532139,17.16417561185186,17.480606079101562,17.577276160884406,19.193035136491833,47.576434663939295,2.2511293803338823
2020-04-21,17.112859689987808,17.258246367630445,16.60828249294536,16.62538719177246,17.48662006858803,19.09234306022833,43.536243054157524,-2.0161216892116562
2020-04-22,17.018783010598096,17.181274363513165,16.719457349289378,17.087200164794922,17.44858007775059,19.01371000550545,46.19341131617113,-3.5714335688986982
2020-04-23,17.275359204012783,17.651652968298954,17.121420104443608,17.129972457885742,17.41823649490632,18.93983794481448,46.444792104113795,-2.0058436168011946
2020-04-24,17.25824611712021,17.814135771381142,17.189828953998767,17.77137565612793,17.451868795975045,18.894015894277754,50.20197240209512,6.893003159184126
2020-04-27,17.976629756244222,18.63514606642078,17.899660232655062,18.498310089111328,17.551529871511836,18.878498019565345,54.12969458497492,8.258286382246181
2020-04-28,19.37062929094064,19.755476889454915,18.746322414412145,18.93446922302246,17.683238381179514,18.880692968720528,56.354063663535655,10.534148665872623
2020-04-29,19.131168127958144,19.43904454524092,18.44699486814277,19.22524070739746,17.83009574558122,18.894204644747074,57.822475344343815,8.180937027056817
2020-04-30,18.92591863427173,19.10551474069058,18.60948980710607,18.82329368591309,17.92468602561283,18.891423822832017,55.06457849013066,1.7568285710220453
2020-05-01,18.38713582888885,18.404240532774462,17.57468033746021,17.66875457763672,17.900311601996055,18.843476009294946,47.98494381607076,-6.684711519912885
2020-05-04,17.446393765114895,17.549020330436413,17.112860282409304,17.437841415405273,17.85626682232074,18.78835308404437,46.69192445963667,-9.297149092673958
2020-05-05,17.69440992379053,18.036495812477863,17.63454509716952,17.677305221557617,17.839222860343302,18.744782579633124,48.24929578933732,-6.088139958274694
2020-05-06,17.865448733700678,17.925313549200695,17.540467607617494,17.711509704589844,17.827059702652495,18.704262074729467,48.48081975255723,0.24198155430400292
2020-05-07,18.07070263139659,18.198986260174316,17.874003459688755,17.916765213012695,17.83560308459156,18.67337984485822,49.928480920421116,2.746462628019554
2020-05-08,18.258850873481116,18.583832039032163,18.19898605071072,18.48975944519043,17.89790369036288,18.66617904487125,53.82887551068533,4.5960298441983
2020-05-11,18.173325320976343,18.335816686462852,17.933864447164314,18.21608543395996,17.928206713562602,18.64852831503159,51.755204769194805,2.848857820625867
2020-05-12,18.301611584289045,18.36147640898663,17.446396074451297,17.45494842529297,17.88313449563216,18.601721260532038,46.40132250934372,-2.5775678936972146
2020-05-13,17.360872435181847,17.454946653698034,16.582626530713323,16.787878036499023,17.778824356667098,18.530590153707216,42.273885458970575,-9.204454031629389
2020-05-14,16.548422162682666,17.070102568727943,16.095157308097928,17.05299949645996,17.709698179504514,18.472645422050462,44.39104101144675,-6.38493896900416
2020-05-15,16.813535489216623,16.984579230399333,16.63394102904938,16.804983139038086,17.623534842317234,18.407246901148017,42.80928834637424,-3.723673484552124
2020-05-18,17.412184359834992,18.062148195891027,17.40363201092973,17.93386459350586,17.653090056716152,18.38868288908362,51.313007192541676,6.826274020548116
2020-05-19,17.916763272325234,18.173327239702285,17.46349852335226,17.822689056396484,17.669242342399993,18.366487052507654,50.51636904195521,4.5135142359929326
2020-05-20,18.13056621493547,18.566724611411946,17.92531309387216,18.455547332763672,17.744128531958438,18.369979612517696,54.81662415137989,9.821873548276967
2020-05-21,18.429889670501385,18.56672399251988,18.207535120616672,18.233190536499023,17.79070586572421,18.36461533502677,53.07151430775114,1.6690543269829015
2020-05-22,18.241743820642476,18.32726568408655,17.95097046364895,18.284503936767575,17.837734253442626,18.361473711565626,53.439888808361424,2.5911627527684824
2020-05-26,18.814737730224536,19.507461708103076,18.78908068245354,19.22524070739746,17.969877725247848,18.395346927088443,59.68750954621881,4.170525862797749
2020-05-27,19.592984608507983,19.96927983980193,19.413390158168507,19.95217514038086,18.158667955260515,18.456399013884226,63.7367970564665,9.427777329704252
2020-05-28,20.03851041427454,20.254349612946463,19.693168025743947,19.900373458862305,18.324544669889256,18.513025462706896,63.249237604878424,8.837371403035128
2020-05-29,19.779505219718164,19.83130616942099,19.1492551170458,19.6759033203125,18.45324549373909,18.55862851594633,61.06922427755508,2.344119482164058
2020-06-01,19.64136615650542,19.779503105428773,19.442794498268395,19.632732391357425,18.56557757922655,18.600750236550688,60.636357296049205,-1.6010422261025532
2020-06-02,19.805404452792473,20.616958618164062,19.762235626939308,20.616958618164062,18.760947201982503,18.679817231908075,66.47130455827873,3.6008628721620215
2020-06-03,21.005466785966075,21.799754953096286,20.996833022041365,21.71341896057129,19.042134988514768,18.798782005581142,71.53369295120608,10.355385504234265
2020-06-04,21.402615200518863,21.868827001804917,21.273110367146067,21.368080139160156,19.26365357429052,18.89953879513326,68.0487466246109,8.839053643733527
2020-06-05,22.326401141363203,23.060252899091996,22.326401141363203,23.034353256225582,19.622767829712906,19.061688381842764,74.50316590772682,11.725272785539445
2020-06-08,23.189763177806196,23.56100684931854,22.95665645661626,23.543739318847656,19.996193685820977,19.23745508525472,76.09309646996742,8.42944338521717
2020-06-09,22.94801985560468,24.044483204176583,22.878951388978535,23.85454368591309,20.363655590591655,19.418517383319752,77.03411842970208,11.636345102413399
2020-06-10,23.914983809986357,24.268959963159464,23.67324331527592,24.04448699951172,20.714210962869757,19.599927956503752,77.61404581944257,4.385335815812947
2020-06-11,22.965287663214543,23.371064703737385,22.421372041037426,22.5767765045166,20.891598157312313,19.716667115249354,64.13685870465038,-4.107091066697992
2020-06-12,23.353800255761826,23.612808277966607,22.90485598137381,23.250198364257812,21.11622674844998,19.855236968151647,66.97078578073948,-2.533459996605021
2020-06-15,22.689018106457596,23.725045315393864,22.499078549777423,23.41423797607422,21.335084960604668,19.994805635129005,67.64155661582552,-2.621178914943366
2020-06-16,24.14809137448381,24.5538701625526,23.4919399471613,23.880451202392575,21.5775007931559,20.147183892668753,69.53518607007501,5.774405826337371
2020-06-17,24.001317658689388,24.044486485423125,23.517838326328057,23.526472091674805,21.763117107300555,20.279704998512127,66.3598443856665,1.188263958391442
2020-06-18,23.31062925975975,23.7682088713824,23.20702573849198,23.612804412841797,21.93927780306639,20.410414779466233,66.7585444835982,0.8480585059846182
2020-06-19,24.17399133763713,24.17399133763713,22.991191751201995,23.05162811279297,22.045215927802253,20.513991772930027,61.644187202411786,-3.470717879553994
2020-06-22,22.965291242402447,23.077526902006145,22.689017329480343,22.913490295410156,22.12790872471729,20.608089754203757,60.417192474888836,-2.605498154912743
2020-06-23,23.250196258454856,23.491935081217846,23.112059317812513,23.207027435302734,22.230681935249237,20.71000887895274,62.14163062418402,-1.7184616043250718
2020-06-24,22.999825469050982,23.086161481563657,22.076033922627097,22.283239364624023,22.235687404713502,20.771704192116317,54.14682357266555,-3.333338297881495
2020-06-25,22.14510240329274,22.34367407936615,21.791126234041013,22.283239364624023,22.24021616280022,20.830980081234266,54.14682357266554,-2.750567122951057
2020-06-26,22.28323525343191,22.32640407508496,21.678886570788737,21.93789291381836,22.211423472420996,20.874388427610114,51.28609291247813,-5.46875089893571
2020-06-29,22.145102044324116,22.36094124874584,21.937896605685957,22.171003341674805,22.207573936159456,20.925236071298926,53.08778796270326,-0.5036791155571401
2020-06-30,22.015600418261677,22.490446043103788,21.963799466595145,22.360942840576172,22.222180498484857,20.981538297545093,54.562413815933226,0.34870816886483463
2020-07-01,22.499072705733532,22.645843394716714,22.13646286511167,22.153730392456055,22.21566144076783,21.027506614992582,52.619179198149865,0.9838569250273914
2020-07-02,22.585415946096106,22.85305611896365,22.369576725168795,22.44727897644043,22.23772025368903,21.083183962500343,55.06094725915671,1.2461124582770238
2020-07-06,23.03435634626785,23.27609516130051,22.92211905638368,23.15522575378418,22.32510172988857,21.164440503335005,60.365841965223964,3.5520993853922023
2020-07-07,22.948025430824774,23.129331228967963,22.68038526346559,22.870323181152344,22.377027582389882,21.23133786324941,57.42781619190608,3.2346371288345566
2020-07-08,22.801250094255668,23.008455502640615,22.611312214916687,22.861684799194336,22.423185412561736,21.295273037208037,57.33669535229495,1.8461294270403392
2020-07-09,22.870320970113724,23.042992985297357,22.5508798827631,22.88758850097656,22.46741427812505,21.357716780885234,57.554187894815186,-1.1558395312292806
2020-07-10,22.870321828207807,23.05162761562545,22.68038392175725,23.025726318359375,22.520586853385463,21.42312891960971,58.76152329325856,0.6794969007482172
2020-07-13,23.310628150881847,23.491932246073244,23.034354302939512,23.06888771057129,22.572805982641256,21.487668480039577,59.15247790605871,0.9063326399472322
2020-07-14,23.10342651511329,23.67324183066827,22.8530522705731,23.621440887451172,22.672675973575533,21.571345829349838,63.87423939211668,3.2063333646674974
2020-07-15,23.949516126368255,24.294858498162576,23.82864670792082,24.22579002380371,22.82059159740679,21.675441680112737,68.20352128509684,5.2118386575605
2020-07-16,24.579766812117423,25.063247792164443,24.398462679641565,24.830141067504883,23.011977261225656,21.799155381579098,71.8380465757433,7.634756296145572
2020-07-17,24.95101307437682,25.13231887236048,24.761075156857185,25.07188415527344,23.208158870182586,21.927497686429856,73.159664964915,6.140367451474195
2020-07-20,24.97691437315235,25.13231887236048,24.84741117271976,25.07188415527344,23.385656516381715,22.05080695971784,73.159664964915,3.492534735248581
2020-07-21,25.192751296037105,25.52945991585424,25.17548376509202,25.30498695373535,23.568449891367777,22.178421861444015,74.49804532672039,1.9123769169877889
2020-07-22,25.322257850191647,25.75393630085753,25.184120877716374,25.55536460876465,23.757679864453195,22.310850988789923,75.88877784986809,1.9283770238285645
2020-07-23,25.555362686550968,26.038842053848253,25.512193856697873,25.7280330657959,23.94533255029536,22.444858129064666,76.82730909213241,2.617070605698566
2020-07-24,25.633067893701305,25.779838638706124,25.227289079834804,25.2877254486084,24.073179492991837,22.55634312198795,69.4079467596955,-0.06821384716977733
2020-07-27,25.19275184528911,26.617290244868283,25.097782069743023,26.444618225097656,24.29903080081144,22.708824498580487,75.97340188086693,3.479714063747003
2020-07-28,26.323745515983617,27.07486656756086,25.857533755508467,26.107906341552734,24.47130466183442,22.84212182575587,71.18495738110485,1.476495598343497
2020-07-29,26.57412433237705,27.4720145965862,26.20288062484656,27.29071044921875,24.739819498728167,23.016576281577947,76.73271684678187,7.920779607802082
2020-07-30,26.98852993033331,27.135300631344982,26.712256057069496,26.867660522460938,24.942471024797953,23.167599192985126,71.43518002727517,1.5997292672646213
2020-07-31,26.815863832416067,26.910833614753138,26.29784938278505,26.764062881469727,25.1159559635286,23.308636984690406,70.1578226049897,2.5132484058006166
2020-08-03,26.833131244469133,26.85039877694788,26.444619997309974,26.67772674560547,25.26469603801211,23.440758151785115,69.0496957352157,-2.2461258557335544
2020-08-04,26.69499195061734,26.94536456283971,26.651824769906636,26.928098678588867,25.42311533711466,23.577516603816637,70.50463504082242,0.22494759481349091
2020-08-05,27.031700149670172,27.55834830908888,26.98853296963227,27.523813247680664,25.623181804787613,23.73227333494856,73.67549739884946,2.8386959393110516
2020-08-06,27.342509978510652,27.618783891607382,27.307974916012352,27.489280700683594,25.80090550915866,23.879606957134246,73.18434431447321,3.042065625819522
2020-08-07,27.428844885098815,27.53244677498297,27.15257098311127,27.497913360595703,25.962525304533617,24.021501325897443,73.23238444615451,2.116059840719123
2020-08-10,27.54108281918664,27.843258042010316,27.42021338874616,27.75692367553711,26.133420387486332,24.167988476863705,74.69706775485047,0.8469408862745017
2020-08-11,27.964125352274586,28.35263655883792,27.825988400323695,27.88642311096191,26.30037302781734,24.313809442906773,75.42121997655795,1.4447173594776554
2020-08-12,28.05909776755708,28.37853888151543,27.972763399496458,28.25766944885254,26.48678221077307,24.468470619610528,77.41660721201167,2.762959059088318
2020-08-13,28.128170934406892,28.36127441203313,27.938231352027337,28.07636833190918,26.638171365166986,24.609956804406554,74.24655679313203,1.1508647719977885
2020-08-14,28.015929554596138,28.04182920537411,27.765555285592683,27.9036922454834,26.75869716329236,24.739122900135058,71.25389892546671,0.06192667468600367
2020-08-17,27.990029588041192,28.136801976101943,27.87779556043355,27.912330627441406,26.86856701702084,24.863562418852954,71.3161866590052,-1.222106522394599
2020-08-18,27.99002581344813,27.9986612257582,27.64468507027626,27.722387313842773,26.949883235765785,24.975673199048632,67.83556119723421,-1.2607792214497413
2020-08-19,27.82598304748535,27.97275538326147,27.71374576641469,27.82598304748535,27.03332131307241,25.087450055850073,68.73190204275346,-0.2784907363312294
2020-08-20,27.627416241692604,27.722386011974567,27.45474423149309,27.515180587768555,27.07921267256728,25.182655174748838,63.05460906520228,-1.4228480056853514
2020-08-21,27.584251454876313,28.050464934816127,27.437480727494055,28.0331974029541,27.17006836117555,25.294441144482377,67.82491986054153,1.1211519613829564
2020-08-24,28.08499144645076,28.81884659267721,28.050459682637403,28.810211181640625,27.32627243931508,25.432314479272897,73.37760531508518,3.5370830654057293
2020-08-25,28.89655001471326,28.97425225002059,28.14542730892755,28.395801544189453,27.42813235406502,25.548529658289233,66.76021194571153,3.2004912837547024
2020-08-26,28.395810171308256,28.559850103153163,28.257673188065183,28.300840377807617,27.51124740394527,25.656463411995837,65.30681973022789,0.9547358119959294
2020-08-27,28.41382839244172,28.448596798592888,27.718476847906917,27.92708396911621,27.550850886342502,25.74550735541232,59.789625802870574,-3.06532710557564
2020-08-28,28.005313792032425,28.457293166332224,27.761939900213537,28.38775634765625,27.630556168372383,25.8491249629513,63.844037531738614,-0.028332345261264123
2020-08-31,28.379059304625613,28.4138243901822,27.996613522228,28.213911056518555,27.686113776767257,25.94186167250296,61.330854091248995,-0.30716162533897395
2020-09-01,28.066157738342707,28.5702864268986,27.84886014665352,28.552902221679688,27.768665057235108,26.0442554195295,64.28332105357705,2.2409008160520862
2020-09-02,28.683279842676,29.43078402969376,28.596362139128853,29.29171371459961,27.91371731031744,26.171606725218524,69.71122466642701,3.1843212822910956
2020-09-03,28.95272684032151,29.04833497741523,27.34472297620052,27.7271671295166,27.895950626431645,26.232609094014528,51.76918155909779,-1.7251912576987287
2020-09-04,27.883621904768383,28.0922256862315,27.066581032895424,27.8575439453125,27.892292847277442,26.296332029359547,52.858044780349736,-2.435333091426394
2020-09-08,27.46640989853254,27.944465490135094,27.379490549345828,27.605480194091797,27.864977356497857,26.347671173074538,50.485000873358416,-5.7566912504247165
2020-09-09,28.24868524444631,29.37863199108458,28.24868524444631,28.744123458862305,27.94870555672304,26.441649694085825,59.360704963828034,3.667725320063856
2020-09-10,28.857120012611652,29.091801802795334,27.657636412461045,27.709787368774418,27.925951443585078,26.4913805832893,50.50437619147745,-0.5304005867428414
2020-09-11,28.057459338353123,28.17045499574221,27.44902717694209,27.76193618774414,27.910330943028796,26.541206293267923,50.902103170708585,0.5667570082183497
2020-09-14,28.23129743220149,28.60504948523243,28.187838585134575,28.45728874206543,27.962422161984666,26.616346781456063,55.98135955171785,-0.9978899415993113
2020-09-15,28.67458902410965,28.883192836177574,28.5181345072098,28.526824951171875,28.016174808573926,26.691267493993937,56.46637184770539,2.9485523346821494
2020-09-16,28.639819126087644,28.891885091938686,28.300835462348896,28.37036895751953,28.049907584663984,26.75711461021063,54.998023548387415,2.191607839095859
2020-09-17,27.987927901682276,28.761506726521652,27.892316439610383,28.526824951171875,28.095328286236164,26.826515015738522,56.22393912642502,0.2443528957966302
2020-09-18,28.448595346612,28.68327710260795,28.01400023899673,28.196529388427734,28.104966486444884,26.880241069569472,52.94488772241504,-1.1578420076874771
2020-09-21,27.518564885590543,27.692403609489553,26.901440565662043,27.309959411621097,28.029251526937855,26.89709276925777,45.30678996472647,-3.7377361834322347
2020-09-22,27.30995487645281,27.483793571483677,26.970971244776155,27.475101470947266,27.97647533112923,26.919759777167165,46.84506548046312,-3.6867877235717565
2020-09-23,27.440335624510787,27.50117867608373,26.51899443387309,26.588529586791992,27.84429002214473,26.906770357936768,40.29309043879887,-5.702828810895034
2020-09-24,26.379926438436375,27.06658592641833,26.214779814096836,26.675451278686523,27.73297204657728,26.897699021495583,41.16198148657821,-2.323358022511649
2020-09-25,26.553765017619376,27.205657792106095,26.43207889689355,27.11874008178711,27.674473764216312,26.906367298369762,45.5165822759894,-1.2970339328390836
2020-09-28,27.605484064069987,27.979234499625665,27.492488396931936,27.840164184570312,27.690253804250027,26.942986784103116,51.77227813162919,4.707423152877461
2020-09-29,27.944469636280527,28.10092415646016,27.753246708128113,27.788013458251953,27.699564247488304,26.97612508505013,51.31361033254253,4.170734237790977
2020-09-30,27.94446981806838,28.50075108646014,27.86624255746967,28.17045783996582,27.744411256295688,27.022961663674273,54.49730015346388,3.8781955024711583
2020-10-01,28.465982218913204,28.48336642273216,27.866242107799543,28.27475929260254,27.794920593086818,27.0720517667695,55.35474315324138,1.561036440557666
2020-10-02,27.840160654927804,28.778887649310747,27.81408601031631,28.518131256103516,27.86379779908841,27.128760766351228,57.373183261914974,2.627455895501397
2020-10-05,28.900577287271176,29.31778823067736,28.68327971368267,29.143949508666992,27.985717009524464,27.207787775853806,62.116217301787785,3.455718306857142
2020-10-06,29.239559801219535,29.847993646053837,29.17871674830587,29.22217559814453,28.103474970345424,27.286783376727954,62.67527677863532,3.350749322877039
2020-10-07,29.491626168376655,30.50857719419073,29.448167317954283,30.473812103271484,28.32922136395743,27.411764895415935,70.24216463839677,6.857675314014166
2020-10-08,30.595492130528843,31.14308282098242,30.50857113126005,30.621566772460938,28.547539974291098,27.537639478829465,70.98984911767712,5.07006527497079
2020-10-09,30.769340558829704,30.899717125480947,30.1695970788603,30.230440139770508,28.70781618052723,27.643239504748724,66.24491247354062,3.450340438341615
2020-10-12,30.4042786260076,30.456431241655302,30.073985358301695,30.10006332397461,28.84041114656984,27.73958553687523,64.69267927680477,-1.2264588953633129
2020-10-13,30.100056721763163,30.760639796583128,29.795838170760018,30.30866050720215,28.98024441901101,27.840333574927264,66.06284355297983,-1.0218492985153091
2020-10-14,30.352124614572737,30.465120285430768,29.787152891678513,29.9870662689209,29.076132214240523,27.924519170770154,62.064019643112395,-0.8050622806825496
2020-10-15,29.64807630157472,30.40427079741945,29.639382543356213,30.386886596679688,29.200965964949017,28.021082599237197,64.90798691697634,0.9528992335262771
2020-10-16,30.473805950767073,30.75194651615241,30.326041910326506,30.578107833862305,29.332122333416947,28.12135809863426,66.21260654513993,0.8890110026344726
2020-10-19,30.673721760793203,30.812792054756528,29.96098608976899,30.073978424072266,29.40277529443174,28.19793144472987,59.89099576262015,0.28983213753538944
2020-10-20,30.334737747013317,30.71718022170392,30.178283253799588,30.28258514404297,29.486566708680428,28.27968257019313,61.527829981295866,-0.3432449464833148
2020-10-21,30.308665706300445,30.821488130711288,30.19567335134572,30.421661376953125,29.575623343754017,28.36368173908568,62.622987793049916,-0.5116289659229023
2020-10-22,30.42165685406541,30.94316964528469,30.37819800741338,30.830177307128903,29.695104673599246,28.460407055479536,65.71065165567076,2.5144624113028855
2020-10-23,30.95186224162636,30.98663064392123,30.665027896239692,30.908403396606445,29.810656932933266,28.556406911994316,66.28500068950575,2.0665945446423826
2020-10-26,30.5085781896096,30.5085781896096,29.71761514960336,29.76976776123047,29.806762726104427,28.603989690395736,52.50032659035664,-2.142860009008313
2020-10-27,29.821922677075097,29.94360879790934,28.352988835209413,28.552902221679688,29.687347439968736,28.60198626025001,42.36136104452471,-7.386513099691574
2020-10-28,27.90970382809092,28.292146404322317,27.483800737845215,27.579410552978516,29.486591545969667,28.561885252121716,36.31860416936835,-10.770510533693347
2020-10-29,27.535950254453475,28.18784300987955,27.33603687400657,27.90100860595703,29.335583646920846,28.535968520899573,39.39430780979575,-6.277372300186854
2020-10-30,27.73586250414172,27.918391672452,27.18827334136195,27.788013458251953,29.18819600990476,28.506636949815352,38.687288505996975,-2.6788476964242487
2020-11-02,28.092228702099685,28.500749181893273,27.83147228942837,28.22260856628418,29.096235300988514,28.49549858183374,42.92974441682709,2.332167368371113
2020-11-03,28.674591946544936,29.45686129507312,28.674591946544936,29.26563835144043,29.11236892484108,28.52570014142616,51.58776320898354,4.890969228947665
2020-11-04,29.10049186854533,29.839305638921843,28.605053645394214,29.17002868652344,29.11786033071559,28.550967927508406,50.8265797166379,4.973422192801923
2020-11-05,29.74369649047659,30.28259360902033,29.67415966707831,29.97837829589844,29.19981442263777,28.606944804700174,56.65042261894927,6.221146161917051
2020-11-06,29.96099000070887,30.282589475785603,29.891453186801584,30.169593811035156,29.2921743643899,28.668225157889783,57.920012394150575,3.0887946086787976
2020-11-09,31.560301395783156,32.22957833334307,30.969251718865255,31.012710571289062,29.456034955523155,28.760165762336815,63.05753449313367,6.317038301772192
2020-11-10,31.212619901395136,31.47337629785483,30.986631908649393,31.30823135375977,29.63243461249807,28.86008990317693,64.68503763707618,4.436040684840097
2020-11-11,31.551612509589024,31.568996716383428,31.073558427687363,31.27347183227539,29.788723871524482,28.95473233176903,64.32607153962871,3.6589091260369173
2020-11-12,31.159779531415214,31.220996904207855,30.232768358117696,30.53011131286621,29.859332199271314,29.016511899655196,57.036338531273515,-1.5561337578458303
2020-11-13,30.871180925350153,31.49210190742702,30.818710797121867,31.334688186645508,29.99984229330695,29.107420773654816,62.0493280836151,0.0845043994558366
2020-11-16,31.876896826062502,32.47158267286827,31.54457159729546,32.34040069580078,30.222752617353983,29.23420430001348,67.20098881676749,3.411609907743854
2020-11-17,32.03431537559108,32.2092235745684,31.710734039849292,31.903133392333984,30.382788881637794,29.338868185986836,63.18493813114465,4.4972717766972075
2020-11-18,32.008075940821215,32.06054939964418,31.56206321716309,31.56206321716309,30.495100723116394,29.426052304856494,60.16466348411131,0.7256336146165525
2020-11-19,31.334684769366515,31.87689716387203,31.18601163804141,31.771953582763672,30.616705757368518,29.518048433401873,61.38784349016337,-1.7576996598898635
2020-11-20,31.70198797487596,31.9643485874488,31.50084472736691,31.74571418762207,30.72423036977362,29.605407874743843,61.13511244256594,-0.49342866349842734
2020-11-23,31.95561229515915,32.21797297025909,31.745721753421,32.03432083129883,30.849000889918877,29.700659363236195,62.94225493415149,1.496282454307139
2020-11-24,32.357897135416664,32.87387454750637,32.296679759075246,32.795166015625,31.034349949509934,29.82201256529066,67.26378994766442,3.22048951190846
2020-11-25,32.76892382361128,32.81265003490296,32.43659861282162,32.6202507019043,31.185388116404635,29.93174739417747,65.37625371207709,2.7548175766769045
2020-11-27,32.62025566315712,32.88261630690598,32.401621237350305,32.43660354614258,31.304551490665393,30.02997704719571,63.365728817891394,1.255786620113711
2020-11-30,32.43660115238196,32.725196838378906,32.06054970085841,32.725196838378906,31.43985104759049,30.1356719409676,65.17802641891933,-0.21335210565105078
2020-12-01,33.048776343086374,33.15371991983129,32.55903409144987,32.690216064453125,31.558933430148837,30.2358501418886,64.75983457841998,0.21448444154582694
2020-12-02,32.62024171138403,33.18869230979239,32.56777160673383,33.05751037597656,31.701655044037192,30.346503484401854,67.14360144414708,1.9142165391968846
2020-12-03,32.64648882820451,32.970066792408495,32.40161604201854,32.462833404541016,31.77414822122803,30.42949681460339,60.059873759117096,-0.8017169006916421
2020-12-04,32.524051204601705,33.18870162963867,32.46283384125568,33.18870162963867,31.908867593457618,30.53770092499693,64.9242340720949,1.5248769362757224
2020-12-07,33.0400324303213,33.08376198312897,32.65523705272779,32.86512756347656,31.99993997155466,30.628972557878484,61.33793847420752,-0.5819640085171319
2020-12-08,32.725198964451685,33.21494127492896,32.68147274689577,33.17121505737305,32.11148997972784,30.72866834217239,63.39764273090862,2.1821313130755255
2020-12-09,33.23243205792181,33.61722743865037,32.900106803235566,32.935089111328125,32.189927992261204,30.815194646845164,60.7106437268851,-0.7641531782131001
2020-12-10,32.86512490113287,32.86512490113287,32.244200664186636,32.506561279296875,32.220083543407455,30.881522750078567,56.06637956246723,-1.091023558290298
2020-12-11,31.736970756282457,31.96434906763574,31.00235902838503,31.168519973754883,32.11993463201197,30.892777543163913,44.595046957397194,-6.037448673961131
2020-12-14,32.32292062932263,32.72520727069912,31.964360216600557,32.191741943359375,32.126773423568864,30.943717323563735,52.58449471946457,-2.2570067002280356
2020-12-15,32.349154033204684,32.45409763296721,31.74572082835214,32.375389099121094,32.15045110695479,30.999861314762065,53.8702211640186,-0.40352524233107234
2020-12-16,32.41036941926285,32.445348392969436,31.492102135458858,31.693248748779297,32.10690802522379,31.027052978841173,48.59879737026905,1.6835216284451628
2020-12-17,31.920623906819216,32.00807633650895,31.693245587968104,31.999332427978516,32.09666273024805,31.065181584689697,50.9196008985622,-0.5976983653739505
2020-12-18,32.016826774217805,32.05180908402107,31.352176232342476,31.693248748779297,32.05824235106055,31.089811669555957,48.558497431893855,-2.106971898479253
2020-12-21,31.186008102694306,31.51833329730964,30.635048526165487,31.439624786376953,31.999326392519254,31.103529830999918,46.629099324132255,-0.800246022150419
2020-12-22,31.667013311918836,31.876903854284244,31.40465263603482,31.544578552246097,31.956017074398,31.120825859284082,47.55770371877205,-1.4211355088608215
2020-12-23,31.7894458770752,32.11302724655483,31.658267216237324,31.789445877075195,31.94015315084345,31.147046252138637,49.75426294515518,0.30352561537132916
2020-12-24,31.9206218513892,31.999330367480308,31.439626846875164,31.719478607177734,31.919136527637193,31.16949457978723,49.121153849840766,0.8901309182355261
2020-12-28,31.88564455200974,32.05180885433617,31.61453999321888,31.649518966674805,31.893458664688392,31.188319065547528,48.45719094769173,0.3326733760443131
2020-12-29,31.81567927484633,31.81567927484633,31.054829150030123,31.168519973754883,31.824416884599486,31.18754263057527,44.04870296727848,-1.9532454441682805
2020-12-30,31.308451554149723,31.623285685682003,31.26472533279176,31.457124710083008,31.789436677502678,31.198114476830476,47.15524534741023,-0.827106587544472
2020-12-31,31.483354568481445,31.535828027090247,31.15977658063457,31.483354568481445,31.760286000453036,31.209300362777572,47.440867892550216,-0.525013976889574
2021-01-04,31.527079186786665,31.684496218548727,30.44265445253261,30.53885078430176,31.643958837010057,31.18300822244519,39.22042316500472,-2.0202088196145587
2021-01-05,30.5738402478342,31.352178344869984,30.53011402568216,31.194761276245117,31.601178116937206,31.183469126515774,46.19319496560594,-0.8340350119596112
2021-01-06,31.658262153644404,32.856377745404934,31.48335396440071,32.27043914794922,31.664917262747874,31.226095401866107,55.25846942174452,2.5000022718536417
2021-01-07,32.58527016115742,32.76017835188198,32.10427513873706,32.34040069580078,31.72924901827672,31.269793648687077,55.7802903545227,5.899206634275483
2021-01-08,32.47158406750855,32.55903649857875,31.973097870996348,32.31416702270508,31.784955494888948,31.31074946727602,55.51881232517526,3.5884414583175253
2021-01-11,31.964352979393382,32.89136416302592,31.833174323130937,32.83014678955078,31.88449752295198,31.370333675992676,59.53649964945769,1.7344283386894406
2021-01-12,32.97006810365503,33.26741102034525,32.61150782200767,32.76017761230469,31.967895626699857,31.42483735976962,58.761412096671016,1.297995409680907
2021-01-13,32.707707864847485,32.7601779862118,32.37538263978986,32.506561279296875,32.01919711742338,31.467257905633435,55.919654188429234,0.5953867121396441
2021-01-14,33.118741096455494,33.888335191029775,32.777671934114764,33.2586669921875,32.13724186740092,31.537509242361047,61.81693716620256,1.3052643516449602
2021-01-15,33.02252808214632,33.25865356135771,32.53278931290359,33.05751037597656,32.224886487265266,31.597117129953812,59.52325232237875,0.9076042480312961
2021-01-19,33.4248335456053,33.87084632586004,33.3286338602708,33.69593811035156,32.364986641844915,31.67942383506745,64.07878705033998,3.658882343276926
2021-01-20,33.730916329942055,33.967041891827776,33.337373726799186,33.625972747802734,32.485080556698044,31.755759086547265,63.23879845625616,1.1043910921069535
2021-01-21,33.66970451579133,33.75715695931567,33.179962158203125,33.179962158203125,32.55125975684138,31.811610187396514,58.01765040692595,0.3704204606876573
2021-01-22,32.79516170563238,33.09250463854064,32.60276235607517,32.88261413574219,32.582817316736694,31.8536103422336,54.77098511469522,-2.413715184144162
2021-01-25,33.00505495993742,33.69593722203241,32.838890658341384,33.63471984863281,32.68299851025061,31.923457773857102,60.75341683575912,0.026012930230099287
2021-01-26,33.87958839269636,33.888332300891676,32.46283506612787,32.506561279296875,32.666194964445495,31.946324577991994,50.05774953421183,-2.0295408285743455
2021-01-27,31.614529871200254,32.32290306430868,30.635045533909263,30.809953689575195,32.48941008112451,31.901761013740355,38.951701392874774,-6.303210680303202
2021-01-28,31.553323736924707,32.2704444276642,31.42214173950541,31.868154525756836,32.43024288537521,31.900443112250805,46.869485099286244,-5.252207631953218
2021-01-29,31.65826802677773,31.894393625647496,31.08981714030272,31.36966896057129,32.32923584491769,31.879628439635923,43.97603930400648,-3.497424132184852
2021-02-01,31.62328479467725,31.82442807613402,31.133542455415057,31.395906448364254,32.24034733096022,31.86065894978213,44.17139957771842,1.9018294045255932
2021-02-02,31.85065876652272,32.08678432608874,31.509589625848346,31.771953582763672,32.19573840256055,31.857180307938272,47.02278725955721,-0.301871709939813
2021-02-03,31.588295631416415,31.99932935084411,31.1422829451343,31.78069496154785,32.156210455797435,31.854180882589628,47.09043542997965,1.3102656629662983
2021-02-04,32.09552649173816,32.69021225074225,31.97309177713657,32.60275650024414,32.19873865050665,31.883536789164314,53.14931065440492,3.8439726333901216
2021-02-05,32.76017914458955,32.95257849265174,32.66397947055845,32.725196838378906,32.2488775255421,31.916543065604102,53.99434414579868,3.000266424071481
2021-02-08,32.82139371453468,33.1362277713996,32.77766750354701,32.95257568359375,32.3158963977375,31.957171795721344,55.59607491095777,3.687398036650181
2021-02-09,32.92634298324447,33.040030472738394,31.72822403254692,31.771953582763672,32.264092320120945,31.949908336389672,46.536330219721606,-2.5482597383268724
2021-02-10,31.868151092382988,32.462836967379836,31.84191603016432,32.305419921875,32.26802828219276,31.96384996719302,50.46432338224805,-1.2827330529960552
2021-02-11,32.39287543565439,32.39287543565439,31.701989889806505,32.14800262451172,32.256597267175515,31.97107164002905,49.312984014824025,-2.4416090165680364
2021-02-12,31.85066268246471,32.32291385965859,31.745719088453857,32.252952575683594,32.256250153700094,31.982125794368443,50.12989299895543,1.5139106623297613
2021-02-16,33.62597010931873,34.24689098105855,33.53851435098463,33.75714874267578,32.399192876459686,32.05173453743932,60.06435899731103,4.493762422254634
2021-02-17,33.51228577681707,33.90582842523859,33.118743128395565,33.136234283447266,32.46938729617279,32.094263939243554,55.17803317352074,3.0740064024445957
2021-02-18,32.91760228048784,33.30240104785015,32.70771507656018,32.84764099121094,32.50541145760499,32.12380813735992,53.01911017290317,1.8438262795688853
2021-02-19,32.987553981438985,33.46854891609256,32.891354327289136,33.28489685058594,32.579648161698415,32.16934102807467,55.83846164039297,-1.398968543492013
2021-02-22,33.06626690294662,33.50353569033028,32.891358720773944,33.18870162963867,32.6376532538832,32.2093159536262,55.05569417561774,0.15833828836010966
2021-02-23,33.066271724115886,33.136233005527885,32.410368447407585,32.92634582519531,32.665147784484354,32.23743477211911,52.87848484005596,0.23960574217623146
2021-02-24,32.92634727424508,33.97578989428583,32.803909188216714,33.78339385986328,32.77164741071092,32.29806061869731,58.633493248303104,1.4976672798929476
2021-02-25,33.66018133526959,33.76578096421809,32.903376721076754,33.16737747192383,32.80933598796929,32.33215147568659,53.569255217832605,-0.0642512562040105
2021-02-26,33.41378076569095,34.12658245053365,33.21138008005959,33.65138244628906,32.88953088876165,32.38388602355335,56.731411374669925,2.201995401928113
2021-03-01,34.21458837276652,35.00659069731801,34.073787735716124,34.73379135131836,33.06517474233848,32.47603917366178,62.82839695951093,2.8132090440570208
2021-03-02,34.74259039882228,34.93619253627805,34.07378820290096,34.09138870239258,33.16290940520077,32.53938621400417,57.63743622750713,2.7859038033710237
2021-03-03,33.99458209676547,34.68098468037995,33.853781480717586,33.959381103515625,33.23876385265933,32.595072288102656,56.602523214040936,0.9152630139880846
2021-03-04,33.783389811290434,33.88019089381373,31.96177981620522,32.52498245239258,33.170784671681545,32.59232366709442,46.774541265854204,-6.359250784299836
2021-03-05,32.956178693927,33.123378388609474,31.653772061424643,32.9649772644043,33.15118396622657,32.60693753365559,49.66181828234367,-3.3040937341142347
2021-03-08,33.255378348106746,33.50177858935944,32.929774192792514,33.09697723388672,33.14602142028944,32.62615477680191,50.528844153126485,-2.539515861611584
2021-03-09,33.396183948439905,34.135388139443194,33.352184378358565,33.809783935546875,33.20923689793301,32.672571606556616,55.032977981344715,3.950198851098182
2021-03-10,33.985788989174566,34.663393178788326,33.932990842550346,34.293792724609375,33.31252792904505,32.736148905303786,57.83987982573707,4.030991587062121
2021-03-11,34.53139682083965,35.200199127197266,34.53139682083965,35.200199127197266,33.49230613839288,32.8327783257702,62.5539255943618,6.354725020498667
2021-03-12,35.13859897719459,36.02740252632441,34.94499680815633,35.86020278930664,33.717820105146565,32.95150085375202,65.57252313465139,6.06457248490133
2021-03-15,35.86899771386565,36.62580245373059,35.71939849442605,36.599403381347656,33.992256607641906,33.094555854834205,68.62327684341332,6.723113641156888
2021-03-16,36.520196815663205,36.599397376770426,35.754593629594574,36.07139587402344,34.190269871106814,33.211294679116136,64.24405097388703,2.4749767570293257
2021-03-17,35.921796798236315,36.476200779635086,35.77219758886395,36.35300064086914,34.3962442301318,33.334498834479,65.50827880882899,1.374219366404281
2021-03-18,36.212200177510624,37.44420492806898,36.20339824929799,36.43220138549805,34.59014491159525,33.45597736589151,65.8737386799899,-0.456843501265437
2021-03-19,36.44980691820771,36.837011281843395,35.71060591189114,36.32660675048828,34.75552222958507,33.56855106724825,64.88660234998771,0.7075159424274792
2021-03-22,36.177002641387595,36.34420236695948,35.94819948328675,36.053802490234375,34.879167968694524,33.66601190736535,62.28958851503351,-0.8230356376645235
2021-03-23,36.00100622249837,36.15940739900424,34.81300075565721,35.08580017089844,34.89884722604728,33.7216898784843,54.02660576402965,-3.695635079398602
2021-03-24,35.279395886231214,35.904198547359556,35.15619573974982,35.420196533203125,34.948499541014506,33.78829798259092,56.1887129764771,-2.4951689639246935
2021-03-25,35.21778973308369,36.38819427955359,34.93618848775477,36.27379608154297,35.07471825916007,33.88576849627531,61.204400164345905,0.6101813848017329
2021-03-26,36.71380828710469,38.27141748108946,36.625805776258,38.20101547241211,35.372460850898364,34.05499386788852,69.65204317471347,8.878849239121973
2021-03-29,38.12181676837339,38.825820105051726,37.8930169428102,38.19221878051758,35.64100922514781,34.21723798210927,69.57757079165368,7.8261063422274955
2021-03-30,38.21861442661311,38.45621616084678,37.92821118801003,38.36821365356445,35.90074298023511,34.380021341774174,70.26263178482972,5.773913398292431
2021-03-31,38.24502095458923,38.74662359453154,38.1658203610745,38.28902053833008,36.12819798576796,34.53331542791362,69.50419659969106,0.23037362967883399
2021-04-01,38.61461326777466,38.77301440732009,38.192211347970854,38.7114143371582,36.37421859066227,34.697162443962426,71.28462047725272,1.3594275829438702
2021-04-05,39.54741394908132,40.33941960075894,39.24821218699776,40.02261734008789,36.72168513822661,34.90600381243794,75.97387808994995,4.311912202797436
2021-04-06,39.69702114586905,39.91702236848464,39.195418626861695,39.31861877441406,36.96901215119684,35.079047536437,69.41914082710608,2.6890169077406463
2021-04-07,39.34501468911644,39.415416686040125,38.922612778430285,38.97541427612305,37.16009806785648,35.23184623211097,66.41100842232025,0.6819692421091322
2021-04-08,38.96660721738853,39.23061131413955,38.70260647758905,39.22180938720703,37.35645152684225,35.388315375448066,67.49985529190499,-2.000888512802848
2021-04-09,39.25702596490411,39.45062815085542,39.08102428285319,39.380226135253906,37.5491919657386,35.54486089544045,68.2133139052304,0.15668750012127516
2021-04-12,39.353818585370504,39.80261958887248,39.30101708503704,39.64421844482422,37.74871829708009,35.70562001502413,69.41813435856531,1.71596423315221
2021-04-13,39.600221606854895,39.74102226051228,39.40661944921884,39.59142303466797,37.92421398637417,35.858004447167026,68.85604068010304,0.942367660329037
2021-04-14,39.61782209778584,40.24262478841704,39.573822522958025,39.811424255371094,38.10394829770721,36.01304051807699,69.94803952301565,1.0949610056483932
2021-04-15,39.96982185711183,40.48902489421654,39.908221781264864,40.39222717285156,38.321879619149534,36.184773328068154,72.67224973740893,1.886804072246758
2021-04-16,40.56822673447413,40.761828897137015,40.25142777323369,40.30422592163086,38.510674505100134,36.34632048860003,71.6129854549003,1.800397238408757
2021-04-19,41.00823161181286,41.034634044511435,40.41862987380297,40.53303146362305,38.70327992972136,36.51050523271858,72.7261135079687,1.8125631568044156
2021-04-20,40.295425935496795,40.46262566114261,39.81142390277271,40.09302520751953,38.835636622844994,36.650996212122536,67.26371648792485,-0.7407414403064434
2021-04-21,39.96102533965164,40.7090282173692,39.846623754216914,40.70022964477539,39.01321691064789,36.809789680069706,70.55091176898331,0.9825364811981172
2021-04-22,40.70022600344988,40.70022600344988,40.08422191146668,40.119422912597656,39.11856986321454,36.939579218600215,63.937395016778375,-1.0204234326677233
2021-04-23,40.53302990987274,40.9202308860985,40.30422673900328,40.70022964477539,39.2692041281251,37.08705570590121,67.24415945786559,1.5144889519137033
2021-04-26,40.7794298970647,41.20183187416432,40.54182815551758,40.54182815551758,39.39040641644819,37.22253697843519,65.48067508948995,-0.3891906523386071
2021-04-27,40.08422372074979,40.12822329567341,38.93141941577004,39.16901779174805,39.36932178552436,37.29886955934942,52.60476103238183,-2.3689401587857297
2021-04-28,39.098621717301846,39.18662087294247,38.56181813981728,39.03702163696289,39.337674152328034,37.3670323859225,51.55504576966297,-4.086483104220034
2021-04-29,39.34502675224413,39.8994308986657,39.22182657680667,39.73223114013672,39.37525100830982,37.459785278244624,56.48073609277335,-1.9969425460422325
2021-04-30,39.257017324714376,39.292218324767646,38.59701368000015,38.90501403808594,39.330466534955164,37.51646091588546,49.97018170926697,-0.6740116769477138
2021-05-03,39.265819879462214,39.72342285571858,39.160220225542275,39.42422103881836,39.339395535323085,37.591275038353416,53.58650782394548,0.9918774169206653
2021-05-04,39.27461835116479,39.582618713378906,38.817015415195115,39.582618713378906,39.36255964751888,37.66936694717795,54.663177994871766,-0.3765517879681239
2021-05-05,39.66181584404975,40.26021937323541,39.477015642759085,39.96101760864258,39.41955564381637,37.75923560056872,57.2164716975107,2.714312272250742
2021-05-06,39.873024198757875,40.25142658353145,39.60902003676525,40.189823150634766,39.492914453989556,37.85455275939484,58.729983142833134,1.9419587543976322
2021-05-07,40.26021580074145,40.67381909193532,40.057815118675734,40.48021697998047,39.586943265988694,37.95751998373154,60.63343610373971,2.2676576128051242
2021-05-10,40.87622940818523,40.87622940818523,39.79382375404949,39.811424255371094,39.608322407834635,38.030222112031126,54.409423460037644,-0.3743482078873063
2021-05-11,39.169015182875235,39.89062226275957,38.72901274904088,39.723419189453125,39.619284006084015,38.09662199742022,53.62930373276992,-1.1605026462383778
2021-05-12,39.468211869871105,39.49461429521544,37.65540422527533,37.70820236206055,39.437276230462736,38.0813898548571,39.620384917979706,-6.847825492859449
2021-05-13,37.75221698701891,38.61462151032334,37.71701598028336,38.306617736816406,39.329594469163084,38.09022232081629,44.27534037720137,-3.7798359307672067
2021-05-14,38.61461762316553,39.22181982194208,38.46501503807563,38.96661758422851,39.295025242026455,38.12459076251873,48.94996763288301,-1.905177400805299
2021-05-17,38.72022090887518,39.00182224692895,38.36821755783158,38.887420654296875,39.25620575748078,38.15450566023552,48.425016909774726,3.127219592474602
2021-05-18,39.010623187134335,39.010623187134335,38.14821533465639,38.174617767333984,39.153197377466796,38.15529437031782,43.86534622312509,-0.3445878996400066
2021-05-19,37.479414099956784,38.03381820492768,36.91621142180662,38.007415771484375,39.044075319754185,38.14949520957925,42.84620871336094,-2.46159885617674
2021-05-20,38.174613604584216,38.67621613037666,37.972212879874306,38.45621490478515,38.98808861356666,38.16152343292066,46.443057934071675,-1.108856648902168
2021-05-21,38.6674196634739,38.966621506820566,38.16581706682697,38.306617736816406,38.92318662530473,38.167213405622455,45.417046681197796,0.3457794136589214
2021-05-24,38.53542414043543,38.98422526444325,38.526622209540406,38.72902297973633,38.90469484953631,38.18924515362692,48.85296173869569,1.898595822958712
2021-05-25,38.8874084188317,38.93141134158171,38.34180641763883,38.553009033203125,38.871200962266485,38.20351040380638,47.51087411011832,0.251699572247636
2021-05-26,38.72902211378075,38.755424548922434,38.35062301758168,38.535423278808594,38.8392221352705,38.216526594982945,47.37085098457881,0.5973002982518162
2021-05-27,38.86281296770657,39.09287705725094,38.163780389050906,38.33190155029297,38.79090588908216,38.22105110303432,45.69248754183726,-1.0253845795468166
2021-05-28,38.623898666192005,38.79201979902571,38.35843962688883,38.606201171875,38.77331496363386,38.23615502730258,48.34865568349278,0.1379714320769727
2021-06-01,38.79201876192342,39.039776924833895,38.10183337927178,38.15492248535156,38.714420441892685,38.23296943742215,44.49305395102533,-0.9874052523156696
2021-06-02,38.07529208173477,38.26111411173104,37.80098931801355,37.94256591796875,38.64091048723326,38.221581064110254,42.764829804195855,-1.015696108405671
2021-06-03,37.69479824039747,38.376136572323645,37.39394759221515,38.20801544189453,38.59968238767719,38.221049078925326,45.60887710425982,-1.0314035514857933
2021-06-04,38.45577922430544,38.544266707548346,38.18147646488328,38.41153717041016,38.58176379555652,38.22851920016003,47.752521236809024,0.672559838529669
2021-06-07,38.6681394179631,38.6681394179631,37.508978894947745,37.69479751586914,38.49729081653867,38.20758893803097,41.54300326454958,-0.653009083875036
2021-06-08,37.92486053375909,38.349590245293065,37.809828515389974,38.057586669921875,38.4554142311466,38.20170649614434,45.412315694482906,-0.39370998528155243
2021-06-09,38.19031933340081,38.22571432281273,37.79213414114663,37.83637619018555,38.396458227245546,38.18737981747929,43.520715241736866,-1.497365173575205
2021-06-10,38.07528271418163,38.473467858420136,38.05758522160975,38.08413314819336,38.366712981621525,38.183330928487685,46.22256201028563,1.032863042069167
2021-06-11,38.092984528816054,38.3053510883224,38.01334749093267,38.1903190612793,38.34991356063655,38.183604972910885,47.38431156077502,0.34876723137656157
2021-06-14,37.87176686575482,37.97794844644383,36.41175916106329,36.68606185913086,38.191451493826484,38.124877791978335,35.63873047994935,-3.0402338883422715
2021-06-15,36.756862487903966,36.863044099381376,36.17285856159937,36.29673767089844,38.01100255830953,38.05318602252422,33.335581963732174,-4.69328124219026
2021-06-16,36.234791202350586,36.29673074518154,35.579997409699416,35.70387649536133,37.79127626660018,37.961056237145286,30.14120186362681,-6.510661934843437
2021-06-17,35.57114951406222,35.62423862069687,34.53586805381241,34.792476654052734,37.50567630350042,37.836798214278915,26.01424116062975,-5.1615930113982165
2021-06-18,34.44738974854934,34.765937943701736,34.084599498615205,34.243873596191406,37.19502842661385,37.69589920964803,23.89351869154746,-5.655781225630512
2021-06-21,34.39429494348384,35.04908878673713,34.39429494348384,34.85441970825195,36.97211331057939,37.58446864096584,30.667648795542718,-2.3791724330542565
2021-06-22,35.022545849326214,35.810065884390454,34.90751380895489,35.526912689208984,36.83447515616316,37.503780172269494,37.28876503924055,2.1109047293725802
2021-06-23,35.59769590527651,36.26133677608805,35.41187727155776,36.155155181884766,36.76977801575569,37.4508929177446,42.78574053139146,5.581382551026388
2021-06-24,36.39406951514737,36.482553622223975,35.898549739342386,36.27903747558594,36.72304082145381,37.404937802365836,43.83127800556961,4.0873375005486015
2021-06-25,36.45601512803596,36.60643881017296,36.110922327413064,36.19055938720703,36.6723283039065,37.35731511941843,43.22374635994238,1.8680111717099028
2021-06-28,36.42060719193647,36.47369967142408,36.04011952757112,36.27018356323242,36.63402880479468,37.31468250937192,43.97632223127869,0.31815208859977523
2021-06-29,36.28788166963896,36.57103821591191,36.10206303418501,36.14630508422851,36.58757892664552,37.26886378681728,43.02089289039403,-0.36586525055068386
2021-06-30,36.12861982686204,36.2878905709971,35.96934570727411,36.19055938720703,36.54976754193709,37.22657733977374,43.49320023996834,0.0
2021-07-01,36.27903302071637,36.35867005748724,36.04897234529603,36.349822998046875,36.53072520442374,37.192194816568765,45.25202613863242,0.21957273713713626
2021-07-02,36.44715084764882,36.562182862650616,36.261332237189336,36.45600128173828,36.52360864035846,37.16332448186953,46.44875438986243,0.8567852143894523
2021-07-06,36.27904455136251,36.3852261756543,35.41188730616479,35.76582717895508,36.451438977367665,37.10852066606896,40.28459160294175,-1.1735994564430285
2021-07-07,35.783515449480035,36.12861154646245,35.677333852575046,35.969337463378906,36.405524547463976,37.06384681498308,42.69934080218835,-1.0467328401803022
2021-07-08,35.26144858776621,35.78351284984548,35.05793246871183,35.482662200927734,36.317632895412906,37.0018395752162,38.67198766443852,-2.669900830012634
2021-07-09,35.916249136484105,36.37637394362666,35.82776502472505,36.30558395385742,36.31648537716953,36.974535433202135,47.66128157677052,1.509141036223374
2021-07-12,36.35867517369644,36.58873588148976,36.11976402976546,36.208248138427734,36.30617706871793,36.94448495105412,46.78771237396745,0.6642064933558139
2021-07-13,35.95164061335231,36.04012471645283,35.53575790278512,35.8985481262207,36.26735526467058,36.903467820668496,44.022913077131484,1.1720820803634484
2021-07-14,36.172865916723985,36.50026125436349,35.84546720363123,36.066680908203125,36.248243421197486,36.87065264763064,45.89224812521052,-0.6580338880044753
2021-07-15,35.71272948443832,36.11976175942416,35.695031988727784,35.8985481262207,36.21493910739017,36.832530901693,44.2990989930926,-0.8553300094028777
2021-07-16,36.14630819363223,36.14630819363223,35.21721156098699,35.23490905761719,36.1216029121737,36.76987906467042,38.60271590454898,-1.8486515562415913
2021-07-19,34.518177792761065,34.8898184943369,34.30581457081992,34.801334381103516,35.995863052071776,36.69268123394231,35.3999608584332,-3.508353126033881
2021-07-20,35.01369761526533,35.695036088848376,34.907516004257694,35.491519927978516,35.947830373586704,36.645576869002554,43.443951503097516,-1.1338291365184474
2021-07-21,35.70387749947979,36.181699736572575,35.615393400219055,36.155155181884766,35.96757559342461,36.62634464597833,49.90339814557215,2.6117454220266723
2021-07-22,36.19939556523409,36.217093059362014,35.68618173733178,35.77466583251953,35.949203235243175,36.59294547682308,46.616023366700055,2.7968222159450207
2021-07-23,36.12860500332189,36.55333468947247,35.96933094908398,36.47369766235352,35.99915508544416,36.588269091941925,52.7715087125602,2.767358896908614
2021-07-26,36.43830821123037,36.756856368078545,36.28788119251783,36.33212661743164,36.030866659919155,36.57822428901996,51.476936610843275,0.48947773742524286
2021-07-27,35.56230544149319,36.18170434150677,34.703998767978845,35.85430908203125,36.01405165250126,36.54983545737334,47.26271180317031,0.2226247196397911
2021-07-28,35.960491017855006,36.36752333069539,35.84545897276447,36.1374626159668,36.02580507759321,36.533663973396614,49.881197905208076,-0.9218562085460621
2021-07-29,36.50025273965868,37.19928869314498,36.42061568957223,37.00461959838867,36.11902550814516,36.55213282143552,56.933521936867784,1.8509595874698361
2021-07-30,36.836488628739495,37.23467377314583,36.774549092437574,37.04000473022461,36.206737815009866,36.57126505315274,57.198189968438335,3.306982280653074
2021-08-02,37.26122433305474,37.659409541672645,36.34097482323829,36.36751937866211,36.22205034488151,36.56327502670213,50.80764507135857,0.6366157058123537
2021-08-03,36.50024848132514,37.05770776689378,36.09321621746007,36.898433685302734,36.286467805874004,36.57641850351,55.075100572633026,-0.2869531270375801
2021-08-04,36.73030789142605,36.969219005506744,36.5710371908242,36.80109786987305,36.33548019292153,36.58522945905365,54.147664374752836,-0.6449968408254946
2021-08-05,36.69491504561248,36.80109663426595,36.110911244840615,36.181697845458984,36.32083425506796,36.56940468989308,48.54544096572536,-0.5109546550820069
2021-08-06,36.29673562254238,36.45600971849636,36.04897741792613,36.208248138427734,36.31011176776889,36.555241687874826,48.7900193603873,-1.8705009344337358
2021-08-09,36.24364566228401,36.26134316034242,35.84546039460128,36.05782699584961,36.28608464663372,36.535735229364036,47.41492178336153,-2.01969755535992
2021-08-10,36.19055401705718,36.24364313207359,35.88970332197214,36.208248138427734,36.27867164585219,36.52289259834693,48.96396708422294,0.07338045075207054
2021-08-11,36.27904082816391,36.30558538764943,35.89855305675915,36.225948333740234,36.27365037803201,36.5112477252251,49.153774933700326,0.04888442888711542
2021-08-12,36.18169451250366,36.261331540520786,35.53575122989875,35.71272277832031,36.22022870186899,36.47993302142491,44.03938957038071,-0.9570854548972673
2021-08-13,35.67733842462952,35.7658225374809,35.500366823474195,35.66849136352539,36.167682288693406,36.44811177993866,43.61816739392081,-1.4907011596882564
2021-08-16,35.54460779312224,35.75697438310601,35.376486633663895,35.73927688598633,36.12688177414987,36.420314333117,44.532505418349686,-1.3434332850870565
2021-08-17,35.394177677585404,35.86314945166883,35.279145655006744,35.72157287597656,36.0882809267048,36.39291270734679,44.33883479204561,0.024781357924416002
2021-08-18,35.60655056195117,36.332131063359725,35.48266808266593,35.9162483215332,36.071896869069406,36.374219986334495,47.06500948204883,0.6946101405936357
2021-08-19,35.5092099500512,36.287879434112455,35.45611746799854,36.181697845458984,36.082354104916035,36.36667009845703,50.616714013616686,1.2379124538083008
2021-08-20,35.925092977401064,36.42945979521518,35.48266570735695,35.54460525512695,36.031139928745645,36.3344322614637,43.13605732402591,-0.49540825501730207
2021-08-23,35.70387696786717,35.9516385179218,35.24375560801992,35.7569694519043,36.005028454760755,36.31178666108882,46.00086835959633,-0.443473015897967
2021-08-24,35.95163787414556,36.05781946486649,35.70387632852753,35.8277587890625,35.988145629456156,36.29280517591132,46.96012048755455,-0.9782267761680117
2021-08-25,35.756968414195164,36.20824270133237,35.730423860672936,36.11975860595703,36.00068019864671,36.286019035913114,50.839495325818696,1.6181171423956608
2021-08-26,36.27018794597507,36.402914097554664,35.54460414044115,35.56230163574219,35.958929859322474,36.25763796139661,44.193885278038486,-0.5444192255273524
2021-08-27,35.56230717657193,36.19940360486429,35.56230717657193,36.05782699584961,35.96834863422982,36.24980223725751,50.40044098416483,0.6421507081747592
2021-08-30,36.26254995926814,36.26254995926814,35.63948143713221,35.657283782958984,35.93872341029926,36.226566219441885,45.95168592677143,-1.2803928953217685
2021-08-31,35.7284908370292,35.94211559787521,35.434760610747624,35.59497833251953,35.90598578384405,36.201798067013556,45.28212165438524,0.09188577587593982
2021-09-01,35.58607270946052,35.60387505444175,34.76718521302441,34.85619354248047,35.806005570380854,36.14902926212991,38.17841105192317,-3.3325176625520254
2021-09-02,35.03421949649987,35.283445577305855,34.70488454751331,35.247840881347656,35.75284702856817,36.11368854131492,43.26010965231564,-1.148272830043789
2021-09-03,35.283437718864455,35.48815958185172,35.149925231933594,35.149925231933594,35.69542590507916,36.07589390173134,42.32342974100108,-1.2503255274616574
2021-09-07,34.909604571180964,35.30124601922266,34.71378214943486,35.20333480834961,35.64856008634301,36.041675898069315,43.04780855243121,0.9959241976496009
2021-09-08,35.11431902018007,35.16772265445508,34.49125058852324,34.69597244262695,35.55783745360815,35.988903213542166,38.14657236369056,-1.5656801237228097
2021-09-09,34.60696088701912,34.89179156136089,34.295425002586306,34.366634368896484,35.44438954077847,35.92528482747763,35.33428757449068,-2.228428248050702
2021-09-10,34.5001557583668,34.73158286326623,34.242030227371764,34.56246566772461,35.36039679096381,35.87184093885987,38.249492922647626,-1.8204784976024406
2021-09-13,34.86508854051748,35.12321741642609,34.42004015948183,34.66926956176758,35.29457515008798,35.82468127701311,39.842345729673745,-0.07696248002136478
2021-09-14,34.82948608920907,34.82948608920907,33.930486488041794,34.05509948730469,35.17652984887052,35.755285912710825,34.354466196233,-0.9065039021503701
2021-09-15,34.108510349689745,34.553558765938774,33.7969778164954,34.393341064453125,35.101940440830774,35.70187631081837,39.31220930693471,-0.4893302604548194
2021-09-16,34.3043293825215,34.70487359704023,34.27762417125384,34.57135772705078,35.05140875380411,35.65754224870984,41.803333018774296,-0.2824167799161585
2021-09-17,34.33993890740796,34.446749581184555,34.03730583549921,34.17081832885742,34.96754299904728,35.599239349892095,38.021578134245054,0.339798865059469
2021-09-20,33.62785826791364,33.859285352853206,33.26291869130899,33.814781188964844,34.85775615999181,35.529260598483184,34.99133340171239,-1.6821857300925198
2021-09-21,33.93048699412571,34.010595837053785,33.18280559194688,33.209510803222656,34.70078041172808,35.43829001827689,30.535836079084355,-3.939234711521125
2021-09-22,33.45873702228495,33.54774533924866,33.04929333153245,33.21841049194336,34.559602324129536,35.35123591920499,30.67561182378196,-2.7871964544371166
2021-09-23,33.43204642697803,33.75247851286279,33.40534120656622,33.63676834106445,34.47171337336143,35.284001896532814,37.08455020085751,-0.5264350134505189
2021-09-24,33.52994749529768,34.3755402017001,33.432039691681695,34.17081832885742,34.44305670245629,35.240347638976914,44.17896542032595,2.894675357703493
2021-09-27,34.13521342821328,34.54466056681898,34.06400744461886,34.25092697143555,34.424758632835264,35.2015468284851,45.17758393845241,3.108265760466201
2021-09-28,34.206422579611996,34.32213612206419,33.40533404794308,33.47654342651367,34.3344524227094,35.13389963625092,38.084826032313316,-0.4763386093638948
2021-09-29,33.512144238879294,33.71686608541102,32.90687817285088,33.049293518066406,34.21205633655292,35.05215037671428,34.835284838686306,-3.2821128250355143
2021-09-30,33.19170618522566,33.35192386009726,32.470726648303476,32.47962951660156,34.04706330608136,34.95126720572947,31.033228787926774,-5.171531434203822
2021-10-01,32.737762869517795,33.120504807850565,32.23931077900086,32.9157829284668,33.939322317737115,34.871444292895646,36.72727357807206,-1.6750848225350188
2021-10-04,32.773370129089756,33.18281391994845,32.33722451570347,32.54194641113281,33.80623889806051,34.7800914347873,34.126514905866266,-1.535122397264717
2021-10-05,32.49742581431283,33.12049412188299,32.36391335976508,32.844566345214844,33.714651035884735,34.70418849009819,37.95659190318715,1.1235867959231132
2021-10-06,32.59534986350776,32.7822728064474,32.0167888743102,32.372825622558594,33.58685813937748,34.61276249529271,34.58117706871489,-1.649534835881523
2021-10-07,32.72886550606047,33.173913984420636,32.57754725778379,32.88018035888672,33.51955549361646,34.544818097786596,40.69004292119529,1.0393783564163028
2021-10-08,33.12940724925116,33.54775047759578,32.96918953781699,33.07600021362305,33.47731213361708,34.48721739644685,42.906081918198154,0.7046336553075573
2021-10-11,33.06710244952251,33.476546224170754,32.835675345277615,32.86237716674805,33.41874689867718,34.42349817175278,41.101870448719396,1.5122298865636101
2021-10-12,32.85348072743062,32.96919429024627,32.34612569990515,32.41733169555664,33.323374022189505,34.34482497660784,37.558490856775514,-1.4076828602461766
2021-10-13,32.50633770372484,32.86237441011604,32.24820879966243,32.80006790161133,33.2735353440392,34.28424626778445,42.175372902693546,-0.8342372421985601
2021-10-14,33.129409128298704,33.725772447111645,33.02259505098416,33.547752380371094,33.299651252261285,34.25536415455255,49.95935437547039,2.085592317760101
2021-10-15,33.73467445270368,34.055106490077655,33.601158557210155,33.779178619384766,33.345320525320666,34.23669021199695,52.10831276431649,4.20098401872721
2021-10-18,33.55664911549778,33.83257694281542,33.316322578658394,33.66345977783203,33.37561950175032,34.21421058712774,50.930545198621886,2.632286856266808
2021-10-19,33.8770881239031,33.99279827237925,33.574455052022984,33.74357223510742,33.4106626192129,34.19575418116616,51.74372582895472,0.5837048411353573
2021-10-20,33.83258224522111,34.27763070272202,33.699069745241,34.11741638183594,33.477972501367475,34.19268211060419,55.453635020469584,1.0013202696914254
2021-10-21,33.93939358663426,34.25982899350256,33.814780571841034,34.233123779296875,33.54989167069409,34.19426805839606,56.566617600839365,1.6922324836022271
2021-10-22,34.21531993513876,34.40224284458478,33.76137205894092,34.02840042114258,33.595463932641564,34.18776344517044,53.99604993043532,0.8440961260729113
2021-10-25,34.17971487550648,34.62476322859667,33.97498964508945,34.366634368896484,33.668908736094416,34.19477799119891,57.437419118365916,0.7304714526778474
2021-10-26,32.5330443846001,32.871282192349575,32.07019354121939,32.559749603271484,33.56327453296842,34.130659230888035,40.155857283236216,-4.888172598018634
2021-10-27,32.47072818141201,32.66655054782293,31.367010141794847,31.50052261352539,33.36682196921194,34.02751661844244,33.74593450878288,-7.428729462248136
2021-10-28,31.634038940688452,31.99897846811104,31.491623598168648,31.723047256469727,33.21027199656982,33.9371452709141,36.05524629467928,-7.69230726538452
2021-10-29,31.61624145599923,32.052387023966844,31.518330256326873,31.66074562072754,33.06269805601342,33.847874696396985,35.680269677001775,-2.7610899761146097
2021-11-01,31.66965428612395,32.56865080176224,31.625146717801147,32.43513488769531,33.00293013522122,33.79247313527143,43.54021460250111,2.966973867819663
2021-11-02,32.48853598809848,32.96028624603915,32.33722114892887,32.897979736328125,32.99293485913616,33.75739496276385,47.65732044915197,3.703718846299603
2021-11-03,32.81787130056389,33.14720959375497,32.70216114988069,32.98699188232422,32.99236886134455,33.72718307725641,48.43606917115892,4.188929336927611
2021-11-04,32.99589457919858,33.05820109578909,32.41733018748607,32.639854431152344,32.958796058469105,33.68454273819351,45.58751676570505,0.6311659999745962
2021-11-05,32.88907821783617,34.31323177337729,32.835671186209666,34.126312255859375,33.06998807726818,33.701867033003936,57.196000090874314,3.733762770164406
2021-11-08,34.31323326586412,34.553559825461775,33.957196559217635,34.242027282714844,33.18161085873929,33.72304978789456,57.94811509906331,3.8046373093604946
2021-11-09,34.27762237985814,34.66036423201235,33.9927917078526,34.01949691772461,33.26140953102361,33.73467516553495,55.91341628520938,4.226864704566507
2021-11-10,33.96575630660879,34.2882165806561,33.73287022918919,33.92097091674805,33.324224901092606,33.7419808812688,54.99272857636526,-0.6017097234878395
2021-11-11,34.028460029671365,34.55693583179845,33.87618560351294,34.270301818847656,33.41432746468833,33.76269934940915,57.65509779960272,0.08257261142679279
2021-11-12,34.404661291867455,35.183938008729996,34.28821654482623,35.04062271118164,33.56921272625912,33.812813991047285,62.87088171280295,3.0015899292297035
2021-11-15,35.14810762062586,35.14810762062586,34.57484308082763,34.6644172668457,33.673517920600695,33.84621019794134,59.04576002080887,2.191701269171482
2021-11-16,34.664421926220435,34.97792307715802,34.547977177198064,34.61963653564453,33.763624455366774,33.87654064255715,58.588817862719765,1.0193511532038835
2021-11-17,34.51214282033564,34.65545810089791,34.05532643132649,34.216556549072266,33.80676084524349,33.889874599675395,54.500385444345305,-2.3517451984276847
2021-11-18,34.315089159202294,34.38674509669798,33.88514328350991,34.333003997802734,33.85687924072532,33.90725222313137,55.467205089430195,-0.9560618500860949
2021-11-19,34.32404685178435,34.32404685178435,33.71495597182713,33.723915100097656,33.84421598923697,33.90006253203201,49.53781547081661,-2.5873218935289404
2021-11-22,33.84931586163289,35.11228302341181,33.77765650245657,34.673377990722656,33.92318379890227,33.930388628451254,57.21567834655334,1.3350888801309748
2021-11-23,34.879393309836864,35.37204285889754,34.67337777882344,35.31829833984375,34.05605185042051,33.98481646027057,61.500583560644706,2.869816873886343
2021-11-24,35.21081264763907,35.372042787569015,34.915222918798726,34.96896743774414,34.14299619207038,34.023410616249926,58.10595086665946,3.691897378910431
2021-11-26,34.15386134403609,34.547977569245205,33.75078599046637,34.0015869140625,34.129528641783914,34.022554784791595,49.89301682300906,-1.9374837860905947
2021-11-29,34.32405097094699,34.82565629019853,34.06429089042887,34.4494514465332,34.15999748033146,34.03929583035009,53.19165743001447,-2.4600474375923476
2021-11-30,34.21655655172567,34.28821248355945,33.123775401787526,33.22230529785156,34.07069346295243,34.00725698593838,44.539633941645285,-4.994891950991092
2021-12-01,33.87618660479229,34.40466242253955,32.98942423985255,33.0073356628418,33.96942129151332,33.968044385032634,43.213583743356,-2.924131905177335
2021-12-02,33.204397286013645,33.84035876072678,33.06108197598101,33.61642837524414,33.9358029185353,33.954255521903676,47.94275927416365,-2.4181025714790976
2021-12-03,33.616427117184664,33.88514630323252,33.02525105831089,33.258140563964844,33.87126364667145,33.926956896102155,45.54022570245077,0.10786507977698545
2021-12-06,33.58955290552608,34.05532844917809,33.07899197471456,33.73286819458008,33.858083127424656,33.91934557447384,49.17455900783243,2.198094808830795
2021-12-07,34.01949693599767,34.61067289854149,33.97471155125611,34.24342727661133,33.89478257020434,33.93205466083217,52.82111408712561,1.8651562098397192
2021-12-08,34.243432018163446,34.50319206930063,34.0911610055766,34.32404708862305,33.93566490529184,33.9474269129024,53.38978780974028,3.20494924425544
2021-12-09,34.22551825662926,34.45840776391884,33.61642735328075,33.634342193603516,33.90696750417867,33.93514908077304,48.05341738394381,-0.29207715278830887
2021-12-10,33.894099168284775,34.18968546444368,33.53580922824952,33.68808364868164,33.88612142270276,33.92546024029887,48.485481515934836,-1.621752470755151
2021-12-13,33.57163314187074,33.60746281310405,32.67591186247108,33.07898712158203,33.809251489262685,33.89226521603546,44.01687770819077,-3.6273693595231657
2021-12-14,33.03420385299956,33.4104051742848,32.864014612213225,32.94462966918945,33.72690655401762,33.85510303772777,43.07382939556006,-2.0506199302010732
2021-12-15,32.989422945424366,33.392494868087006,32.80131884235478,33.320838928222656,33.68823344679905,33.83415150402169,46.52837174490206,-1.090132416817827
2021-12-16,33.47310739239485,33.76869709125234,33.21335078610589,33.23126220703125,33.64471237634498,33.810508786492655,45.81545159789391,0.46033781170363736
2021-12-17,33.04316245295516,33.24917796837836,32.63113142210874,32.864017486572266,33.57036048208091,33.77339148061343,42.912424008186726,-0.2446899037161671
2021-12-20,32.40720776901107,32.44303745307716,31.68167204275319,32.335548400878906,33.45275933149024,33.71700547748658,39.07542560884757,-2.956979953194431
2021-12-21,32.55051830535636,32.58634798415759,32.03099821345726,32.478858947753906,33.36000691399154,33.66845071161471,40.625845245764154,-2.264142886267336
2021-12-22,32.496771481958405,32.78340205822328,32.40720070821537,32.58634567260742,33.28632489100258,33.626015219888934,41.82170191247013,-0.8449113504710621
2021-12-23,32.73861399192013,33.15960411125039,32.6579989353868,32.91775894165039,33.25122337201665,33.598240463879584,45.4686350674662,1.8005278078279303
2021-12-27,33.00733462702538,33.482069327094415,32.95359352593147,33.47311019897461,33.272355450774555,33.593333394667624,51.01045885611997,3.0612259279800256
2021-12-28,33.491022241592724,33.57163730340795,33.17752112170347,33.45519256591797,33.28976850935964,33.58791610726568,50.830972135783604,2.666291280525244
2021-12-29,33.41041005407167,33.89410046657486,33.41041005407167,33.5985107421875,33.319172531533724,33.588331583144964,52.27741851363851,2.0680381120227582
2021-12-30,33.67912281727069,33.91201229158504,33.28500663669261,33.32979202270508,33.32018391164528,33.57819277685321,49.34621549647056,-0.42815912658729144
2021-12-31,33.293961329348875,33.50893595930537,33.222305397300595,33.34770584106445,33.32280504778044,33.569154073488946,49.54929865141534,-0.3212856259659264
2022-01-03,33.49998229840404,33.679123847936125,33.08794785052457,33.3118782043457,33.321764396024754,33.55906482371862,49.12508949649179,-0.8531108418501738
2022-01-04,33.51788814674305,34.44943908380549,33.4372765130007,34.046363830566406,33.3907738659811,33.578174588693045,57.21249643225551,2.149943832152273
2022-01-05,34.36883239734827,35.067497478628866,34.180731705694626,34.198646545410156,33.467714121164825,33.6025068222898,58.67914782949541,2.551721873766358
2022-01-06,34.22551496620007,34.58380490439677,33.82243963995532,34.333003997802734,33.55012268084462,33.63115377034913,59.98248244292218,3.065350405021054
2022-01-07,34.28821527998952,34.709205445904644,33.867228530980505,34.01054382324219,33.59397231345392,33.646031811639055,55.46107205651003,-0.10520949462467998
2022-01-10,33.95679778601811,34.12698362017127,33.285006742968235,33.67912292480469,33.60208189548732,33.64732950235143,51.19012515290387,-1.519135033357613
2022-01-11,33.786611618644756,34.08219789788039,33.3297918004089,34.0732421875,33.646954304250436,33.66403196059255,55.5716800521486,-0.7565950544827327
2022-01-12,34.27925236654769,34.65545364834944,33.831391745218724,34.18967819213867,33.69864229357312,33.684645538300245,56.805338549360165,0.5267024538845133
2022-01-13,34.10011570886695,34.50319104924842,34.01950064079065,34.1180305480957,33.738584032099084,33.70164102888046,55.7789664695054,1.3032038401681774
2022-01-14,32.99837495839905,33.78661071000553,32.81027429331633,33.22230529785156,33.68941462883742,33.68284354923227,44.8650339568873,-2.4973757559255967
2022-01-18,33.29397356570651,33.29397356570651,32.684885960271004,32.82820129394531,33.607394311228646,33.64932816667199,41.058460814144446,-3.982128438127293
2022-01-19,32.93567968181618,33.01629475279923,32.20118833148456,32.21014404296875,33.47432285710865,33.592889573585595,35.91241828303649,-5.5920182802973715
2022-01-20,32.26388733667178,32.59530331949546,31.395036428746423,31.46669578552246,33.28312027886235,33.5095094250341,30.896139653210138,-5.284430133879464
2022-01-21,31.46669000908598,31.98620658271821,31.251715395127615,31.403989791870117,33.104155470577375,33.42694002765513,30.509052541774835,-4.338378119844996
2022-01-24,30.911350565891148,31.735416205440774,30.391833820509017,31.645845413208008,32.96526879844696,33.35709318002975,33.94647045432677,-1.7519283024874415
2022-01-25,31.08153929346771,31.860816105920456,30.678463901886417,31.61897087097168,32.83704994821122,33.288931520851,33.746712012829974,0.4839246118725917
2022-01-26,36.36629557046522,36.832071212202365,34.85252729749955,35.14811706542969,33.0571515784225,33.361840757893304,63.83934018144601,11.92245730040599
2022-01-27,36.02591797834485,37.33367048131086,35.83781387612976,36.33046340942383,33.36889556232739,33.47825733246313,68.93080181032998,14.803263856748172
2022-01-28,36.42898653133464,37.74569804058004,36.42898653133464,37.727783203125,33.784027718593826,33.64490540582242,73.65234418671443,19.320085897424374
2022-01-31,37.29784178652495,37.97859202307735,37.05599657750551,37.656131744384766,34.152799530573915,33.80220839949153,73.03939437112771,7.135559137595633
2022-02-01,37.77257537841797,37.87110529367977,37.414288815628176,37.77257537841797,34.497540087511446,33.95790906533178,73.42644115500157,3.9694290511583965
2022-02-02,38.095026572069635,38.37270141081541,37.772566350792125,38.28313064575195,34.85807252162959,34.12752559789728,75.11342398386962,1.4719853526431248
2022-02-03,38.46227327842587,38.67724790440848,38.06815711718112,38.16668701171875,35.17317866354284,34.28592408471381,73.9601920904802,1.3558356731905097
2022-02-04,38.02337870235169,38.37270954380682,37.441158355322216,37.790489196777344,35.4224463333747,34.42335801067709,70.20975615482993,0.047425461938743994
2022-02-07,38.22043672373412,38.31001092846873,37.71883484484641,37.7994499206543,35.64882762740133,34.55575377185267,70.2484556005831,-1.2634304377385797
2022-02-08,38.13085624485728,38.37270141081541,37.897970205548894,38.28313064575195,35.89971362914901,34.70192541396637,72.33738735574101,0.3050923282847424
2022-02-09,38.65933403479507,38.677248872150685,38.30104412149454,38.47123336791992,36.14462027093672,34.84974141216063,73.12759682016636,1.8013637441894503
2022-02-10,38.0592041015625,38.93701067073268,37.871100009171315,38.0592041015625,36.32696158813918,34.975602694097965,68.51094962866193,0.6871903730172242
2022-02-11,38.14877332472004,38.42644817979544,37.2888816286816,37.50385284423828,36.43904646967243,35.074749758809354,62.75984067431322,-2.0355644597737297
2022-02-14,37.763617397294325,37.84423246703645,36.751451169844565,36.98434066772461,36.4909792504393,35.14963567680603,57.86622961344794,-3.8649467927773546
2022-02-15,37.45907108668179,37.817361036514896,37.28888523980947,37.7009162902832,36.606211349472055,35.24968589694239,62.239770796547845,-0.9413959638335884
2022-02-16,37.58446315152585,38.014408945175944,37.414277342655645,37.96962356567383,36.73606013196746,35.35635011924558,63.758939057031185,1.241927658392845
2022-02-17,37.34262148307858,37.62925203889889,36.99329070672919,37.04703521728515,36.76567680675962,35.42265149563929,55.50242973367069,0.16951647218427196
2022-02-18,36.984335950811406,37.70091235884713,36.9574619863873,37.35158157348633,36.821477260733595,35.49829581241761,57.460713917975454,-0.9265947652495394
2022-02-22,37.038084944661584,37.51281969246409,36.491697666133504,36.832069396972656,36.82248603561351,35.55060065887075,53.162648378201794,-2.995958510712152
2022-02-23,36.84998035515469,37.05599588113537,35.95425889424415,36.034873962402344,36.74747536197435,35.56959176881317,47.31412075936737,-2.732097855999441
2022-02-24,35.16602691440899,36.393167910813304,34.753995817191736,36.28567886352539,36.70349474307445,35.59767361566463,49.20732270458197,-2.853701677568477
2022-02-25,36.37585040023198,37.15134007370561,36.1053316266519,37.06116485595703,36.73755856334898,35.65506542900943,54.63535975036686,0.6219999656147615
2022-02-28,36.42093910111824,36.8447540576757,36.06024852177481,36.42995834350586,36.708263304316304,35.68545338644066,49.95575255183184,1.0963945135918451
2022-03-01,36.18649553227855,36.38487417513059,34.446153006446174,34.77979278564453,36.52459944539518,35.64993728444866,40.24976602603282,-4.150083793511677
2022-03-02,35.10441379352307,36.123371532317805,34.8879966816301,35.91597366333008,36.466635085198504,35.660370083620485,47.773746980074144,-3.0900032340534507
2022-03-03,35.843823726916945,36.11434246330456,35.46509818394075,35.744632720947266,36.39787295526982,35.663674500770554,46.816324218168965,-1.8812144007866054
2022-03-04,35.19458047456938,35.483134288650014,34.80683564192988,35.03226852416992,36.267815390403165,35.63891348208033,42.961378498900416,0.7259265173931708
2022-03-07,35.00522442367321,35.00522442367321,33.60754097245307,33.62557601928711,36.01617354553497,35.55995907177472,36.55955584352049,-6.377100243787757
2022-03-08,33.625574732660105,34.274819194675935,32.723843064462194,33.33702087402344,35.76101614824815,35.47278502480408,35.39442519266806,-6.735589831680957
2022-03-09,34.34695511413085,34.41007604787983,33.89608933601931,33.932159423828125,35.58683931735101,35.412368334569734,39.66528141201077,-3.1402736582211204
2022-03-10,33.35505341701522,33.51736194046363,32.94025426649973,33.373085021972656,35.37600557493402,35.33239643995809,37.178846601109555,-0.7508897309881865
2022-03-11,33.69771105796947,33.82395293957252,32.804998643871734,32.859100341796875,35.13630031463524,35.23540443610863,35.006258092135035,-1.4336030025975215
2022-03-14,33.318981936216474,33.49030969482296,32.26395421893901,32.65169906616211,34.89967162430447,35.134082656895046,34.13933113863592,-3.7735893600890016
2022-03-15,32.92221027379453,33.23781831209979,32.64267575509895,32.99435043334961,34.718212463261146,35.05017158930503,36.91880415544106,-1.134850399277412
2022-03-16,33.237816868872414,34.2026691021176,32.93122808374007,33.64359664916992,34.61586810001436,34.99501178773111,41.92032564690715,2.3874552230974055
2022-03-17,33.44522440586711,34.00429702174676,33.120600487023125,33.99528121948242,34.55676458758275,34.95580666740763,44.48787412238266,4.114892001784694
2022-03-18,34.05839967171329,34.31990263614237,33.59851467360245,34.28383255004883,34.53077106019857,34.9294547412367,46.57474478925514,3.9081906440438736
2022-03-21,34.29284704614323,34.61747092896137,33.86903559009298,34.08544921875,34.48835945625108,34.896356485452905,45.31349242916572,1.3133333340892368
2022-03-22,34.35597819185558,34.66256712349218,34.14858030278282,34.57239532470703,34.496362872294505,34.88365212620797,48.96663102522814,1.697630037235491
2022-03-23,34.446146578856904,34.671579470812986,33.77886370514038,33.86001968383789,34.43575875910816,34.843509677487575,44.303896097586026,-1.2361887067096118
2022-03-24,34.04937634364236,34.734694137836385,33.88706785536727,34.581398010253906,34.44962916397918,34.83323078857645,49.543476821497045,1.4550161516753335
2022-03-25,34.716656119994454,34.906018873271094,34.4190831307037,34.599430084228516,34.46389591828864,34.824062133503986,49.67093211592084,0.07819753091323726
2022-03-28,34.49123335844634,34.500249160830506,33.769848773556554,34.2207145690918,34.440735789793706,34.80040144470351,46.98642205827537,1.0652530288577287
2022-03-29,34.58139883399485,34.73469496522889,34.36498521791814,34.55434799194336,34.45155599952224,34.79075228969331,49.572101782488936,-0.07822129776976089
2022-03-30,34.410076030477484,34.51828285401632,33.598516254353974,33.8870735168457,34.39779576307686,34.755313906444385,44.85949073207864,-2.058867922531263
2022-03-31,33.65261916922769,33.77886102834583,33.273893591873254,33.28290939331055,34.2916161088134,34.697572552988156,41.05396650065955,-2.740460529799331
2022-04-01,33.60753619707373,33.60753619707373,32.39019650750191,32.78696060180664,34.148315584336565,34.622646594118294,38.18994807397251,-5.114804627622551
2022-04-04,32.768917594488194,33.06648715307255,32.48036383593216,32.99435043334961,34.038414141385424,34.5587918427156,40.072647884757785,-2.6344059573403693
2022-04-05,32.759910560379474,32.868117388834015,32.03852253112774,32.164764404296875,33.859971309281754,34.464908413758,35.42445821248403,-3.359516969506293
2022-04-06,31.75898465101067,31.82210558106308,31.27204881360691,31.488462448120117,33.634113322504454,34.348185042556516,32.15040217411479,-3.960410266314753
2022-04-07,31.1638408082024,31.281063422497542,30.433437079944017,31.028579711914062,33.385967264352985,34.21800444135485,30.11233509989272,-5.957900960670559
2022-04-08,31.037594149647383,31.127769356489218,30.613782716904247,30.74002456665039,33.13397272171464,34.08161307371938,28.87545582935066,-4.429504969282952
2022-04-11,30.631829427917545,30.947434172517163,30.28015458683976,30.36130714416504,32.86990933337658,33.93571872354078,27.29102298320382,-3.5795819049982547
2022-04-12,30.523608655800032,30.830197490905572,30.226039061633433,30.253089904785156,32.620688435415495,33.79130190711899,26.837855594222873,-2.4992758751092334
2022-04-13,30.226042287502676,30.568701243269096,30.226042287502676,30.54164695739746,32.422684485128066,33.663864458110304,30.16763534854571,-0.6453397876205603
2022-04-14,30.60476829630215,30.71297856155457,30.3071986664404,30.379335403442383,32.22807981068181,33.53505939714294,29.35823851279152,0.059379061618592056
2022-04-18,30.415405089439545,30.76707984727457,30.26211237544291,30.54164695739746,32.06746715798806,33.41767067401567,31.342029342829935,0.9538101844157855
2022-04-19,30.64985837500324,31.35320791715022,30.61378828570518,31.299102783203125,31.994289598484734,33.33458958025832,39.83347860946646,2.480075245654693
2022-04-20,31.56059636473745,31.83111507418308,31.19990245892193,31.263023376464844,31.9246451963876,33.25335168991348,39.582359767941995,2.908845638941553
2022-04-21,31.740949966147404,31.912277715388708,31.109737218671576,31.235979080200195,31.859057947226894,33.17423903855217,39.38194523582163,2.273394502173567
2022-04-22,31.091704825781388,31.199911653481603,30.379336043769506,30.478527069091797,31.72757881597593,33.068524843671376,34.164408090132014,-2.621722800794455
2022-04-25,30.280148332998017,31.06465385028652,29.94650516923382,31.037599563598633,31.661866506225714,32.98888071504108,40.43694253587063,-0.7210557026161216
2022-04-26,32.642687472737805,33.13863920829666,31.76800664322792,32.011474609375,31.695162516049454,32.95055106383849,49.46852904103883,2.482699604784837
2022-04-27,32.08361648450762,32.70581013754015,31.42534929701641,32.52546310424805,31.77423876254456,32.93388094777612,53.477942301174394,6.715993953763084
2022-04-28,32.913192689782754,33.09353963906302,32.20984337140485,32.823020935058594,31.874122778974467,32.929533496297,55.67080478788824,5.752446698725794
2022-04-29,32.579555661458585,33.066487991472975,31.6597892428035,31.73192596435547,31.86058022520123,32.88256849504439,46.934622880253464,-0.8732763748960868
2022-05-02,31.731932010184728,32.453320002142526,31.560604254002833,32.426265716552734,31.914455033901373,32.86467426843687,52.087364749053194,-0.30498378263630826
2022-05-03,32.498407160596756,32.8500819284994,32.30002511107916,32.57956314086914,31.977798663136397,32.8534934399048,53.16857952883023,-0.7417287844136657
2022-05-04,32.69678178475279,33.64360258579683,32.43528227115736,33.6075325012207,32.133011409620615,32.8830635991721,59.73098314497401,5.910786943635588
2022-05-05,33.16568327037671,33.29192512924648,32.42626371999723,32.940250396728516,32.2098913131547,32.885306218684114,54.40188692852191,1.5850874863873268
2022-05-06,32.814008582545895,33.38210038806615,32.31805694781098,33.237823486328125,32.30778961536169,32.89913042525839,56.275366392542026,2.020470141397432
2022-05-09,32.69678791080076,33.11158708147751,32.11066440586968,32.24592208862305,32.301897469958014,32.873514412057006,49.042155214618774,-4.051503669744869
2022-05-10,32.669727670300844,32.832039594809935,31.840136447105277,32.46232986450195,32.31717674562886,32.85738952783916,50.535951968925524,-1.4508709753889044
2022-05-11,32.05654708438937,32.525447774008164,31.407302886313452,31.452388763427734,32.23481598541923,32.80229145864656,44.046607959583255,-5.37169566363093
2022-05-12,31.299096151826166,31.77701613418539,31.10071758238362,31.749961853027344,32.188639401381906,32.76102363097522,46.23721459079893,-1.5380556779633447
2022-05-13,32.01146867128967,32.21886650623922,31.596673001390563,32.04753875732422,32.17520124480498,32.73304383200851,48.41229077064565,-1.2777613588090444
2022-05-16,31.858179518203492,32.03852308882261,31.19089661148015,31.74095344543457,32.13384431153161,32.69413832665267,46.3325201411695,0.9174650745204247
2022-05-17,32.23690294312979,32.759908893746505,32.16476276794147,32.723838806152344,32.19003426340025,32.69530305133893,53.26430004573332,3.067332671557655
2022-05-18,32.30904164047977,32.30904164047977,30.49655937985545,30.712976455688477,32.04936209123722,32.61756475347029,41.464510425238295,-4.164320735334904
2022-05-19,30.415404592667265,30.794133630188178,29.9374879746801,30.22604179382324,31.875712539102555,32.52377953936649,39.199887538867145,-4.772735180169036
2022-05-20,30.67690531858637,30.70395616220132,29.071824387224176,29.874364852905273,31.685107997559957,32.41988092421115,37.60255763721657,-8.707639620542766
2022-05-23,29.657949814717927,30.6678881768582,29.64893401283997,30.442455291748047,31.566760120815964,32.34233482097731,41.73294815874321,-0.8808041263298835
2022-05-24,30.298179986949062,30.406390254210564,29.28824157133957,30.0006103515625,31.417602999934683,32.250502488843395,39.540623209457294,-0.7458186017158425
2022-05-25,29.76615825685813,30.514597127287868,29.70303732077767,30.388355255126953,31.31957940519109,32.17747710712903,42.40023743744046,1.7205065438293135
2022-05-26,30.73101212778142,31.840141494528886,30.694942041098702,31.75898551940918,31.361427606545192,32.16106567231649,51.18887410434073,4.324651921285735
2022-05-27,32.06794500125071,32.43142202788788,31.813507269557117,32.395076751708984,31.459870382275078,32.1702425773907,54.64736856004487,7.9813922853132055
2022-05-31,32.21333572274569,32.93120777254727,31.813506496827443,32.54955291748047,31.563649671342258,32.18511749268834,55.472500355733075,7.111927066170817
2022-06-01,32.704033049000074,32.858510000269106,32.01342082834372,32.204246520996094,31.624658895118813,32.185867650661194,53.1448905699138,1.402000077473499
2022-06-02,32.25876865829537,33.194726188990145,32.031594231124274,33.176551818847656,31.772458221188227,32.22471801019792,58.43368481257781,2.4123266418791416
2022-06-03,32.8403386021884,33.049338684450525,32.395078612362575,32.56772994995117,31.848198385832315,32.23816945881569,54.30057964932595,0.05584418476279992
2022-06-06,32.903942159967066,33.194725140246625,32.46776768954772,32.6131591796875,31.921051794770904,32.25287493806557,54.55886050001038,1.2697476353772439
2022-06-07,32.18607506369337,32.60407869462469,31.822598016179423,32.56772994995117,31.98264019050236,32.26522219343363,54.22879800499091,-1.8350968847540436
2022-06-08,32.43142124014946,32.57681274055424,32.19516135189424,32.54955291748047,32.03663187878599,32.27637241790605,54.087803390494635,-0.05581301643877816
2022-06-09,32.176988554095004,32.176988554095004,31.104724886286924,31.13198471069336,31.95047500563431,32.23149446860359,44.39384828118711,-4.541646704121392
2022-06-10,30.704898605956267,30.732158429917675,30.059724018552313,30.2414608001709,31.787711747971127,32.15345393258662,39.59311443788129,-7.142865509371374
2022-06-13,29.450892922088247,29.632633159095256,28.69667388495486,29.023805618286133,31.524482592763032,32.030722626143465,34.15441448434619,-10.831937717033473
2022-06-14,29.1510204590438,29.6689778099497,28.960193063171403,29.169191360473633,31.300169142068803,31.918505713764258,35.297241275013945,-6.304748535821865
2022-06-15,29.441807483669677,30.068807661905357,29.132850120537594,29.75076484680176,31.152606828233846,31.833496268001024,39.798447439784745,-1.622593421037267
2022-06-16,28.86023755219149,29.00562903743552,28.13327839276812,28.50584602355957,30.90053437064582,31.703000179983714,34.29802180992767,-1.784602617377742
2022-06-17,28.59671434605965,29.414541882260178,28.187801444560996,28.96928024291992,30.716605406100495,31.59579547656945,37.747238931026615,-0.6853502213455548
2022-06-21,29.523589028997055,29.678065970097055,29.0238042670967,29.187368392944336,30.570963785799908,31.501347355642974,39.360578517914874,-1.8937209068693612
2022-06-22,28.851152851719025,29.24189315190524,28.66032716085787,28.66941261291504,30.38986367409659,31.39029109122227,36.913765302866025,0.5738001574143209
2022-06-23,28.751195903849144,28.82389165363219,28.38771715493389,28.723936080932617,30.231203903319066,31.285728149642285,37.35523368927506,-0.8469114866851521
2022-06-24,29.051062127936543,29.80528107906724,28.987453572198305,29.768932342529297,30.18717804038671,31.22624596112805,45.26153823639559,1.99251930408891
2022-06-27,29.996109694688915,30.677632972935836,29.55993521257968,30.250547409057617,30.193213218355368,31.187983272811564,48.48828418201584,5.515058217238487
2022-06-28,30.414112653932538,30.695806718039183,29.505414968103956,29.53267478942871,30.130304796552828,31.12306921463969,44.296723163984,2.8155567057989197
2022-06-29,29.605369977125047,29.759846907886377,29.051062143837015,29.423629760742188,30.06300241218991,31.05642453017312,43.67905477841025,-1.1599427813331211
2022-06-30,28.914761993261592,29.078327864813716,28.41497892636647,28.633066177368164,29.926818008873553,30.96139086927881,39.390678798404245,-5.34694863473825
2022-07-01,28.50584989557581,29.02380734876344,27.897022318466753,28.996545791625977,29.838220654849973,30.88433812113556,42.20045654157721,-1.8153756868464992
2022-07-05,28.124197017009983,28.7875459812131,27.833412271180677,28.760284423828125,29.73556006141932,30.80104189771174,40.874047327271356,-2.254464667711106
2022-07-06,28.796632905561605,29.250980058761822,28.63306702914373,28.996545791625977,29.665177750010432,30.73027734453191,42.809872482733454,1.2694400662724348
2022-07-07,29.22371928930733,29.84163403213652,29.205544918470377,29.678068161010746,29.666405408200937,30.689014239295787,48.089632310993,2.3503570883314957
2022-07-08,29.64171484534436,29.823455059262876,29.278237883913583,29.63262939453125,29.6631886449943,30.647587382638356,47.772962706767004,3.033158357712138
2022-07-11,29.37819898904953,29.65989306410952,29.223718573920465,29.487241744995117,29.646431797375328,30.602083632142545,46.71302920479642,1.6922565773708487
2022-07-12,29.459978094417288,30.07789281453176,29.26006695537319,29.405458450317383,29.623481954798383,30.555157154423913,46.09350546612749,-0.9185561176502085
2022-07-13,28.86024099535492,29.45997964363579,28.805719615184557,29.296417236328125,29.592332933991692,30.505794804694666,45.23215876301161,-1.1346011645702068
2022-07-14,28.86932579647113,29.12376003838693,28.4785855155824,29.069238662719727,29.54251443196579,30.44945926971526,43.41199937656433,-1.4175726773303186
2022-07-15,29.514500665877023,30.250547045442737,29.296415160647147,30.168764114379883,29.602157258862373,30.43845161656485,53.223070361738806,2.595795829376914
2022-07-18,30.359590659111348,30.677633474261285,29.659892999374776,29.77802467346191,29.61890653644328,30.412552520756893,49.91131872015754,1.643912404881314
2022-07-19,30.19602563108418,31.11381229413547,30.150591437144573,31.068374633789062,29.75695111714288,30.43827103499345,58.987086976189126,6.877152835905391
2022-07-20,30.950247883281275,31.322813837417236,30.868464943768164,31.27737617492676,29.90175350359849,30.471177118912404,60.24362949403731,3.6747016097303793
2022-07-21,31.195595830091897,31.668115615844727,31.12289834526416,31.668115615844727,30.069978466669557,30.518115883497988,62.553513102393396,6.347267701968356
2022-07-22,31.659028348659746,31.731722362913587,30.932070874087955,31.2319393157959,30.18064140468159,30.546108959274378,58.46963081072935,0.5264668137127062
2022-07-25,31.350073611819123,31.713554112721837,30.950247833951703,31.340988159179688,30.291150619395694,30.577280692604,59.18703407775047,0.20338018092425583
2022-07-26,30.54133451085831,31.82259830788452,30.241462564163587,31.749900817871097,30.430079209726685,30.62326579555565,61.84839941386864,0.2582572421374216
2022-07-27,31.813504600633,33.17655113558809,31.62267891767687,32.66768264770508,30.64318429905796,30.703439005443865,67.04295282941823,4.597035481504784
2022-07-28,32.74946816818581,33.34011963352929,32.676770683364346,32.97664260864258,30.865418423780305,30.792584244784994,68.59321913395834,5.218898782499977
2022-07-29,33.031166310379916,33.55821274080911,32.84942950883206,33.40373229980469,31.107162602449293,30.894982207726944,70.6485827347079,5.208934325245818
2022-08-01,33.01298905409387,33.512772095043765,32.92211720438967,33.067508697509766,31.29386223055029,30.98017932497333,66.93484451540111,1.2239192296450678
2022-08-02,32.94028931905912,33.19472354799767,32.72220036110723,32.813072204589844,31.43854889474453,31.052057477115156,64.18518743858002,-0.49601897316819493
2022-08-03,32.98572118748785,33.294678500784904,32.80398097971202,33.16746139526367,31.603207228127307,31.135014493513136,66.26395617662031,-0.7073188780835641
2022-08-04,33.2038166099806,33.24925080418972,32.92211905963317,33.158382415771484,31.751319150760086,31.214362255170325,66.15801441057995,0.2748127144775265
2022-08-05,32.794902886783426,32.96755421638162,32.43142238968447,32.53137969970703,31.825610631612175,31.266009998093335,59.12736498927811,-0.8584764728107652
2022-08-08,32.74946672971436,32.96755224178593,32.549552121643146,32.622249603271484,31.901481009865442,31.319195864963067,59.79422812905082,-1.6438152606700371
2022-08-09,32.4859402047839,32.63133168662458,32.06794012779274,32.149723052978516,31.925123109209544,31.351765558610733,54.788319827185596,-3.0419438142230035
2022-08-10,32.80399331681269,33.48551675247839,32.80399331681269,33.44008255004883,32.069404960718046,31.4336603425887,63.72044445684436,2.7933117461660575
2022-08-11,33.62182154776055,34.26699621038792,33.62182154776055,33.74903869628906,32.229370078391476,31.524459493714204,65.47900849748903,3.454050860136204
2022-08-12,33.93985590880696,34.13068505015746,33.83990207888849,34.112510681152344,32.40871680246394,31.62595169714315,67.47635853460243,6.105146302316236
2022-08-15,33.894427899341544,34.28516823817765,33.73086201487959,33.78538513183594,32.53982807192794,31.71063536124875,63.893295757111815,1.0326008653546377
2022-08-16,33.61272957456057,34.23064082378904,33.54003209441213,33.96712112426758,32.67576074357934,31.799124999014197,65.0050761195022,0.6461885624093207
2022-08-17,33.558201239710876,33.58546105731909,32.476852388909954,33.05841827392578,32.71220431789805,31.84850904901073,55.75983473263612,-3.090046396992303
2022-08-18,33.15838120412204,33.612730062424355,33.03116061201576,33.494598388671875,32.78671803892413,31.913061572134698,58.789583665204574,-0.860687963240219
2022-08-19,33.2219856853322,33.24924550423107,32.71311377864699,32.885765075683594,32.79615109004408,31.95120680756799,53.30234964410825,-3.1835375292120855
2022-08-22,32.376898277183,32.467766655724525,31.84985197570416,31.9316349029541,32.71381621508313,31.950439281896855,46.04858740916156,-3.4084612325823507
2022-08-23,31.831683709343675,32.204249679040906,31.76807513888857,31.84077262878418,32.630669206864184,31.946138628833616,45.41475478104964,-4.937589460535319
2022-08-24,31.758989335559978,31.977074870027145,31.459117392658776,31.7862491607666,32.550248250092984,31.9398684536153,45.01435497029616,-3.3434402769300227
2022-08-25,32.03159548416438,32.594987114994076,31.967986919380703,32.576812744140625,32.552778201907046,31.964846661086884,51.6681352854603,2.020497363029902
2022-08-26,32.54955083941149,32.622248318176034,31.41367873176478,31.47728729248047,32.450350496247374,31.94572668584742,43.740308685878055,-1.1415719729587177
2022-08-29,31.159240339965873,31.56815493755193,31.05019413633885,31.22284889221191,32.33344558157733,31.9173785370774,42.12937228228898,-1.772465400699399
2022-08-30,31.47930975831211,31.809032512999924,31.351085019013983,31.616695404052734,32.265183659908324,31.90558704166467,45.476768857746336,-2.947241486233427
2022-08-31,31.75406776133034,31.955565714567612,31.43350601196289,31.43350601196289,32.1859762648659,31.88707406010774,44.196231607123714,-0.13908848024536385
2022-09-01,31.27780950812959,31.33276096127158,30.54509085686273,31.0213565826416,32.075060104654064,31.853124355109067,41.37353433789093,-0.6453360814892465
2022-09-02,31.424351497500357,31.59837024978153,30.142097394167585,30.361913681030273,31.91190330240418,31.794645505145194,37.27180783450498,-3.968731415433185
2022-09-06,30.46265848860701,30.508456022159507,29.940598749632255,30.032190322875977,31.73288301863959,31.72552961564444,35.38296633499337,-4.45803178478915
2022-09-07,30.17873545371531,30.664158597291756,30.06882905200888,30.21537208557129,31.58835816787118,31.666307751720005,37.28451330495791,-2.5981600608701667
2022-09-08,30.0047101656068,30.57256742037492,29.537605385186488,30.325275421142575,31.468064572944648,31.613718248560108,38.454734639972465,-0.120671774093706
2022-09-09,30.682472854867775,30.911446532889176,30.35275019949919,30.810697555541992,31.405458190334873,31.582227240990772,43.47182120018691,2.5922426046728093
2022-09-12,31.085465045606064,31.451824325335465,31.0121952859768,31.43350601196289,31.408129411442303,31.576395035930855,49.194356857742335,4.031503974009626
2022-09-13,30.673319836259196,30.792383650295623,30.023031842248344,30.151256561279297,31.288427235236302,31.520507252611186,40.176585114234186,-0.5738409872510274
2022-09-14,30.096305106758347,30.252005553049777,29.702470044670957,30.151256561279297,31.180125266288016,31.46681114706876,40.176585114234186,-2.1402988136634384
2022-09-15,30.03218806201666,30.27948005036636,29.638353061370218,29.867326736450195,31.05509683487489,31.404086268220976,38.37029720934635,-4.98251539270434
2022-09-16,29.528451593502226,29.610882270014077,29.171251412973923,29.363590240478516,30.894000968741903,31.324066816152644,35.33503274490767,-2.612383066688883
2022-09-19,29.079660533178497,29.684150974586174,29.03386649095366,29.64751434326172,30.77528795679141,31.258319660353003,38.29772199040542,-1.6707171622972807
2022-09-20,29.38190789687515,29.40022271892279,28.89648125993631,29.03386688232422,30.609438330651678,31.171086218077367,34.60722252000031,-2.790540517671503
2022-09-21,29.17125062380548,29.36358944610674,28.44769287109375,28.44769287109375,30.40355781069378,31.06428647897997,31.486017877985883,-3.1191600273803575
2022-09-22,28.438530976161164,28.6491880940131,28.03553854838047,28.13628578186035,30.187627141281073,30.949462922230182,29.94108487716524,-5.0973196063056765
2022-09-23,27.861517870109537,28.026379201690812,27.376093032334747,27.76076889038086,29.95649778405248,30.824416097451778,28.147517579160787,-4.384872318603968
2022-09-26,27.52263592775908,27.96226672566707,27.357776343840463,27.3760929107666,29.710744938977633,30.689187737189613,26.40270477846575,-3.766913419597629
2022-09-27,27.60507015383139,27.760772347835513,26.72581193846516,27.018898010253903,29.454378564813467,30.545254806721548,24.86159828771158,-3.9713407102469653
2022-09-28,27.083008489324012,27.47684352603948,26.899830580642146,27.412731170654297,29.25993595584593,30.42241074256205,29.731672303705587,-1.2537034586500881
2022-09-29,27.064691056117837,27.275348191014448,26.762445837361778,27.12880516052246,29.056971118196074,30.293249739344812,28.307218440029192,-0.9032981844786409
2022-09-30,27.018900464139023,27.40357640503112,26.542634680761957,26.57927131652832,28.82099970851343,30.147603526685344,25.737049041814945,-1.6271081579964524
2022-10-03,26.90898855818032,27.476844104999827,26.680014857305324,27.357778549194336,28.6816453123878,30.038198625607265,34.77246972513573,-0.20046386884203815
2022-10-04,28.008063513974516,28.923958333590335,27.898155366971096,28.878164291381836,28.700361405625326,29.99270708308862,48.06267217335684,6.448345662510132
2022-10-05,28.48432722339271,28.84152561874349,28.227876063156152,28.68582344055176,28.69897683752308,29.94145674416561,46.764537549772605,7.925545057036539
2022-10-06,28.694984906042265,28.94227692899215,28.54844187324176,28.841527938842773,28.71255313288686,29.898322281211772,47.98920898824126,5.4235009870424316
2022-10-07,28.392735368456435,28.466006873723614,27.669177725378816,27.89815139770508,28.63499106286955,29.819884207348764,41.72603755363126,-3.393612155497091
2022-10-10,28.081337865665233,28.17292770626283,27.50432483968292,27.59591293334961,28.53603124101051,29.732669647584093,39.9280837829974,-3.7994743621736102
2022-10-11,27.330300707921086,27.81572557613008,27.046373811802574,27.38525390625,28.426433399604747,29.64061412831609,38.67713174332831,-5.04922636443097
2022-10-12,27.412731714358216,27.80656675888501,27.266188685733923,27.55011558532715,28.342974560149738,29.558633793296917,40.254707455440226,-1.2475228462863774
2022-10-13,26.84487557030956,28.26451353051667,26.70749170240066,28.0080623626709,28.311078160389847,29.49782707052727,44.523972139577744,1.4935161968249553
2022-10-14,28.392739810242816,28.54844200166009,27.51348160948464,27.660024642944336,28.249073063490275,29.425756387092644,42.063862146487594,1.0033528907016136
2022-10-17,28.25535786650884,28.869007516174474,28.227880390757527,28.630874633789062,28.285435117804447,29.39458455362976,50.31145807085823,3.9228838990334873
2022-10-18,29.30863250248016,29.400220581505906,28.50264587731143,28.850685119628903,28.339268451311536,29.3732551640611,51.97830707352112,3.0085007168544817
2022-10-19,28.4385324815361,28.923957348291477,28.420215913435097,28.777414321899418,28.380996629462764,29.349888856525347,51.359819902204144,4.039727705882978
2022-10-20,28.859847708156284,29.40022407699164,28.11797334887404,28.30115127563477,28.373392310050573,29.308761892568853,47.410823708750996,-1.1516356463842234
2022-10-21,28.36525979027138,29.583399738395165,28.227875927100992,29.482650756835938,28.47903597164918,29.315581063716582,56.37259639174468,2.1904701208536275
2022-10-24,29.500971909220873,29.720788207757433,29.116297754108807,29.61088180541992,28.586830812960677,29.327161484959852,57.22458950237714,2.8962556336628116
2022-10-25,27.32113884329351,29.10713420786132,27.13795920443971,29.061338424682617,28.63202201407705,29.31673705122349,52.493354574155745,2.6860643994448163
2022-10-26,28.786574335044502,29.867330497007508,28.694984504094453,29.66583251953125,28.73048015745364,29.330427069588502,56.73116739380719,0.6213205325604565
2022-10-27,29.894804980526025,30.16041530454501,29.281155409683898,29.40938186645508,28.795137463072827,29.33352333613229,54.509613082868285,-0.6804928684290465
2022-10-28,29.546766417460873,29.876489123525023,29.427702602163382,29.75742530822754,28.886783924516134,29.350146942881125,56.97223816975146,2.3952333969371336
2022-10-31,29.54676516092555,29.59256269671251,29.253680846899226,29.46433448791504,28.941788740077936,29.354624885823632,54.3061112575731,-0.6792259461572488
2022-11-01,29.821533203125,29.92227868701594,29.28115343413819,29.821533203125,29.0255739270348,29.372935015913882,56.95022870101781,1.4014280835328479
2022-11-02,29.729942946652624,30.16041460008668,29.070499351107436,29.07965850830078,29.030724839536322,29.361433976399642,50.42396035746294,-2.2776392544262363
2022-11-03,28.649185534683113,29.45517206517355,28.45684674807547,29.198720932006836,29.046724467390657,29.355053072697963,51.38679683913371,-0.9014748187071594
2022-11-04,29.82153583084787,30.233685694170195,29.64751358344732,30.123779296875,29.14930111781774,29.38519919913628,58.18227751656555,1.0135162792982342
2022-11-07,30.380229150173022,30.426026685731305,29.90396692389204,30.297801971435547,29.258682151495627,29.42098754314802,59.333925067252956,4.1889881986992625
2022-11-08,30.5450873415917,30.709948669767584,29.849008895629893,30.206207275390625,29.348922639485625,29.4517804738242,58.42194696940954,3.450446838852486
2022-11-09,30.03219306380285,30.15125687909429,29.281157817035865,29.363590240478516,29.3503195538659,29.44832203330084,50.70143387771181,-2.523551407360581
2022-11-10,31.04883575439453,31.103787207450363,30.380229462082568,31.04883575439453,29.512083001535295,29.5110872772653,61.62444616238651,2.4788391701386496
2022-11-11,31.296119138818216,31.946407008646748,31.140418722260144,31.561729431152344,29.707287423403585,29.591504616633422,64.22260500371151,4.487561590912076
2022-11-14,31.43351295773682,31.87314209423908,31.094632820115415,31.131269454956055,29.842904759741916,29.651887551469606,60.51925522371036,6.019969629056956
2022-11-15,31.58005066392858,31.88229760946959,30.88397218895298,31.470144271850582,29.997879951371313,29.723191736582585,62.35941034879311,1.35692211066697
2022-11-16,31.3236032496973,31.3236032496973,30.38022921809805,30.66415786743164,30.061334990996105,29.7600923691649,55.70873840804446,-2.843860523165039
2022-11-17,30.156319793600588,30.756492909715465,30.14708793251782,30.738025665283203,30.12578172188059,29.798442694502874,56.17010492829661,-1.2631794223548687
2022-11-18,31.11659678777564,31.4212975291196,31.070430435725573,31.292030334472656,30.23685301831793,29.857014758815417,59.571511064926696,-0.5659775050260748
2022-11-21,31.153525568507067,31.25509011549573,30.91345494621982,31.07965660095215,30.317120026187855,29.90496149772274,57.72222876883126,1.3549980251106404
2022-11-22,31.227400961845863,31.62443798327124,31.208933714074057,31.37513542175293,30.417883397194053,29.962615377096476,59.601295786059545,2.072708779045964
2022-11-23,31.38436405840624,31.60596393948405,30.941157251717417,31.319726943969727,30.503773258791735,30.01583543854249,59.07109574457935,0.08851010688992758
2022-11-25,31.40282835696059,31.73523170695175,31.393596496023804,31.504396438598633,30.59907070448763,30.074210379721162,60.33748701404692,1.3666168938091554
2022-11-28,31.19969532392984,31.208927184750635,30.3686869593935,30.571823120117188,30.59647569645235,30.093724604834733,51.64680673144496,-2.560346882451356
2022-11-29,30.664158429514067,30.950395451074456,30.359457684739265,30.848827362060547,30.62050918841504,30.12333647766712,53.77650206557967,-1.5035239060404588
2022-11-30,30.8765204882202,31.57826159151284,30.461019873308725,31.513628005981445,30.70556812342136,30.177857714071603,58.50064823885392,0.02930247338908593
2022-12-01,31.707536567404123,32.076874451867326,31.50440037872265,31.615203857421875,30.792200098088077,30.234224229497105,59.18699379821913,3.412883599402063
2022-12-02,31.20892583300434,31.40282660224222,31.02425692418739,31.39359474182129,30.849475778443622,30.279689739784327,56.97311759208223,1.7659257299054574
2022-12-05,31.144296677224297,31.19046303043455,30.830360544220817,30.931928634643555,30.857328431415045,30.30526773566116,52.562230957375185,-1.8458660844364894
2022-12-06,30.922694588616487,30.941158310782782,30.42408955572508,30.728790283203125,30.84508670301391,30.321876463015748,50.70215390473906,-2.8037572625382854
2022-12-07,30.581052780151367,30.85805437430666,30.461020986786107,30.581052780151367,30.81994061512224,30.33204024015832,49.33475987952933,-2.5882412267604575
2022-12-08,30.747256938049997,30.91345861249351,30.57182340270036,30.765724182128903,30.81477714531335,30.349047453568932,51.109699367619186,-0.537323276792072
2022-12-09,30.73802050743933,30.95038849937484,30.396381826169648,30.48871803283691,30.78372389650607,30.354524731187286,48.3722614115372,-0.7812616382020154
2022-12-12,30.35945464962527,30.987326844153117,30.304052918719904,30.922693252563477,30.79695907327344,30.37680584967263,52.65096585102255,1.1171638689752732
2022-12-13,31.5967311887676,31.79986382032309,31.135060673547812,31.384363174438477,30.852902321003445,30.416317901624232,56.75677357633257,2.010805884650448
2022-12-14,31.30126263967296,31.725998672386588,30.80265763313094,31.1442928314209,30.88065379818606,30.44486593808685,54.12830074709551,2.1502209370624303
2022-12-15,30.682622629523166,30.74725622115904,30.184017617817908,30.27635383605957,30.82310142084068,30.43825762036029,45.85937171501652,-2.090178275303769
2022-12-16,29.962418049232635,30.07321799000487,29.37147857429192,29.823915481567383,30.7279408551956,30.414165771780176,42.237155040633425,-4.972054663648637
2022-12-19,29.888550592437213,30.00858592236136,29.16834565742591,29.31608009338379,30.59347792549924,30.37110358831365,38.55598129328614,-5.870137260566275
2022-12-20,29.19604595421545,29.43611308710697,28.983676165683164,29.131410598754883,30.454233418190253,30.322488176958405,37.283460871935404,-3.7816417508671196
2022-12-21,29.316077306039965,29.694646982329665,29.232976473573128,29.57461166381836,30.370459917773882,30.29315968624703,42.21286559261117,-0.8359191398027708
2022-12-22,29.279146651371093,29.343782010406898,28.558941690592444,29.149879455566406,30.254214159468408,30.24832516739681,39.045606115092305,-0.566926537545147
2022-12-23,29.048310327501763,29.389947311362725,28.90980951393293,29.31608009338379,30.164868057936538,30.21176653704336,40.913821254947074,0.6339188210707493
2022-12-27,29.362245846130527,29.52844752348121,29.22374503538275,29.454580307006836,30.09722160546704,30.18207295939487,42.495527872981576,-0.4058594519378594
2022-12-28,29.38071342112234,29.57461420612432,28.965210984203793,29.011377334594727,29.993807865383964,30.136163327049765,38.906331537997204,-0.47513788584546474
2022-12-29,29.26990994137663,29.703877809369715,29.214508214237235,29.528444290161133,29.94948752488655,30.112331207956093,44.76741809944219,0.7243949262687109
2022-12-30,29.3437797759388,29.528446932864412,29.159110857879863,29.491514205932617,29.90587101831951,30.087985443170858,44.439497073130774,0.12539271835082025
2023-01-03,29.67618104298521,30.054750735905515,29.491513888050083,30.04551887512207,29.91917081420547,30.086320087561102,50.31869428438066,3.564606838897572
2023-01-04,30.950395366291456,31.56903223802055,30.64569110008441,31.495166778564453,30.069265667953943,30.141568977404372,61.73017754749032,6.660433814519079
2023-01-05,31.282795960284947,31.864498289472937,31.070427940098863,31.753698348999023,30.229687828053475,30.20478973707475,63.34711420066764,7.67062731085994
2023-01-06,32.17843160558297,32.89863996202396,32.132265261234956,32.66780471801758,30.461889436621483,30.301378559856825,68.42666038638724,8.727710291156868
2023-01-09,32.843248846395454,33.01868242050326,32.575479031493465,32.70474624633789,30.675494847070667,30.39562827305216,68.61595075790285,3.8405240914509933
2023-01-10,32.70473569923118,33.22180791412323,32.66780473709098,33.0925407409668,30.905689694108393,30.501389546303717,70.60803666715579,4.216335298184181
2023-01-11,33.24028098215725,33.628082569594305,33.00944569755894,33.61885070800781,31.16408598114643,30.623642925194073,73.10333333381517,2.9112638519774645
2023-01-12,33.73888397216797,34.108218291504436,33.52651594603949,33.73888397216797,31.409304837434195,30.745809240761677,73.65271500188632,3.1620417355963295
2023-01-13,33.5542112388572,33.58191034103685,33.27720965026175,33.304908752441406,31.58983854362536,30.846166084356963,68.2267338263981,0.641739820272274
2023-01-17,33.32337422198103,33.63731027829341,33.19410705566406,33.19410705566406,31.742626020962376,30.93824220087881,66.87216502432798,-1.2634091987046379
2023-01-18,33.31414236216576,33.77581282601662,33.101770849200186,33.184871673583984,31.879982749783483,31.026345317455487,66.75320207279694,-1.6420587564218267
2023-01-19,32.815548191979445,33.22181706556479,32.70474470823749,33.00944900512695,31.987550964578098,31.104114089521037,64.40934690975998,-0.8871357357878801
2023-01-20,33.03713901435705,33.24027515632648,32.36310052413683,33.0925407409668,32.092788086138924,31.18209160526401,65.03558819720666,-0.30597694502505046
2023-01-23,33.212583080258874,33.72965188227026,33.12024684970895,33.34185028076172,32.21174639038871,31.26678802391098,66.91655944197917,0.4730426825868771
2023-01-24,33.28644208995032,33.43417650792526,32.76013800577296,33.064842224121094,32.292993612648935,31.337299953330984,62.86954780475634,0.1678101896991285
2023-01-25,32.769377482083726,32.907876534963236,32.34463789535956,32.83401107788086,32.34451908552817,31.395994507234903,59.63305532598572,-0.7812324387830747
2023-01-26,32.981742559972886,33.646545703231745,32.981742559972886,33.63731384277344,32.467642395742004,31.483889383138376,66.16156524579215,0.8861642636017759
2023-01-27,33.54498636089152,34.20055774554591,33.51728373067958,33.97895431518555,32.611576864260435,31.58173506674807,68.49523385537951,2.764604424446944
2023-01-30,33.81274412195864,34.255947348984485,33.544977927188505,33.60037612915039,32.705748222821384,31.660897461352082,63.2867350897869,2.3340585755780685
2023-01-31,33.60038477100418,33.60038477100418,31.781401530410825,31.95683860778809,32.634423497580116,31.672502996506438,46.688247841082294,-4.99586632523684
2023-02-01,31.873732347191137,32.86170695414781,31.596730746390783,32.575469970703125,32.62880887597278,31.70791346608278,51.81139857150532,-4.1304518422310315
2023-02-02,32.76937311286436,33.55421154133757,32.298467237967365,33.5080451965332,32.7125456684071,31.778506867276914,58.31469803415157,-0.2747913662105846
2023-02-03,33.147940399796305,33.64654181911588,32.90786978839606,33.000205993652344,32.73994188985903,31.826416636938696,54.03793481405778,3.264926792883633
2023-02-06,32.56623870094728,32.69550588218074,32.32616805957098,32.33540344238281,32.70141441867082,31.846376903818857,48.97436157320005,-0.7369549189504165
2023-02-07,32.14150353900216,32.64010503405116,32.039935458926756,32.49237060546875,32.68150548408015,31.87170999015807,50.161827821243584,-3.03113650798566
2023-02-08,32.261532424858665,32.71397105277571,32.15073249400264,32.44620132446289,32.6590955641166,31.894239062091593,49.79476071987549,-1.6787915484406886
2023-02-09,32.76014363773533,33.15718061472455,32.20614035565439,32.31694030761719,32.626509349211894,31.91081558152397,48.719838381618636,-0.057098822962032114
2023-02-10,32.12304295332531,32.58471357861966,32.04917396258989,32.54777908325195,32.61901122864428,31.935794542376048,50.76394056971837,0.17052765541790724
2023-02-13,32.44620394828227,33.00021069189568,32.44620394828227,32.93557357788086,32.64916002380967,31.97500156337624,54.07580343419324,1.5082574644847728
2023-02-14,32.77860435541639,32.88940428531283,32.363100215471945,32.67703628540039,32.65181490586593,32.00253233678895,51.584566226475275,1.1142638330099819
2023-02-15,32.42774133295334,32.90787917037419,32.38157497829629,32.89864730834961,32.675322753721524,32.03767410037957,53.55954055131684,1.07800972902081
2023-02-16,32.593943660315816,32.88018070037387,32.52931005808773,32.64011001586914,32.67196915964035,32.061299038241906,50.948431750221324,-0.8970955411268398
2023-02-17,32.4831439502634,32.870945566589434,32.206142292563776,32.852481842041016,32.68916084367851,32.09232581486148,52.976405539472665,0.5369078000473728
2023-02-21,32.40927381074964,32.5847108881269,31.84603865310096,31.95683860778809,32.6194158688318,32.08701259105468,44.601470459630654,-2.862758130248385
2023-02-22,31.95683199959561,32.08609917371126,31.689062269061008,31.781394958496097,32.539604353561735,32.075027585856304,43.16204794918265,-2.63085834255935
2023-02-23,32.03994369506836,32.141511801252705,31.652138518934255,32.03994369506836,32.492017624181415,32.073651747001875,45.93137282490158,-2.473293040323239
2023-02-24,31.59673542841268,31.790636225478607,31.52286644537786,31.67983627319336,32.41466701932541,32.058208002930954,42.8032314079641,-0.8668014317512085
2023-02-27,32.08012932104309,32.40595981977381,31.893940971946588,31.94049072265625,32.369507372023584,32.05359163899861,45.686609665530845,0.5005940247994739
2023-02-28,31.884635073932653,31.99634666962338,31.558808106814865,31.60535430908203,32.29673088983868,32.03601370449208,42.7056466586285,-1.3563987194310234
2023-03-01,31.586737328019627,32.07082567821411,31.47502572451254,31.95911407470703,32.26457690744519,32.032998032735804,46.66183729377368,0.8815632729452878
2023-03-02,31.68914365297282,32.21046687865748,31.614666877161795,32.12668228149414,32.25144408592604,32.03667192484397,48.47667235436277,0.5829326808239046
2023-03-03,32.396659574793716,32.96453263649569,32.17323632014781,32.83420181274414,32.306944821813474,32.06794760672241,55.38002316664886,3.888099122840686
2023-03-06,33.011074369613226,33.52308977250664,32.81557816053089,33.0203857421875,32.37489157613481,32.10529812183869,57.01228143991087,3.3207167914594247
2023-03-07,33.10417326592119,33.10417326592119,31.57743119233669,32.061519622802734,32.34504662819842,32.103581317954934,47.39610071641718,-0.2028303393436357
2023-03-08,32.14530346184179,32.42458783714318,31.791549408623847,32.00566482543945,32.312724551745184,32.09974145550335,46.899859391744734,-2.523396158767296
2023-03-09,32.10806181656171,32.275627434474,31.502950533345697,31.60535430908203,32.24535595720584,32.08035372427114,43.393202914193765,-4.2853267801096475
2023-03-10,31.484335650591067,31.59604726156871,30.73958565865994,30.96300888061523,32.12322766419721,32.03653627942189,38.428113551230666,-3.4262591265518894
2023-03-13,30.52546741273444,31.09334033841701,30.385825248591996,30.786128997802734,31.995884934064403,31.987500699750548,37.1669911107381,-3.810374926714162
2023-03-14,31.354004012181953,31.521573199816675,30.860607821506385,31.242292404174805,31.92411421693206,31.958276845022088,42.415550239777154,-1.1487354369031644
2023-03-15,30.674421079174216,30.85129809723764,30.274117281913888,30.544090270996097,31.79268336493816,31.902818548001463,37.28221782781292,-1.3529647949731483
2023-03-16,30.22756598682144,31.084027468621997,30.20894679575,31.028173446655273,31.719872896530266,31.868518740105536,42.4799844795751,0.7862126767214359
2023-03-17,30.89784434742253,30.972321124334695,30.460305712432195,30.55339813232422,31.608780061843976,31.816945382937643,39.06081802076921,-2.205005519244584
2023-03-20,30.73027201025422,31.205052536430426,30.497537433059406,30.93507957458496,31.544618110676453,31.78236241006107,43.03067248793387,1.280081679041321
2023-03-21,31.2422919957846,31.53088060863472,31.084030631199223,31.34469223022461,31.525577550633418,31.765198873596894,47.01954925952876,1.0201012448041975
2023-03-22,31.419172348648654,31.43779154359766,30.497541730539037,30.506853103637695,31.428556174729064,31.71585198065732,40.73656605888365,-0.152339940994258
2023-03-23,30.599941844759485,31.14919560028899,30.143784052771863,30.40444564819336,31.33102183886852,31.66442428134501,40.03243250867096,-1.7153145674386738
2023-03-24,30.17171578840528,30.59994663397697,29.89243495656498,30.581327438354492,31.259622372152897,31.62194989534538,41.900444517395606,-2.4353877404928888
2023-03-27,31.400550556280667,31.55881192463178,30.981627582701865,31.04679298400879,31.239352906615363,31.59939472235179,46.613312795235316,1.7698970081798122
2023-03-28,31.046790453138115,31.30745558836494,30.953698044930658,31.23297882080078,31.2387458508235,31.585025471310573,48.41580315210018,2.7250395622873445
2023-03-29,31.57743198561621,32.1173780162864,31.475031734410145,31.98704719543457,31.310012645548362,31.600791029119357,55.03710003386526,4.596660363791313
2023-03-30,32.275629591650954,32.61076795237008,32.108063962539234,32.4152717590332,31.415275418261203,31.632731449900295,58.309797947689326,4.407794311410115
2023-03-31,32.5828442418397,32.93660183081489,32.51767883745588,32.843505859375,31.551297365033946,31.68021279929146,61.34023437322966,5.156495151533953
2023-04-03,32.70386987005517,32.778343101972894,32.27563546934645,32.53630065917969,31.645107202571637,31.713784872228256,58.078713485289285,1.7171121185062395
2023-04-04,32.55491938687276,32.56422720901046,31.931188766193923,32.05221176147461,31.6838790653243,31.7270565149438,53.271931553679195,-1.1200276223426058
2023-04-05,31.82877839137351,32.1452975473965,31.698447600878342,31.893943786621097,31.70388522925733,31.733601113833107,51.7635402839522,-2.8911714748712045
2023-04-06,31.679831622678428,31.9218775877911,31.568120012529228,31.744997024536133,31.707800638331502,31.73404801229205,50.31951525861529,-2.4320639366242727
2023-04-10,31.55881492938311,32.48044200775763,31.55881492938311,32.471134185791016,31.780499071422884,31.762953352429264,56.666236665183014,1.3070000517715696
2023-04-11,32.610770452110145,32.80627021168066,32.55491642187409,32.56422424316406,31.85513956396966,31.794375740301216,57.41728226228098,2.101591640805911
2023-04-12,32.78764737276796,32.82488220503647,32.31286686105538,32.340797424316406,31.901392693526493,31.815804041635147,54.955401742498985,1.8768324322719934
2023-04-13,32.47112728998673,32.620077268559015,32.08013137670472,32.51767349243164,31.96008610294603,31.843328333823244,56.54392400006464,0.14332516497372627
2023-04-14,32.489744008491435,32.83419014186588,32.12667513405923,32.378028869628906,31.999890175963447,31.864296982286213,54.89786327482405,-0.5717789318265203
2023-04-17,32.19184744149922,32.5269822394021,32.1639168782382,32.340797424316406,32.03235753294944,31.882983274130535,54.442801106046936,0.0
2023-04-18,32.46182062974296,32.53629740546128,31.94049740470718,32.117374420166016,32.04045437935102,31.892175083778987,51.6746154184127,-1.231020024722227
2023-04-19,31.7822301197833,31.903253082188765,31.493641545678496,31.651899337768555,32.00344913729555,31.88275250550407,46.38323455857852,-2.2426613268649973
2023-04-20,31.30745851205923,31.67983173091146,31.27022012479959,31.633285522460938,31.96819545969225,31.872969486561203,46.179593418338,-2.1876761187202654
2023-04-21,31.605362077332806,31.605362077332806,31.09334662405096,31.279531478881836,31.902608413900783,31.84969740782868,42.37213208013249,-2.6086906430250125
2023-04-24,31.27952679007121,31.530880567913044,31.177126555763444,31.335384368896484,31.848587076281326,31.829528269047024,43.16884308268048,-0.9999872851054773
2023-04-25,31.66121268785643,32.117374055836315,30.553397295974,30.618562698364254,31.73144189743208,31.782039423137896,36.24340280906116,-3.2077693079847434
2023-04-26,30.3858257213342,30.469610310873637,29.883118184097587,30.013452529907227,31.567823862429712,31.71268307438375,31.63034482921606,-4.047627598991992
2023-04-27,29.90173762003142,30.516156764578373,29.817953029809207,30.48822975158691,31.46500537568278,31.66466529701917,38.26932097923898,-2.7035079810620095
2023-04-28,30.38582953837295,30.935083349628695,30.38582953837295,30.9257755279541,31.41365015208957,31.635689227644068,43.69555711523009,1.0033548361375553
2023-05-01,30.925777596065576,31.10265462969729,30.79544677641605,30.823373794555664,31.35743335613396,31.60383372046413,42.748476873827734,2.698527481439807
2023-05-02,30.5440910370151,30.72096805951444,29.87381423386261,30.246191024780273,31.251600753147894,31.550592830437314,37.77819082044996,-0.7938759605878363
2023-05-03,30.32066475301935,30.40444935479728,29.40834550657545,29.482820510864254,31.083145491978023,31.469503719865823,32.410863862637015,-4.665865261117046
2023-05-04,29.324558192220245,29.48281778364766,29.017348605993373,29.203536987304688,30.904135158199608,31.38064227937323,30.692767332793135,-5.255222280492503
2023-05-05,29.64107709363174,29.65038669017131,29.11975211678366,29.305938720703125,30.751925973676133,31.299281355503815,32.11373932496742,-3.108663511735455
2023-05-08,29.222152053271415,29.3897212278416,29.05458287870123,29.296627044677734,30.613326075676287,31.220745892334165,32.049391779686474,-0.6315320683715069
2023-05-09,28.998726064237054,29.166295232943128,28.793920288942857,29.00803565979004,30.460441274163312,31.13397294203832,30.040361644168225,-0.669444004675312
2023-05-10,29.268701137444,29.343176131661465,28.905633986962957,29.129060745239254,30.333643128551497,31.05534893432071,31.966408189574082,-0.6035567642094182
2023-05-11,28.98941743557098,29.035965414888405,28.719446258025332,28.84046745300293,30.191435921356394,30.96849083701413,29.855637343257527,-1.5570379176386258
2023-05-12,28.88701560535669,28.998727205139968,28.62635224648927,28.849777221679688,30.063658902339565,30.885404028569642,30.01617697051663,-0.5455675798472769
2023-05-15,28.849778668981656,29.082513251766883,28.710138274435312,29.045276641845703,29.966670115625863,30.813242170266744,33.460171258878034,-0.2876306384415244
2023-05-16,28.784615706638792,29.00804071195159,28.486715699555067,28.5146427154541,29.82838179179998,30.723101015176052,29.252329161660985,-1.1297484622250897
2023-05-17,28.672899590990212,28.84046877295443,28.514640005315556,28.691518783569336,29.72010912434944,30.643431123740495,32.3081400054648,-0.5485603472578131
2023-05-18,28.561187804566185,29.14767816207568,28.486712810348724,29.129060745239254,29.663818802529423,30.584044050073782,39.29344288691018,0.28846033875553756
2023-05-19,29.33386692338564,29.529363119933027,29.082513148718473,29.1569881439209,29.61554921599528,30.528081073361903,39.72101579353775,2.2526862246766446
2023-05-22,29.1849159613056,29.510744720327136,29.035965975859853,29.324556350708008,29.587835609777443,30.480884025414692,42.344977781771206,2.2063578157500365
2023-05-23,29.305941089347463,29.65038908665556,28.644975662231445,28.644975662231445,29.49803942429687,30.40888761901535,35.580454498580444,-1.6618630008072814
2023-05-24,29.417652966150733,30.60925472379669,29.15698958227142,29.35248756408691,29.484177342372114,30.367460165880903,45.36582130073619,0.670506223760196
2023-05-25,29.482818366577963,29.57591255907427,28.626354991735234,28.89632797241211,29.42819168809021,30.309768707313502,41.037602759793785,-1.4603064175105904
2023-05-26,28.97080297289251,29.52005497984072,28.97080297289251,29.35248756408691,29.420981771518466,30.272228270324224,46.531299888009904,2.469933681208616
2023-05-30,29.502768018205025,29.540340056952303,29.202198874360437,29.26794815063477,29.406407140958112,30.232844736218755,45.681806596374145,-0.28801447668638563
2023-05-31,28.92981215830573,29.12706181405045,28.629242960536377,28.939205169677734,29.361911715121884,30.18211377282499,42.437329190310834,0.14838285787232447
2023-06-01,28.995561599731445,29.155239200966736,28.72316965993387,28.995561599731445,29.32702122794184,30.135582315056617,43.182329708215306,-1.21599903100604
2023-06-02,29.32430872203029,29.671842965327,29.29613148036682,29.59670066833496,29.35270498416976,30.11444970145969,50.536248842935116,1.1232509911804722
2023-06-05,29.54034223154093,29.54034223154093,29.155237763699212,29.164628982543945,29.334792984014918,30.077201830129663,45.934335826539076,0.7789564763250933
2023-06-06,29.051914740231748,29.51216147262107,29.01434270091828,29.38066291809082,29.339161549165002,30.04988657867716,48.46141443807814,1.3281388499229543
2023-06-07,29.455809578608154,30.00059168880535,29.33370222424305,29.95362663269043,29.397682033310282,30.046111678834546,54.5315351320637,1.2059653822743093
2023-06-08,30.009984097152877,30.09451940492779,29.653056843984633,29.756378173828125,29.43184357050246,30.034749580599,52.250024423941845,2.0289961227977984
2023-06-09,30.864727291766552,31.25922299191133,30.66747944169417,30.78958320617676,29.561152107233344,30.06435089924911,61.367679531359215,4.795399926862827
2023-06-12,30.86472699920661,30.93047628194085,30.61112108734575,30.836549758911133,29.682618550250275,30.09463320747115,61.72545201212087,2.9476334770665433
2023-06-13,30.986831665039062,31.315578050271583,30.864724329209754,30.986831665039062,29.806829323087303,30.129621382277737,62.90910960860857,4.135091589517331
2023-06-14,31.0150122372818,31.390721920358633,30.98683499639453,31.221654891967773,29.941574615361635,30.172446225794992,64.74383121781074,1.4033047569943502
2023-06-15,31.597368259573013,31.99186759333309,31.47526089637731,31.78522491455078,30.117160358141554,30.235692448883455,68.74032295642387,3.0764633626545743
2023-06-16,32.837217452058546,33.83285522396276,32.442721697931105,33.67317581176758,30.45582849658213,30.370495718016166,77.8135104959201,8.669308872127727
2023-06-20,33.025068187848994,33.20353000894947,32.71510780561478,32.78085708618164,30.6772597908297,30.465019693238343,67.79733311429938,4.993976775443107
2023-06-21,32.639969667502896,32.85600356914702,32.2830423772324,32.33000564575195,30.834664157965154,30.538156397258486,63.35963453877323,1.713943294929399
2023-06-22,32.25486347916632,32.38636205750679,31.97308029942708,32.358184814453125,30.97976136334496,30.609530060677884,63.520356481732364,-3.9051588263169124
2023-06-23,31.841580528596193,32.00125634401035,31.728864394467777,31.80400848388672,31.05826108911084,30.656372351784114,58.12087563709238,-2.9799361246924203
2023-06-26,31.944897805500688,32.32061108091581,31.916720563918123,32.0670051574707,31.15433195276416,30.71169128534045,59.86450690035368,-0.8134872946296788
2023-06-27,32.14215528828859,32.71511652862919,32.01065669209265,32.583614349365234,31.290454085773785,30.785100032949266,63.11330935939506,0.6966692853902574
2023-06-28,32.499066016941,32.78085270521653,32.3018182016014,32.66813659667969,31.4216619439553,30.85894460407595,63.63199917447138,2.7170415113892745
2023-06-29,32.6681433894552,32.72450145544231,32.46150431363713,32.602394104003906,31.53411262586469,30.927315172700578,62.891221523715224,1.6695944753932617
2023-06-30,32.87478909754324,33.03446492471598,32.593005907606404,32.91236114501953,31.665374389593723,31.00516011279152,64.96232418820146,1.0089328707657665
2023-07-03,32.8466083585076,33.13778273779799,32.78085907395382,33.02507019042969,31.794869227768576,31.0843722726989,65.71169862995767,1.092604693548018
2023-07-05,32.7432864475582,33.053246843069736,32.602393078555636,32.85599899291992,31.895929205402037,31.15384783035463,63.51712596067209,0.7778719811403983
2023-07-06,32.49907273483332,32.705715393466114,32.19850354940416,32.54603958129883,31.95784447929697,31.20844358529362,59.588084768892315,-1.1130212205274637
2023-07-07,32.47089116960925,32.95931692666007,32.433319130666845,32.59299850463867,32.01833533885332,31.262739856640483,59.99186222429941,-1.3083142088710091
2023-07-10,32.46150221748994,32.94053320671208,32.43332139478245,32.89356994628906,32.10169101575196,31.326693977803174,62.56978121514163,0.1143503607278437
2023-07-11,33.08142531309705,33.259887129145184,33.006281232823966,33.25049591064453,32.21110100574173,31.40213719085578,65.41928966622199,2.1644917120745113
2023-07-12,33.57924537116649,33.607422612309016,33.25989016697117,33.40078353881836,32.32440410412998,31.480515479011174,66.57320024713808,2.478400488573405
2023-07-13,33.57924354722972,33.785886192563375,33.513494266090305,33.64499282836914,32.450174458819426,31.56539694369188,68.417407218455,2.2844065977242796
2023-07-14,32.80903845043935,32.80903845043935,31.400118975899105,31.522226333618164,32.3617984468955,31.56370397859095,45.116423665177685,-5.197725717146653
2023-07-17,31.475258164041858,31.766436133133908,31.40011765841422,31.55979347229004,32.2854170207426,31.56355062540268,45.47036461525112,-5.511817003899694
2023-07-18,31.47525461331561,32.067001704297866,31.47525461331561,31.587970733642575,32.21899356482831,31.564508276706206,45.75294364619407,-6.113902610174148
2023-07-19,31.663114802711977,31.8133993970346,31.428294900141164,31.55979347229004,32.15621260363419,31.564323382415377,45.49902528059496,0.1191766668834872
2023-07-20,31.35315759124371,31.53161944548903,30.81776844544002,31.174692153930664,32.06273446556719,31.54904372639637,42.06314719508715,-1.2202276250555937
2023-07-21,31.221655437225213,31.428294512452695,31.043190020309773,31.202869415283203,31.980842556016334,31.535468263215463,42.40585378481422,-1.2191391514403984
2023-07-24,31.33437156715456,31.437692908111018,31.155906129841515,31.174692153930664,31.90406632724627,31.521320180498414,42.13743043792789,-1.2202276250555937
2023-07-25,31.653719872542055,32.14214564260157,31.052581565720175,31.935503005981445,31.907060296649618,31.537562644242847,51.13202199919287,2.4404759100559534
2023-07-26,31.653721853827868,32.320609480758876,31.362543900643672,32.31121826171875,31.945551531418108,31.567902080222296,54.86348047622364,3.552073470181163
2023-07-27,32.593004047619196,32.593004047619196,31.672510435385973,31.75704574584961,31.927598599459202,31.57531947887435,48.928893795704504,1.8680331758962347
2023-07-28,32.076405122681415,32.10458236879906,31.550407169055315,31.7100830078125,31.906882828826184,31.580604323146435,48.45059493543894,-0.7058601773916781
2023-07-31,31.55978572149356,32.020034194049146,31.50343125187982,31.879140853881836,31.90424073597434,31.592311638077234,50.33281375408088,-1.3372365112856945
2023-08-01,31.841582134477797,32.04822122466663,31.61615343791921,31.69129753112793,31.88396043075087,31.596193437804715,48.22578308990832,-0.2070350474280891
2023-08-02,31.45647654932723,31.991865654574433,31.381332458662907,31.75704574584961,31.871873317903134,31.602501371453535,49.03006192259122,0.14810033144832524
2023-08-03,31.541011013552207,31.785222135524215,31.13712049473641,31.5316162109375,31.8394678791445,31.59972156123722,46.3702897192125,-1.0901317715468446
2023-08-04,31.52222600531749,31.747651112378342,31.043191382445094,31.09015464782715,31.768104714257134,31.579738545025062,41.6098711830546,-1.896870529552552
2023-08-07,31.334374006684264,31.503444653581827,30.97744668733741,31.09955406188965,31.70443322355547,31.560907780980536,41.74699605092692,-2.070380504603108
2023-08-08,30.705047610375473,30.855332197063333,30.348123956408795,30.836549758911133,31.621777655494103,31.532501584036638,38.987979690775134,-2.2043476851188704
2023-08-09,30.874119250966817,30.921082514052515,30.56415884814738,30.582944869995117,31.522841199732294,31.49526406583893,36.484107145176814,-1.6314160658814205
2023-08-10,30.70504758634276,30.9774395192098,30.61112106338656,30.676870346069336,31.44227254700249,31.463170194475417,38.070424434239094,-1.3591311148036112
2023-08-11,30.451443515167345,30.601731693888176,30.34812576689786,30.460838317871097,31.348802620418546,31.423863062059564,35.85250110362141,-1.2183964936980751
2023-08-14,30.29176496643868,30.460835569175796,30.188443644425213,30.39508628845215,31.257972493564605,31.383518874859273,35.180702616310455,-0.6142592949813559
2023-08-15,30.150874493771997,30.25419582569113,29.87848433444025,29.95362663269043,31.133749078243255,31.327444669284027,30.983017835839867,-2.3576189657546873
2023-08-16,29.72819997445501,30.047555192442445,29.72819997445501,29.82212829589844,31.008832813258035,31.268412654641455,29.840848732340433,-2.0968235191279385
2023-08-17,30.03816170527157,30.30115885130624,30.00059145220963,30.085124969482425,30.920860637660358,31.22200921600777,35.001722292203205,-1.0197744333678205
2023-08-18,29.85969851701207,30.29176626111038,29.840912495564243,30.197839736938477,30.852001504258276,31.18184570702466,37.13602482452898,0.8153039604944549
2023-08-21,30.188448196755417,30.272983510871654,29.91605802246272,30.056949615478516,30.776282276755442,31.137732134807166,35.56403556650756,0.7874063086650006
2023-08-22,30.18844546031915,30.2917667885476,30.000590617170825,30.01937484741211,30.70419585491322,31.09387498628187,35.13684916129195,-0.21854694682841197
2023-08-23,30.047554731167715,30.357516933099056,29.963019422319743,30.24480438232422,30.66044428609522,31.06057809985216,39.808204213551704,0.15552319568175696
2023-08-24,30.038158394202597,30.366908373575615,29.92544585590724,30.009981155395508,30.598495416504772,31.019378219677392,36.83249243090708,-0.15626489275818037
2023-08-25,30.169660346200565,30.59233689118443,29.981805497400615,30.460838317871097,30.585385216634897,30.997474694116363,45.28873849256609,1.4705951496423162
2023-08-28,30.67687168822963,30.827156281375046,30.59233638064363,30.66748046875,30.59320381207443,30.984533744101995,48.6798085493458,1.3975163505200356
2023-08-29,30.752013392138927,30.93986643170599,30.639297268718227,30.902297973632812,30.622641351270467,30.981308811926734,52.29801019948137,2.9734001284998297
2023-08-30,30.798091829715904,31.044402813443163,30.78861999826033,31.034927368164062,30.661906686212713,30.983411500406632,54.25955783559335,1.884679089597322
2023-08-31,31.20544830794155,31.375970179609816,31.053873712439025,31.091768264770508,30.7028458841706,30.987660785283648,55.111486833527664,1.383510446685879
2023-09-01,31.41386538818357,31.508598157167857,30.99703614529983,31.129663467407227,30.743495177812182,30.993229517915946,55.70383516071689,0.7357559427082485
2023-09-05,31.07282125396637,31.091768530293923,30.504417419433594,30.504417419433594,30.720725867490412,30.974060416014677,45.123565052184375,-1.709396456569997
2023-09-06,30.324418786674777,30.400207888699537,29.72759406352293,30.18231964111328,30.669449084025924,30.943011758175405,40.82199194690921,-2.9250463206613615
2023-09-07,29.72759464591159,30.16337295653302,29.72759464591159,29.8602237701416,30.59238000651313,30.900549484134864,37.02133960664279,-4.0779101213051305
2023-09-08,29.80338160897051,29.860223435966525,29.547600615135075,29.718122482299805,30.50911738515948,30.85417979778839,35.453088624337326,-2.5776428584827205
2023-09-11,29.936007445433543,29.992847459278178,29.30128823561549,29.39602279663086,30.403108376728184,30.796997170292016,32.13062952155488,-2.6051571046625464
2023-09-12,29.339180655185924,29.7465379982614,29.301287915340836,29.737064361572266,30.339675613380003,30.755431177793202,38.682859819092506,-0.4124530663848803
2023-09-13,29.746541806550617,29.841276378658858,29.54760083134383,29.613914489746097,30.27055550636725,30.71066581747763,37.283146096481275,-0.3506546977043181
2023-09-14,29.793909461220743,29.90758950018058,29.6423348713332,29.822328567504883,30.227867226475595,30.67582906257674,41.163281316996624,1.450215812606062
2023-09-15,29.63286127649675,29.869696799402835,29.481286686389797,29.585493087768555,30.166688737074924,30.63307078905485,38.26606577744962,-0.5097048987780347
2023-09-18,29.471812472430653,29.99284988987239,29.45286519730982,29.90758895874023,30.142012567709717,30.604620521199376,44.03517843270235,0.9916773045853805
2023-09-19,29.973901555057292,30.314945267528685,29.888640626939445,30.201263427734375,30.147655506759683,30.588802595965454,48.73887121111663,1.2706414234949734
2023-09-20,30.314945234303774,30.485467090352586,29.898114231396868,29.9549560546875,30.129303177990906,30.563945868856514,45.299985142413185,1.2487977328040252
2023-09-21,29.73706887912983,29.793910707899844,29.43391968666994,29.53812789916992,30.073000770484146,30.52371771318253,40.1385727059184,-1.235342173787435
2023-09-22,29.661280219438854,29.78443570254216,29.481286523998076,29.576019287109375,30.02566920063893,30.4865530690228,40.7989138071597,-2.0702582265178577
2023-09-25,29.32023643275375,29.613911954931503,29.253920973116113,29.339181900024418,29.960289457723263,30.441558121218943,37.97885865427601,-2.0556670273155784
2023-09-26,28.960246012160873,29.149715143831394,28.51499590172017,28.53394317626953,29.82444695472767,30.366749692005243,30.308262544130105,-3.3996220963231956
2023-09-27,28.676045055084657,28.732885073671557,28.316054054573858,28.47710227966309,29.69612841424533,30.292645871913393,29.849960370492358,-3.715567658982578
2023-09-28,28.514998846575107,28.8560407891266,28.4297379092093,28.723413467407227,29.60348889549884,30.231107346246485,34.47390938173543,-2.0987921023683302
2023-09-29,28.893933761104424,29.168663834675137,28.75183280890755,28.86551284790039,29.53320546239423,30.177554620821148,37.05178104110258,1.1620184058774317
2023-10-02,28.676045393674553,28.74235905062753,28.38236804586617,28.619203567504883,29.446157662880957,30.116442814808746,34.516929855620944,0.4990019224788714
2023-10-03,28.429737253689012,28.742360081184746,28.31605540418525,28.439210891723633,29.350257970389784,30.05066901390345,32.75349365750895,-0.9894456868995795
2023-10-04,28.496049717959583,28.552889736871876,28.04132595283801,28.486576080322266,29.268002552288117,29.98933203611595,33.71321176561339,-1.3127664475418734
2023-10-05,28.42973785485834,28.4865778773563,27.946593146346338,28.117115020751953,29.15839421595134,29.91591176100364,30.104149248042564,-1.7543763772763277
2023-10-06,27.946593528852254,28.24974272887291,27.63397069046699,28.022380828857425,29.05020246479954,29.841655646017514,29.239795780790516,-1.465687864734366
2023-10-09,27.73817494859001,28.022376831338747,27.6718594894979,27.88974952697754,28.93968313738792,29.76511030801595,28.026523672889763,-2.0951150874077764
2023-10-10,27.179240160476184,28.098161171365064,27.02766559799784,27.70975112915039,28.82254675565101,29.684507987276124,26.42405122427062,-1.4488111290966583
2023-10-11,27.861329181731566,27.95606374687547,27.44449817924533,27.56765365600586,28.70303312711338,29.601494091932192,25.199126973391277,-1.6227285455463099
2023-10-12,27.72870240388285,27.82343697083477,26.39295024990431,26.648731231689453,28.507385327549194,29.48569946996189,19.049266466973226,-4.4497290808856444
2023-10-13,26.62031298217083,26.752940296019975,26.336109272179133,26.459264755249023,28.31232622542537,29.367015755659427,18.07005293344683,-4.512802616209236
2023-10-16,26.7150488776097,27.027671709272905,26.468739706161156,26.904516220092773,28.17824908206036,29.27044714642152,27.50164415557403,-2.405491030132031
2023-10-17,26.639262281031503,26.923464205699123,26.46874040346622,26.705575942993164,28.037994497387295,29.169863961973352,26.058235375011435,0.21331113593923678
2023-10-18,26.459263579853015,26.56347178291191,26.108746228507727,26.14664077758789,27.857865571692113,29.05130619003667,22.48723325399318,-1.181529345402971
2023-10-19,26.10874747233084,26.459264840374807,25.928753776359812,25.985593795776367,27.67955397398585,28.931082174575483,21.570017627940594,-3.415495067070333
2023-10-20,25.938225485864233,25.985593674249532,25.7298108777038,25.73928451538086,27.49476640649966,28.805913638920792,20.212140136037874,-3.618313380228124
2023-10-23,25.710861886159215,25.78664917560529,25.4550809135984,25.51192092895508,27.305923980066844,28.676737454216255,19.021760166845574,-2.427538795640898
2023-10-24,24.24248148008891,25.502446244712132,23.92985869809702,25.445606231689453,27.12875086117376,28.55002642588187,18.67626896446705,-2.0780266494225055
2023-10-25,25.06666868055185,25.568760595604257,25.000355029054855,25.36981964111328,26.96123360212038,28.42531243432232,18.26790970328834,-1.4354123714930747
2023-10-26,25.4550809135984,25.815070086739382,25.388765454285508,25.51192092895508,26.823203823723684,28.311061787053017,21.72389452812111,0.0
2023-10-27,25.55928787639592,25.6445488047852,25.085616855082822,25.1898250579834,26.667643941272228,28.188660346697347,19.691407394330778,-1.0052076235759315
2023-10-30,25.350876239310654,25.46455628583685,24.981413377732892,25.256141662597656,26.53321515282703,28.073659613987555,21.32354477773602,-0.4480835107373139
2023-10-31,25.312979397119985,25.47402762089695,25.218246635884263,25.350873947143555,26.420611228476222,27.96688370548387,23.70877177188654,-0.6312616845278187
2023-11-01,25.284562577685083,25.331928962585703,25.019306124271036,25.256141662597656,26.309709365059216,27.86058009595892,22.95917803310574,0.26326742826362
2023-11-02,25.417189251586535,25.957173976069996,25.303507401052887,25.9382266998291,26.27433006360873,27.785193688267555,38.12756213767041,2.7006699849231492
2023-11-03,26.345582909870014,26.80978031525366,26.345582909870014,26.459264755249023,26.291942891383997,27.733196475208004,46.75211139200304,4.372199595234697
2023-11-06,26.497158097688303,26.525579011403018,26.22242982609285,26.26032257080078,26.288931432280833,27.675436714250857,44.217698141325364,3.975986996027336
2023-11-07,26.10874802545138,26.317164445913495,25.919280687745072,26.023487091064453,26.263651018831656,27.610654376086686,41.344296270443465,0.3287055519331756
2023-11-08,25.9761182957673,26.137166511661317,25.805596442831103,25.871910095214844,26.226342359439577,27.54246832585642,39.5719096469522,-2.2198449785633576
2023-11-09,26.042434077228947,26.07085499067901,25.60665757913123,25.644550323486328,26.170933594110696,27.46804016890073,37.009099746782084,-2.3448769361239257
2023-11-10,25.805596373977917,26.28874102037087,25.521394491116887,26.222427368164062,26.17583776306816,27.419192608087528,46.49410394863314,0.7644643333287892
2023-11-13,26.15611616767021,26.36453078084303,25.966647023395517,26.26032257080078,26.183883935233172,27.37374672427236,47.057094309939586,1.501290295755073
2023-11-14,26.620311399958467,27.027668761896617,26.601364125702847,26.961353302001953,26.2579286368302,27.357574433202934,56.231858838127835,5.134825769628111
2023-11-15,27.141348676292807,27.65291423751416,27.131875039205948,27.425552368164062,26.369130896957234,27.36024023457396,61.04572654978421,4.588152664541962
2023-11-16,27.224667409190264,27.396854640378088,26.90899142686541,27.14813995361328,26.44332223568638,27.351922576497074,57.01024583679248,3.3808319772875772
2023-11-17,27.329896650298707,27.387291792783625,27.033352952141513,27.243803024291992,26.519558501267866,27.34768259405766,58.04033572006015,1.0476095881621283
2023-11-20,27.071612293760325,27.215102868373073,26.803767113541213,27.062047958374023,26.571224163849404,27.336481235795556,55.32777030891665,-1.3254223831495175
2023-11-21,27.023786574138654,27.148143019284635,26.81333650367675,26.889863967895508,26.601570811853794,27.31896683313281,52.80977150343696,-0.9513579426033503
2023-11-22,27.071611413268432,27.148138865778936,26.861161375004148,26.93768882751465,26.63358205144054,27.304014754481116,53.44355047088782,-1.1236103729879283
2023-11-24,26.966387895943388,27.081178164939445,26.84202964254616,26.975954055786133,26.666188908997263,27.2911496290421,53.9761538767601,-0.3181352080977667
2023-11-27,26.84203180564464,26.918559265995217,26.641147906433844,26.660280227661133,26.665626177441442,27.266409652517357,48.99640695935599,-0.8537928659976892
2023-11-28,26.564619871344178,26.746371445395393,26.373300312327743,26.5550537109375,26.65509546634583,27.238513341082854,47.42571673775119,-1.4204452320583565
2023-11-29,26.822901252911908,27.176840072084065,26.822901252911908,26.995086669921875,26.68747558097212,27.228967197115757,54.058237992953394,0.07092469870083572
2023-11-30,27.195971333570014,27.272498790778712,26.803767887305614,27.25336647033691,26.741369951387814,27.229924031359726,57.451225526895854,2.224606184223174
2023-12-01,27.090745435087253,27.64556995679664,27.023784138002096,27.58817481994629,26.822018034107668,27.243973081892534,61.42805257353732,3.8904877401293563
2023-12-04,27.62643602152631,27.73166195340011,27.291629555670387,27.6073055267334,26.89680731911964,27.258221413062763,61.648624386557834,2.267889947149761
2023-12-05,27.47338319956332,27.53078016197054,27.071613585505425,27.224668502807617,26.928032193756593,27.256905612660603,54.8878655109346,-0.10530063344845395
2023-12-06,27.473383023251195,27.75079619943019,27.387289404751403,27.540346145629883,26.986347808220717,27.268020927679007,58.89310297783129,-0.17336657690680593
2023-12-07,27.65513748919259,27.93255067609091,27.511648727668007,27.750797271728516,27.059152519030985,27.286953333328007,61.3563349620593,0.5197600499482561
2023-12-08,27.817758046124272,28.104735563746928,27.75079674698289,27.84645652770996,27.134133853190885,27.308894635068476,62.45755375866737,2.2839140349430522
2023-12-11,27.93254878725023,28.248224771081276,27.90385030706251,28.219526290893555,27.23750456154352,27.344605680394952,66.47055593722132,2.46612784629595
2023-12-12,28.238658323363612,28.276921138665667,28.066471093108223,28.133432388305664,27.322831021235153,27.375540061097333,64.75044440347338,1.3788256705942028
2023-12-13,28.19082837981679,28.46824155355638,27.87515238961294,28.391714096069336,27.424629409314598,27.4153900232531,67.47011186150802,1.9580860057249658
2023-12-14,28.55433307240338,29.463096335193217,28.55433307240338,29.243080139160156,27.597815193109412,27.487064145445533,74.46404683593097,3.6271120844324822
2023-12-15,29.15698403255565,29.348303558116793,28.96566633155272,29.13785171508789,27.744485338059743,27.551800912882488,72.39231791757308,3.570198306836309
2023-12-18,29.0134999465664,29.204819502763353,28.78391757386516,28.79348373413086,27.844389947209372,27.600494356853012,65.92789333255637,1.415094688196885
2023-12-19,28.93697245375386,29.090027368701595,28.850878836025945,29.061328887939453,27.96028889394557,27.65778198552307,68.29902526286264,-0.6215188357580547
2023-12-20,28.975235148849055,29.099591574683114,28.44910731756125,28.45867347717285,28.00775409234817,27.689189494999532,58.44382770753034,-2.3309139072986405
2023-12-21,28.66912466518993,28.879576535971967,28.52563591437574,28.87001037597656,28.089873738408016,27.735496196214317,62.42874924508426,0.26577764105351165
2023-12-22,28.99436841729713,29.176121818188474,28.831747337459312,28.9178409576416,28.168727759287407,27.781862657446762,62.87455795186514,-0.4937418066845509
2023-12-26,28.841312749065057,29.22395003740678,28.841312749065057,29.12829208374023,28.260114837806725,27.834663811419055,64.85079344058974,2.3529508749045904
2023-12-27,29.147423073709476,29.25264901399619,29.051765118421784,29.23351669311523,28.352819776407536,27.889520787171847,65.83019395065391,1.259113912342596
2023-12-28,29.281349391354855,29.348310694215563,29.18568960531442,29.300479888916016,28.443073120455963,27.944852516652013,66.47048235804789,1.323193290380487
2023-12-29,29.16655490029515,29.31004365535348,28.98480150412339,29.12829208374023,28.50833206934018,27.991261911439786,63.19147408006546,0.0
2024-01-02,28.879576001002093,29.396135859276026,28.774350067560295,29.166553497314453,28.57101982438535,28.03735177755252,63.62092021288069,-0.22906308708506548
2024-01-03,28.87001059465085,29.032631666687617,28.678691042410485,28.822179794311523,28.594939821521177,28.068129346837186,57.15716898227308,-1.6323967949256244
2024-01-04,28.774350084597536,29.061327581079816,28.554333882323895,28.965669631958008,28.63024742251516,28.10332700507722,59.02517241041635,-0.5582972435002492
2024-01-05,28.879575198955894,29.290910936922806,28.793481587541503,29.243080139160156,28.688612443148017,28.148023206413807,62.43526580661509,0.26237807580778927
2024-01-08,29.300475103824365,30.0466191236158,29.243079971396828,29.960525512695312,28.809747021200142,28.219101728228768,69.50401298909728,3.94954762792944
2024-01-09,29.67355236373007,29.788342645365383,29.18568910538341,29.262216567993164,28.852839358989954,28.260008192533256,58.05330086537472,1.0237876072023349
2024-01-10,29.176122419338387,29.491798424991508,29.013501336149897,29.35787582397461,28.900938069940874,28.3030618251388,59.04860407240566,0.3925567493853949
2024-01-11,29.271781898662013,29.44396914078992,29.061330014035207,29.405704498291016,28.94901106311708,28.346302714282025,59.565209351112884,-1.8518400625823468
2024-01-12,29.568325602749116,29.663985384512056,29.252649600122417,29.27178192138672,28.979751144857044,28.382596016521425,57.38238465491556,0.03268841022801128
2024-01-16,29.013499634130447,29.080460930710743,28.669125166507783,28.908273696899418,28.97294376886108,28.40321082751664,51.83031204583163,-1.5314531942669771
2024-01-17,28.64999441672314,28.77435084861848,28.42041022397125,28.55433464050293,28.93307623282697,28.40913725155532,47.05620278395839,-2.895254075064127
2024-01-18,28.82218118759855,29.013500749087452,28.630863450668205,28.850879669189453,28.925247988671018,28.426460483619405,51.1187435649762,-1.4379112734839814
2024-01-19,28.898708686964756,29.2335170077508,28.52563754856353,29.11872673034668,28.943674535497273,28.453608179569496,54.51377255418042,0.7280027706041624
2024-01-22,29.176120531473774,29.434401380630035,29.166554371368896,29.290912628173828,28.976744830037898,28.486443648142217,56.60057106777827,2.5795662793210337
2024-01-23,29.28134582177558,29.49179586576243,28.984800338745117,28.984800338745117,28.977512021343347,28.505987047773704,52.03046599708987,0.4641822748256829
2024-01-24,29.195252284213105,29.34830719379925,28.99436657503226,29.0517635345459,28.984583594029303,28.52739004725497,52.92588766877038,-0.2299660847841749
2024-01-25,29.271779192178176,29.721377752618693,29.185685579074484,29.48222923278809,29.031978416768236,28.564834721197446,58.31293161126048,0.6531602720710078
2024-01-26,29.587455756019526,29.740510665801843,29.45353316609961,29.52049446105957,29.07850375431979,28.60231157374106,58.76467133378005,1.8481897962166391
2024-01-29,29.46309856417593,29.82660535643908,29.434401907905716,29.79790687561035,29.147018337299844,28.649197664010444,61.98122848905125,2.568323744536894
2024-01-30,31.376290433538923,32.399845981389944,31.175406518342168,31.85458755493164,29.404882072312397,28.774899228360297,76.57209172306865,8.046739964646836
2024-01-31,31.873717511363996,31.940678811458348,30.955387982255303,31.07974624633789,29.56439294602911,28.865285385928047,66.25551685204363,5.2819297702995
2024-02-01,30.945820195708244,31.03191381768474,30.390997470061983,30.697107315063477,29.672270504984763,28.93712154001179,61.825610843282725,3.0176630969644465
2024-02-02,30.56318309045033,31.012779848784565,30.46752331282931,30.850160598754883,29.78445051391525,29.012142679570346,62.8942996931239,-3.153162647121624
2024-02-05,30.601446362358292,30.754503103565728,30.343165506303805,30.620576858520508,29.864081594353845,29.075218529725255,60.17307414421389,-1.4773910448882333
2024-02-06,30.71623803042141,30.80233164789623,30.563183115923614,30.64927673339844,29.938862083786663,29.136946302418323,60.40371236773132,-0.15581462179520872
2024-02-07,30.66841041097292,30.7258037257512,30.19011150130375,30.41012954711914,29.983744699342136,29.186875057112474,57.41979957457758,-1.4263493061151258
2024-02-08,30.333599383967183,30.429259163132297,30.16141397094022,30.35273170471191,30.018886318901163,29.232594925645785,56.695882219383854,-0.8747227560282441
2024-02-09,30.276203782821376,30.65884106906586,30.20924248579841,30.64927673339844,30.078923501234236,29.28815107496942,59.53440882679392,0.0
2024-02-12,30.63971063001012,30.974520784800617,30.524920349367463,30.783201217651367,30.145997569464438,29.346780492329497,60.78459445732076,1.2268006617800449
2024-02-13,30.295335214191073,30.44839012419714,29.625718614495696,29.922264099121097,30.12468961990793,29.36934847690956,50.074336111817004,-1.4182170151228533
2024-02-14,30.218809400528382,30.429259457077745,30.04662216127956,30.371864318847656,30.148230067426,29.408662823652232,54.57560862014114,-0.9051189591318779
2024-02-15,30.429257522140365,30.821462778022298,30.429257522140365,30.639707565307617,30.195037448176627,29.456939088030875,57.05941794529226,-0.4661427228740247
2024-02-16,30.54404992244406,30.811895102880243,30.352730372510973,30.524917602539062,30.226454605734954,29.498820598403746,55.65485852358104,2.0140638469789685
2024-02-20,30.266638172944575,30.8979901628677,30.257072012544707,30.888425827026367,30.289499483953183,29.55331492109483,59.08921668538795,1.700789595119296
2024-02-21,30.802331622223623,31.05104448965637,30.65884104351285,30.850160598754883,30.342895780600962,29.6041716143364,58.57495255217352,0.6868637143441767
2024-02-22,30.897987930407993,31.299759339939357,30.69710405020071,31.271059036254883,30.43129228113943,29.669539748529285,62.44651232506945,2.4443683794047533
2024-02-23,31.347588313924405,31.347588313924405,31.051042836630227,31.271059036254883,30.511270067340902,29.732344426479308,62.44651232506944,1.2387591759167087
2024-02-26,31.194536652814772,31.34759157495904,31.098875045776367,31.098875045776367,30.56723244623952,29.785933862530175,59.79512278817013,0.8062014660355529
2024-02-27,31.242366540189124,31.338024500891727,30.936256687000036,31.022350311279297,30.610577004814736,29.834420782088966,58.60418862389398,-0.79533195433912
2024-02-28,30.906553997149583,31.08989214696894,30.69427110871184,30.96445083618164,30.644279274468726,29.878735686171034,57.668316007488734,-0.9804855016831004
2024-02-29,31.128487160474577,31.263579788362023,31.003049527354268,31.10919189453125,30.688556666855632,29.92698887081261,59.41323134194393,0.033174347109652044
2024-03-01,31.15744070318786,31.475864157362548,30.954807261358685,31.31182861328125,30.747915899848547,29.981296311693736,61.78799154825554,0.933128209491925
2024-03-04,31.224981438318288,32.38289246557476,31.14778565208227,32.209205627441406,30.887086350095487,30.068665304468155,70.12461637825547,4.0199479004009415
2024-03-05,32.03551960543286,32.11271171273771,31.147786445591528,31.360071182250977,30.932132524586486,30.119308672224346,57.370143148060706,0.8064474595491796
2024-03-06,31.572357243412696,31.996923053644917,31.514460399831876,31.65920066833496,31.001377109705388,30.17969659364045,60.121804452866016,1.1093956196041816
2024-03-07,31.707446594007628,31.746044490210803,31.128489193653916,31.45656394958496,31.044728237312967,30.229769823285334,57.418014940165286,-2.3367284699974538
2024-03-08,31.58200303303725,31.736390926007857,31.369718299866022,31.56270408630371,31.09405927055018,30.282041755168407,58.47151163459518,0.6461493753477817
2024-03-11,31.649549419434543,31.784638373838007,31.321474666927017,31.746044158935547,31.156153069444024,30.339453614139668,60.298664284880694,0.27430727487521644
2024-03-12,31.746040473434867,31.832883888454862,31.55305469773515,31.73638916015625,31.211413649511854,30.394235400257966,60.148580560087446,0.8895606367553729
2024-03-13,31.842534819165515,31.88113271448303,31.45656322778617,31.58200454711914,31.24670802071255,30.440814582487818,57.67650731381053,0.06114957946142806
2024-03-14,31.514456502885167,31.59165228478055,31.089890745152985,31.389015197753903,31.260261085192678,30.477998920341392,54.65265069995674,-1.124640787980355
2024-03-15,31.263577964200824,31.456560059555905,31.234627705179545,31.36971664428711,31.270685424154053,30.51296824284907,54.34581601326604,-1.1553693585579141
2024-03-18,31.495159859597717,31.53375775336678,31.13813854447824,31.196035385131836,31.263575896628126,30.53975518960526,51.54127824367854,-1.2221173656391997
2024-03-19,31.04164115358902,31.408313751220703,30.94515010832157,31.408313751220703,31.27736045420837,30.57381630966861,54.623498355628634,0.061481869836366734
2024-03-20,31.43726533615465,31.63989874830577,31.2732261352007,31.524105072021484,31.300859941619144,30.611082535643234,56.25785461455562,0.4921575463528818
2024-03-21,31.70744913227174,32.17061288109339,31.668851232978703,31.967979431152344,31.364395131098497,30.664294178604376,61.92000428158444,2.4744940710909042
2024-03-22,31.823235337505967,31.8618332321758,31.398669538831307,31.42761611938477,31.370416177601953,30.69422837236047,52.93647896454446,0.06145623836082526
2024-03-25,31.3986697350448,31.562705267069912,31.311826311943896,31.331125259399418,31.36667418539219,30.7192047208718,51.49964991170308,-0.6121658717390258
2024-03-26,31.437267096547217,31.54340578440488,31.157437884536975,31.17673683166504,31.34858491360865,30.737147156589185,49.19865058475581,-2.4751098241643947
2024-03-27,31.36007010170408,31.881130611424755,31.244280104287594,31.861831665039062,31.39746555660202,30.781252431430357,58.13709948500256,1.3816369145048395
2024-03-28,31.93902495344768,32.151309690660575,31.726743897132575,31.803936004638672,31.43617702784361,30.82135766959539,57.220834472264,1.5090768088433397
2024-04-01,31.784635322314752,31.85217979303179,31.49515849339921,31.524105072021484,31.44455112728912,30.84891639125916,52.88258234612892,1.1141905011804714
2024-04-02,31.39866690330839,31.553054788130968,31.302172174733325,31.36971664428711,31.43742403366988,30.86933993059359,50.60307388727073,-1.5445283432714094
2024-04-03,31.360071644161476,31.59165533128264,31.27322822160327,31.42761611938477,31.43648994659511,30.891233114467756,51.4483089034909,-1.1832494103843487
2024-04-04,31.813587966848996,31.832886914343188,31.138139528143697,31.234630584716797,31.41726524546384,30.904699681928502,48.47119082477597,-0.9182639337210056
2024-04-05,31.19603866165824,31.504814482446047,31.147789448930418,31.398672103881836,31.41549447007508,30.924071149456086,51.06341367909911,0.09230386083197147
2024-04-08,31.639899040237538,31.639899040237538,31.060941696166992,31.060941696166992,31.381727539226688,30.929438621876123,45.93941769955176,-1.166726810665126
2024-04-09,31.157434824986876,31.42761269645368,30.97409668572232,31.408313751220703,31.384259559416595,30.948218038713165,51.347166064868915,0.5560596147690313
2024-04-10,30.94515095558476,31.05129331682354,30.62672571231719,30.829360961914062,31.331412073940164,30.943556976877908,43.53140314114868,-1.8131694871815587
2024-04-11,31.28287631050488,31.38901868194413,30.90655603423691,31.138139724731445,31.313005183539335,30.951187672872166,48.07135112190857,0.2485373087512655
2024-04-12,30.80041429474647,30.925853768431008,30.27935377225177,30.385496139526367,31.224670988871434,30.929003691172333,39.69418074686023,-3.256518703283087
2024-04-15,30.713569259508617,30.91620450997448,30.163562186092197,30.1925106048584,31.126369999917813,30.900121609356102,37.87176827447042,-2.065726752631738
2024-04-16,30.28900348514562,30.337250852674096,29.8161903260599,29.83548927307129,31.003428978313384,30.85837132165866,34.697978870136566,-4.18345624746981
2024-04-17,29.92233335462772,30.33725152228635,29.86443835276456,29.89338493347168,30.89771049785227,30.820528718200347,35.63990261487214,-1.6195595549764101
2024-04-18,29.96092894541108,30.038122893517027,29.642503679417928,29.82583999633789,30.79562759294614,30.781521317342996,35.00551159876321,-1.214442261259007
2024-04-19,29.825836498084975,30.28900013239651,29.825836498084975,30.17321014404297,30.73634974066965,30.757665977213584,40.837924863309404,1.1319434646459694
2024-04-22,30.39514817650816,30.655678459728858,30.18286526450372,30.44339370727539,30.70844916606067,30.74534157447091,44.97402124655715,1.8399012859459254
2024-04-23,30.462691208498896,30.742520426911582,30.37584778488454,30.424095153808594,30.681367831560472,30.732743675621407,44.73345746943798,2.0058283607239855
2024-04-24,30.433744824769853,30.59778035882758,30.22146008102653,30.414445877075195,30.655946693038064,30.72026140901175,44.60498602451707,0.7995030422039904
2024-04-25,30.317948825138124,30.568829589448217,30.105665950928984,30.250404357910156,30.617323613502073,30.701835642301887,42.37682651939408,-0.6339285009447341
2024-04-26,30.221458238532957,30.626726913168216,30.182862185945655,30.231107711791992,30.58054114667254,30.68337572345836,42.11034664251552,-0.6343243440469016
2024-04-29,30.26970407605089,30.684620362540915,30.26970407605089,30.66532325744629,30.5886156334129,30.68266778361475,49.765383690192884,0.8248625715064954
2024-04-30,31.95832300307203,33.260974289072195,31.900429844292702,32.209205627441406,30.74295753760609,30.742532012784423,66.65114894186242,6.475289541110033
2024-05-01,32.24780155202404,32.86535683201139,31.68814679568592,32.30569839477539,30.891790000193645,30.80383265521544,67.38896396087108,6.862436873837012
2024-05-02,32.575878284597636,32.61447618211768,31.919732431247496,32.39254379272461,31.03471893281564,30.86613505276482,68.07359003086822,5.632487617292307
2024-05-03,32.57587143018086,32.682013785578086,32.3346401427862,32.53727722167969,31.177819722231263,30.931670039781093,69.23285512155947,1.0185646862360764
2024-05-06,32.517980087304494,32.662716659260596,31.765335925722137,32.26709747314453,31.28156046041348,30.984039743050246,64.52291610403914,-0.11948641740895492
2024-05-07,32.392543006111254,32.4793864329734,32.19955720409559,32.247802734375,31.3735835341241,31.033599076043373,64.18708456060908,-0.4468344915292461
2024-05-08,32.13201000388521,32.7592128870864,32.13201000388521,32.73991394042969,31.503710239486537,31.10051338445068,68.6665369964979,0.6227832690775444
2024-05-09,32.80746052150926,33.01974526747696,32.749563677818635,33.00044631958008,31.64625653282878,31.175020558377323,70.75227823968504,2.272745006103828
2024-05-10,33.14517960017716,33.174129859582735,32.88465303180997,32.971492767333984,31.772469507543562,31.245470448924642,70.1930731424176,2.2441530014308753
2024-05-13,32.97149435125822,33.232024613038654,32.952199085257675,33.07763671875,31.89677114670608,31.317320106564853,71.09502099998365,1.031532272610122
2024-05-14,33.15483033939037,33.801328454189346,33.125883761383704,33.72413635253906,32.070805928213986,31.411705057387373,75.88201575904168,2.1929704403106784
2024-05-15,33.82063175061184,33.90747517670115,33.646944898433226,33.8785285949707,32.242969991714624,31.508443235331818,76.8672933808741,2.7509698576200075
2024-05-16,33.839932269221244,34.081163610564936,33.78203542217542,33.98467254638672,32.40884642549292,31.605550267137893,77.54643049232874,2.7421421770515035
2024-05-17,34.110107421875,34.14870531676911,33.88817504758065,34.110107421875,32.570871282291215,31.703768194774643,78.35514176046857,1.1444950444427855
2024-05-20,34.129406766602585,34.35133914348032,34.06186229020057,34.274147033691406,32.7330880205198,31.804567364928243,79.40007571112058,1.167755670414308
2024-05-21,34.15835639669103,35.50924958064004,34.15835639669103,35.20047378540039,32.96807714098462,31.93774016573107,84.07532546536976,3.577498760225474
2024-05-22,35.19082418887415,35.451354441740804,35.055735246105726,35.296966552734375,33.18987613257983,32.06947453384885,84.47069788423067,3.47949396986723
2024-05-23,35.24871903761142,35.306615879102814,34.81450560956825,34.85309982299805,33.34827838881014,32.17863630989392,75.21929530166273,1.6891821953658872
2024-05-24,35.084684040559246,35.24871957259447,34.96889403671686,35.00748825073242,33.50629837565988,32.28957168012288,76.19585958303357,-0.5482469805506159
2024-05-28,34.91099453124608,34.95924005575863,34.48642876227909,34.592567443847656,33.60975257263014,32.379885239484636,68.39493181217075,-1.9956363894170124
2024-05-29,34.22590084823522,34.54432427646366,34.15835637312925,34.30309295654297,33.67578499014565,32.45530514995751,63.50970489122639,-1.5780715897532662
2024-05-30,35.38380605664279,35.97241102988744,34.93994133878203,35.66363525390625,33.865104062884754,32.581122016779034,73.19909952958727,1.8743047158206225
2024-05-31,35.644188819424606,36.23728693796893,35.61502127556043,36.227561950683594,34.09010005219893,32.72411966124588,76.03909575546618,4.726432952656493
2024-06-03,36.22755963293668,36.47063237357607,36.01365814329108,36.32479095458984,34.30292775718854,32.86532245706329,76.50144212523054,5.893631809260072
2024-06-04,36.013660693977826,36.20811964206113,35.88726182137428,35.98448944091797,34.4630764889723,32.987642730939946,71.31468464181458,0.8996676438826451
2024-06-05,36.16922945563173,36.48036230913856,35.93587796100353,36.451194763183594,34.652421086516235,33.12346830083185,73.92566233568469,0.6173002003403659
2024-06-06,36.39286078712659,36.45119959576706,36.22756935047693,36.36369323730469,34.815399386591324,33.25053594539941,72.59156580938354,0.10709568229445059
2024-06-07,36.17895190675872,36.25673697715363,35.799758961074296,35.90671157836914,34.919333881046356,33.35469969571195,65.90255205811418,-0.2161427430463607
2024-06-10,35.6539158661025,35.87754610189499,35.56641322035307,35.838653564453125,35.00688813660891,33.45210965134886,64.94277154463144,-1.6804420340952642
2024-06-11,35.644195326336586,36.52898017202947,35.595581508023116,36.3150749206543,35.13147735413704,33.56438279916476,68.4109604892026,-0.13370016167806134
2024-06-12,36.703984136197334,37.24846841491315,36.47063267132035,36.96650314331055,35.30624171501071,33.69779928324891,72.42757511581374,2.9515138489592125
2024-06-13,36.40257948364693,37.11235158124328,36.09144661097446,37.02484893798828,35.46991859338952,33.828271818728886,72.76164117485321,3.30982125598517
2024-06-14,36.80121913247964,36.91789674282312,36.0233869418387,36.21784591674805,35.54114976704272,33.9219806068865,61.637799434998996,-0.2677373077673337
2024-06-17,37.33597678601772,38.065195053643095,36.85955255254427,37.67627716064453,35.74449523310003,34.069207922720146,70.43470631888778,1.9200464122407126
2024-06-18,37.91935382574963,39.134717730421094,37.617942242152445,39.0958251953125,36.06366951521551,34.26633016870416,76.1640807478163,5.5934765886359985
2024-06-20,39.12499667428765,39.329176921277856,38.512452224320675,38.74580001831055,36.319110515510275,34.44199565300245,72.43658750341697,6.979857685002493
2024-06-21,38.93053674702822,39.338897230942926,38.67773898260807,38.94025802612305,36.56874361175911,34.61839809900718,73.22069778464632,3.3548454378577266
2024-06-24,38.78469334643139,39.26111764147671,38.49300674348358,38.79441833496094,36.78071263301643,34.78216359845635,71.57614782184314,-0.7709438510270925
2024-06-25,38.70690705754335,38.88191973884013,38.52216938895456,38.66801452636719,36.9604556704784,34.934549909354814,70.10640942337011,-0.20075851293972352
2024-06-26,38.35688174636008,38.434663099820725,36.93733773749099,37.21929931640625,36.985107446281056,35.024147925317614,55.93109801761812,-4.419484607837711
2024-06-27,37.219302229039755,37.72489404758528,36.82066302524374,37.520713806152344,37.03611757579261,35.12205246966408,57.84108370111109,-3.2832159456834815
2024-06-28,37.72489235339227,37.97769010581021,37.5984934771833,37.77350616455078,37.10634506043625,35.22603104593414,59.42924803389293,-2.3133030562157604
2024-07-01,37.86101212701167,37.987411001947926,37.355420336262654,37.58877182006836,37.152290466115495,35.31868754688058,57.718104481411956,0.9926906482606621
2024-07-02,37.598499969732366,37.82213021587111,37.092911795583085,37.32625961303711,37.16885895629851,35.39741586320045,55.282211731224706,-0.5182582456183159
2024-07-03,37.44292549898025,37.501264295342025,37.11234640425534,37.35541915893555,37.18662659464489,35.47420030617045,55.50683530704497,-1.1068260483788386
2024-07-05,37.42348782476834,37.45265537225645,37.06373743043177,37.37487030029297,37.20455456661138,35.54873638437134,55.66681063682522,-0.569056953494794
2024-07-08,39.76670465203016,42.37244491186467,39.68891958923106,41.85712814331055,37.6476568120113,35.7961242964866,76.57142143904032,12.138554940262273
2024-07-09,42.343274592249415,43.80171117091929,42.343274592249415,43.4322395324707,38.198569452055054,36.09557979593696,80.11912777692969,16.26757378274943
2024-07-10,43.75309598165926,44.46286798250445,43.5100232262056,44.21979522705078,38.772019525864174,36.414176479510054,81.61795073584479,18.31424396061157
2024-07-11,44.47259524933033,44.598990418167936,43.52947172294894,43.80171203613281,39.25103786017547,36.70388375624036,78.24553891183427,4.645765199572207
2024-07-12,44.22952751575034,44.851793278996475,43.96700845144403,44.35592269897461,39.737217368632535,37.003963714778955,79.45727969146286,2.1267223989528437
2024-07-15,44.54065624859139,44.98790926064017,44.161459607249675,44.49203872680664,40.19005749798245,37.29761371525063,79.75553404542946,0.615659792990897
2024-07-16,44.637887878387275,45.10458719921574,44.453153889620744,44.91985321044922,40.640514232503094,37.596525068003515,80.70380285624327,2.5527339511159557
2024-07-17,44.33647272254879,44.77400445980343,44.33647272254879,44.56982421875,41.01473423119327,37.8699877797975,77.50499572605062,0.48223891367800464
2024-07-18,44.42397460596955,44.53092720977292,43.3544559859275,43.74337387084961,41.274604673065305,38.10031664611327,70.40890619163847,-1.682693977127098
2024-07-19,43.830882730860395,43.830882730860395,42.96554057258006,43.082218170166016,41.44675833945585,38.29568533333103,65.26117410279053,-4.090919513191405
2024-07-22,43.30584466871171,43.315565947345846,42.65440773034292,43.082218170166016,41.6025164185711,38.48339250340299,65.26117410279053,-3.337697813845463
2024-07-23,43.07249343896947,43.403072549439045,42.79052813995211,42.83914566040039,41.72029063207865,38.654206352697,63.28823893271227,-2.06712041261132
2024-07-24,42.59608044277153,43.07250107202624,42.53774163329277,42.732200622558594,41.81666301212436,38.81412769661314,62.39449383129691,-0.8124408688172081
2024-07-25,42.6738555654787,42.693301832457955,41.526551776675994,41.623783111572266,41.79829349778606,38.92431026190566,53.89882822390576,-3.3852366951794997
2024-07-26,42.05158804027822,42.05158804027822,41.439043638398054,41.66267013549805,41.785376987091965,39.031696923615165,54.13477858755117,-2.7462628088539427
2024-07-29,41.80851596300638,41.82796222946405,41.215417817533655,41.49738311767578,41.757948999528516,39.128390499852834,52.895563604285115,-2.889665139854615
2024-07-30,38.45410968072315,38.80413504665575,36.55814142125219,38.63884735107422,41.46089169967573,39.1091927293125,37.08472453274518,-7.171226489665648
2024-07-31,39.58197173268895,39.74726315647599,38.79441827681001,38.9013671875,41.2171274604209,39.10104270806495,38.891242561798286,-6.627762788648826
2024-08-01,39.11526832625073,39.338894821698325,38.36660377592825,38.93053436279297,40.99935668921824,39.09435610628958,39.10046924681257,-6.18556776846361
2024-08-02,38.36660328757139,38.49300216043149,37.46237232979522,37.86101150512695,40.70046667168574,39.045989651342026,34.44351974576877,-2.013092779087885
2024-08-05,36.801217133418106,37.06373617893608,36.14978386820391,36.71371078491211,40.32077563485016,38.95452773501144,30.277583253712667,-5.623597731266474
2024-08-06,37.08318375605173,37.62766813365316,36.84011096928264,37.267921447753906,40.030027617031465,38.88838631198173,34.4048196500736,-4.2707169121934
2024-08-07,37.792953478395255,37.85129227880019,36.71370977937895,36.80121612548828,39.72252176069402,38.806536500746695,32.65195393264602,-2.799173443887413
2024-08-08,37.04428681503284,37.579049849532666,36.95678047384159,37.540157318115234,39.51467752806747,38.75687457201605,38.034994595709755,2.2510569363169957
2024-08-09,37.47209648835561,37.65683044537599,37.24847000070068,37.38459014892578,39.311812063387315,38.70305949660075,37.35800944471365,0.313053952674644
2024-08-12,37.42348949659272,38.26938179250424,37.42348949659272,38.22076797485352,39.20790310257457,38.684146103591054,43.20913782349562,3.8573503781090244
2024-08-13,38.327710442069694,38.93053354831237,38.201315279241065,38.66801452636719,39.15648514293577,38.683513492719534,46.10865786105191,3.004401922705046
2024-08-14,38.58051019041017,38.7263553354011,38.181870997630575,38.49300384521485,39.09329644791473,38.676042526150724,45.13750533762462,2.9648946046314193
2024-08-15,38.71662915753887,39.43612616358428,38.71662915753887,39.14443588256836,39.098166870262695,38.69441089306906,49.40888753300525,2.4166649616317044
2024-08-16,39.08610153198242,39.17360787614118,38.64856981118862,39.08610153198242,39.09701779042648,38.709771310281354,49.040682833290155,1.0812218075746987
2024-08-19,39.04721325713052,39.50419129412345,38.88192553847141,39.484745025634766,39.13394419377965,38.740162436373645,51.69018698645828,2.576419300524919
2024-08-20,39.465297375843846,39.65975634492808,39.231945871143495,39.601417541503906,39.17846546499148,38.773937146378756,52.46909408609149,1.1674243059894192
2024-08-21,40.06811694753857,40.94318045622636,40.05839566810708,40.91401290893555,39.34375569774806,38.85786168608686,60.23658822346957,4.676627510311885
2024-08-22,40.72927670399131,40.914014400893294,40.068118408650136,40.12645721435547,39.41829869932972,38.90761053033269,54.483453278034155,1.6252154808245132
2024-08-23,40.44730633055543,40.855670501587795,40.34035743025736,40.77788543701172,39.547783150537526,38.98095464432011,58.052257818807476,2.970772180755464
2024-08-26,40.97234387317165,41.195970367515976,40.768163644726314,41.05012893676758,39.69086370160706,39.06209873422001,59.482061563168834,0.33268804048869954
2024-08-27,41.0501293748805,41.380708480699376,40.71955026906162,41.34181594848633,39.848097248928894,39.15149940928928,61.01528843031306,3.0288214273151874
2024-08-28,41.37098444253665,41.41959825442055,40.85567136037432,41.14735794067383,39.97183636242841,39.22976837130436,59.40148799205672,0.9060609683472224
2024-08-29,41.293200440630216,41.48765567571161,40.63204225616505,40.70982360839844,40.042120862044605,39.28780975315119,55.82380711276297,-0.8289994140903602
2024-08-30,41.00347932540727,41.032843239100494,40.220410510532574,40.964324951171875,40.12994982291387,39.35355544719121,57.42990325045709,-0.9130972809342073
2024-09-03,40.455331604647455,40.65109600103264,39.70162672987163,39.809295654296875,40.09941133066464,39.37142761217575,48.764739637579076,-3.2518789865103086
2024-09-04,39.98548376890841,40.44553828258722,39.82887002250209,40.36723327636719,40.12491818263631,39.410478814693064,52.49353642265903,-0.8415421676270137
2024-09-05,40.33787018367476,40.79792474926767,40.102951404539375,40.494483947753906,40.16011492217132,39.45298881991114,53.327826187699145,-1.146951656051952
2024-09-06,40.797925276086346,41.257979847619886,39.48628358474892,39.77993392944336,40.12390720857818,39.46581019675554,48.2081561663878,-0.07375595164629953
2024-09-09,39.83866462514015,40.34766028738667,39.75056915025197,40.10295104980469,40.12191138393309,39.49079611256139,50.52069619867128,-0.6546949223721578
2024-09-10,40.07358366026743,40.42596556208945,39.87781925611445,40.2889289855957,40.13781782218667,39.52209544091568,51.85364021419466,-0.5076122526302859
2024-09-11,40.269351611343495,41.00347932540727,39.887605797465,40.964324951171875,40.21653278685193,39.57865346092573,56.442769658672326,2.977357940888588
2024-09-12,40.925172365870544,41.00347737665312,40.318290795964835,40.97411346435547,40.28868332756655,39.63337738262886,56.50747266314242,2.172314983675058
2024-09-13,41.209034402265814,41.70824334143168,41.16009330120184,41.60057067871094,40.4136249800565,39.71052221776933,60.54677253309132,3.255588386537103
2024-09-16,41.58098813903611,42.06061982924312,41.37543330064718,42.00188827514648,40.56488815101745,39.800379710215495,62.92243186389344,2.5328461416399355
2024-09-17,42.08998615520356,42.67728679401519,42.08998615520356,42.383636474609375,40.73810227707382,39.90168389705447,65.07665618314806,3.440032964911101
2024-09-18,42.45215753204121,42.93178928111981,42.2563893949894,42.5010986328125,40.90600669190608,40.00362172982929,65.73631506277961,2.16470096301445
2024-09-19,43.93020055168631,44.29236915451095,42.8339005493509,43.489723205566406,41.1520749313023,40.1403315916229,70.74498119040473,3.542304861803836
2024-09-20,43.12755589868502,43.577819984263655,43.07861106567153,43.55824279785156,41.381233775735566,40.2743673252005,71.06073137907524,2.7713674921354494
2024-09-23,43.68549330889475,43.90083489477944,43.528879549175635,43.70507049560547,41.602551558580316,40.40890470443207,71.764004854656,2.8328017428317858
2024-09-24,43.95956482944699,44.63496094314328,43.665914507577575,44.33152389526367,41.862453685883494,40.56273290799409,74.6001784947784,1.935631288611008
2024-09-25,44.46856186231457,44.46856186231457,43.597397595307186,43.72464370727539,42.039805116492246,40.68672940992669,67.52417738034417,0.3820193348847295
2024-09-26,44.05744896059913,44.3706802161802,44.05744896059913,44.32173538208008,42.25713180845299,40.82927866373663,70.48996774317793,1.4109687491217178
2024-09-27,44.46856015822219,44.49792407001781,43.70506857980476,43.92041015625,42.415539270147946,40.95049950658029,66.11929179235905,-0.9273620730587941
2024-09-30,43.94977929487123,44.20427525166613,43.64633850479922,44.194488525390625,42.584963008742484,41.07771476221991,67.59693757974537,1.0745537945619814
2024-10-01,44.135760265885935,44.174914641848595,43.3526914164668,43.5974006652832,42.68138564269874,41.17652597410475,61.322354882479935,-1.6342652437966905
2024-10-02,43.6169727939666,44.214060155288095,43.430991396700065,43.959564208984375,42.80311693472594,41.28566472841376,63.53343200834794,0.08914773927447776
2024-10-03,43.76379880409614,44.15533507469238,43.47993519461219,43.646339416503906,42.88342383775242,41.37824020637808,60.321600136188884,-1.2403110142835934
2024-10-04,44.01829795723007,44.06723905695928,43.4897251186348,43.93020248413086,42.98311704216941,41.47831715844682,62.1872338494807,0.7633524333313472
2024-10-07,43.71486185044552,43.802957332987866,43.11777066143265,43.1765022277832,43.00153467889454,41.544912651361976,54.81728897563203,-1.781323348608472
2024-10-08,43.47993519461219,43.84210755180203,43.08840265798256,43.646339416503906,43.06294465390495,41.62732154411264,58.14711689295145,0.0
2024-10-09,43.656126948651114,46.44581452670775,43.63655349533003,45.74105072021485,43.318002374505895,41.788644256900966,69.08587341591776,4.12210309464914
2024-10-10,45.90745141822515,46.05427471065333,44.9090373470547,45.04607391357422,43.482580616321926,41.91638659637835,63.18535930795741,4.330067488857363
2024-10-11,45.16352957077831,45.927021083564256,45.13416566150687,45.47675704956055,43.67250218139227,42.05600896709138,65.17062449499424,4.193748336119359
2024-10-14,45.398454702683416,46.05427360788511,45.17332267251121,45.83893203735352,43.87882883434096,42.20435889141539,66.79236434019926,0.2139900933570249
2024-10-15,46.10321802432598,46.23046787105379,44.73284855929027,44.79157638549805,43.9657571725464,42.305818400987256,58.33346794671787,-0.5649716078796412
2024-10-16,44.75242173851954,45.50612655708129,44.713267368576176,45.03628158569336,44.067711878560395,42.41289538862279,59.62019033475348,-0.968572722516598
2024-10-17,45.506124219695955,45.56485203762826,45.07543364037347,45.53548812866211,44.207500092855796,42.53535000587924,62.18570921702095,-0.6619785741171741
2024-10-18,45.476762994607064,45.7214722277687,45.212476574716504,45.67253112792969,44.347026858100925,42.658376716547885,62.882891518131295,1.9667866449926132
2024-10-21,45.61380209792287,46.39687467465011,45.50613316589131,46.03470230102539,44.50775785266516,42.790781641429355,64.73341868093301,2.2169252881863115
2024-10-22,45.48655367864354,46.44581342927852,45.320149457612686,46.30877685546875,44.67928347197979,42.928742238058355,66.11039769297682,1.6982111284756327
2024-10-23,46.06406350793003,46.710095679609275,45.58443180845674,45.89765930175781,44.79531926529198,43.045170358203436,62.1879922602558,0.4929181025626463
2024-10-24,46.20110079103593,46.240255161801606,45.77041018054607,45.81935501098633,44.89284647916763,43.15396191321453,61.440270441020424,-0.4677933803739745
2024-10-25,46.03469747703875,46.15216059161891,45.21247434480953,45.27120590209961,44.92888070992306,43.23699108924924,56.33402015316411,-2.240549251834991
2024-10-28,45.68231633585576,46.240256804167906,45.398456472638195,45.84872055053711,45.016484504267254,43.339411852436996,60.09677522364347,-0.10662581047750477
2024-10-29,48.38391069339807,49.95004831839303,47.9825876936202,47.992374420166016,45.29990259149571,43.52188097274009,70.32026382332522,4.742579655821546
2024-10-30,47.88470456574161,48.31539523834098,46.91565802032672,47.02333068847656,45.46403860073198,43.659192726298386,62.52200864358034,3.8702852099101963
2024-10-31,47.17015209653833,47.630206665907785,46.51433312093794,46.58285140991211,45.57059220160628,43.77384600800873,59.3027309952836,1.6012024993495697
2024-11-01,46.63179168236281,47.3854965816446,46.40665963202669,47.33655548095703,45.73877918059207,43.9135601049871,62.829551633970226,-1.3665065484516108
2024-11-04,47.38549654945168,47.434437650106,45.927027852566525,46.0249137878418,45.76603009556823,43.99635828862846,54.05103464726905,-2.1232373079847267
2024-11-05,46.0249115498135,46.29898468732379,45.63337529568471,46.2794075012207,45.81492318182085,44.085889630298745,55.354447281026715,-0.651406900838273
2024-11-06,47.76723959264834,47.86512552224835,47.091843481257094,47.219093322753906,45.948653671433526,44.208760363336204,59.87986688236797,-0.24814259721618045
2024-11-07,47.37570723629593,47.53232099021896,47.130998012418296,47.19951629638672,46.06778344523859,44.32604490973034,59.743996856481424,2.552101485641917
2024-11-08,47.072269807263645,48.10983833463533,47.072269807263645,47.68893814086914,46.22217913053674,44.457923075657355,62.06162051383326,3.0456972458242006
2024-11-11,47.92385514845909,48.354545786964614,47.81618248883271,47.88470077514648,46.380514525261475,44.59230651485301,62.97970628475046,1.4096150636416995
2024-11-12,47.698720583869125,47.92385261757743,46.94501574025453,47.29739761352539,46.46783672414375,44.69838851872252,58.41272561616446,0.20737779710290172
2024-11-13,47.3757061783193,47.47358837209791,46.14236962649725,46.21088790893555,46.44336540840963,44.7577022202995,51.03900474101829,-3.0993565584697165
2024-11-14,46.20110636850591,46.602429382386696,46.02491541275662,46.05427932739258,46.406309591169915,44.80854838136197,50.05811466479076,-3.822560062240046
2024-11-15,45.86718350988314,46.27090908955321,45.601314895516914,45.778560638427734,46.34652397662304,44.84658807771749,48.29822810707104,-3.2112485078107604
2024-11-18,45.8376416047567,45.97549857474094,45.30590435797117,45.72932434082031,46.28774305892754,44.88120518607447,47.973874414903584,-1.042099794888635
2024-11-19,45.23697540864412,46.66478670199213,45.12866190214022,46.56631851196289,46.314274054454714,44.94728806159951,53.669907973543395,1.1118167346193977
2024-11-20,46.48753976347948,46.802642471082265,46.22167114962953,46.625396728515625,46.343904785317655,45.01309624461583,54.05229618360573,1.8498530278757477
2024-11-21,46.62539936561832,47.31468798610534,46.45800268612674,47.10790252685547,46.41666647498792,45.09524551058601,57.162075664812924,3.0146480533161246
2024-11-22,47.0882077234568,47.85627014039465,46.98973953124658,47.777496337890625,46.54626931907389,45.20043181753913,61.097049911349934,2.6009739756785426
2024-11-25,48.250150323265174,48.50616987628096,47.5214729309082,47.5214729309082,46.6391458535343,45.29145303767125,58.870343449164864,1.9218629014786417
2024-11-26,47.52147672678621,47.551020191805335,47.05867167979159,47.26545715332031,46.69879454875202,45.36886496377514,56.64707472879021,0.33445476876204444
2024-11-27,47.35407833603919,47.80703804931655,47.11774940597397,47.48208999633789,46.77339411518877,45.45173653367956,58.08939456075917,-0.6182959849205371
2024-11-29,47.48208698952759,48.230455000755285,47.44269821095754,47.92519760131836,46.883089685296355,45.548735006920296,60.951079318300756,0.8495626198226943
2024-12-02,48.14183451776915,48.840968468662325,48.0039775422489,48.486480712890625,47.03579359268628,45.66394072087992,64.27834080355481,2.5833317460773526
2024-12-03,48.26984683878236,48.535715476500606,48.19106927664914,48.41754913330078,47.16738935845909,45.77192536450427,63.56203799976867,1.970130499805377
2024-12-04,48.4963258606663,48.584948738380255,48.131989032873776,48.397857666015625,47.28457681632162,45.87490310181844,63.34487391586682,0.9862454165118839
2024-12-05,48.32892940926157,49.2348488246002,48.32892940926157,48.99851989746094,47.44780949071584,45.99739787811815,67.04371265657457,1.0560452667256208
2024-12-06,48.959133698631874,49.16591915721722,48.65387629096723,48.80158233642578,47.57674023792631,46.107365896091,64.7371401902967,0.793169439592448
2024-12-09,48.85081957588712,49.00837094823013,47.55101981497704,47.76765060424805,47.594922177575995,46.17247510033245,54.195254551506416,-1.3021383428095448
2024-12-10,47.75779909234336,48.23045314806582,47.46239077705689,47.62978744506836,47.598242679241935,46.229624604047586,52.956946292139534,-2.793415913902952
2024-12-11,47.93504643367374,47.93504643367374,46.8518813226752,46.90111541748047,47.53184960669322,46.25595757712339,46.86216143190923,-3.8942731525465173
2024-12-12,46.83218833757386,48.27969030111402,46.77310516824376,47.866119384765625,47.5636848236525,46.319101177423086,54.35446598346196,0.20614114211600174
2024-12-13,48.00397893114642,48.31908167182981,47.117750125273794,47.41316223144531,47.549349338680386,46.36200553248278,50.73820828211436,-0.4548103723387002
2024-12-16,47.56086201480465,48.29938472856348,47.43285035931663,47.44269943237305,47.53919220474636,46.404385685419655,50.9672986642193,1.1547358950246307
2024-12-17,47.26545413708965,47.55101715735156,46.86172853325484,47.02912521362305,47.49061439606795,46.428885274760965,47.62747875711195,-1.7486150577917305
2024-12-18,47.16698398009999,47.452543232154255,45.670244210637776,45.79825210571289,47.32943703508175,46.404154562249275,39.36066161149313,-3.4060375847729953
2024-12-19,46.13305072048119,46.7829505588556,45.97549935833954,46.339839935302734,47.235189692245655,46.40163242001608,43.96904949307615,-2.3246137135227265
2024-12-20,45.98534805682284,46.58601379394531,45.82779669596455,46.58601379394531,47.17336341621705,46.408863062130955,45.97868566001616,-0.9422063830976324
2024-12-23,46.55646729098731,46.84203028774477,46.310293070952355,46.773101806640625,47.13524326292406,46.42314693446467,47.51924432185582,2.128574030898728
2024-12-24,46.6253982403022,47.16698455810547,46.32014459534475,47.16698455810547,47.138266243417526,46.45231703735254,50.70644161802137,1.7849535603868087
2024-12-26,46.88142171758167,47.31468701708717,46.73371567467352,47.25560760498047,47.14944161118542,46.483818628239916,51.421298605999866,1.4373279800174317
2024-12-27,46.88142001093876,47.33437968343079,46.72386865718847,47.0488166809082,47.139858284492355,46.505975414619066,49.61330602205015,0.5894731450725242
2024-12-30,46.438309054086254,46.85188373565601,45.85733769029313,46.61555480957031,47.08992462021406,46.51027264579363,45.966608460234404,-1.1691011280482528
2024-12-31,46.87157470837111,46.95035226974277,46.4776981704754,46.79280090332031,47.06162712336704,46.52135218530448,47.661469093046875,-0.9793688519018833
2025-01-02,46.79279936059296,46.920811015441025,45.66039636929552,45.99519348144531,46.96006201461259,46.50071851064334,41.372484090123606,-2.239425502683125
2025-01-03,46.329987459313614,46.80264151102226,46.04442446255615,46.773101806640625,46.94225628052002,46.511400208525586,48.5087422246096,0.33797087198448966
2025-01-06,47.04881860529965,47.718412825206286,46.85188222229711,47.600250244140625,47.00492237229341,46.554100209922254,54.80775757868795,1.7255845455556342
2025-01-07,47.875965374109846,47.98428264124308,46.88142309249901,47.11774826049805,47.01566769497956,46.57620405504287,50.89640800360366,2.440591492468835
2025-01-08,47.068512682856166,47.14729024059156,46.359533444841134,46.99958419799805,47.014135933362276,46.59280719790386,49.956155280743275,0.4842150351578072
2025-01-10,46.63524706713381,46.7140208680128,46.192132698687345,46.39891815185547,46.95554376369496,46.58520370590196,45.36798708502394,-2.523793648402163
2025-01-13,45.70963237586592,46.152746771690744,45.48315251940455,45.8671875,46.8518907862002,46.557046207631295,41.715481564916566,-2.6541182604570164
2025-01-14,46.182289661363875,46.82234044175564,46.14290088082014,46.70417785644531,46.83782288812831,46.562816076212236,48.71467397347878,-0.6285296914718604
2025-01-15,47.44270061372349,48.161528955589496,47.42300622344103,48.06306076049805,46.95451220930638,46.62164920108619,57.61410670074749,3.5865978667781286
2025-01-16,48.33877466407844,48.55540920065075,48.053211639746,48.486480712890625,47.1004139715525,46.694779848607936,59.94640793234518,5.710603495997275
2025-01-17,49.106833100822875,49.549947454827446,48.74249630145048,49.077293395996094,47.28868820245189,46.78821175242708,63.00531191744191,5.081163288742667
2025-01-21,49.284082033809725,51.233781561361845,49.23484793713675,50.76112747192383,47.619396704306354,46.944012368877935,70.03023901926124,5.613597362994539
2025-01-22,51.25347791231616,53.49858961844846,51.223938204446306,53.1834831237793,48.14930969663711,47.18869749652113,76.84281686964447,9.687241354351226
2025-01-23,52.90776786510635,53.695524691595615,52.8979225481656,53.1539421081543,48.62594135487684,47.42262865776165,76.61409427477716,8.306588301975902
2025-01-24,53.281950467521504,53.43950182306505,52.858530495188106,53.41980743408203,49.08250002908686,47.65781213918598,77.26983087024435,5.237629845059547
2025-01-27,50.564189564440845,50.711895617310915,47.82673310013104,48.77204132080078,49.05293253305961,47.70150740121009,50.57294038660038,-8.294759094118227
2025-01-28,49.10683735421238,51.1943976569323,48.30923520424039,50.44602584838867,49.18560808690047,47.80913557560925,56.41397570906291,-5.094478701609238
2025-01-29,54.26665294903033,54.48328749375972,48.78189089100824,49.03791046142578,49.171541646379076,47.857322826033425,50.958720641191164,-8.20275696063364
2025-01-30,49.39239896764329,49.52041062318755,48.03351612196006,49.22500228881836,49.1766331361352,47.91095731477009,51.62802466060732,0.9287307968887389
2025-01-31,49.65826851590421,51.64735684679567,49.47117744381077,51.28302001953125,49.37724141074435,48.043195067897976,58.36011775622917,1.659187531755414
2025-02-03,50.26877776703459,50.977760762067504,49.40224341269667,50.564186096191406,49.490283761739306,48.142057461164384,55.456922845661595,3.112440192504174
2025-02-04,50.67250342960109,51.686743828070405,50.60357494458055,51.243629455566406,49.65726906591332,48.26368773545466,57.6037489479633,4.100816806272826
2025-02-05,51.598119108017954,52.75021267899979,51.34209581025272,52.4744987487793,49.9255766547577,48.42881757911445,61.247584673223415,2.3233396332631533
2025-02-06,52.87822884896536,53.478894610863065,52.65174899316016,52.82899475097656,50.2020926639214,48.601373546638456,62.25379487846711,4.479076654129604
2025-02-07,52.96685217398535,52.996391881763245,51.62766366201365,52.159400939941406,50.3885029759233,48.740904032650334,59.13068253930486,1.7870933306335566
2025-02-10,52.5138921492899,52.779757030367094,51.8442978972475,52.23817443847656,50.56466216283314,48.87805189170234,59.388802126595536,-0.45036030059883503
2025-02-11,52.08061719428887,52.179089135725896,51.214082891245475,51.59811782836914,50.6630865119318,48.98472114412065,56.278591958662375,-2.3299268297825573
2025-02-12,50.96791419415827,51.62766312614393,50.80051751005978,51.214088439941406,50.71556288602795,49.07214731258421,54.43652126892554,-1.8123530618928576
2025-02-13,51.46025950500697,51.81475099803518,51.08607737909555,51.312557220458984,50.7724194893071,49.16000652465773,54.844644314384276,-1.7719172386234947
2025-02-14,51.35194976074228,52.041234651768946,51.017152632391785,51.73598098754883,50.864187251044406,49.26102513104562,56.64307646617217,0.26718641102038226
2025-02-18,52.16924268559925,52.24802024270845,51.62766012759579,52.08061981201172,50.98003797113653,49.37159747147567,58.10563759839687,1.6919785130735872
2025-02-19,52.17909345133384,52.36618452105731,51.72612999590097,51.86398696899414,51.06422358998012,49.46933823608423,56.80841932716576,1.0746487378635148
2025-02-20,51.64735512223291,51.67689482833476,50.298321369651376,51.076229095458984,51.065366971454296,49.53235356390285,52.24111103546615,-1.2752283410816636
2025-02-21,51.20424306340406,51.578428968329554,50.3377086674843,50.702049255371094,51.03076528420828,49.578223983176116,50.17749490782273,-2.6469933760709115
2025-02-24,50.34755680509669,51.18454772170249,49.73704198305963,50.00291061401367,50.93287436323736,49.59487836085602,46.482817242944925,-3.5883788804996355
2025-02-25,49.89458993218266,49.9930618756044,48.39785395537789,48.90989303588867,50.74020947491844,49.56801619124946,41.35592864735905,-4.241378226105017
2025-02-26,49.569645558836214,50.09153375026904,49.00836858713504,49.24469375610352,50.59777940645987,49.55533688006727,43.41470395799237,-2.874352261241565
2025-02-27,49.382555630747035,49.80597563763624,48.16152970839472,48.250152587890625,50.37419589992947,49.50415318233485,39.03123263519778,-3.5053120000415015
2025-02-28,48.26005505562889,49.77529876622884,47.854009182557256,49.66636276245117,50.30678322016963,49.51051434233942,47.205675972906334,1.5466599487498864
2025-03-03,49.983275043001214,50.11201861968573,47.487577144400376,47.78468322753906,50.06658322087148,49.442834690778625,39.607184518090975,-2.9648078142094296
2025-03-04,46.794325463657195,46.972589862894296,45.24936859623853,46.041656494140625,49.68325686594473,49.30945515365557,34.127226589380584,-4.577179501613157
2025-03-05,46.41799079524443,46.90326696164206,45.94262030578427,46.58635330200195,49.388313669378746,49.202666845747586,37.057980745785045,-6.201399275361818
2025-03-06,45.79406925878498,46.53683635864179,44.97207185488054,45.07110595703125,48.97715103010756,49.040644850111654,32.699563705265525,-5.678759567341728
2025-03-07,44.962169199373925,45.5068643078564,43.67470322562238,45.487056732177734,48.64476109697138,48.90128845332993,34.96089744305659,-1.2045608351069435
2025-03-10,44.23920649916927,44.96216979839151,43.84306631404471,44.575927734375,48.25725315767649,48.731666464351306,32.3933128438002,-4.315481734734878
2025-03-11,44.3778602751969,45.26917854011046,43.90248977832789,44.47689437866211,47.89721898824654,48.56481265706938,32.1172128799602,-1.3183869482493618
2025-03-12,45.457347710389186,45.80397084344634,44.44718400816845,44.9621696472168,47.61769047957704,48.423532539035946,35.03904160765719,-1.1539262433518371
2025-03-13,45.1008212205641,45.52667467903227,44.57592987762136,45.16024017333984,47.38364759326873,48.295560289400804,36.24525455437567,1.3108250768143643
2025-03-14,45.74454777292723,46.62596789221055,45.31869433955837,46.29914855957031,47.28036197101174,48.217269633329025,42.81986950816573,4.097080532183996
2025-03-17,46.27934132984524,46.83394212063474,45.73464621594793,46.40808868408203,47.19728832463748,48.14632136080954,43.42090150137733,3.215856904171301
2025-03-18,46.705196722203816,47.82430024962926,46.04165990317593,46.81413650512695,47.16079767516029,48.094078817449436,45.711425704074045,3.6622841805954067
2025-03-19,47.49747648460907,48.943395448455384,47.11123821954547,48.28976058959961,47.26831795272594,48.10175261243572,53.13644115685835,4.299457100097849
2025-03-20,47.63613127604696,48.84436703800066,47.45786685943382,48.20063400268555,47.35710995748399,48.10563031401414,52.66789635770294,3.8625708781201293
2025-03-21,47.794584595943,48.16101907972448,47.09143265880898,48.061981201171875,47.424240552120935,48.103918584098764,51.901167443614185,2.6655296651862015
2025-03-24,49.03253049388277,49.57722938948573,48.82455661260282,49.40886688232422,47.613252583568865,48.15509302716643,58.25819207986364,2.317481551079871
2025-03-25,49.3593526726592,49.408869726589366,48.22044154272001,48.51755142211914,47.69937628247842,48.16930708187046,53.2432143100315,0.6574963711388866
2025-03-26,48.66609838717483,48.775038163172184,46.48731420095392,46.64577102661133,47.59903292477679,48.109560569899514,44.5669451993161,-2.9466329501331834
2025-03-27,46.35857384564278,46.63587236531619,45.85349008148451,46.110984802246094,47.457314055964346,48.03118504959938,42.43907721243567,-6.674676608011681
2025-03-28,45.893102722718034,46.427895933875895,45.12062615854032,45.41773223876953,47.263068168612456,47.92869670407664,39.7870984695901,-6.3890676517867355
2025-03-31,44.73438691593115,45.34841046870625,43.70441935812936,45.338504791259766,47.07977641838839,47.82712055063285,39.48343822730508,-2.8025396656124935
2025-04-01,45.0612034825153,45.48705691656079,44.32833829106925,45.1008186340332,46.8913042484498,47.720206749981884,38.53328294914988,-2.190727811486006
2025-04-02,44.17978745108786,46.477413364595215,44.070847672600294,46.0911750793457,46.815101470439885,47.65632315505498,44.523729587993394,1.4827751351295055
2025-04-03,44.02132920200143,44.249110650624864,41.60485791104057,41.88216018676758,46.34529753866157,47.42988539159273,30.789693918963906,-7.623419917364571
2025-04-04,40.58479450886815,40.70363618886396,37.86131510071546,38.693214416503906,45.61652771750369,47.08727084355003,24.59858875262153,-14.207290270101884
2025-04-07,37.475073761963685,41.17900711833884,36.95018625488626,39.228004455566406,45.00809693065252,46.77906431853106,27.240823759314125,-14.890422324803797
2025-04-08,40.35701340557437,41.45630934452292,38.18813478137107,38.802154541015625,44.41705479830615,46.46624432725595,26.446108270037623,-7.353979909386486
2025-04-09,38.81205486150299,43.51624641680698,38.44562415606219,42.842803955078125,44.26712614657014,46.32414862638623,43.33753083131268,10.72433397211963
2025-04-10,41.67419069975269,42.16936879963811,40.19855829981417,41.28794860839844,43.98339495245855,46.126650586465146,39.57163685050745,5.251208113747748
2025-04-11,40.9017062151907,41.48601646588951,40.18865239145782,40.862091064453125,43.68612791550566,45.92019727187644,38.58272882073359,5.308819955500291
2025-04-14,42.19907733864458,42.19907733864458,40.97103401594729,41.20872116088867,43.45018441506595,45.7354335028181,39.899281255190196,-3.8141359652903075
2025-04-15,41.188912700320294,41.95148739418119,41.188912700320294,41.377079010009766,43.2527458050606,45.56451764035503,40.56568387847624,0.21587510306384655
2025-04-16,40.68383257907849,41.49592432231461,40.238171554641866,40.88190078735352,43.026951041469445,45.38088560690399,39.18930669707777,0.048479464423764315
2025-04-17,41.2384286222894,41.63457258519889,40.90170738718898,41.11958694458008,42.845297317956174,45.2137758554403,40.23748357217303,-0.21629939924753433
2025-04-21,40.32730269307297,40.614503098640306,39.77270190200616,40.3074951171875,42.60360187026392,45.02137268923431,37.83773529849742,-2.5849671325603154
2025-04-22,40.891803442982926,41.68408755126722,40.83238071814587,41.34736633300781,42.48396039052525,44.87729400859798,42.561588535459514,1.138561409058254
2025-04-23,42.97155077791623,44.0015220334891,42.32782157661472,42.55560302734375,42.490783498793675,44.78624730345076,47.54905546452986,3.492292091112436
2025-04-24,42.387242611926474,43.62518780373454,42.35753313625393,43.45682907104492,42.58278783900808,44.734113255121116,50.968968290850505,7.813271315176606
2025-04-25,43.40730982783504,43.86287272872632,43.28846437532615,43.75393295288086,42.69432546890072,44.69567481189601,52.078279497788536,5.82036253649334
2025-04-28,43.595478976429725,44.17978926676957,43.0210705854917,43.674705505371094,42.78769499618362,44.65563679987543,51.742094449259184,2.6297417928921694
2025-04-29,42.783387619946915,44.88294165825402,41.59495945146608,44.03123474121094,42.906127352852884,44.63115044463369,53.206009959875296,1.3217845904655279
2025-04-30,43.31817619817047,44.06094325125502,43.06068150413902,43.952003479003906,43.005734602962505,44.604517230295265,52.82252107755305,0.45269193591431295
2025-05-01,44.23920856213755,44.853232111263395,44.16988393206028,44.348148345947266,43.13358353086581,44.59446354855613,54.58503756186032,1.5419516463444778
2025-05-02,44.91264920418809,45.4969594748647,44.62544879629292,45.318695068359375,43.341689391579486,44.62286478462684,58.65993524562625,2.923970528456341
2025-05-05,44.9423631257618,45.318695742507856,44.84332524405845,44.97207260131836,43.49696398298319,44.63655920881082,56.703120754001084,2.3208705896688993
2025-05-06,44.24911209732653,44.704675009467785,44.13027041979159,44.328338623046875,43.57614252013211,44.62447212701616,53.15662163825209,-0.04466865842032597
2025-05-07,44.48679746921944,44.60564293005108,43.90249095405429,44.41747283935547,43.656269217201,44.61635450789221,53.58946639057386,-1.9886323461972804
2025-05-08,44.94236270517776,45.328600995434066,44.575928213167906,44.61554336547851,43.7476286598941,44.616322698385794,54.59353124147049,-0.7927791965483022
2025-05-09,44.97207160005302,45.13052842934158,44.39766701059779,44.64525604248047,43.83311698204518,44.617457339330684,54.751675821276955,0.7149318681409466
2025-05-12,46.51702880859375,46.863651944223534,45.89310338655131,46.51702880859375,44.088727632192665,44.69195033812532,63.39970578079152,4.726869484069341
2025-05-13,46.64577331899549,47.685650302504506,46.39818428061885,47.16075897216797,44.38130204552365,44.78876636298973,65.81924026683987,5.704773302523159
2025-05-14,47.269698256965114,47.39844561338301,46.31895726628421,46.556640625,44.58847714833092,44.85809476542151,61.69717051271088,4.281271409219441
2025-05-15,46.51703138527089,47.190473895719734,46.388284022944454,47.14095306396485,44.831570092677005,44.94761862026635,64.04278334110765,1.3412814002768692
2025-05-16,47.23998871816325,47.79458573969456,46.96268642948873,47.754974365234375,45.109989547206276,45.057711002421954,66.3732021329181,1.2599784354977914
2025-05-19,46.94288440614229,47.70545533958096,46.94288440614229,47.66584396362305,45.353404253531686,45.159990726390625,65.70748480834914,2.382481475751982
2025-05-20,47.398442721204184,47.60641659186748,47.111238550530885,47.51728439331055,45.55948807636777,45.25243361528945,64.54544201268895,0.7983108208165789
2025-05-21,47.23999202089109,48.75523581480971,47.22018444332174,47.715362548828125,45.76480945469733,45.34901906366351,65.42347188981498,-0.08294804244536964
2025-05-22,47.70545452458384,48.43831974696561,47.47767306060397,48.081790924072266,45.98547435654256,45.45618658760111,67.04917311565393,0.8726310621220834
2025-05-23,47.38853960694978,48.02237070757382,47.21027520019752,47.89362335205078,46.16720283230525,45.55177234306973,65.34997070641992,0.7920043486180686
2025-05-27,48.527449926747416,49.468288997235504,48.15111354297043,49.438575744628906,46.47876215728846,45.70419600587597,71.69304558201019,3.611443157405293
2025-05-28,49.51780915883728,49.56732621241431,48.7453325448903,48.973114013671875,46.71631947694402,45.83238886892679,67.67357448143541,1.853764330465832
2025-05-29,49.60693873051879,49.705972832410566,48.983013310455895,49.47819137573242,46.97935489587625,45.975361516252505,69.6612615191734,3.3085156494299572
2025-05-30,49.149534478053454,49.57778808450277,48.681446242484526,49.3885612487793,47.208803119962255,46.10921248615552,68.85218639709197,-0.1011649205024743
2025-06-02,48.98022379762242,49.8566501699479,48.90054694595583,49.83673095703125,47.45908196158787,46.25538968109183,70.68556521129307,1.7634511522348326
2025-06-03,49.93632322282313,50.89242264762164,49.876569383274095,50.57372283935547,47.75571442613717,46.42473607945511,73.45281294098861,2.214170391362309
2025-06-04,50.89242534405568,51.2609251037388,50.51397167618886,50.55380630493164,48.02219936697474,46.586660402022815,73.2515706714484,2.3593419745167092
2025-06-05,50.62352350093741,50.96213872779981,50.30481988887604,50.65340042114258,48.27278994356215,46.74614040277261,73.64048397619595,1.6386898747741956
2025-06-06,51.101574257468776,51.33063951516124,50.49405153962282,50.50400924682617,48.48528702006349,46.893507808421774,71.95056962412228,-0.1378454830203782
2025-06-09,50.633480996925385,51.031857660940794,50.115592853385934,50.68327713012695,48.6946194114981,47.04212621319453,72.75844105506879,0.2561049991258172
2025-06-10,50.782872576897894,50.97209940043853,50.0060384714544,50.404415130615234,48.85745709903307,47.17398068054436,69.40949156689253,-0.4915470401932148
2025-06-11,50.5637674191141,50.5637674191141,50.05583696476908,50.24506759643555,48.98961047973807,47.2944154615597,67.4976386183496,-0.5127150383746963
2025-06-12,49.876571622593765,50.633482751408785,49.73713712591587,50.613563537597656,49.14427267572469,47.42457813120825,69.58409095239323,-0.1375475235161106
2025-06-13,49.886528844260575,50.344659359851974,49.26904841893296,49.39851760864258,49.16848647885973,47.501987522480185,56.666909752973424,-1.9956535937695707
2025-06-16,49.93632322282313,50.61356126518909,49.60766570769925,50.57372283935547,49.30231851319265,47.6224477309851,63.68812345279089,0.6541044895384659
2025-06-17,50.354621160354135,50.89242473435389,50.145471315752594,50.27494430541992,49.39494954102382,47.72646720449235,60.982793718171635,-0.6690286328608245
2025-06-18,50.394454453811015,50.643438920083206,50.03592001370828,50.28490447998047,49.47970715425779,47.82679807804091,61.04220355759695,1.7943592525594567
2025-06-20,50.593644538367336,50.593644538367336,49.76701805730821,50.215187072753906,49.549752860781226,47.92046039155907,60.34951982470016,-0.7089368677493465
2025-06-23,50.21518522137663,51.63937666919098,50.055835315288384,51.58958053588867,49.74402216317241,48.06434745604258,68.0473197089274,2.6148934596174676
2025-06-24,51.94812012955097,52.107470039796155,51.09161293728251,51.211124420166016,49.88374618764799,48.1877504742435,64.34299887407501,1.8419443166175158
2025-06-25,51.37047834233245,51.45015139818418,50.882467103134886,51.18124771118164,50.007317761317864,48.30514252275088,64.04658708326068,1.9238415601799201
2025-06-26,51.39039416476791,51.639378639983256,51.17129041003548,51.489990234375,50.14852466351378,48.43003851144202,65.79994030806573,-0.19304344109638796
2025-06-27,51.499947109812474,52.06763140019706,51.31072027941812,51.609500885009766,50.28766525603721,48.554723310405464,66.48135361550693,0.7779100134088768
2025-06-30,51.77881208235569,52.645276974673045,51.77881208235569,52.376373291015625,50.48658983079706,48.70459193709606,70.53783582437046,2.3350848861249696
2025-07-01,52.22698108924989,52.505846279265825,51.77881208235569,52.376373291015625,50.666569207960734,48.848583362739966,70.53783582437046,1.72146674063432
2025-07-02,52.336536510301016,52.535724852520566,51.918244410921425,52.5058479309082,50.84173861014621,48.992005502668135,71.21984037064625,1.7367868910330537
2025-07-03,52.78470838639315,53.06356978099186,52.61540076801581,52.82454681396485,51.030577486700366,49.142301240366045,72.88376094345001,0.8556788009338998
2025-07-07,52.724951495870194,52.99385518700611,52.097513349088,52.16722869873047,51.138829983084186,49.26092584657641,64.58944305798379,-0.3993109471766955
2025-07-08,52.814584896833,52.91418096498785,52.27678132560289,52.51580429077149,51.26997039334012,49.38856813850563,66.75038256500113,0.01896238277380037
2025-07-09,52.944056430652395,52.944056430652395,52.117429983295544,52.35645294189453,51.37344492177387,49.50495577785422,64.80344772003447,-0.8861294612120988
2025-07-10,52.456044785620286,52.48592550460556,51.778810542243434,52.04771041870117,51.43766068338599,49.60467164612273,61.085839707916,-0.22910605568013515
2025-07-11,51.78876896906325,51.89832274206234,51.26092311646918,51.3903923034668,51.4331589329175,49.67469990719505,53.98510525844254,-2.1429967654564916
2025-07-14,51.33064066283619,53.78064700340515,51.111533107448174,52.90422058105469,51.5732600422639,49.80134777675817,64.28253884579277,1.0462275581733387
2025-07-15,53.39223217669991,53.41215139088384,52.27678277681125,52.30665969848633,51.643107628570796,49.899595303100455,58.69850740574817,0.4975229029327554
2025-07-16,52.485925729924766,52.80462553965899,51.97799529620986,52.75482940673828,51.74898589315818,50.011565267948995,61.40630510974689,2.6550431746352703
2025-07-17,52.97393609307152,54.09934699574036,52.96397838561499,53.979835510253906,51.96144776145301,50.1671837088237,67.64956037710762,2.0331363308741435
2025-07-18,54.06946882968071,54.21885723329998,53.56153837945121,53.79060363769531,52.135653082999895,50.30927860799514,65.87672880859839,2.8370076540214004
2025-07-21,53.78064542977341,54.19893751505492,53.4619456126442,53.681053161621094,52.28283404286858,50.44150506107851,64.81771678166064,1.7557136764515962
2025-07-22,53.55157934651932,53.91011758505217,53.073529628209336,53.80056381225586,52.42737973519118,50.57323285524233,65.46986183989138,-0.33210864076085
2025-07-23,54.17902296778211,56.02150655249464,54.14914224749705,55.573333740234375,52.72699440233815,50.76931524288908,73.35860193064191,3.3142035634077978
2025-07-24,55.42394462537538,55.84223671199031,55.274552423469174,55.49365997314453,52.990486361462565,50.95458366368341,72.55631044910326,3.3766230443842122
2025-07-25,55.77252001268993,55.77252001268993,54.6670283831376,55.1351203918457,53.194737221499054,51.118526280474086,68.90428492814476,2.4805624421464323
2025-07-28,55.32434814444798,55.34426735783345,54.69690622001087,55.18491744995117,53.38427819563735,51.277992600845735,69.13664049073351,-0.6989256611791039
2025-07-29,58.6308620991911,62.72416740554808,57.69468185703122,61.72822952270508,54.17894022678666,51.68780581346767,84.9987084830998,11.234742045447515
2025-07-30,61.54895988291517,62.9432744268653,61.44936761514794,62.35567092895508,54.95767648413603,52.106153465055414,85.75475209115955,13.096100064338065
2025-07-31,62.82376242856831,63.65038888199607,62.106685949102136,62.98311233520508,55.72200370804737,52.532700871727954,86.48811480465926,14.131025732395665
2025-08-01,61.74814698234696,62.17640056374128,61.19042041608422,61.797943115234375,56.30066460396994,52.89604370480664,78.28943638753401,0.11293632276243172
2025-08-04,62.724167179758055,63.281893759855016,62.39550965518773,63.23209762573242,56.96080108223303,53.30137915268608,80.67654639092291,1.4055284526982323
2025-08-05,63.5009984372909,64.14836338714565,62.813802658278746,62.91339492797851,57.52771478182784,53.67832094779559,78.60810536268569,-0.11069222310819392
2025-08-06,63.64043116382561,63.929254056804574,62.89347776424644,63.7201042175293,58.11746615665655,54.07211637013809,80.00550999265371,3.110396568880417
2025-08-07,66.21990892685744,66.22987043342287,63.959133234307174,64.49694061279297,58.725035152479066,54.48093300710495,81.27407682974186,2.0003179311669976
2025-08-08,64.71604627299887,65.7418610655276,64.49693872539022,65.5028305053711,59.37053947180212,54.91316428154676,82.79614582256352,4.115873225975006
2025-08-11,65.60243333265365,65.60243333265365,64.55669548037157,64.71604919433594,59.87963563585296,55.29759114087183,77.49061909757002,1.5629996043425456
2025-08-12,65.03474876411549,65.82153302886144,64.98494882909971,65.48291778564453,60.413281554880726,55.69701571517664,78.90922732800881,1.5287192903782383
2025-08-13,65.75181518573356,65.99084574666198,64.68616196307072,65.47295379638672,60.89515510169082,56.08038583600841,78.8397023461622,-0.04561132511964529
2025-08-14,65.05465906669687,65.79165093691309,64.61644398788593,65.49287414550781,61.33303310586386,56.449503024616234,78.87976688783779,1.2003590467012997
2025-08-15,65.65222501748757,65.65222501748757,64.55669483927358,65.17417907714844,61.698856531700486,56.79164718353907,76.38789322635749,-0.4714797674513167
2025-08-18,64.96502992216689,65.68209879838916,64.88535306978568,65.25384521484375,62.03742688247603,57.12349808672749,76.587006607297,-0.3346551038836143
2025-08-19,64.89531894569585,65.10446499847734,63.97905027842026,64.2579116821289,62.248901625300114,57.403279012037345,68.7786339815704,-1.8856440177524456
2025-08-20,63.849578016171584,64.40730079679692,63.11258231422902,64.33758544921875,62.44782389424475,57.675212597809164,69.05048375778127,-1.2836274116155557
2025-08-21,64.24795776137115,64.8455189975468,64.06868863067812,64.62641143798828,62.65530842222032,57.947808630757365,70.06794803466238,-0.9615276690433899
2025-08-22,64.95506923475241,65.88129175975075,64.82559244840024,65.5028305053711,62.92650100156801,58.24408399838928,72.97160793553515,1.9373782786476987
2025-08-25,65.48291326344787,67.04653537508003,65.48291326344787,66.50872802734375,63.267665480213324,58.56818768579926,75.86545143442571,3.3746099779244423
2025-08-26,66.46889044095299,67.40507445791381,66.44897502711254,67.12621307373047,63.635146203405434,58.90379652454166,77.46078329780235,3.8680805263972466
2025-08-27,67.09633717949235,67.4947062496141,66.817468192643,66.97682189941406,63.953401031596734,59.22038575492881,76.14930537116014,2.250271297699272
2025-08-28,67.1162562084156,69.00853978702115,67.04654085754925,68.6500015258789,64.40069631676647,59.59017460869156,80.19394159001513,3.219537588592604
2025-08-29,68.36000061035156,68.66999816894531,66.73999786376953,67.02999877929688,64.6511060751027,59.88193241930354,68.14449552976575,-0.14333341630327537
2025-09-02,67.0,68.58000183105469,66.13999938964844,68.47000122070312,65.01481037468369,60.218719431123134,72.15020692278709,2.229397094313496
2025-09-03,68.69999694824219,69.79000091552734,66.4000015258789,69.33999633789062,65.42673284737006,60.57641656472186,74.25642033724422,1.00509074533904
2025-09-04,69.58999633789062,70.63999938964844,69.38999938964844,69.72000122070312,65.83561554959226,60.934988512015245,75.14077217269707,4.013132165291183
2025-09-05,70.27999877929688,71.4000015258789,70.05999755859375,71.19000244140625,66.34555715833645,61.33714592101097,78.25298320189198,3.9725444314446485
2025-09-08,71.48999786376953,72.54000091552734,71.44000244140625,72.1500015258789,66.89836138381668,61.76117947414305,80.01281381349476,4.052502648392502
2025-09-09,72.0,72.94000244140625,71.75,72.38999938964844,67.42137452722923,62.17799594141777,80.43898473196109,3.829601437460195
2025-09-10,73.16999816894531,75.05000305175781,72.72000122070312,74.93000030517578,68.13648174417652,62.678074543918086,84.26332345729868,5.25354366555582
2025-09-11,75.18000030517578,77.08000183105469,74.5999984741211,75.47000122070312,68.83491217051238,63.17971872732142,84.93755005658649,4.60152408123428
2025-09-12,76.91000366210938,77.87000274658203,75.7699966430664,77.04000091552734,69.61634919384714,63.72325920529028,86.71914385263203,6.42354132488616
2025-09-15,77.75,78.33000183105469,76.77999877929688,77.9800033569336,70.41288768556966,64.28234721123708,87.66023977758938,4.070469824283631
2025-09-16,78.27999877929688,78.80999755859375,77.31999969482422,78.69999694824219,71.20213618677657,64.84774524013925,88.34168053383715,4.2798405661785015
2025-09-17,78.41999816894531,78.68000030517578,76.1500015258789,76.87999725341797,71.74288485979004,65.31959826026782,76.79674378866989,-0.2076890708825607
2025-09-18,77.44999694824219,79.6500015258789,77.19000244140625,79.62000274658203,72.49308656329404,65.88039843620172,80.85350916559281,2.10310248659744
2025-09-19,79.62000274658203,79.9800033569336,78.56999969482422,79.55999755859375,73.16612570570354,66.4168533037465,80.52148874006338,1.0927581241421778
2025-09-22,79.4000015258789,79.83999633789062,78.0999984741211,79.16000366210938,73.73697122536123,66.91658469034897,78.21575364659293,2.965669211948418
2025-09-23,79.19999694824219,81.0199966430664,79.0199966430664,81.0,74.4286882515173,67.46887548680587,80.92206225284998,1.7332293466634048
2025-09-24,81.29000091552734,81.58000183105469,79.05999755859375,79.91000366210938,74.95071829062131,67.95676286622954,74.97954637116243,0.4399272426546458
2025-09-25,78.08000183105469,79.47000122070312,77.05000305175781,79.12999725341797,75.3487448585067,68.39492892062908,70.96352159018278,-0.037906022363878536
2025-09-26,79.1500015258789,79.4800033569336,78.69000244140625,79.3499984741211,75.72981663142237,68.82453949135426,71.42835825269461,-2.037038920838156
2025-09-29,79.9000015258789,80.7300033569336,79.5999984741211,80.26000213623047,76.16126286997552,69.27298900683961,73.33021858421928,0.43799081226553765
2025-09-30,80.26000213623047,82.20999908447266,80.19000244140625,82.02999877929688,76.72019009943469,69.77326389987715,76.5937595749382,3.664857356928118
2025-10-01,81.45999908447266,83.75,80.87999725341797,83.12000274658203,77.32969606582968,70.29666542327735,78.35068786914256,4.751108185201128
2025-10-02,83.80000305175781,84.3499984741211,81.91000366210938,82.5199966430664,77.8240104065189,70.77601174562201,75.01281264420462,2.815841573240807
2025-10-03,83.02999877929688,84.18000030517578,82.61000061035156,83.55999755859375,78.3702948971927,71.2773445226013,76.85348163532458,1.8651698184384509
2025-10-06,84.11000061035156,86.0999984741211,83.80999755859375,85.33999633789062,79.03407598678297,71.82882106437735,79.62055874549233,2.6708295451781394
2025-10-07,85.47000122070312,86.2300033569336,83.80999755859375,85.05999755859375,79.60797327933638,72.3476907308172,78.0401308284519,3.078042921540476
2025-10-08,85.2699966430664,87.06999969482422,84.76000213623047,87.06999969482422,80.31864246176379,72.92503618038612,80.9616214346305,4.200577116782696
2025-10-09,87.1500015258789,87.75,86.12999725341797,87.19000244140625,80.97305769792021,73.48444662199475,81.1230888995728,2.1678066356961274
2025-10-10,87.38999938964844,87.77999877929688,82.95999908447266,82.9800033569336,81.16419537973101,73.85682139591393,61.43696134611425,-2.445325959746646
2025-10-13,85.11000061035156,86.62999725341797,84.80000305175781,85.5,81.57712915308997,74.31341663528985,66.65335758024656,-1.8031465491294192
2025-10-14,84.27999877929688,85.91000366210938,83.61000061035156,84.61000061035156,81.86597405378156,74.71720424215502,63.39193007328945,-2.9590569547105012
2025-10-15,86.05999755859375,87.43000030517578,85.47000122070312,86.62000274658203,82.31873869119113,75.18398065409333,67.28525564967569,4.386598267526207
2025-10-16,86.87000274658203,87.41000366210938,85.33999633789062,86.72000122070312,82.73790655114465,75.6363736174898,67.47060939051241,1.4269020125182748
