Date,Open,High,Low,Close,EMA20,EMA50,RSI14,ROC3
2010-01-04,4.838014802230907,4.914013698316786,4.8371509949702585,4.901922702789307,,,,
2010-01-05,4.896740948324138,4.922649564352598,4.869968525075371,4.92092227935791,,,100.0,
2010-01-06,4.886379344205121,4.886379344205121,4.815561951461555,4.845788955688477,,,76.67592824227927,
2010-01-07,4.7568360218131,4.764608313165276,4.6825643851735546,4.6981096267700195,,,51.33237439993927,-4.157819051355355
2010-01-08,4.643698943206737,4.736970016380035,4.624699139833371,4.710197925567627,,,52.71023655968114,-4.282212598118474
2010-01-11,4.723153277429576,4.749925704546663,4.668745274742234,4.735244274139404,,,55.5201494201429,-2.2812524969603505
2010-01-12,4.987422088615183,5.064284471555212,4.952877041937292,4.978785991668701,,,72.58076437992463,5.974240432776969
2010-01-13,5.058238432019406,5.1066014247310925,5.0038301063995005,5.057374954223633,,,75.80567542060945,7.370752442726013
2010-01-14,5.047011449509498,5.093647159082677,5.041829923632,5.073783874511719,,,76.42904094810746,7.149358739974223
2010-01-15,5.058238762061812,5.073783998967517,4.966694625777769,5.003830432891846,,,68.34464567140593,0.5030230515039787
2010-01-19,5.000376223639318,5.063420649512685,4.995194368156016,5.053920745849609,,,70.73197274329445,-0.0683004207773576
2010-01-20,4.9986491412227805,5.00814904527117,4.893287048243866,4.931286334991455,,,59.00024792080446,-2.8085062951952615
2010-01-21,4.922650018352895,4.971876492180748,4.783606693193328,4.823333263397217,,,50.98374160044541,-3.6071799777258806
2010-01-22,4.825061246672954,4.829379295459713,4.672199947610445,4.6730637550354,,,42.356500763047684,-7.535871850126995
2010-01-25,4.719699145777142,4.758561911612843,4.6929267180395415,4.70674467086792,,,44.618550980888266,-4.553409574500488
2010-01-26,4.6851542342362364,4.74215333247952,4.641973089220235,4.668745517730713,,,42.58800016867713,-3.204998228914068
2010-01-27,4.635063806464726,4.727471757069854,4.633336850629249,4.700699329376221,,,44.86045376522273,0.591380211987092
2010-01-28,4.71537929321398,4.717106577958105,4.508973543256242,4.520200729370117,,,36.154916774722125,-3.9633325056360915
2010-01-29,4.616928045378365,4.630745998902944,4.457157937160057,4.483066558837891,,,34.664520773249265,-3.9770631786988733
2010-02-01,4.509837457586929,4.569427300169736,4.4934284168505005,4.5651092529296875,4.802606558799743,,40.50031348353394,-2.8844660537887648
2010-02-02,4.559064897796668,4.585836994089088,4.502929283309927,4.583246231079102,4.781715099016825,,41.73921506612655,1.3947500450443417
2010-02-03,4.5858374122421,4.613473318355094,4.56942869593938,4.594473838806152,4.76388259804438,,42.536876044712415,2.4850686133275017
2010-02-04,4.520202046707291,4.542656096033019,4.373386095128373,4.37770414352417,4.727103697613884,,33.11119245596735,-4.105161542086845
2010-02-05,4.373386632954139,4.418295066574274,4.279251716787053,4.398431777954102,4.695801610027238,,34.60343043647219,-4.032391973003082
2010-02-08,4.422612840768872,4.479611939621724,4.388068122054232,4.414840221405029,4.669043382539408,,35.823991924461744,-3.9097756065969853
2010-02-09,4.542656527407609,4.629018821308484,4.516747905126548,4.599655628204346,4.662435024983688,,47.670864703927485,5.0700430500426386
2010-02-10,4.590154532294847,4.629017288121618,4.5331554503769,4.586699962615967,4.655222161901048,,47.01565583965278,4.280347955048579
2010-02-11,4.5944739177809595,4.6903361128908125,4.589292061753457,4.6868815422058105,4.658237340977692,,52.457224298073896,6.161974322010768
2010-02-12,4.637654526536313,4.689471763033318,4.62210928969802,4.666153907775879,4.658991299720377,,51.28367266397758,1.445723005082739
2010-02-16,4.735244384082248,4.795697721805121,4.716244575400212,4.792243480682373,4.671681983621519,,57.510822759558955,4.4812941710095435
2010-02-17,4.74647236236254,4.7844719886779785,4.7386997414749334,4.7844719886779785,4.682423888864991,,57.02697907783578,2.082204245901177
2010-02-18,4.752516072962046,4.829378447994879,4.751652595134621,4.821606159210205,4.695679343183583,,58.810176512391635,3.3314857269339933
2010-02-19,4.8017414351962255,4.854422465530847,4.784469247073158,4.835422992706299,4.708988262185747,,59.483852654921584,0.9010291776280407
2010-02-22,4.847514934313532,4.86478745643671,4.806061078885476,4.829378604888916,4.720454009109858,,59.02901620321865,0.9385908480017222
2010-02-23,4.83283342403361,4.8613331364211305,4.772379758212849,4.794834136962891,4.727537830810147,,56.37587514843171,-0.555251120960485
2010-02-24,4.808651978437623,4.885514358149992,4.808651978437623,4.876878261566162,4.741760728977386,,60.87383651668068,0.857324559245261
2010-02-25,4.827651461367276,4.905377313728868,4.8164242730070885,4.904513835906982,4.757261024875443,,62.28447223224379,1.5557950031501961
2010-02-26,4.908831530876221,4.920922196188761,4.851832444798588,4.914013385772705,4.772189821151373,,62.78121213797894,2.485576047168633
2010-03-01,4.92783176579061,5.05305680697317,4.914013814307557,5.038375377655029,4.797540826532673,,68.60990099444727,3.3114854918893126
2010-03-02,5.0375127116709155,5.147192533930416,5.035785426276419,5.1022844314575195,4.826564027001706,,71.1134904681772,4.032419974078099
2010-03-03,5.112647699646219,5.136829035734514,5.08673907820219,5.098829746246338,4.852494095501195,,70.78483457099374,3.761006451645457
2010-03-04,5.066874518224707,5.066874518224707,4.979648765394616,5.025420665740967,4.868963292666887,,64.01473053939512,-0.2571208165933025
2010-03-05,5.03751128839051,5.144600317024716,5.034920196307842,5.143736839294434,4.895132201869511,,69.13811133314402,0.8124284013126403
2010-03-08,5.109192201883164,5.1817365264310355,5.109192201883164,5.170509338378906,4.921358595822786,,70.17294772299196,1.4058047767791721
2010-03-09,5.154964422447696,5.180873370244945,5.116101659643736,5.136828422546387,4.9418795317012245,,67.12361917409265,2.216884201653068
2010-03-10,5.142874123551434,5.18173721857998,5.090193075784514,5.165328502655029,4.963160386077777,,68.37589394053892,0.4197660968121657
2010-03-11,5.141146200586621,5.179145812988281,5.131646297486206,5.179145812988281,4.983730426735921,,68.99255110019423,0.16703334321958244
2010-03-12,5.188646691002002,5.188646691002002,5.097102542360829,5.105738639831543,4.995350256554551,,62.06798108106355,-0.6052330379263899
2010-03-15,5.125602554028788,5.155829557762672,5.107466549456082,5.139420509338379,5.009071233010154,,63.860308781820855,-0.5015749395867741
2010-03-16,5.1826006207624085,5.196418573298867,5.1463286188964465,5.192100524902344,5.026502594142744,4.840226001739502,66.52454277396846,0.2501322106354802
2010-03-17,5.183465261367468,5.311281425238047,5.183465261367468,5.280190944671631,5.050663389431209,4.857479528913311,70.44778747680363,3.4167887772227155
2010-03-18,5.29832573558354,5.345825253044932,5.288826161537214,5.334598064422607,5.077704787049438,4.876190059717597,72.58486833707461,3.797656851187579
2010-03-19,5.298326126218569,5.3363257429893185,5.194691646342648,5.242190837860107,5.093370125221883,4.890543031409461,64.10554090131521,0.9647408157357624
2010-03-22,5.237871334678936,5.328551644107907,5.190371826907961,5.319051742553711,5.114863612586819,4.907347294591588,67.50575315153161,0.735973344321865
2010-03-23,5.3259630462734435,5.386416724017447,5.302645514470537,5.38209867477417,5.140314570890377,4.925964995775219,70.01490633003876,0.890425291238952
2010-03-24,5.355325118007595,5.38037025958486,5.302644401186204,5.304371356964111,5.155939026706923,4.940804460919882,63.50434348041137,1.1861551978406486
2010-03-25,5.343232782725544,5.367414438864326,5.3164606937286365,5.32336950302124,5.171884786355905,4.955807011590523,64.37628911002774,0.08117538005855744
2010-03-26,5.312144177406485,5.323371367064905,5.2361456013466725,5.261190414428711,5.180390084267601,4.967782831309668,59.37619263679473,-2.2464891049314
2010-03-29,5.199009796087612,5.231827557725767,5.173101175613694,5.207645893096924,5.182985875584679,4.9771892258895605,55.38673736616105,-1.8235047540590574
2010-03-30,5.1281919908700955,5.187781842125594,5.113510232782084,5.158418655395508,5.180646140328568,4.9842962623407745,51.93202703780016,-3.0986172861402115
2010-03-31,5.110919614374867,5.142873564839822,5.066011190492419,5.078965663909912,5.170962285431553,4.988008787892506,46.852449157674435,-3.463565014089797
2010-04-01,5.152372468618046,5.1981443614412886,5.13682723531093,5.1972808837890625,5.173468818608459,4.996215536751194,54.05871862739258,-0.19903444897435957
2010-04-05,5.22405491563535,5.297462728229205,5.200737058477707,5.275008678436279,5.183139281449204,5.007148601131002,58.08003774745797,2.2601892329701236
2010-04-06,5.2249190523500895,5.306963301705948,5.197283143222267,5.279327392578125,5.1923000539376725,5.0178222792269676,58.29845171636523,3.94493174253849
2010-04-07,5.28450841452218,5.305235509109883,5.148919645372013,5.169646739959717,5.190142595463581,5.02377617964786,51.02701920551211,-0.5317038745306202
2010-04-08,5.173964399954309,5.218872826982879,5.122147161546094,5.20850944519043,5.191891819247091,5.031020621433843,53.25193843689757,-1.2606468974675242
2010-04-09,5.218007493694502,5.265506999364831,5.1964169290973965,5.26464319229126,5.198820521441774,5.0401822908792315,56.33755164424921,-0.2781452862254542
2010-04-12,5.241327147725797,5.3285532432221325,5.235281813912702,5.305235385894775,5.208955270437298,5.050576529899449,58.47217021875593,2.622783581845191
2010-04-13,5.3630980284908025,5.503868652156594,5.320780691265067,5.4451422691345215,5.231449270313224,5.066049696143962,64.8505699199783,4.543196598454862
2010-04-14,5.463277171754118,5.472777074368061,5.3898693724669835,5.423550605773926,5.249744635595196,5.080069339658862,63.236319956509945,3.0183890470553787
2010-04-15,5.4399610685847986,5.449460644233056,5.393325350547136,5.411461353302002,5.265146227757749,5.093065104899769,62.3012337184443,2.002285660871023
2010-04-16,5.385551847628598,5.396779036302895,5.313870996906642,5.352734088897705,5.273487928818698,5.103248202311453,57.82774504573688,-1.6970755890186178
2010-04-19,5.306099008423733,5.362234629013423,5.263781670578823,5.332871437072754,5.27914350103337,5.11225303504719,56.35388681038467,-1.671952108359321
2010-04-20,5.311279429427211,5.380369177254157,5.283643530296433,5.374323844909668,5.288208295688255,5.122530321708464,58.71856196455575,-0.6862750367730737
2010-04-21,5.340642968416451,5.344097538398892,5.286234644253733,5.317325115203857,5.290981326118312,5.130169333218087,54.35756294553747,-0.6615119134591546
2010-04-22,5.284508163625503,5.382097639085207,5.247372354276571,5.375188827514648,5.299001088156059,5.13977794083756,57.785245873035976,0.7935197940028123
2010-04-23,5.382963111050902,5.390735402929025,5.3009188480612375,5.35014533996582,5.303871969280798,5.148027642764159,55.83099470355796,-0.4498892445186107
2010-04-26,5.344961926510085,5.408870164286221,5.337189307448744,5.394188404083252,5.3124735345000795,5.157681005953143,58.48979485716235,1.4455254703087252
2010-04-27,5.386415444992612,5.389006537480146,5.217145451060036,5.223190784454346,5.303970415448105,5.160250016874759,46.72867305887993,-2.8277712269799977
2010-04-28,5.226644678999119,5.264643959628015,5.191236161076809,5.212826728820801,5.295290064340743,5.16231184871578,46.123313364492915,-2.5666332860014753
2010-04-29,5.216282143019898,5.290553431346004,5.184327860385696,5.268962860107422,5.292782711556617,5.166494241319374,49.908534187710686,-2.3214899924711156
2010-04-30,5.288826388864818,5.288826388864818,5.169646345336573,5.176555156707764,5.281713420618631,5.16688878702088,44.38092791898082,-0.8928570613461507
2010-05-03,5.188646027887549,5.264644598365937,5.173964268728478,5.246508598327637,5.278360580400442,5.170011132562322,48.98698067042728,0.6461344537046438
2010-05-04,5.192965058687725,5.211101062157733,4.99001346120071,5.059967041015625,5.257561195697126,5.165695677991863,39.575065466935534,-3.9665456872766027
2010-05-05,5.094509666195816,5.0979639060839474,5.026283404355809,5.089327812194824,5.241538968696907,5.162700859725312,41.480841875975464,-1.6850461720650372
2010-05-06,5.050466575858822,5.077239003809097,4.707608186183241,4.907968997955322,5.209770400054851,5.152711374950019,34.2872704003655,-6.452664548767278
2010-05-07,4.907104524008156,4.958921758125914,4.776697631459101,4.87774133682251,5.178148584508914,5.14192823619992,33.25220449252127,-3.601321959530774
2010-05-10,5.123873903496012,5.191236372173808,5.09278343196905,5.181736469268799,5.17849028781938,5.143489343379092,49.69834894032983,1.8157340317624862
2010-05-11,5.085012087613768,5.181737767019921,5.057376179212008,5.100557327270508,5.17106810110044,5.141805734904246,46.409834849694974,3.9239923763866185
2010-05-12,5.107464948097342,5.149782608278382,5.070329143074983,5.141146183013916,5.16821839461601,5.141779870124233,48.25351522722779,5.400139695865775
2010-05-13,5.1679189535809495,5.211100094459987,5.129919668207942,5.151510238647461,5.166627141666624,5.142161453203575,48.73846831352365,-0.5833224209799143
2010-05-14,5.072057189429994,5.072057189429994,4.923513947044615,4.997785568237305,5.150546991816213,5.136499653793133,42.39239167872686,-2.0149123407304197
2010-05-17,4.9528768855113245,5.015057835789285,4.868241886214084,4.9986491203308105,5.1360805278652215,5.131093750520101,42.437733710202195,-2.7716983258306964
2010-05-18,5.009012230470393,5.0711931773748,4.940785950333165,4.961513042449951,5.119455053063767,5.124443526674213,40.94522601958763,-3.6881843846901465
2010-05-19,4.924376543888124,4.992602814439536,4.869968222991159,4.913149356842041,5.099806891518841,5.116157480798441,39.02051543373571,-1.6934742445365552
2010-05-20,4.7974249352653064,4.833697266801965,4.724880601637967,4.7654709815979,5.067965376288275,5.102405069065087,33.79637875978371,-4.664823097594784
2010-05-21,4.702427108281118,4.876878986669216,4.673927392314352,4.869969844818115,5.049108659005403,5.093289962231872,39.925408116500805,-1.8450661491485814
2010-05-24,4.838016255423733,4.868242929706752,4.792244340239152,4.8069257736206055,5.026043622302089,5.082059994051039,37.66019096056112,-2.1620263400604505
2010-05-25,4.665290252800411,4.800879001617432,4.601382022730951,4.800879001617432,5.0045993727130735,5.071033288465407,37.44077443822267,0.7430119741838961
2010-05-26,4.876388359889891,4.946771135074995,4.804268033041533,4.83033561706543,4.988002824556155,5.061594164096781,39.29621279874001,-0.8138495517556088
2010-05-27,4.8981116743813,5.03279447555542,4.8981116743813,5.03279447555542,4.992268696079894,5.06046476454614,50.223619416799906,4.698818175523622
2010-05-28,5.039745559090212,5.04930375025429,4.975445211283792,4.998906135559082,4.992900833173151,5.058050700664294,48.6451398354733,4.124809933242108
2010-06-01,4.9493770842956115,5.022366507976215,4.90245524090081,4.915489196777344,4.98552829637355,5.052460053453041,44.90399455611934,1.7628915765411628
2010-06-02,4.918097338569584,5.080585956573486,4.8659621622750135,5.080585956573486,4.994581406868782,5.053563030046,52.66344172587692,0.9496012851347786
2010-06-03,5.12489972287436,5.13967156291539,5.041483326127012,5.1083903312683105,5.00542035204969,5.0557131202900125,53.84243896031763,2.190163062483343
2010-06-04,5.0232356093197685,5.091011384277633,4.99195438042621,5.02149772644043,5.006951530563094,5.054371340139048,49.678193948379906,2.156622167587846
2010-06-07,4.9989068497527445,5.036270512477391,4.9050634707114895,4.913752555847168,4.998075437733005,5.048856878009955,45.027778517493275,-3.2837432956027826
2010-06-08,4.9198349820334615,4.987611105671785,4.860748274998691,4.985873222351074,4.996913321982345,5.046386930729215,48.50279008129902,-2.398350575665932
2010-06-09,4.973707398929214,5.069288642624479,4.951984358865082,4.9667558670043945,4.9940411834130165,5.043264143916477,47.643053669010385,-1.0901500392561128
2010-06-10,5.03974639193766,5.117949485778809,5.018892123090901,5.117949485778809,5.005841974114521,5.046192980852255,54.510566230569395,4.155620935544556
2010-06-11,5.047566414938804,5.176166793039923,5.037139446840697,5.164001941680908,5.0209048281684625,5.050812940100438,56.387049261499044,3.5726684451442567
2010-06-14,5.237860510820076,5.387315166674804,5.237860510820076,5.309112071990967,5.048353137103939,5.0609423178216355,61.742330050188365,6.892954156674867
2010-06-15,5.313455938221143,5.448138725545558,5.3012907568811904,5.439449310302734,5.0856003916943004,5.075785729291483,65.80394081761496,6.281809256173276
2010-06-16,5.39339677452053,5.534161992128265,5.388183125176795,5.522866249084473,5.127244759064793,5.09331829869513,68.13555436326499,6.9493449355046595
2010-06-17,5.51157118260613,5.551541507149828,5.440319619213497,5.4898481369018555,5.1617784140968945,5.108868488428727,66.21115869022341,3.4042616252986906
2010-06-18,5.466386792318415,5.528949265261524,5.466386792318415,5.510701656341553,5.195009199072576,5.124626651876289,66.84801566898858,1.3099183754476937
2010-06-21,5.556753630242124,5.604544251363394,5.477681778869177,5.4941911697387695,5.223502720088404,5.139119378066975,65.79071522133657,-0.5192064781662348
2010-06-22,5.4707315860132555,5.532424954405044,5.388183948527166,5.390790939331055,5.239434931444847,5.148988851057723,59.44907876515432,-1.8043704507043574
2010-06-23,5.419463202289059,5.454220194232056,5.355163198101929,5.404691696166992,5.2551736709421935,5.1590164136110275,60.00718938176697,-1.9237107502012456
2010-06-24,5.370804968223487,5.418595593838977,5.329096767788114,5.3447370529174805,5.263703516844601,5.166299575936771,56.40157052478676,-2.720220542096556
2010-06-25,5.3899222646570655,5.437713232779544,5.3230152407529845,5.415121078491211,5.278124237001421,5.176057281919298,59.47968855011942,0.45132781875557926
2010-06-28,5.4012164181724005,5.420332798613144,5.326489110777426,5.396002769470215,5.289350763903211,5.1846825951565885,58.276135533744906,-0.16076637087254267
2010-06-29,5.303029558375258,5.3178014011127805,5.174429173714533,5.205710411071777,5.281385016014503,5.185507215388557,47.889136307868924,-2.6011876818114743
2010-06-30,5.221351029750399,5.279568630357325,5.180511599704291,5.205710411071777,5.274177910781862,5.186299497572213,47.88913630786893,-3.867146539921517
2010-07-01,5.230039821876363,5.25089408943472,5.100570668531552,5.135327339172363,5.2609540468190525,5.18430058939967,44.48774946885487,-4.830898749213299
2010-07-02,5.135327946273103,5.149230682466482,5.038877900381932,5.116211891174316,5.247169079614792,5.181630444371224,43.582369652230675,-1.719237391828612
2010-07-06,5.203102837787988,5.252631344414174,5.117948557422487,5.163132190704346,5.239165566385226,5.180905022658798,46.46248297609476,-0.8179137332893903
2010-07-07,5.16747724260287,5.284781534672412,5.1570499439769435,5.280436992645264,5.243096178409991,5.184808237168071,52.9318470100783,2.8257138034025897
2010-07-08,5.326489825163039,5.37254289954078,5.297815582123422,5.329965591430664,5.251369455840531,5.190500682433271,55.38331163455725,4.177968090514036
2010-07-09,5.342131379197416,5.442057522386504,5.336048952895545,5.4368438720703125,5.269033685957653,5.200161199673939,60.20050556070575,5.301272004206181
2010-07-12,5.429021722823492,5.505486910882206,5.400347484468512,5.475943565368652,5.2887393887587,5.210976194407065,61.82437650949938,3.7024695682515585
2010-07-13,5.234384722144645,5.254369882444076,5.100570694260802,5.164001941680908,5.2768596318941485,5.209134066849177,45.77694792621022,-3.113784637120107
2010-07-14,5.16313243628191,5.19962731901284,5.120555459807691,5.159657001495361,5.265697476618073,5.207193789776478,45.59940635775439,-5.098304771981622
2010-07-15,5.157050132751465,5.177904399299381,5.112735272104709,5.157050132751465,5.255350110535539,5.205227371853929,45.48542193807984,-5.8235339500932
2010-07-16,5.169216094488737,5.169216094488737,5.053649332397421,5.066683292388916,5.237381842140622,5.199794270698439,41.603140338614594,-1.8845587277280242
2010-07-19,5.092750382540651,5.1170800852454015,5.052780061963608,5.091881275177002,5.223524645286944,5.195562388521127,43.06247452091447,-1.3135703845956572
2010-07-20,4.993693924886604,5.122294317542209,4.9823978481459275,5.116211891174316,5.213304382990503,5.192450604311448,44.5045715544768,-0.7918914985486057
2010-07-21,5.139673415198831,5.145755842270328,5.01628632717544,5.040616035461426,5.19685787370202,5.1864963074938,41.027596780606345,-0.5144836458723997
2010-07-22,5.091880994166251,5.229170780920225,5.0762403771571325,5.210054397583008,5.198114685500209,5.1874201541639655,50.384148182540805,2.3208145677335725
2010-07-23,5.157048728515531,5.232645134133338,5.13185025811016,5.2291693687438965,5.20107227438056,5.189057378265139,51.32244940927074,2.207834233066784
2010-07-26,5.244810755200648,5.27174711227417,5.197888909923359,5.27174711227417,5.207803211322808,5.19230011293216,53.434851098970476,4.585373596931512
2010-07-27,5.2969463849353495,5.307373683561276,5.232646367412018,5.280436992645264,5.2147207143059,5.195756461156203,53.87479965281428,1.3508994281308655
2010-07-28,5.243942060483345,5.288257250553518,5.213529935115428,5.250893592834473,5.21816575035624,5.197918701614174,52.07348773540489,0.41544311454946364
2010-07-29,5.259582488078059,5.289125836575644,5.1865930583468085,5.249155521392822,5.221117157121629,5.199927988664317,51.96341170822473,-0.42854086890374204
2010-07-30,5.2074479046204,5.273485809623402,5.171822127289701,5.2552385330200195,5.2243668119690945,5.202097029619443,52.3431089946723,-0.4772040583069401
2010-08-02,5.352557409235595,5.377756217474902,5.313456198860419,5.329965591430664,5.234423838584482,5.207111483023805,56.854822576264,1.505876994043365
2010-08-03,5.387314024375203,5.4542210286475505,5.3325718697037745,5.442056179046631,5.254198347199925,5.216325000514897,62.57778902517049,3.6748893582528854
2010-08-04,5.471600520888542,5.521997811453818,5.434236858062242,5.506357192993164,5.27821347537071,5.227698811984633,65.41209394142197,4.778444563368555
2010-08-05,5.457696631565661,5.4681235978452305,5.360377174732083,5.406430244445801,5.290424596235004,5.234707887767423,58.05349722451274,1.4346181359608394
2010-08-06,5.3742798544900925,5.383838044931138,5.278698613014195,5.37688684463501,5.298659096082624,5.24028353313478,56.046048422666864,-1.197513077181019
2010-08-09,5.391658524835561,5.446400679087358,5.391658524835561,5.4220709800720215,5.310412608843519,5.247412452622515,58.414519071804385,-1.5307073254963686
2010-08-10,5.34908180764379,5.412513048447154,5.310849042826696,5.391658782958984,5.318150339711659,5.25306917145924,56.2186959566652,-0.27322023625462666
2010-08-11,5.273485792292472,5.291733400303216,5.1770357599341414,5.191807270050049,5.306117666410553,5.250666743952997,44.40570989819363,-3.442132593317098
2010-08-12,5.113604886069544,5.168347054696104,5.098833373922031,5.150968551635742,5.2913415602415235,5.246757010920947,42.44309402332121,-4.999979333222934
2010-08-13,5.109259357220177,5.160525749048139,5.109259357220177,5.130982398986816,5.276069259169646,5.242216830060785,41.47694302096165,-4.834808626912157
2010-08-16,5.04756556934875,5.176165925906181,5.04582768637898,5.169214725494385,5.2658926369148595,5.239354002430731,44.098432785909154,-0.4351576123789023
2010-08-17,5.207448067651794,5.234384761195816,5.157050447111495,5.183987140655518,5.258092113461589,5.23718275294935,45.12132585194762,0.6410170958875298
2010-08-18,5.169215339481292,5.26479659390057,5.169215339481292,5.248287200927734,5.257158312267888,5.237618221497522,49.45658802079043,2.2862055025579786
2010-08-19,5.220481647232971,5.247418007352874,5.159657062935345,5.180510997772217,5.249858568030206,5.235378722527902,45.38662740118801,0.2185297550538811
2010-08-20,5.150098475311533,5.197889098060499,5.133589083879648,5.17616605758667,5.24284023370225,5.233056657236089,45.13022340551119,-0.1508700322095837
2010-08-23,5.206579314174439,5.255239054748286,5.152706254891963,5.158788681030273,5.234835323923966,5.230144187580959,44.058189270571475,-1.7052900588527315
2010-08-24,5.138803027463406,5.138803027463406,5.054517514087752,5.0953569412231445,5.22155166842865,5.224858413213986,40.295449132730916,-1.6437385537004205
2010-08-25,5.060601984655781,5.126639912256117,5.0458301379692605,5.103178977966309,5.210278078860808,5.220086670655253,40.965002262443264,-1.4100606280469825
2010-08-26,5.10752124157549,5.137933697544602,5.064075160020156,5.064944267272949,5.196436763471488,5.21400265483634,38.68148952646268,-1.8191172300273857
2010-08-27,5.054518773263049,5.0597324242389385,4.952855065238822,5.040616035461426,5.1815966941371965,5.2072031795667355,37.25833733544225,-1.0743291665956998
2010-08-30,5.00759521982788,5.029318259594569,4.975444882316738,4.980658531188965,5.162459726237365,5.198319075708784,33.94377645638323,-2.4008651725981585
2010-08-31,4.975445935491864,5.0049892890868275,4.929393187507822,4.977183818817139,5.144814401721153,5.189647104850288,33.756355530537945,-1.7327031419254342
2010-09-01,5.103177292622131,5.195283115548909,5.103177292622131,5.18746280670166,5.148876154576439,5.189561446099362,51.28600905062724,2.913270326625698
2010-09-02,5.129244986121733,5.217006268526659,5.129244986121733,5.193545341491699,5.153130362854083,5.189717677291219,51.684291231350436,4.2742703393463675
2010-09-03,5.234384241086016,5.286519408252484,5.205709667117343,5.270878791809082,5.164344498945035,5.192900466095841,56.548471809494984,5.900826324347851
2010-09-07,5.311719272575725,5.316063815459221,5.26132164701852,5.285651683807373,5.17589756417002,5.196537768751195,57.43014239306259,1.892811202016969
2010-09-08,5.340392686635624,5.414251229988189,5.33778602760615,5.355164527893066,5.19297060833412,5.202758425972445,61.399153737691734,3.1119240475321748
2010-09-09,5.388183164807621,5.398610463571786,5.359508921874453,5.373411655426025,5.21015546996192,5.2094507094804285,62.39042541292719,1.9452707540207317
2010-09-10,5.4029554401865,5.443794868295684,5.384708163082656,5.415989398956299,5.229758701294719,5.217550265930463,64.67028856079429,2.465877869860706
2010-09-13,5.4828957971528425,5.635826202050962,5.4828957971528425,5.6227922439575195,5.267190467262605,5.233442108206034,73.1757294273433,4.997562907180154
2010-09-14,5.61931566614461,5.688829657315015,5.6071508171299715,5.657548427581787,5.304367415864432,5.25007372857371,74.29573994983149,5.287828113240549
2010-09-15,5.6870923313861015,5.700126289633597,5.588904416732985,5.627137184143066,5.33510739379573,5.264860530752901,71.48328570141277,3.8986004150498763
2010-09-16,5.595855858875627,5.6462534763844054,5.595855858875627,5.640171051025391,5.36416107543665,5.27957859037143,71.97297691529393,0.3090778800612287
2010-09-17,5.627135929810066,5.666237132901934,5.6245292713285435,5.654072284698486,5.39177166679492,5.294264617599942,72.51508021045392,-0.06144256523468405
2010-09-20,5.689699273692963,5.75660594926107,5.649728294285447,5.748785972595215,5.425773029252091,5.312088984462502,75.93099686880355,2.1618237564022325
2010-09-21,5.816561983022613,5.820037749321637,5.681878856407624,5.724455833435059,5.454219010602849,5.328260233441818,73.40712368721732,1.4943657142161475
2010-09-22,5.723587006473516,5.773115512788313,5.666237860775019,5.694912433624268,5.4771421937477465,5.342638751096032,70.34932476786562,0.7223138804982421
2010-09-23,5.6775345030762,5.727932124628419,5.66884541799971,5.68361759185791,5.496806517377286,5.356010470341595,69.1631468816935,-1.1336024866461547
2010-09-24,5.771378117226242,5.8400230151810115,5.751393288175237,5.8113484382629395,5.526762890794967,5.373866861240471,74.41663625309093,1.5179190364324893
2010-09-27,5.778329925698485,5.8217760153653915,5.746179580688477,5.746179580688477,5.547659718403873,5.3884673600423545,68.04698446968875,0.9002271353904268
2010-09-28,5.770508963130404,5.860007786503263,5.73053798407465,5.8426289558410645,5.575752026731224,5.406277618701128,71.88283113869458,2.7977139808094527
2010-09-29,5.849579521999287,5.860875262863177,5.795706150246013,5.833069801330566,5.600258481454971,5.423014567039537,70.97344150495267,0.37377492157602665
2010-09-30,5.857400760047009,5.907797708468132,5.79483829945851,5.848711013793945,5.623920627392017,5.439708545343632,71.60640808322265,1.784340911482338
2010-10-01,6.001642565867043,6.162392958774693,6.001642565867043,6.127635955810547,5.671893515812829,5.466686090852138,79.98733123913051,4.878060922978032
2010-10-04,6.072893864574083,6.072893864574083,5.920832563160212,5.979050159454346,5.7011465294929735,5.4867787994247745,68.40413290318703,2.502633486238757
2010-10-05,6.017283371583335,6.0807149536898555,6.008594286305176,6.0589919090271,5.735227041829557,5.5092185292131015,70.84996896102405,3.595337412589123
2010-10-06,6.025972341333893,6.058991792866462,5.9677547418581645,5.997297763824463,5.760186158210024,5.528358891354723,66.56731401787764,-2.1270550816990106
2010-10-07,5.986870222029799,6.028578089435662,5.960802307700185,5.98252534866333,5.781361319205577,5.546169340660943,65.54564668053783,0.05812276392244758
2010-10-08,6.029447874301087,6.063335768977236,5.969492062365742,6.038136959075928,5.805816142050372,5.565462188441923,67.563900356164,-0.34419834626451223
2010-10-11,6.012936739428447,6.05464526467757,5.963408238595781,5.978180408477783,5.822231786472031,5.581647216678623,63.26135005880242,-0.3187661526828809
2010-10-12,5.937342627440239,5.997297778915267,5.920832901632412,5.990346908569336,5.838242750481298,5.597674655576298,63.76560019374813,0.13074010472439407
2010-10-13,6.104176863637747,6.208447235280393,6.104176863637747,6.1867241859436035,5.871431458620565,5.62077463715933,70.74519605344123,2.460812463757289
2010-10-14,6.2197426945784455,6.255368145319604,6.1337189550396705,6.1702141761779785,5.8998869555307945,5.642321285748296,69.53253879637016,3.212244438589846
2010-10-15,6.09896259239121,6.143277128811321,5.917357583543087,5.961672782897949,5.905771320041952,5.654844873871812,56.38524884290234,-0.47867220561746915
2010-10-18,6.0051180910738475,6.038136877948475,5.9269150032816595,5.972099304199219,5.912088270914072,5.66728622408073,56.82480494150298,-3.4691199299302533
2010-10-19,5.88193223933103,5.898661828537956,5.809728909677121,5.841427326202393,5.905358657132007,5.67411528690903,50.02087395135158,-5.328613247251114
2010-10-20,5.874008301330253,5.917154029990385,5.868725342822144,5.884574890136719,5.903379250751503,5.682368604682665,52.061957317288794,-1.293225837258271
2010-10-21,5.943570214280525,5.9743885921446696,5.874008348935597,5.936525821685791,5.9065360670309595,5.692335554369063,54.47277836950378,-0.5956612692025167
2010-10-22,5.970865572569614,6.013131250520068,5.958538223123681,5.984073638916016,5.913920597686679,5.703776263566983,56.62291929953664,2.4419770160242624
2010-10-25,6.017535407984561,6.017535407984561,5.93124393437981,5.945332050323486,5.9169121646044704,5.713249039518218,54.36979576397842,1.0324817224877902
2010-10-26,5.905706529808695,5.941808532426591,5.8757688735998395,5.91627311706543,5.916851302934085,5.721210768049482,52.6766368811137,-0.3411541569713948
2010-10-27,5.8757687693503,5.887215401499393,5.7991625246259835,5.846711158752441,5.9101712892025,5.726132351998618,48.76194280868995,-2.2954677440843914
2010-10-28,5.907468557751413,5.930362499152066,5.8599205843820235,5.8907389640808105,5.908320591571863,5.7325875132567425,51.23225793616396,-0.9182512562894677
2010-10-29,5.888977181755225,5.940048020402467,5.866083913498395,5.938287258148193,5.911174559817228,5.740654169919153,53.821609848087,0.3720947401712085
2010-11-01,5.957657797750551,5.990236931296714,5.86872420660403,5.918914318084717,5.911911679652227,5.747644763964861,52.59626421731514,1.2349363149945984
2010-11-02,5.948852306358103,5.9990424206522555,5.948852306358103,5.967343330383301,5.917190884483758,5.756260394020487,55.33389434726242,1.3004203168667068
2010-11-03,5.958538067526607,6.005205985180435,5.9347640861560285,5.995520114898682,5.924650811189941,5.765643128172573,56.893710269136314,0.9637940076401067
2010-11-04,6.115271215746383,6.145209539227204,6.081811368834923,6.124957084655762,5.943727599139066,5.779733871564071,63.24377000076859,3.481090542931151
2010-11-05,6.127599941059619,6.1284806580103535,6.0580387531262145,6.072126865386963,5.955956100686485,5.791200263478694,59.39771355349652,1.7559494938081859
2010-11-08,6.030741080055477,6.030741080055477,5.967342904047045,5.98583459854126,5.9588016719107495,5.798832982500755,53.6578052298132,-0.16154589046167434
2010-11-09,6.020175303208483,6.055395915762426,5.918914362640591,5.933883190155029,5.956428483172109,5.804129069075433,50.494168667953545,-3.1195956454847757
2010-11-10,6.043950672785753,6.093260079124872,5.977911001385742,6.015773773193359,5.962080415555086,5.812428861393784,54.99823284893397,-0.9280618380164931
2010-11-11,5.987597384736091,6.0184157663288715,5.926840666888657,5.9567790031433105,5.961575519134916,5.818089651266314,51.372130777835714,-0.4854059182495626
2010-11-12,5.903066269694468,5.938287562698585,5.811491176599877,5.837907314300537,5.949797594864975,5.818866814522559,44.9423434631618,-1.6174210509186768
2010-11-15,5.888976085569172,5.933883240281965,5.842308168929857,5.852874755859375,5.940566848293013,5.820200459280866,45.86116622603942,-2.7078647481704174
2010-11-16,5.7674639411921405,5.787716400237448,5.660920031442957,5.689096927642822,5.916617332040614,5.815059144314668,38.32444983696681,-4.493738568431633
2010-11-17,5.68205241474626,5.736645443880114,5.6688443479795,5.680291652679443,5.894110124482407,5.809774144642699,37.96322906069789,-2.699865776131773
2010-11-18,5.800043039814636,5.876648610085056,5.800043039814636,5.841427326202393,5.8890927151224055,5.811015445880334,47.681434582777754,-0.19558644485809779
2010-11-19,5.7938807820931215,5.819415530566299,5.734004786390258,5.80620813369751,5.8811989454628915,5.8108269238339485,45.98579715824549,2.058520140264344
2010-11-22,5.877530936835712,5.9162744268978615,5.8299822913386095,5.906588554382324,5.883617003455218,5.814582281894669,51.30142131512842,3.9838958197883136
2010-11-23,5.807968453795843,5.847592656756044,5.739287308146435,5.784194469451904,5.874148190692998,5.813390602975345,45.43069568141713,-0.979775208257128
2010-11-24,5.807087638872696,5.907467876481279,5.807087638872696,5.8854546546936035,5.875224996788294,5.816216644219199,50.47973041426517,1.3648584268994846
2010-11-26,5.82998169937729,5.9312426560732145,5.820295827845231,5.896021366119385,5.877205603391255,5.819346241156461,50.989338509453354,-0.17890510174607052
2010-11-29,5.844949722290039,5.864321462679588,5.778030019586316,5.844949722290039,5.874133614714949,5.820350299240131,48.39697325192689,1.0503667046293446
2010-11-30,5.763940799133363,5.841427083017291,5.759538558700122,5.824697494506836,5.869425412790367,5.820520777485884,47.36852063803173,-1.0323273859278521
2010-12-01,5.938287262936867,6.003446215041607,5.911871126569681,5.974388599395752,5.879421906752785,5.826554809717644,54.983154377929075,1.329154499450984
2010-12-02,5.965583777367164,6.109109757767802,5.95413714259089,6.099423885345459,5.900374476142563,5.8372555577814795,60.167165603438534,4.353744260364954
2010-12-03,6.092379889765136,6.137286381566017,6.072127428760421,6.10470724105835,5.919834739467876,5.847743859086455,60.37481188253642,4.807283928746268
2010-12-06,6.134644745952085,6.190118497148372,6.09854341002473,6.117915153503418,5.938699540804595,5.8583388118086885,60.92322853153648,2.4023638857737217
2010-12-07,6.217413967871773,6.2464715797693415,6.159298744076636,6.17338752746582,5.961050777629473,5.870693663403086,63.22528445658641,1.2126332504626736
2010-12-08,6.1460916236404035,6.198923220126987,6.1135118144417495,6.168984889984131,5.980854026425154,5.882391358563128,62.90852647600825,1.0529194339323908
2010-12-09,6.163702359939606,6.163702359939606,6.100304171036645,6.117034435272217,5.993823589172494,5.891593047845837,59.1431994763574,-0.014395724836046958
2010-12-10,6.162822004774569,6.1751493564750195,6.102946008605122,6.1434502601623535,6.008073748314385,5.901469801270014,60.439814392750996,-0.4849406775497871
2010-12-13,6.187476678374667,6.22005649159196,6.153136102833055,6.204206943511963,6.026753100237964,5.913341846063816,63.32289184519536,0.5709537980068328
2010-12-14,6.186596919858207,6.30722896247869,6.159300064138936,6.278172016143799,6.050697758895662,5.927648911557149,66.52163616229532,2.6342434814887743
2010-12-15,6.251754770134306,6.323077391271427,6.23150231120675,6.288736820220947,6.073368145688547,5.941809221700828,66.96481662452756,2.364901706793574
2010-12-16,6.340688890162574,6.4815733818744885,6.31339203704415,6.47805118560791,6.111909387585629,5.962838318324635,73.68679284543218,4.413847645464491
2010-12-17,6.453395579866929,6.509749368660507,6.43578460100009,6.494780540466309,6.148373306907598,5.983698797624308,74.18664888678913,3.450184604141443
2010-12-20,6.49478196983129,6.525600349893043,6.4428304104783605,6.493901252746582,6.181280730320835,6.0037067370408685,74.10696570086148,3.2624108527795976
2010-12-21,6.501827279708668,6.547615174236456,6.463965169089429,6.51943826675415,6.213486209981151,6.023931502911978,74.94854994393691,0.638881663025273
2010-12-22,6.512392481928205,6.545852342487237,6.490379256662713,6.533524990081787,6.2439660938002595,6.043915561232363,75.42308314415871,0.5965474795349553
2010-12-23,6.542330586544368,6.603967346394599,6.53440547639774,6.59075927734375,6.276994016042496,6.065360412844575,77.30417772755601,1.4915229047593244
2010-12-27,6.559938573029745,6.639186287464627,6.5247172919709024,6.607487201690674,6.308469557532799,6.086620286916971,77.83807916719101,1.350560145427385
2010-12-28,6.6127728235991,6.636547483405526,6.600445471029223,6.604848384857178,6.336696112516074,6.1069429574244305,77.5282466426195,1.0916525900438592
2010-12-29,6.6215773133816445,6.709630206760604,6.6215773133816445,6.676170349121094,6.369026992192742,6.129265600236065,79.86149445581911,1.295921580248743
2010-12-30,6.699063667324177,6.769505572410882,6.6928999922317125,6.728121280670166,6.403226448238211,6.152750136723677,81.37819683178536,1.8257179362924116
2010-12-31,6.705228884945468,6.739569464330658,6.677932027436206,6.699065208435059,6.431401568256958,6.174174257182947,77.84683406492903,1.426479732583872
2011-01-03,6.769505280782356,6.861080358061224,6.763341605955421,6.82673978805542,6.469052827285383,6.199765062315201,81.62090895453574,2.2553264979847074
2011-01-04,6.81000926725236,6.825858812176048,6.702585320314188,6.769505023956299,6.497667322206422,6.22210780590897,75.4180730909399,0.6150861668476154
2011-01-05,6.7985625708724955,6.854916358561119,6.717554085043869,6.813531398773193,6.527749615212781,6.245300887982077,76.87396065175079,1.7086890002803055
2011-01-06,6.777430423557463,6.8381871270075045,6.765983118971121,6.805607318878174,6.554212253657104,6.267273689193688,76.00148246367021,-0.30955433828342277
2011-01-07,6.686737974054853,6.706989766466796,6.605728789035978,6.670888423919678,6.565324269872587,6.283101718006472,62.92569901540858,-1.4567771157216254
2011-01-10,6.621576985953085,6.708749829776657,6.5942808053282524,6.625099182128906,6.571017118658903,6.296513383266176,59.19774583478689,-2.7655587919975706
2011-01-11,6.556417366086452,6.652395354645168,6.53880705879741,6.621576309204102,6.575832279663207,6.309260948989232,58.90858517832676,-2.7041085541856926
2011-01-12,6.649751877441642,6.780951126196849,6.576668512159713,6.751893520355225,6.5926000168719705,6.326619089042801,65.6021156801002,1.2143074698279834
2011-01-13,6.339809097331284,6.412012451845943,6.225340053246664,6.325720310211182,6.567182901951895,6.32658384281411,41.686952399511796,-4.518858717244477
2011-01-14,6.3186749743072435,6.346851869559186,6.205967393299472,6.227980613708496,6.534877922119191,6.322717049515851,38.243583096336394,-5.944138934840951
2011-01-18,6.4102511176700965,6.445471738748604,6.247352722125713,6.2579193115234375,6.508500911586262,6.320175961751443,39.88167011354604,-7.316084107999952
2011-01-19,6.241189281472846,6.304587476667938,6.2006850282738295,6.2385478019714355,6.482791091622945,6.316974857446344,39.15791821730595,-1.378064535971175
2011-01-20,6.269365660244485,6.328361608619736,6.212131817707245,6.222697734832764,6.458020295738166,6.313277715383067,38.541609166865776,-0.08482490880116426
2011-01-21,6.270246090550404,6.335405039742531,6.176029527011301,6.189237594604492,6.432421943249245,6.308413396921162,37.21016819448161,-1.0975168182893258
2011-01-24,6.265843621501233,6.3001841929213995,6.212131307887084,6.244710445404053,6.414544657740179,6.305915241959707,40.857926324583886,0.09878330066926375
2011-01-25,6.219175568492574,6.240308746425944,6.125839717219423,6.163702487945557,6.390654927283548,6.300338271214054,37.43753468249359,-0.9480654436574933
2011-01-26,6.179549944628878,6.215651269083763,6.137284274853127,6.199802398681641,6.372478495988129,6.296395687977489,39.85394024303281,0.17069637278682553
2011-01-27,6.19363959022519,6.199803937075652,6.149613147854672,6.168984889984131,6.353098152559177,6.291399186095396,38.48731429816861,-1.2126351747126074
2011-01-28,6.1416887762691985,6.157538322563437,5.954136371612549,5.954136371612549,6.315101792469022,6.278173193370579,30.607358725968734,-3.400003759799558
2011-01-31,5.935645939909585,5.9902383045465015,5.935645939909585,5.962061405181885,6.281478898441676,6.265776652657297,31.16718736174918,-3.834654368182934
2011-02-01,5.99816299625011,6.070366337825544,5.969986098849702,6.053636074066162,6.259779581834484,6.257457414281174,37.4470272985549,-1.8698184219132603
2011-02-02,6.004327451828598,6.053636860739539,5.962061764340424,5.989357948303223,6.234025140545792,6.24694370973302,35.031123400561505,0.5915480347174988
2011-02-03,5.987595647885184,6.040427239832026,5.964701711718502,6.01841402053833,6.213490748164129,6.23798176113715,37.009441618326655,0.9451867655617707
2011-02-04,5.929482343749096,5.974389513729907,5.894261718922941,5.959420680999756,6.189293598910379,6.227057797210194,34.69918199297463,-1.5563438553900844
2011-02-07,6.013130877370468,6.087094969456163,5.966462961394001,6.0527544021606445,6.176289865886595,6.220222369953349,40.976753026531604,1.0584849729240513
2011-02-08,6.04923197994669,6.0844532627685375,5.997281108421786,6.073887348175049,6.1665372451521625,6.214483741648318,42.328636865737245,0.921726678281213
2011-02-09,6.075649402969889,6.075649402969889,5.9611803773862455,5.9884772300720215,6.149579148477863,6.205620741194346,38.491437435973005,0.48757338385098
2011-02-10,5.903946087010008,5.968224315540606,5.875769191258884,5.927720069885254,6.128449712421424,6.194722675652812,35.99191052743207,-2.065742701054536
2011-02-11,5.876648521630898,5.910109043121338,5.8343835190399576,5.910109043121338,6.107655362964273,6.18356135673001,35.27682970795252,-2.696433036462547
2011-02-14,5.959419458382061,6.036905757609231,5.959419458382061,5.9999237060546875,6.097395205163361,6.176359880232939,41.64448288823044,0.1911416799781061
2011-02-15,5.973507417035706,6.041308514927652,5.973507417035706,6.013131618499756,6.089370101671589,6.169958771929677,42.53976242273017,1.4408836383556707
2011-02-16,6.017534618518678,6.091499400837943,6.014893139112684,6.0465922355651855,6.0852960191852645,6.165120868542834,44.848213972771795,2.309317669911654
2011-02-17,6.040426414729403,6.130240713381817,6.027218350599336,6.124957084655762,6.089073263515788,6.163545818194321,49.92242660354587,2.083916141715262
2011-02-18,6.082693741848333,6.128480948604605,6.054516844200574,6.108229160308838,6.090897634638935,6.16137653749293,48.888426510258284,1.5814977592791883
2011-02-22,6.047471966774166,6.0738881001083325,5.913631881630162,5.934764385223389,6.076027801361264,6.152489786423536,39.70466921188698,-1.849435946483071
2011-02-23,5.937406321483699,5.950614389168036,5.821176535083946,5.857277870178223,6.055194474581927,6.140912848531563,36.414013805201485,-4.370303510340159
2011-02-24,5.86344154552555,5.880171809378392,5.785955245189124,5.857277870178223,6.036345274162526,6.129789908203982,36.414013805201485,-4.108413151249992
2011-02-25,5.890738690152337,5.960300556403603,5.859920311886652,5.929481506347656,6.026167772465872,6.121934676758636,41.6409957928127,-0.08901581482975032
2011-02-28,5.932124370254789,5.932124370254789,5.853757339623886,5.873128414154053,6.011592595483794,6.112177568421202,38.94984118388677,0.27061280559236617
2011-03-01,6.014892337621361,6.024578208679543,5.837025806152389,5.860799789428711,5.9972313758595,6.102319616303849,38.36566766259186,0.06012894263425337
2011-03-02,5.844949934984026,5.94621088138413,5.844949934984026,5.8863348960876465,5.986669806357419,6.093849627275763,40.36081780131061,-0.7276624476157022
2011-03-03,5.932122306158895,6.036904768393636,5.932122306158895,6.0228166580200195,5.9901123636586195,6.091064020638283,49.727849284017914,2.548696934758363
2011-03-04,5.99904133827235,6.012249402133036,5.911869191655879,5.9585371017456055,5.98710519585738,6.085866886564061,46.05870369847782,1.6676446189679788
2011-03-07,5.964702187298527,5.984073929307957,5.8484724070321406,5.883693695068359,5.977256481496521,6.077938526113249,42.15826581489535,-0.04487004334467249
2011-03-08,6.001685705792141,6.108229629194805,6.001685705792141,6.068605422973633,5.985956380684817,6.077572522068558,52.79453916103462,0.7602550028256411
2011-03-09,6.038665893939758,6.074767220759563,6.005205373903269,6.047471046447754,5.991814920281287,6.076392072044213,51.62604457737882,1.4925466298782375
2011-03-10,5.9629418714603135,5.976149939436143,5.884574852404703,5.904826641082764,5.98353032226238,6.069664015928078,44.47167780432752,0.35917821541453926
2011-03-11,5.894259987261129,5.996400978471842,5.892498553463095,5.947972297668457,5.980143843729626,6.064891791682602,46.87000877510667,-1.987822850510278
2011-03-14,5.9884752742988505,6.051873441806755,5.939165215242694,5.972625732421875,5.979427833128888,6.061273514848849,48.245530521679775,-1.2376299688089052
2011-03-15,5.815011716588749,5.874887696102119,5.797400739208289,5.855515956878662,5.967626702057438,6.053204591006881,42.60306448379328,-0.8350911415590602
2011-03-16,5.856397100003873,5.878410319489299,5.675888431507325,5.705826759338379,5.9426933741794326,6.039581930941449,36.6955210767777,-4.07106029100029
2011-03-17,5.784193780380662,5.7877159761213175,5.719034166863749,5.74368953704834,5.923740627785995,6.027978307651524,38.999641452695506,-3.833091267225654
2011-03-18,5.74985419551387,5.764823026130388,5.6785308951941005,5.683814525604248,5.900890522816305,6.0144816887477095,36.72333533480855,-2.9323023374688426
2011-03-21,5.7410478591918945,5.766583276571954,5.726079029903992,5.7410478591918945,5.885667411994933,6.003758793471011,40.30975828644111,0.6172830220593606
2011-03-22,5.753376199325278,5.764823506342278,5.678531368217824,5.681172847747803,5.866191739209492,5.991108364226964,37.89025244426731,-1.088441304100573
2011-03-23,5.800924269244653,5.848472911425788,5.747211951509867,5.825579643249512,5.862323920546637,5.984617041835691,46.26714762649009,2.4941897207701826
2011-03-24,5.873128384031162,6.029863116279428,5.8704869044174295,6.009610652923584,5.8763512283920605,5.985597183446981,54.659727849503234,4.677940339788287
2011-03-25,6.187476581046158,6.235905941581658,6.07124678755123,6.096782207489014,5.897344654972723,5.989957380468238,58.00564359833122,7.315555623447924
2011-03-28,6.139929130971408,6.165463881288266,6.099424205014959,6.1126322746276855,5.9178482377970045,5.994768160631353,58.60382389371495,4.927451840964888
2011-03-29,6.195401002149745,6.247351881503411,6.182192935127394,6.22974157333374,5.94755236499098,6.003982804266741,62.81805400918757,3.6629813996862826
2011-03-30,6.234143533344208,6.248231643368452,6.182191990141459,6.230621337890625,5.974511314790946,6.01287058989905,62.848651961391816,2.195242110456387
2011-03-31,6.353015407605819,6.447231962056113,6.308988967735772,6.313391208648682,6.006785590396444,6.024655712202957,65.70785742956795,3.2843286656438715
2011-04-01,6.338047207910919,6.4489933636985795,6.314272551820546,6.437546730041504,6.047810460838831,6.040847516824077,69.49972365726943,3.3356946554134552
2011-04-04,6.477170425497074,6.493019972696098,6.429621783900003,6.4622015953063965,6.087276283169076,6.057371206176325,70.20430824401134,3.7168084025175716
2011-04-05,6.44635157372424,6.487736536797876,6.424338352667215,6.4630818367004395,6.123067288267301,6.073281426981192,70.23074944048705,2.371001940236135
2011-04-06,6.486856813034734,6.5379276549359595,6.394401673513858,6.440188884735107,6.153269345073759,6.087669954736248,68.52750399306075,0.04104288177472354
2011-04-07,6.427861374509367,6.482454411589426,6.401445237130887,6.451635360717773,6.181685156087474,6.101943107911994,68.93320037808802,-0.1635082786073631
2011-04-08,6.456039433880048,6.464844590657745,6.311632712996539,6.344212532043457,6.197163953797568,6.11144386964264,60.98769320840339,-1.839204696155729
2011-04-11,6.402325473694471,6.442829721988765,6.375029293098153,6.4146528244018555,6.217877179569404,6.1233344168881,63.92412116731204,-0.39651104634180745
2011-04-12,6.358298767098861,6.3794312714702714,6.2975420612670785,6.319555282592773,6.227560808428773,6.1310293527980875,57.618701318201666,-2.047234084697333
2011-04-13,6.468364502985274,6.507988702174537,6.384714535458213,6.4269795417785645,6.246553068747801,6.142635242562028,62.159421788275566,1.3046065105332836
2011-04-14,6.367984748197107,6.458679114138781,6.351254484727791,6.428741455078125,6.263904343636403,6.153855094033247,62.2308967661774,0.21963200600156016
2011-04-15,5.661801077273811,5.6794113865003535,5.40644756274753,5.565823078155518,6.197420413590605,6.130795014979219,31.173978291392654,-11.926981737360737
2011-04-18,5.6089694463009865,5.630982669923914,5.514752876066467,5.589597702026367,6.1395325362987725,6.109571590941852,32.17824700651331,-13.029166100635589
2011-04-19,5.656517900786775,5.6679652073134354,5.551735074545627,5.626580238342285,6.090679936493393,6.090630753585006,33.7964982488064,-12.477733353270956
2011-04-20,5.740167373539555,5.756896963663926,5.669724801911187,5.721676349639893,6.055536737745441,6.0761619534302955,37.89968683076445,2.8001837157932785
2011-04-21,5.734885097515739,5.770106391642634,5.706708196572285,5.7269606590271,6.024243777867504,6.062467785022327,38.129162514733615,2.4574748367120405
2011-04-25,5.780672504944513,5.800924293939761,5.721677228424092,5.7630615234375,5.999369277445599,6.050726362999392,39.76670857955621,2.425652515628663
2011-04-26,5.7806721269247365,5.834384441375732,5.7613003844289405,5.834384441375732,5.983656435915135,6.0422423660729745,42.97776510610698,1.9698438857509548
2011-04-27,5.836146714148698,5.83790814853527,5.750735284740298,5.828222274780273,5.96885318247372,6.033849421316398,42.765638408472036,1.7681563010837276
2011-04-28,5.801804465918169,5.817654011890384,5.662680748138743,5.672366619110107,5.940616366915281,6.019673625151445,37.697609032362614,-1.5737278520895555
2011-04-29,5.7155129169151815,5.743689812401083,5.704065612261729,5.73928689956665,5.921442131929697,6.008678067285375,40.93428694678984,-1.6299498732836035
2011-05-02,5.780671348641156,5.798281654835338,5.727839758268488,5.760418891906738,5.906106585260844,5.998942413348958,41.95968365065032,-1.1633630235231784
2011-05-03,5.741928199409398,5.745450395209019,5.592238236876278,5.676769256591797,5.8842649349114104,5.986308171907501,39.068401973002366,0.07761553117630024
2011-05-04,5.660920115559431,5.700543645501384,5.576389425703781,5.6336236000061035,5.860394331587096,5.972477404381956,37.62818098044155,-1.8410527546292392
2011-05-05,5.5790309289872475,5.635384722468718,5.542929259044737,5.573747634887695,5.833094646187153,5.9568409428331615,35.66334761784167,-3.2405847651342157
2011-05-06,5.662681507727807,5.7524958375480715,5.660040028343143,5.7075886726379395,5.821141696325323,5.947066344001977,42.847406663745616,0.5429041529273968
2011-05-09,5.726959413803584,5.734883850569198,5.675007865109517,5.690857410430908,5.8087336690972835,5.937018934842327,42.21283590391693,1.0159324528664406
2011-05-10,5.675007955624515,5.733123179993261,5.657397648004385,5.723437309265137,5.800610206256127,5.928643184819692,43.95347959177116,2.685619877019378
2011-05-11,5.704946027685716,5.735764400527484,5.617773530955317,5.667083263397217,5.787893354555278,5.918385932999203,41.61828675978663,-0.7096763898720442
2011-05-12,5.637145331195163,5.68029172799131,5.592238508203949,5.672366619110107,5.776890808322404,5.908738116768259,41.929782686538445,-0.3249210090365042
2011-05-13,5.660920246863942,5.674128314414355,5.578150317218895,5.5948805809021,5.759556500949042,5.896429978106841,38.6709735132627,-2.2461454789577
2011-05-16,5.569345162654822,5.624818576112133,5.499783300561777,5.508588790893555,5.735654814277091,5.881220519784752,35.373751823239715,-2.79675567019374
2011-05-17,5.503305279312088,5.527959979476975,5.450473682988731,5.515632629394531,5.7147003204787525,5.86688373976945,35.85453976151418,-2.7631145911398254
2011-05-18,5.532363162048341,5.595761013547183,5.512110702045739,5.561420440673828,5.700102236687807,5.854904786863739,39.029856233647905,-0.5980492299064671
2011-05-19,5.547331304445753,5.59928251581208,5.484813841788245,5.520915508270264,5.683036833981374,5.841807168095367,37.27214244748656,0.22377269105812947
2011-05-20,5.532362720554976,5.583433217295049,5.504185489376727,5.539406776428223,5.669357780881074,5.829948329206459,38.63090752665453,0.4310320978774319
2011-05-23,5.477770352883937,5.509469447875502,5.446071257892371,5.504186153411865,5.653627149693531,5.817173341920397,36.987468662616806,-1.0291307386756092
2011-05-24,5.4848152811806115,5.532363928311833,5.46456315426809,5.509469985961914,5.639897896004805,5.805106543647516,37.417606361534865,-0.2073120353174099
2011-05-25,5.4496079710104635,5.4779866995049105,5.4088135910873385,5.467344760894775,5.623464264089564,5.791860983539565,35.34603834611577,-1.3008977033441915
2011-05-26,5.476213806067654,5.50547956450084,5.415022227027144,5.478874206542969,5.60969378241846,5.779586992284797,36.384139036321415,-0.45986720222400973
2011-05-27,5.4912890381922965,5.519668104987872,5.461136935180435,5.467344760894775,5.596136732749538,5.767342198896952,35.765701600677374,-0.7645966885103905
2011-05-31,5.481534116810582,5.513459932592463,5.454928762873989,5.476212978363037,5.5847154228079665,5.755925366719152,36.6575501613539,0.16220337030310786
2011-06-01,5.525875554404697,5.590614545517919,5.469117762979731,5.47089147567749,5.5738750468907785,5.74474756707046,36.33157017812343,-0.1457002034459086
2011-06-02,5.5267623719437955,5.556028124695349,5.4779864556589875,5.516120433807373,5.568374607549502,5.735781797138575,41.12376542333229,0.8921272582162008
2011-06-03,5.499270206171964,5.622540701496063,5.498383518973004,5.555140972137451,5.567114261319783,5.728697843216962,44.971949580381576,1.4412878769738318
2011-06-06,5.557801841244844,5.704129937407623,5.540065389359409,5.611898899078369,5.571379464915839,5.724117492466429,50.08270197774741,2.577412182781732
2011-06-07,5.705902340046692,5.736942140462476,5.673976529110277,5.69348669052124,5.583008724497305,5.7229162845470105,56.35742319592728,3.215416683559323
2011-06-08,5.663336043790668,5.711225279922155,5.620767946663069,5.650920391082764,5.589476502267349,5.720092916175863,52.639659043426256,1.7241582063480823
2011-06-09,5.659788606285252,5.712998643011318,5.649146666600272,5.691714763641357,5.599213479541064,5.71898004744902,55.658629513815924,1.422261270175346
2011-06-10,5.656239987063958,5.658013699687471,5.580859061220671,5.599482536315918,5.599239103995813,5.71429387054184,48.18065669887642,-1.651082356297142
2011-06-13,5.658900723700317,5.690826536012094,5.608351097996973,5.619879722595215,5.601204877195756,5.71059135493609,49.787363556568806,-0.5493028805808602
2011-06-14,5.685506460365032,5.691714286185617,5.623427863858044,5.643825054168701,5.60526394166937,5.707973068631487,51.68142530646003,-0.8413933491287274
2011-06-15,5.61544561374532,5.61544561374532,5.4859676368898596,5.522327899932861,5.5973652710277975,5.700692865937423,42.84947615837105,-1.3778886867253128
2011-06-16,5.503704657020384,5.521441107408283,5.429210415167442,5.466457366943359,5.584897851591184,5.691507160094519,39.506083058055324,-2.729993580378732
2011-06-17,5.522327900605472,5.5267620130159205,5.459362624794254,5.465570449829102,5.573533337137652,5.6826468969468555,39.45345566256666,-3.1584005993937625
2011-06-20,5.379547838796563,5.4389660341833155,5.3476216846545634,5.3830952644348145,5.55539637783262,5.670899774103246,34.809664402169695,-2.5212670819445475
2011-06-21,5.40970027012381,5.481534116810582,5.376000403224952,5.476212978363037,5.54785510169266,5.6632649977997085,42.971260561925845,0.17846313919270007
2011-06-22,5.464683292991045,5.502817267746101,5.42477560565423,5.456701755523682,5.539173830628948,5.6551644784947666,41.79064679030792,-0.1622647514441467
2011-06-23,5.415021175758578,5.523214946464617,5.399058099403388,5.516120433807373,5.536978269026893,5.649711770859967,46.602108570672854,2.4711650609535565
2011-06-24,5.6376177304554975,5.638504756109517,5.498384473276933,5.53031063079834,5.536343255862269,5.645029373210492,47.7136426289307,0.9878661156723991
2011-06-27,5.586181141220584,5.655354253698414,5.579086289529961,5.624314785003662,5.544721496732878,5.644217036418067,54.474431167473234,3.0716912338173885
2011-06-28,5.630521407824464,5.700581188431646,5.60746348444403,5.690825939178467,5.55863620553722,5.646044836526318,58.557502838883416,3.1671807653138453
2011-06-29,5.707676754649764,5.734282106243976,5.674863916198295,5.719205379486084,5.5739285078180645,5.648913877426701,60.19783697129458,3.415626377943183
2011-06-30,5.75290632218812,5.807003381217688,5.743151070454769,5.78483247756958,5.594014600175352,5.654244018608775,63.76915799795895,2.853995530156185
2011-07-01,5.8176444822381095,5.865533711196865,5.787492380635686,5.859325885772705,5.6192823416608135,5.662286444772067,67.35029402741164,2.960904944117182
2011-07-05,5.897458801041586,5.919629698789863,5.861985229323923,5.916969299316406,5.647633480485156,5.672274007695375,69.83493258829394,3.457891554999428
2011-07-06,5.912534356220911,5.916968806041726,5.854889891560566,5.893910884857178,5.671088471377729,5.680965649937014,67.61820652579019,1.8855931906506218
2011-07-07,5.9737273470379,6.076599971151554,5.955990897687944,6.0526556968688965,5.7074282071387925,5.695541730208853,73.78712175756777,3.2995230998436917
2011-07-08,5.949782624075973,6.025164228206417,5.888591397853006,5.960424900054932,5.731523130273663,5.705929305496935,65.92856765203196,0.7344232924031879
2011-07-11,5.852230426116979,5.854890825793153,5.760886428690151,5.77330207824707,5.735502077699702,5.708571375016548,53.483032351368294,-2.046328982000379
2011-07-12,5.477986685988911,5.562236184005671,5.4008320392288205,5.448720932006836,5.708189587633715,5.6983811615651865,39.5399861047042,-9.978012877462739
2011-07-13,5.502818471245915,5.5170078367021835,5.4008325127480905,5.432758331298828,5.681958039411345,5.687964579986113,39.00148349083655,-8.852834782822958
2011-07-14,5.458476671044294,5.536518350334987,5.406153322405251,5.423890113830566,5.657380141736986,5.677608718568249,38.6862550732719,-6.052203049153367
2011-07-15,5.462910300383972,5.5161206699461856,5.411473981938407,5.444286823272705,5.637085539978482,5.668458840321365,39.88963308697424,-0.08137889221090497
2011-07-18,5.4070395138310205,5.410586600927904,5.326337446682846,5.377773761749268,5.612389180147129,5.6570594254754,37.317528547639405,-1.0120930510158583
2011-07-19,5.445173249744317,5.506364812792285,5.440738799042839,5.499269962310791,5.601615921305573,5.650871603390514,44.373412572199356,1.3897746248216
2011-07-20,5.475326286438018,5.48419451220857,5.415908091211708,5.464684009552002,5.588574786852852,5.643570129122337,42.893228295093316,0.3746530434822974
2011-07-21,5.548934220500871,5.608352423361199,5.499271270222176,5.556915760040283,5.5855596414421305,5.6401719185701,47.88569626755984,3.331155348430738
2011-07-22,5.592389559723775,5.675752046112628,5.592389559723775,5.642052173614502,5.590939882601404,5.640245654062037,52.05258990114726,2.59638483439198
2011-07-25,5.583518741368986,5.611897463085391,5.557800419094416,5.575537204742432,5.589472960900549,5.637708067814209,48.771555343443936,2.0285380636220447
2011-07-26,5.597709898290721,5.622541541485765,5.567557454504792,5.60125732421875,5.590595281216568,5.636278626888897,50.081838964762554,0.7979527869996963
2011-07-27,5.571992293594764,5.595936574521379,5.470892677421461,5.497498035430908,5.581728876856029,5.63083625075329,45.07328828491454,-2.5620843929734023
2011-07-28,5.489516128778442,5.542726164638509,5.465571511151065,5.480647563934326,5.5721020851492,5.624946498329017,44.29848678820975,-1.7018923437080535
2011-07-29,5.507251991364039,5.571104298190653,5.488628514639984,5.517894268035889,5.566939435900313,5.620748371650855,46.48817095638568,-1.4882918487321704
2011-08-01,5.610125311866429,5.637617354186343,5.529423236096322,5.609238624572754,5.570967930059593,5.620297009020341,51.52136236688326,2.032571697555635
2011-08-02,5.516120678377751,5.571991448098081,5.425663354454737,5.435418605804443,5.5580584706067215,5.613046875560894,43.1954086343891,-0.8252484328223223
2011-08-03,5.448720460836139,5.486854437290339,5.331658131632903,5.460249423980713,5.548743323309006,5.607054818636181,44.57338240833349,-1.0446891740768103
2011-08-04,5.370679384543561,5.370679384543561,5.15251745328713,5.156951904296875,5.51142985483166,5.589403723956208,33.79088070517313,-8.063246200554158
2011-08-05,5.116156459588103,5.187990293127483,4.999094141576491,5.0895514488220215,5.471250959021218,5.569801673950946,31.94169487525585,-6.36321104345253
2011-08-08,4.868729444392217,4.922826152542344,4.677172894944386,4.734817028045654,5.401114394166402,5.537057178033091,24.379723823745707,-13.285700699844458
2011-08-09,4.756988522481821,4.904203293386254,4.709986320044601,4.902429580688477,5.3536206024065995,5.512169821274479,32.50998456006445,-4.93551866164052
2011-08-10,4.771178371620737,4.785367736346776,4.6505686022988355,4.656776428222656,5.287254490579557,5.4786249823312705,27.79357870693608,-8.503205536895225
2011-08-11,4.709100119065711,4.823502070844774,4.680721387534634,4.787141799926758,5.239624710517386,5.451507994785995,33.32200504252258,1.1051065240994353
2011-08-12,4.700231774074018,4.8004443575663345,4.665645217034488,4.769404888153076,5.194841870292214,5.42475885334941,32.952336612197925,-2.7134442289473735
2011-08-15,4.795122152866453,4.822614190241646,4.749893666398704,4.8066511154174805,5.157871322208906,5.400519334214825,34.59327622799199,3.2184213587429324
2011-08-16,4.75255514233936,4.772952334055699,4.697571393438745,4.719742298126221,5.116144748486746,5.373822195544683,32.589049363526584,-1.4079278328786564
2011-08-17,4.756988417103356,4.843011620383842,4.745459453973751,4.794235706329346,5.085486744471755,5.35109331361467,36.0111903939896,0.5206271800900745
2011-08-18,4.562771945004328,4.582282109770357,4.21779274543244,4.246171474456787,5.005551956851281,5.3077630454124005,25.681519813950665,-11.660501823461615
2011-08-19,4.248831638412292,4.3188917698036,4.197395321777678,4.217792510986328,4.930527247721286,5.265019102885888,25.27719753818581,-10.635110042748966
2011-08-22,4.299381131421659,4.299381131421659,4.2080371264936405,4.265681266784668,4.867208582870179,5.225829383823095,27.35560534464224,-11.024790434205824
2011-08-23,4.346381944305524,4.4306314098131026,4.317116539917163,4.4253106117248535,4.8251230618087195,5.194436490799635,33.95054343655483,4.218838978729273
2011-08-24,4.383630623318012,4.401367411982699,4.278097255129833,4.390725135803223,4.783751830760577,5.162918398446835,33.24630820415648,4.100074253687135
2011-08-25,4.25503897580907,4.299380774646139,4.215131289195492,4.226660251617432,4.7306954898898015,5.126202392688819,30.060804058466044,-0.9147663110949943
2011-08-26,4.204488773988375,4.324211479063503,4.122900037732946,4.293172359466553,4.6890266203256825,5.093534548248731,32.86900133868591,-2.9859655931992815
2011-08-29,4.412009243637819,4.582281598796701,4.38983834291602,4.553016185760498,4.676073245605188,5.072337749719781,42.57049161298469,3.6962243123330123
2011-08-30,4.5281844036940635,4.572526200422478,4.497144943003536,4.521089553833008,4.661312894007838,5.050720173410496,41.77171915788823,6.966003527321739
2011-08-31,4.567205543164645,4.632831558074251,4.54858206777313,4.577847480773926,4.6533638070331795,5.032176146248277,43.790917646656574,6.630880325120357
2011-09-01,4.600018135451572,4.611547097920676,4.4953714627039005,4.517542362213135,4.640428431336033,5.0119944292272915,42.119664336734175,-0.7791279912051977
2011-09-02,4.435954454156244,4.474088435595203,4.394273046932001,4.397820472717285,4.61732291146758,4.987909176030821,38.94218577680136,-2.726534824138008
2011-09-06,4.353478305105718,4.3783096069459315,4.288739312235794,4.340175628662109,4.590927932152773,4.962507860447735,37.47621589099074,-5.19178179504652
2011-09-07,4.40846145556904,4.456350678379706,4.403140656346346,4.4386138916015625,4.576421833052658,4.941962998924356,41.524463743795,-1.7471550742228208
2011-09-08,4.42974591259566,4.464332462662177,4.379196287375199,4.4013671875,4.5597499620476425,4.920763163182224,40.45706951149709,0.08064710246172081
2011-09-09,4.325986266796088,4.326873292319958,4.174337379121203,4.183205604553223,4.523888594667222,4.891839337353636,34.81249645765736,-3.616674474467612
2011-09-12,4.106938233248926,4.219566462174901,4.09097515587037,4.209811210632324,4.493976462854374,4.865093136305742,35.985487466385514,-5.154822801824751
2011-09-13,4.208924181353188,4.296721106858026,4.198282242543889,4.262134552001953,4.471896280868429,4.841447701627162,38.33551233592299,-3.1633951353450187
2011-09-14,4.384515897872876,4.466991651034951,4.31977692766089,4.418215751647949,4.466783849514098,4.824850370255429,44.84060271943306,5.6179439719369535
2011-09-15,4.503353238484943,4.554789890454147,4.433293449435335,4.489163875579834,4.468915280567978,4.811686193993641,47.549205284468066,6.6357527920011
2011-09-16,4.509560706879465,4.530844918703971,4.434179785840603,4.490937232971191,4.471012609368284,4.79910780336531,47.618443236183104,5.368265083554627
2011-09-19,4.380083080368687,4.40668809350112,4.323325628805873,4.384517192840576,4.462774950651359,4.782849348050615,43.875398283677114,-0.7627187240642069
2011-09-20,4.457237852091908,4.500692967527419,4.425312038367107,4.429746150970459,4.459629350681749,4.769002163851393,45.824483203244014,-1.3235811000929527
2011-09-21,4.462558986302611,4.502466676300173,4.3055889645129355,4.345496654510498,4.448759570094011,4.752394104661555,42.84004351965584,-3.2385350967034174
2011-09-22,4.192075248256147,4.25858797103476,4.090088938008461,4.169017314910889,4.422117450552761,4.7295165834948625,37.35229985477185,-4.915019566614418
2011-09-23,4.159262144043735,4.2834190159502885,4.153941004760142,4.2772111892700195,4.40831685424012,4.711779117054673,42.23751058153319,-3.443424442437236
2011-09-26,4.281644936701613,4.330421196877061,4.1947350323089605,4.319778919219971,4.3998846699524865,4.6964065602768414,44.084946634626114,-0.5918249934408093
2011-09-27,4.419104552683279,4.65234220889546,4.412896388600142,4.541487693786621,4.413370672222404,4.690331310610558,52.590058104469705,8.93424878672383
2011-09-28,4.534392717716957,4.592923882185601,4.493598003213704,4.507787704467773,4.422362770531487,4.683172737820645,51.31242725386393,5.3908143646539415
2011-09-29,4.607113716503301,4.713534118689258,4.514882678722063,4.589376926422119,4.4382688806163095,4.679494470706977,54.21267264516161,6.2410140019580025
2011-09-30,4.531731253595403,4.5751863609717125,4.490050196892746,4.529070854187012,4.446916687623043,4.673595505353253,51.75846694204517,-0.2734090773073616
2011-10-03,4.469654562175933,4.599132565571134,4.413783787115914,4.437728404998779,4.446041613087399,4.664345815143274,48.1993091055131,-1.554183649765865
2011-10-04,4.34194785420821,4.505125649626215,4.293171954456844,4.498031139373779,4.450992996543245,4.657823670995451,50.61377306828441,-1.9903744781223074
2011-10-05,4.48739145145417,4.5672068521520615,4.436841810445903,4.560111999511719,4.461385282540242,4.653991840741187,53.040463515962486,0.6853755731379269
2011-10-06,4.567206024873999,4.67894722730968,4.506014454290309,4.669192314147949,4.481176428407642,4.654587937737531,57.035254965785,5.215819627186797
2011-10-07,4.616868602034279,4.706438894308344,4.599131813358898,4.636378765106201,4.4959576033313144,4.653873852536303,55.50558239008561,3.0757373936651486
2011-10-10,4.718854913864141,4.774725684154809,4.689589497817403,4.773838996887207,4.522422497955685,4.658578368001044,60.308066122860644,4.6868804406201745
2011-10-11,4.561883247717949,4.678058859670645,4.559222848565929,4.670077323913574,4.536484862332627,4.659029307448595,55.44338178257735,0.018954236751897415
2011-10-12,4.96628177314766,5.175575130572772,4.92903482223358,4.996434211730957,4.5802895622753255,4.672260872322413,65.00490251970614,7.76587644940843
2011-10-13,4.925487276063387,4.977810614135833,4.909524200834431,4.9583001136779785,4.616290567170816,4.683478097473611,63.2956968872623,3.8639995381295806
2011-10-14,5.04432450983085,5.06472170227751,4.992887846729661,5.054966449737549,4.658069222653363,4.6980462681506285,65.75383674580475,8.241600708688768
2011-10-17,5.010623689499022,5.011510376697774,4.875824569114597,4.88203239440918,4.679399048534869,4.705261410356846,58.23939974567614,-2.28966924157987
2011-10-18,4.904203542706976,4.9689425371120715,4.814633245872836,4.949432373046875,4.705116508012202,4.714836742227043,60.15083037550904,-0.1788463874270326
2011-10-19,4.938999111237085,4.994282992935757,4.893523731483684,4.903332233428955,4.723994196147131,4.722228722274178,58.18900693499782,-2.9997076699978202
2011-10-20,4.941674511746996,4.9470246970024725,4.812381599477386,4.850723743438721,4.736063676841568,4.727267742712003,55.946521352554434,-0.6413036301502857
2011-10-21,4.908682265713957,4.971099729449614,4.890848656054082,4.955049514770508,4.756919470930039,4.7362003612241015,59.29649202596967,0.11349062478804807
2011-10-24,4.983583942709362,5.165486177756039,4.951483508271964,5.139627456665039,4.793367850523849,4.75202103163355,64.44762015664249,4.819074294519915
2011-10-25,5.164594630564257,5.2252287126760875,5.125360952788085,5.138736248016357,4.8262600788564685,4.767186334236798,64.40523868981273,5.937516127716276
2011-10-26,5.1476523828019625,5.188669451952292,5.035301206401527,5.140519142150879,4.856189513455936,4.781826836507938,64.45559700249818,3.743042866221713
2011-10-27,5.285861390754283,5.482030407824387,5.284077995854361,5.427638053894043,4.910613183973851,4.8071527666015115,71.45856078565168,5.603725166023724
2011-10-28,5.268029230706071,5.378597016587847,5.2314701377855055,5.371463775634766,4.954503716512986,4.829282610093012,68.61042210096771,4.528886410705455
2011-10-31,5.285860779906209,5.296561148069181,5.21987687697334,5.224335193634033,4.980201952429276,4.844774868271091,61.67661680822142,1.6304977992569882
2011-11-01,5.1271443367004395,5.167269882147672,5.0540268272845426,5.1271443367004395,4.994196465217006,4.8558481807585165,57.539829725350025,-5.536362487878409
2011-11-02,5.127143845231834,5.2323617809197245,5.091476621553689,5.220769882202148,5.015774885882258,4.87015883571709,60.30208586071583,-2.805453033420283
2011-11-03,5.185101679647948,5.250194057176215,5.097717037880818,5.238602161407471,5.036996531170373,4.884607593587301,60.82483131896717,0.27308676117914704
2011-11-04,5.169053113893387,5.186886386729531,5.103068847896872,5.178861618041992,5.0505074918248125,4.896146967095328,58.06620412556773,1.008695639234437
2011-11-07,5.183318967723531,5.201152577375258,5.111093001700552,5.167268753051758,5.061627611941664,4.906779193995581,57.521017799184776,-1.0247747048338312
2011-11-08,5.1877777755905,5.212744627374782,5.12714370113052,5.206502914428711,5.075425259797574,4.918533065385115,58.926550567398486,-0.612744506831104
2011-11-09,5.072751821896131,5.095043753150832,4.98625901978057,4.996067523956299,5.0678673801936425,4.921573632387907,49.47155145652498,-3.529619201426038
2011-11-10,5.053133689072081,5.069183903215646,4.959507666666488,4.995174884796143,5.06094428539388,4.924459956011759,49.43531634273652,-3.330460954909257
2011-11-11,5.02103423998991,5.1075266937188655,4.991608730265613,5.101284980773926,5.064786256382456,4.9313942707083145,53.770055112554886,-2.020894550220958
2011-11-14,5.056700959430015,5.059376222140028,4.911357831087702,4.942566394805908,5.053146269565643,4.931832393221946,47.24575155790875,-1.0708648130524867
2011-11-15,4.945242097445887,4.984476115335194,4.880149697031585,4.957725524902344,5.044058579597709,4.932847810150589,47.89602454871431,-0.7497106859618423
2011-11-16,4.912249343211456,4.941674511746996,4.846265085651908,4.850723743438721,5.025645738058758,4.92962725851483,43.79265213428301,-4.9117278936491005
2011-11-17,4.844481502691748,4.905115228239231,4.75174700925805,4.763338565826416,5.0006641026080585,4.923106133311363,40.72415976434241,-3.6262098404553726
2011-11-18,4.764231414395697,4.775823313498861,4.726780794273116,4.733914375305176,4.97525936667445,4.915686848683669,39.715068264771325,-4.514391699842571
2011-11-21,4.56003603274002,4.578761167731545,4.4521431995247225,4.545769214630127,4.934355542670229,4.901180274799216,33.926277675458046,-6.2867840952824245
2011-11-22,4.581436886380877,4.611753920403049,4.5109943161311525,4.547553062438965,4.897517211219633,4.887312540981167,34.024467133463865,-4.530131553855094
2011-11-23,4.5011855144928,4.5011855144928,4.396859467389068,4.425393104553223,4.852553010584736,4.869198053278111,30.663853543338465,-6.517254987994244
2011-11-25,4.391508613490028,4.503859750180302,4.387050297140396,4.455709457397461,4.814758386471662,4.852982814223968,32.44707054509283,-1.9811775077101854
2011-11-28,4.540419482599485,4.633153979625871,4.508319393765252,4.547553062438965,4.78931026037331,4.841005176899066,37.67648526801709,0.0
2011-11-29,4.502078141812479,4.589462462894212,4.47443602732983,4.508319854736328,4.762549269360264,4.827958693676998,36.380882963359696,1.8738843809781178
2011-11-30,4.618887779203403,4.682196778099489,4.595704321913235,4.602837562561035,4.74733863061748,4.819130414025392,41.59185552562621,3.302012991877401
2011-12-01,4.631369883748875,4.683978836585807,4.5948111429739065,4.67327880859375,4.740285314234268,4.813410743224152,45.19475235236149,2.764690030628369
2011-12-02,4.732130158900034,4.751747163186273,4.683979515732614,4.708946704864502,4.737300684770481,4.809314114268871,46.978230459368696,4.45014676404116
2011-12-05,4.788305901336816,4.799897798409299,4.724996911433218,4.749963760375977,4.738506691971004,4.806986649410327,49.03228727059701,3.196423854094905
2011-12-06,4.737479935922264,4.749071491868274,4.674170611216025,4.703596115112305,4.735181875127319,4.802932118653541,46.82396882746581,0.6487373803335641
2011-12-07,4.721430851252059,4.741047518389833,4.657229983879339,4.716080665588379,4.7333627123140865,4.7995261793176525,47.50946198278085,0.1514980136960847
2011-12-08,4.631370868288526,4.649204478831537,4.504752879714022,4.511886119842529,4.712269703507271,4.788246176985295,38.718083695641205,-5.012199093380085
2011-12-09,4.576087314817813,4.695572071960744,4.5734123920934024,4.680413722991943,4.709235800601049,4.784017453299281,47.373585096456594,-0.4928652790973703
2011-12-12,4.628696307096286,4.628696307096286,4.560928989920008,4.6010541915893555,4.698932790218983,4.776842423428304,44.20718705097756,-2.4390268563116853
2011-12-13,4.6411793389352285,4.666146529581575,4.572520159916474,4.607295513153076,4.690205430498421,4.770193524986139,44.52125098301786,2.1146232590169363
2011-12-14,4.553794737789737,4.559144922625952,4.4343099976300335,4.444118499755859,4.66676857995151,4.757406269094756,38.43035350390839,-5.0485969237145305
2011-12-15,4.52258687264749,4.54666219789398,4.451252424444028,4.466411113739014,4.647686916502701,4.745994694374923,39.645175430089616,-2.926352793159162
2011-12-16,4.552012388827878,4.582329429570552,4.480678275359199,4.491378307342529,4.63280038229697,4.736009738020712,41.04810903596598,-2.5159490091230783
2011-12-19,4.467301937336886,4.496727443606249,4.3834844160976365,4.4048848152160645,4.611094137813074,4.723024446930334,37.77245015155379,-0.8828226461996963
2011-12-20,4.492270393328831,4.619780276163231,4.461061483318483,4.589463233947754,4.609034051730663,4.717786752303566,47.416082119312634,2.7550558395805242
2011-12-21,4.568952656566636,4.585002528081182,4.341574771400054,4.400425434112549,4.589166564338462,4.705341210413723,40.494486280863214,-2.0250548274076627
2011-12-22,4.512776851346246,4.565385802122366,4.502968351009517,4.553793907165527,4.585797739845802,4.6993981789137935,47.22544976003518,3.3805445135608783
2011-12-23,4.543095210286823,4.582328882977724,4.513669700657764,4.560928821563721,4.583429271437985,4.69396800803732,47.522840676903726,-0.621737465352534
2011-12-27,4.572519865383623,4.611753873808748,4.572519865383623,4.578761577606201,4.582984729168291,4.689450108804727,48.306902130059036,4.052702316261794
2011-12-28,4.612645608120171,4.652771145742274,4.530611478001933,4.548444747924805,4.579695207145102,4.683920486809436,47.02067218158591,-0.11746599318659544
2011-12-29,4.546662596048994,4.582329483126245,4.527045587060377,4.576979637145996,4.579436581430901,4.679726727999105,48.41295408822123,0.351919887598078
2011-12-30,4.578761848256065,4.6188873864500275,4.577870320806343,4.581437110900879,4.57962710804709,4.6758722332109395,48.64001527771565,0.058433557837193964
2012-01-03,4.783848187516086,4.854290425940366,4.752639282252915,4.766014575958252,4.597378295467201,4.679407227044168,57.06693260919673,4.783389490060574
2012-01-04,4.779388839795783,4.82040624250388,4.735696854939579,4.743721961975098,4.611315787515572,4.681929373512047,55.87452512083791,3.643064598230871
2012-01-05,4.744614377190608,4.846265525230053,4.736589268653395,4.815948486328125,4.6308046159739105,4.68718502499503,58.87291753948321,5.118729554734247
2012-01-06,4.79811467757899,4.8150564203083395,4.73658873895822,4.807922840118408,4.6476730182733865,4.6919198412743786,58.39805768021507,0.8793146452291367
2012-01-09,4.830214824887557,4.9452412556964624,4.816839872095624,4.93454122543335,4.674993799907669,4.701434405359044,63.41210845269155,4.02256424360087
2012-01-10,4.9728835534868745,5.006767380749326,4.934541408461747,4.986258506774902,4.704638057704548,4.712603977963588,65.25415901502794,3.5363754602082262
2012-01-11,4.891741183206485,5.071860018777077,4.880149284342377,5.070968151092529,4.739526638027213,4.726657474949037,68.08814721919614,5.4710801258957575
2012-01-12,4.549336356677917,4.64831256379864,4.548444489143823,4.623345375061035,4.728461755839958,4.722606020051468,46.503503478903234,-6.306479896618664
2012-01-13,4.558253473233017,4.573412161585648,4.483352579393956,4.554687023162842,4.71191178129928,4.716020961349953,44.18952870855933,-8.655216792825282
2012-01-17,4.651879579293535,4.663471477612052,4.605512666315153,4.629587650299072,4.704071387870689,4.712631419740115,47.27194613918997,-8.704067697572949
2012-01-18,4.593920573897388,4.65009632783133,4.576086963425743,4.618887424468994,4.69595862945148,4.708955184631443,46.87365853798319,-0.09642261675036908
2012-01-19,4.617996154600237,4.647421324394111,4.585895721990305,4.609971046447754,4.687769335832078,4.705073453722279,46.52191100243248,1.2137831425905983
2012-01-20,4.6019459383770505,4.701813686383625,4.601054070722399,4.6625800132751465,4.685370352731418,4.703407044292979,48.955820482673246,0.712641502185252
2012-01-23,4.653662481902884,4.734805081248956,4.646529242256491,4.708946704864502,4.687615719601236,4.70362428588402,51.0695003574293,1.9498046200132577
2012-01-24,4.698247087955974,4.806140288669813,4.696463692721678,4.77849817276001,4.696271191330642,4.706560516741902,54.137369428663014,3.6557089971772303
2012-01-25,4.749964479601351,4.84537391267671,4.737481053239769,4.834673881530762,4.70945239992113,4.711584570263034,56.50918885637637,3.690957962450728
2012-01-26,4.910465802584639,4.930974335234364,4.854290049584546,4.889065742492676,4.726558432546991,4.718544616232824,58.7344468639459,3.825038780797938
2012-01-27,4.92829998144445,4.944350198439396,4.807031826437251,4.84269905090332,4.737619443819022,4.723413417592452,56.099344297358265,1.3435367310442812
2012-01-30,4.828431302135253,4.8480479656923094,4.786522372455903,4.840914726257324,4.747457089765527,4.728021312049898,55.995230538370286,0.12908512299875155
2012-01-31,4.92651568699685,4.965749354630133,4.840914772079978,4.903332233428955,4.762302341542997,4.734896250143194,58.870762683342974,0.2918040314386439
2012-02-01,4.95059097709173,4.963965928630594,4.901548807820305,4.946132659912109,4.779809990911484,4.743180030918446,60.76410191779005,2.135866960171629
2012-02-02,4.975558439735094,5.019250769844671,4.935432899868714,4.948808193206787,4.795905057796751,4.75124388041995,60.88531919246122,2.228782638211828
2012-02-03,5.078101329532375,5.144977114363404,5.053134138561599,5.090584754943848,4.823969790858379,4.764551365695397,66.74778429399127,3.818883008544269
2012-02-06,5.025492534330298,5.060267889189176,4.996958892387226,5.022817611694336,4.842907678557041,4.774679453773786,61.96698749475637,1.5504022446415584
2012-02-07,4.961291716121037,5.015684077878126,4.9416747095469145,4.994283676147461,4.857324440232319,4.7832913840629505,60.01772580463662,0.9189178720464025
2012-02-08,5.011224934612693,5.011224934612693,4.925624022085889,4.969316005706787,4.86799030361084,4.79058646726467,58.28988396827376,-2.3822164854300363
2012-02-09,5.0468923237613685,5.082559544342198,4.992500305589949,5.020142078399658,4.882480948828823,4.7995886480934935,60.766049658739234,-0.0532675781109082
2012-02-10,4.952374763932338,5.01390036223506,4.94613305135733,4.967533111572266,4.890581154804389,4.806174705484818,56.99442404832893,-0.5356236511545219
2012-02-13,5.031734750022971,5.035301540659214,4.971992197383476,4.996067523956299,4.900627475675999,4.813621482679777,58.49901959560457,0.5383340125439827
2012-02-14,5.01390016713759,5.10841805982791,4.998741820087493,5.103067874908447,4.919907513698137,4.824972321590706,63.63661873480265,1.651861545225917
2012-02-15,5.159242919272275,5.288536145857488,5.150325945628054,5.24216890335083,4.950599074617441,4.841332971855809,69.0079505044481,5.528615222287667
2012-02-16,5.23860225953875,5.301019716192596,5.232360547888142,5.297452926635742,4.98363277480966,4.859220028906003,70.85083382104689,6.032452548615306
2012-02-17,5.349170640683145,5.350062168046124,5.275161284087567,5.314394950866699,5.01513393443414,4.877070025845638,71.4118608303099,4.141177055420673
2012-02-21,5.296561414614399,5.371462294785739,5.275161017359256,5.30904483795166,5.043125449054856,4.894010214555679,70.94747717739543,1.2757302527601224
2012-02-22,5.326878661360534,5.426746392250706,5.312611842661938,5.358978748321533,5.073206715651683,4.912244274703359,72.72989954708578,1.1614227164990454
2012-02-23,5.342037788188433,5.342037788188433,5.2715952117537945,5.318854331970215,5.096601726729638,4.928189767145197,69.0632322330412,0.08391136046048603
2012-02-24,5.348279045672637,5.373245894881645,5.292103294804559,5.317070484161377,5.1175987512469465,4.94343999134191,68.8969322677586,0.1511693054906136
2012-02-27,5.254652717612767,5.260894429554653,5.17083520000188,5.235927581787109,5.128868163679343,4.954910092927996,61.62754886251216,-2.2961682125155702
2012-02-28,5.209177079656694,5.234144267958559,5.174401729685583,5.217202186584473,5.137280927765546,4.965196057385112,60.05285375349971,-1.9111661843178944
2012-02-29,5.19401929105558,5.20650271647309,5.138735404143248,5.14319372177124,5.137844051004183,4.972176357949275,54.162328803891654,-3.270160944980609
2012-03-01,5.157460164750437,5.194018910860453,5.12357634099185,5.161026954650879,5.140051946589583,4.979582263702279,55.30011362979354,-1.4305130459933832
2012-03-02,5.153893910428666,5.167269203871345,5.126252136197298,5.14408540725708,5.140436085700774,4.986033367371095,53.930556442972815,-1.4014557364751026
2012-03-05,5.082559965528718,5.109310213107193,5.046892741992182,5.089693546295166,5.13560346290024,4.990098472426942,49.676793988073534,-1.0402131121292773
2012-03-06,5.027275766098959,5.040650718991967,4.947916555764484,4.971991539001465,5.12002137490988,4.989388396606335,41.96342819123419,-3.6627480792183054
2012-03-07,5.0825590370517,5.120901176297422,5.062942033675435,5.08790922164917,5.116963074599337,4.9932519583727215,50.16951304684234,-1.0920539058052756
2012-03-08,5.171726835165428,5.182426864410594,5.133384695210136,5.146759986877441,5.11980087576868,4.999271881059181,53.745342745041164,1.1212156500820087
2012-03-09,5.166377569374425,5.2073949790473195,5.125360499849387,5.189561367034912,5.12644473207975,5.0067342138425435,56.20672713165935,4.375909056296227
2012-03-12,5.079886081260297,5.144086620543129,5.0647273891067375,5.135169982910156,5.127275708349313,5.011770910668725,52.39132451706551,0.9288837359733289
2012-03-13,5.171727428203613,5.260895142482985,5.148543972156023,5.256436824798584,5.139576767058767,5.021365652399307,59.06339384694876,2.1309880041187608
2012-03-14,5.210961998986293,5.247520754541743,5.179753429663797,5.235037326812744,5.148668248940098,5.029744933748854,57.53116435918706,0.8762967919929426
2012-03-15,5.177077181467661,5.276944917884838,5.151218464849166,5.266244888305664,5.159866024117771,5.03901944177069,59.19370958008646,2.5524939940006863
2012-03-16,5.200260474353682,5.2724864371064095,5.185102127932132,5.240386009216309,5.167534594127155,5.0469161699058125,57.19568457525697,-0.30535543595904296
2012-03-19,5.174401846322984,5.220769094045572,5.111984724530848,5.180643558502197,5.168783066924778,5.052160381223318,52.764449451926396,-1.0390330558285343
2012-03-20,5.126252320700857,5.1476523828019625,5.0781016707515905,5.140519142150879,5.166091264565359,5.055625430671458,49.96460216894838,-2.3873889046438848
2012-03-21,5.173510685170564,5.179752397791635,5.114660008923446,5.148543834686279,5.164420080767351,5.059269289652431,50.52998077176147,-1.7525841487345728
2012-03-22,5.041542921623833,5.0807765955907485,5.013900806238232,5.035301208496094,5.152123045312945,5.058329364901202,43.12451397766995,-2.805488321379983
2012-03-23,5.062942713434752,5.087018037134073,5.008550353241601,5.085234642028809,5.145752721190647,5.0593844738081675,46.825145128335365,-1.0754653098896614
2012-03-26,5.066509251187121,5.129818243604148,5.042433928687444,5.1191182136535645,5.14321610142521,5.0617269734099475,49.23874601812539,-0.5715328834236848
2012-03-27,5.112877123301819,5.173511200646072,5.10039369681586,5.13338565826416,5.142279868743206,5.064537117914035,50.26247502800672,1.9479360957109761
2012-03-28,5.082559155952343,5.116442978900076,4.96485781323685,4.985366344451904,5.127335723572606,5.0614323816998334,41.019706246500114,-1.9638876985440494
2012-03-29,4.970208523452685,5.040650758935527,4.9256246664937,5.034409046173096,5.118485563820271,5.060372643051727,44.6513711492839,-1.6547609167245816
2012-03-30,5.089693299865889,5.148543977748283,5.053134210429714,5.085234642028809,5.1153188093639415,5.061347623403769,48.210420404267026,-0.9379972486157155
2012-04-02,5.093260493535881,5.146761334061349,5.067402111103852,5.1155524253845215,5.115341058508759,5.063473301912818,50.26484523429428,2.611364380021905
2012-04-03,5.123576812232618,5.160135561705123,5.099501488412017,5.1360602378845215,5.117314313687403,5.066319848421513,51.66168300950843,2.019128576544568
2012-04-04,5.091476086465277,5.122684988940719,5.011225351845177,5.0798845291137695,5.1137495722994375,5.066851796683954,47.70896024202923,-0.10520877189856824
2012-04-05,5.03084205479307,5.125359950219484,4.9862581996170325,5.117334842681885,5.114091026621575,5.068831523977991,50.431802680598764,0.034843104891634495
2012-04-09,5.014792043047038,5.078101034034273,5.014792043047038,5.062050819396973,5.109134816409709,5.068565613994422,46.576233787072645,-1.4409764500354143
2012-04-10,4.958616215122921,5.067400925949236,4.947024318031312,5.014791965484619,5.100149782988272,5.066456843464626,43.51371760727038,-1.2813788041065248
2012-04-11,5.0468927670774075,5.118227214505041,5.0165757289650195,5.035301208496094,5.093973728274731,5.065235053858017,45.1977992889721,-1.6030538690096534
2012-04-12,5.004983540752264,5.070967454129779,4.942566077179184,5.062050819396973,5.0909334512387545,5.065110181918368,47.40049417998669,0.0
2012-04-13,4.346925461302828,4.416476159836381,4.32641693071339,4.382592678070068,5.023472425222689,5.0383447896105915,22.57728350951743,-12.606690203019346
2012-04-16,4.311259226877596,4.342468133696985,4.231900008643268,4.234575271606445,4.948339362973523,5.006824416355527,20.106947675079287,-15.902245044220567
2012-04-17,4.257758360578114,4.28807539706563,4.224766401507175,4.239033222198486,4.880786397185425,4.976714957761133,20.389475963342896,-16.258580298024942
2012-04-18,4.2122828013660785,4.221199436373209,4.168590473476365,4.173940658569336,4.813467755412463,4.945233612694788,19.315394278726725,-4.760926575376269
2012-04-19,4.188207773013447,4.258650010875179,4.183749115048709,4.202474594116211,4.7552779305271065,4.916105808044648,21.273196638523828,-0.758061326846046
2012-04-20,4.222091297917816,4.222983165577798,4.154323982116714,4.159674167633057,4.698553762632435,4.886441822146154,20.47080891580734,-1.8721026801547869
2012-04-23,4.034838087362917,4.077638538963622,3.963504001361742,4.071396827697754,4.638824530733894,4.854479273344256,18.888353619723635,-2.4567630270702043
2012-04-24,4.072289212530671,4.11954833082867,4.066939367546318,4.078531265258789,4.585463267355313,4.824049939693846,19.430432720246298,-2.9492939476886333
2012-04-25,4.10171433094617,4.132922890883383,4.039296870923953,4.112414360046387,4.540410990468748,4.796142662060612,22.093375576523314,-1.1361420554139643
2012-04-26,4.110630182043694,4.189989708182352,4.081205022587023,4.1792893409729,4.506018452421525,4.771952335743447,27.20718582613215,2.6500122154920547
2012-04-27,4.177506367610454,4.198906764039198,4.146297810472454,4.196231842041016,4.47651496571862,4.749375061480607,28.48788861852527,2.8858569207206575
2012-04-30,4.239033650649372,4.271134085486262,4.183749417253452,4.217633247375488,4.451859563971655,4.728522441319622,30.159429787815434,2.5585672579918413
2012-05-01,4.223874568939209,4.255975000798055,4.206040957890091,4.223874568939209,4.4301467073018985,4.708732328677253,30.66839451288083,1.0668136213782595
2012-05-02,4.216740905009143,4.255083045861286,4.186423871315537,4.245274543762207,4.412539834583833,4.6905575135825455,32.48516678619301,1.1687319377791434
2012-05-03,4.247949618518323,4.248841486094498,4.150756801732168,4.165915489196777,4.389051801689828,4.6699833165478095,29.407669034024433,-1.2262270127658303
2012-05-04,4.142732529917887,4.14362439767396,4.023247761695495,4.072289943695068,4.358884005690327,4.646544360749663,26.24832579958107,-3.588757733452531
2012-05-07,4.0820979763149365,4.091906479610761,3.977771910672845,3.99917197227478,4.324625716793609,4.621157208260452,24.07319949882472,-5.797094368114259
2012-05-08,4.004521884488967,4.033947392368502,3.93318778377046,4.0143303871154785,4.295073780633786,4.597360078019473,25.452410818044097,-3.6386984439409664
2012-05-09,3.951914050893796,3.999172842348717,3.906438654985011,3.9608306884765625,4.263241105190241,4.572398141174653,23.808600111361358,-2.7370166849507584
2012-05-10,3.940321864096732,3.9840142014379656,3.931405227160756,3.9643971920013423,4.234779780124632,4.548554966697268,24.160238147801604,-0.86954950961154
2012-05-11,3.8948460719429714,3.9447801180466,3.868095823731258,3.8993043899536137,4.202829742965488,4.523094159766145,22.150886286089044,-2.8653844120816725
2012-05-14,3.868095733249528,3.898412771219729,3.8475871987620174,3.860962152481079,4.170270924824115,4.497128198696142,21.040825584148717,-2.521403812741499
2012-05-15,3.9536958001737297,4.049996738531283,3.923378768808841,3.931403875350952,4.147521682017148,4.474942931113978,28.163423790721563,-0.8322404404119306
2012-05-16,3.9340801767189992,3.93586357214779,3.862746060306867,3.870771169662475,4.121164490364322,4.451249920860978,25.990187620730293,-0.7317515494469519
2012-05-17,3.885037485100853,3.885037485100853,3.786061262702281,3.787844657897949,4.089419744415143,4.425234028195762,23.33771484300629,-1.8937635670980124
2012-05-18,3.860070773607975,3.889495945041339,3.807461803932211,3.822620153427124,4.064010259559141,4.4016021115381685,26.7153976962454,-2.767045192326294
2012-05-21,3.797653360321324,3.837778903956015,3.723643986489797,3.8306453227996826,4.041785027486812,4.379211649234699,27.509151564195037,-1.03663701893004
2012-05-22,3.843129656154829,3.9073626732636617,3.819607827746115,3.881126880645752,4.0264842515971875,4.359678913211603,32.464439051072674,2.4626728700001483
2012-05-23,3.8449390185724144,3.85760464482737,3.7626121028027737,3.837701320648194,4.008504924840141,4.339209203699313,30.531026885723627,0.39452434758784344
2012-05-24,3.84765305064098,3.926361463949985,3.835892308975215,3.906458139419556,3.9987861833715135,4.3222385737275575,36.93514021326606,1.9791134451587544
2012-05-25,3.891077276949768,3.908266633173264,3.838605359019131,3.841319322586059,3.9837893394871844,4.30337899525142,33.75989018004078,-1.025670102624152
2012-05-29,3.905553477010911,3.958025755538313,3.9028395126431,3.930885076522827,3.9787508382524837,4.2887713905953975,41.23998157075047,2.4281138131639297
2012-05-30,3.9109819392449734,3.9109819392449734,3.813275421060361,3.845844030380249,3.9660930470265567,4.2714016901948035,36.97105226151392,-1.551638514378487
2012-05-31,3.839511352335541,3.878413122049339,3.808751821517944,3.808751821517944,3.9511081684066887,4.253258558089828,35.25677196585379,-0.8478207181742466
2012-06-01,3.7960852184337193,3.847652603163111,3.745422718411803,3.815988540649414,3.9382396324298052,4.236110714268635,35.88143744094567,-2.9229177052168613
2012-06-04,3.8476529686498746,3.891983005492339,3.818702867283852,3.8621280193328857,3.930990907372956,4.2214447262319394,39.865210572234595,0.4234178199636109
2012-06-05,3.8358920061398023,3.923646844860816,3.834987121398529,3.916409492492676,3.9296022011938816,4.209482560202948,44.25346991776059,2.8265866619743654
2012-06-06,3.940836337267082,4.101871315425858,3.940836337267082,4.066588401794434,3.942648506012982,4.20387886771634,54.2094563340843,6.567102035960827
2012-06-07,4.0711115126048005,4.095538223093918,3.955311117793343,3.9697861671447754,3.945233045168391,4.194698761811573,48.230206536635585,2.787534418149238
2012-06-08,3.954406982177043,3.958930371247668,3.930885151942312,3.946264743804931,3.9453313021813945,4.184956251301508,46.87721116444777,0.7623117901609786
2012-06-11,3.968881280454746,3.980642365894543,3.878412135775325,3.882935523986816,3.9393888471152443,4.173112301210736,43.35105093805407,-4.516141287536709
2012-06-12,3.951692086547056,4.0168299781743055,3.937217037864599,3.992403268814087,3.9444378396579913,4.166025672489299,50.30904896731952,0.5697309808900519
2012-06-13,3.992402757291395,4.037637321767488,3.950786695688013,3.962547779083252,3.9461625957937305,4.158046147257689,48.557308503899165,0.412618927908544
2012-06-14,4.025877353485873,4.035829015645064,3.988785014145894,4.013211727142334,3.95254822735074,4.152366366076695,51.63492854699641,3.3550957091802682
2012-06-15,4.088300693037228,4.121774526435022,4.068397715060403,4.071111679077148,3.963839984658017,4.149179907762988,54.951828294205484,1.9714544088739128
2012-06-18,4.008687682672287,4.037637779610762,3.976118737338408,4.02768611907959,3.969920568888643,4.144415445461678,52.06766074722191,1.6438499578523151
2012-06-19,4.011402373459846,4.054827526738156,3.985166235506562,4.003260135650635,3.9730957657231185,4.138879943116147,50.46328828199743,-0.2479707567979573
2012-06-20,3.980642907106525,3.998736807524953,3.885650361300336,3.9761195182800297,3.97338374215711,4.132497181357868,48.66880202250065,-2.3333224014786005
2012-06-21,3.985165983943362,3.9933082212385953,3.82322612280063,3.832273244857788,3.959944647176222,4.120723693651983,40.45726135601192,-4.851740389999846
2012-06-22,3.890172293657713,3.8974099891602902,3.825034414583782,3.8630316257476807,3.950714835611599,4.110618122361618,42.68414885154422,-3.502857799675896
2012-06-25,3.863032066458556,3.876602229405555,3.8168926151466342,3.841319322586059,3.9402962153234524,4.100057385115518,41.504132782302754,-3.3902450636665424
2012-06-26,3.847653561239326,3.863033499084481,3.8241317296739217,3.849462985992432,3.931645431577641,4.090230153777358,42.15011770197768,0.4485520743519397
2012-06-27,3.878412381080466,3.925456380702732,3.874793877349846,3.911886215209961,3.9297636014473856,4.083236273833538,46.983175685539116,1.2646696738555585
2012-06-28,3.8974118408460288,3.907363159221534,3.8395112846534274,3.8729851245880127,3.9243561274607788,4.074991130725871,44.488753324282,0.824347036596673
2012-06-29,4.032210429914232,4.083777823458214,4.016830838382235,4.076540470123291,3.938849874381018,4.075051889133613,57.27210050826068,5.898939279508775
2012-07-02,4.112727296697622,4.1335351588760965,4.078349269678787,4.1091084480285645,3.9550649766331656,4.076387440462827,58.90278146440468,5.04161475995329
2012-07-03,4.11725042130779,4.166103839874268,4.100061408899162,4.166103839874268,3.975163915989461,4.079905730635825,61.660426516277184,7.568289209926549
2012-07-05,4.076540563624486,4.089206191085448,3.991499330479518,4.034019947052002,3.9807692522811315,4.078106288142342,52.81571104584856,-1.0430541137250888
2012-07-06,3.9697854167651454,3.996021201490682,3.906456958405997,3.9399304389953618,3.9768798414920106,4.07268762739148,47.57997686104962,-4.117146363327782
2012-07-09,3.935408343756276,4.011402449716067,3.922742716948385,3.985166311264038,3.9776690290893466,4.069255418915894,50.13915516949374,-4.343087344066061
2012-07-10,4.00506860932513,4.055731448678083,3.9191228628796617,3.9372167587280273,3.973816431912078,4.06407743224186,47.49240024453759,-2.399670541904902
2012-07-11,4.00054644798983,4.0114026507818235,3.8856505710111287,3.946264743804931,3.9711924616161594,4.059457326812961,48.04968467038378,0.16077199604530584
2012-07-12,3.5319159842571786,3.5735317137933547,3.44868418007238,3.5056798458099365,3.9268579267774713,4.037740562852058,30.869019104710112,-12.0317805582878
2012-07-13,3.588006490202311,3.641383302730056,3.5581518500359026,3.637764453887939,3.899325215073706,4.022055225245622,38.023583430964116,-7.605685010261679
2012-07-16,3.5382488733214412,3.597053619763742,3.5111081945701903,3.558152198791504,3.8668325468563536,4.0038629496984015,35.63005100651336,-9.834934303956882
2012-07-17,3.561770621718542,3.5735317087839995,3.5273925904694297,3.547295570373535,3.83640045385799,3.9859583465876227,35.30368416230173,1.1870942696988898
2012-07-18,3.5282972048403227,3.632336875848544,3.5201549667169623,3.5997679233551025,3.8138640223815248,3.970813624107916,38.24784774018596,-1.0445022214735993
2012-07-19,3.65133603468095,3.673048443872623,3.628718740457319,3.633242130279541,3.7966619374194313,3.957575526310725,40.11994754508514,2.110363112447544
2012-07-20,3.6106238343817463,3.626003769645562,3.5500096683322586,3.577150344848633,3.775756071460308,3.9426568917435842,38.03891591332573,0.841620718736835
2012-07-23,3.5011561078899223,3.521059085837534,3.4559215337443483,3.5102028846740723,3.7504652917663805,3.9256979110741916,35.66133427418912,-2.488078136924802
2012-07-24,3.484871613858896,3.4930138509634987,3.4314948028648153,3.4676826000213623,3.7235336068382834,3.907736526327022,34.19925573396164,-4.556798702690387
2012-07-25,3.4631598724483275,3.5102038843712293,3.441447463937764,3.4532082080841064,3.697788330766457,3.8899118863959274,33.69284873999962,-3.464828839050962
2012-07-26,3.4794432176469945,3.516535553119522,3.466777592624043,3.4966325759887695,3.6786306398352484,3.874489168340745,36.7202211828907,-0.38659613507105756
2012-07-27,3.5237743602562808,3.588007390311846,3.505680456618972,3.581674575805664,3.669396728975288,3.8630062431432908,42.278352976907364,3.287266711884171
2012-07-30,3.613337428781559,3.629621902047635,3.553627808510077,3.57262659072876,3.6601805253327617,3.8516188057937013,41.857106592080896,3.4581865745914273
2012-07-31,3.607005333143581,3.6124336070150296,3.5590567885060596,3.5807695388793945,3.652617574241965,3.840997265914709,42.413209895891825,2.40622830858438
2012-08-01,3.61333754153872,3.6350502882751816,3.585292327348274,3.609719038009643,3.6485319993626963,3.8319275314870596,44.44747119286309,0.7829986116946627
2012-08-02,3.5518188068451573,3.5789598289261466,3.525583014672596,3.5500097274780273,3.6391489258498706,3.820871931329843,41.213687102629734,-0.6330598140154182
2012-08-03,3.588007142110515,3.654954477403707,3.5825788678610726,3.623290061950683,3.637638557859472,3.8131236227267387,46.37067772351806,1.187468855775495
2012-08-06,3.6775699076370105,3.7137573489788953,3.67576048380307,3.6793789863586426,3.641613836764155,3.807878735026029,49.987079607841544,1.9297886515679943
2012-08-07,3.699283702410943,3.7752778066142745,3.699283702410943,3.744518280029297,3.6514142599322637,3.8053940113006672,53.877015106016685,5.479099142904347
2012-08-08,3.749947071075439,3.764422124106368,3.725520354377158,3.749947071075439,3.6607983371839947,3.8032196214879135,54.19675819514185,3.4956353744576303
2012-08-09,3.7598974255095383,3.76984874059926,3.742708068755979,3.762611389160156,3.6704948183245816,3.801627141788786,54.98081008233476,2.2621318192580517
2012-08-10,3.7816107069447904,3.78794352034818,3.754470028771342,3.78070616722107,3.680991137267104,3.8008067114135815,56.13615438183318,0.9664230345669397
2012-08-13,3.771659590931547,3.79065837900707,3.718282766574121,3.7454237937927246,3.6871275807457344,3.798634832291195,53.26570028707121,-0.12062243004985078
2012-08-14,3.7743736108614008,3.7779921151151616,3.713759091870677,3.722806215286255,3.6905255459400697,3.7956611610360995,51.44950660788022,-1.0579135009418486
2012-08-15,3.720091546443769,3.751755957671647,3.718282121935395,3.7436137199401855,3.695581562511509,3.793620084914691,53.03599967484518,-0.9810983885094745
2012-08-16,3.7472329546739456,3.8132757542164897,3.7363767506188377,3.806942939758301,3.7061874079635846,3.794142549810519,57.57948649806646,1.6425149556515233
2012-08-17,3.824129921423874,3.8720784468148897,3.824129921423874,3.85217547416687,3.7200910333162787,3.79641835076567,60.51754102215166,3.4750468168182036
2012-08-20,3.8440340555874815,3.866651341441435,3.793371211034162,3.860318183898926,3.7334460000384353,3.798924226574817,61.04065733719889,3.117428043847561
2012-08-21,3.921836871225058,3.966166899303848,3.9028384356680186,3.9345028400421143,3.752594270514976,3.8042410349460836,65.5225278631272,3.350717420837207
2012-08-22,3.949883644505964,3.964358696787807,3.9136958412451226,3.935408592224121,3.7700051582967995,3.809384860721693,65.57460015144696,2.160678261294736
2012-08-23,4.018639740728058,4.034924216404337,3.9399316717010007,3.945359945297241,3.7867056142016033,3.814717216979558,66.17898738626471,2.2029728469797574
2012-08-24,3.922742611051208,3.958025526238544,3.90464871105163,3.9480738639831543,3.8020740189427036,3.8199468894110713,66.35248307585576,0.34492347553864716
2012-08-27,3.912791059318982,3.924552146417785,3.888364345396446,3.9100770950317383,3.8123600261892783,3.8234814072785483,61.58884596769498,-0.6436815034259646
2012-08-28,3.91821921058333,3.942645923742668,3.889269108715768,3.897411346435547,3.8204601519270183,3.826380620578823,60.041449723290796,-1.2153162075578865
2012-08-29,3.8856490356945934,3.892886386325444,3.85488951901074,3.8675551414489746,3.8249453890243474,3.8279953076717703,56.44157786316088,-2.0394431641394246
2012-08-30,3.866651025847768,3.874793261895123,3.818702149074515,3.8367960453033447,3.8260740229556807,3.8283404346377146,52.92120058367454,-1.8741586916919533
2012-08-31,3.8521764071168536,3.881126506263806,3.8141791862912258,3.8476526737213135,3.8281291325524074,3.8290977773468753,54.011499057321025,-1.2767108290927813
2012-09-04,3.834082133141009,3.845842872502156,3.787942679882332,3.8177976608276367,3.827145182864334,3.8286546355225917,50.54489458655035,-1.2865357778117241
2012-09-05,3.803322691656811,3.839510140239526,3.7617069704861192,3.833177328109741,3.827719672887706,3.8288319960162056,52.245285120852365,-0.09431612081734755
2012-09-06,3.898315322551472,4.047589544129323,3.89107762557472,4.03944730758667,3.8478842095257026,3.837091419999361,68.09130894237381,4.984717959998699
2012-09-07,4.06930218061008,4.1615807517359755,4.062969367944691,4.130821228027344,3.8748305922401447,3.8486102360004586,72.45208426014094,8.199061212999135
2012-09-10,4.100060919144795,4.127201588957854,4.095537531694675,4.099156379699707,3.8961949529505793,3.858435574969057,68.93614355201673,6.93886634566756
2012-09-11,4.125392946784368,4.1534385064699455,4.111822781862242,4.147105693817139,3.9200912139854895,3.869755971786629,71.21417157452096,2.6651761499220608
2012-09-12,4.161581768824704,4.186913025677205,4.152534989980952,4.170628547668457,3.9439519124314866,3.8815548963310147,72.28783091368648,0.96366599868867
2012-09-13,4.172437701560472,4.337091550636414,4.111823527995277,4.281905651092529,3.9761379827801573,3.8972549259295057,76.71275968319418,4.4582166295936725
2012-09-14,4.3823258621894965,4.410371425236611,4.331663354894642,4.356090068817139,4.01232389573606,3.915248460944707,79.10779343598279,5.039282584757168
2012-09-17,4.318091637523571,4.362421664141057,4.2574774846171,4.359707355499268,4.045408034761127,3.932678221515474,79.22001948402034,4.53358062627066
2012-09-18,4.37780304999996,4.397706377694647,4.297285544489626,4.313570022583008,4.070947271696545,3.9476151548906717,73.77647823535665,0.7394925080238361
2012-09-19,4.3524713431163615,4.35428076772998,4.291856826453729,4.298189640045166,4.092589402015461,3.961363173916338,72.00032526335498,-1.3291834617114575
2012-09-20,4.319901397330127,4.343423221675566,4.285523027798442,4.329853057861328,4.115185940667448,3.9758137576004557,73.4190814528969,-0.6847775596745433
2012-09-21,4.3796111116047705,4.423941142641382,4.364231523255006,4.407656669616699,4.143040295805472,3.9927487737579557,76.56180127495692,2.1811781550111804
2012-09-24,4.385944008006647,4.398609632799366,4.353375061332574,4.36513614654541,4.1641922815902275,4.007352200141778,71.58080966314401,1.5575512507991773
2012-09-25,4.402228625879106,4.405847474542238,4.292761042162367,4.295475006103516,4.176695398210541,4.018651133708905,64.21049011199509,-0.793977331295235
2012-09-26,4.310855582067748,4.331663447309557,4.233956589535021,4.280096054077148,4.1865430797216465,4.02890387568413,62.67618024642409,-2.894068778515904
2012-09-27,4.296379469728337,4.3334718021089405,4.27376218546913,4.318091869354248,4.199071535877132,4.040244581318253,64.90727441865452,-1.0777276037173131
2012-09-28,4.3180930128551696,4.422132686043858,4.307236810167316,4.391373157501221,4.2173859760318075,4.054014329403859,68.78309505623417,2.232538922038697
2012-10-01,4.465557828600908,4.513506373349138,4.435702839907698,4.474604606628418,4.24188298846958,4.0705080657656065,72.49831793373355,4.54449035941574
2012-10-02,4.4746033284314715,4.507172272206931,4.4492720811004975,4.475508213043213,4.264133009857545,4.086390424482375,72.5365323240916,3.6455070538484344
2012-10-03,4.473698961696599,4.502649058367806,4.432083240870787,4.477317810058594,4.284436324162407,4.101720910191247,72.61858840323679,1.957124787051285
2012-10-04,4.517126323760885,4.522554598968137,4.4709868472806065,4.491795063018799,4.304184775482063,4.117017935792328,73.30575494700584,0.38417822135426044
2012-10-05,4.442034409222871,4.477317661916328,4.39589530202737,4.410370349884033,4.314297687329869,4.128521952031218,63.63313254626648,-1.4554294184813454
2012-10-08,4.3271397634825925,4.372374340085442,4.301808165908543,4.3325676918029785,4.3160376877558795,4.136523745747758,56.02603581408021,-3.232965011561708
2012-10-09,4.355185420776017,4.3768981715918205,4.28823843389285,4.293666362762451,4.313907085375553,4.142686201316962,52.637694271279116,-4.410902489464677
2012-10-10,4.283714846113882,4.295475934254154,4.219481821469857,4.240289688110352,4.306895904683629,4.1465137890343495,48.31959767092189,-3.8563804914513304
2012-10-11,4.342518668441269,4.372373649940743,4.295474674786336,4.362421989440918,4.312184103231942,4.154980777285588,57.009779759799166,0.6890670789615689
2012-10-12,4.041256934444748,4.061160258716002,3.910076937529476,4.029496192932129,4.2852614451081505,4.1500598131932955,38.16852104562321,-6.152554658680116
2012-10-15,4.0258765844003275,4.047589329064513,3.996926488256326,4.032209396362305,4.261161249989499,4.145438228219532,38.347347558902385,-4.907218776384499
2012-10-16,4.0517853074327626,4.05906958257063,4.009901767390092,4.058158874511719,4.241827690420187,4.142015508466284,40.13078066364597,-6.97463738413333
2012-10-17,4.033575968175461,4.062712381292746,4.007170985246219,4.018097400665283,4.220520043776863,4.137155974827029,38.28930687894686,-0.282883807827876
2012-10-18,4.029934022827388,4.04905507706036,4.0007976083138095,4.046323299407959,4.203929877646491,4.13359390912432,40.36560767473799,0.3500290202782446
2012-10-19,4.030843736408257,4.039948733446735,3.949808081832328,3.978033781051636,4.182415963685076,4.127493511945,37.11220679777641,-1.9744198277531282
2012-10-22,4.024471246427448,4.036308023613056,3.9844084151326102,4.004439830780029,4.165465855789358,4.12266787738951,39.15436590941425,-0.3399014141118779
2012-10-23,3.94980732777351,3.96619659718059,3.91338665190593,3.94343376159668,4.144319942056722,4.1156390885348895,36.2274186269969,-2.542790830043986
2012-10-24,3.966199156692477,3.966199156692477,3.910657746451803,3.915210247039795,4.122499971102728,4.107779133966455,34.92660865535152,-1.5792609482374276
2012-10-25,3.9798549380192294,3.9798549380192294,3.938881755772397,3.958002805709839,4.106833574398643,4.101905552466195,38.53054941591591,-1.159638477103673
2012-10-26,3.920672203519988,3.9352404091472457,3.8769675866382154,3.885161876678467,4.085721984139579,4.093405800474519,34.979329347798554,-1.477694021025455
2012-10-31,3.953449726104736,3.9935125451931786,3.9361500934377744,3.953449726104736,4.073124626231499,4.087917326969822,40.5145598032322,0.9766903091309846
2012-11-01,3.9898717077894754,4.020829192931009,3.9807667081204543,3.998976707458496,4.066062919681689,4.084429459538005,43.94097439098282,1.0352165918009968
2012-11-02,4.043592394097445,4.060892033919312,3.985319557504309,3.988961696624756,4.058719946057219,4.08068562569827,43.34944003438773,2.671698715293439
2012-11-05,3.969841409071926,3.98805176086894,3.929778912985352,3.9853203296661377,4.0517295064009256,4.076945810167598,43.12213541763106,0.8061466761790178
2012-11-06,3.984407438559587,4.030843827572839,3.9753024413151823,4.006259918212891,4.047399069430637,4.074173814404668,44.911002266748774,0.18212686112451235
2012-11-07,3.989872475829305,3.995335685082454,3.926136423876718,3.941615343093872,4.0373244288271355,4.068975442980715,40.65947361804731,-1.1869342734212194
2012-11-08,3.9652870073650783,3.969839506298894,3.896998481357643,3.903372049331665,4.0245670593513765,4.06248119224938,38.34672450261433,-2.0562532884611993
2012-11-09,3.8605777674038033,3.937971283758188,3.8605777674038033,3.9197609424591064,4.014585524409256,4.056884319708585,39.923784992908246,-2.1590954536062545
2012-11-12,3.8897151906898313,3.9234041051272617,3.887894121350854,3.89699912071228,4.003386819295258,4.050614311904808,38.45262382002619,-1.1319273571370831
2012-11-13,3.867862700840622,3.879699477861592,3.8268895091014654,3.831442356109619,3.987011156134721,4.042019333246174,34.50850598963396,-1.8427578081971892
2012-11-14,3.845099615001799,3.855115322060704,3.789558219372187,3.797752857208252,3.968986556236962,4.032440255754491,32.65483312176123,-3.1126409758629654
2012-11-15,3.793200083515403,3.8369046997028007,3.7868265153630793,3.811410427093506,3.953979305842347,4.023772419336413,34.19798854284623,-2.196271822692389
2012-11-16,3.850562427236469,3.8851616969169536,3.850562427236469,3.8742356300354,3.9463846700512093,4.017908231520687,40.905971975103654,1.1168972399530595
2012-11-19,3.9170300286869417,3.9534503687481366,3.9061039614019246,3.93979287147522,3.945756879710639,4.014844884067924,46.979839354918646,3.7401068370568638
2012-11-20,3.8669513540077296,3.86877242288004,3.795020696551647,3.828709602355957,3.934609519962574,4.00754546125569,39.56005529377386,0.45387857312556934
2012-11-21,3.852384193444791,3.8724152617971273,3.8278002780122513,3.856936693191528,3.927212107889141,4.0016392350570955,42.06403130243167,-0.4465122541788715
2012-11-23,3.866951934073404,3.9671083057409144,3.866951934073404,3.963466167449951,3.930664875466361,4.000142252013678,50.4134846270252,0.6008766640025608
2012-11-26,3.956181823644232,3.99442322969186,3.937971481431053,3.9935128688812256,3.936650398648729,3.9998822762045623,52.493077715265535,4.30440758483899
2012-11-27,4.05178618776378,4.05178618776378,3.9643769511181137,3.9698398113250737,3.939811295094095,3.9987041403269354,50.68933895087348,2.9272743400960786
2012-11-28,3.958002544070042,3.9725707470910794,3.929776498758438,3.955270767211914,3.9412836257719825,3.997000870793013,49.560660901099205,-0.20677356363836294
2012-11-29,4.029023225984256,4.06908570477322,4.0117235902799475,4.066354274749756,3.9531951161508183,3.99972061212465,57.357207791502745,1.823993267584903
2012-11-30,4.0745479637455295,4.0745479637455295,4.024469790082365,4.047232627868652,3.962151069647755,4.001583828428337,55.759447003724596,1.9495198854823839
2012-12-03,4.029022758657282,4.042680601857269,4.003528488506245,4.006259918212891,3.966351912368244,4.00176720449832,52.391693696306405,1.2891443848462243
2012-12-04,4.0089921951293945,4.039039317585794,4.000797556944327,4.0089921951293945,3.97041289167883,4.002050537464244,52.597301497695774,-1.4106513044511204
2012-12-05,3.9762127722672793,3.9962441828547024,3.906103529878054,3.9598238468170166,3.9694044112158,4.000394588811412,48.535126632924474,-2.1597172460449063
2012-12-06,3.90428372896237,3.933420146188445,3.884252311869385,3.913388729095459,3.9640695843471963,3.9969825943127475,45.0003901288741,-2.3181518676616357
2012-12-07,3.906103483666528,3.917939910388721,3.864219594085302,3.8988192081451416,3.9578552628041432,3.993133049757155,43.919596868622406,-2.7481467067485017
2012-12-10,3.8605786234747854,3.928867157989079,3.8578468459074697,3.925225019454956,3.9547476205804113,3.9904699897453044,46.43079222325319,-0.8737466286504577
2012-12-11,3.877879186484617,3.9224945258474055,3.8624002676852096,3.915210247039795,3.9509821564336858,3.987518627286265,45.596860366643796,0.04654579625052897
2012-12-12,3.916119827771352,3.916119827771352,3.877878413653209,3.89699912071228,3.945840914936409,3.983968842714736,44.04759064087347,-0.04668304262632574
2012-12-13,3.8587581006287968,3.8587581006287968,3.78864848691954,3.8032166957855225,3.9322576559696576,3.976880523227316,37.0635271923403,-3.108314123769018
2012-12-14,3.809589022824376,3.835083293190616,3.790468320049696,3.795020818710327,3.9191874809925786,3.969748770109003,36.518574878820345,-3.069807768825196
2012-12-17,3.7822736421754497,3.787736501575127,3.749495096443862,3.774989366531372,3.9054543272343683,3.962111146439292,35.15795430733903,-3.130864298440161
2012-12-18,3.788647914935248,3.8359946734349726,3.788647914935248,3.827800035476685,3.898058680400303,3.9568440440486015,41.360983265964144,0.6463828295243922
2012-12-19,3.8469194527763153,3.899729401333242,3.844188023483139,3.859666585922241,3.8944022904500115,3.9530331633377638,44.792925006959145,1.7034364315788608
2012-12-20,3.829620870728881,3.8642201423645024,3.788647683440989,3.864220142364502,3.8915278001561533,3.949550299770185,45.285706486533805,2.363735819344018
2012-12-21,3.805947280288592,3.8851618766784664,3.794110504674752,3.885161876678467,3.890921521729707,3.94702526357051,47.602139768769995,1.4985589808804727
2012-12-24,3.850562541173459,3.8642200383461702,3.8177839922254897,3.8186943531036377,3.8840427437653195,3.941992678846319,41.58442937762316,-1.061548501832924
2012-12-26,3.846920709719277,3.8678624849205754,3.821426435097424,3.836905002593994,3.879553435082336,3.9378715935030906,43.6849637674119,-0.7068732826850227
2012-12-27,3.8132320905332833,3.828710659220515,3.778632467075367,3.7968428134918217,3.8716762330260965,3.932341053110492,40.255542904997995,-2.2732402404337266
2012-12-28,3.8141420201486183,3.834173433674376,3.802305244216723,3.805037021636963,3.8653296414652267,3.927348738150746,41.271084658477044,-0.3576440061398166
2012-12-31,3.847830716479695,3.8569360618161026,3.8032157399982327,3.851472854614258,3.86400994747942,3.924373213306178,46.790813189105904,0.37967716194210877
2013-01-02,3.9598232597609218,3.9661968263059504,3.875145478710313,3.902460813522339,3.867671934721603,3.9235139035107336,52.112915353708594,2.7817322238152915
2013-01-03,3.9206717612923647,3.9907813515073056,3.90701391809896,3.958002805709839,3.8762748748157208,3.924866409479326,57.14177251704782,4.020086616846336
2013-01-04,3.909746559466965,3.909746559466965,3.855115864429605,3.886073350906372,3.8772080630148302,3.9233451130647006,49.8418968501049,0.8983705091069544
2013-01-07,3.88789500110529,3.944346774053677,3.88607393135424,3.941615343093872,3.8833420896890245,3.924061592673688,54.658661828647446,1.0033292182168654
2013-01-08,3.8687733533316746,3.8969990593074217,3.863310145400826,3.871504783630371,3.882214727207248,3.922000541338656,48.34716937234462,-2.1853956736636264
2013-01-09,3.8642208644913354,3.915209767904096,3.8633105034185578,3.886073350906372,3.8825822151785934,3.920591631909939,49.64825445591183,0.0
2013-01-10,3.912478190416728,4.075459908335149,3.8760574968706303,4.001708507537842,3.8939275763556647,3.9237726858561315,58.568891292960544,1.5245821627231921
2013-01-11,4.628141685721218,4.841201575662242,4.5653160129436365,4.754703044891357,3.975906192406683,3.956358190132023,81.52391854730129,22.812790132543693
2013-01-14,4.690966189235404,4.759254710405174,4.675487277156899,4.728297233581543,4.047562482042384,3.9866303094829845,79.85307692289791,21.672876619241734
2013-01-15,4.659099537704463,4.672757385366875,4.583527063350665,4.64362096786499,4.104329956882632,4.012394649027377,74.57483370845854,16.040959982917453
2013-01-16,4.620857936011782,4.6964307546902715,4.610842227769236,4.673667907714844,4.1585526188666515,4.0383269336817875,75.20123272857798,-1.7043154201518653
2013-01-17,4.705535407328557,4.784750011704475,4.702803977039769,4.746508598327637,4.214548426434364,4.0660987636679,76.6998945529779,0.38515693592086614
2013-01-18,4.734672055124531,4.771092748328109,4.717372416886242,4.753792762756348,4.2659050298936005,4.093067155789016,76.8505568104763,2.372540645624903
2013-01-22,4.74377699017714,4.752882337020811,4.708267005820493,4.73558235168457,4.310636203397502,4.118263830137861,75.53556586297768,1.3247506068525776
2013-01-23,4.737404129124519,4.8594130163979,4.72374662781791,4.827545166015625,4.359865628408752,4.146078784486009,77.618353381832,1.7072879150906908
2013-01-24,4.776555155652791,4.822991552445002,4.7628976574983,4.792944431304932,4.401111228684578,4.171446064753417,75.03012144653599,0.8235880380675878
2013-01-25,4.782018256697129,4.808423238807247,4.774733979977056,4.795675754547119,4.438688802576249,4.195925660431602,75.10070415097863,1.2689759864733856
2013-01-28,4.788392386566398,4.789302747596426,4.729208846943953,4.753792762756348,4.468698703545782,4.217802801699239,71.75134889404356,-1.5277413410540557
2013-01-29,4.768360502346491,4.791123346530183,4.736492659422696,4.775644779205322,4.497931663132405,4.23967895767987,72.44191420497205,-0.3609399680625831
2013-01-30,4.7883911269270785,4.8311853780837595,4.765628286496228,4.810243606567383,4.52767565774526,4.262054041949969,73.54465884286468,0.3037705792859507
2013-01-31,4.76380743362208,4.814796323539567,4.752881366973118,4.800228118896484,4.553633034997758,4.283158907712577,72.63853329052259,0.9768064881568909
2013-02-01,4.779286553015602,4.812975462583925,4.751970864212376,4.809333324432373,4.577985443515341,4.3037931985643345,72.96464890259521,0.7054240167472554
2013-02-04,4.750150352243383,4.7756449749608905,4.72556678517073,4.726477146148682,4.592127510432802,4.320369039646073,65.33353083367398,-1.7414182579929127
2013-02-05,4.772913073246023,4.800228764542573,4.750150228721195,4.789302349090576,4.610906066495447,4.338758581192917,68.06117837128919,-0.22760938720595447
2013-02-06,4.765629019541888,4.823901844435009,4.76016581195812,4.815707206726074,4.630410936993602,4.357462448860884,69.15951252342225,0.1325315145307267
2013-02-07,4.776554730038807,4.776554730038807,4.727386907463475,4.7528815269470215,4.642074802703451,4.372969079374067,63.55896525831561,0.5586482274616553
2013-02-08,4.756523682060286,4.811154364672484,4.756523682060286,4.770181179046631,4.654275409974231,4.388546024459266,64.41353641736471,-0.39924750308520746
2013-02-11,4.751970718904304,4.75288142708105,4.644530078052786,4.654545783996582,4.654301159881121,4.398977387578376,55.11040352418508,-3.346578515080793
2013-02-12,4.673667814305379,4.704624952133099,4.625410343495195,4.693698883056641,4.658053323993076,4.410535093283406,57.356188315479756,-1.2451950160095069
2013-02-13,4.72465550533848,4.774733689070901,4.7146397991253135,4.751060485839844,4.666911148930863,4.423889030246404,60.47596513367465,-0.40083788202377196
2013-02-14,4.792033459229546,4.796585958033792,4.682771751260654,4.700982093811035,4.670156000824213,4.4347554248959975,56.58394973100783,0.9976550230553544
2013-02-15,4.705535589744261,4.710088089513207,4.662741327782534,4.680041313171387,4.671097459142992,4.44437447933817,54.99025673198245,-0.2909766950443952
2013-02-19,4.739224023573525,4.784749711306859,4.7346715242668775,4.757434368133545,4.6793200219039965,4.4566513377223025,59.52724803714465,0.13415704373156306
2013-02-20,4.736491976719316,4.77837552062032,4.709176637102722,4.7255659103393555,4.6837243922311735,4.467197007236697,56.98024499335943,0.5229506523899664
2013-02-21,4.698251224502237,4.7182826399116555,4.651815171992678,4.659099102020264,4.681379126496801,4.474722579581151,51.984334929798806,-0.4474791940871084
2013-02-22,4.7883920096697805,4.910400870764876,4.772913094709898,4.869427680969238,4.699288512637033,4.490201211008135,63.030509666082416,2.354069529279308
2013-02-25,4.9468206708219755,5.0724713004706485,4.944999601899525,4.969583511352539,4.725030893467082,4.509000516903995,66.93175079269243,5.163775210060715
2013-02-26,4.989614714725994,5.0078250571276826,4.943178671568412,4.96047830581665,4.7474544565479935,4.526705528233903,66.24732576340124,6.468615438244352
2013-02-27,4.923148517261191,5.0005420580631545,4.919506378384197,4.966853141784668,4.768349569427677,4.543966218961383,66.50556976125411,2.000757937040305
2013-02-28,4.899474799301818,4.962300125390576,4.8985640910106145,4.910400867462158,4.78187826447858,4.5583362051771,61.98293712179054,-1.1908974616320214
2013-03-01,4.868516788554635,4.9286106779171295,4.827543603231706,4.9140424728393555,4.794465331941511,4.57228547057562,62.161693319722566,-0.9361160378999002
2013-03-04,4.857591239188961,4.882175154760131,4.838470531744763,4.878533363342285,4.802471811122538,4.584295191860588,59.23682766325458,-1.77818381017499
2013-03-05,4.894011155734888,4.940447201781206,4.879442950373944,4.930431842803955,4.814658480806482,4.597869178172092,62.047577083302,0.4079295332999866
2013-03-06,4.957746704699475,5.007824884073534,4.957746704699475,4.9859724044799805,4.830974092584911,4.6130889125371075,64.8415619198214,1.463762921020574
2013-03-07,5.018751594127929,5.025125162466014,4.979599475860596,4.979599475860596,4.845128890992119,4.627461875804696,64.25701609566602,2.0716495100295904
2013-03-08,4.970494716151235,5.02785718128191,4.970494716151235,5.013288974761963,4.861144137065438,4.642592350273608,66.00187472278046,1.6805248424423336
2013-03-11,4.9450004627302455,4.96047903026553,4.904937634128912,4.948642253875732,4.86947729104737,4.654594307277613,59.95372866532162,-0.7487035140969949
2013-03-12,4.877622421125408,4.894011697387055,4.782928902132216,4.803870677947998,4.863229042180763,4.66044828259802,49.10225090435088,-3.5289745443277334
2013-03-13,4.815707071883156,4.840290984321595,4.7792867310114655,4.8202595710754395,4.859136711599304,4.666715391950076,50.20111333326019,-3.850354620654771
2013-03-14,4.826633384340335,4.860322644206337,4.820259815681025,4.849396228790283,4.858209046569874,4.6738793463359665,52.17784921189036,-2.005520302214625
2013-03-15,4.888548644874912,4.960479321049859,4.875801506784863,4.879443645477295,4.860231389322961,4.6819406914003325,54.19702793762955,1.573168234445027
2013-03-18,4.810244640283246,4.878533176250923,4.797497155142511,4.845754623413086,4.858852649712497,4.688364767165539,51.56801905192434,0.528914510966021
2013-03-19,4.82208202682044,4.8348291671576735,4.763809186802499,4.78292989730835,4.851621911388293,4.692073203641728,46.990275526034154,-1.3706104501696719
2013-03-20,4.799317740714681,4.873979838060644,4.799317740714681,4.864874839782715,4.852884095044904,4.698849738392355,52.86744513768335,-0.298575139976947
2013-03-21,4.824813079769976,4.833007718374108,4.744687763122189,4.753792762756348,4.843446825303137,4.701004366798786,45.50271981164644,-1.8977820340388047
2013-03-22,4.770181207014992,4.800228325761259,4.735581589246585,4.768360137939453,4.836295712220881,4.703645769588617,46.554206449068694,-0.30461996478551334
2013-03-25,4.787480952800069,4.797496311220101,4.735581355047457,4.761075973510742,4.8291319275818205,4.705897934448308,46.075486006945326,-2.1336389874443045
2013-03-26,4.78748069694191,4.81843782604039,4.7847489199429925,4.7920331954956055,4.825598715002181,4.709275787822712,48.499320320840184,0.804419431971309
2013-03-27,4.775644604462463,4.8111545845163475,4.752881761111673,4.801138877868652,4.82326920670375,4.71287826194216,49.22229806903519,0.6874216498119595
2013-03-28,4.818437404106809,4.914041602029572,4.7993167034555935,4.908578395843506,4.831393891383727,4.720552776997115,56.90892099126979,3.098090077819063
2013-04-01,4.911311216314585,4.912221924603545,4.839380891491745,4.852128028869629,4.833368571144289,4.725712590796038,52.41900029270675,1.2540571177702007
2013-04-02,4.937715081283292,4.9941668257455545,4.911310104217598,4.935894012451172,4.843132898887802,4.733954999488396,57.74631677030397,2.806732694271505
2013-04-03,4.931342288056028,4.959568338384173,4.865785189143389,4.883995532989502,4.847024578326059,4.739838941978635,53.732275849934595,-0.5008143065377182
2013-04-04,4.789301529726321,4.8029593730379805,4.751970484985616,4.7847490310668945,4.841093573825186,4.741600121942881,47.003542001270624,-1.3886483910118763
2013-04-05,4.70644543465371,4.745597553573453,4.659098678115104,4.73740291595459,4.8312182730756055,4.741435525629615,44.162328294105684,-4.021380848046433
2013-04-08,4.710087136949233,4.725566049833371,4.680040366684045,4.716460704803467,4.820288980859211,4.740456120891334,42.92632426899026,-3.4302821747972976
2013-04-09,4.6417988385566495,4.741955554768788,4.62176742584754,4.687324523925781,4.807625699246504,4.7383725288534695,41.1987117851888,-2.0361466507134596
2013-04-10,4.689145637008379,4.862143381967298,4.689145637008379,4.825722694396973,4.809349222594168,4.74179802554145,51.23768614497657,1.864307934310171
2013-04-11,4.87124832966594,4.965031130286648,4.841201210632073,4.9477314949035645,4.822528486623634,4.7498738478693765,58.03901360260025,4.903481754116186
2013-04-12,4.021739451682745,4.120985473818308,3.903372722328436,3.924314498901367,4.736984297316751,4.717498971439259,25.681474471453306,-16.27815657161645
2013-04-15,3.880609596513599,3.891536011850645,3.781363581536123,3.797752857208252,4.6475336839730845,4.681430496371377,23.90644860956455,-21.30188372370155
2013-04-16,3.843277669857262,3.9033715511812552,3.8341726731516177,3.8933558464050297,4.5757072232523175,4.650525608137403,27.957145069724856,-21.310284310791715
2013-04-17,3.876057192946336,3.886072900252848,3.781363675018248,3.814142227172851,4.503177223625702,4.617726259864283,26.689394996570346,-2.8074271763733356
2013-04-18,3.858757515323568,3.8733257219798105,3.742211514740179,3.7576904296875,4.432178481345873,4.583999364563233,25.791790701686192,-1.0548982260578708
2013-04-19,3.7822745495606176,3.806858464757103,3.7431224269143777,3.8004848957061768,4.372017187475426,4.553273306960996,27.774820955828492,-2.385370214351363
2013-04-22,3.7449425241029943,3.7722578625637424,3.720358615288309,3.761331796646118,4.313856674063111,4.522216777144727,27.06228774639802,-1.3845952086028401
2013-04-23,3.774989728052903,3.798663278829933,3.7303747511270937,3.748584747314453,4.260021252468,4.491878266170991,26.8210430841162,-0.24232124874118832
2013-04-24,3.746764393209136,3.755869392196233,3.6948651348491,3.7148962020874023,4.208104581003181,4.461408381304968,26.157384381088423,-2.252046672135793
2013-04-25,3.7121642117863742,3.738569191131939,3.702148506011616,3.720358848571778,4.161652606485904,4.432347615315431,26.475078533882126,-1.0893202272363978
2013-04-26,3.698506516965821,3.713074722133909,3.6192919230726783,3.6511597633361816,4.113034240471645,4.401712797590754,25.00733076402116,-2.598980429829373
2013-04-29,3.714896491108518,3.752227545593508,3.702149352601469,3.7158071994781494,4.07520309371036,4.374814538841241,28.969168692469967,0.024522822205239013
2013-04-30,3.7513170653132057,3.813232033808029,3.7440327879215967,3.8004848957061768,4.049039455805199,4.352291807737905,33.895370301704084,2.1537182405175472
2013-05-01,3.8296207620604807,3.83781539928553,3.7622425951730287,3.782274007797241,4.0236332226615845,4.329938168524546,33.35953412439481,3.5910300550983365
2013-05-02,3.8332631248013618,3.885162385858598,3.830531694429969,3.876057386398315,4.009578381112702,4.312138922166654,38.731216703056994,4.312661511142753
2013-05-03,3.9061041387345057,3.956182325675526,3.905193430474916,3.950719118118286,4.003972737017995,4.297965596517699,42.691687414626976,3.9530277460606515
2013-05-06,3.939792795671511,3.958913499885752,3.914298523385856,3.9334192276000977,3.9972533551686715,4.283669660481714,42.01399671381684,3.9961467490527456
2013-05-07,3.933419967639017,4.016276715489585,3.921583190136514,4.001708507537842,3.9976776553943068,4.272612360366269,45.67959656556952,3.2417249956219956
2013-05-08,3.979854843123061,3.997154823733321,3.9361502322129978,3.989870548248291,3.9969341213804004,4.261524446165564,45.146804332441995,0.990995030511118
2013-05-09,3.965287144251398,3.970750351560615,3.9306875259598586,3.93979287147522,3.991492097579907,4.2489075216679035,42.86892739855796,0.16203825492080268
2013-05-10,3.943434873549406,3.9516295105636345,3.876056708395372,3.903372049331665,3.9830997120324554,4.235357110988051,41.23924056441595,-2.4573618498435033
2013-05-13,3.89699912071228,3.9270462438052167,3.865131275613827,3.89699912071228,3.974899655716248,4.222088170192923,40.945917549911734,-2.327680219519537
2013-05-14,3.929776733415374,3.936150300909325,3.879698554248598,3.9070138931274414,3.9684343449935047,4.2097323161903555,41.64830328532497,-0.8319975038562109
2013-05-15,3.9188519223907754,3.933420130947365,3.854205518629256,3.866952657699585,3.958769422394084,4.196289976641698,39.61833206067586,-0.933023836103858
2013-05-16,3.857846765772131,3.9234038686908015,3.857846765772131,3.88971495628357,3.952192806574035,4.184267426823733,41.367014848271054,-0.1869172715486442
2013-05-17,3.9152097161903985,3.9607354105647055,3.8906257995482543,3.947988271713257,3.9517923746825323,4.175001577603714,45.70237386577424,1.048739003920376
2013-05-20,3.938882438870003,3.942524577330997,3.892446389159377,3.926135301589966,3.9493488439118116,4.165242115799254,44.37721326150067,1.5304724192198431
2013-05-21,3.9607347880845474,4.003529045217445,3.93615087530608,3.964376926422119,3.9507800898651744,4.1573650495491705,47.25916879411608,1.9194715031223053
2013-05-22,3.937062171155882,3.960735379216421,3.898820407570727,3.92067289352417,3.9479127378326977,4.148083004214857,44.426189146175595,-0.6918809355336109
2013-05-23,3.884251287851919,3.886982717705053,3.825978468762419,3.8660409450531006,3.940115424234641,4.1370225313065525,41.10876031286096,-1.5306236775011
2013-05-24,3.835994904040319,3.8405474037722818,3.790469212053766,3.805947780609131,3.927337553413164,4.124039207749791,37.76796967585134,-3.9963189362009484
2013-05-28,3.859667797108876,3.8942674174577623,3.840547091389796,3.8696835041046143,3.9218466915742543,4.11406447427351,43.053899566289616,-1.3005264862512644
2013-05-29,3.807861638006625,3.8410292626677807,3.7829856559158137,3.8189175128936768,3.9120439126522943,4.102490083631164,40.13007046507557,-1.2189067014337216
2013-05-30,3.820759878107882,3.905522163817296,3.820759878107882,3.8437931537628174,3.905543840377106,4.092345105989268,42.20137100915547,0.994374472148682
2013-05-31,3.924871112241164,3.932241931182007,3.846558094024658,3.846558094024658,3.899926150248301,4.082706399637715,42.4397419235246,-0.5976046892575759
2013-06-03,4.0538581582610105,4.1072955481389055,3.97554512987862,4.001342296600342,3.9095848308532575,4.079515650498995,53.901433356443306,4.7768715373073825
2013-06-04,4.0354327511254695,4.061230277561222,4.007792870585872,4.02437686920166,3.9205174059340577,4.07735334535008,55.327069286981335,4.698060176887077
2013-06-05,3.97738684588459,3.9875215458894258,3.909208530059298,3.9294779300689697,3.921370789185002,4.071554309456703,48.651567314763966,2.1556891646358163
2013-06-06,3.919343162268977,3.946983029056802,3.903680348497891,3.935927152633667,3.922757109513446,4.066235597424427,49.101022106214614,-1.634829992481609
2013-06-07,3.956196740350941,3.998578250095938,3.926714164895304,3.9672529697418217,3.926994810487577,4.0623539257506,51.32948050430195,-1.4194470676194508
2013-06-10,3.973700596432798,3.995812343031121,3.9525100261677895,3.9746217727661137,3.9315307116569618,4.058913449162973,51.86336878260566,1.1488509033654666
2013-06-11,3.902758700717059,3.943297143680924,3.879725422598058,3.925791978836059,3.9309841656740185,4.053692999346231,48.098188695162655,-0.2575041001667438
2013-06-12,3.8953888871434703,3.8953888871434703,3.823525153354852,3.8493223190307617,3.9232068469460892,4.045678462863272,42.85155691076922,-2.972602241664832
2013-06-13,3.8041770470726495,3.852086317162976,3.791278465021408,3.8391873836517334,3.9152049932990076,4.037580773482428,42.1946173347138,-3.4074786698540525
2013-06-14,3.844714913865069,3.906444284751416,3.837344447295624,3.874197483062744,3.9112995161336492,4.031173585622832,45.31347931885273,-1.3142442608131266
2013-06-17,3.861300048877331,3.9156586178661095,3.860378872080256,3.892625331878662,3.909521022395079,4.02574032077012,46.936375605290735,1.124951595604596
2013-06-18,3.853007176596472,3.8686699902691264,3.822603428758925,3.83089542388916,3.90203287015642,4.018099344421847,42.39742339745753,-0.21598215804424084
2013-06-19,3.828130999365371,3.853006983509458,3.7719297409057617,3.7719297409057617,3.8896420959420714,4.00844563448004,38.56135186476383,-2.6397142273742515
2013-06-20,3.703752122249332,3.7341558742449945,3.641101561910366,3.666898727416992,3.868428441796826,3.9950516381246266,32.858435298337284,-5.7988268897363815
2013-06-21,3.733234276850359,3.741526272180249,3.67703301422111,3.69822359085083,3.8522184559924453,3.9834113225452623,35.903090857960045,-3.463206857879728
2013-06-24,3.6447870541288614,3.6447870541288614,3.5849003740367076,3.612540245056152,3.8293919597127983,3.96886735872216,31.672328625330746,-4.225675099964488
2013-06-25,3.6641344620238816,3.718493020404904,3.660449052634664,3.7102010250091553,3.8180404421219754,3.958723580929493,40.3065280487611,1.18089701437339
2013-06-26,3.692695897689377,3.751661042717074,3.692695897689377,3.709279537200928,3.8076822607009233,3.9489414615675886,40.25483910722091,0.2989528912597337
2013-06-27,3.792199914007043,3.831817191129388,3.7442906404763,3.813390493392944,3.808225901909687,3.943625737325446,48.31876707163964,5.559806527045903
2013-06-28,3.764560320325692,3.841952175349277,3.750740208140746,3.794964075088501,3.8069628707838596,3.9377958682181147,47.10689287580174,2.2845945410501454
2013-07-01,3.7728514719771185,3.8391870818051737,3.750739367727784,3.780221939086914,3.8044161153841505,3.931616498448264,46.110466127208674,1.9125655312438374
2013-07-02,3.741526202519097,3.8014125219333255,3.723099507522421,3.732312679290771,3.797549121470495,3.923800662402872,42.932216807186684,-2.1261345839784243
2013-07-03,3.695459397256887,3.755345712725098,3.6853246981035106,3.735076665878296,3.7915993637950476,3.916399721362693,43.17556310567211,-1.5780757874185796
2013-07-05,3.755347060011864,3.805099045635917,3.754425883149231,3.7894365787506104,3.791393384267006,3.9114207745935916,47.88256406971625,0.24375922398678052
2013-07-08,3.775614641329335,3.8336585965123366,3.77285076061678,3.8281304836273193,3.794892155634655,3.908154488673346,50.994310106369106,2.5672501896265554
2013-07-09,3.791277984827567,3.8870961614121273,3.787592575719711,3.879725694656372,3.80297154030339,3.9070396340060136,54.864160249127245,3.872719135848373
2013-07-10,3.883410726834289,3.9322411626639737,3.87143332412628,3.923027992248535,3.8144054881076896,3.907666628446897,57.8710306199685,3.5253634866735344
2013-07-11,3.932241698018681,4.069519853782021,3.9156577078451273,4.05754280090332,3.8375614226596544,3.9135441254059726,65.54889123522909,5.992802968895221
2013-07-12,4.378165522212352,4.414097379640684,4.21877528070774,4.253785610198975,3.877201821472923,3.9268869287311885,73.21753099887756,9.641401093324797
2013-07-15,4.223382132948919,4.2786618630310445,4.180079455126617,4.265763282775879,3.9142076749303474,3.940176197517255,73.60373869194693,8.736498725080484
2013-07-16,4.252864298584408,4.304458966164571,4.215089737942121,4.276818752288818,3.9487420632502017,3.9533778663318264,73.97674939308708,5.404156213378235
2013-07-17,4.276819627671609,4.330257010545088,4.2758984510351645,4.31367301940918,3.9834973924081996,3.9675070880211343,75.23319620115824,1.407861483818499
2013-07-18,4.348682212555503,4.40949004201181,4.344996804355758,4.38553524017334,4.021786711242975,3.9839003488898483,77.51306743548228,2.8077497380380003
2013-07-19,4.367110789174413,4.420547825322004,4.367110789174413,4.398436069488525,4.057658078694932,4.000156651658424,77.9062653161292,2.843639729521418
2013-07-22,4.416862057381563,4.542163168477776,4.415019352634855,4.516366004943848,4.101344547861496,4.020400155708833,81.15088010008664,4.698849092702667
2013-07-23,4.491489822174489,4.520972393916066,4.483197826905921,4.487804412841797,4.138150249288191,4.038729734419929,78.15719571663418,2.3319655884104766
2013-07-24,4.548613194998741,4.572568009120116,4.524658732337417,4.5661187171936035,4.178909150993468,4.059411655313014,80.30284905220316,3.8123243138231446
2013-07-25,4.575331136025841,4.6370605147285815,4.545848563094977,4.602049827575684,4.219208263048918,4.080691583637041,81.21461924644933,1.8971850939016457
2013-07-26,4.5605894516692,4.592835903167725,4.5596682751092255,4.592835903167725,4.254791847822138,4.100775674599029,80.189537788346,2.3403758422577736
2013-07-29,4.544925836119517,4.600205553643236,4.532948435120758,4.587306976318359,4.2864599552979685,4.119855333489983,79.54076176142719,0.46403215590895636
2013-07-30,4.576251976011021,4.6020494890227095,4.5642749232677025,4.579016208648682,4.314322455617084,4.137861642319735,78.51494917839274,-0.500507812605233
2013-07-31,4.527422209327989,4.610342171625579,4.514523626628368,4.577174186706543,4.339355953816081,4.1550895852368654,78.27341572013763,-0.34100317954707676
2013-08-01,4.58362334067942,4.624161792443243,4.576252521380539,4.5900726318359375,4.3632337326751145,4.172147743927026,78.76600383050163,0.06028930550877937
2013-08-02,4.586386675609188,4.60849877941064,4.555982928274654,4.579016208648682,4.383784444672597,4.188103369994542,77.15128244950418,0.0
2013-08-05,4.567039074639113,4.594678942431173,4.5449273209894585,4.580859184265137,4.402553467490934,4.203505558789467,77.23505755049494,0.0805081346761079
2013-08-06,4.552298007457052,4.556904593734081,4.491490154804256,4.520972728729248,4.4138314923707735,4.215955251728282,68.45222856725222,-1.5054206904575902
2013-08-07,4.495176050931868,4.500703814478583,4.46477194558477,4.465693473815918,4.418770728698883,4.225748907496425,61.5001541714555,-2.4748271172031178
2013-08-08,4.520972917978178,4.605735585155717,4.512680921748419,4.577174186706543,4.43385677231866,4.239530290994861,68.45752072957458,-0.08044337121846933
2013-08-09,4.54676974541169,4.59099395632319,4.539399277899769,4.56427526473999,4.446277581120691,4.252265388004474,66.94996080661507,0.9578145812640997
2013-08-12,4.5836231373512755,4.615869591703418,4.560589855254033,4.56427526473999,4.457515455751101,4.264501069445083,66.94996080661507,2.207535996415681
2013-08-13,4.653643735942263,4.653643735942263,4.599285181091052,4.643509387969971,4.475229163581469,4.279364140759784,71.43187343597171,1.4492610190821364
2013-08-14,4.64811474664825,4.649957450736758,4.584542685704306,4.611261367797852,4.488184611602077,4.2923797182906895,67.4242839042842,1.0294318447627184
2013-08-15,4.571645671154476,4.576252257220362,4.47859136736763,4.50531005859375,4.489815606553665,4.300729927714339,56.25682495435833,-1.2918854084406162
2013-08-16,4.46661383757051,4.487804414049221,4.422389979946244,4.460164546966553,4.486991696116798,4.30698226572423,52.28314690849215,-3.948411119366163
2013-08-19,4.410412447257883,4.42699643731786,4.385536462167917,4.3975138664245605,4.47846999805087,4.3105325245752235,47.290953246635745,-4.635336935485139
2013-08-20,4.384616307415927,4.41133500334595,4.361583021571435,4.373560428619385,4.468478610485967,4.31300420708676,45.502047785794126,-2.9243188207003996
2013-08-21,4.268528465107643,4.337628318815934,4.258393763663489,4.2758989334106445,4.450137688859746,4.311549098315147,39.02096553427673,-4.131363576736892
2013-08-22,4.327492987881446,4.338548864457742,4.287875716068073,4.3192009925842285,4.437667527309697,4.311849172600209,42.90417491095102,-1.7808442729028855
2013-08-23,4.3265712512086765,4.40672731903703,4.32104348891704,4.386457920074463,4.432790421858722,4.314775005834494,48.4004600068867,0.29489683898455965
2013-08-26,4.37263795173592,4.412255222910391,4.344998085010935,4.380929946899414,4.427851329005454,4.317369317248804,47.99153550733841,2.456349299280378
2013-08-27,4.246415009069377,4.293402740030302,4.245493832621481,4.276818752288818,4.413467274080061,4.31577909901508,40.97077709369388,-0.9812518650597079
2013-08-28,4.215090741722985,4.298931876844212,4.199428278159461,4.280505180358887,4.400804217535187,4.314395808087386,41.29824105874435,-2.415450954873803
2013-08-29,4.289719326497486,4.306303320593563,4.256551338305332,4.257472515106201,4.387153579208617,4.312163522088124,39.81218372749085,-2.8180645043317663
2013-08-30,4.309988512133242,4.323808624792728,4.258394174652628,4.272213935852051,4.376206946507992,4.310596871647494,41.26882473042433,-0.10766919767884074
2013-09-03,4.145069729746403,4.192978648713525,4.128485738003937,4.187450885772705,4.358230178818917,4.3057676172994634,35.89019466303581,-2.173909168786002
2013-09-04,4.277742034917095,4.320123198103362,4.251023337989206,4.302618026733398,4.352933783382201,4.305644103943932,46.1579965175909,1.0603829259499313
2013-09-05,4.217853411340875,4.265762667853769,4.202190952277378,4.251021385192871,4.343227840697503,4.303502036541929,42.8470548576938,-0.49605546392079364
2013-09-06,4.330256809647993,4.333942218942768,4.259314262293457,4.295246124267578,4.3386581534184625,4.303178275276268,46.39623774794925,2.5742448433513205
2013-09-09,4.30630234188795,4.388300765471396,4.30630234188795,4.380929946899414,4.342684038511886,4.30622736043796,52.545028562171204,1.8200992902330912
2013-09-10,4.54584775269975,4.561510213013354,4.503466605599485,4.551375865936279,4.3625594506475425,4.315841027320247,61.90604430550856,7.065466238057538
2013-09-11,4.5522982153162355,4.558747506690554,4.473063662477448,4.501625061035156,4.375803794493982,4.323126675701224,58.29156954971136,4.804822140495376
2013-09-12,4.488726625844274,4.488726625844274,4.430682650107314,4.450952053070068,4.382960771501228,4.328139435598041,54.7830826068707,1.598338869130107
2013-09-13,4.395671426008847,4.419626235961914,4.3615822672633175,4.419626235961914,4.386452720497484,4.3317271532593695,52.6724715025643,-2.8947209339579025
2013-09-16,4.4389751334295,4.459244538615045,4.425155020537524,4.430683135986328,4.390665141020231,4.3356077800329755,53.355560498978384,-1.5759181203890604
2013-09-17,4.441737651824951,4.456478937036166,4.416861667132283,4.441737651824951,4.3955291896682995,4.339769735789524,54.06932884207556,-0.20702090553326685
2013-09-18,4.410413030905386,4.526500976687604,4.395671743507963,4.518208980560303,4.407212979277062,4.346767353231516,58.76955756534067,2.230567458312061
2013-09-19,4.515445041422099,4.529265153020391,4.445424009592183,4.469378471374512,4.413133502333961,4.351575632374378,54.90578457425976,0.8733491924506469
2013-09-20,4.457400599386568,4.468456475763169,4.406727451912176,4.411334037780762,4.412962124757466,4.35391909925306,50.643550157222485,-0.6844981947931503
2013-09-23,4.426074580524583,4.502544877195581,4.421467995429207,4.464770317077637,4.417896238311768,4.358266205834417,54.17069140703569,-1.1827399687041278
2013-09-24,4.423310883063559,4.491489545681412,4.414097711758964,4.478590965270996,4.423676688498362,4.362984823851537,55.06510734821397,0.20612472081942898
2013-09-25,4.526500164133672,4.541241448884881,4.494253362111687,4.502545356750488,4.431187990236659,4.368457785926006,56.64447096754179,2.0676584042049293
2013-09-26,4.506231306981722,4.51268059786866,4.485040729573212,4.4887261390686035,4.43666781393494,4.373174191931598,55.433991108685966,0.5365521693095021
2013-09-27,4.438974240739181,4.484119277715374,4.4205475444088975,4.479512691497803,4.440748278464736,4.377344329169489,54.59629479003996,0.020580719113536365
2013-09-30,4.424232685818252,4.472141952789251,4.418704571816221,4.432524681091309,4.439965078714885,4.3795082645389725,50.412251902132574,-1.5551353759091056
2013-10-01,4.4380531166632275,4.486883919103069,4.399357367160744,4.485962390899658,4.444345775113435,4.383682936160961,54.6671704357536,-0.06157087965091988
2013-10-02,4.467535490517507,4.5136020540963395,4.456479262207396,4.50531005859375,4.450151897349656,4.388452627236757,56.13475419155445,0.5758967296802427
2013-10-03,4.537556372531138,4.558746948948472,4.508073800867024,4.528343200683594,4.4575986881433645,4.39393853207781,57.88282319104551,2.161714293459821
2013-10-04,4.542162343875398,4.556903627712878,4.513601304136489,4.551375865936279,4.466529847933166,4.400112545170299,59.61592408286312,1.4581815302179215
2013-10-07,4.535715099444852,4.561512269928134,4.514524516339287,4.553220272064209,4.474786078802789,4.406116769754374,59.7587257776958,1.0634165650613019
2013-10-08,4.533872501861222,4.549535321069485,4.4408181693654045,4.45371675491333,4.472779476527602,4.407983435839039,49.57410907241245,-1.6479856420555348
2013-10-09,4.574410305116629,4.58730888781625,4.539399615317645,4.577174186706543,4.482721829877978,4.414618367245608,58.927305325906254,0.5668246598428673
2013-10-10,4.6573289483035225,4.731035370887427,4.626925202751388,4.632452964782715,4.496981937964143,4.423160900482357,62.29926351333148,1.7401462697649284
2013-10-11,4.908852772379673,5.006514011103795,4.883976786531265,4.9199090003967285,4.537260705814865,4.442641218126059,74.1732476202309,10.467487519701297
2013-10-14,4.961368883266881,5.030468730395723,4.942942538533854,5.0249409675598145,4.583706445028669,4.465476502417578,77.02105998646374,9.782603033848211
2013-10-15,4.998990025465361,5.084252926035038,4.995283219510826,5.074985027313232,4.630494881436723,4.489378797511526,78.25157013293699,9.552866826598736
2013-10-16,5.070353101033183,5.110204196212821,5.023088037710572,5.049037456512451,4.670356079062983,4.5113261959037185,75.97970947256204,2.6246106605896586
2013-10-17,4.957287009874348,5.038842418664887,4.9415317547104,5.029574871063232,4.704567392586816,4.531649673360954,74.23867506777337,0.09221806849739492
2013-10-18,5.060155624801022,5.07591087237972,5.003623045993283,5.016597747802734,4.734284569274046,4.550667244907691,73.03692328363697,-1.1504916604928208
2013-10-21,5.029574690038656,5.070352392966254,5.020306789236293,5.052743911743164,4.764614030461582,4.5703565259600625,74.28554354930938,0.07340914506253376
2013-10-22,5.0888869316097045,5.097227864074103,5.033280950869851,5.072205066680908,4.793908414863422,4.590036860890292,74.95793495073177,0.8475904367770933
2013-10-23,5.020305633544922,5.055522941418225,5.009184508676474,5.020305633544922,4.81547005473785,4.606910146092434,69.72201027297679,0.07391235910456545
2013-10-24,5.007332607789379,5.049037281946437,4.990650738126556,5.024941444396973,4.835419710895862,4.623303530339671,69.92409905177207,-0.5502449328883509
2013-10-25,5.0277207656314555,5.040695472332122,4.97118781197777,5.010112285614014,4.8520570989642575,4.638472501134744,68.35248833131558,-1.2241772611832924
2013-10-28,5.02494089529533,5.02494089529533,4.948018909863058,4.997137546539307,4.865874284447596,4.652537797032962,66.93494029596134,-0.4614875805729752
2013-10-29,5.011966472334837,5.051817210510339,4.978602734760664,5.01474666595459,4.880052606495881,4.6667420664024375,67.90770525137258,-0.2028835272050868
2013-10-30,5.005478916921742,5.026794913769187,4.967481404314077,4.978602886199951,4.889438347420079,4.678971902472928,63.761258454946,-0.6289160325715308
2013-10-31,4.98045499025234,4.988795922427253,4.914654145968381,4.9174346923828125,4.892104665987958,4.688323384430179,57.376190481732856,-1.5949701887171621
2013-11-01,4.921141734376812,4.940604146074412,4.848853887750384,4.872023105621338,4.890192136429232,4.695527295065126,53.122980884475254,-2.846077176783637
2013-11-04,4.88129121114391,4.893339304808063,4.84792783055235,4.8571953773498535,4.887049587945482,4.701867219860606,51.77344400915554,-2.438585917077735
2013-11-05,4.896119850150656,4.912801363674119,4.873877242895625,4.904460430145264,4.88870776339308,4.709812051636475,55.64180010055549,-0.26384208533864567
2013-11-06,4.9118744355914234,4.9897230256931095,4.9118744355914234,4.965627193450928,4.89603342339859,4.71984401798214,60.10197261010376,1.9212570589328588
2013-11-07,5.001770896621602,5.03328104725337,4.965626973095148,4.973967552185059,4.903455721378254,4.729809646774412,60.682493199629164,2.404107015742847
2013-11-08,4.954505973506416,4.974895000457764,4.91280130634877,4.974895000457764,4.910259462242969,4.739420837114936,60.75088212085647,1.4361329103518492
2013-11-11,4.9424582460083,4.970261239672228,4.912801318761298,4.93319034576416,4.9124433559116545,4.747019641375689,56.03123534628048,-0.6532276069687214
2013-11-12,4.897045709007819,4.899825901911056,4.85348746800808,4.888704776763916,4.910182538849965,4.752575921194835,51.440508380739544,-1.7141803706316245
2013-11-13,4.869243253106455,4.972114644212599,4.869243253106455,4.957286357879639,4.914668616852792,4.760603781456984,57.25497484456147,-0.3539500346540931
2013-11-14,4.936898032388994,5.00547873383863,4.901680714773777,5.001771926879883,4.922964170188705,4.770061355787294,60.55434646389934,1.3902074785054588
2013-11-15,5.003624588928979,5.076839050792434,5.002697622208684,5.062010765075684,4.936206703035084,4.781510352229976,64.54517545605574,3.545028718761939
2013-11-18,5.077767848768013,5.150982690570018,5.074987301138566,5.1315202713012695,4.954807995250911,4.795236231409242,68.5048536593317,3.514703425285992
2013-11-19,5.1528343786950845,5.162102278801435,5.0749857854729346,5.091667652130127,4.967842248287027,4.80686099300614,64.08566257895738,1.797277576115337
2013-11-20,5.075912867371851,5.0851804141541495,5.024013686201937,5.042549133300781,4.974957189716908,4.816103665174557,59.03118777867733,-0.3844644485779036
2013-11-21,4.975819782275488,4.9776733616373905,4.935042096915976,4.960064888000488,4.9735388752677245,4.821749203324594,51.66233894255365,-3.3412200329728594
2013-11-22,4.966554357855652,5.006405447302736,4.950799103324955,4.997137546539307,4.97578636776978,4.8286271775683085,54.41652314380758,-1.8565647259257607
2013-11-25,4.972114819721056,4.972114819721056,4.928556572409213,4.93319034576416,4.971729603769245,4.832727693968146,49.20820651965856,-2.1687203167624145
2013-11-26,4.933191377770799,4.991577924153285,4.896120829641946,4.966555118560791,4.971236795654154,4.837975828265897,51.8003655912025,0.13084971077705174
2013-11-27,4.9341180180852735,4.945239146434206,4.902607859818052,4.929483890533447,4.967260328499801,4.8415643797273695,48.81916025428717,-1.3538481856020135
2013-11-29,4.982308216462535,5.053669446506682,4.97026047829208,5.006404399871826,4.970988335297137,4.8480286942428386,54.651131600654594,1.4841116797881235
2013-12-02,5.005478520654552,5.02401396879599,4.960067043919008,4.96377420425415,4.970301275197805,4.852567733851125,51.17102949439101,-0.05599282078332151
2013-12-03,4.981382963279255,4.983236543550171,4.920216228476174,4.931337356567383,4.966590425804432,4.855656738663527,48.633370867025384,0.03759959612597442
2013-12-04,4.990650650285073,5.045330032432059,4.9563602981525126,5.038842678070068,4.973471592686874,4.862840500993196,56.358182192723596,0.6479356361837784
2013-12-05,5.027720477751363,5.04903611661542,4.971187527334674,4.9925031661987305,4.975284123497527,4.867925311393413,52.680589593077734,0.5787725380408767
2013-12-06,5.070353314660374,5.171371153796527,5.063865959686575,5.141714572906494,4.991134642488857,4.8786621451782395,61.41216003834947,4.266129066569301
2013-12-09,5.097227263135391,5.1250302502274785,5.0851791724329605,5.114835739135742,5.0029156993123705,4.887923854745201,59.2897667701914,1.5081451420662333
2013-12-10,5.1037163734436035,5.13244633700676,5.066645475525613,5.1037163734436035,5.012515763515345,4.896386306458863,58.39074587709479,2.227604140500732
2013-12-11,5.1018626164602905,5.1444939001151875,5.027721176726932,5.031428337097168,5.014316960999328,4.901682072366248,52.78688698135063,-2.1449311167613856
2013-12-12,5.0166003145468965,5.045329925100446,4.973042061727915,4.993431091308594,5.012327830552591,4.905280073109085,50.06691533272794,-2.37357862537463
2013-12-13,5.005478939331664,5.062938868729716,4.998064971575518,5.038842678070068,5.014853054125684,4.910517822323242,53.17246759176673,-1.2711069860992936
2013-12-16,5.157467723597407,5.205659382707189,5.125030608444293,5.1583943367004395,5.028523652466137,4.920238469945877,60.191810842274805,2.5234583719923007
2013-12-17,5.1602493935524745,5.226976869165383,5.138933750739303,5.177857875823975,5.042745959452597,4.930341191745018,61.21122843194952,3.6933879960091613
2013-12-18,5.171369886842087,5.214928134024085,5.097228452781209,5.208440780639648,5.058526418613269,4.941247057976181,62.82226085336872,3.365814600795157
2013-12-19,5.222340280539095,5.256630969087611,5.190830137853561,5.240875720977783,5.075893018838461,4.952997201623303,64.5059905397966,1.5989740003107802
2013-12-20,5.288143977900051,5.292777752137657,5.260340625405789,5.282583236694336,5.095577801491402,4.965922144175108,66.60064946770198,2.0225615183324424
2013-12-23,5.2149285285882225,5.277021873832771,5.21214833508004,5.271461486816406,5.112328628665212,4.977904079180649,65.49075486936869,1.2099725970008675
2013-12-24,5.250146497460138,5.305752495739754,5.240878595390659,5.29648494720459,5.129867325668962,4.990397446554137,66.83014108063342,1.0610674472630253
2013-12-26,5.303898632892604,5.333555210867092,5.303898632892604,5.3279948234558105,5.148736611172471,5.003636559373811,68.48866297669174,0.8596473491611589
2013-12-27,5.375258269739764,5.405841805453661,5.361356598318141,5.398427486419678,5.172516694529348,5.019118556512864,71.87397037000954,2.408554058884912
2013-12-30,5.264046489109617,5.272387422095766,5.228829177219853,5.239950656890869,5.178938976659016,5.027778638880629,57.02834773538652,-1.0673926363853579
2013-12-31,5.254778477059725,5.273313921333947,5.235316419662181,5.245510578155518,5.185279129182493,5.0363171463031735,57.36109947063223,-1.5481292312291053
2014-01-02,5.21307499581297,5.21307499581297,5.135226395067458,5.146347522735596,5.181571357139931,5.040632063026013,49.934277873688394,-4.669507265184467
2014-01-03,5.29648494720459,5.336336042267564,5.272388755358259,5.29648494720459,5.19251550857466,5.050665509464389,58.66130012541355,1.0789088297878247
2014-01-06,5.272387968930055,5.274241549067471,5.205660498120117,5.218635559082031,5.195003132432505,5.057252570233708,53.457886950134636,-0.5123432442478537
2014-01-07,5.172297538895862,5.226049953136181,5.157469250119123,5.198246955871582,5.195312067998131,5.062781761827351,52.153117276221465,1.0084712100514859
2014-01-08,5.143566787545232,5.167662620544434,5.11947095454603,5.167662620544434,5.192678787288255,5.066894736679001,50.17476481618778,-2.4322230298822403
2014-01-09,5.177856636253999,5.282581598512329,5.1454198731154115,5.203806400299072,5.193738559955952,5.072263821526847,52.46941132788483,-0.28415777678040166
2014-01-10,5.359503907154088,5.534663146175591,5.3289203683869175,5.5142741203308105,5.224265756182128,5.089597558734845,66.66915093757815,6.079495013261461
2014-01-13,5.559686524963014,5.606951581083186,5.5031535681585115,5.50593376159668,5.251091280507324,5.105924468650996,66.09787276348874,6.545921548891825
2014-01-14,5.569882006149317,5.618074040532387,5.517983164147816,5.6097331047058105,5.285247644716703,5.12568167006491,69.59031467614633,7.800572757345641
2014-01-15,5.611585010441153,5.6477289370573045,5.55041828381361,5.559686183929443,5.3113846484512495,5.142701454922343,66.05695203334079,0.8235365636104516
2014-01-16,5.614366675592816,5.63012157862666,5.5995380324537,5.625487804412842,5.341299234733306,5.161634252941578,68.33353219231303,2.171367255633172
2014-01-17,5.6097318552572935,5.631974463685544,5.5615398316079725,5.586562633514404,5.364657653664839,5.178298111003258,65.53343155328743,-0.4130405272216845
2014-01-21,5.619927621108776,5.692215495916208,5.562468037378108,5.6097331047058105,5.387998172811598,5.195217130364142,66.41562942330287,0.9001752818536839
2014-01-22,5.645875708408191,5.71445675939658,5.6264136472550685,5.698701858520508,5.41758900002197,5.214961629507529,69.63002765234515,1.301470319609158
2014-01-23,5.675532092019409,5.704261697571741,5.638461199877668,5.671824932098389,5.44180194593401,5.2328778374522695,67.52736759351194,1.5262032161330557
2014-01-24,5.592122957934275,5.6171457579789354,5.517054557800293,5.517054557800293,5.448968861349846,5.244022022563957,56.8762254946971,-1.6521026076583352
2014-01-27,5.497593030174347,5.6254872360532024,5.38916123968208,5.393795013427734,5.443714209166788,5.249895473186066,50.098850328548195,-5.350461432490752
2014-01-28,5.4354991663330345,5.4354991663330345,5.371551892719127,5.379892826080322,5.437635982206172,5.254993408593684,49.384082476645254,-5.147057772639346
2014-01-29,5.438279789688622,5.453108077555174,5.391941345913861,5.40769624710083,5.434784578862806,5.260981755201808,50.893050345194695,-1.982186501035168
2014-01-30,5.470716409954554,5.4975927914603195,5.4410598350289705,5.492032051086426,5.44023671907458,5.270042551118852,55.25093088009318,1.8212972019539573
2014-01-31,5.428084854963954,5.441059561650218,5.398428281528426,5.429011821746826,5.439167681233841,5.276276640163086,51.568223548867984,0.9130106724131711
2014-02-03,5.387306903956677,5.426231022202554,5.2362434970005305,5.239950656890869,5.4201946312964155,5.27485209179947,42.43093669006445,-3.1019787825525995
2014-02-04,5.28999662399292,5.311312264548631,5.239951022583381,5.28999662399292,5.407794821077035,5.275445995022743,45.19899389244361,-3.6787008017103524
2014-02-05,5.270534317131604,5.2872161846072725,5.17044346581185,5.2390241622924805,5.3917214250023155,5.27401768785685,42.93463690144857,-3.49948877792673
2014-02-06,5.260340149327564,5.341895911958754,5.260340149327564,5.330774784088135,5.385916983010489,5.276243456336509,47.9858503809638,1.7333011920222208
2014-02-07,5.318725652933844,5.356723156494073,5.317799039764467,5.344675064086914,5.381989181208244,5.27892704879731,48.72633613251108,1.0336195650106585
2014-02-10,5.308532174812617,5.374333035754955,5.296484433592065,5.330774784088135,5.377111619577757,5.280960293318518,47.99057667103318,1.7512922054458757
2014-02-11,5.366917769249234,5.435498811692721,5.319652718975777,5.427157878875732,5.3818779299870885,5.2866935319678205,53.26065121039982,1.808050399639696
2014-02-12,5.4308644139838,5.449399858599847,5.3882331388408335,5.416036128997803,5.385131091797633,5.291765790674879,52.59833760297449,1.335180606027731
2014-02-13,5.325213296590728,5.426231107212578,5.3242866833707385,5.410476207733154,5.38754491236292,5.296421101147753,52.24854421088943,1.4951189437400514
2014-02-14,5.424378212868561,5.517982068959143,5.420671405985843,5.495739459991455,5.397849154994209,5.304237507376918,56.97404693630086,1.2636739642799877
2014-02-18,5.526322181923282,5.5763674259789155,5.50222599632777,5.548564434051514,5.4122029910949045,5.313818955481804,59.63897603529644,2.4469612442972073
2014-02-19,5.586562549767183,5.631047412422552,5.543004653946822,5.55319881439209,5.4256311647422555,5.323206400929267,59.873788088680186,2.63789361932584
2014-02-20,5.551344038440415,5.64031373892019,5.535588788450821,5.638460159301758,5.4459005927955415,5.335569293414462,64.02096798425042,2.5969335036585712
2014-02-21,5.63846229973403,5.676459812500827,5.605098561005272,5.635682106018066,5.463975022626258,5.347338423320486,63.789629509592544,1.5700939045045956
2014-02-24,5.637536449701767,5.681094355798535,5.620854578078547,5.657925128936768,5.482446461322497,5.359518294128968,64.88376596265041,1.8858736747054887
2014-02-25,5.657923629726648,5.6736788836557555,5.612512155089736,5.631047248840332,5.496598917276576,5.370166488431375,62.42899624212459,-0.1314704769031083
2014-02-26,5.671824932098389,5.69962792443758,5.648655712893358,5.671824932098389,5.513287109164367,5.381996231320278,64.61621022630722,0.64132123495268
2014-02-27,5.689434114079594,5.716310496524938,5.664411311823682,5.715383529663086,5.532534387307103,5.395070243019996,66.83709998431199,1.015538371698388
2014-02-28,5.707969562439634,5.758015166951458,5.683873727045573,5.715383529663086,5.549948591341006,5.407631548378548,66.83709998431199,1.4977015303880157
2014-03-03,5.626413643510706,5.626413643510706,5.538370531427788,5.554125785827637,5.550346419387352,5.413376420435375,52.64888164491133,-2.075154781394269
2014-03-04,5.663483920155303,5.743186089675897,5.654216020481848,5.733918190002441,5.567829445160218,5.425946685908594,62.266592826590006,0.3242942532755638
2014-03-05,5.722797220179724,5.8293757713619465,5.714456287012991,5.794158458709717,5.589384589307789,5.440386363273344,64.84321581565007,1.378296463181965
2014-03-06,5.8367903288159875,5.857179357184693,5.792305465266851,5.83957052230835,5.613211821022128,5.456040644019815,66.6898080748181,5.139327906636129
2014-03-07,5.677385356607391,5.707968895860034,5.578221126026045,5.594902992248535,5.611468123043691,5.461486226303294,51.11287479976364,-2.4244363652814354
2014-03-10,5.552271663203039,5.552271663203039,5.474423072714328,5.5281758308410645,5.603535523786298,5.464101504912619,47.83155903914473,-4.590530786551585
2014-03-11,5.564320350972452,5.611585407538018,5.5170549408726215,5.526322841644287,5.596181935010868,5.466541557333469,47.73990445689236,-5.364224637195364
2014-03-12,5.459596247203197,5.467937182470372,5.014747191200608,5.19083309173584,5.55757728327039,5.455729460643366,34.75479905019799,-7.222107355078621
2014-03-13,5.063865153591438,5.112057178249841,4.937824528105503,5.0508904457092285,5.50932139397885,5.439853420842027,30.970638129374315,-8.633686766421485
2014-03-14,5.0963027379801495,5.1435678000471095,5.081474448553819,5.09259557723999,5.469633220956101,5.426235466190967,33.30138820484633,-7.84838810240856
2014-03-17,5.121324127236084,5.149127473487961,5.064791528575043,5.100008487701416,5.434430865408036,5.41344225134824,33.72970459867266,-1.7497115092955462
2014-03-18,5.07127873560493,5.114836626644692,5.03976858382392,5.0888872146606445,5.401521946289237,5.400714602850687,33.38334424415716,0.7522786201726979
2014-03-19,4.940605044713972,5.048110221047789,4.9294835635684136,4.9897236824035645,5.362303064014411,5.384597311852761,30.387038153125612,-2.0200287510790083
2014-03-20,4.987869336491934,5.110202782038676,4.9721144375891075,5.062010765075684,5.333703797448818,5.3719468590379735,34.96918424308082,-0.7450521448613916
2014-03-21,5.0564515225336235,5.066645684023001,4.983236690576587,4.991577625274658,5.301120352479851,5.357030418498236,32.709957436183934,-1.9121978004473317
2014-03-24,4.996211518549911,5.0184541294536595,4.90446123468162,4.941532135009766,5.266873855577938,5.340736368165355,31.169070527530245,-0.9658159541729336
2014-03-25,4.982309016862169,5.00362501081561,4.922995868994111,4.947092056274414,5.236418446120459,5.325299336326495,31.554834743628696,-2.270218577845149
2014-03-26,5.015672679828137,5.042549060054352,4.960993306124638,4.967480659484863,5.2108053235837355,5.311267231352313,33.036933539693486,-0.4827525002873015
2014-03-27,4.9526523727280285,4.995284006496392,4.914654865817749,4.967480659484863,5.187631546050509,5.2977854050045705,33.03693353969348,0.5251109122868504
2014-03-28,5.031428253685323,5.078693310252312,4.981382650119619,4.9980645179748535,5.169577543376637,5.2860316447288955,35.4679290081402,1.0303519950834734
2014-03-31,5.042549199360715,5.057377486527199,5.011039044940155,5.021233558654785,5.155449544831699,5.275647406059322,37.324232314001826,1.0820957917025116
2014-04-01,5.088886810823945,5.138932404422494,5.082399458342747,5.115763187408447,5.15166989174377,5.269377436700465,44.357031401292815,2.98506502769074
2014-04-02,5.1342988637401685,5.174149947087894,5.122250771358849,5.159321308135986,5.1523985980668385,5.265061510090093,47.29191993099131,3.2263847251510036
2014-04-03,5.1426401532034625,5.1676625993354515,5.0647915609755065,5.112983226776123,5.148644753182008,5.259097655842487,44.597031045352665,1.8272336279437698
2014-04-04,5.146347108031239,5.16395594174896,5.043475713171323,5.076839447021484,5.141806152595292,5.2519502751044085,42.559829486790164,-0.7608589170579053
2014-04-07,5.041622933827873,5.1083500539124,5.0073322301436125,5.064792156219482,5.134471486273786,5.24461074103049,41.87322758856368,-1.8322012968534498
2014-04-08,5.07035296633334,5.126885930250698,5.045330161638724,5.09259557723999,5.130483304461044,5.238649362058314,44.11401946572503,-0.39874274238501245
2014-04-09,5.016599883331195,5.037915524454074,4.9628471203423405,5.012892723083496,5.119284201472706,5.229796160529889,39.42234290185102,-1.2595774320872997
2014-04-10,4.967479972985297,4.992502769717007,4.886851196983693,4.888704776763916,5.097324256262345,5.216420027833185,33.452414078540485,-3.4766950750256154
2014-04-11,4.89889962642697,4.968407282071997,4.894265853424145,4.92577600479126,5.080986327550813,5.205022223008012,36.54169498871962,-3.2757278664397864
2014-04-14,4.973967315998816,5.179710075268074,4.953578645523495,5.150980472564697,5.087652436599755,5.2029029386769015,51.324588267086774,2.7546519965474463
2014-04-15,4.97952800137925,5.050889231105207,4.718179265777276,4.910020351409912,5.070735095153103,5.191417347019373,40.463225342063225,0.4360168105734125
2014-04-16,4.849781333733347,4.890559033943845,4.8006623465893865,4.872950553894043,5.05189847217605,5.178928453171321,39.09261715346882,-1.072429011100666
2014-04-17,4.872023538094831,4.909094431392701,4.831245838294566,4.900753498077393,5.037503712738083,5.168019631402932,40.71463482409907,-4.857851351214995
2014-04-21,4.859975472834049,4.891485626259098,4.849781312975739,4.865536212921143,5.02112585561266,5.156157536560509,39.28742135147896,-0.9059868453701198
2014-04-22,4.818270557839414,4.88314408308282,4.77378534976651,4.860901832580566,5.005866424847699,5.144578881502472,39.09321640867619,-0.2472572044435842
2014-04-23,4.842366825761912,4.84792756565712,4.800662160383433,4.847000598907471,4.990736346186726,5.132909144930119,38.47878353672878,-1.0968292771919583
2014-04-24,4.865535866611758,4.875730379278705,4.833099102248033,4.870169639587402,4.979253802701075,5.122605634916679,40.16671677354557,0.09522951764196151
2014-04-25,4.854415086281197,4.888705432982672,4.839586799583187,4.865536212921143,4.968423556055368,5.112524481112933,39.93076842414389,0.09533992868388913
2014-04-28,4.8757308229613985,4.921142297202976,4.8664629226325316,4.904460430145264,4.962331829778215,5.104365106565181,42.96198713821567,1.1854719236210658
2014-04-29,4.936898231506348,4.95358010086352,4.898900718755966,4.936898231506348,4.959909582323752,5.097797778131501,45.43319854767524,1.370149232103515
2014-04-30,4.91094879118111,4.998064944669067,4.894266921901713,4.977675914764404,4.961601613984766,5.093087116822988,48.456459151501875,2.3047758137213807
2014-05-01,4.965628326283352,4.980456615707748,4.929484039372972,4.941532135009766,4.959690235034766,5.087143784202862,46.022501539193456,0.7558773364066868
2014-05-02,4.968407120407965,4.9980636909021285,4.944310935922578,4.955432415008545,4.959284728365602,5.081978632469752,47.12253681196048,0.3754216237214619
2014-05-05,4.924850483032814,4.936898579202473,4.880365612792138,4.932264804840088,4.956711402315553,5.07610750197447,45.45965137469586,-0.9122954306772247
2014-05-06,4.901680325783287,4.964700635026458,4.872950718077956,4.938751220703125,4.955000908828655,5.0707209811403,46.03385155804067,-0.05627635783117556
2014-05-07,4.769151767953253,4.770078734656236,4.6764748955707915,4.754323482513428,4.935888772989109,5.058313236096109,34.8116872183255,-4.0583528469890435
2014-05-08,4.759884487784912,4.796028413465844,4.732081495225289,4.7645182609558105,4.919567771843081,5.04679186452198,35.744185371682754,-3.4010044172743066
2014-05-09,4.807149320751929,4.879437522354316,4.788613875378645,4.863682270050049,4.9142453431008875,5.039611096111316,44.117795525762084,-1.5199986251259014
2014-05-12,4.9887972141543635,5.011039470023761,4.934117834301862,5.000844955444336,4.922492925228835,5.0380908553008465,53.20212755803969,5.185206135796671
2014-05-13,5.032354831695557,5.056451019999323,5.020306737543674,5.032354831695557,4.932955963939952,5.0378659131986785,55.01145359186005,5.621482720186182
2014-05-14,5.04996333473523,5.06849842786372,5.000844348048858,5.04347562789917,4.943481646221782,5.0380859020104625,55.66297862048607,3.6966509707319135
2014-05-15,5.084253643718577,5.0898140302023664,4.945238325076038,4.982308864593506,4.947179476542899,5.035898567209798,51.26536100079224,-0.37065917891835753
2014-05-16,4.972116016104083,4.9739692430645865,4.863683855129461,4.930411338806152,4.945582511044161,5.031761813154753,47.813766157338364,-2.025761225089455
2014-05-19,4.798808413552383,4.8516342033501685,4.7663716491271515,4.828464984893799,4.934428460934602,5.023789388517068,41.85263922763349,-4.263144285182806
2014-05-20,4.847001553337444,4.926703739858536,4.847001553337444,4.896120548248291,4.93078008829781,5.018782767330057,46.609856674080056,-1.7298870601481013
2014-05-21,4.979529768511161,4.985090509754408,4.9322647053136635,4.940605640411377,4.931715855165769,5.0157169976469715,49.53348381080911,0.2067637141142275
2014-05-22,4.911874439686889,4.925776112533655,4.870169774680815,4.875730514526367,4.926383917962016,5.010227331642242,45.61085250952082,0.978893494732632
2014-05-23,4.864609161232684,4.88592479934403,4.85163410219889,4.879437446594238,4.921912825450799,5.005098316542321,45.87460755182883,-0.34074123563035086
2014-05-27,4.930410197531843,4.958213191449945,4.876657436227161,4.904460430145264,4.920250692564558,5.001151732762044,47.71772144353833,-0.731594725360506
2014-05-28,4.869243904811218,4.882218612897329,4.716326894289418,4.741349697113037,4.903212502521556,4.990963417638554,38.51170078273183,-2.7561165862831523
2014-05-29,4.6412576893479285,4.707984793476409,4.639404109575722,4.703351020812988,4.884178075692168,4.979684500115983,36.733717234281286,-3.608744403602412
2014-05-30,4.690377186728618,4.771932944175897,4.679256059564889,4.766372203826904,4.872958468847857,4.971319312026216,41.55318065269657,-2.815564082637922
2014-06-02,4.789542206960186,4.865537236466053,4.780274658399692,4.844221591949463,4.870221623428963,4.9663350877094805,46.93116191392838,2.1696753331454017
2014-06-03,4.8099298644080966,4.819197410321952,4.7830534863100125,4.816417217254639,4.865097394269503,4.960455955534781,45.32696507467406,2.403949778388145
2014-06-04,4.784908464291135,4.784908464291135,4.7302290789406225,4.755251884460449,4.854635917144831,4.952408737061278,41.93139603243542,-0.23330782597142982
2014-06-05,4.7663713015288245,4.798808063588531,4.758030369351443,4.785833358764648,4.848083292537194,4.94587636928494,44.182841373450756,-1.205317140773431
2014-06-06,4.792321631407677,4.833099687009239,4.783980697628653,4.820124626159668,4.845420562406002,4.940944928378066,46.67930710371224,0.07697441350694537
2014-06-09,4.79602925542324,4.818271865496234,4.787688320837654,4.8145647048950195,4.842481909309718,4.9359888411826525,46.31758621398613,1.2473118538346406
2014-06-10,4.916508256693526,4.922995609804153,4.815490446569756,4.847000598907471,4.84291226069998,4.932499106191469,48.80975970567985,1.2780896357538694
2014-06-11,4.997136445721,5.100007823560827,4.99064909338283,5.074985027313232,4.865014428948861,4.938086789372715,62.120778069429164,5.2874234780236185
2014-06-12,5.013820923133361,5.0453310881424995,4.922070975938826,4.975823402404785,4.875567664516092,4.9395666565504435,55.3759838712781,3.349393089385883
2014-06-13,5.0045524786946185,5.013820027056256,4.969335158558643,5.00269889831543,4.88767540106841,4.942042430737306,56.74670329124101,3.2122607833606183
2014-06-16,5.045329539151002,5.061084793585659,5.008258996926054,5.032354831695557,4.901454394461472,4.945584093519983,58.26994445941543,-0.8400063327919767
2014-06-17,5.049163817861696,5.082029721093874,5.038834431642589,5.054798126220703,4.9160585593909225,4.949866996763149,59.4342544167805,1.5871689452995854
2014-06-18,5.051041702153092,5.097993195146048,5.018175442131143,5.089541912078857,4.93258078345644,4.955344444422589,61.23730863554647,1.7359232591965625
2014-06-19,5.179688973344148,5.18907912916701,5.0904810601810215,5.130859375,4.951464458841541,4.962227382876605,63.324974263441646,1.9574244384363915
2014-06-20,5.138371607041166,5.161847353991155,5.087663907658438,5.128042221069336,4.968281388577521,4.9687299255508295,63.07553227679254,1.449001384816823
2014-06-23,5.052919305460947,5.052919305460947,4.986247919759595,5.020992279052734,4.9733014733846845,4.970779429609728,54.31943946044857,-1.3468723553181918
2014-06-24,5.028504688206914,5.169359163272718,4.963711758632768,4.970284938812256,4.973014184377787,4.970760037813749,50.7272454013681,-3.1295817026313286
2014-06-25,4.965590413414824,5.013480782649137,4.958078001967837,5.007846832275391,4.976331579415654,4.972214421910284,53.19638280338465,-2.343884539407737
2014-06-26,4.97216296082291,4.991882501041547,4.934601624796645,4.9439921379089355,4.97325163260549,4.9711076656749364,48.72614613541952,-1.533564221260379
2014-06-27,5.0134805823337025,5.044468740997139,4.997517245963917,5.043529510498047,4.979944763833353,4.973947738020941,55.06500570551711,1.4736493498357501
2014-06-30,5.045407136303907,5.089541652090437,5.044468264105052,5.049163341522217,4.98653700932753,4.976897369530795,55.40108502566385,0.8250354020522906
2014-07-01,5.035078068170595,5.070761303568995,5.02380981001743,5.047285556793213,4.992322585276643,4.97965769059991,55.25275205897396,2.0892715037359535
2014-07-02,5.056675991362056,5.059493324714473,5.023810087346255,5.037895679473877,4.996662879962094,4.9819415333008505,54.4674169899756,-0.1117041352180684
2014-07-03,5.050103327353876,5.054798764017909,5.004091057023156,5.045408248901367,5.001305296051549,4.984430424108714,55.018288505294706,-0.07437059106345979
2014-07-07,5.187201576230153,5.232274970625951,5.172177111431554,5.219128608703613,5.022050373446984,4.993634274484985,65.43280427529345,3.404662763316698
2014-07-08,5.209737797349316,5.236969750185555,5.193774461128299,5.216310977935791,5.040551383398299,5.002366694228154,65.1692537426318,3.5414647268072557
2014-07-09,5.1825054082645945,5.201286076164252,5.142127097654337,5.167480945587158,5.052639913130571,5.0088417629089,60.61286479096093,2.419481054132185
2014-07-10,5.125225633053749,5.23415309279803,5.098932550900648,5.225701808929443,5.06912199844475,5.017346078439117,63.857545712608925,0.12594440027533263
2014-07-11,5.272652477099004,5.305518376856904,5.01254117917746,5.091419696807861,5.071245588765047,5.020250926218284,53.01066094941305,-2.3942453135213944
2014-07-14,5.042590320474,5.080151299206952,5.022870779773341,5.039772987365723,5.068248198155588,5.021016497243674,49.52618961776315,-2.4713774383724343
2014-07-15,5.034139755593939,5.048224990298484,4.99376143799353,5.011602878570557,5.062853405814156,5.020647335727081,47.68505103398421,-4.097036880157305
2014-07-16,5.0463463125832675,5.149639447498677,5.0463463125832675,5.147761344909668,5.070939876204205,5.02563219883228,56.16696586113899,1.106599955551314
2014-07-17,5.093299029864945,5.113018574483649,4.990005511850325,4.996578693389893,5.063857858793319,5.024492845677677,47.04614133674623,-0.8570682466078225
2014-07-18,5.03507865670456,5.1017500575815005,5.020054191340357,5.09235954284668,5.066572304893639,5.027154284782344,52.327903025927455,1.6113939239167532
2014-07-21,5.007845602787948,5.026625910371632,4.945869298200729,5.022870063781738,5.062410186692506,5.026986276115654,48.544793594506075,-2.4261280343042255
2014-07-22,5.064187924600322,5.129920084637948,5.0594928470715175,5.0998711585998535,5.065977898302729,5.029844506801309,52.63145057156597,2.067263852896169
2014-07-23,5.251054623099823,5.251054623099823,5.191896001883384,5.210676670074463,5.079758733709561,5.03693596418457,57.822645565522144,2.3234244603562058
2014-07-24,5.253872036787984,5.269835372157918,5.196591159121355,5.236969470977783,5.094731184877963,5.044780415431363,58.97164942650125,4.262491453638135
2014-07-25,5.220067564789751,5.228518848762779,5.169359860951585,5.183445453643799,5.1031801628556615,5.050218260067146,55.64819470832268,1.63875306737926
2014-07-28,5.20222532926984,5.250115692322011,5.187200866526861,5.247298717498779,5.116905739488339,5.057946905456622,58.64265284569326,0.7028270941208306
2014-07-29,5.247299417537959,5.247299417537959,5.1975305870154065,5.201286792755127,5.124942030275652,5.063568077507544,55.723113697993014,-0.6813612036580006
2014-07-30,5.218189735154079,5.244482460797529,5.20222639693099,5.224762916564941,5.134448781350822,5.0698894437450885,56.90207018905127,0.7971042290432072
2014-07-31,5.166542012588318,5.1862615524557505,5.136493087587056,5.147761344909668,5.1357166445469025,5.072943243790759,52.01028043820599,-1.8969259794029343
2014-08-01,5.153395753494051,5.188139756541823,5.130858880196488,5.180627346038818,5.1399938542128,5.077166149761271,53.834548936288044,-0.3971987613735343
2014-08-04,5.324299021068235,5.379701793424228,5.304579481300365,5.376884460449219,5.162554864330554,5.088919809003936,62.90315855672618,2.911549218855097
2014-08-05,5.4435557705146,5.4576410023426645,5.3740674089106015,5.418201923370361,5.186902203286726,5.101832833096736,64.48487940106735,5.25355703850018
2014-08-06,5.266080278007326,5.303641262125113,5.176872358633881,5.283921718597412,5.196142157125839,5.108973573704606,56.11138180253406,1.9938583816026472
2014-08-07,5.370312015063868,5.399422071710967,5.3505924725988105,5.366556167602539,5.212372062885525,5.119074851896682,59.58900390808083,-0.19208694035833526
2014-08-08,5.346836144853837,5.45200775202264,5.339324091891197,5.434165954589844,5.233495290666888,5.131431365727787,62.226267254683975,0.2946370667845485
2014-08-11,5.468910434265046,5.511166494270261,5.465154228598786,5.490508079528809,5.257972699129929,5.14551280548469,64.31620485242804,3.9097165312705218
2014-08-12,5.460458675691858,5.4876902688750215,5.406934003343235,5.428531646728516,5.2742164084250325,5.156611583572683,60.36006914264084,1.1548463705666114
2014-08-13,5.488629300675045,5.496141352870836,5.452946067663566,5.475482940673828,5.293384649591585,5.169116342674689,62.254262709736935,0.7603188130293836
2014-08-14,5.480179094446996,5.512106128525718,5.448252060368274,5.458581447601318,5.309117677973464,5.18046791541691,61.12198973361545,-0.5814877505877408
2014-08-15,5.475484036169375,5.488630398800822,5.409751864800623,5.45952033996582,5.323441741020355,5.191411147752162,61.164245814041664,0.5708485324199944
2014-08-18,5.458580553830122,5.493324557570247,5.422897319652679,5.48393440246582,5.338726756396114,5.202882647937011,62.311354678957066,0.15435098389608218
2014-08-19,5.482056559032604,5.48393466178459,5.444495220415823,5.456702709197998,5.349962561424865,5.212836375829599,60.17625893281015,-0.034418070360494345
2014-08-20,5.4876902897023365,5.529007832171389,5.467970748911994,5.491446495056152,5.3634372217707025,5.2237622628580915,61.966862683766436,0.5847794879821239
2014-08-21,5.483933627563232,5.500836190931962,5.4463722960301855,5.48111629486084,5.374644752541192,5.233854577838591,61.08738414810012,-0.05138842659593672
2014-08-22,5.545911770604838,5.589107068229705,5.52994807300601,5.5393385887146,5.390329879795802,5.2458343429709835,64.17365146382338,1.5143921873791621
2014-08-25,5.583471576778612,5.6003741432642355,5.555300752039728,5.568447113037109,5.407293425818784,5.258485824150047,65.64088952821363,1.402191900627262
2014-08-26,5.588166694033924,5.596617977336475,5.5496664830359625,5.5815935134887695,5.423893434168306,5.271156713928036,66.31192516250725,1.8331524679039986
2014-08-27,5.604129909744811,5.621971347099126,5.584410369793499,5.592861652374268,5.439985645426017,5.283772593867104,66.90848004501649,0.9662356399139697
2014-08-28,5.553421856423158,5.571263650839272,5.513982779061807,5.564690113067627,5.451862261391884,5.294788967169085,63.86359672552238,-0.06746943794592854
2014-08-29,5.581593036722017,5.5909835497068885,5.559056521981214,5.5872273445129395,5.46475417407008,5.306257138829628,65.22694559177548,0.10093588883810532
2014-09-02,5.583471278069368,5.603190818510467,5.567507942915561,5.5825324058532715,5.475971148525622,5.317091463026634,64.67949773853314,-0.18468625120757542
2014-09-03,5.741229691205264,5.769400521174925,5.67831484954674,5.74874210357666,5.501949334720959,5.3340189391266355,73.24169807664032,3.3074975743361117
2014-09-04,5.756253821240299,5.76846131152443,5.729021865303206,5.738412380218506,5.5244696247683445,5.349877505443964,72.07234892341894,2.705904492217254
2014-09-05,5.747800911039172,5.788179218224337,5.737471526659979,5.785362243652344,5.549316540852535,5.366955338314881,74.09663683291697,3.633294409297216
2014-09-08,5.828558046433253,5.8370093291161185,5.779728452955743,5.798509120941162,5.573049167527643,5.383879016064931,74.65072187605307,0.865702730577159
2014-09-09,5.756253631378998,5.761887940142338,5.646387297080146,5.661411762237549,5.58146465273811,5.39476265316974,60.19145493306168,-1.341845320256071
2014-09-10,5.632300953347909,5.689581831064598,5.629483978447566,5.676435470581055,5.590509492532676,5.405808646009399,61.08107754080118,-1.882799528945706
2014-09-11,5.667045834605509,5.670802040528478,5.6238505411259085,5.644509315490723,5.595652332814395,5.415169456577295,58.10921529367691,-2.6558517411703852
2014-09-12,5.63417933503744,5.65108190169947,5.577837684971656,5.599435329437256,5.596012618207048,5.4223955692384695,54.106665140645234,-1.0947169257972882
2014-09-15,5.58722788304067,5.609764758165145,5.541215260508461,5.544971466064453,5.59115155609823,5.427202467153214,49.65594595809769,-2.315960521315405
2014-09-16,5.569387052439913,5.630423787441589,5.557179562154971,5.607887268066406,5.592745433428532,5.434288145620398,54.329538067784924,-0.6488083441338525
2014-09-17,5.736533014438351,5.7478012716446845,5.531824491097534,5.560934543609619,5.58971582487435,5.43925467103174,50.55751706328184,-0.6875833644373218
2014-09-18,5.634180438647849,5.644509826765884,5.550606819455087,5.583472728729248,5.589121244289102,5.444910281137525,52.270556222296925,0.694345550746742
2014-09-19,5.631362981068866,5.642631240682482,5.579716044899144,5.589106559753418,5.5891198457618945,5.450565037161677,52.71160955629577,-0.33489810717011526
2014-09-22,5.575019853675729,5.587227341443634,5.5168001060472855,5.530885696411133,5.583573736299917,5.453714866936166,47.79622151213692,-0.5403560671832963
2014-09-23,5.50459232177571,5.544031757743219,5.488628987887226,5.5280680656433105,5.578287481951669,5.456630678650172,47.56505249063972,-0.9922975498896569
2014-09-24,5.531824297745623,5.604129632197588,5.528068092737655,5.6022515296936035,5.580569772212806,5.462341300259719,53.88848864414504,0.23518910938004162
2014-09-25,5.58065420218994,5.618215537960018,5.529007634164668,5.538397789001465,5.576553392859346,5.4653239076613565,48.470100200330535,0.13582078897791106
2014-09-26,5.600375087483373,5.651082795489528,5.58253364572337,5.641692638397217,5.582757130529619,5.472240328474528,56.1509809255612,2.055411970414723
2014-09-29,5.640752729387462,5.693338534130261,5.635118420882755,5.683009147644043,5.592304941683373,5.480505772363529,58.79652617394134,1.441520744336451
2014-09-30,5.665168005294438,5.700850886395481,5.650143181826832,5.680192470550537,5.600675182527866,5.488336623272823,58.53723624476978,2.560211219039882
2014-10-01,5.776911086502205,5.787240471104505,5.64544677772798,5.651081085205078,5.6054757446876,5.494718759034872,55.79839906740865,0.16641188043396404
2014-10-02,5.629483638275523,5.6398130232345505,5.577837071691817,5.5984954833984375,5.604810957898156,5.49878843450011,51.143472135630205,-1.4871287736821888
2014-10-03,5.6294840374652475,5.6557767587079795,5.613520343702546,5.639813423156738,5.608144526018021,5.504318826212135,54.36488765546455,-0.7108746332654675
2014-10-06,5.674557958873794,5.740290126348491,5.6585942636159485,5.72714376449585,5.619477786825434,5.513057059086006,60.32020310533299,1.3459845672699486
2014-10-07,5.807900371753343,5.864242386341089,5.642631250361287,5.657655715942383,5.623113780074667,5.518727594649001,54.25337050270427,1.0567166253750992
2014-10-08,5.546848163529146,5.6820683053830665,5.546848163529146,5.668921947479248,5.627476462684627,5.524617569269796,55.04286853132296,0.5161256612318397
2014-10-09,5.621971166429428,5.645446910820311,5.550605061094174,5.578775882720947,5.622838312211896,5.526741424699253,47.91704933417041,-2.590608650243354
2014-10-10,5.859546304825899,5.96847375119276,5.807899377409817,5.898985385894775,5.649138033515028,5.541339227099078,65.16723615214416,4.265541808639284
2014-10-13,6.013546923165437,6.122474007389216,5.986314973003773,5.9957051277160645,5.682144423438936,5.559157497711509,68.55501610804481,5.764467799422152
2014-10-14,5.980753973004433,6.197461395371893,5.980753973004433,6.101883411407471,5.7221195651502255,5.580440866876057,71.79778322813671,9.376743925253136
2014-10-15,6.042264447740532,6.151091597321151,5.9940021955831355,6.071600914001465,5.7554035031360575,5.5997020451947,69.59346881975227,2.9261901295676225
2014-10-16,5.899369819795559,5.984538921921708,5.826503001530542,5.952363967895508,5.774161642636957,5.613531924516301,61.57697122728085,-0.7228701028041805
2014-10-17,5.963719269295369,6.0195522628421365,5.844482535486916,5.870033264160156,5.783292273258215,5.623590800580766,56.7187375024619,-3.799648921738993
2014-10-20,5.825557445322724,5.909780032311629,5.818933221244483,5.889907360076904,5.793446091050471,5.634034587227673,57.588604552279655,-2.9925147666666403
2014-10-21,5.879497402237897,5.920189268225003,5.829342101722908,5.9012627601623535,5.803714345251603,5.644514123421191,58.10668526735118,-0.8585027395631759
2014-10-22,5.870033507604592,5.914510743916634,5.829341644806999,5.840697765350342,5.807236575737197,5.652207599575275,54.29695468623227,-0.49975012899712373
2014-10-23,5.884229085500313,5.909779817872039,5.817040323148621,5.818933010101318,5.808350521867113,5.658745850968454,52.95332924278158,-1.2050164058040334
2014-10-24,5.838805305401284,5.930598270237264,5.816093424425443,5.884228706359863,5.815577015628327,5.667588315885764,56.436248984317146,-0.28865099716423404
2014-10-27,5.864356161144776,5.908833039139603,5.818932759217847,5.862463474273682,5.82004239264217,5.6752304789598,54.97526540692313,0.37265597019013486
2014-10-28,5.8861210246165765,5.941007495298928,5.877604114908081,5.936275959014893,5.831112256106239,5.685467556609019,58.864426691961974,2.0165715726555695
2014-10-29,5.999679319416487,6.070653442149364,5.991162410248819,6.056458473205566,5.852573800591889,5.700016220004962,64.275323380827,2.9269726830901672
2014-10-30,6.07633276718272,6.1917841532450195,6.064030842531574,6.173803806304932,5.883167134469322,5.718596125350059,68.61610335409432,5.310742376434557
2014-10-31,6.267488945400199,6.3318388499682134,6.245723228596331,6.327106952667236,5.925447117154838,5.742459295048772,73.19792170786158,6.583774008329643
2014-11-03,6.311966405852299,6.364960920026384,6.305342181828823,6.340356349945068,5.964962282182479,5.765906238378039,73.55723036543014,4.687522881490844
2014-11-04,6.342247960817991,6.368745575910348,6.312912218019902,6.343194484710693,6.000984396708976,5.788544993136183,73.63875459604459,2.7437003785700687
2014-11-05,6.406597139616818,6.447288998543779,6.327106469333141,6.386724472045898,6.037721546741063,5.812003011916956,74.91611872038136,0.942255596825812
2014-11-06,6.385779617743048,6.422686108991663,6.369691598953328,6.395242691040039,6.071771179531442,5.834875156196293,75.169676021375,0.8656665030419974
2014-11-07,6.399028054584692,6.460538391910471,6.399028054584692,6.434988021850586,6.106363259752313,5.858408994065089,76.36991746993417,1.4471184410496472
2014-11-10,6.421739340942622,6.45769930689865,6.396188249827239,6.412276268005371,6.13549783196689,5.880129279317649,74.16380584842742,0.40007669144505137
2014-11-11,6.40092112119655,6.4217403180178785,6.344141952947841,6.358336925506592,6.156720602780195,5.898882520344666,69.06134312519035,-0.5770815482132297
2014-11-12,6.349819893783792,6.400921363739853,6.338464492895549,6.354551792144775,6.175561668433964,5.916751903552514,68.704127144567,-1.249982586333992
2014-11-13,6.436880111014758,6.460538154342782,6.407544368323588,6.431202411651611,6.199908405883264,5.936926433281891,71.87650111002202,0.29515483823855077
2014-11-14,6.419847011566162,6.425525433552896,6.380101667590357,6.419847011566162,6.220854939757825,5.955864495175392,70.73260024969338,0.9673926811399599
2014-11-17,6.434989454737849,6.519212053077714,6.429311753901661,6.434042930603027,6.241158557933559,5.974616590682358,71.34653797150409,1.2509322617610181
2014-11-18,6.448235762366439,6.483249923858294,6.327106704861613,6.371583938598633,6.253580022758804,5.990183937659467,64.89629299397008,-0.9270190741464747
2014-11-19,6.381995689945643,6.390512241246599,6.339410767481731,6.361176490783691,6.263827305427841,6.004732665232966,63.86027325067576,-0.9138928182676064
2014-11-20,6.417955471741262,6.449184269541798,6.226798754451327,6.269382953643799,6.264356414781742,6.015111107915744,55.451813619728384,-2.559199227223618
2014-11-21,6.3583361951841795,6.426471478051088,6.334678150965737,6.420793056488037,6.279255142563294,6.031020203938187,63.89616725057791,0.7723215822567875
2014-11-24,6.492713658410713,6.620466951717596,6.47000213830834,6.592077732086182,6.309047770136902,6.053022459943991,70.66952252496398,3.6298512018496663
2014-11-25,6.524889233539432,6.555171505561312,6.4841973628238145,6.515426158905029,6.328702854781486,6.07115593833462,64.80978238654797,3.924520277043036
2014-11-26,6.544761167173487,6.620466469327313,6.543814643325544,6.611949920654297,6.355678765816992,6.092363545484411,68.3668085475229,2.9771534837600933
2014-11-28,6.596809385186089,6.64791085060489,6.5580105656189716,6.609111309051514,6.3798151985059945,6.112628163663514,68.14864672102765,0.2583946618593869
2014-12-01,6.5958628612006684,6.658320448485735,6.582614413349822,6.609111309051514,6.401652923319854,6.132098090933631,68.14864672102765,1.4378975045007483
2014-12-02,6.503123036091057,6.552331448316702,6.45391390187923,6.540029525756836,6.4148316473614715,6.148095402103169,62.51791455762382,-1.0877335091845937
2014-12-03,6.540029985616046,6.603433372629675,6.481357774387568,6.5996479988098145,6.432433204642266,6.165803347072058,65.19093330525189,-0.14318582028931384
2014-12-04,6.499339115304095,6.515426415013572,6.452969542382402,6.472842216491699,6.43628168196126,6.177844087049299,56.03721227261134,-2.061836852001373
2014-12-05,6.403758528629419,6.41416812469494,6.338462824747491,6.371583938598633,6.4301199921172,6.185441728286528,49.99974950681617,-2.5756089707975742
2014-12-08,6.109453433145669,6.162447945966541,6.05456695535365,6.115131855010986,6.400121121916609,6.182684478354154,38.64390721734876,-7.3415452443252445
2014-12-09,6.07917141677916,6.141629005992869,6.0091438014071095,6.088634490966797,6.370455728492817,6.17899624355465,37.691385792064885,-5.935688105389106
2014-12-10,6.069707789577645,6.090526984085368,5.941007970790097,5.942900657653809,6.329736197936721,6.1697375931271665,32.88967784641546,-6.728048866277808
2014-12-11,5.8615173801359015,6.026177540063655,5.84069854501355,5.990217208862305,6.29740105612011,6.162697578057957,35.75157169646319,-2.042713863092282
2014-12-12,5.931545739736139,6.00346604580424,5.91451191653706,5.918297290802002,6.2612959356136235,6.153113253067527,33.4187819420136,-2.797625648534333
2014-12-15,5.863409405682633,5.905047793216297,5.80852293256066,5.844482898712158,6.221599455908722,6.141010101916336,31.170741399073005,-1.6560559331393003
2014-12-16,5.774456106097528,5.939115909664642,5.755529596459441,5.8671956062316895,6.187846708320433,6.130272278556154,32.67154788292628,-2.053708544134415
2014-12-17,5.844483343023437,5.9429008979573625,5.816093760906029,5.933437824249268,6.163617290789846,6.122553280348041,36.987056736691976,0.25582583475143233
2014-12-18,6.007250387577557,6.170017482069837,6.007250387577557,6.1605544090271,6.163325587764822,6.124043520688396,49.04602423452114,5.4080320841487675
2014-12-19,6.15866161884624,6.173802390175759,6.075384849582407,6.081063270568848,6.155491081365206,6.122358020683708,45.74620618635114,3.6451429045591084
2014-12-22,6.0451036632805755,6.092419391534508,6.018606407826914,6.075385570526123,6.147861985094817,6.120515963814784,45.51068069012688,2.3923356152268354
2014-12-23,5.994002908640494,6.07349396240969,5.9921102215277555,6.06592321395874,6.140058292605667,6.118375071663566,45.09399070416616,-1.5360824494901901
2014-12-24,5.950471149490649,6.069707528837528,5.950471149490649,6.0072503089904785,6.127409913213744,6.114017237833249,42.4958130670994,-1.2138167010300547
2014-12-26,6.094312697546602,6.094312697546602,6.018606662750244,6.018606662750244,6.117047698883887,6.110275646653523,43.17823176645661,-0.934572910916696
2014-12-29,6.024284960087361,6.06024529192762,6.014821885862992,6.016714572906494,6.107492163076516,6.106606584937953,43.08648726073962,-0.8112308599457455
2014-12-30,6.058351664886826,6.077278533512984,5.942900654212122,5.956149101257324,6.093078538141356,6.100706291460281,40.14596074396069,-0.8506588722743248
2014-12-31,6.003465791796308,6.046996872015012,5.942901250092373,5.954257011413574,6.079857440357757,6.094963182438842,40.05399392319567,-1.0691785481669092
2015-01-02,6.099990510401837,6.101883558399236,5.9921098781106945,6.037533283233643,6.075826568250698,6.092711029528834,45.925457541848125,0.3460145911008629
2015-01-05,5.994003192264201,6.007251641687097,5.9315459585611405,5.961828231811523,6.06496958382792,6.087578370794822,41.90698668557578,0.09534903269967457
2015-01-06,5.941007736502204,5.9996799439841695,5.825556730313531,5.920188903808594,6.051180947635603,6.081014077971833,39.84202376336557,-0.5721638743452981
2015-01-07,5.942900625822889,6.092419277324213,5.939115252115741,6.045103549957275,6.050602147856715,6.0796058219712625,48.10350932965272,0.12538674933114824
2015-01-08,6.065922492718012,6.117023955706472,6.0583517451672275,6.0772786140441895,6.053142763684093,6.0795145589152995,50.00790425684534,1.9364929304175205
2015-01-09,6.539084522100334,6.59397136840989,6.264651012538911,6.351713180541992,6.081578041480084,6.090189014665366,62.61077675669923,7.289028842572725
2015-01-12,6.436879648502528,6.453913467354214,6.323321337482049,6.344140529632568,6.106583992732701,6.1001478976052566,62.145223082436516,4.946763561683016
2015-01-13,6.395242687637573,6.453914175239432,6.363067372061464,6.408491134643555,6.135337053867068,6.112239789253818,64.55701761705875,5.450013758361432
2015-01-14,6.425524955829178,6.436880354985863,6.374423493665453,6.414168834686279,6.161892461564136,6.124080143976659,64.7702892951067,0.9832883250398559
2015-01-15,6.465269806542648,6.567472723119324,6.459592107394886,6.467162132263184,6.190965763535474,6.137534339595739,66.7795732572264,1.9391374143747133
2015-01-16,6.4917685716751485,6.546655419227707,6.440667098642045,6.542870044708252,6.2244804569805,6.153429857443289,69.45944594250959,2.0968884444305553
2015-01-20,6.558010586989182,6.6015413046389915,6.49555299950059,6.54854679107666,6.2553439173706105,6.168924639154402,69.65710145140643,2.0950174504870724
2015-01-21,6.645071267781886,6.669675834785477,6.592077482222933,6.66021203994751,6.293902786187458,6.188190811734524,73.31552441614443,2.985079138827286
2015-01-22,6.716992836658208,6.779449703582762,6.669676743963193,6.775664329528809,6.339784837934253,6.211228988902927,76.4738500519674,3.5579842367316497
2015-01-23,6.771879216579025,6.785127665285549,6.681032401740159,6.71888542175293,6.375889655440794,6.231137084308809,71.96282142820976,2.6011668864973294
2015-01-26,6.709423044889467,6.779450669903439,6.709423044889467,6.754846096038818,6.411980745021558,6.251674692611947,73.04722656014395,1.4208865351988766
2015-01-27,6.592077246927224,6.701850187664877,6.576935753315878,6.6507487297058105,6.434720553086725,6.267324654850922,65.1873264785469,-1.8435919158304126
2015-01-28,6.696172488553699,6.724561706095744,6.643177982900137,6.6507487297058105,6.4552946651456855,6.282360893080526,65.18732647854691,-1.0141070694035226
2015-01-29,6.61289646172609,6.61289646172609,6.46527049233581,6.552331924438477,6.4645363088878565,6.292947992349466,58.3080792566137,-2.998057523754691
2015-01-30,6.539082780686282,6.5617942992540375,6.444450611003453,6.45012903213501,6.463164187292347,6.299111954693997,52.15297464939153,-3.0164979271390244
2015-02-02,6.565579667241475,6.5750434617908455,6.444450605665569,6.501229763031006,6.4667894802198385,6.307038143256232,54.72633701569882,-2.2481523923309985
2015-02-03,6.537191631736458,6.550440080118035,6.478519416056411,6.5334062576293945,6.473133935211225,6.3159153242120425,56.319392750523406,-0.288838645955866
2015-02-04,6.597755917685708,6.66967657895901,6.556117526108597,6.582614421844482,6.483560648223916,6.326374112354491,58.71210876511271,2.0539959596067128
2015-02-05,6.65075011032294,6.766201496124268,6.65075011032294,6.766201496124268,6.510478824214426,6.343622245051345,66.15984733292078,4.07571709894047
2015-02-06,6.7548456090408475,6.832443977647299,6.728348710782986,6.769987106323242,6.53519389870098,6.360342435689459,66.29486056229872,3.6210950209560293
2015-02-09,6.785127371969949,6.902471801135463,6.758630475702341,6.851370334625244,6.565305940217576,6.379598431726157,69.14492285299742,4.08281414583379
2015-02-10,6.906257152557373,6.928968674714343,6.822980368004693,6.906257152557373,6.597777484249938,6.400251714896008,70.93024819974293,2.069930322254376
2015-02-11,6.885438206398636,6.928968926274182,6.855155935094503,6.875975131988525,6.62427249832028,6.418907535174146,68.57278982528874,1.5655572750838658
2015-02-12,6.9762837964753235,7.010351435964341,6.9251823372417975,6.951679229736328,6.655454091788474,6.4398005428040355,71.1539672985917,1.4640705466488357
2015-02-13,6.980070379039305,7.002781901970615,6.902472013869894,6.9270758628845215,6.68132283189286,6.4589093788856236,69.16575393135066,0.3014470771543645
2015-02-17,6.87408162422632,6.910041593374519,6.802160963943673,6.845691680908203,6.69697700798956,6.474077312298274,62.90431104792228,-0.4404240925688793
2015-02-18,6.91950584170552,6.921398167790246,6.894901270686317,6.908149719238281,6.7170886947751525,6.491099759629255,65.48659577549108,-0.6261725988714516
2015-02-19,6.980070092125726,7.055775406113679,6.966821644128178,7.040634632110596,6.7479025935690045,6.512650146785386,70.22182992807858,1.6393464063895342
2015-02-20,6.923292131335925,6.9952120838462735,6.896794508741889,6.987641334533691,6.77073485461326,6.531277252187281,66.3032587548162,2.073561887418455
2015-02-23,6.883543497843179,6.89868499083589,6.841905836085472,6.849475860595703,6.778233998040159,6.543755628987611,57.32194650344061,-0.8493426029719536
2015-02-24,6.872189257248601,6.963036064543606,6.866510835427119,6.955465316772461,6.795113171252759,6.559901106939958,61.61720525349767,-1.2096823622930035
2015-02-25,7.00278068551468,7.044419071977639,6.919504634574933,6.959249973297119,6.810745247637937,6.575561846797102,61.76518158301864,-0.4063082215777023
2015-02-26,6.883543242373526,6.944107768124384,6.866509424381966,6.9232892990112305,6.821463728721108,6.589198217472166,59.421049839132834,1.0776509023145566
2015-02-27,6.947894096374512,6.9838547848481225,6.8967926353748,6.947894096374512,6.83350471611667,6.60326472252716,60.52496937427862,-0.10885282368804171
2015-03-02,6.947895059732512,6.947895059732512,6.89868663971696,6.9270758628845215,6.8424162539040845,6.615963198619606,59.06095334908551,-0.4623215222337295
2015-03-03,6.978175636014461,7.019814019596739,6.96682023830011,6.980068683624268,6.855526009115531,6.630241845090377,61.60675144868986,0.820121508155758
2015-03-04,6.902470365873284,6.949786448508585,6.822978971613193,6.8362274169921875,6.853688047960927,6.638319710655154,52.13063492531187,-1.607201805804627
2015-03-05,6.813516883071096,6.830550704158223,6.692387809556518,6.716992378234863,6.8406694127489205,6.641404913305339,45.83672216844121,-3.032787409984807
2015-03-06,6.694279672015155,6.720776564763807,6.6393935607441685,6.669675827026367,6.824384309346772,6.6425135765885175,43.587740431405045,-4.446845305779066
2015-03-09,6.576936237360461,6.662105340227119,6.5580100909395185,6.592077732086182,6.802259873417192,6.640535700333524,40.11183784444772,-3.5714096388769225
2015-03-10,6.573150160921122,6.582613233119864,6.523941752295984,6.565579414367676,6.779718877317238,6.637596238138785,38.96902603566122,-2.254177991295813
2015-03-11,6.554224967956543,6.618574879029817,6.510694251934362,6.554224967956543,6.758243266901934,6.634326776563011,38.46333938323117,-1.7309815658806502
2015-03-12,6.603434294075214,6.709422609862237,6.599648919727141,6.667784214019775,6.749628119008395,6.635638832933864,46.00941558607026,1.1484464384438482
2015-03-13,6.654536005438738,6.681032904847101,6.633716806764634,6.663999080657959,6.741472972498829,6.63675099951128,45.8077787550892,1.4990248396799248
2015-03-16,6.768092142479574,6.847583536739665,6.726454480711074,6.8362274169921875,6.75049720530772,6.644573604118374,55.388134479067304,4.302605577537361
2015-03-17,6.756739144328763,6.777558343599875,6.707529996599522,6.754846096038818,6.750911385377349,6.648898015566235,50.81666664603501,1.305709351481193
2015-03-18,6.699958983105859,6.870296482820314,6.699958983105859,6.851370334625244,6.760478904353339,6.656838106509726,55.5072270841015,2.8116938747954534
2015-03-19,6.798376314199636,6.879760056928582,6.788913239414338,6.809732437133789,6.765169716999096,6.6628339626126305,53.152359893476564,-0.38756726835245825
2015-03-20,6.881652371693046,6.9365392103792844,6.834336280822754,6.834336280822754,6.771757008791825,6.66955954371891,54.38385949381655,1.176787504167567
2015-03-23,6.758630489187469,6.843799600207769,6.743489714998459,6.811625003814697,6.775553960698765,6.675130738232471,52.99890118344925,-0.5801077575632301
2015-03-24,6.78891397719694,6.8154108782698435,6.760524749755859,6.760524749755859,6.774122607275632,6.678479522998094,49.91858611943268,-0.7226082350842137
2015-03-25,6.771878524499502,6.787020019751687,6.622360229808459,6.628037929534912,6.760209780824135,6.676501421293656,42.94888066600226,-3.018557220643619
2015-03-26,6.580722317962246,6.662106055889952,6.506909328210672,6.614789962768555,6.746360274342651,6.674081364096593,42.31269472139191,-2.889692855022253
2015-03-27,6.679140075633358,6.751060019472686,6.618575532407447,6.71888542175293,6.743743621715058,6.675838385965469,48.738016271455734,-0.6159185794628352
2015-03-30,6.769986870065895,6.809732216065665,6.743489972732715,6.771879196166992,6.7464232002342905,6.679604692247882,51.68817772717567,2.170193776217171
2015-03-31,6.734026949607013,6.739704649939904,6.639394760131836,6.639394760131836,6.7362300154626285,6.6780278321649,44.75383469751559,0.3719664192176883
2015-04-01,6.592077267408737,6.624251858453585,6.540975809290899,6.556116580963135,6.7190763550341055,6.673246998784439,41.02782769904717,-2.4225571738850875
2015-04-02,6.558009628663512,6.582613472879164,6.546653508419718,6.556116580963135,6.703556376551156,6.6686536490659565,41.027827699047165,-3.1861557029248693
2015-04-06,6.573152081970158,6.590185905700599,6.531513685743229,6.539084434509277,6.687892382070977,6.663572503397067,40.23330438701725,-1.510835388564345
2015-04-07,6.542869057034445,6.656427387530542,6.53529830913837,6.637501239776611,6.68309322566199,6.6625501009021475,46.66102974636967,1.2413546618403886
2015-04-08,6.73591922435572,6.785127644833582,6.703743904746642,6.771879196166992,6.691549032376752,6.66683751640273,53.94427801251579,3.291012484896364
2015-04-09,6.768092616483795,6.824872497211642,6.752951844412897,6.8173017501831055,6.703525481691643,6.672738074590195,56.1251220572892,4.25468302879785
2015-04-10,6.843796728344349,6.874078986001297,6.811622145452702,6.872186660766602,6.719588451127353,6.680559587773584,58.671687171490476,3.535749561651136
2015-04-13,6.832442274052202,6.896792177484774,6.813516129154565,6.855154514312744,6.732499504764057,6.687406447637865,57.55527363865095,1.2297224408977543
2015-04-14,6.8570466088695,6.88922192049429,6.832442043743029,6.8362274169921875,6.742378353547688,6.693242564083133,56.273821934374645,0.2776122797934492
2015-04-15,6.766200990243662,6.849477050208534,6.722670273308416,6.841907024383545,6.751857274579675,6.699072542918444,56.5861881267906,-0.44061137855762067
2015-04-16,6.696172716998716,6.726454983268359,6.65264200436024,6.682924270629883,6.745292226584456,6.6984392773385,46.55969587622759,-2.5124195716269435
2015-04-17,6.639394287857491,6.660212761592668,6.559902878919856,6.643178939819336,6.735567151654445,6.696272205278925,44.43972110608179,-2.823903673728123
2015-04-20,6.525835509415268,6.558010828332161,6.487982490330925,6.5334062576293945,6.716313733175869,6.6898853053711,39.13912715177927,-4.508988000782519
2015-04-21,6.5050167870483975,6.578829782551525,6.5050167870483975,6.539084434509277,6.699434752350479,6.68397154572946,39.540839010678965,-2.152348736806024
2015-04-22,6.499338134226681,6.571258792994124,6.470948191506675,6.540976524353027,6.684343492541198,6.678363897832345,39.68370493458057,-1.5384564587550915
2015-04-23,6.540976268131037,6.658319964270441,6.436880296892801,6.6166815757751465,6.677899500468241,6.675944983241867,45.25759267271646,1.2746079894925726
2015-04-24,6.145413553221426,6.253294172815346,5.952363833425412,6.020498752593994,6.615289905432599,6.65024120949097,25.37253886054636,-7.930554913444855
2015-04-27,5.973182690604188,6.033747223888966,5.863409383777254,5.925866603851318,6.549630543377239,6.621834362210984,23.60001714244821,-9.403946310028225
2015-04-28,5.920188903808594,5.975075376719321,5.865302069904772,5.920188903808594,6.489683720561177,6.594318854038341,23.493969148027094,-10.52631389300245
2015-04-29,5.8823366119632094,5.931545391539296,5.876658550899113,5.895585060119629,6.43310289575722,6.566917528786627,23.011412158790925,-2.074806384114686
2015-04-30,5.8615168323625575,5.8804433396994416,5.842590686018776,5.863409519195557,6.378846383703729,6.539328979390899,22.364480200438294,-1.0539738544767414
2015-05-01,5.87287353334806,5.916404251826686,5.865302785268402,5.90315580368042,6.333542518939604,6.514381011715979,25.163364538184034,-0.28771210522042706
2015-05-04,6.00914384359403,6.056459936850676,5.969398498535156,5.969398498535156,6.298862136043942,6.493009148453986,29.711514846457977,1.2520121016459318
2015-05-05,5.897477266676081,5.933437595166075,5.886121506466176,5.908833026885986,6.261716506600327,6.470100280941516,28.03395974036869,0.7746944425717286
2015-05-06,5.842591784916443,5.852054859868185,5.774456490085749,5.795275688171387,6.217293571511856,6.443636571421119,25.165004347259465,-1.8274990377481408
2015-05-07,5.872872721728707,5.889906541560761,5.799059382125442,5.833127021789551,6.180706281062113,6.419695020455175,27.816718078574844,-2.2828343053164475
2015-05-08,5.891799206074574,5.914511087487494,5.865302311920424,5.908833026885986,6.154813590188196,6.399661216785796,32.9353006014121,0.0
2015-05-11,5.978860872193252,5.994002005821433,5.910725590369889,5.92397403717041,6.132828870853169,6.381006817585193,33.94416656436577,2.2207459303740613
2015-05-12,5.7971662247219085,5.846374993464689,5.791488525900895,5.806629657745361,6.101762279128616,6.35848222308167,30.1577333105412,-0.45425659247962513
2015-05-13,5.840698728630342,5.888014822385304,5.808523770437242,5.819879531860352,6.074916303198306,6.337360548916128,31.092420506613642,-1.505432538385911
2015-05-14,5.823664669573286,5.836913117527919,5.797167412670888,5.810416221618652,6.049725819238339,6.316696065492698,30.775630887556865,-1.9169195347452734
2015-05-15,5.844483717651785,5.891799811211443,5.8047383723383845,5.880444049835205,6.03360374596185,6.299588143310051,35.97419849008796,1.2712088843376472
2015-05-18,5.914511431521933,5.982646718730867,5.880443787917466,5.944793701171875,6.025145646458043,6.28567463577522,40.403219234555294,2.146335995920418
2015-05-19,6.018606188481418,6.043210756149322,5.98264622187925,5.999680042266846,6.022720350820786,6.27445916151999,43.96382537140692,3.257319500520544
2015-05-20,6.065921782409669,6.09431172140759,6.041317577736951,6.060244083404541,6.0262940396382865,6.266058570221345,47.6784663816139,3.057592794788596
2015-05-21,6.064029943849725,6.064029943849725,6.016713856376464,6.026176929473877,6.026282886289295,6.256651447054778,45.837788816829516,1.368983221166433
2015-05-22,6.043211348693567,6.043211348693567,6.0072510175723455,6.024284839630127,6.02609259613128,6.24753903107734,45.73218782311858,0.4101018252630831
2015-05-26,5.937223081885318,5.94479346850495,5.889906992284997,5.927759647369385,6.016727553392052,6.234998663088794,40.59421190733614,-2.1861237635288244
2015-05-27,5.888015138542367,5.925867798982948,5.863410566312481,5.916404724121094,6.007172998223389,6.222504783129276,40.02454020334627,-1.8215894859623214
2015-05-28,5.9296527924831395,5.976968885739786,5.925867418384254,5.969398498535156,6.00357542682451,6.212579046478527,43.976020504347204,-0.9110847603670175
2015-05-29,6.012929549482437,6.035641073342674,5.990217664629037,6.031856060028076,6.006268820462944,6.205491870539293,48.29943045158945,1.756083560251759
2015-06-01,6.050782301957631,6.128381032478766,6.043211914219697,6.096205711364746,6.0148342386440685,6.201206138806959,52.3771184272703,3.039024468873916
2015-06-02,6.011036511681526,6.033748034216912,5.975076179841833,6.022392272949219,6.015554051435036,6.194193830341949,47.727071147440434,0.887757358250865
2015-06-03,6.033747541946243,6.1416285286637216,6.011036021263805,6.075385570526123,6.021252291348473,6.189534682898191,51.08468547416561,0.7216602993315504
2015-06-04,6.02428485305378,6.052674436215631,5.944793803604716,5.990217208862305,6.0182965692069335,6.181718311367373,45.973691342866,-1.7385978676023706
2015-06-05,5.96750496668433,6.039425259415913,5.965612279902829,6.020498752593994,6.018506300958082,6.175395975729201,47.96701491215973,-0.031441332105345166
2015-06-08,5.967505098322276,5.984538918738445,5.954256290559511,5.965612411499023,6.013468787676267,6.167169169288803,44.74458179605564,-1.8068509027583142
2015-06-09,5.927759658621859,5.94479347978976,5.872873182297718,5.888014316558838,6.001520742807941,6.156221920162138,40.5925643467918,-1.7061633783873713
2015-06-10,5.978860968459128,6.020498996358765,5.95236407443146,6.003465175628662,6.001705926886104,6.150231459592198,48.281950127173495,-0.2829263432368114
2015-06-11,5.978690761061735,6.043989695396391,5.955644293835969,6.001737594604492,6.001708942859284,6.144408170769151,48.18145230048093,0.6055569925366859
2015-06-12,5.888423283290638,5.963324832472114,5.874979453059798,5.957563400268555,5.9975046054696906,6.137080924867167,45.569523978465895,1.1811975985541374
2015-06-15,5.9133921930440705,6.015181428205688,5.899947993125883,6.001737594604492,5.997907747292053,6.131773343288239,48.571909459908916,-0.028776397857409333
2015-06-16,5.9825318496663,6.128494149207856,5.9825318496663,6.115050315856934,6.00906418239347,6.131117538290932,55.37215983663395,1.8879985915130397
2015-06-17,6.040148489938932,6.132335085801487,6.040148489938932,6.1304144859313965,6.020621354158987,6.1310899676101664,56.21751656815182,2.901372155855698
2015-06-18,6.1188909349350915,6.226441591533376,6.1188909349350915,6.178427696228027,6.035650529594133,6.132946349124593,58.841323470542974,2.9439824523880875
2015-06-19,6.155381829339325,6.1765080625465725,6.118891529112062,6.12657356262207,6.044309866072984,6.132696435928415,55.007264016252094,0.18844075142367667
2015-06-22,6.21875880755569,6.284057722741899,6.193791381346141,6.2475666999816895,6.0636676597785755,6.137201152165799,61.33760624709462,1.9109998894714864
2015-06-23,6.20723646208242,6.241806526068281,6.182269030840651,6.188031196594238,6.0755118061419715,6.139194487241425,57.08179477101316,0.15543599178273043
2015-06-24,6.138096399787272,6.180348863474065,6.045909805716567,6.053592205047607,6.073424225085366,6.13583753499853,48.8409203429704,-1.1912263327697334
2015-06-25,6.107367647186293,6.253330306619221,6.103526813767244,6.195713043212891,6.0850707791927485,6.138185594144192,56.06244302522236,-0.8299816433964731
2015-06-26,6.245646795286196,6.2648520579133935,6.188030274770798,6.211076736450195,6.0970713465506,6.141044070313055,56.77281458525927,0.37242119704633697
2015-06-29,6.11120849992496,6.138096163916452,6.072797603696676,6.092002868652344,6.096588634369814,6.1391208859342035,50.02254714378291,0.6345102594242926
2015-06-30,6.122730682452283,6.134254279030362,6.015179678608408,6.088160991668701,6.095786001731613,6.137122458708106,49.81673665394606,-1.7359107949973187
2015-07-01,6.138096581531286,6.153461380648304,6.049751184510267,6.111208915710449,6.097254850681978,6.136106241335649,51.116129092847,-1.6078986780772468
2015-07-02,6.126573286191214,6.134255685671579,6.049751122972419,6.1304144859313965,6.100412911181922,6.135883035241365,52.22620144291087,0.6305252657825824
2015-07-06,6.09200279316752,6.118890823142796,6.057433096885496,6.099685192108154,6.100343604603468,6.134463511981239,50.25960684833129,0.18928869415942404
2015-07-07,6.080479636415554,6.103526467206082,5.988293045887337,6.092002868652344,6.099549248798599,6.132798388713439,49.75519011686086,-0.31427574025053107
2015-07-08,5.961405414028811,5.980610679087998,5.915311752199302,5.9345173835754395,6.083831928301155,6.1250226630217535,40.7306621672903,-3.195495228022813
2015-07-09,5.915311537264772,6.003657291858154,5.884582674706275,5.919152736663818,6.068148195764266,6.116949332576344,39.96897635661506,-2.9597011937257185
2015-07-10,5.919152966138738,5.965246261763439,5.896106501484864,5.946040630340576,6.0565189038191525,6.110247030527883,42.01262724485343,-2.395964700917105
2015-07-13,5.946039819206817,5.99981550659159,5.9229933576968445,5.969086647033691,6.048192022220537,6.1047113292143855,43.77927976689036,0.5825117903256456
2015-07-14,6.019022312964828,6.042068778983646,5.957564581825351,5.984452247619629,6.042121567496641,6.099995286798905,44.98280310377988,1.1031901669193112
2015-07-15,6.011340029409805,6.084321361283924,5.999816796178042,6.061274528503418,6.043945659021095,6.0984768256892785,50.66874733040577,1.9379937899321327
2015-07-16,6.126572794876443,6.176507288543452,6.099685131485338,6.118890762329102,6.051083287907572,6.099277372224174,54.469332793803844,2.5096656181034764
2015-07-17,6.14577778762492,6.161142583758208,6.057432407759925,6.084320068359375,6.054248695569648,6.0986908112883,51.886305347555876,1.6687879960855139
2015-07-20,6.088162950157464,6.126573852156731,6.034387247778088,6.05743408203125,6.054552065708848,6.097072900337043,49.90424438205086,-0.0633603783182579
2015-07-21,6.771878824740966,6.875589004527535,6.541412735393696,6.552935600280762,6.1020171642395065,6.114949868962287,71.50691473915278,7.093521600742629
2015-07-22,6.572141360890195,6.714262062058019,6.568300161854064,6.629757881164551,6.152278184899035,6.135138418460415,73.4206331276529,8.964646939625121
2015-07-23,6.606711924840985,6.702739710186733,6.606711924840985,6.652804851531982,6.19994739124503,6.155439062894595,73.98514272424813,9.828761839387374
2015-07-24,6.602871045805574,6.664328772797358,6.572142182309682,6.618235111236572,6.23978431695851,6.173587927535457,71.53106482397413,0.9964924873214499
2015-07-27,6.445384651472725,6.491477574125509,6.364720937879662,6.430019855499268,6.2579019872957256,6.183644081573253,59.88441476099305,-3.01274992609833
2015-07-28,6.483797119698419,6.5068443205671525,6.399292914415111,6.503003120422363,6.281244952355405,6.196167965449689,62.43831843144478,-2.251707880400601
2015-07-29,6.537570550264825,6.572140604980044,6.506841694143933,6.529888153076172,6.304925257185954,6.20925503163112,63.36360462295782,-1.3349020800183293
2015-07-30,6.491478017089302,6.533730476265728,6.426179095013846,6.510684013366699,6.324521329203168,6.221075776012907,62.185219641160046,1.2544931381268396
2015-07-31,6.514524152295409,6.572141405595496,6.48379529243114,6.49531888961792,6.3407877635283825,6.231830407918986,61.204474009478005,-0.11816434133810283
2015-08-03,6.529891168660461,6.579825308179467,6.476115828773215,6.5145263671875,6.357334297210203,6.242916523968732,62.01105030070692,-0.23525343051144107
2015-08-04,6.449226091434558,6.518365477997052,6.410814832699513,6.506842613220215,6.371573184449252,6.253266566684476,61.460561949348595,-0.059001483386351174
2015-08-05,6.625916944999917,6.741149990120295,6.625916944999917,6.679692268371582,6.400917859108522,6.269989143221226,68.28185330883703,2.8385577657836545
2015-08-06,6.664329682058193,6.702740949827248,6.587507146520084,6.648964881896973,6.424541385088374,6.2848509368947845,66.04397625359307,2.063672892424157
2015-08-07,6.6489636130696805,6.737309731869542,6.6489636130696805,6.733468532562256,6.453963018181125,6.302443783783705,69.04832038063105,3.48288613715039
2015-08-10,6.683534524035081,6.802608787166206,6.683534524035081,6.79492712020874,6.486435789802803,6.321756855800373,71.0542230091756,1.7251521059255457
2015-08-11,6.768039580970525,6.810291314246358,6.679693449283318,6.706581115722656,6.507402011318979,6.336848003248306,64.5755947429212,0.8665444147938631
2015-08-12,6.814132763561518,6.867908098408768,6.748833828689574,6.856385231018066,6.540638508433179,6.357222012180454,69.63189018909837,1.825458868061831
2015-08-13,6.825655248771021,6.994663625725569,6.825655248771021,6.9255242347717285,6.577294291893993,6.3795083738507,71.64359866563005,1.9219796217472358
2015-08-14,6.925523983014475,6.952411645069191,6.890953922477314,6.902476787567139,6.608264053386673,6.400016939094482,69.97941225957972,2.920946879852567
2015-08-17,6.875589847564697,6.910159911732295,6.848702182686326,6.875589847564697,6.633723652832199,6.418666857073706,67.99512036981673,0.28009827189624337
2015-08-18,6.925523631470999,6.99082254998949,6.86406591199875,6.914000034332275,6.660416641546492,6.438091687554435,69.33293872966692,-0.1664018498641926
2015-08-19,7.002345328664758,7.002345328664758,6.913999949585499,6.975457668304443,6.690420548856773,6.4591648632701215,71.39338602544551,1.057314395736312
2015-08-20,6.833338820661638,6.8448616881485576,6.648964881896973,6.648964881896973,6.686472390098697,6.466608001255488,51.57029411055737,-3.296080346444664
2015-08-21,6.691216609031974,6.73731027177937,6.549095153808595,6.549095153808594,6.673388843785354,6.469842791551688,47.24866112536349,-5.277767988309282
2015-08-24,6.164982964600901,6.403132172925236,6.107366445168272,6.353198051452637,6.642894482610809,6.465268488018392,40.14254911420085,-8.920699493013512
2015-08-25,6.46074981642596,6.526048745179596,6.337834358215332,6.337834358215332,6.6138411374302875,6.46027107116337,39.63902782755002,-4.679382869486205
2015-08-26,6.391609034348378,6.518365679243812,6.33399251078388,6.510684013366699,6.604016649424231,6.462248049288991,47.60215875461705,-0.5865106482619469
2015-08-27,6.52989004085724,6.633600234985352,6.518366441742806,6.633600234985352,6.606834133763385,6.468967742845711,52.41018686035776,4.41355961614642
2015-08-28,6.660487285420602,6.748832672573842,6.595188361734758,6.725786209106445,6.618162902843677,6.479039055248093,55.69384542006967,6.12120527240091
2015-08-31,6.587506294250488,6.652805221219526,6.575983428254359,6.587506294250488,6.615243225834802,6.4832926724638735,50.108681710994446,1.1799417807110557
2015-09-01,6.510685092888955,6.541413959394029,6.441544960094047,6.472273826599121,6.601627092574261,6.482860560861335,45.971384435041514,-2.4319585545025943
2015-09-02,6.599030939864697,6.714264013911962,6.518367201924399,6.7027411460876465,6.611257002432678,6.491483328909426,54.12896642886261,-0.3426374598050223
2015-09-03,6.6566461900577885,6.783402840059406,6.6566461900577885,6.741150379180908,6.623627800218224,6.501274193625955,55.33921595156614,2.3323557969807025
2015-09-04,6.491479320222715,6.575984255539529,6.433862785091973,6.499161720275879,6.611773887842762,6.501191351533795,46.936968115789824,0.415431954783133
2015-09-08,6.526048013796364,6.710421180449349,6.518365615360697,6.6988983154296875,6.620071452374851,6.508944565804223,53.24684290671595,-0.057332225341896484
2015-09-09,6.79492695941777,6.798768159122582,6.625917835575729,6.633600234985352,6.6213599078615655,6.513833023419169,51.1072145361836,-1.5954271622201173
2015-09-10,6.6374423792405945,6.779563125373645,6.602872309611682,6.760357856750488,6.634597807755749,6.523500663941966,54.896143901225074,4.018920404145937
2015-09-11,6.72578698915391,6.798768320004448,6.698899323217909,6.79492712020874,6.649867266084605,6.534144838697526,55.89986346792409,1.4335014543789677
2015-09-14,6.798768596803603,6.814132663978001,6.741151330156165,6.791086196899414,6.663316688066968,6.544220970391718,55.75141190284111,2.3740647059719944
2015-09-15,6.802608063276424,6.829496458985084,6.779561599588587,6.821814060211182,6.678411675890226,6.55510697391405,56.741172560039395,0.9090673121590284
2015-09-16,6.852544430614347,6.875590899373691,6.8102919606938555,6.864068031311035,6.696093233549351,6.567223093811971,58.12816042853568,1.0175371991358593
2015-09-17,6.837178880160754,6.91400141111562,6.794927147506135,6.817973613739014,6.707700888805509,6.5770564475346,56.018114585717505,0.39592218475853713
2015-09-18,6.814131923383057,6.814131923383057,6.656646405633417,6.691216468811035,6.706130944044131,6.581533311114068,50.58062652452165,-1.9144114783466204
2015-09-21,6.794927222089203,6.887113820666537,6.744992356630255,6.860226154327393,6.720806678356823,6.592462442220473,56.62599995330862,-0.05597084653178737
2015-09-22,6.787244747883858,6.879431345449325,6.764198281650979,6.817973613739014,6.730060672202746,6.601306017574141,54.82051076346357,0.0
2015-09-23,6.879430504603959,6.890954102628891,6.775720320281159,6.779561519622803,6.734775038623703,6.6082964294191875,53.161029953128875,1.320313745991626
2015-09-24,6.844861530960777,6.86406753072125,6.744992530108259,6.791086196899414,6.740138006078533,6.615464655594883,53.61471540646297,-1.0078378740380944
2015-09-25,6.8294967643898605,6.867907294709293,6.775720703201627,6.841019630432129,6.749745779826495,6.624309948725755,55.62046894677228,0.3380185667875689
2015-09-28,6.833338088524584,6.867907419915513,6.779562026355979,6.852543354034424,6.7595360249891545,6.633260278345703,56.0923404131792,1.0764978560985403
2015-09-29,6.8487009486626045,6.960093520383508,6.8294956865339325,6.9332051277160645,6.776075939534574,6.645022821458266,59.35038527071127,2.0927275357149377
2015-09-30,7.048441336144837,7.359571232565376,7.033076535020839,7.332683563232422,6.8290861894105594,6.671989909370978,70.87626527447406,7.186997836011704
2015-10-01,7.309634473344477,7.321157337421964,7.15214898145941,7.255858421325684,6.869731163878667,6.694886713761359,66.94501564750377,5.885625912221463
2015-10-02,7.198241903036914,7.259699620229439,7.0599616730368435,7.255858421325684,6.90650518839743,6.716885604254077,66.94501564750378,4.653739326416086
2015-10-05,7.317317274303859,7.474802790633649,7.301953208937824,7.467121124267578,6.959897182289826,6.746306605038921,71.9134253522053,1.8334019172633296
2015-10-06,7.332684373489093,7.351889644382219,7.278909028881045,7.29811429977417,6.992108336335954,6.767946122479519,63.66876171578304,0.5823691146493726
2015-10-07,7.255862970484645,7.301956653594971,7.232816495246602,7.301956653594971,7.021617699884431,6.788887711935027,63.77045765472722,0.6353243075112912
2015-10-08,7.244337436760597,7.359570503234863,7.244337436760597,7.359570503234863,7.053803681155901,6.811267429240903,65.33721275058532,-1.4403224380971065
2015-10-09,7.451756417018558,7.451756417018558,7.301953297864361,7.355728626251221,7.082558437831645,6.832618848731504,65.13493250206812,0.7894412736017793
2015-10-12,7.175196407193471,7.309635456369616,6.779561658505703,6.8679070472717285,7.06211544825451,6.83400269965465,45.76185136993664,-5.944291741440928
2015-10-13,6.829496317342833,6.829496317342833,6.622075950552536,6.733468532562256,7.030815741998105,6.830060183298086,42.049940834026565,-8.507316702753338
2015-10-14,6.794927220002003,6.8371789531074105,6.652805756009377,6.683534622192383,6.997741349635655,6.824314082862568,40.728496575597575,-9.138374159969729
2015-10-15,6.743607081105583,6.766860692155132,6.689348408916979,6.762985706329346,6.9753836693207685,6.821909048488716,43.75708471118491,-1.5277047318813488
2015-10-16,6.7823630208679155,7.003274155272589,6.739730788186696,6.991647720336914,6.9769326265604015,6.828565466992567,51.44650578179597,3.8342673842780175
2015-10-19,6.976143986088276,7.003273316648054,6.906382427952383,6.945138931274414,6.9739046555807835,6.833136975395776,49.95064020052332,3.914161052048502
2015-10-20,7.018775889861854,7.038153771019488,6.949014334944324,6.995521545410156,6.975963406993105,6.839504997749281,51.59265950380485,3.4383606468838877
2015-10-21,7.018776158256005,7.022651882479493,6.817242933947459,6.84049654006958,6.963061800619436,6.839543881761842,46.5337855713,-2.161882095799448
2015-10-22,6.887004574764915,7.04590557375428,6.863750229142945,7.038154125213623,6.970213450580787,6.847332518759951,52.8781057862218,1.3392848560646569
2015-10-23,7.127294760870101,7.2319371160588,7.073036090425121,7.216434955596924,6.993663117725181,6.861807124126107,57.74809299781201,3.157926235417164
2015-10-26,7.166050442062466,7.220309106232151,7.150548283393495,7.169926166534424,7.010450074754633,6.873890223828394,56.118693056979225,4.815873007685095
2015-10-27,7.169926166534424,7.216434120979052,7.104040328948867,7.169926166534424,7.025638273971756,6.885499476483533,56.11869305697922,1.8722528517631918
2015-10-28,7.162174109744152,7.255189271520451,7.107915450179344,7.208682060241699,7.043071015521274,6.898173303297579,57.283510053213554,-0.10743387008860403
2015-10-29,7.119543226415807,7.158298992695372,7.0420302154189605,7.08853816986084,7.047401220696471,6.905638592182413,52.620348289172455,-1.1351301921833148
2015-10-30,7.049781298024608,7.053657022294936,6.9877711881369935,7.038154125213623,7.046520544936199,6.9108352797522645,50.754395961259746,-1.8378437693800223
2015-11-02,7.00714893864026,7.111791274316956,6.941263105719984,7.076910495758057,7.049414825966853,6.91734803332112,52.159716284728034,-1.827956391784942
2015-11-03,7.049780081023466,7.212556776183074,6.96063991663179,7.111790180206299,7.055355335894419,6.924973215551911,53.447275156661334,0.32802264427836836
2015-11-04,7.107915675405015,7.111791399670851,7.030402668525912,7.034278392791748,7.05334800797988,6.929259693090728,50.21305288302231,-0.05506745593976834
2015-11-05,7.003273979530104,7.045906211141496,6.99939825490917,7.011025428771973,7.049317286150555,6.932466192529208,49.25022694372135,-0.9309862972772638
2015-11-06,7.014901437222142,7.0420307714474735,6.8870054764320665,6.9373884201049805,7.038657394146215,6.932659221061591,46.22727037872478,-2.4522905721644803
2015-11-09,6.902506176588505,6.937386952992782,6.743605190399583,6.844371795654297,7.020154003813651,6.929196969084835,42.664866291516276,-2.6997310389656257
2015-11-10,6.766860485076904,6.77848765985535,6.704850364696418,6.766860485076904,6.996030811553009,6.922830832457073,39.90515814815095,-3.482585338987074
2015-11-11,6.778487189976595,6.7978658132640275,6.728104247867054,6.770735740661621,6.974574138134781,6.91686631905333,40.113722480156326,-2.4022394213994076
2015-11-12,6.73585434708848,6.805615906158779,6.716476464777321,6.7281036376953125,6.951100757140546,6.909463860960859,38.52949603216674,-1.6987411179621572
2015-11-13,6.681597723647819,6.70097635108979,6.557577464895413,6.596333980560303,6.917313445085285,6.897184257807896,34.05295616801118,-2.5200239445259314
2015-11-16,6.596331719951124,6.60020744411128,6.441306449638865,6.553699493408203,6.8826835449255634,6.883714267047124,32.728007641691775,-3.205504624113563
2015-11-17,6.321162237609695,6.363794471027008,6.146758687983705,6.243649959564209,6.821823203462578,6.858613705969363,25.084342784313318,-7.200449104512477
2015-11-18,6.193266276576672,6.266903569055963,6.092500019429973,6.243649959564209,6.766759084996067,6.834497480620142,25.084342784313318,-5.346667134130407
2015-11-19,6.309535987747565,6.367670382793477,6.224271518409218,6.313411712646484,6.723583144772297,6.814062744621175,29.387799921669135,-3.666444898845352
2015-11-20,6.3637936309020375,6.3792957887770285,6.23202196247992,6.282404899597168,6.681566169041332,6.793213417365332,28.60137683151785,0.6207096855837188
2015-11-23,6.297908775412866,6.332789560075745,6.278530890253016,6.294033050537109,6.6446582529933105,6.7736377167054025,29.364770851232656,0.806949321297586
2015-11-24,6.235898655838623,6.30566022516438,6.150634556619306,6.294033050537109,6.611265376568911,6.754829690581156,29.364770851232656,-0.30694437479116604
2015-11-25,6.301783703838459,6.301783703838459,6.216519985004654,6.266902923583984,6.5784689524751085,6.7356953075616595,28.539094883745257,-0.24675225906209247
2015-11-27,6.325037172303137,6.468436014563949,6.313410738619034,6.383171558380127,6.559869200656539,6.721870846809443,36.747456021454816,1.4162383185358525
2015-11-30,6.449058086693852,6.588581219660236,6.375421534711731,6.4645609855651855,6.550792227790696,6.711780264015551,41.78814054236021,2.7093587475446124
2015-12-01,6.472311115433951,6.499440443708785,6.359917339188202,6.418051719665527,6.538150274635918,6.700261497570452,39.83457543872304,2.411857945217737
2015-12-02,6.36379511663289,6.3754222921678005,6.286282091504804,6.301784992218018,6.515639295358023,6.684634967948788,35.3815757915462,-1.2750176838857052
2015-12-03,6.309535601439104,6.317286311543458,6.228146861982794,6.251400470733643,6.490473693012843,6.667645379822704,33.627250209615546,-3.297370313429052
2015-12-04,6.251401171318987,6.367670706541173,6.247526185441993,6.344417095184326,6.476563540838699,6.654969760817278,39.58304815710135,-1.1473049407747464
2015-12-07,6.278530729710551,6.363794457140202,6.266903555380587,6.321162223815918,6.461763415407957,6.641879269170166,38.649299853139425,0.30748798351306894
2015-12-08,6.266903857325113,6.266903857325113,6.150634695689742,6.170012950897217,6.433977656883125,6.6233747076692655,33.17197255680021,-1.301908591801901
2015-12-09,6.1583853998332065,6.301783879627735,6.154509675339169,6.247525215148926,6.416220281479868,6.608635511884154,38.02271953771838,-1.527199088296785
2015-12-10,6.336665000807287,6.375421508608031,6.309535667112437,6.367670059204102,6.411596450786938,6.599185886288859,44.72053542958842,0.7357481700589555
2015-12-11,6.297909245282221,6.328914307382543,6.232023395916662,6.290157794952393,6.400030864516981,6.587067137608997,41.59722589245655,1.9472381178341747
2015-12-14,6.371546114159931,6.452934119463033,6.321162429641776,6.402551174163818,6.400270894007156,6.579831217473893,47.34026401159633,2.481397892384451
2015-12-15,6.491688762865799,6.565326036410893,6.491688762865799,6.5071916580200195,6.4104538239131434,6.5769826072992315,52.06625884459176,2.1910934065160537
2015-12-16,6.611835328050835,6.611835328050835,6.499442259621756,6.557576656341553,6.424465522239658,6.576221589614617,54.197768926360816,4.251385578971539
2015-12-17,6.588582155175607,6.596333605711906,6.4025517776185055,6.445183277130127,6.426438641753037,6.5710828322622845,48.966910866412505,0.665861182622666
2015-12-18,6.390923822200602,6.468436839669939,6.328913703912701,6.336665153503418,6.4178887857292635,6.561889982114878,44.50102358484313,-2.620585245962905
2015-12-21,6.487813271925819,6.522694048055965,6.375420234898824,6.418051719665527,6.417904303247003,6.556249265940394,48.308680432330995,-2.127690517214111
2015-12-22,6.421927213109259,6.514942366378403,6.418051489320704,6.5071916580200195,6.426407860844433,6.554325438178811,52.17857909186826,0.9620887137518811
2015-12-23,6.553700623571093,6.553700623571093,6.483939055095736,6.534322738647461,6.436685468254246,6.553541018589346,53.32397411424455,3.119268264234571
2015-12-24,6.534322731049591,6.557576340774696,6.511068382105561,6.530447006225586,6.445615138537231,6.552635371045669,53.128211664891325,1.751236846778106
2015-12-28,6.530446521502882,6.58470518657375,6.4916900153584605,6.526570796966553,6.453325201244785,6.551613230885704,52.91896606050684,0.2978110983199441
2015-12-29,6.553700002088942,6.607958666104946,6.5498242776279625,6.569202899932861,6.464361172548411,6.55230302182873,55.01737517874792,0.5337991813459192
2015-12-30,6.507192897760813,6.542072940065649,6.491689999653003,6.518819332122803,6.469547663936448,6.55098993595791,52.06400045821588,-0.17805326483314762
2015-12-31,6.565327930470182,6.565327930470182,6.480063460961113,6.491690635681152,6.471656518388325,6.548664473201959,50.492304380193325,-0.5344332019138157
2016-01-04,6.379296780146959,6.379296780146959,6.290157325661352,6.294033050537109,6.45473999764059,6.538678927215102,40.82282067156383,-4.188785969734079
2016-01-05,6.317284926858874,6.3560414257611875,6.255274824302666,6.278529167175293,6.437958013786752,6.528476975840992,40.17295504862462,-3.6860994714707203
2016-01-06,6.235898479408914,6.31728648184033,6.2010176957329035,6.228147029876709,6.417976015319129,6.516699330901217,38.05298343942128,-4.059706794342497
2016-01-07,6.12738123510208,6.309536247135603,6.108002979420303,6.224271774291992,6.399527992364164,6.505231583583208,37.88736863475053,-1.108371622534839
2016-01-08,6.259151474812136,6.340540208478859,6.243649316487281,6.266902923583984,6.386897033432718,6.495885361622454,40.93292927932717,-0.18517463695305622
2016-01-11,6.270779922798213,6.352167933792002,6.2591527472766755,6.297909259796143,6.378422007372092,6.488121592923383,43.11753867953423,1.1201121229922955
2016-01-12,6.282404813859644,6.480062313795339,6.282404813859644,6.4219279289245605,6.382565428472327,6.485525762962645,50.93431257882172,3.175570762333103
2016-01-13,6.491689612887003,6.580829054039501,6.371545116584993,6.379295825958252,6.382254037756701,6.4813598830801205,48.468591530287064,1.7934361477230463
2016-01-14,6.89475710162996,7.0032744412957415,6.720353178282903,6.918010711669922,6.433278482891294,6.498483444985603,68.93415105930735,9.846147765772214
2016-01-15,6.7164769094075405,6.821119254940301,6.6350889112501985,6.712601184844971,6.45988064498212,6.506880219097735,59.26867752151231,4.526261570317675
2016-01-19,6.759108837908651,6.801740327751421,6.697098726120219,6.774610996246338,6.489854964150141,6.517379465260426,61.04443136933224,6.19684650270478
2016-01-20,6.658342385416163,6.793989785500878,6.604083721069822,6.751357555389404,6.514759972839595,6.526555076638033,59.98826567301835,-2.408975111868388
2016-01-21,6.790115229914807,6.980021327037645,6.724229380772681,6.92576265335083,6.553903085269237,6.542210275724809,64.89419784536449,3.1755419789740182
2016-01-22,6.9063833611018985,6.976144928663561,6.894756925987566,6.9373884201049805,6.590425498110736,6.557707457857365,65.20050295644916,2.4027567626958057
2016-01-25,6.918010203512441,6.949015261027915,6.8598758130732875,6.902507305145264,6.620147574971168,6.571229020496107,63.4127585612127,2.2388052849489672
2016-01-26,6.921885598912512,6.956766379360917,6.774611028303949,6.790113925933838,6.6363348464914225,6.579812742277979,57.90348617624226,-1.958610686021163
2016-01-27,6.793989785500878,6.875377782020392,6.728103947700809,6.751357555389404,6.647289390195992,6.586539989850976,56.09373442001384,-2.6815691071361556
2016-01-28,6.759109605227112,6.797866114299371,6.685472311911712,6.704850196838379,6.652771371780981,6.591179605811267,53.916046742276244,-2.863555220862241
2016-01-29,6.879253089297783,6.980019702128966,6.855999483019453,6.941263198852539,6.6802467838830335,6.604908374165827,61.993485135910646,2.2260196893222783
2016-02-01,6.929635862759998,6.929635862759998,6.840496424778564,6.887004375457764,6.699937983080627,6.615970962451786,59.41932626217243,2.0091784349367874
2016-02-02,6.863751249884067,6.9373885435336184,6.774611796066621,6.805616855621338,6.710002637608314,6.623408056301573,55.6842957616916,1.5028920233068703
2016-02-03,6.8598751611870235,6.887004491532633,6.724227770240164,6.84049654006958,6.722430628318911,6.631921330174828,56.933701208987436,-1.4517049115731087
2016-02-04,6.910258777805926,6.933512386216814,6.848248662564304,6.914134502410889,6.740688140137195,6.6429885133997715,59.52796806690935,0.39393218697239063
2016-02-05,6.867625521322137,6.883128417428053,6.708724532330363,6.724227428436279,6.739120453308536,6.646174353205125,50.996201069082126,-1.1959155049675203
2016-02-08,6.588580847268504,6.627337353037386,6.301783887328962,6.414176940917969,6.708173452128483,6.637076415468374,40.731915590367734,-6.232290253410096
2016-02-09,6.328913219745522,6.390923333289598,6.255275932704858,6.332788944244385,6.672422546615711,6.6251435734595905,38.539085766908386,-8.408074184321908
2016-02-10,6.387048097405243,6.487814724427814,6.328913703912701,6.336665153503418,6.640445652033588,6.613830694245623,38.7083258062981,-5.763669939150006
2016-02-11,6.2048926317845705,6.301783520964432,6.166136128268862,6.282404899597168,6.606346532753928,6.600833604259409,37.16554612346579,-2.0543873755678175
2016-02-12,6.348291078987043,6.379296135641699,6.185514716354812,6.239773750305176,6.571434839187381,6.58667439430042,35.95309103604107,-1.468787208260694
2016-02-16,6.228146238206468,6.313410693784791,6.2048926317845705,6.282404899597168,6.543908178274028,6.574742257253234,38.126853218031684,-0.8562903765910775
2016-02-17,6.359919384314801,6.40642734718324,6.297909259969543,6.387048721313477,6.5289691823730225,6.5673817264320675,43.22101478713653,1.665665034149875
2016-02-18,6.483938827646528,6.49169027703164,6.35216714497524,6.359918594360352,6.5128691263718155,6.559245917331216,42.249793880155025,1.9254679554575151
2016-02-19,6.37154575293222,6.39092363712894,6.2940327377075445,6.352167129516602,6.497564174290367,6.551125180554172,41.959677769521406,1.1104382960720471
2016-02-22,6.483937920596077,6.592455979150134,6.464560039063008,6.545948028564453,6.502172160411709,6.550922154985948,51.015322453390105,2.4878361538206555
2016-02-23,6.487814092001565,6.538197770210955,6.4413068774285795,6.452933311462402,6.49748274622606,6.547079455239928,47.207911680316165,1.4625142715589385
2016-02-24,6.421928452142276,6.534322246039212,6.394799119606842,6.526570796966553,6.500253036772774,6.546275194131168,50.366109850866806,2.745577436707388
2016-02-25,6.437431843067785,6.55370063118246,6.433556118234772,6.538198471069336,6.503866887658161,6.545958459893449,50.86595062187495,-0.11838709169856776
2016-02-26,6.561450925165945,6.573077358398268,6.452932866611889,6.545948028564453,6.507874615363522,6.545958050821724,51.21854618169775,1.4414331066590742
2016-02-29,6.394799104135794,6.565327287227365,6.390923379608841,6.518819332122803,6.508916969340596,6.5448937873433355,49.86938148807353,-0.11876780448551572
2016-03-01,6.669968819651031,6.7784868875625754,6.635088777727568,6.751357555389404,6.532006548964293,6.552990405698083,59.674767726368565,3.2602112839380624
2016-03-02,6.790114573018216,6.898631909893543,6.7668602243572895,6.8521246910095215,6.562493991063838,6.5647211619848065,63.04773376034991,4.6773463692197055
2016-03-03,6.867627363619693,7.0614091816145725,6.867627363619693,7.045907020568848,6.608533327207172,6.583591195654769,68.5037310164089,8.085631179387248
2016-03-04,7.038154185990506,7.158298682532896,7.0226520279941465,7.146672248840332,6.659784653076997,6.605672805583615,70.9090474108612,5.855336355802397
2016-03-07,7.073035414056279,7.166050585589659,7.065283964957112,7.135045528411865,6.70504759358508,6.626432520204331,70.24247987775038,4.128950510395063
2016-03-08,6.9916468831046155,6.999397592393969,6.914133876460553,6.945138931274414,6.7279134352697785,6.63893081083453,60.275751068099154,-1.4301649028331647
2016-03-09,7.092413398925833,7.092413398925833,6.8676265463702295,6.914134502410889,6.745648774997504,6.649723112464976,58.80864225648283,-3.2537905521996833
2016-03-10,6.863750030508765,6.97226808928103,6.840496424778564,6.887004375457764,6.759111213136576,6.65902826003332,57.49000656396384,-3.4763779988003964
2016-03-11,6.914134169541989,6.964517108543128,6.8676262157403745,6.960641384124756,6.7783045627544976,6.670856225683965,60.10477700307705,0.2232129983826996
2016-03-14,6.921887556386629,7.022654201820659,6.918011830883121,6.983897686004639,6.797884860206892,6.683132361382816,60.92230137627558,1.008993729720246
2016-03-15,6.9063836765901065,6.921886576409288,6.867627166261102,6.879254341125488,6.805634334580092,6.690823419411941,55.419336109064226,-0.11253128224940707
2016-03-16,6.9451403865052335,7.049782745635022,6.848249477507793,7.045907020568848,6.828517447531402,6.704748266516133,61.39932933632789,1.2249680990398166
2016-03-17,7.053658627840759,7.107917301538015,6.99164850383847,7.104041576385498,6.854757840755601,6.720406827687481,63.251173256011896,1.7202985464924747
2016-03-18,7.2009317174245435,7.212558891638603,7.111792266106809,7.177678108215332,6.885512151942242,6.738339034767004,65.50835772491392,4.338024912174126
2016-03-21,7.185428780751909,7.274568222431256,7.158298710519265,7.239687442779541,6.919243132021985,6.757999756649849,67.32824491679673,2.750255171477534
2016-03-22,7.162175677656159,7.224185799082008,7.107917006213281,7.173802852630615,6.943486914937093,6.774305760413801,63.4948750110881,0.9819941999918782
2016-03-23,7.247439830895529,7.247439830895529,7.123418854268929,7.231936931610107,6.970958345096428,6.792252080852872,65.3685151394008,0.7559383769616604
2016-03-24,7.20868442505448,7.297823891929999,7.204808699640017,7.290072441101074,7.001350163763537,6.8117744479214295,67.18249820000736,0.6959554361947542
2016-03-28,7.270692817384648,7.286194976122351,7.212558428485257,7.266817092895508,7.026632728442773,6.829619257528257,65.70000214861678,1.2965820524435585
2016-03-29,7.247438899524702,7.309449010259598,7.224184553584992,7.243563175201416,7.047292770991215,6.8458523523389685,64.17503160453273,0.16076251357352675
2016-03-30,7.2823211287587,7.487729384247422,7.274569678569208,7.425719261169434,7.0833333891034265,6.868592231116634,70.04117964015147,1.8607060651906446
2016-03-31,7.4683513455081245,7.4683513455081245,7.36370898774343,7.371460437774658,7.110774060405449,6.888312552946361,66.54576276013375,1.4400162208768985
2016-04-01,7.309449385347407,7.491604002576164,7.27844432838892,7.460598945617676,7.144090716139947,6.91075515658053,69.25989236659441,2.9962570238814106
2016-04-04,7.553614116493138,7.553614116493138,7.452847496573337,7.460598945617676,7.174234357042588,6.9323176581113986,69.25989236659443,0.4697145585699019
2016-04-05,7.363709745537783,7.363709745537783,7.243565214565602,7.290072441101074,7.185266555524349,6.9463472574443275,58.69476545238621,-1.1040959571120468
2016-04-06,7.235811862618116,7.293946250122896,7.19317963347915,7.286194801330566,7.194878769410655,6.959674612106533,58.47632491757769,-2.337669476115636
2016-04-07,7.166049272916508,7.173800720595768,6.999396843906097,7.018775463104248,7.178107025952902,6.961992292537817,45.81334554860619,-5.922091319128647
2016-04-08,7.045905219170053,7.053656667320619,6.921885005636125,6.995521545410156,7.160717932567878,6.963307165199478,44.902767981654286,-4.040438528844437
2016-04-11,7.076911595288093,7.127294539246206,7.034279361710437,7.0420308113098145,7.149414397209967,6.966394367007727,47.16468804231405,-3.351049439086696
2016-04-12,7.073035415270652,7.092413298803023,7.007149576354171,7.053657531738281,7.140294695736474,6.9698164518991215,47.742252665617144,0.4969822559134217
2016-04-13,7.065282236209828,7.138919506196451,6.976142811036844,7.111790180206299,7.1375799799716955,6.975384049087638,50.64718360873618,1.6620438382100016
2016-04-14,7.15054702758789,7.17767635490818,7.073034030199581,7.150547027587891,7.138814936887523,6.982253185499413,52.54133070013942,1.5409790042922604
2016-04-15,7.623376239781464,7.93342683215542,7.57686828131591,7.751272201538086,7.1971442001875765,7.012410793971518,71.07306987355472,9.89011256445118
2016-04-18,7.5768682396961715,7.600122588410673,7.476102352142334,7.476102352142334,7.223711643230887,7.030594776644883,59.593863542880435,5.1226507349724315
2016-04-19,7.518734155342626,7.596247175805323,7.495480544891397,7.499356269836426,7.249963512431415,7.048977580299454,60.17918826101783,4.878077731714461
2016-04-20,7.526486076534508,7.557491138817307,7.456724501593463,7.495481014251709,7.273346131652395,7.0664875188858165,60.023140638138635,-3.299989738918216
2016-04-21,7.425716372307976,7.433467819481887,7.309447621574072,7.340452671051025,7.27973723064274,7.077231250343276,53.99154741118231,-1.8144438733163832
2016-04-22,7.32495325306978,7.414092720218592,7.30945109058344,7.394714832305908,7.290687478420185,7.089681586890831,55.670643021407514,-1.3953389299745855
2016-04-25,7.3714612189668784,7.425719896497627,7.328828978496125,7.394714832305908,7.300594845456921,7.101643674946324,55.67064302140752,-1.3443591112325763
2016-04-26,7.452846527099609,7.507105924132997,7.398587869284993,7.452846527099609,7.315095005613367,7.11541633581508,57.59353604481127,1.5311570155862217
2016-04-27,7.464473690732289,7.518732348485691,7.417965741787395,7.448970794677734,7.327845080762354,7.128496902829302,57.41471756048557,0.7337127070106019
2016-04-28,7.336577858889719,7.406339413684039,7.286194185218807,7.321074962615967,7.327200307605556,7.13604898360525,51.70921505729357,-0.9958446182160366
2016-04-29,7.29782197451906,7.309449147707554,7.197055357875314,7.286194801330566,7.323295021293652,7.141937054888596,50.2428184817958,-2.2360815449918845
2016-05-02,7.239687792235559,7.336578687229678,7.239687792235559,7.282320022583008,7.319392640464067,7.1474422693079855,50.07293948507074,-2.237232185334892
2016-05-03,7.16992712763913,7.216435088317995,7.14279779191769,7.173802852630615,7.305526946384691,7.148476017673579,45.43919041559921,-2.0116186589725653
2016-05-04,7.158298682532896,7.197055186352036,7.069159241202053,7.146672248840332,7.290397927570942,7.148405281640903,44.33455872549217,-1.9148891334164646
2016-05-05,7.166050098509343,7.17380154708164,7.111791436940914,7.131169319152832,7.275233298197789,7.147729361543332,43.68109804316505,-2.075584469804216
2016-05-06,7.0924128155101736,7.162174374223195,7.0924128155101736,7.131169319152832,7.2615129192411265,7.147079948116254,43.68109804316505,-0.5942947465046324
2016-05-09,7.18930377389426,7.27069250624558,7.18930377389426,7.243563175201416,7.259803419808773,7.150863604080378,49.891079194696914,1.3557488434817502
2016-05-10,7.290071196559141,7.402464996733858,7.282320486272435,7.359832763671875,7.269330023986211,7.159058473083967,55.37310439246625,3.2065350615767976
2016-05-11,7.317200660023153,7.317200660023153,7.216434771543611,7.231936931610107,7.265768777093249,7.161916451849698,49.02015238294584,1.41305875582893
2016-05-12,7.2861959099722915,7.2900716349581725,7.2125593528974195,7.255190849304199,7.264761355399053,7.165574271357718,50.140238266859036,0.1605242312594296
2016-05-13,7.228060379528382,7.278444057220605,7.177677441055,7.189303874969482,7.257574928691475,7.166504844048376,46.989979945774586,-2.3170212446147276
2016-05-16,7.282319389061425,7.3559559306134,7.25131359571053,7.309448719024658,7.262515289675587,7.172110486204309,52.812094331395926,1.0717984427623275
2016-05-17,7.293946546893657,7.297822271447514,7.1350455362798835,7.13892126083374,7.250744429785887,7.170808947954483,45.22051502264978,-1.602571054097215
2016-05-18,7.177675878608709,7.266815302237,7.135043658952275,7.224183082580566,7.248214777671095,7.172902051273153,49.15587524195031,0.48515417094164826
2016-05-19,7.142797286455987,7.1970559540592385,7.09241360435105,7.158299446105957,7.2396514127601295,7.172329400090126,46.38298379959476,-2.067861458899049
2016-05-20,7.181553786675395,7.22418528008108,7.131170104624717,7.154423713684082,7.2315344890386015,7.1716272163094965,46.21781509902739,0.21715399685654044
2016-05-23,7.115666677045291,7.146671730005932,7.045905123079158,7.127293109893799,7.2216067386438585,7.169888623901038,45.009544946220664,-1.3411893300488904
2016-05-24,7.104040188041358,7.216433977842231,7.100164463646275,7.204806804656982,7.2200067449308225,7.17125796432284,49.10352745987841,0.6496984221067327
2016-05-25,7.266818827833339,7.321077505197735,7.220310862078828,7.290072441101074,7.226679668375608,7.175917355569045,53.228492924323746,1.8960119339527006
2016-05-26,7.456722902422083,7.522608738045504,7.429593571145174,7.433469295501709,7.246373918578094,7.186017431644836,59.21511863123789,4.295827053652244
2016-05-27,7.464475164141469,7.553614616394043,7.452847989805471,7.553614616394043,7.275634937417708,7.200433007517354,63.43777097956141,4.841320818090516
2016-05-31,7.526484505527184,7.569116734474505,7.495479449716088,7.534235954284668,7.300263605690752,7.213523319155288,62.31705729977824,3.349260451885385
2016-06-01,7.507106757997131,7.58849475375936,7.499355309100103,7.576867580413818,7.326606841378663,7.227772113714447,63.830888294316324,1.9290896243949704
2016-06-02,7.55748910692546,7.627250663110549,7.541986210342643,7.623374938964844,7.354870469720204,7.243285949998776,65.46099797440574,0.9235356331178977
2016-06-03,7.603998176498303,7.615624611427626,7.569117393272524,7.600122451782227,7.378227801345159,7.257279538304009,63.91010810585897,0.8744947450190937
2016-06-06,7.615622834489037,7.658255057199673,7.584617783213683,7.638876438140869,7.403051481039989,7.272244122611337,65.382182221237,0.8183970099641639
2016-06-07,7.651807413442216,7.683151191617676,7.612627503899237,7.655725479125977,7.427115671333892,7.287282607180539,66.03092319314581,0.42435981989789945
2016-06-08,7.585203498269494,7.655727201857545,7.557777779606315,7.561695098876953,7.4399327596713265,7.298043881364713,59.346769712508646,-0.5056149180367776
2016-06-09,7.248255895465156,7.275681609015988,7.001423726213013,7.142470359802246,7.411603007302842,7.291942958950498,39.936473855383255,-6.498417435580842
2016-06-10,7.142469667292353,7.189485705460011,7.009258430994325,7.083700180053711,7.380374166612449,7.2837765754643495,38.057296364942594,-7.4718627337401795
2016-06-13,7.107208089713476,7.107208089713476,6.997505242068164,7.024930953979492,7.346522432075977,7.273625766778669,36.22183129357249,-7.098463213323425
2016-06-14,7.02493048338597,7.1111256789466655,7.009258222032451,7.075863838195801,7.3207454231350075,7.265870397030321,38.96903831156009,-0.9325417992814666
2016-06-15,7.15030515602343,7.1542232211267285,7.071945348546466,7.09545373916626,7.299289072280841,7.259187390839574,40.03885147945545,0.16592400601093352
2016-06-16,7.044522469525703,7.165980294627559,7.032769016789581,7.146389961242676,7.284727252181968,7.254763962227931,42.84426393581838,1.7289708334340188
2016-06-17,7.13463369658477,7.177731670264975,7.095454535742321,7.15814208984375,7.272671522435471,7.250974869193257,43.501076481413996,1.1628015112982795
2016-06-20,7.252174845005675,7.342288128308962,7.252174845005675,7.295272827148437,7.274824027646229,7.252712044015029,50.630340648534094,2.8161565888195934
2016-06-21,7.287434626789851,7.310942270700065,7.228665143367056,7.263926982879639,7.273786213858934,7.253151845539131,49.105022994689264,1.6447048408274174
2016-06-22,7.2365016897532275,7.314861511776439,7.216912107894748,7.279599666595459,7.274339876024317,7.2541890149923205,49.917449283381345,1.6967751579566674
2016-06-23,7.381467445025599,7.440236940353623,7.3540417303588335,7.436318874359131,7.2897664472943,7.2613313624184705,57.26375427746608,1.9333896147901308
2016-06-24,7.150305798202725,7.173813443639267,7.075864049143339,7.083700180053711,7.270141088509481,7.254365433698284,42.2477626179106,-2.4811207938998368
2016-06-27,6.970079420668882,6.973996738913593,6.782016011255382,6.789852142333984,7.224399284111815,7.2361492261938025,34.19959055214908,-6.727671117806413
2016-06-28,6.8995564838591985,6.91914606638575,6.8016070766370955,6.8760480880737305,7.191222979727235,7.222027612934192,37.93460097398017,-7.534249078764593
2016-06-29,6.9779151778575415,7.021013153801537,6.938735267662511,6.966161727905273,7.16978857479181,7.2119936566585485,41.66278458814895,-1.6592804489298174
2016-06-30,6.938735793386787,7.052357466831635,6.938735793386787,6.993587970733643,7.153007564881508,7.203428727798748,42.78916857849906,3.0005930045131266
2016-07-01,7.005340891710325,7.028849286207157,6.946571400057506,7.01709508895874,7.140063519555531,7.19612152627561,43.790931425307996,2.0512800241995244
2016-07-05,6.97791597332166,7.0092597555918665,6.954408323442684,6.985752105712891,7.12536719442766,7.187871745077072,42.71691200604675,0.28122197808215427
2016-07-06,6.981833785411831,6.99358798357088,6.848622528788028,6.9073920249938965,7.104607654481588,7.1768725403679285,40.07087448006689,-1.2324996282373775
2016-07-07,6.934817952287518,6.993587443958844,6.887801910573679,6.9230637550354,7.087317759296236,7.166919254668614,40.859889070715596,-1.3400322032303122
2016-07-08,6.973997535856559,7.0249316463933,6.954407953216074,6.9896697998046875,7.078017953630375,7.159968295654343,44.22111940638741,0.05608120689815227
2016-07-11,7.02885049141547,7.122881843642078,7.013178225730323,7.1032915115356445,7.080424959145162,7.157745676669296,49.49447871612854,2.8360846732442573
2016-07-12,7.103289919534055,7.181649735808138,7.068028824234769,7.15814208984375,7.087826590640266,7.15776122228398,51.860526296533074,3.395582405800733
2016-07-13,7.201240968195746,7.224749366847559,7.15030759903968,7.1738152503967285,7.096015986807548,7.1583907920138925,52.54464256745531,2.6345371936909894
2016-07-14,7.177732566357187,7.240420128284741,7.134634587296486,7.224748611450195,7.108276236773515,7.1609930594427675,54.79299680361921,1.7098706946956377
2016-07-15,6.60570903021905,6.695822315989868,6.468579694705552,6.586118698120117,7.058546947377953,7.13844896684188,33.4154337699196,-7.991227116534077
2016-07-18,6.566528742316103,6.605708657005599,6.472497395438141,6.590036392211914,7.013926894504997,7.116942591366195,33.586614435074175,-8.137634408030372
2016-07-19,6.590035973999474,6.625297820252786,6.519512281492851,6.523430347442627,6.967212937641914,7.093667601408408,32.07674553306618,-9.707164937145066
2016-07-20,6.570447235964495,6.601791020296265,6.50384160084764,6.562611103057861,6.92867942958629,7.072841856375054,33.957534781111846,-0.3569263801602248
2016-07-21,6.546938366120132,6.558692564634239,6.484250801967655,6.511677265167236,6.888964937736857,7.050835401817885,32.69029509371197,-1.1890545420550684
2016-07-22,6.5155931012318,6.531265362350597,6.464659747184791,6.4920854568481445,6.851166891937932,7.028923639270052,32.1926359875707,-0.4804970533144502
2016-07-25,6.52734883255431,6.539103031158447,6.4724974003244355,6.539103031158447,6.821446524244648,7.009714987971558,34.759488135944494,-0.3582121739388219
2016-07-26,6.5665291695111785,6.617462538814767,6.543021518086043,6.562611103057861,6.796795531750668,6.992181502288668,36.062713921424,0.7821922957251612
2016-07-27,6.586117476447024,6.59003554214004,6.519511854254988,6.543020248413086,6.772626457147089,6.9745673354700175,35.427580662266834,0.7845674845702022
2016-07-28,6.535184119499077,6.535184119499077,6.480332694365342,6.499922275543213,6.746654630327672,6.955953803708182,34.008578451439455,-0.5991763003051083
2016-07-29,6.523430567293178,6.546938216489409,6.39021930969004,6.437235355377197,6.717186127951437,6.9356119037736335,32.00083742605184,-1.910455239717694
2016-08-01,6.503839652687243,6.519511166511499,6.460741681905091,6.4920854568481445,6.6957479687987425,6.918218709776555,35.58424729713971,-0.7784599409927685
2016-08-02,6.5195125595362535,6.5195125595362535,6.38630130074138,6.421563148498535,6.669635128770151,6.898742021098986,33.164343539594114,-1.205539446825602
2016-08-03,6.413727073009922,6.441152785580475,6.3863006131447495,6.405890941619873,6.644516634755839,6.879414527786079,32.63322841271946,-0.4869235320274779
2016-08-04,6.378465499447776,6.40197314731985,6.304023742675781,6.304023742675781,6.612088740272024,6.85685018327195,29.343785886552226,-2.8967843295098232
2016-08-05,6.307942592719729,6.398055876844144,6.2844349419252605,6.3667120933532715,6.5887195358035715,6.837629081706512,33.76829753873187,-0.8541698318125039
2016-08-08,6.378465547427458,6.40197319547636,6.366711349755679,6.374547481536865,6.56832219730198,6.819469018954762,34.32189482364798,-0.48929119100928553
2016-08-09,6.394136849511428,6.441152891328997,6.394136849511428,6.409809112548828,6.553225713039775,6.803403924585902,36.87888611944366,1.6780610954384767
2016-08-10,6.405891255853979,6.480333013121869,6.398055124079536,6.468578815460205,6.545164103746483,6.7902735281496005,41.00161291437527,1.5999894547341091
2016-08-11,6.417645024968093,6.4685791367370715,6.398055441853682,6.437235355377197,6.534885175330361,6.7764288939232316,39.51911122703275,0.9834090031002226
2016-08-12,6.378465340200664,6.3823834059639655,6.280515938002037,6.323613166809082,6.5147640316616675,6.75867141442856,34.63081157221486,-1.344750588141473
2016-08-15,6.2217457561880245,6.374546950362679,6.209991933142989,6.347121238708496,6.498798051380413,6.742532191851303,36.38410591033965,-1.8776547401945496
2016-08-16,6.296188362534288,6.3118606278495815,6.221746970523494,6.249172687530518,6.475024207204232,6.723184760309311,32.47564950441234,-2.921481932295451
2016-08-17,6.206074869303308,6.249172476523035,6.198238736910253,6.2374186515808105,6.452395106668668,6.704135108986625,32.03097987218502,-1.3630580010915745
2016-08-18,6.17864931320367,6.2295826804878915,6.13163326492269,6.221746921539307,6.430428612846824,6.685217925165162,31.41337761966321,-1.9752941917129734
2016-08-19,6.178647999593042,6.245253244261202,6.174729934128066,6.229581356048584,6.411300302675563,6.667349824415492,32.118019653231684,-0.31350280207531744
2016-08-22,6.1551406619873505,6.194320573680792,6.12771494799034,6.190402507781982,6.390262417447603,6.648646008076923,30.434111309984115,-0.7537756630607496
2016-08-23,6.253089893037031,6.496004367273069,6.245253761458134,6.480332851409912,6.398840554015441,6.642045492129197,50.93484995987476,4.156162780832451
2016-08-24,6.4411534790828995,6.472497260723181,6.394137432975126,6.421563148498535,6.401004610632879,6.633399125712309,47.85622945242927,3.081776791686769
2016-08-25,6.370629908107651,6.382384106688052,6.264844362768192,6.288352012634277,6.390275791775869,6.619867866375916,41.70328354334407,1.5822800654587834
2016-08-26,6.26092513247382,6.28443352526368,6.186483756875707,6.229581356048584,6.374971559801842,6.604562513029746,39.30241411692427,-3.8694230853708795
2016-08-29,6.225664890016387,6.237418715078266,6.159059258586803,6.170813083648682,6.355527895406302,6.587552731485391,37.00805390306254,-3.9048135018104264
2016-08-30,6.307941815376468,6.311859881241837,6.198238213030088,6.213910102844238,6.342040486590868,6.572900079381816,39.784197013888786,-1.1838063397289733
2016-08-31,6.245253882472539,6.26092577228669,6.174730565132525,6.213910102844238,6.329837592900713,6.558822041086225,39.784197013888786,-0.25156189972749565
2016-09-01,6.22958114783904,6.3196944086379405,6.225663456152292,6.30794095993042,6.327752199284495,6.5489835673154095,45.82567079742268,2.2222011009391527
2016-09-02,6.280516248980899,6.398055238521325,6.280516248980899,6.386301040649414,6.333328279414487,6.542603860387332,50.30066194856026,2.774274731239977
2016-09-06,6.39413700649711,6.46466069730761,6.39413700649711,6.441153049468994,6.343597305133964,6.538625397214064,53.21403801297743,3.6570040902384786
2016-09-07,6.46466069730761,6.492086411001771,6.4372349836134495,6.441153049468994,6.352888328403967,6.534802952204454,53.21403801297743,2.1118157317065887
2016-09-08,6.358875170142171,6.3627932360032915,6.221746227828871,6.304023742675781,6.3482345583346165,6.525752787124898,45.48354244346354,-1.2883404250743893
2016-09-09,6.288351745600854,6.34320392268539,6.253090272299096,6.296187877655029,6.343277731603227,6.516750241655492,45.08053641355975,-2.250609024511779
2016-09-12,6.374546798307253,6.437234351248521,6.300105048954031,6.417644023895264,6.35036023563104,6.512863723311954,52.156668198793035,-0.36498163284085516
2016-09-13,6.358875333486768,6.370629531372069,6.257008234012179,6.292269706726074,6.344827804306758,6.504212977563488,45.62207670207998,-0.1864529137182145
2016-09-14,6.268762645527264,6.296188362534288,6.213910837865847,6.249172687530518,6.335717793185211,6.494211397562195,43.59990743450192,-0.7467247013286744
2016-09-15,6.245254506458628,6.374548077402719,6.237418747592317,6.284434795379639,6.330833698156108,6.485984864143271,45.719874049295434,-2.0756718200579174
2016-09-16,6.296187877655029,6.366711571553229,6.268762162760103,6.296187877655029,6.327534096203625,6.478541845065301,46.44247395895672,0.06226959605318219
2016-09-19,6.3627934513536255,6.370629583341083,6.29226975805586,6.319695472717285,6.326787560633497,6.472312575561458,47.93540804339938,1.1285139443735877
2016-09-20,6.319695794887298,6.339286125854632,6.272680495155126,6.288352012634277,6.32312703225262,6.465098435838823,46.09058070579848,0.06233205343332766
2016-09-21,6.315778154018234,6.347121934673387,6.2491721530668585,6.319695472717285,6.322800217058778,6.459396358853665,48.23599823025588,0.3733623506643372
2016-09-22,6.347122508907006,6.386301677799538,6.339286376210601,6.3667120933532715,6.326982300515397,6.455761681775218,51.362830728301994,0.7439697187777713
2016-09-23,6.3079421860184866,6.31969563701055,6.249172315526728,6.2530903816223145,6.319944974906532,6.447813787651575,44.38517815452598,-0.5607451831754455
2016-09-26,6.217828750610352,6.237418708123213,6.174731142999943,6.217828750610352,6.310219620211658,6.438794766591135,42.45747437354702,-1.6118928917809685
2016-09-27,6.233499526977539,6.280515566058141,6.2217457040310356,6.233499526977539,6.302912944665551,6.430743972880798,43.62920899041227,-2.092329045549332
2016-09-28,6.2374179624375445,6.25700791760842,6.1786484705722335,6.225664138793945,6.295555915534922,6.4227016264460195,43.15601807864998,-0.4386030131432967
2016-09-29,6.217828750610352,6.315778538174663,6.194321100512806,6.217828750610352,6.288153328399249,6.414667396021091,42.65777424719956,0.0
2016-09-30,6.233499899936078,6.257007920882895,6.174730408040011,6.182566165924072,6.278097408163518,6.4055653869976785,40.39734116602705,-0.8170909588271527
2016-10-03,6.20215664332173,6.268762272357314,6.1943208847779045,6.2530903816223145,6.275715786588165,6.399585975022174,46.50298945161048,0.440535213865267
2016-10-04,6.284434910842558,6.354957862877157,6.245254621201694,6.249172687530518,6.2731878723921985,6.393687414728384,46.21973902125525,0.5040977836047551
2016-10-05,6.2530903816223145,6.280516470644075,6.20215664332173,6.2530903816223145,6.27127382565221,6.38817380558697,46.57021464614321,1.1406948798533616
2016-10-06,6.186484124349132,6.2217459683338765,6.162976103810199,6.17473030090332,6.262079204247554,6.379803472069964,40.83769940730357,-1.2531416617500457
2016-10-07,6.14338716228797,6.14338716228797,6.065027334763958,6.112043380737305,6.247790078198959,6.369303076331429,36.92216635011388,-2.1943593760312967
2016-10-10,6.178649209231987,6.260926358220759,6.174731142999943,6.217828750610352,6.244936618428615,6.363362906695309,46.28226962857916,-0.5639072660071569
2016-10-11,6.198238376523668,6.209992574429822,6.13555081561353,6.1512227058410645,6.236011483896467,6.355043683132397,42.051157405526396,-0.3807064263003821
2016-10-12,6.162976521003257,6.2452540379882056,6.155140762724724,6.241336345672607,6.236518613589433,6.350584571859464,48.86261396536933,2.1153803545109318
2016-10-13,6.28051623691389,6.546937995846612,6.260925907165012,6.523430347442627,6.26384354062307,6.357362837568608,63.37552746852642,4.914924631886606
2016-10-14,6.264843193193225,6.284433520503268,6.076780534784266,6.135550022125244,6.251625110289944,6.348664295786516,44.622889964115494,-0.25478972986846793
2016-10-17,6.147304639872347,6.202156442492386,6.131632749644813,6.1512227058410645,6.242062976532908,6.340921488337674,45.32684546311318,-1.4438196379854247
2016-10-18,6.2609252384018115,6.2609252384018115,6.213909572968504,6.233499526977539,6.241247409908587,6.3367088624019825,48.99262789453277,-4.444453378409246
2016-10-19,6.294864529574607,6.338414149508347,6.271110534667969,6.271110534667969,6.244091517028528,6.334136378961433,50.62246466008038,2.2094272241915305
2016-10-20,6.263191463022087,6.263191463022087,6.168174740734392,6.2315192222595215,6.242894155621956,6.3301121767378286,48.85288157271359,1.3053748865605084
2016-10-21,6.279028946096386,6.330496442895902,6.2473566984602185,6.28298807144165,6.24671262379526,6.328264172608566,51.23919655945641,0.7939127010427003
2016-10-24,6.290906191247707,6.36216855816496,6.271110942496206,6.330496311187744,6.254692022594544,6.328351707454809,53.40041094461085,0.9469738444487431
2016-10-25,6.243397859723082,6.2513157327352875,6.1800529878105905,6.211725234985352,6.250599947584145,6.323778120299144,47.70743323428355,-0.31764304286287204
2016-10-26,6.1998485373803405,6.211725536256172,6.164217163189858,6.184012413024902,6.2442582776261215,6.318297112170742,46.46276200551025,-1.575295978463282
2016-10-27,6.180053449895936,6.180053449895936,6.077118827662978,6.081077575683594,6.2287172583935,6.308994385249678,42.072108260863196,-3.939955467051742
2016-10-28,6.085036525514112,6.128585772987038,6.033569027102662,6.053364276885986,6.212016974440403,6.298969675117768,40.95011608524552,-2.549387683915138
2016-10-31,6.061282466532617,6.088995589411245,6.0137737165078535,6.041487216949463,6.195776045155552,6.288872323817051,40.45221478013926,-2.3047365780710556
2016-11-01,6.0137737165078535,6.053364215674163,5.993978844487681,6.041487216949463,6.1810818710406865,6.279170947077145,40.45221478013926,-0.6510418300276392
2016-11-02,6.013773857217929,6.025651233783518,5.946470611161216,6.001896858215332,6.164016631723986,6.26829745339629,38.63614804091615,-0.8502283410759897
2016-11-03,5.954388389288794,5.966265388101194,5.91083914193467,5.92271614074707,6.1410356325833275,6.254745245057105,35.22961878671723,-1.965924480799677
2016-11-04,5.922716368708471,6.001896993110389,5.910839369438933,5.954388618469238,6.123259726477224,6.242966553818365,37.59964238396944,-1.4416747955018174
2016-11-07,6.045446712953243,6.073159837530633,6.00585621136011,6.0335693359375,6.11471778452106,6.234754898215194,43.19566866682858,0.5277077975576175
2016-11-08,6.025651233783518,6.041487358307978,5.978142860210137,6.001896858215332,6.1039729343967055,6.225623210372063,41.589028100213426,1.3368987401492138
2016-11-09,5.906879709497613,5.906879709497613,5.649542609079087,5.756436347961426,6.07087421187906,6.207223725571645,31.736947480197852,-3.3244768387103076
2016-11-10,5.7366412384080165,5.748518614454234,5.657460619248105,5.716845989227295,6.037157238293178,6.187993226107161,30.48266707909324,-5.249352896696138
2016-11-11,5.63370604751832,5.756436286092407,5.61786992424066,5.744559288024902,6.009290766839056,6.170603659907857,32.49387123226701,-4.287604007026358
2016-11-14,5.677255777182106,5.677255777182106,5.507017165552195,5.566402912139893,5.967110971153422,6.146909512936564,27.071666878136956,-3.3012340332544685
2016-11-15,5.677255549214482,5.677255549214482,5.534730065177428,5.5426483154296875,5.92668595632259,6.123212995387275,26.438180949591814,-3.0470940467149523
2016-11-16,5.605994059251509,5.61391231127225,5.554526553805808,5.586198806762695,5.894258608745457,6.102153615441214,29.686729449734464,-2.7567037490991693
2016-11-17,5.590157501685247,5.617870626494652,5.558485251170782,5.582239627838135,5.864542515325712,6.081764831613643,29.55893194156046,0.28450537893517447
2016-11-18,5.5584846232232,5.62182911709604,5.491181004092566,5.499099254608154,5.829738395257373,6.058915201142839,26.93656331040526,-0.7857085339566076
2016-11-21,5.499099071731117,5.5466074405558174,5.439713327528028,5.5426483154296875,5.802396482892832,6.038669440918794,30.418724694561078,-0.7796086899070841
2016-11-22,5.510976290837302,5.594116034009704,5.487221916689629,5.566402912139893,5.779920904725886,6.02014918488825,32.313698174999026,-0.2836982421762385
2016-11-23,5.518894808818582,5.613911938950626,5.5070178091382065,5.594116687774658,5.762225265016245,6.003442028138697,34.55310260795121,1.7278726709084378
2016-11-25,5.772272417552742,5.815821662237302,5.728723172868182,5.752477169036865,5.761296874922971,5.993600268958233,45.623830103972715,3.785714728157184
2016-11-28,5.859370963570025,5.859370963570025,5.7564359789755315,5.764354228973389,5.761588051499201,5.984610228174514,46.35673749192267,3.556180175203984
2016-11-29,5.760395835884364,5.768313709325318,5.712887462549682,5.7406005859375,5.7595892452552295,5.975041222596592,45.04896773274699,2.618534906198268
2016-11-30,5.776231852672406,5.827699350549813,5.72872348022318,5.732682228088379,5.75702667219172,5.9655369483021525,44.597302563272756,-0.3441115951756239
2016-12-01,5.768312695742582,5.7722718205488714,5.65350071930061,5.665378093719482,5.748298236146745,5.953766012828322,40.84844778689252,-1.7170376996684598
2016-12-02,5.645582847250951,5.689132087431381,5.60599235431389,5.665378093719482,5.740401079725101,5.942456682667191,40.848447786892514,-1.3103592749909627
2016-12-05,5.6851744583002,5.7524780874619195,5.6772565841674805,5.6772565841674805,5.734387318243423,5.932056678804457,41.84899169394347,-0.9668361460771336
2016-12-06,5.736640444365204,5.736640444365204,5.685172954644441,5.72872257232666,5.733847818632302,5.924082792275916,46.10281853155339,1.1180979902718244
2016-12-07,5.752477487288341,5.879166858261169,5.744559613981717,5.855412483215332,5.745425405735448,5.921389838979423,54.85706462229561,3.3543108041900624
2016-12-08,5.891045243341141,5.902922244877581,5.823741605362862,5.851454734802246,5.755523437075143,5.918647285874436,54.55893207317721,3.068350849608645
2016-12-09,5.875208043582969,5.898962042322242,5.827699668541423,5.835617542266846,5.763151447093401,5.915391217497668,53.310389430018056,1.86594774996708
2016-12-12,5.811862953646813,5.831657824732772,5.756436332942419,5.8197808265686035,5.7685447213291345,5.9116417904024114,52.02821228928251,-0.6085251337778071
2016-12-13,5.847494697603013,5.9543884430049,5.847494697603013,5.926675319671631,5.783604778314134,5.912231340569832,59.16697049716297,1.2855022943611114
2016-12-14,5.926675400437702,5.942511525067233,5.863330901919577,5.875207901000977,5.7923288852366905,5.910779440978897,54.9286170364244,0.6784262067789999
2016-12-15,5.875208014925456,5.942511640296777,5.867289763675653,5.8910441398620605,5.801730338058154,5.910005507601766,55.97366145081741,1.2245016679687324
2016-12-16,5.934593396416381,5.970224771958738,5.859371897264849,5.898962020874023,5.810990498326332,5.909572429690874,56.51653615676976,-0.46760278407056194
2016-12-19,5.906879254438753,5.926674501614322,5.875207009983017,5.887084007263184,5.81823749917746,5.908690530772141,55.41267192555382,0.2021393363830353
2016-12-20,5.902920829975506,5.918756954082606,5.883125580450886,5.910839080810547,5.8270566974282305,5.908774787636392,57.212592502458314,0.33601752895624765
2016-12-21,5.898961818775374,5.926675319671631,5.875207820936282,5.926675319671631,5.836544185260935,5.909476769284833,58.41771337786351,0.46979957998612887
2016-12-22,5.827700836277285,5.879168347275938,5.772274198841102,5.859373092651367,5.838718366917167,5.9075119192207755,51.747141399621604,-0.4707069676197604
2016-12-23,5.863330618933568,5.883125490592863,5.823740120489027,5.839576244354248,5.8388000695302225,5.904847775108363,49.94069770335806,-1.2056297842323704
2016-12-27,5.855411637663966,5.887083881442794,5.851452512800881,5.863329887390137,5.841136242659738,5.903219622648824,52.10132767348837,-1.0688190066906484
2016-12-28,5.867290218439282,5.871249344371049,5.82374096587894,5.831658840179443,5.84023363289971,5.900413317453946,49.060812195779484,-0.47299006282228606
2016-12-29,5.827699668541423,5.863331044213333,5.807904417883361,5.835617542266846,5.83979400522039,5.897872306662295,49.45784579106759,-0.06779091361688531
2016-12-30,5.867289120048662,5.910838742019291,5.855412122039835,5.871248245239258,5.842789647126948,5.896828225822176,53.008062365774904,0.13504882040068333
2017-01-03,5.851453667280695,5.867289792294543,5.792068292869512,5.835617542266846,5.842106589521224,5.894427806859222,49.28021297410228,0.06788295056163697
2017-01-04,5.879166927735246,6.025651172487129,5.879166927735246,5.990019798278809,5.856193561783852,5.8981765124050884,61.81296185731989,2.645859755092609
2017-01-05,5.958347736712127,5.982101735221828,5.918757235778624,5.946470737457275,5.864791388038464,5.900070403583606,57.49749601349485,1.281201016819758
2017-01-06,5.823740295603754,5.883125667493255,5.724764424079259,5.8672895431518555,5.865029307573073,5.898784879645106,50.582718181069836,0.542736062732219
2017-01-09,5.823740269663438,5.954388389288794,5.811863270851038,5.92271614074707,5.870523291684882,5.899723360472635,54.6904311062352,-1.1235965789474942
2017-01-10,5.863332113901757,5.922717499147028,5.847495985998814,5.851454734802246,5.86870723864844,5.897830473191443,49.04570280070682,-1.5978553809491773
2017-01-11,5.859371332270166,6.025650817058865,5.851453081774055,6.013773441314697,5.882523067473798,5.9023772562551,59.34002342513516,2.4966195563642146
2017-01-12,6.057323765833226,6.088996016361888,5.974184013804736,6.0375285148620605,5.897285491034585,5.9076773056122365,60.594734194366445,1.9385088089078706
2017-01-13,5.847494709112778,5.883125705941548,5.6218294638192985,5.7406005859375,5.882363119120576,5.901125277389698,42.81133940004429,-1.8944716124253242
2017-01-17,5.7168456820586675,5.752477053156882,5.697050811504507,5.736640930175781,5.8684848154115485,5.89467491083229,42.631658019985494,-4.608296502076588
2017-01-18,5.740600363756756,5.75247736224,5.697051117609548,5.716845989227295,5.85404302244162,5.887701227632094,41.68965133571365,-5.31148672582447
2017-01-19,5.724765128570211,5.744560380823716,5.6772567496996205,5.697052001953125,5.839091496680811,5.88022478740939,40.720702637147525,-0.7586067578199758
2017-01-20,5.677256114864086,5.708928363902863,5.6455838658253095,5.685173988342285,5.824432686362856,5.872575736465582,40.11813135207005,-0.8971616397109772
2017-01-23,5.681215936521189,5.689133810969589,5.5743217997450145,5.578280925750732,5.800989661542654,5.861034763496373,35.086350163779066,-2.4238026306405946
2017-01-24,5.602033552716974,5.629747050397016,5.55056643751749,5.590156555175781,5.780910318079142,5.8504120886602715,36.04606045855562,-1.87632913901254
2017-01-25,5.598074934506648,5.613911057448214,5.518893942235861,5.5426483154296875,5.758218698779194,5.838342921082602,33.88761015894688,-2.5069711710644778
2017-01-26,5.54660728149928,5.5505664065118765,5.447631421562018,5.459508419036865,5.729770100708496,5.8234866661004165,30.451136813664355,-2.1291955047581728
2017-01-27,5.526812923693655,5.578280424453712,5.495140673620236,5.518894672393799,5.7096867265832865,5.811541882033491,35.483843880870914,-1.2747743659522897
2017-01-30,5.558483419036469,5.586196534711341,5.4515897031741885,5.46742582321167,5.686614259595514,5.798047134628714,33.238919439373355,-1.357157949361722
2017-01-31,5.415959168093298,5.4595084104747365,5.376368673155306,5.451590538024902,5.66423104801736,5.784460601428565,32.55646382561367,-0.14502919318438778
2017-02-01,5.522852801173325,5.542648048286937,5.313024087920084,5.3803277015686035,5.6371926340698595,5.7686122524144485,29.61008202854491,-2.51077396925737
2017-02-02,5.507016668771394,5.522852790920297,5.423876933098919,5.443672180175781,5.618762114651376,5.75586950448352,35.22198051040631,-0.43445752725247455
2017-02-03,5.459509177582633,5.510976677208472,5.459509177582633,5.495140552520752,5.606988632543697,5.745644839700667,39.446296606457274,0.7988496970212233
2017-02-06,5.4951404915775495,5.534730614076283,5.463468242553367,5.4832634925842285,5.5952052858808905,5.735355375107866,38.81721596161878,1.9131881313774748
2017-02-07,5.522854189424767,5.594116945921548,5.514936315126808,5.570362567901611,5.592839312740007,5.7288850689429145,45.66106595156059,2.3272964192663625
2017-02-08,5.558485679816179,5.594117058783436,5.491182047892035,5.586198806762695,5.59220688359931,5.7232895292495725,46.8257176558577,1.6570687022768285
2017-02-09,5.58619825929934,5.799986134588024,5.58619825929934,5.768313884735107,5.608978978945577,5.725055190249005,57.97955167196839,5.198553608382887
2017-02-10,5.772272834827288,5.811863334721018,5.7366414604355285,5.7406005859375,5.621514370087665,5.725664813609338,56.05270945209328,3.0561389130549603
2017-02-13,5.831658134113483,5.839576385018316,5.788108886825851,5.799985885620117,5.6385116572812315,5.728579365452898,59.183021047684925,3.82705818845204
2017-02-14,5.84353582506716,5.922716450563394,5.819781448636787,5.902921199798584,5.6636935184733606,5.735416300133121,63.97319552928982,2.333564326651721
2017-02-15,5.891043555640322,5.942511050970946,5.879166557506474,5.883125305175781,5.684591783873591,5.741208810134794,62.45518632124367,2.482749271694984
2017-02-16,6.005855949417944,6.033569072786641,5.9187570762496255,5.934593200683594,5.708401442617401,5.748792511724943,64.79421907835287,2.3208214247073937
2017-02-17,5.906880264798666,5.930634263422073,5.883125888612258,5.8910441398620605,5.72579598521213,5.754371006946007,61.31349582068233,-0.20120647954657941
2017-02-21,5.974183655315674,6.053364276885986,5.9662654043771495,6.053364276885986,5.756992965371545,5.766096233218163,68.17578773125241,2.8936825731118527
2017-02-22,5.930634242367163,6.005856118721235,5.918757243097625,5.954388618469238,5.775792551380849,5.773480248326049,61.06316616771502,0.3335598096827317
2017-02-23,6.025650817058865,6.057323063917382,6.00585556838155,6.013773441314697,5.798457398041215,5.782903510796192,63.52217570769523,2.083320011510055
2017-02-24,5.978142553347715,6.021691799163818,5.954388178998858,6.021691799163818,5.819717817195749,5.792267757398844,63.8500082975393,-0.5232210763047147
2017-02-27,6.033568797556761,6.037527922875399,5.993978677059295,6.021691799163818,5.838953434526041,5.801264778644529,63.8500082975393,1.130312195039135
2017-02-28,6.045446476233946,6.053364349704732,5.990019851686481,5.993978977203369,5.853717771923882,5.808822198195856,61.60282339420317,-0.3291521422363522
2017-03-01,6.092954952434432,6.092954952434432,6.037528326952843,6.081077575683594,5.875371086567664,5.8194988796659635,65.68991812093128,0.9861975421595273
2017-03-02,6.02169102574204,6.08107638764231,5.997936654444178,6.049404144287109,5.891945663493325,5.828514772396205,63.061186887851484,0.46020862653812994
2017-03-03,6.088995456695557,6.124626829656018,6.049404958392162,6.088995456695557,5.910712310464966,5.838729701192258,64.94932317582642,1.5851987444994287
2017-03-06,6.057323482832438,6.0850366063594965,5.9702246091664115,6.001896858215332,5.919396553107858,5.845128413232379,57.9335362267195,-1.3020836600552783
2017-03-07,5.986060814597046,6.005856064910917,5.922716315643056,5.950429439544678,5.9223520661018405,5.849257865244626,54.20733967186253,-1.6361066707024463
2017-03-08,5.938552318591176,5.974183692912802,5.910839195257907,5.926675319671631,5.922763804537059,5.852293843849607,52.528077638389384,-2.66579500967497
2017-03-09,5.954387760772994,6.029609248728832,5.914797265493324,6.025650501251221,5.932562537557455,5.859092144139866,58.32160905027324,0.3957689310067856
2017-03-10,6.049404828580977,6.140462821699628,6.045446080885966,6.13650369644165,5.951985505070236,5.8699710285438575,63.669521157642585,3.127072739664499
2017-03-13,6.187971477287151,6.207766726926362,6.140463104690835,6.172135353088379,5.97295215726244,5.881820609898545,65.214573279613,4.141614314555498
2017-03-14,6.172135769548739,6.180053643400886,6.112750016624096,6.160258769989014,5.990790882284018,5.892739753431505,64.23400643597093,2.2339209469557137
2017-03-15,6.088995042137716,6.124626412672281,6.025650551215354,6.100872039794922,6.001274802046961,5.9009018038771295,59.422653928151924,-0.5806507811180835
2017-03-16,6.223603890274588,6.298825398387676,6.184013384385776,6.243399143218994,6.024334263110964,5.914333072086615,66.00410140565063,1.1546051091532958
2017-03-17,6.255274826966667,6.267151825207494,6.037527845549027,6.073159217834473,6.028984258798917,5.920561548390452,54.61046621951676,-1.4138943737049596
2017-03-20,6.136503750073631,6.180052995603098,6.077118380936816,6.140462875366211,6.039601269900564,5.929185129840482,57.717953205109595,0.6489373209771482
2017-03-21,6.199848252559681,6.243397875708709,6.13650375804797,6.148380756378174,6.04996122099367,5.937781036763528,58.08154481591767,-1.5219015260944921
2017-03-22,6.160258475982785,6.199848598480049,6.128585849396788,6.195889472961426,6.063859149752504,5.9479029362222695,60.28816130021899,2.0208634538436403
2017-03-23,6.219643592834473,6.275070215127766,6.207766594329829,6.219643592834473,6.078695763379358,5.958559432560003,61.38275563976617,1.2894910216933682
2017-03-24,6.203807353973389,6.247356599391788,6.1919303556889105,6.203807353973389,6.090611152959742,5.968176998105626,60.1916044057431,0.9014828422543074
2017-03-27,6.235480308532715,6.239439434264367,6.187971932441932,6.235480308532715,6.104408215395263,5.978659480867473,61.78870932882422,0.6389855039225866
2017-03-28,6.235480248113051,6.251316373323198,6.1840127467893184,6.223603248596191,6.115760123319161,5.988265118817619,60.803580604310014,0.06366370842021543
2017-03-29,6.235479999367437,6.275070499594967,6.21172562371832,6.255275249481201,6.129047278191736,5.9987361043338385,62.51966468531654,0.8296178873905321
2017-03-30,6.227561748296734,6.263193122988912,6.223603000324374,6.255275249481201,6.141068989743114,6.0087964629670685,62.51966468531654,0.3174565545720458
2017-03-31,6.219643874789023,6.302783623216442,6.199848624675258,6.255275249481201,6.151945776384837,6.018462297732329,62.51966468531655,0.508901348943697
2017-04-03,6.227561734085582,6.243398236190849,6.081077487678783,6.124627113342285,6.1493439989522125,6.0226256238346805,51.01288452755416,-2.0886073102818568
2017-04-04,6.096912906287919,6.140462526909014,6.077118036074274,6.092954158782959,6.143973537983712,6.025383605597359,48.674023250353414,-2.594947212142339
2017-04-05,6.077118827662978,6.092954952434432,6.037528326952843,6.081077575683594,6.137983446336081,6.027567682855643,47.789229136333034,-2.7848122880292916
2017-04-06,6.077118827662978,6.096913700455048,6.065241450912139,6.081077575683594,6.132563839607273,6.029666110025366,47.78922913633303,-0.711056148444046
2017-04-07,6.037528144945501,6.07315951899788,6.017732895187181,6.045446395874023,6.124266940204106,6.03028494476453,44.94641728740163,-0.7797164014512299
2017-04-10,5.922716288256468,6.017733036248098,5.902921038034131,6.005856037139893,6.112989711340847,6.0293269483870935,41.9596982793349,-1.2369771246545112
2017-04-11,5.9979365992597975,6.009813973580911,5.934592113132202,5.974182605743408,6.0997699869982345,6.0271644251461645,39.6875140304529,-1.7578294078606478
2017-04-12,5.9702244694752995,6.04544634237869,5.950429219892145,6.041487216949463,6.09421924699359,6.027726103256098,46.3374420715204,-0.06549026598371065
2017-04-13,5.827699350549813,5.871248597570858,5.732682228088379,5.732682228088379,6.059787149954999,6.016155755210305,29.99583305691246,-4.548457494855379
2017-04-17,5.748518421384059,5.768313292336974,5.728723172868182,5.752477169036865,6.0305195327247,6.005815418497622,31.65960886579012,-3.711058923666004
2017-04-18,5.697050158058209,5.736640272188535,5.681214036893497,5.708927154541016,5.999891687183396,5.994172741479716,29.971876331594004,-5.504605910204463
2017-04-19,5.701010584128663,5.720805835804995,5.661420458339018,5.6772565841674805,5.969164534515214,5.981744656879236,28.770715919149023,-0.9668361460771336
2017-04-20,5.756435690805947,5.76039481560668,5.701009076284452,5.72872257232666,5.946265300021065,5.9718222221909,33.438987487108115,-0.4129455191593972
2017-04-21,5.7208052293668175,5.732682228088379,5.6772559823457724,5.732682228088379,5.925924055075095,5.962444183206488,33.79847789524231,0.41610398774256446
2017-04-24,5.768313532213708,5.7841496561723655,5.685173787040007,5.712887287139893,5.905634839081266,5.9526576382627,32.843489396160265,0.6276042388462356
2017-04-25,5.748518475018976,5.7722724714092895,5.708927977617835,5.756436347961426,5.891425458974615,5.944962685701865,37.05712378445668,0.48376885570686606
2017-04-26,5.720805335990635,5.756436710382394,5.70496921154574,5.7406005859375,5.877061185352033,5.936948485711106,36.16844777824439,0.13812657904398706
2017-04-27,5.740600760504556,5.7801912616022015,5.728723761200462,5.768313884735107,5.866704299578992,5.930335364104204,38.92866402561145,0.9702028905766087
2017-04-28,5.7564359789755315,5.780190351406161,5.732681606544902,5.764354228973389,5.85695667380703,5.923826299981427,38.671357376337895,0.13754831172183316
2017-05-01,5.760395473214133,5.7722724714092895,5.744559349766269,5.756436347961426,5.847383309440782,5.917261988137506,38.12864576555683,0.27585549258936354
2017-05-02,5.764354590375096,5.811862960651997,5.736641091208014,5.748518466949463,5.837967610155895,5.91064459514974,37.56096893756411,-0.3431751146211
2017-05-03,5.807903820319774,5.831657816615045,5.780190698787637,5.811862945556641,5.835481451622632,5.906770804969618,44.65962830082405,0.8241810738219169
2017-05-04,5.827699184417725,5.851453181183684,5.8118630607194275,5.827699184417725,5.834740283317403,5.903669957104838,46.30322898586233,1.2379679396878196
2017-05-05,5.819782583402225,5.871250094400878,5.819782583402225,5.859373092651367,5.837086265158733,5.901932825165487,49.531772105611886,1.9284034023592684
2017-05-08,5.879166867691341,5.997937610422088,5.879166867691341,5.978142738342285,5.850520214985738,5.904921449211636,59.39148043022009,2.861041190119097
2017-05-09,5.96230653241462,5.997937528207656,5.887084660315706,5.914797782897949,5.856641888120234,5.905308756415021,53.39944946326428,1.4945623602726688
2017-05-10,5.895003326030463,5.922716450563394,5.847494950732722,5.902921199798584,5.86104944161341,5.905215126743788,52.33336234227793,0.7432212705798407
2017-05-11,5.895003026298971,6.057323394703821,5.8870847753704485,6.045446395874023,5.878611056304897,5.910714392199876,62.10956735099022,1.1258288816034747
2017-05-12,6.077117640395103,6.140462127105503,6.03752714741964,6.049404144287109,5.894877064684155,5.916153206007218,62.340545568539,2.2757559316458984
2017-05-15,6.009815473198096,6.029610346880156,5.9741840964695685,5.986061096191406,5.903561258161036,5.918894691896794,56.41323202404778,1.4084534348122268
2017-05-16,6.005855843212381,6.061282466532617,6.005855843212381,6.041487216949463,5.916697063759934,5.92370224189886,59.997304384551846,-0.06549026598371065
2017-05-17,5.997937943023737,6.021692319424919,5.867289816724741,5.895003318786621,5.914630992810095,5.922576793933674,48.618773560337125,-2.5523311357251632
2017-05-18,5.946470045502878,5.974183166393723,5.891043426158232,5.930633544921875,5.91615504539217,5.9228927449528195,51.05050729996856,-0.9259436276852684
2017-05-19,5.9583476101638135,6.0098151092590575,5.934593234595628,6.001896858215332,5.924320932327709,5.925990945472918,55.57879493442029,-0.6553081602665589
2017-05-22,6.001895605846764,6.005854730542508,5.942510245662263,5.958346366882324,5.927561449904339,5.927259785528189,52.38917386130537,1.0745209912577476
2017-05-23,5.958346897595658,6.009814390535823,5.942510774965065,5.962306022644043,5.93087045683193,5.928634147768027,52.65521644517325,0.5340488074716341
2017-05-24,5.966266069762234,6.025651825735178,5.950429943682055,6.017733573913574,5.93914313464923,5.93212824291099,56.333512199908114,0.2638618435530937
2017-05-25,6.108790628151513,6.211725242817796,6.100872377566355,6.140462875366211,5.958316443288942,5.940298228497469,63.15872790443349,3.056494155763192
2017-05-26,6.140462883345695,6.17213513060155,6.085036261866464,6.148380756378174,5.976417806440298,5.948458327630046,63.55451104702464,3.1208517816335464
2017-05-30,6.148379872818518,6.172134243628246,6.069199266057616,6.096912384033203,5.987893480496766,5.954280055332131,59.10927855391182,1.315757986742104
2017-05-31,6.104952117955009,6.121028343009559,6.032609296853255,6.068780899047852,5.9955970441682975,5.9587702844974535,56.77195489749747,-1.1673708932583415
2017-06-01,6.064759659979929,6.15317905899712,6.056721358575045,6.149159908294678,6.010222078847001,5.966236544254207,61.46113381409192,0.012672473410102877
2017-06-02,6.108970995473464,6.133085523615184,6.060742322477448,6.100933074951172,6.018861221333112,5.971518761144284,57.43542959782682,0.06594634570275718
2017-06-05,6.08485578186955,6.145141516704074,6.07681747947169,6.121026992797852,6.028591294805945,5.977381829052267,58.65069210342897,0.8608993242480881
2017-06-06,6.161218523777191,6.277771240395313,6.149161451930462,6.265714168548584,6.051174425638577,5.9886889796207505,66.14589341636795,1.8954501426558248
2017-06-07,6.165238272125963,6.205428643266927,6.141123742811432,6.161219120025635,6.061654872723059,5.995454867479766,57.97274677355897,0.9881446712140074
2017-06-08,6.165237328244113,6.16925647972912,6.084856214980884,6.137104034423828,6.068840507170751,6.00100973677169,56.24550935571825,0.26265268303657535
2017-06-09,6.068781467881373,6.076819389518332,5.87988551831941,6.008495330810547,6.063093347517398,6.001303289479096,48.02721327177923,-4.105179885625398
2017-06-12,6.100932526078986,6.125046668763847,6.052703857421875,6.052703857421875,6.062103872270206,6.003318998025872,50.694150181529515,-1.7612628359711424
2017-06-13,6.080837835004573,6.133085661076481,6.076818683009635,6.084856986999512,6.064270835577759,6.006516566220917,52.59927576275097,-0.8513306460385193
2017-06-14,6.112989082401643,6.1451415254642034,6.0567221153984825,6.096912860870361,6.06737959989134,6.010061518952268,53.32746899986425,1.4715419617025303
2017-06-15,6.06877961786509,6.088874607475436,6.004474347934966,6.056722164154053,6.066364606011598,6.011891348175868,50.540009867516616,0.06638862278468248
2017-06-16,5.9924181518381,5.996437303661528,5.855770056140833,5.895960807800293,6.050135672848617,6.007345052474865,41.251638861219774,-3.1043651412482065
2017-06-19,5.903998081084442,5.968303353349234,5.875864787978664,5.9562458992004395,6.041193789644028,6.0053411641111625,45.310647352396046,-2.307183403796279
2017-06-20,5.988399505615234,6.032609412830765,5.968304511376298,5.988399505615234,6.036165762593667,6.004676785346616,47.39816219821253,-1.1280467666682386
2017-06-21,6.012513760847382,6.028589985477157,5.980361311587831,6.020551681518555,6.03467870725318,6.005299330294536,49.47498113725098,2.1131564096123117
2017-06-22,6.008494320231668,6.012513472017896,5.883903681157859,5.936151504516602,6.025295164135411,6.002587650852264,44.50737278555282,-0.33736677470846765
2017-06-23,5.936152182705899,6.008495006685936,5.903999348030105,5.968304634094238,6.01986749460768,6.0012432188225375,46.70285650630462,-0.3355633087297103
2017-06-26,5.992417093002982,6.036626988674166,5.97232172072402,6.00447416305542,6.018401463031274,6.001369922517945,49.14050598068778,-0.2670439407154056
2017-06-27,5.916056524644213,5.94418982245505,5.839694168747032,5.912037372589111,6.00827154965583,5.997866685265834,43.646339251483546,-0.4062250080568643
2017-06-28,5.920074724198936,6.028589519528399,5.895960580761766,5.996437072753906,6.007144456617551,5.997810622030073,49.228043709464195,0.47136398666649837
2017-06-29,5.956246091072146,5.9883985365966,5.903998271273063,5.984379768371582,6.004976391070316,5.997283921886603,48.489147803708754,-0.3346570263800205
2017-06-30,5.9964370197138965,6.108970582429234,5.96026542159069,6.036627769470215,6.007990808060782,5.998826817870274,51.86102435249705,2.1074020515966483
2017-07-03,6.104951980399343,6.121028205091666,6.076818683009635,6.084856986999512,6.015311396531137,6.002200549992989,54.80216493321202,1.4745408510557085
2017-07-05,6.064760279892305,6.064760279892305,6.00447416305542,6.00447416305542,6.014279279057259,6.0022897112895555,49.38635247168538,0.3357807402203989
2017-07-06,6.000455395229505,6.072798198831481,5.98839794188972,6.00447416305542,6.013345458485656,6.002375376064688,49.38635247168537,-0.5326418597053364
2017-07-07,6.0084937405970935,6.060741558915531,5.964284225075665,6.044665336608887,6.016328304021202,6.00403380588995,52.12962841609308,-0.6605192279209803
2017-07-10,6.217485508695358,6.24963795586753,6.133085239046555,6.157199382781982,6.0297445972365145,6.010040299101402,58.854209032853525,2.5435236388601123
2017-07-11,6.19738957751728,6.221503719089793,6.137103840298625,6.217484951019287,6.047624630930112,6.018175383490339,61.9387829701688,3.5475344248208924
2017-07-12,6.2295425430505595,6.293847437007678,6.1973900960720005,6.285809516906738,6.070308905785028,6.028670839702747,65.12941828167777,3.9893718985133373
2017-07-13,6.249638189135031,6.289828557956648,6.21748574076277,6.253657341003418,6.087770661520113,6.037493839753754,62.47529563437358,1.566588187661601
2017-07-14,6.249638149040085,6.40236246947222,6.229542773114491,6.2978668212890625,6.107779819593347,6.047704544912001,64.61081759349072,1.2928357833274318
2017-07-17,6.317961963885298,6.325999883986237,6.21346631956128,6.285809516906738,6.124735028861289,6.057041994794148,63.54860298860475,0.0
2017-07-18,6.2697329779320405,6.3018854232927275,6.197389784226804,6.249637603759766,6.136630512184953,6.064594763773192,60.34348965006678,-0.06427818194156709
2017-07-19,6.253657190284388,6.2576759587685,6.169256919519475,6.181313991546631,6.14088608164797,6.0691719883917585,54.72866425534117,-1.8506715535558964
2017-07-20,6.193372295023741,6.249639281150581,6.169258146174727,6.237582206726074,6.150095236417314,6.0757763106793785,58.17985066053184,-0.7672410379434602
2017-07-21,6.233561560676587,6.309923524786462,6.193370811174089,6.301885604858398,6.164551461983131,6.084643341823654,61.7669206776835,0.8360164926555189
2017-07-24,6.317961828001919,6.35011427428896,6.289828150035213,6.301885604858398,6.177630904161728,6.093162646256389,61.7669206776835,1.9505822463744358
2017-07-25,6.326000401918992,6.374229076335489,6.301886256354461,6.3541340827941895,6.194440730698153,6.103396820238264,64.62612990883683,1.868542525057797
2017-07-26,6.350114781320551,6.402362606530624,6.342076477463267,6.39432430267334,6.213477261362456,6.114805741118071,66.6896883711176,1.466841888460755
2017-07-27,6.29384746395342,6.350114438050494,6.229542569720994,6.265714168548584,6.2184522049039925,6.120723718664366,55.526805198079956,-0.5739779897294283
2017-07-28,6.350114988038318,6.374229133820319,6.289828857008444,6.313943386077881,6.22754660311103,6.1283009605237195,58.342773436574966,-0.6325125688665826
2017-07-31,6.390304232361565,6.398342535063623,6.297866051012106,6.350113868713379,6.239219676025539,6.136999505942922,60.36946708642999,-0.6914011843515262
2017-08-01,6.370210157676336,6.398343454601982,6.350114781320551,6.39432430267334,6.253991545230091,6.147090674442154,62.754666940771806,2.0526013582031566
2017-08-02,6.370209502055104,6.37422827028271,6.321980450449977,6.342075824737549,6.262380524230801,6.154737150924326,58.28968106138931,0.44556051487093523
2017-08-03,6.346095438333237,6.358152510468742,6.273752238945378,6.338057518005371,6.269587856971237,6.161926184927505,57.94819881696393,-0.18986038608549544
2017-08-04,6.34609549353804,6.350114645380642,6.2978668212890625,6.2978668212890625,6.272281091668172,6.167257190275017,54.508593904012535,-1.5084859137336901
2017-08-07,6.257676369846795,6.269733825953438,6.217485999353625,6.245619297027588,6.2697418731309735,6.170330214069236,50.32653172383588,-1.5208983679086263
2017-08-08,6.245620128579917,6.29384880956543,6.233563054155411,6.237582206726074,6.266679047759078,6.172967547114602,49.69491262613146,-1.5852697927379669
2017-08-09,6.2295431514998425,6.269733905792236,6.213466926440373,6.269733905792236,6.266969986619379,6.176762306278431,52.27533558943346,-0.4467054686156075
2017-08-10,6.273752099602957,6.2777712513213295,6.145142310914269,6.157199382781982,6.25651564339677,6.175995132807983,43.80551337590719,-1.4157109173734979
2017-08-11,6.193370075689136,6.24561789052281,6.185332156715604,6.225522518157959,6.25356391718355,6.177937383213864,49.18830809759083,-0.19333915239002541
2017-08-14,6.245618243949677,6.26973276880956,6.217484951019287,6.217484951019287,6.250127825167906,6.179488268225842,48.5985432674673,-0.833352029895232
2017-08-15,6.217484599184427,6.237579971549279,6.201408377950016,6.225522518157959,6.24778446259553,6.181293532929062,49.25379062189454,1.1096463039192082
2017-08-16,6.217485486243624,6.394323945051995,6.193370959307872,6.289828300476074,6.251788637631773,6.185549798323063,54.27588899178569,1.0329379121279345
2017-08-17,6.438534425494997,6.4907818691881465,6.3862865985144115,6.402362823486328,6.266129036284587,6.194052269898093,61.463356930947675,2.9735153992891026
2017-08-18,6.064761421576365,6.064761421576365,5.823617675408499,5.944189548492432,6.235468132685334,6.184253731803754,36.38559437450547,-4.519025814218236
2017-08-21,5.646779642705558,5.899980480629609,5.578455588823475,5.851751804351807,6.198923720463093,6.171214440531128,33.4226865929409,-6.964840297645482
2017-08-22,5.763331204864394,5.779407427032309,5.658835569129262,5.7311787605285645,6.15437658142171,6.153958139354557,29.992009834519408,-10.483380612164035
2017-08-23,5.843712343489954,5.972322121444794,5.811559899001244,5.9562458992004395,6.135506992638732,6.146204718172043,41.96665369047506,0.20282581182266554
2017-08-24,5.996438118748913,6.044666797323473,5.916056987791314,6.024571418762207,6.124941699888586,6.141434784861853,45.04003857924942,2.953297067074489
2017-08-25,6.048684453004185,6.100932271020269,6.048684453004185,6.088874816894531,6.121506758651057,6.139373609647449,47.83975855287426,6.241230143255519
2017-08-28,6.177294742888747,6.209447189981815,6.133085223957628,6.1531805992126465,6.124523314895018,6.139915060218633,50.552529004336066,3.3063561065980056
2017-08-29,6.104951205831155,6.153180257076475,6.092894134663516,6.137104034423828,6.125721478659666,6.139804823912955,49.854448860488745,1.8678941262305055
2017-08-30,6.10495070318614,6.121026924515166,6.0326078988491965,6.048684120178223,6.118384587375719,6.136231462982181,46.08511511637342,-0.6600677124251799
2017-08-31,6.028589725494385,6.048685101236849,6.000456429427383,6.028589725494385,6.109832695767973,6.132010218374817,45.24784025943704,-2.024820687600234
2017-09-01,6.048685652873417,6.060742726103529,5.952228300457633,5.964285373687744,6.095971046046047,6.125432773485128,42.581714465857644,-2.8159643337756908
2017-09-05,5.932132188839585,5.936151340514774,5.855769840160591,5.887922286987305,6.076156878516643,6.116118636759723,39.59783026450869,-2.6577984566035027
2017-09-06,5.875865459442139,5.903998755762845,5.851751314963653,5.875865459442139,6.0570815052714515,6.106696943531583,39.13157854490288,-2.533333217325909
2017-09-07,5.875864639654706,5.9120362346132715,5.859788417816162,5.859788417816162,6.038291687418567,6.097014256248626,38.48092127235898,-1.7520448691570756
2017-09-08,5.84773280453561,5.851751956818675,5.807542048279885,5.839694499969482,6.019377669566273,6.08692328541415,37.638554881379555,-0.8190968675726045
2017-09-11,5.839694362454911,5.895961343230447,5.8155802158992875,5.855770587921143,6.003796042742927,6.0778584737477575,38.79295775141916,-0.34198998700191346
2017-09-12,5.84371280670166,5.8678273336233575,5.8236174314814795,5.84371280670166,5.988550020262807,6.068676290726342,38.22145263170177,-0.2743377400048353
2017-09-13,5.835675730973876,5.843713652252546,5.80352289599682,5.839694499969482,5.974373304044395,6.059696612657445,38.02043015166999,0.0
2017-09-14,5.839693763555695,5.875865362966943,5.795484243879398,5.847732067108154,5.962312233859991,6.051384277537865,38.71475004985702,-0.13727520045900632
2017-09-15,5.9120368137510395,5.924093885489207,5.875865215249138,5.887922286987305,5.955227477014973,6.044974003398628,42.20140361324697,0.7565306808874046
2017-09-18,5.9522284380014785,5.956247206979416,5.9240947554311765,5.948209285736084,5.9545590778455555,6.041179308588332,47.06629443811046,1.8582271001876665
2017-09-19,5.9723234327535355,5.9723234327535355,5.920075603165783,5.948209285736084,5.953954335739891,6.037533425339225,47.066294438110454,1.7182254158511423
2017-09-20,5.932132922882483,6.000456976665525,5.920075466364924,5.964285373687744,5.954938244115877,6.034660952725441,48.40922613721106,1.2969445413572611
2017-09-21,5.928113021868781,5.936151325198419,5.8597889767164535,5.883903503417969,5.9481730307160765,6.028748895889854,42.59086698901934,-1.0810948174322261
2017-09-22,5.8517510832979,5.86782730674292,5.807541181358548,5.8638081550598145,5.940138280653575,6.022280631543579,41.255870105278305,-1.41893344066869
2017-09-25,5.835675338390231,5.855770331878785,5.739217606522985,5.751275062561035,5.922151307501904,6.0116529621717145,34.697049977187085,-3.571430570147313
2017-09-26,5.803521778498447,5.811560081516759,5.75127434202896,5.763331413269043,5.9070256032892505,6.001914862214747,35.8732987197311,-2.0491853763217778
2017-09-27,5.751274954091423,5.771369947200983,5.723141273820674,5.747255802154541,5.891809431752612,5.991928232408465,34.96884984667071,-1.9876563117894932
2017-09-28,5.743236418033604,5.7512747215824,5.711083970413236,5.735198497772217,5.87689410470686,5.981860399677632,34.2709292663001,-0.27953044523068743
2017-09-29,5.743236287578473,5.895960601949852,5.743236287578473,5.8638081550598145,5.875647823788094,5.977230899888697,46.529663130687894,1.743379559250084
2017-10-02,5.863807993791291,5.912036662799945,5.8316555477855205,5.899979591369629,5.877965134986335,5.974201436809518,49.38865462357765,2.6573341168812172
2017-10-03,5.851751218884384,5.875865362966943,5.7834271718381185,5.847732067108154,5.875085795188412,5.969241853683974,45.596257681897114,1.962156486469476
2017-10-04,5.835675608192154,5.863808907006767,5.8195989993981465,5.831656455993652,5.870949667646054,5.963846347892197,44.46492428514962,-0.5483074857832579
2017-10-05,5.84773183428707,5.863808057464522,5.811560236315955,5.83567476272583,5.867590152891747,5.958820011219006,44.833390757339075,-1.0899161200127307
2017-10-06,5.871846416015777,5.895960944226921,5.851751423008483,5.879884719848633,5.868761064030498,5.955724509596639,48.854103922591754,0.5498311545655132
2017-10-09,5.8959604550604094,5.912036678104912,5.875865080432933,5.903998374938965,5.872116998402733,5.95369603372771,50.95381559107809,1.240503782951086
2017-10-10,5.948208945802647,5.968304322693733,5.928113568911562,5.932132720947266,5.877832781502212,5.952850413618673,53.359667919506016,1.6529015434091852
2017-10-11,5.92409330517034,5.940169527008884,5.839693044696141,5.859788417816162,5.876114270674969,5.9492009235872025,46.97830712865482,-0.34178054485714554
2017-10-12,5.887921944677209,5.887921944677209,5.855769499719764,5.871845722198486,5.875707742248637,5.946167386277842,48.092501228251734,-0.544591151599206
2017-10-13,5.912037372589111,5.932132749577182,5.891941995601041,5.912037372589111,5.879167707042968,5.94482895436848,51.733522126504916,-0.3387541935330367
2017-10-16,5.956246579849452,5.968304035376111,5.855770083518457,5.875865459442139,5.878853207271461,5.9421245035870545,48.44030574052543,0.2743621523448826
2017-10-17,5.875864081533013,5.883902383332445,5.787444678175897,5.811559200286865,5.872444254225309,5.937004295614498,43.17798794754903,-1.026704800565658
2017-10-18,5.827635974139073,5.8678267203791155,5.7794073086234405,5.859788417816162,5.871238936472057,5.933976221975348,47.761540453275046,-0.8837724033207078
2017-10-19,5.847731421668494,5.924093380551406,5.823616896960152,5.908017158508301,5.874741624285033,5.932958219486444,51.93675751438344,0.5471823561667225
2017-10-20,5.895961328451263,5.928113779303132,5.851751804351807,5.851751804351807,5.872552117624726,5.929773654187047,47.197329401574834,0.691597601947468
2017-10-23,5.908017340535234,6.016532130135083,5.871845744001951,5.960265159606934,5.88090574067065,5.930969399497631,55.610475315503265,1.7146820776886917
2017-10-24,5.767350718399812,5.851750985903282,5.68696921922516,5.83567476272583,5.87659802848543,5.9272323549183445,46.457814490636295,-1.2244784306065934
2017-10-25,5.899980040215376,6.044666058248446,5.891941736458718,6.032608985900879,5.891456214905949,5.931364771819621,58.17552086599724,3.0906502462147
2017-10-26,6.044666058248446,6.064761434352672,6.012513609796653,6.032608985900879,5.904899335953085,5.9353351331561415,58.17552086599725,1.2137685884215967
2017-10-27,6.016532653363871,6.060742173367362,5.976341901878944,6.028589725494385,5.916679373052257,5.938992175992936,57.87571700711279,3.3057867446753417
2017-10-30,5.9602652425845495,6.032608436658262,5.944189019822322,5.984379768371582,5.9231270297493355,5.940772081576412,54.545919400994954,-0.7994752791373659
2017-10-31,5.99252751443339,6.090298094185509,5.99252751443339,6.049560546875,5.935168317094637,5.945038295901847,58.35056894068906,0.2809988350602444
2017-11-01,6.06992926553575,6.086224362534951,5.943642360918385,5.968084812164307,5.938303221386986,5.9459420808533165,52.44160693695625,-1.0036329570447973
2017-11-02,5.984379686161896,6.000674782553877,5.935494396985952,5.9436421394348145,5.938811689772494,5.945851887072199,50.78023859565105,-0.6807326826427788
2017-11-03,5.980306541246219,5.996601638558643,5.951789829570153,5.959937572479248,5.940823678601708,5.946404266892084,51.87485976769356,-1.4814790876346906
2017-11-06,5.976233164493969,6.061782529592268,5.9721592927021945,6.037339687347412,5.950015679434633,5.949970361811901,56.79045015314406,1.1604204256941586
2017-11-07,6.114740933376413,6.147331126627119,6.037338933026674,6.049560546875,5.959496143000382,5.953875859265356,57.52808116766896,1.7820455026630762
2017-11-08,6.061781742900478,6.098445807256638,6.0577078716374055,6.0780768394470215,5.970789542661967,5.958746485939146,59.27509174568243,1.9822232285334023
2017-11-09,6.049560265152511,6.1065929064324145,6.049560265152511,6.1025190353393555,5.983335208631242,5.964384625131312,60.76480046533969,1.079603788545163
2017-11-10,6.106593582290534,6.122888679960528,6.09029848462054,6.114741325378418,5.995850076892878,5.970280966317473,61.52275347107443,1.0774465020783728
2017-11-13,6.069930000842392,6.069930000842392,6.0088234768194315,6.0291924476623535,5.999025540775685,5.97259122048786,53.70271215035943,-0.8042740010689867
2017-11-14,6.033264249887541,6.094370752948592,5.988452451704144,6.074001789093018,6.006166135853526,5.9765681055312,56.80009575843976,-0.4673028642958108
2017-11-15,6.061781546213127,6.094371738248757,5.833649813457986,6.0454864501953125,6.009910927695601,5.979270785714107,54.31001173547938,-1.13258879644953
2017-11-16,6.204363295261543,6.269544065275362,6.196215941825891,6.220658779144287,6.029982151643095,5.988736981534898,64.58211189498026,3.1756546692446213
2017-11-17,6.171772818433705,6.200289525400982,6.159551594593844,6.18806791305542,6.045037938444269,5.996553880810213,61.79836181352241,1.8779402430738323
2017-11-20,6.163626108642658,6.171773462550965,6.114740819675599,6.143257141113281,6.05439214822227,6.002306949841706,58.09073448508166,1.6172510140157548
2017-11-21,6.179922021214602,6.204364474673642,6.147331824265353,6.159553050994873,6.064407472295851,6.008473463612418,59.0528423063183,-0.9823031662543587
2017-11-22,6.163625690233217,6.200289751596057,6.1595518193027425,6.192142009735107,6.076572666337685,6.015676151695661,60.98194719311108,0.06583794387731395
2017-11-24,6.322503898695253,6.403979384295807,6.285839833048563,6.359167575836182,6.103486467242304,6.0291464036227405,69.03411369193323,3.514592174205703
2017-11-27,6.351019547084662,6.359166900526632,6.310281614357655,6.3265767097473145,6.124733157004686,6.040810337196254,66.16483951019059,2.7116197777607294
2017-11-28,6.289913319889658,6.3999055168986345,6.281765965577379,6.338798999786377,6.145120380126752,6.052496167101749,66.7234232722186,2.3684371227387815
2017-11-29,6.338798688969555,6.342872171673075,6.2858395287663775,6.314355850219727,6.16123804394513,6.062765174282847,64.43248080913826,-0.7046791121959494
2017-11-30,6.281765965577379,6.363241451228975,6.26139699703804,6.338798999786377,6.1781486111681065,6.073590030184946,65.7007323334036,0.19318962844837873
2017-12-01,6.224732738616889,6.273618028494093,6.102519319671004,6.135109901428223,6.174049686430974,6.076002574155271,49.77336141945386,-3.2133705196365874
2017-12-04,6.3550939266938045,6.420274313469207,6.289913151412651,6.298060894012451,6.18586027762921,6.084710743561435,58.45111254577202,-0.2580620508853387
2017-12-05,6.322503148252437,6.416199848445404,6.318429277329512,6.391757011413574,6.205469490370578,6.096751773673284,62.46661652535447,0.8354581306172036
2017-12-06,6.346946354098656,6.391757774080594,6.334725128377357,6.338798999786377,6.218167538886369,6.10624382175615,58.99606523069258,3.3200562276926204
2017-12-07,6.375462029737603,6.408052220689809,6.3591669342615,6.383609771728516,6.233923942014192,6.117120917833498,60.97195503080811,1.3583367826340886
2017-12-08,6.359166684229802,6.403978486406452,6.359166684229802,6.387683391571045,6.248567699114845,6.127731210921245,61.155208722741214,-0.06373239525931841
2017-12-11,6.403978769566676,6.4650852807749315,6.3958310275358565,6.4610114097595215,6.268800433461957,6.140801022640393,64.3959849590526,1.9280057622471258
2017-12-12,6.456938963317799,6.501750386160492,6.416201023638416,6.481381416320801,6.289046241353275,6.154157116510214,65.26297630586262,1.5316043443835248
2017-12-13,6.477307182734289,6.546561443216211,6.469159828357115,6.473233699798584,6.3065879040623525,6.166669923697993,64.58552141551326,1.339301010761243
2017-12-14,6.489528934223842,6.518045257905331,6.473233836619309,6.477307319641113,6.322846896022234,6.17885178236243,64.78235675174825,0.2522191782075545
2017-12-15,6.52619243678011,6.571003465686506,6.518044694429318,6.542487144470215,6.343765014922042,6.193111992641167,67.86043453360632,0.9427886468082777
2017-12-18,6.546561696244695,6.550635567843622,6.501750274173837,6.534340858459473,6.36191509525894,6.206493516790904,67.07141470882144,0.9439974129589981
2017-12-19,6.505823498017314,6.538413302046571,6.481380659363195,6.513970851898193,6.37639659589125,6.2185514515009945,65.0351436833832,0.5660304575314096
2017-12-20,6.538414006564835,6.550635621461652,6.509897682150495,6.518045425415039,6.389886960607801,6.230296313223114,65.26232599935263,-0.373584517866943
2017-12-21,6.5872991510566,6.611741601842085,6.5384134724741285,6.554708957672119,6.405584293661546,6.24301837771131,67.31993350354195,0.31170855108174506
2017-12-22,6.644332506603231,6.668775737017236,6.554709659453298,6.558783531188965,6.420174697235586,6.255401324906512,67.54997667751871,0.6879471878157533
2017-12-26,6.571004107555938,6.628037532571144,6.562857141420811,6.6035943031311035,6.437643231130397,6.269055951503556,70.04715443251587,1.3124928123773716
2017-12-27,6.595446360899625,6.611741067769888,6.5791508770179234,6.591372489929199,6.4522841129207595,6.281695815755542,68.49885255492674,0.5593464560187124
2017-12-28,6.6158159226802535,6.640258375126582,6.5791518555049855,6.583225727081299,6.464754742840811,6.293520518160474,67.42894652910338,0.3726635553087563
2017-12-29,6.6565536029797725,6.668775217234188,6.603594051555494,6.607667922973633,6.47836552190108,6.305840024231578,68.9937212233356,0.061687918056955504
2018-01-02,6.628037902455756,6.676922810040802,6.611742415253009,6.636185646057129,6.493396009915942,6.3187947544992475,70.75883992834896,0.6798759468744733
2018-01-03,6.615815696322431,6.628037310633214,6.558783050228501,6.579151630401611,6.501563211866958,6.329004828064046,63.03061742427372,-0.061886024398767926
2018-01-04,6.599520817596071,6.599520817596071,6.5261926876432135,6.5384135246276855,6.505072765463217,6.33721693381164,58.14558737422822,-1.0480913864506205
2018-01-05,6.587299706399571,6.672848679866735,6.579151963113679,6.660627841949463,6.5198875346523835,6.349899714522928,66.52698505847005,0.3683169398200342
2018-01-08,6.672847918805072,6.7298813382898865,6.656553211103323,6.71358585357666,6.5383349935975525,6.364161916054447,69.38764482270578,2.0433367511069593
2018-01-09,6.742101318804974,6.827651048664667,6.742101318804974,6.819503307342529,6.565112928239931,6.382018441202999,74.14658123235655,4.299051775420548
2018-01-10,6.8032098852009195,6.9865294374657605,6.8032098852009195,6.921349048614502,6.599040177799414,6.403168661101489,77.73139212833566,3.9143638235270326
2018-01-11,6.982456093837021,7.076153589778344,6.9620875121606725,7.0354156494140625,6.640599746524619,6.427962660643159,80.92205030104907,4.793709395493135
2018-01-12,6.892832839883448,6.966160972809582,6.811356963962958,6.848021030426025,6.660354154515229,6.444435537889546,64.55710501434105,0.41817888779071616
2018-01-16,7.230955800469028,7.430570825099753,7.206513350537697,7.24317741394043,6.715861131603344,6.475758748715071,75.71148107514763,4.64979244747598
2018-01-17,7.373537515381371,7.4346440231833375,7.353168161439781,7.381685256958008,6.779272953065693,6.511285278450089,78.29050761051259,4.921807392755594
2018-01-18,7.397980575057436,7.410202188433357,7.263545935968178,7.300209999084473,6.828886005067481,6.542223502788692,73.35618462717541,6.603206483294283
2018-01-19,7.29613799865815,7.336875943344788,7.292064126488319,7.328728199005127,6.876490023537733,6.5730668242089445,73.97448407839293,1.1811223193296874
2018-01-22,7.361317463496481,7.459088052107687,7.328727267292745,7.45094108581543,6.931199648516562,6.607493265840572,76.49213341033297,0.9382116203361697
2018-01-23,7.499825901070771,7.569080164294057,7.479457320068682,7.5161213874816895,6.986906480798955,6.643125741199047,77.7295310978201,2.957605170595017
2018-01-24,7.573152163871159,7.622037056996823,7.512045658958395,7.520192623138428,7.037695637212238,6.677520520882945,77.80810620944798,2.6125191020086134
2018-01-25,7.548711583291968,7.552785454894697,7.479457320068682,7.5161213874816895,7.083259994380757,6.710406829377014,77.51358393451152,0.8747928740215833
2018-01-26,7.536488056182861,7.556856632016649,7.467233810532077,7.536488056182861,7.126424571695243,6.742802171604694,77.96297527647657,0.27097312099154136
2018-01-29,7.56500771482992,7.605745661503946,7.536491385261613,7.556859970092773,7.167418419161675,6.774726006839521,78.42738757954336,0.4875852094735732
2018-01-30,7.426497433093885,7.483530855962035,7.406128853005525,7.434645175933838,7.19286858647331,6.800605189941259,69.0288929467942,-1.084019367802554
2018-01-31,7.434644583431782,7.438718454527092,7.312431558618309,7.336874008178711,7.206583388540491,6.821635339676061,62.56905194820597,-2.6486348351655513
2018-02-01,7.369465443943397,7.369465443943397,7.271694852186016,7.304285049438477,7.215888308626013,6.840562779274587,60.535544630583225,-3.342326332020098
2018-02-02,7.271694493220295,7.312432432027749,7.22280881124904,7.230956554412842,7.2173233796533305,6.8558723390839305,56.11616679615964,-2.7397221615947736
2018-02-05,7.1942914758988135,7.28391430706785,7.055782969630293,7.076152324676514,7.203878517274586,6.864510769891483,48.1280614670765,-3.5535799471486116
2018-02-06,6.982454841591837,7.145406573824925,6.937643814538038,7.116889476776123,7.195593846750923,6.874407974083038,50.13949187137476,-2.5655566752116243
2018-02-07,7.084299510242578,7.230955763095508,7.047635447029345,7.1209635734558105,7.1884862016751985,6.884076821117264,50.3468612320287,-1.5211401165161993
2018-02-08,7.214661439140423,7.222809182723269,6.96616147595638,6.970235347747803,7.167700406063066,6.887455586867482,43.1900503883621,-1.4968159540510306
2018-02-09,7.00689784795172,7.149479443668252,6.876536310850086,7.072078227996826,7.158593531961519,6.894695690441182,48.51536806499417,-0.6296465460862531
2018-02-12,7.039488131743312,7.2187337907492735,7.019118777075749,7.177996635437012,7.160441446578233,6.905805531421411,53.40713731874612,0.8009177605373281
2018-02-13,7.145407784184263,7.165776365657907,7.068005775963578,7.11281681060791,7.155905766962012,6.913923620801274,50.24344533961242,2.045576020703201
2018-02-14,7.02726821968488,7.157629013061523,7.002825765179664,7.157629013061523,7.156069885638156,6.923480695007559,52.33404546316512,1.2096979460156454
2018-02-15,7.186144807110233,7.210588036816223,7.10059583417395,7.173923969268799,7.15777027455536,6.933301999880548,53.10562904421027,-0.05673820113130964
2018-02-16,7.177997389994709,7.210587583877289,7.15355416182414,7.165775775909424,7.158532703255747,6.942418618548348,52.64670722267561,0.7445568571726991
2018-02-20,7.1291107608418285,7.218733587825447,7.1291107608418285,7.186143398284912,7.161162293258525,6.951976453047821,53.72323401661367,0.3983775237771404
2018-02-21,7.243177014734023,7.332799844217004,7.194291340554213,7.198365211486816,7.164705428327886,6.961638757300331,54.393247890354694,0.340695584769471
2018-02-22,7.283915805064754,7.2961374206059615,7.210588442852322,7.251325607299805,7.172954969182355,6.972999025927761,57.27964394482316,1.1938669875492098
2018-02-23,7.267621001451589,7.316505908966064,7.2228091887203245,7.316505908966064,7.186626487256993,6.986469884086126,60.585841940851225,1.8140816771380397
2018-02-26,7.263545339165251,7.279840822327575,7.177996383597264,7.202438831329346,7.188132424787693,6.994939254566252,52.87389657426397,0.0565909025569973
2018-02-27,7.218734579879976,7.239103936774256,7.137259483337402,7.137259483337402,7.183287382744808,7.000520440008258,49.03313918231222,-1.5730382296938041
2018-02-28,7.283913941477867,7.320578001709398,7.194291114807129,7.194291114807129,7.184335357226934,7.008119290000371,52.298266965463704,-1.6703983524316666
2018-03-01,7.214660252492259,7.247251221463167,7.0761525194232355,7.129111289978027,7.179075922250848,7.012864074313221,48.47599890620767,-1.0180932190962375
2018-03-02,7.120964352736183,7.247252040740445,7.108743515002035,7.230956554412842,7.184016934837705,7.021416720591637,54.118640386328565,1.3127877905263778
2018-03-05,7.186143664625383,7.345021524408973,7.169848957756888,7.332799911499023,7.198186742138783,7.033627826117417,58.958897631089435,1.925259827293044
2018-03-06,7.304285742997811,7.377613888031427,7.283916382148658,7.328728199005127,7.21061926184034,7.045200389760073,58.69230850089358,2.8000251491054344
2018-03-07,7.304285581550342,7.312433325709913,7.251326021524783,7.287990093231201,7.217987912448994,7.054721554602078,55.96569611576768,0.7887412735670977
2018-03-08,7.292062651057463,7.353169167217673,7.251324714613486,7.345022201538086,7.230086416171765,7.066105893697608,58.84797934454789,0.16667971561444028
2018-03-09,7.353167936041654,7.434643795287715,7.349094842389593,7.397979736328125,7.246076256186656,7.079120554192922,61.376082864363205,0.9449325373043432
2018-03-12,7.434645562352896,7.5324161504794365,7.434645562352896,7.499825954437256,7.270242894115285,7.095618805182896,65.73569137381635,2.9066431004454785
2018-03-13,7.516120032613768,7.552784093417652,7.455012746599679,7.4916768074035645,7.291331838237978,7.111150491544492,65.10249165143551,1.9966529962941197
2018-03-14,7.520195294239626,7.532416910367726,7.47131038375051,7.487605094909668,7.310024529349568,7.125913417166656,64.76679921997794,1.211484239966669
2018-03-15,7.512046213850644,7.528340920425717,7.450939704424126,7.455012798309326,7.323832935917164,7.1388192752506825,62.01046747344565,-0.5975226145270222
2018-03-16,7.434644220837628,7.49982460116077,7.4264964790443795,7.455012798309326,7.3363262561449885,7.151219021252983,62.01046747344566,-0.48939656684075705
2018-03-19,7.300212122313263,7.3490978130236275,7.275769665463927,7.324654579162598,7.335214667860951,7.158020415680811,51.78710993850356,-2.1762701649136074
2018-03-20,7.353169826377838,7.434645706569533,7.340948988257189,7.418350219726563,7.3431323394672,7.1682294276041745,57.24339895622348,-0.4917842473869026
2018-03-21,7.414275725589443,7.434644303287026,7.345021473601654,7.349095344543457,7.343700244712558,7.175322208660617,52.512811043884035,-1.4207548213718624
2018-03-22,7.300211077205629,7.31650578710185,7.206514358520508,7.206514358520508,7.330634922218077,7.17654543022375,44.381071907238,-1.6129118358451848
2018-03-23,7.324651846096888,7.336873458467121,7.22280740737915,7.22280740737915,7.32036563509056,7.178359625406315,45.42115477638442,-2.63593395506502
2018-03-26,7.251324792377438,7.324652923360673,7.182070532783441,7.3205790519714355,7.320385960507786,7.183936857820633,51.30577005179145,-0.3880245286679293
2018-03-27,7.308358359525729,7.340948554273417,7.182070674993347,7.2187347412109375,7.310704892003324,7.185301480698684,45.76994156172222,0.1695741114562703
2018-03-28,7.1902188716127045,7.23503068359758,7.129112349731607,7.206514358520508,7.30078198405258,7.186133358260324,45.14055705683083,-0.22557778353603689
2018-03-29,7.235030117686432,7.316505214817865,7.1739236005849785,7.271694183349609,7.298011717318963,7.189488684734414,49.15647137509956,-0.6677732495581952
2018-04-02,7.24725121888281,7.2879883760590065,7.129111287439733,7.149479866027832,7.283865826719808,7.187919711451803,42.82602426986647,-0.9593769222151528
2018-04-03,7.182069477376442,7.247250633014332,7.1494792880631985,7.202438831329346,7.276110874777859,7.188489088701903,46.067243383713574,-0.05655337640926885
2018-04-04,7.1168902036437816,7.275768081096535,7.1046693663861635,7.263546466827393,7.2749142644968625,7.19143251529506,49.61651223536422,-0.11204701843585589
2018-04-05,7.3042862649744755,7.336876467650404,7.271696062298546,7.279843807220459,7.275383744756253,7.19489962478233,50.55116075215873,1.8234045501977985
2018-04-06,7.1820707944770446,7.186144666014721,7.084300208607431,7.125038146972656,7.26106511639591,7.192159958985872,42.48837690641244,-1.0746454939680994
2018-04-09,7.125037302284047,7.153553622655569,7.031340599060059,7.031340599060059,7.239186590935353,7.185853317420154,38.48712889031098,-3.196866280512115
2018-04-10,7.084298635535366,7.108741859333799,7.023192130062031,7.055782318115234,7.221719517333437,7.180752493918001,40.07253114484168,-3.077833742572758
2018-04-11,7.043563109398443,7.116890466688954,7.031341494677582,7.068005561828613,7.207080092999644,7.17633104560077,40.892980802353506,-0.8004530497605186
2018-04-12,7.3328001370834,7.422422970145849,7.304283816427688,7.336874008178711,7.219441418254793,7.182626848054807,55.36777986403339,4.345308050636826
2018-04-13,6.97430878401398,7.0272675599721675,6.717660316262443,6.770619869232178,7.176696508824068,7.16646971163039,35.59643457413839,-4.0415426103909375
2018-04-16,6.9824555660361165,7.01911963189139,6.913201305755214,6.921349048614502,7.152377703089823,7.15685713661016,41.57689192183644,-2.0749348869523074
2018-04-17,6.949865943340596,6.958013686870157,6.848021480255838,6.8561692237854,7.124167371727498,7.145065453754287,39.85347170331079,-6.55190185707768
2018-04-18,6.921350262248723,6.953940462388928,6.848022117680346,6.896907806396484,7.102523603600734,7.1353337813088835,41.486057203906704,1.865234492608257
2018-04-19,6.929495734222149,6.9987499839367455,6.884683932344642,6.994676113128662,7.092252414031965,7.129817794321424,45.32185747389363,1.0594331249460476
2018-04-20,7.169849026854794,7.202439217917302,7.047635227611805,7.076152324676514,7.090719072188589,7.127713266100055,48.359947999797214,3.2085424631578316
2018-04-23,7.173923377895455,7.177997249177295,7.07207892688393,7.096521377563477,7.091271672700484,7.126490054784895,49.12106195995324,2.894247346352261
2018-04-24,6.94986553980372,7.031341416345348,6.925423087645849,6.962087154388428,7.0789683852421925,7.1200428822203286,44.46319215408936,-0.46591090442438793
2018-04-25,6.966160516661462,7.080225803067243,6.933570323829598,7.010971546173096,7.07249249580704,7.1157655749243585,46.45162510177995,-0.9211330609166573
2018-04-26,7.080226614043134,7.17799798074904,7.080226614043134,7.11281681060791,7.076332906740457,7.115649937108027,50.433381071860374,0.22962564582632847
2018-04-27,7.149479538902424,7.202439084026655,7.145406444980343,7.177996635437012,7.08601516661632,7.118094905669948,52.84978246577693,3.1012177276822697
2018-04-30,7.255397850520402,7.275767205183419,7.165775021037421,7.198365211486816,7.0967151708897,7.121242760800022,53.61085890375686,2.6728630130585627
2018-05-01,7.182069527465919,7.186143398284912,7.133184631660821,7.186143398284912,7.1052321449273395,7.123787883838645,53.0574443708651,1.0309078615330591
2018-05-02,7.210586997060657,7.275767379521265,7.186143770879342,7.239103317260742,7.117981780387663,7.128310057698335,55.21483281452209,0.8513055233552664
2018-05-03,7.198364960538765,7.222807408270847,7.120962969540536,7.202438831329346,7.126025309048776,7.131217068428963,53.38560108104912,0.0565909025569973
2018-05-04,7.133184606758379,7.218733562624347,7.112815252734524,7.194291114807129,7.132526814359095,7.133690560443793,52.96566576989533,0.11338093425969456
2018-05-07,7.120963802141832,7.149480123998695,7.072078900961921,7.104669094085693,7.129873698142581,7.132552463723868,48.451010427355776,-1.8570562856107762
2018-05-08,7.059856188748307,7.108741859333799,7.019118259428959,7.055782318115234,7.122817376235215,7.129541869778431,46.14067287347463,-2.0362062996797863
2018-05-09,7.104668640766653,7.116889476776123,7.051709094687466,7.116889476776123,7.1222528143819686,7.129045697503831,49.38930318835779,-1.0758758131388308
2018-05-10,7.1046697959331855,7.141333863945792,7.084300437586421,7.108743667602539,7.120966228974404,7.128249539468487,48.9653140429805,0.05735064452526854
2018-05-11,7.133184432518293,7.198364809779672,7.125036691107773,7.153553009033203,7.124069731837147,7.1292418323925935,51.435121829312024,1.3856817927467695
2018-05-14,7.177998087215255,7.247252353069052,7.169850343700317,7.190218925476074,7.130369655040854,7.131633090944887,53.421499737328595,1.0303581211881998
2018-05-15,7.137259483337402,7.177997420114447,7.08429993242379,7.137259483337402,7.131025829164336,7.131853733783809,50.22603514450836,0.4011372060694993
2018-05-16,7.1657753505074835,7.190217800215495,7.133185158559646,7.149479866027832,7.132783356484668,7.132544954656124,50.95505320810093,-0.05693874079394815
2018-05-17,7.1250369954041926,7.1250369954041926,7.031340296215779,7.072078227996826,7.127001915676303,7.130173710473406,46.32678766643819,-1.6430751094470435
2018-05-18,7.076152098876073,7.108742288898626,7.055782744479839,7.072078227996826,7.1217710882782574,7.1278954562586385,46.326787666438186,-0.9132532660855037
2018-05-21,7.080225693194373,7.0965211778631705,7.02726692204373,7.084299564361572,7.118202371714764,7.126185813439146,47.20492478300149,-0.9116789317216888
2018-05-22,7.1087431606969265,7.173923548735591,7.0883738038026465,7.137259483337402,7.120017334726444,7.126620075003784,50.94997204552382,0.9216704515871685
2018-05-23,7.072078732882986,7.292062336987319,7.03948854053377,7.255398273468018,7.132910757463737,7.131670200433754,58.09156682666449,2.592166539468795
2018-05-24,7.283915288052888,7.536489885562217,7.283915288052888,7.430571556091309,7.1612594049520775,7.143391822224246,65.99711138545662,4.887879014485773
2018-05-25,7.414276565688024,7.475383082716078,7.397981080074399,7.463161468505859,7.19001198243339,7.155931808352937,67.23543672108539,4.566206201824462
2018-05-29,7.353168489337501,7.3776117151574,7.283914236870664,7.332799911499023,7.203610832820593,7.162867812397882,58.11785704722915,1.0668144616409672
2018-05-30,7.357242306134608,7.389832496643066,7.300209666997662,7.389832496643066,7.221346229375114,7.1717683882506345,60.63304999995146,-0.5482627970232762
2018-05-31,7.406128631905989,7.459087404761629,7.397980889309275,7.410202503204346,7.239332541168374,7.1811187456998,61.52186069150129,-0.7096049780645597
2018-06-01,7.442793342511604,7.471309667063427,7.422423984252039,7.45094108581543,7.259485735896665,7.191700013939629,63.30616935048674,1.6111332061732881
2018-06-04,7.483529542367723,7.520192824688909,7.475381800957954,7.512045860290527,7.283539081077033,7.204262596149468,65.86318197115395,1.6538042466182832
2018-06-05,7.455014148580485,7.49167821627937,7.406129242989682,7.479457378387451,7.302197966535168,7.215054548394096,63.328560534846964,0.9345881594080329
2018-06-06,7.520193639710322,7.634259700775147,7.503898932136188,7.634259700775147,7.333822893605642,7.231493966134529,69.36042016004758,2.460341758824353
2018-06-07,7.630187128354437,7.658703454221507,7.560932861100864,7.565006732940674,7.35584040211374,7.244572898166143,64.26757162727864,0.7050126375040292
2018-06-08,7.569079565746966,7.658702402885155,7.560931823185814,7.630186080932617,7.381968562001252,7.259694983764828,66.74267140652853,2.0152357974618567
2018-06-11,7.630187483907018,7.662777683132542,7.593523412651848,7.638335227966309,7.406384434950305,7.274543620792338,67.04997858569817,0.05338470723949057
2018-06-12,7.658702710194695,7.764621036705218,7.646481872874096,7.74017858505249,7.438174354007656,7.292803815469207,70.69449410479258,2.315554477288925
2018-06-13,7.740179662717516,7.780917605818356,7.662777648527082,7.66685152053833,7.459953131772482,7.307472352922899,65.1104235228094,0.48053139486778246
2018-06-14,7.724079927429695,7.724079927429695,7.582047023890707,7.586224555969238,7.471978981695983,7.318403811865893,59.54132973850664,-0.682225516972298
2018-06-15,7.765855999446348,7.84104999828324,7.7533234007125555,7.824339866638184,7.505537161214288,7.3382444414648065,68.19375890384218,1.0873299712776927
2018-06-18,7.728258062193838,7.749144927432579,7.690661067337836,7.703193664550781,7.524361590103477,7.352556175703472,61.04127027185896,0.4740165361895439
2018-06-19,7.644707606487841,7.644707606487841,7.582046225473879,7.602933883666992,7.531844665680954,7.362374909349101,55.82299142171632,0.22025880692664354
2018-06-20,7.611288951657656,7.632176612050315,7.577869491812175,7.586224555969238,7.537023702851267,7.371153326863617,54.97942205788061,-3.0432639012044125
2018-06-21,7.615467548370361,7.632177679020547,7.586225616515421,7.615467548370361,7.544494545281657,7.380734276726627,56.22614515456211,-1.1388278680325215
2018-06-22,7.68230689801503,7.832694894968971,7.644709898776544,7.820162296295166,7.570748616806753,7.397966748082256,63.78587833345276,2.8571656146429856
2018-06-25,7.795097275505941,7.81598414151747,7.757500279258898,7.786742210388184,7.59131943524308,7.413212844643273,61.90608309227229,2.6431811099128026
2018-06-26,7.770033495165805,7.832694894968971,7.749145830709464,7.820162296295166,7.613113993438517,7.429171646668838,63.07789299977333,2.687881559794808
2018-06-27,7.744968553447438,7.849404478083248,7.724080890450553,7.795097351074219,7.630445741784774,7.443521674292579,61.54869312906101,-0.3205169441665154
2018-06-28,7.795097526754034,7.962194850580665,7.782564928673453,7.937130451202393,7.659653809348357,7.4628788812302185,66.50416855650107,1.9313370951664246
2018-06-29,7.999792670485135,8.150180675781693,7.991437604239111,8.116761207580566,7.703187847275234,7.4885213254008205,71.50574924330024,3.7927462378359507
2018-07-02,8.10005048429482,8.20866394722228,8.095872951476505,8.191954612731934,7.749737063033015,7.5161069445118445,73.30282180912084,5.091113603642489
2018-07-03,8.271323572033898,8.296388763568222,8.19195285585677,8.225372314453125,7.795035658406358,7.543921272744836,74.08506187746059,3.631562628620609
2018-07-05,7.9287746223026625,8.091695194529986,7.899532693046757,8.07916259765625,7.822095366906348,7.564911128623715,65.09783720949468,-0.46322183150098795
2018-07-06,7.987259821218015,8.029033553408006,7.94966282482073,7.999791622161865,7.839018819787825,7.581965265625211,60.78686834919489,-2.3457526274792673
2018-07-09,8.045744153804995,8.12093815099298,8.033211555346027,8.104228019714355,7.864276838828447,7.602446157942433,64.15090961579861,-1.4728122947808955
2018-07-10,8.125113655524904,8.30474274123149,8.054097208884546,8.262969017028809,7.902247522466577,7.628349015161507,68.56521332435986,2.2750677084513744
2018-07-11,8.15853209414818,8.267145516433866,8.15853209414818,8.254612922668457,7.9358061320096125,7.652908384083348,68.08991555165714,3.185349225855571
2018-07-12,8.16271337948767,8.392472126709354,8.137648180429208,8.359052658081055,7.976115324968798,7.680600316396984,70.81321453653895,3.144341913218785
2018-07-13,7.987259422841038,8.200307996089036,7.978904358106614,8.112582206726074,7.989112170850444,7.6975407826844,58.1916826986207,-1.8200093694265156
2018-07-16,8.242084815211802,8.25879494932796,8.162714068509205,8.18777847290039,8.008032771045677,7.7167657901438504,60.504601353216046,-0.8096618265955096
2018-07-17,8.17524446554068,8.329809992385744,8.154357598272686,8.31309986114502,8.037086779626566,7.7401514399870335,64.07194525285814,-0.549736899810179
2018-07-18,8.2546146813258,8.279679077414004,8.212840156656936,8.221195220947266,8.054620916895205,7.7590159019854745,59.805771869482776,1.3388217395336994
2018-07-19,8.120937268398288,8.275501982012697,8.120937268398288,8.23372745513916,8.071678682442249,7.777632041324835,60.19498202432097,0.561189856208858
2018-07-20,8.313100589923526,8.417536528984833,8.308923056747116,8.359052658081055,8.099047632503087,7.800432849825079,63.95398231352346,0.5527757118715252
2018-07-23,8.375760301645636,8.430067425183001,8.350695904434525,8.417534828186035,8.129379746377653,7.824632927407861,65.58712897717378,2.388212443106865
2018-07-24,8.501085273786286,8.530327208119692,8.463488273419637,8.517794609069824,8.166371638062621,7.851815738453428,68.2434985806473,3.4500431970621133
2018-07-25,8.538681246101659,8.638939636080698,8.526148648560707,8.59716510772705,8.207399587554471,7.881045125483767,70.20431955663356,2.848557837661216
2018-07-26,8.567922230198823,8.605519221884528,8.538680302617223,8.58045482635498,8.242928657916424,7.908472956890481,69.23505865305518,1.9354835054962796
2018-07-27,8.605518764070078,8.618050562776775,8.450953273498106,8.496905326843262,8.267116912099933,7.9315487361043155,64.44428098184031,-0.24524284964936116
2018-07-30,8.438423607190652,8.480197342479546,8.304744945204241,8.32981014251709,8.273087695949187,7.947166830473444,56.08562785943139,-3.109803776708497
2018-07-31,8.400827985191714,8.442601727328775,8.384117850910444,8.430069923400879,8.28803838427792,7.966104206666677,59.481510462907316,-1.752644888848926
2018-08-01,8.459308849975645,8.505260906106495,8.438421986343135,8.501083374023438,8.308328383301303,7.987083781857138,61.738387057287795,0.04917139852054811
2018-08-02,8.430066408320902,8.538679845511503,8.40500201413314,8.513614654541016,8.327879456752704,8.007732051374154,62.13914715811761,2.206587051555343
2018-08-03,8.501083310931518,8.584631561624265,8.463486319245813,8.58045482635498,8.351934253857683,8.03019176804007,64.28779227735704,1.7839105051388817
2018-08-06,8.534504224255185,8.609698220434458,8.488552160638317,8.601343154907227,8.375687482529068,8.052589861642703,64.95709896811756,1.1793765155880078
2018-08-07,8.626407114382117,8.630584646932496,8.48019666225031,8.605520248413086,8.397576317375165,8.074273406221934,65.09796762544002,1.0795131985806927
2018-08-08,8.605519079519626,8.714132520727846,8.576277152421786,8.668180465698242,8.423348141024983,8.097563879142573,67.22631255615518,1.0223891520739816
2018-08-09,8.709956676826298,8.764263009564171,8.697424078448524,8.730843544006348,8.4526334174994,8.122398375803897,69.24605783723595,1.505583334682313
2018-08-10,8.651470847298162,8.70577796949209,8.634761515165048,8.689067840576172,8.47515098160195,8.14462070775575,66.31205512324279,0.9708604448231083
2018-08-13,8.718309686625519,8.751729144303003,8.684890228948035,8.69742202758789,8.496319652648229,8.166299190886424,66.61667633062596,0.33734371365897675
2018-08-14,8.693246545655933,8.751731207969307,8.676537211268474,8.730843544006348,8.518655261349002,8.18843818512642,67.86844479242369,0.0
2018-08-15,8.680713363767902,8.73084215574236,8.60551937902343,8.718310356140137,8.537670032281492,8.209217485950488,66.85603777080324,0.33654375935941333
2018-08-16,8.77261587097636,8.789325997948206,8.735018882072417,8.768438339233398,8.559647966276911,8.231147715490994,68.8570526914081,0.8165213947333679
2018-08-17,8.764261471670702,8.831100391057907,8.743374608155738,8.806035995483398,8.583113492868005,8.25369235392207,70.30513256546664,0.8612277965818066
2018-08-20,8.56374454498291,8.680713050000078,8.4760187638071,8.56374454498291,8.581268831164662,8.265851263375437,53.15286671197034,-1.7728872320812583
2018-08-21,8.601341976607602,8.668180898103365,8.542858119494507,8.55956745147705,8.579202033099175,8.277369545261775,52.91319364495471,-2.3820762566325886
2018-08-22,8.559567013005573,8.592986472041513,8.526147553969633,8.56374454498291,8.577729891373817,8.288599937407703,53.14074144283976,-2.751424711695014
2018-08-23,8.605518761200685,8.659825081404621,8.505260387666912,8.513614654541016,8.571623678342121,8.29742404396195,50.01684291548173,-0.5853734914508075
2018-08-24,8.53450408105269,8.53450408105269,8.430068154063367,8.480196952819824,8.562916371149521,8.3045916090152,47.99150190594547,-0.927272307942737
2018-08-27,8.626406085362023,8.680713205255937,8.572099762250875,8.58045482635498,8.564586700216708,8.315409774401074,54.00857566054181,0.19512820921147245
2018-08-28,8.647294331291654,8.651471066843824,8.609697337059556,8.6264066696167,8.57047431635004,8.327605731076197,56.49307314547665,1.3248428505690268
2018-08-29,8.538680365988174,8.57627735795291,8.488550777774268,8.501083374023438,8.563865655176079,8.334408775897657,48.757128162326005,0.24629641646080114
2018-08-30,8.505262436179475,8.567923835132389,8.467665437451144,8.547036170959473,8.562262847155448,8.342747105115768,51.38585609992559,-0.38947417207840745
2018-08-31,8.613875166438534,8.689068360712897,8.605520101480433,8.676536560058594,8.57314605790813,8.355836887662546,57.93490013371215,0.581121344747847
2018-09-04,8.714134954943054,8.739199357059466,8.588811350795044,8.67236042022705,8.582595044795646,8.368249575214096,57.665115582321285,2.014767279273846
2018-09-05,8.513615756943237,8.67235879984724,8.496906424248664,8.651471138000488,8.589154672719916,8.379356303166503,56.25399744941526,1.2218851652442693
2018-09-06,8.601342054116015,8.693245372805151,8.592986989658057,8.689067840576172,8.59867021251575,8.391501853653157,58.234950265310275,0.14442721967270197
2018-09-07,8.680713287595132,8.801858531122685,8.659825627136744,8.709955215454102,8.609268784224163,8.403990220782607,59.33663630489602,0.4335013007458299
2018-09-10,8.672360353767596,8.755908625776364,8.605521417447392,8.647295951843262,8.612890419235505,8.413531622000672,54.67716204607626,-0.04825984032805227
2018-09-11,8.655650123156244,8.818570725774606,8.64729585379817,8.760086059570312,8.626909051648344,8.427121992101442,60.66492243180771,0.8173283981338026
2018-09-12,8.831101423252182,8.897940350451636,8.797681959652454,8.81439208984375,8.644764579095526,8.442309054758004,63.18673814255645,1.199051795402412
2018-09-13,8.856167710942366,8.889587178664366,8.747554241650128,8.864521980285645,8.665693855399347,8.458866424386539,65.392396495801,2.512068855421547
2018-09-14,8.789326718727219,8.806036050286625,8.580454895146623,8.622228622436523,8.661554309402888,8.465272785094381,49.84698357783992,-1.5736995755102325
2018-09-17,8.53032508594697,8.59716400401885,8.521970021992297,8.56374454498291,8.652239093743843,8.469134422737069,46.945942430217485,-2.843616919987536
2018-09-18,8.505263188331579,8.505263188331579,8.421714117817194,8.471843719482422,8.635058581909421,8.46924066966826,42.73688966733182,-4.429773671682737
2018-09-19,8.521971048254228,8.547035446353885,8.346518667990926,8.363228797912598,8.60917003105258,8.465083341364116,38.3595108459305,-3.0038617144755784
2018-09-20,8.421712799780606,8.438422929981465,8.329809474024465,8.413357734680176,8.590521240921875,8.46305488620004,41.34555244217973,-1.756087065801593
2018-09-21,8.388291936520103,8.388291936520103,8.262969168056031,8.296388626098633,8.562508610938709,8.456518954431356,36.85874261152629,-2.071037889666221
2018-09-24,8.388293858162461,8.413358258240637,8.296390526687206,8.31309986114502,8.538755396672643,8.450894676263264,37.89568044952425,-0.5993969312437076
2018-09-25,8.40500375468514,8.51361641758509,8.379938558524021,8.480196952819824,8.533178402019994,8.452043785147834,47.22797216246886,0.7944416515671819
2018-09-26,8.40500259399414,8.521970306128445,8.379937401294406,8.40500259399414,8.520971182208008,8.450199032553572,44.0221543136642,1.3091716503471391
2018-09-27,8.438423156738281,8.521971419639097,8.413357960763442,8.438423156738281,8.513109465496605,8.449737233501992,45.78365556855373,1.507539879065041
2018-09-28,8.53867984835861,8.56374424255473,8.455130805327913,8.496905326843262,8.511566214196286,8.45158696265263,48.818749086508625,0.19702813645008155
2018-10-01,8.6389399267244,8.680714456483487,8.605520462273708,8.6640043258667,8.526084129593468,8.459917055327692,56.33956496057819,3.0815187619053237
2018-10-02,8.62222855330997,8.62222855330997,8.521970174409013,8.58045482635498,8.531262291189803,8.464644026740526,52.2086063100215,1.6831541507050825
2018-10-03,8.455132192977405,8.480196591287074,8.363228867986718,8.388293266296387,8.517646193580907,8.461649879272128,44.184218911565594,-1.278254333418896
2018-10-04,8.196130472769164,8.371582831415072,8.187775408837751,8.354872703552246,8.50214395643532,8.45746253904782,42.94786365742903,-3.5679993994408505
2018-10-05,8.371582559079942,8.513614657379765,8.363227495420327,8.496905326843262,8.501645039331315,8.459009315039797,49.424841121545285,-0.9737187736842965
2018-10-08,8.329809329443584,8.413357588649145,8.28803480144938,8.379938125610352,8.490053904691223,8.45590848408178,44.903745280914194,-0.09960477561753313
2018-10-09,8.329809410199433,8.3882932718886,8.296389946836644,8.371583938598633,8.478771050777643,8.452601639160873,44.59001185111087,0.20001782958681816
2018-10-10,8.19613229250631,8.22119669308269,8.04574429548216,8.13764762878418,8.446283105825884,8.440250501499042,36.83006358800239,-4.228100517068514
2018-10-11,7.962195478674808,8.087519079018042,7.903711609917736,7.953841209411621,8.399383877595955,8.421175627299535,32.10278049682503,-5.0847262809317675
2018-10-12,8.062453630272106,8.154357760357053,7.995614697546468,8.13764762878418,8.374456615804357,8.410056882259717,40.34827709930648,-2.7944091766893644
2018-10-15,8.229549556986164,8.321452865698705,8.17941997246305,8.279678344726562,8.365430113796949,8.404943998434888,45.823273894347395,1.7453534783196698
2018-10-16,8.313098132456027,8.789326415608311,8.279678673706984,8.538680076599121,8.381930110254299,8.41018855051976,54.09709495733875,7.352911024870246
2018-10-17,8.405005435712138,8.405005435712138,8.137648867334969,8.18777847290039,8.363439478125356,8.40146658669155,44.23950044521302,0.6160360635288509
2018-10-18,8.171067830160572,8.171067830160572,7.811808733639503,7.970551013946533,8.326021529155945,8.38456793677998,39.447365273410185,-3.7335669081506846
2018-10-19,8.020679322886021,8.154357178803643,7.970549728525477,8.003969192504883,8.29534987804632,8.369642495828016,40.51489460694352,-6.2622194448958535
2018-10-22,7.995615607410602,8.003970674147807,7.853582660010197,7.920421600341797,8.259642423026841,8.352025990122675,38.678959196869215,-3.2653163912956575
2018-10-23,7.719903100105226,7.870291081530278,7.703193767048468,7.853580951690674,8.220969901947207,8.33247912587044,37.225590888159616,-1.4675279293889483
2018-10-24,7.7700319874459245,7.828515843009443,7.561160164110189,7.569515228271484,8.158926599692377,8.302558973023423,31.763143747352466,-5.427981464999041
2018-10-25,7.666614599952917,7.767935401973853,7.641284600754222,7.691944599151611,8.114452123450398,8.27861331130296,36.114263360010646,-2.884657063966467
2018-10-26,7.590624070608566,7.641284876057339,7.472416866605071,7.615954875946045,8.06697619511665,8.252626705994846,34.637918793913016,-3.0257035256442366
2018-10-29,7.666615307259178,7.683502511767059,7.497747288311533,7.573738098144531,8.020001138262163,8.22600362333405,33.810964638016316,0.055787850948166684
2018-10-30,7.734161445600284,7.869255842081772,7.683501449532786,7.759491443634033,7.995190691154722,8.207709028051696,40.53774523356024,0.8781504288248775
2018-10-31,7.979021532275454,8.055012343905185,7.9452479276873795,7.995908737182617,7.995259076490712,8.199403134292124,47.80804115571713,4.988919543583494
2018-11-01,7.928362995186814,7.936805793976524,7.776381343802443,7.852372169494629,7.981650799633942,8.185794076849085,44.26905423362208,3.678950443485225
2018-11-02,7.886142851301072,7.945246447009078,7.793264852072949,7.810152053833008,7.965317585748139,8.171063017122965,43.25478395283591,0.652885702200717
2018-11-05,7.843927554891346,7.995909186694877,7.843927554891346,7.93680477142334,7.962602079621967,8.16187641925239,47.16545432756056,-0.7391775932162878
2018-11-06,7.970578960624201,8.063456989172629,7.92836255334912,8.004352569580078,7.966578316760835,8.155699013382888,49.1771502615837,1.9354711774344049
2018-11-07,8.122558362568553,8.181661960628384,8.088784762930631,8.114114761352539,7.980629406721949,8.154068258401306,52.351945982726626,3.8918923143161432
2018-11-08,8.11411576636348,8.147889370184586,7.987464953340887,8.029682159423828,7.985301097455461,8.149190372166895,49.776100939406156,1.170211321499246
2018-11-09,7.945247290866742,8.021238096405723,7.91147368898566,8.012794494628906,7.987919516233885,8.14384151422423,49.25409748160308,0.10546668172652723
2018-11-12,7.953689926268051,7.995907124796549,7.827039135908646,7.886142730712891,7.978226489041409,8.133735679576727,45.408074151094,-2.8095736546083536
2018-11-13,7.911474767864849,7.987465583766615,7.877701161378098,7.93680477142334,7.9742815635539746,8.126012898864829,47.18465822089321,-1.1566757706777366
2018-11-14,7.945246447009078,7.970576444423067,7.734161256364943,7.810152053833008,7.958650181675787,8.11362619905966,43.38364079519386,-2.5289858729277612
2018-11-15,7.827038431981069,7.911472016218411,7.734160442526173,7.877698421478272,7.950940490228405,8.104374129350585,45.88727359669491,-0.10707781386876959
2018-11-16,7.835481226746593,7.911472016218411,7.810151231997992,7.877698421478272,7.943965055109344,8.095484885904613,45.88727359669491,-0.7447121561800453
2018-11-19,7.877701946951864,7.877701946951864,7.776381117387775,7.843928337097168,7.934437748631994,8.085619923206282,44.740110261375406,0.43246639798240144
2018-11-20,7.751048206191977,7.75949100157149,7.641283813997576,7.675057411193848,7.90973485935217,8.069519432539128,39.43146895808735,-2.5723377494615813
2018-11-21,7.590624446620608,7.683502460339835,7.556850843057132,7.658171653747559,7.885776458818397,8.053388147096321,38.9340003217709,-2.7866866181647882
2018-11-23,7.641283813997576,7.7341610049808045,7.641283813997576,7.675057411193848,7.865707978092249,8.038551647649165,39.75255197111985,-2.1528871586531477
2018-11-26,7.658171035526581,7.7763790410692835,7.649728239236943,7.751049041748047,7.854788079392802,8.027277035653043,43.42774383263123,0.9901115585580851
2018-11-27,7.8101539432939315,7.860814755604056,7.759493130983807,7.827041149139404,7.852145514606764,8.019424647946625,46.91512613049112,2.205088930191434
2018-11-28,8.131002081449788,8.35053088488619,8.071898482534657,8.325200080871582,7.897198330441508,8.031415841394663,63.011986666952446,8.47085089851602
2018-11-29,8.266096884349182,8.274540486098418,8.15633247728766,8.173219680786133,7.923486078093378,8.03697677627276,57.30308287334802,5.446625827861829
2018-11-30,8.274540083294655,8.325200080871582,8.232322881829786,8.325200080871582,7.961744554548445,8.048279650962911,61.09866777033703,6.364588127749285
2018-12-03,8.367418058908955,8.392748060048273,8.325200853525946,8.35897445678711,7.99957597380927,8.060463760995233,61.909047294557595,0.4056884589852576
2018-12-04,8.392749122535042,8.485627147180873,8.29987190311553,8.31675910949707,8.029783891493823,8.070514558975697,60.220413657918904,1.7562164522308705
2018-12-06,8.249210490954823,8.325200491064335,8.198549685655633,8.299870491027832,8.055506424782775,8.079508909252251,59.52095882481566,-0.3042520251489042
2018-12-07,8.299870569507654,8.418078579506032,8.147888957399196,8.181662559509277,8.067521294756729,8.083514934752527,54.72943063409702,-2.121215924207817
2018-12-10,8.063455893216023,8.09722949758151,7.962135080119561,8.080342292785645,8.068742342188054,8.083390517420492,50.94386800693275,-2.842655577717248
2018-12-11,8.147888957399196,8.249210568955629,8.122558957123184,8.181662559509277,8.0794966485996,8.087244322992602,54.34470154503792,-1.4242141687191092
2018-12-12,8.249210984061577,8.291427384903894,8.156332969665527,8.156332969665527,8.08681439346302,8.089953681685659,53.348987189630044,-0.3095897644215386
2018-12-13,8.38430567694851,8.426522079188832,8.316758467092482,8.33364486694336,8.110322057604005,8.099510198754588,59.01063847768648,3.1348000490507744
2018-12-14,8.434966146093469,8.451853352100288,8.333645325731462,8.350532531738281,8.133199245616794,8.109354211812773,59.51459942903758,2.0640055856707495
2018-12-17,8.29142725165822,8.299870853781485,8.055012028790342,8.105672836303711,8.130577682825072,8.109209844145752,49.929153439265924,-0.6211140907345015
2018-12-18,8.173218791543034,8.20699238963924,8.021237197497054,8.055010795593262,8.123380836422042,8.107084391261342,48.19941423837547,-3.3434838632894124
2018-12-19,8.012793880757327,8.088784680474545,7.9199166840063535,7.962133884429932,8.108023983851364,8.101400057660111,45.11377358153379,-4.651184170975249
2018-12-20,8.02968091634084,8.05501091397875,7.717274928052933,7.835482120513916,8.082067615914465,8.090971903262222,41.23693165597325,-3.333353334712252
2018-12-21,7.776379885179725,7.860814299050578,7.683502674102783,7.683502674102783,8.044109050027638,8.074992717804989,37.11520573883551,-4.612136853916115
2018-12-24,7.759491249585374,7.801708448736605,7.658170454758079,7.666614055633545,8.008157145799629,8.05897786830807,36.67649871726796,-3.7115656818366247
2018-12-26,7.725718296407582,7.919917106628418,7.700388296892227,7.919917106628418,7.999753332545228,8.053524505104946,46.828125908638626,1.077597840386164
2018-12-27,7.852370733057098,7.979021549224853,7.835483528114064,7.979021549224853,7.997778876990907,8.050602820560629,48.88716731093292,3.8461478788588788
2018-12-28,8.004350279627387,8.021237481887269,7.9199166840063535,7.962133884429932,7.994384115794624,8.047133450516288,48.31150494873278,3.8546329142424254
2018-12-31,7.99590688719864,8.04656687974661,7.92835969365064,8.038124084472656,7.9985498270972935,8.046780142043989,51.101729354212836,1.4925279678155632
2019-01-02,8.021237563654786,8.215435560266306,7.995907565232877,8.114114761352539,8.009556011312078,8.049420715350207,53.788220108125145,1.693104991561409
2019-01-03,8.063455946358767,8.09722955094684,7.995908737182617,7.995908737182617,8.008256270918796,8.047322206402459,49.25500623481861,0.4241934793225816
2019-01-04,8.038126165949196,8.20699419354765,8.021238960576214,8.131003379821777,8.0199464717667,8.050603821046353,54.02406631347948,1.1554847172431335
2019-01-07,8.190105669303085,8.28298367344558,8.156332069222035,8.198549270629883,8.036956262134622,8.056405603382963,56.238570862379206,1.0405880587184275
2019-01-08,8.291426290429603,8.316757093862785,8.206992694664036,8.232322692871094,8.055562588871428,8.063304312774655,57.34488374190333,2.9566865188080893
2019-01-09,8.240767654697887,8.350532072020496,8.22388044962075,8.33364486694336,8.08204661535447,8.073905903134213,60.56576014146979,2.492207636076812
2019-01-10,8.257653338059436,8.35053134747245,8.190106134064257,8.342087745666504,8.10681243728895,8.08442283813548,60.83116830776304,1.750778952452319
2019-01-11,8.595390901366846,9.017561365202528,8.544730091407011,8.789588928222656,8.171838769758827,8.11207641029576,71.70239962244901,6.769246738033432
2019-01-14,8.595390144475743,8.789588154230904,8.553172940764478,8.755814552307129,8.227455510953902,8.137321043315813,70.12056401135759,5.06584684257867
2019-01-15,8.924683940662025,8.93312754375393,8.831806722329986,8.857136726379395,8.287425150518235,8.165549109318306,72.10849565757914,6.174101692714094
2019-01-16,8.924681487895064,8.983785888068457,8.907795091578445,8.958455085754395,8.351332763397869,8.196643461335407,73.97323276151678,1.921206542316476
2019-01-17,8.899353796649134,8.975344612828533,8.865580190038989,8.933127403259277,8.406741776718002,8.225525184548108,72.66536119526717,2.02508687104876
2019-01-18,8.950012575956222,9.02600256964628,8.933125373874356,9.009116172790527,8.464110766820147,8.256254242910556,74.14248187897013,1.7158981633250536
2019-01-22,8.983788170247413,9.017561776686351,8.840250141575343,8.890910148620605,8.504758326991618,8.281142709801147,67.9877623223206,-0.7539797485974791
2019-01-23,8.916240957369531,8.916240957369531,8.806476535136401,8.890910148620605,8.541534690956285,8.305055158382302,67.9877623223206,-0.47259210277543773
2019-01-24,8.939300468549957,8.956279585928106,8.85440731048584,8.85440731048584,8.571332083292432,8.326598380033422,66.02483217860605,-1.7172479446090574
2019-01-25,8.922320428734603,8.981745708804436,8.837426477541651,8.956277847290039,8.607993584625538,8.351291692474858,68.73754501020295,0.7352194272211284
2019-01-28,8.905342254533613,8.973257098812304,8.86289527445723,8.930810928344727,8.638738093551174,8.374017937018774,67.29106607138218,0.4487817226486263
2019-01-29,8.905342051029168,8.93929947239252,8.845916766045498,8.896852493286133,8.663320417335456,8.394521252950828,65.31727093850883,0.4793678595520134
2019-01-30,8.879873515195698,9.024192747467064,8.845916096402949,8.990235328674316,8.6944551707963,8.41788258925371,68.08922535145219,0.379147252500123
2019-01-31,9.066639140852809,9.185489694187236,9.066639140852809,9.168511390686035,8.73960338221437,8.44731901283929,72.59271791091231,2.6615775907526125
2019-02-01,9.21095655474039,9.278871374623485,9.176999144798843,9.253402709960938,8.788536651523566,8.47893013821661,74.44236034016893,4.00759950717256
2019-02-04,9.193979327794278,9.236426301316028,9.160021910898614,9.22793674468994,8.830384279444173,8.508302946313604,72.85397237055643,2.6439954831602193
2019-02-05,9.210959383239114,9.270384666482991,9.193980268250142,9.202469825744627,8.865820998139455,8.535525176879526,71.21744309608495,0.3703811187178012
2019-02-06,9.261892264848452,9.287360119902484,9.21095655474039,9.253402709960938,8.902733542122453,8.563677237000366,72.5457157013177,0.0
2019-02-07,9.21944818244225,9.27887427562567,9.16851245640934,9.210959434509276,8.932088389016437,8.58906085258895,69.66074591206727,-0.18397731421851551
2019-02-08,9.193979275799744,9.244915805659518,9.17700097225227,9.219447135925291,8.959455888722042,8.613781883308024,69.91837604796243,0.18448645311684383
2019-02-11,9.219447071005526,9.244915740560412,9.1600217945948,9.185489654541016,8.980982914038135,8.636201795905396,67.45058959951234,-0.7339252116069265
2019-02-12,9.210959311953475,9.219448059773503,9.134554914311938,9.143044471740724,8.996417348105048,8.656077979271489,64.3912968682815,-0.7373277805795633
2019-02-13,9.210958363852049,9.227936667353251,9.143043530629896,9.168511390686035,9.012807256922285,8.676173407170099,65.40515991251668,-0.552481558691035
2019-02-14,9.04117135100178,9.134554862976074,9.015703488467311,9.134554862976074,9.024402267022646,8.69414915053504,62.83615866400527,-0.5545136239934781
2019-02-15,9.066640023144997,9.151533168129466,9.03268260322946,9.134554862976074,9.034892990446782,8.71141996278763,62.836158664005275,-0.09285319338530895
2019-02-19,8.888363010179166,8.973256151763396,8.811958616027255,8.956277847290039,9.027405833955664,8.721022232768117,50.70855520423524,-2.3148091806004256
2019-02-20,9.015704272003402,9.10908698248464,9.015704272003402,9.083619117736816,9.032759480030059,8.735241718453164,57.080583246958604,-0.5576160634352219
2019-02-21,8.998724822886514,9.015703127359872,8.905341314652524,8.956277847290039,9.0254755150072,8.743909801936963,50.105121896136424,-1.9516771026098123
2019-02-22,8.964767529161291,9.066639786246125,8.95627797200204,9.024192810058594,9.025353352631141,8.754901292451537,53.37748300504431,0.758294505000246
2019-02-25,9.19398025848718,9.270384656638896,9.151533280668586,9.177001953125,9.039796076487699,8.771454259536771,59.77065990949847,1.028035567958181
2019-02-26,9.08361817457865,9.134554708394347,9.01570333589688,9.109086036682127,9.04639512031574,8.784694721385609,56.08930273695204,1.7061573121955373
2019-02-27,9.00721471388452,9.10908698248464,8.973257291017813,9.083619117736816,9.04994026292727,8.796417246732716,54.72810921676992,0.6585221407501909
2019-02-28,9.075128709620603,9.143044358601706,9.041171289934429,9.100597381591797,9.05476475041913,8.808345879472288,55.50340630661432,-0.8325657107132406
2019-03-01,9.16002284788096,9.227937688619324,9.117575870017292,9.202469825744627,9.06883190045013,8.823801720502576,59.93677231031361,1.0251718853729688
2019-03-04,9.21095919797406,9.227937503012775,9.049660847258158,9.100597381591797,9.071857184368383,8.834656452309996,54.128855967704965,0.18691078561218452
2019-03-05,9.10059749420556,9.168512334418317,9.041171401812832,9.143044471740724,9.078636926022892,8.846750100130809,56.04028319218976,0.4664209212769622
2019-03-06,9.083616309983762,9.12606327784896,9.066638008602826,9.092105865478516,9.079919682161522,8.856371894850326,53.17661496053928,-1.1992863041762953
2019-03-07,9.041170820062067,9.09210735174852,8.896851591493938,8.905341148376465,9.063293155134375,8.858292257733705,44.24860914853668,-2.1455320461740888
2019-03-08,8.837426352604076,8.896851631833794,8.794979377607687,8.888362884521484,9.046633129361718,8.859471497999893,43.533065462895294,-2.78552278736485
2019-03-11,8.896851757611485,8.973256151763396,8.879873453138128,8.956277847290039,9.03802786440251,8.863267825423037,47.21046832943259,-1.4939115337866555
2019-03-12,8.939299676672958,8.956278792547034,8.879874390331306,8.930810928344727,9.027816727635102,8.865916574557222,46.000686833836056,0.28600566271293404
2019-03-13,8.939298733207961,8.998724822886514,8.896851757611485,8.956277847290039,9.021003500935572,8.869460153880077,47.450856946448255,0.764088546461399
2019-03-14,8.930809152986765,9.0072127304054,8.89685092798918,8.998723983764648,9.018881642157389,8.874529323679472,49.86741512640527,0.4739260795426594
2019-03-15,9.075129559617936,9.143045214960171,9.075129559617936,9.083619117736816,9.025047116022096,8.882728923446427,54.38558960641457,1.7110225557133358
2019-03-18,9.083618266944336,9.117575686630513,9.06663996190562,9.100597381591797,9.032242379409686,8.891272784550168,55.25413196134071,1.6113784851530208
2019-03-19,9.168509589911327,9.261892264848452,9.160020035023813,9.253402709960938,9.053305268033615,8.905473958095689,62.225493944377334,2.830164883996623
2019-03-20,9.31283172507239,9.37225700883138,9.236427326177251,9.287363052368164,9.075596485589287,8.920450001008335,63.58343801781041,2.2429819215285467
2019-03-21,9.287363375056378,9.406214756312602,9.287363375056378,9.389236450195312,9.105466958408908,8.938833783329393,67.37256717218055,3.171649689583668
2019-03-22,9.380744609902512,9.440169881267456,9.219446288185374,9.236425399780272,9.117939190920467,8.950504042798055,57.67798303855618,-0.18347099670038577
2019-03-25,9.219447071005526,9.236426184042116,9.143043491166882,9.185489654541016,9.124372568408138,8.959719164827192,54.845051225957945,-1.0969033648487767
2019-03-26,9.219447071005526,9.236426184042116,9.143043491166882,9.185489654541016,9.130193243277935,8.968572909521852,54.845051225957945,-2.170003884075777
2019-03-27,9.160022570497826,9.193979989838711,9.05815031247517,9.109086036682127,9.128183033125953,8.97408322823402,50.52771070562641,-1.3786649876604196
2019-03-28,9.26189325756402,9.28736111534777,9.193978430401629,9.236425399780272,9.138491829950175,8.984371156529953,56.65231703575773,0.5545240063938781
2019-03-29,9.278874397277832,9.363767544981943,9.270384839624787,9.278874397277832,9.151861598267095,8.99592030322595,58.49685105105508,1.0166550314565967
2019-04-01,9.397724255118876,9.47412864899931,9.363766836684098,9.414703369140623,9.176894147874098,9.012343168555937,63.804316981355754,3.3550822906686855
2019-04-02,9.474128826334267,9.559022778814604,9.423193102533052,9.491107940673828,9.206819270997881,9.0311182576586,66.4066957323252,2.7573712759009044
2019-04-03,9.508086204528809,9.576001042377614,9.474128785604403,9.508086204528809,9.235511359905589,9.049822883026058,66.97491542864778,2.4702544450674
2019-04-04,9.414703265446066,9.465638987732865,9.33829887240716,9.397724151611328,9.250960197210897,9.063466070029403,59.88424479688509,-0.18034787569568395
2019-04-05,9.482618527634374,9.643916068268162,9.46563941303674,9.60995864868164,9.285150525922397,9.084897151545176,67.09823058424229,1.252232181434601
2019-04-08,9.576002272593849,9.660896235615436,9.567513523978755,9.601470947265623,9.315276280336038,9.105154947455782,66.58255146834966,0.9821612964797735
2019-04-09,9.53355299089328,9.559021659420152,9.45714941413858,9.465638160705566,9.32959645941885,9.119291544053812,58.794886930640374,0.7226644238391886
2019-04-10,9.440170221506738,9.482617192415244,9.372255391896582,9.40621280670166,9.336893254398165,9.130543358275297,55.72415339563004,-2.1201531601588286
2019-04-11,9.380745760480153,9.397724064548893,9.253404836725451,9.312830924987791,9.334601603978129,9.137691890303238,51.19893995406554,-3.006206276758386
2019-04-12,8.998724822886514,9.092107521511783,8.871383896097088,8.956277847290039,9.298570770007835,9.130577614106642,38.38232980883496,-5.3811513261728114
2019-04-15,9.007214486830042,9.007214486830042,8.9138317787028,8.973257064819336,9.267588512370835,9.124408180801257,39.16333828302673,-4.602869941171813
2019-04-16,8.964766071920822,8.97325481809148,8.794978194770058,8.803467750549316,9.2233865350545,9.11182228157569,34.4596484055606,-5.469477310833306
2019-04-17,8.845915742368506,8.8798731598022,8.803468768174216,8.83742618560791,9.186628406535776,9.101061650361268,36.11236276385438,-1.3270207078054266
2019-04-18,8.871384602511974,8.905342023771388,8.778001896450782,8.820448875427246,9.15175416547782,9.090057227814837,35.62864258083433,-1.7029289174294533
2019-04-22,8.86289506293208,8.888363736135348,8.82044889347754,8.871384620666504,9.12505230406722,9.08148183145608,38.298997508616296,0.7714786041324414
2019-04-23,8.896852603801403,9.032683100550862,8.896852603801403,8.939299583435059,9.10736156876892,9.075906057023882,41.76770526804256,1.1527496319352935
2019-04-24,9.015704095786976,9.08361894019296,8.964768367286892,8.981746673583984,9.095398245417973,9.072213532183103,43.89083455320709,1.8286801548852616
2019-04-25,8.973257098812304,8.973257098812304,8.828937852317884,8.930810928344727,9.079723262839568,9.066668332032577,41.9159084770981,0.6698650799085518
2019-04-26,9.032681373622498,9.06663878891546,8.964766543036578,9.041170120239258,9.076051534972873,9.06566840215833,47.43473098797238,1.1395807451511089
2019-04-29,9.075130616523428,9.151535029273916,9.04966274880957,9.12606716156006,9.080814927981177,9.068036980958398,51.270479218638606,1.606819844969952
2019-04-30,9.185490588045004,9.236427122722688,9.126065305595,9.134554862976074,9.08593301702831,9.070645525351248,51.65034207477509,2.2813598481264723
2019-05-01,9.1770018918471,9.236427174631071,9.134554914311938,9.143044471740724,9.091372203191398,9.073484699719463,52.052946807939385,1.1267828184475164
2019-05-02,9.032683160544671,9.100598004566086,8.888363914596972,8.973257064819336,9.080123142394058,9.069554204233183,44.1371870633718,-1.6744353732610733
2019-05-03,8.96476892725817,8.96476892725817,8.54878946727695,8.769513130187988,9.05054123646967,9.05778788760396,36.88790258993516,-3.996272815303382
2019-05-06,8.75253405081973,8.930810715198676,8.75253405081973,8.871384620666504,9.033478701631273,9.050477955567196,42.0159463163611,-2.971218743536307
2019-05-07,8.8628949325473,8.87987404776636,8.735554806839444,8.77800178527832,9.009147566740515,9.039792615555868,38.89602656312768,-2.175968860922707
2019-05-08,8.84591673896961,8.85440629668666,8.710087053931954,8.820448875427246,8.991176262805917,9.031190900256707,41.039204164972205,0.580827515542655
2019-05-09,8.778002464169584,8.794980771092973,8.650661519004395,8.659151077270508,8.959554816564449,9.016601103276857,35.888058071037456,-2.392338428226676
2019-05-10,8.684617199149573,8.718575425397407,8.582744949232096,8.71008586883545,8.935795869161687,9.004580898004646,38.5126482714733,-0.7737058855099984
2019-05-13,8.633683044737866,8.64217260283943,8.523321218244002,8.582746505737305,8.902172120264128,8.988038372817691,34.689243930011855,-2.694901053756491
2019-05-14,8.616703197680629,8.735554572195285,8.599724892526394,8.66763973236084,8.879835702368576,8.975473720250756,39.034599573287935,0.09803103115516701
2019-05-15,8.684618380780805,8.820448875427246,8.65066095952139,8.820448875427246,8.87417981408845,8.969394314571403,45.99927936358758,1.2670713957789324
2019-05-16,8.896850744009926,8.964766382992016,8.888361997544713,8.922319412231445,8.878764537721116,8.967548239969837,50.0925202223103,3.9564596981531084
2019-05-17,8.82893623646617,8.862893652390706,8.616702184535649,8.633681297302246,8.855423276728843,8.954455418688754,40.68294713899937,-0.3917841085596708
2019-05-20,8.75253459898008,8.794980771092973,8.616704095548778,8.659151077270508,8.83673068630424,8.942874856280195,41.72322356141314,-1.8286801548852616
2019-05-21,8.659150164875635,8.667639722247223,8.591235325120435,8.642171859741211,8.818201274250617,8.931082581906118,41.204435089276345,-3.139851192798424
2019-05-22,8.650661619704989,8.761023449622652,8.642172870948897,8.676130294799805,8.804670704779111,8.921084452999988,42.73797073724546,0.4916674131905074
2019-05-23,8.557278749431129,8.65915101911378,8.497853461185123,8.62519359588623,8.787577646789313,8.909480889975919,41.01011260440515,-0.3921571650760624
2019-05-24,8.718576225580309,8.78649106509179,8.68461799621582,8.68461799621582,8.777771965782314,8.900662737279445,43.86160908412688,0.4911512657176019
2019-05-28,8.828937450575115,8.871384428720035,8.744044303894043,8.744044303894043,8.774559807507242,8.894520837930997,46.63949147695751,0.7827684323153119
2019-05-29,8.769510238813599,8.777999794497767,8.684616301189115,8.718574523925781,8.76922787573758,8.887620982479813,45.59805838284952,1.0826531254218879
2019-05-30,8.811959512670683,8.998725738533967,8.803469954765806,8.973257064819336,8.788659227078698,8.890979260218618,56.14360629151876,3.3235666638335197
2019-05-31,8.913830745675833,8.939298606830183,8.837426352604076,8.888362884521484,8.79815481350182,8.890876657250104,52.49099873124998,1.6504786070579613
2019-06-03,8.964768136527582,9.024193421450969,8.837427199337599,8.871384620666504,8.805129080850838,8.89011226365859,51.76565400766517,1.7526958830411608
2019-06-04,8.913831829178,8.998725789489884,8.845916984772014,8.981746673583984,8.82194980396828,8.893705769930175,56.01993938511915,0.09461011429097362
2019-06-05,8.964767120274631,8.973255867437976,8.854405311064193,8.862894058227539,8.825849256754877,8.892497467510465,50.82130045872124,-0.2865412520262606
2019-06-06,8.879874297713219,8.981746563068716,8.879874297713219,8.939299583435059,8.836654049772037,8.894332844605547,53.790112076906496,0.765550877033807
2019-06-07,8.930810110133013,9.066639786246125,8.930810110133013,9.024192810058594,8.854514884085042,8.899425392270372,56.90314783481891,0.4725822049674009
2019-06-10,9.13455291794424,9.176999886202566,9.1090842512241,9.151531219482422,8.882802154122887,8.909311895298295,61.13278997914936,3.2566919942694925
2019-06-11,9.202469825744627,9.210959383239114,9.100597564637084,9.202469825744627,8.913246694277339,8.920808284727563,62.70941910038379,2.943969377614722
2019-06-12,9.185489694187236,9.253404527409389,9.143043530629896,9.168511390686035,8.937557617744833,8.930522132020053,60.93483292083957,1.5992408813182744
2019-06-13,9.15129501943334,9.211557282058957,9.073814498336551,9.142685890197754,8.95709364369273,8.938842279399571,59.55455959052193,-0.09665409069290405
2019-06-14,9.11685721949197,9.185728595458864,9.099638964994464,9.125466346740724,8.97312913922111,8.946160870275696,58.601401272253376,-0.8367696983746631
2019-06-17,9.056594970773828,9.16851034096136,9.013550155541628,9.125466346740724,8.987637444699168,8.95319245758805,58.60140127225338,-0.46948781662679345
2019-06-18,9.289040043836712,9.323475748073813,9.245995208287349,9.25460433959961,9.013062863261114,8.965012531392425,63.6600662913879,1.2241309692357232
2019-06-19,9.280426532160456,9.29764478665796,9.11685721949197,9.125466346740724,9.02376795692584,8.971304837876673,56.257001589543094,0.0
2019-06-20,9.289037505266656,9.297646634226158,9.1943395497473,9.271820068359377,9.047391967538557,8.983089748875996,61.693851766612354,1.6037944369925206
2019-06-21,9.228774070739746,9.289036323767888,9.194338380293434,9.228774070739746,9.064666453557718,8.99272442816477,59.357034764370376,-0.27910721962837365
2019-06-24,9.228774490535663,9.27181931080447,9.168511413754668,9.19433879852295,9.077016200697264,9.00063087406117,57.48132760991986,0.7547280233719064
2019-06-25,9.21155525269486,9.21155525269486,9.13407474866752,9.16851043701172,9.085729937489116,9.00721438633374,56.05061874485148,-1.1142324871058096
2019-06-26,9.17712116241455,9.19433942009075,9.125468031409389,9.17712116241455,9.09443386367249,9.013877397160439,56.439879940875095,-0.5596941471236493
2019-06-27,9.11685932350274,9.185730715363942,9.05659706087713,9.142685890197754,9.099029294770135,9.018928710612883,54.366089320104884,-0.5617903522708261
2019-06-28,9.159903305993211,9.220165563074929,9.15129417754963,9.211556434631348,9.109746165233108,9.026482739005765,57.71268763114047,0.4694982670888146
2019-07-01,9.211556434631348,9.211556434631348,9.14268504910605,9.211556434631348,9.119442381366275,9.033740530991082,57.71268763114048,0.3752295693537162
2019-07-02,9.237383862559811,9.289037817038787,9.228775554323107,9.263211250305176,9.133134654598551,9.04273938272889,60.248494354967114,1.3182708183887408
2019-07-03,9.202945938365296,9.271818134665882,9.185728505048814,9.245990753173828,9.143882854462863,9.050710024707122,58.97873600329298,0.37381650741478145
2019-07-05,9.099639591836036,9.211555790744637,9.073813029322242,9.202946662902832,9.149507979076192,9.056680088950092,55.81239233499581,-0.09346706812918955
2019-07-08,9.125466764082246,9.142684198355605,9.082421946881446,9.091031074523926,9.143938750071214,9.058027186423576,48.518903837402206,-1.8587525549045159
2019-07-09,9.073811818018056,9.08242094471059,8.92745994829103,8.970504760742188,9.127421227277974,9.054594934436071,42.13324709618359,-2.9795183640766223
2019-07-10,9.082422653590886,9.13407578144173,8.987723884178232,9.022159576416016,9.117396308148264,9.053322959611755,45.44704842161951,-1.9644478351218846
2019-07-11,9.099639615807355,9.228774070739746,9.065203925361043,9.228774070739746,9.128003714109358,9.060203395342265,56.24137738272067,1.5151526277566219
2019-07-12,9.762528199922018,9.951924917907862,9.70226594370402,9.814181327819824,9.193353963034165,9.08977115740021,72.71486381630726,9.405006625377833
2019-07-15,9.90027141571045,10.01218762588771,9.848617464470289,9.90027141571045,9.26067943471762,9.121555481255513,74.25010654226793,9.732834271628532
2019-07-16,9.926095962524414,9.977749903261635,9.891660275703444,9.926095962524414,9.324052437365886,9.153106088364098,74.70979906916212,7.555953655811764
2019-07-17,9.986362337206414,10.020798035430776,9.883054421521525,9.891663551330566,9.378110638695855,9.18206912612749,72.84257386633087,0.7894924795317034
2019-07-18,9.90026973707406,9.977750240291272,9.891660609825133,9.943314552307127,9.43193958284931,9.211921887938455,73.89650860838515,0.43476723808171586
2019-07-19,9.908881508635512,9.93470807626288,9.796965287567874,9.805574417114258,9.467523852779305,9.235202379278682,66.48640300071393,-1.2141887995560452
2019-07-22,9.857225108732864,9.917488179606368,9.84861598132071,9.86583423614502,9.50545817500461,9.259933040332264,67.9983110492286,-0.26112205547137185
2019-07-23,9.883054421521525,9.934708379363968,9.848618723297164,9.891663551330566,9.542239639416607,9.284706785861609,68.6511347501749,-0.5194545612013878
2019-07-24,9.891660797369903,9.951923868243409,9.857225108732864,9.86583423614502,9.57305817243836,9.30749609763743,67.1753679003583,0.6145465473760174
2019-07-25,9.917490005493164,9.94331657147292,9.883053489504515,9.917490005493164,9.605861204157865,9.331417427357263,68.62783130099973,0.5235823764289043
2019-07-26,9.926098604839629,9.951925992589224,9.865836342114072,9.88305377960205,9.632260497057311,9.353050225484509,66.5148043059117,-0.08704068515712396
2019-07-29,9.943314969519363,9.943314969519363,9.8744435906613,9.908879280090332,9.658605143060456,9.374847443312188,67.32727555683407,0.4363041473736735
2019-07-30,9.874445697500208,9.891663135382483,9.805574303947552,9.831400871276855,9.675061879081065,9.392751499310803,62.43302531681439,-0.868053652371971
2019-07-31,9.891661725402924,9.917489110062505,9.633393625888692,9.745309829711914,9.681752160093527,9.406577316189278,57.43674387802555,-1.393738746767025
2019-08-01,9.65061304976624,9.805574092422798,9.642003920504932,9.693657875061035,9.68288603770948,9.417835377321504,54.61289658270533,-2.172005520964777
2019-08-02,9.633392316223128,9.650610570322016,9.512867821577078,9.538694381713867,9.669153499043231,9.422574946121205,47.126930268940846,-2.9772612610899767
2019-08-05,9.461213292322196,9.495648977368417,9.33207967865175,9.383732795715332,9.641970574916765,9.421051724536662,41.06508652762421,-3.710267198423909
2019-08-06,9.478432010542912,9.504258570342245,9.392342383196429,9.469822883605955,9.625575556696688,9.422964319009967,45.27645814275303,-2.30908697562911
2019-08-07,9.426780185970465,9.60756778717041,9.36651792590772,9.60756778717041,9.62386053102752,9.430203670702534,51.275788859984104,0.722042270151527
2019-08-08,9.68504810333252,9.771137748211268,9.642003280893146,9.68504810333252,9.629687918866091,9.440197570021358,54.31002943469712,3.2110388709573003
2019-08-09,9.685047453651045,9.693656581763747,9.538695559781608,9.581740379333496,9.625121486529654,9.445748268425756,49.85227378312736,1.1818330406294195
2019-08-12,9.521478233338334,9.58174048879241,9.504259976916224,9.555913925170898,9.618530290209772,9.4500684902589,48.77445603834829,-0.5376372370589815
2019-08-13,9.340691993179403,9.55591530342767,9.280428908021886,9.521479606628418,9.60928736796393,9.45286892619496,47.305911360220556,-1.68887645119511
2019-08-14,9.435388647171123,9.443997775431376,9.289036750793455,9.289036750793455,9.57878730918579,9.446444135002745,38.81099833486572,-3.0548065064605856
2019-08-15,9.357909110639168,9.512870151435504,9.271820282094785,9.409563064575195,9.562670714460971,9.44499781851539,44.38755205473792,-1.5315213358107531
2019-08-16,9.400952878529193,9.547304773714172,9.392343750339098,9.530086517333984,9.559567457591735,9.448334630233767,49.35781465688883,0.09039467668002638
2019-08-19,9.52147812456784,9.624785198885386,9.52147812456784,9.581740379333496,9.561679164424284,9.453566228237678,51.36404452401167,3.151065459128887
2019-08-20,9.676438138274488,9.805572594431071,9.633393319555626,9.753918647766112,9.579987686647314,9.465344754493696,57.41940742243727,3.659634149085354
2019-08-21,9.814181010991234,9.857225830190911,9.71087393751899,9.728092193603516,9.594092877786,9.475648575635258,56.28735970787764,2.07769022777899
2019-08-22,9.71087509255604,9.753919916875583,9.63339457298321,9.650612831115724,9.59947573048407,9.482509918987434,52.91677436938029,0.7187885400315875
2019-08-23,9.693656243702955,9.745309368554535,9.55591348274993,9.56452178955078,9.596146783728518,9.485726070774232,49.37851943802919,-1.9417514647685583
2019-08-26,9.65061176221186,9.667829197425627,9.55591381600702,9.581740379333496,9.594774745214707,9.489491337776556,50.097214802223995,-1.5044246226022593
2019-08-27,9.555913066602976,9.607566189205132,9.538694811727872,9.598957061767578,9.595173061076885,9.4937841112664,50.848633793395464,-0.5352589545567159
2019-08-28,9.633393930894773,9.693657009330147,9.58174080196351,9.642003059387209,9.599633060915963,9.499596619035843,52.76377396362552,0.8100903687738729
2019-08-29,9.710875634127603,9.883054119996364,9.710875634127603,9.805574417114258,9.619246523411038,9.511595748372253,59.259794016342134,2.3360478255447323
2019-08-30,9.883054421521525,9.900272681139608,9.788356456657482,9.891663551330566,9.645191002260516,9.526500368096109,62.20573368663267,3.0493572132834244
2019-09-03,9.805573329982636,9.822790766154746,9.659221427967095,9.710874557495115,9.651446578949525,9.533730728464697,53.46273987515138,0.7142862088272733
2019-09-04,9.840009698220433,10.055233001708984,9.822791439855708,10.055233001708984,9.68990242873614,9.55418179800369,63.87715964562592,2.546088316447657
2019-09-05,10.14993085302897,10.39958984961192,10.124104286765006,10.39098072052002,9.756671789858414,9.586997442023938,70.7501396683737,5.047858397107411
2019-09-06,10.347935216060591,10.365152650735173,10.167147636413574,10.167147636413574,9.795764727625572,9.609748430039218,62.24703110870226,4.698578652386102
2019-09-09,10.132711057581488,10.132711057581488,9.977750054039673,10.020794868469238,9.817196169610684,9.625867898212945,57.39023604497974,-0.3424896592042472
2019-09-10,9.95192505741328,10.0207964429169,9.891661979338853,10.003578186035156,9.834946837841587,9.640680066362837,56.82850224344153,-3.728257658296142
2019-09-11,10.029404213984028,10.038013341964492,9.951924525194746,9.969141960144045,9.847727325679916,9.653560924942493,55.655096394929075,-1.9475046822411963
2019-09-12,10.0294056141619,10.08105956824432,9.977752481091226,10.055233001708984,9.867489771016018,9.6693127710902,57.99047301199456,0.343666682052407
2019-09-13,10.141320671383497,10.21880118314553,10.081058416018202,10.132712364196776,9.892749065604661,9.687485304153203,60.030583910627264,1.290879880779946
2019-09-16,9.977749766557096,10.124101638793944,9.9519232070481,10.124101638793944,9.91478264400364,9.704607513354802,59.68368733287136,1.5543933396616991
2019-09-17,10.05523235861222,10.12410374564285,10.038014101348717,10.046623229980469,9.927338890287148,9.718019894398946,56.51888444946206,-0.08562478589061348
2019-09-18,10.0896679412173,10.124103634354082,9.96914260473272,10.072449684143066,9.941158965892473,9.731919101839893,57.33109989012286,-0.5947339457364159
2019-09-19,10.038013677512929,10.055231934049424,9.96914229339026,9.986360549926758,9.945463878657643,9.741897197843299,53.728286302404804,-1.360526531454246
2019-09-20,9.908880005346704,9.986360517485924,9.771137237548828,9.771137237548828,9.928861341409185,9.743043866067046,45.953388130030966,-2.7420754827308897
2019-09-23,9.452604629732049,9.530085130141575,9.306253576861474,9.469822883605955,9.885143393046972,9.732329317735239,37.72311167110363,-5.982921924999229
2019-09-24,9.685048624000856,9.693657753153898,9.478434450398325,9.504261016845703,9.848868881027803,9.723385462798396,39.06636654912999,-4.827579884291184
2019-09-25,9.581741870774165,9.598959308667904,9.49565221827015,9.521479606628418,9.817688950132624,9.715467586085847,39.76591293112693,-2.5550519335765554
2019-09-26,9.5300864316689,9.616176070772678,9.46982417690324,9.581740379333496,9.795217657675565,9.71022338189948,42.264112258149474,1.1818330406294195
2019-09-27,9.60756800679618,9.65922196018198,9.52147917916883,9.650612831115724,9.78144576943177,9.707885713241295,45.06827689231659,1.5398547452623823
2019-09-30,9.753917280363371,9.831397778993,9.73669984789652,9.788352966308594,9.782103597705753,9.711041291792954,50.27030939901755,2.802855970981556
2019-10-01,9.650612928400434,9.685048624000856,9.478434450398325,9.504261016845703,9.755642399528606,9.702932261402866,41.53385545121379,-0.8086147131987145
2019-10-02,9.44399644720461,9.573130068900102,9.418169066056276,9.538694381713867,9.73498068354625,9.696491560238591,42.83071112031433,-1.1597030298532673
2019-10-03,9.521478961511022,9.650612610505965,9.521478961511022,9.60756778717041,9.722846121986645,9.693004353451604,45.43768542228083,-1.8469417659992875
2019-10-04,9.650611567556547,9.693656386240212,9.590349314006394,9.659220695495604,9.716786557558928,9.691679504119996,47.37583410745079,1.6304232214923844
2019-10-07,9.607567170465412,9.736701632182992,9.555914042587712,9.719483375549316,9.717043397367537,9.692769852019186,49.624138643472264,1.8953222170743866
2019-10-08,9.650612074779838,9.68504776733434,9.564522432887754,9.573131561279297,9.703337508216276,9.688078154343112,44.6365060333293,-0.35842813346680874
2019-10-09,9.547305527107667,9.676439176102608,9.538696398238214,9.60756778717041,9.694216582402383,9.68492088504222,46.01151254677105,-0.5347523361722225
2019-10-10,9.504260089925904,9.650611987207409,9.418170448815022,9.624785423278809,9.687604091057281,9.682562631639735,46.72396489400309,-0.9743105534676195
2019-10-11,9.719482907908542,9.736701163713784,9.435388255215054,9.443997383117676,9.66440345220589,9.673207131697694,40.6570077266928,-1.3489230492134212
2019-10-14,9.40956314941872,9.426780586878143,9.082423627572142,9.142685890197754,9.614716065347972,9.65240237712907,32.9725323008342,-4.8387053546834435
2019-10-15,9.17711989914142,9.271818661301356,9.047986268392638,9.185729026794434,9.573860156914302,9.634101461429672,34.86643032827281,-4.561726596236207
2019-10-16,9.194337722707616,9.263209098674512,9.091030658757276,9.125466346740724,9.531155984516818,9.614154986343832,33.441735645827535,-3.3728412181304215
2019-10-17,9.142684090297116,9.237382030210346,9.030767895302429,9.116857528686523,9.491698988723456,9.594653125259232,33.23282462868059,-0.28250299552478453
2019-10-18,9.159903928440924,9.20294793156047,9.09964084625244,9.09964084625244,9.45436011801193,9.57524087902367,32.791634064029964,-0.9371948627145207
2019-10-21,7.696385339347683,8.118223658315578,7.687777030765642,7.9976983070373535,9.315630421728637,9.513376464435972,17.12296529120913,-12.358470206908027
2019-10-22,7.887018740645239,7.913163320885179,7.756294177203098,7.852159023284912,9.176252193305425,9.448230682430047,16.033288699514163,-13.872088067869784
2019-10-23,7.930592078924656,8.017740940103407,7.799867540474938,7.878302097320557,9.052637898449722,9.386664855563009,17.054400043234768,-13.421834658835731
2019-10-24,7.773723142545264,7.83472742987395,7.634284296581936,7.782438278198242,8.93166650604482,9.323754009391841,16.27292633177872,-2.6915247434339853
2019-10-25,7.78243928185394,8.061317009745826,7.765009008300103,8.017742156982422,8.8446260918484,9.272537858316962,25.31875799915698,2.1087593005501675
2019-10-28,8.009026122298959,8.104890953855104,7.9741664102206595,7.982881546020508,8.762555182721934,9.221963100972003,24.889722492940372,1.3274363867757633
2019-10-29,8.035171889473537,8.183325880220183,7.982881903454254,8.113606452941895,8.700750541790502,9.178498134382588,29.700456789519542,4.2553267100285055
2019-10-30,8.183325293002657,8.226899308583961,8.11360587072728,8.122320175170898,8.645661935445778,9.137079390884091,30.02219480232408,1.3043325183187957
2019-10-31,8.383769586827817,8.479633597969498,8.314050154884562,8.357625007629395,8.618229847082313,9.106512552325084,38.24188955692263,4.6943382467662635
2019-11-01,8.383768276025958,8.444772561657993,8.279189144462018,8.296619415283203,8.587600282149065,9.074752037146972,37.02754000181559,2.25563026014098
2019-11-04,8.566781642350039,8.79337016779043,8.505777359008789,8.505777359008789,8.579807622802372,9.052439304670965,43.635936184137734,4.721030143703027
2019-11-05,8.488349052146782,8.558068486697051,8.418629617596514,8.470919609069824,8.569437335780224,9.029634610725823,42.82926653066142,1.3555836895889306
2019-11-06,8.610357284545898,8.627786725206672,8.558067300321369,8.610357284545898,8.573334473757907,9.013192362640336,47.04635532715932,3.7815145369300507
2019-11-07,8.767226273806287,8.8195154261207,8.697506018851918,8.732366561889648,8.58848038691331,9.00217958614031,50.48785792467079,2.66394467333277
2019-11-08,8.680076993183432,8.68879212935927,8.418628725756236,8.43605899810791,8.573964064169939,8.97997877876649,43.15291196719726,-0.41153278003711385
2019-11-11,8.49706357929461,8.601642723612928,8.453488728048354,8.531923294067383,8.56996018130303,8.962407975444957,45.89178567921766,-0.9109260845573861
2019-11-12,8.479631460278865,8.505776864007297,8.444771753095269,8.497061729431152,8.563017471600945,8.94415910305226,45.041910282300734,-2.694628435382322
2019-11-13,8.366339027474288,8.470918161427582,8.357623891864577,8.462203025817871,8.55341609581208,8.925258864729342,44.16124545091121,0.30990807100595996
2019-11-14,8.53192318002891,8.61907288135657,8.50577860207907,8.601642608642578,8.558009097034033,8.912568031157312,48.49903746266481,0.8171582440699412
2019-11-15,8.601642114921702,8.645216963084403,8.558067266759,8.592926979064941,8.561334609608405,8.900033087938004,48.24674839981421,1.1282164668963384
2019-11-18,8.592926979064941,8.601642114921702,8.523207554453059,8.592926979064941,8.564343406699503,8.887989711119452,48.24674839981421,1.5447981199249927
2019-11-19,8.65393168988667,8.662645994210422,8.5493525579121,8.566781997680664,8.564575653459613,8.875393330200284,47.389112757621085,-0.40527853281055354
2019-11-20,8.540636863034795,8.697505135160869,8.540636863034795,8.64521598815918,8.572255685335762,8.8663667677673,50.24643756689753,0.608512201041981
2019-11-21,8.627787186592418,8.653932595663404,8.55806775797875,8.601642608642578,8.57505443993641,8.855985428193781,48.665175343594306,0.10142794881034971
2019-11-22,8.409914661397327,8.505779509306942,8.348910362633925,8.366340637207031,8.555176934914565,8.836783671684497,41.13655286282807,-2.339750918465061
2019-11-25,8.462203751415242,8.610357744999574,8.409913764394416,8.601642608642578,8.559602237174376,8.82756245352599,49.54284818311919,-0.5040172457956092
2019-11-26,8.44477373207639,8.531923436018872,8.409914016723633,8.409914016723633,8.545346216179068,8.81118408345531,44.02573868632948,-2.228976494865112
2019-11-27,8.43605879816033,8.53192280045902,8.409913390252505,8.523207664489746,8.543237782684846,8.7998908905547,47.72987955667282,1.8749777720631082
2019-11-29,8.479632305474658,8.575497133125477,8.479632305474658,8.566781997680664,8.545480088874925,8.790749365343954,49.12438017208924,-0.40527853281055354
2019-12-02,8.470918127059969,8.479632431513249,8.40991300916058,8.444772720336914,8.535888910918924,8.77718165377505,45.46670230988251,0.4144953627820994
2019-12-03,8.47091821573712,8.488347655947209,8.409913097199102,8.427343368530273,8.525551240215243,8.763462505334079,44.951795684648744,-1.124744341955579
2019-12-04,8.592926979064941,8.636501827227644,8.523207554453059,8.592926979064941,8.531967977248549,8.75677483763725,50.66772633771719,0.3051902265209472
2019-12-05,8.653933586094332,8.662647892327522,8.584214149501369,8.619073867797852,8.540263776348482,8.751374799604333,51.52370040866629,2.064012297704367
2019-12-06,8.662646293640137,8.697506005503275,8.65393198901517,8.662646293640137,8.551919254185782,8.747895250350835,52.98762293002115,2.7921364399193815
2019-12-09,8.697506005503275,8.76722626035064,8.65393198901517,8.662646293640137,8.562464686514767,8.74455215400924,52.987622930021146,0.811357000298657
2019-12-10,8.680076490568915,8.767226185038673,8.645216779005228,8.749795913696289,8.58030575577015,8.744757791644027,56.065275980098534,1.5166600020314782
2019-12-11,8.784654121911675,8.802084390271157,8.732364979075108,8.775938987731934,8.598937492147462,8.745980583647475,56.97519388016257,1.3078300816111248
2019-12-12,8.636503039865666,8.749797328547725,8.627787902785226,8.741082191467285,8.612475082558873,8.745788489836487,55.329803579020755,0.9054496186082744
2019-12-13,8.758511946088952,8.836946512917873,8.749796809525478,8.784656524658203,8.628873315139762,8.747312726496162,57.00152586012286,0.39841627514243866
2019-12-16,8.78465600871219,8.83694599390073,8.77594087266058,8.828230857849121,8.647859747778748,8.750485986549219,58.66733175399344,0.5958549870308737
2019-12-17,8.950240046451201,8.993814063382526,8.871805486181058,8.967669486999512,8.678317818180725,8.759002986566877,63.53562926887457,2.592211016542237
2019-12-18,9.01124618926373,9.037390771026422,8.967671332245065,9.002531051635742,8.709195268985965,8.768553106765657,64.6564653508645,2.4801712664117646
2019-12-19,8.967669575913995,8.97638471183511,8.85437530230282,8.950240135192871,8.732151922910433,8.775678088272606,61.59799672319112,1.382035419194689
2019-12-20,8.932809774781793,9.00252919921723,8.924094638947087,8.967669486999512,8.754582167109392,8.783207162732484,62.239166887336474,0.0
2019-12-23,8.967669486999512,8.98509975866892,8.924094638947087,8.967669486999512,8.774876197575118,8.790440979370407,62.23916688733645,-0.3872418149548753
2019-12-24,8.958953910637886,8.958953910637886,8.897949625036835,8.924094200134277,8.789087435914086,8.795682282145462,59.365212716839736,-0.29212551466397413
2019-12-26,8.93280897969227,8.958953553748215,8.854374426403412,8.863089561462402,8.796135257394878,8.798325704863773,55.50130662442454,-1.1661884471625494
2019-12-27,8.932809370175278,9.01124392689277,8.92409423473532,8.941524505615234,8.809981852463483,8.803941344108928,59.180041653057025,-0.29154711179063736
2019-12-30,8.941525541487106,8.950240677936707,8.819516124556147,8.854375839233398,8.814209851203476,8.805919167447144,53.85287838944973,-0.7812373932564481
2019-12-31,8.854376552122512,8.993815422058105,8.854376552122512,8.993815422058105,8.83131514366582,8.813287648020122,60.049475232086394,1.4749468533423402
2020-01-02,8.976384622834216,9.011244335051934,8.915379503112383,8.967669486999512,8.844301271602363,8.81934183778402,58.46421155833258,0.2923995943628899
2020-01-03,8.967669520745469,9.019959504829368,8.94152494426407,8.985099792480469,8.857710654543135,8.8258421497329,59.23679626098803,1.4763768290457866
2020-01-06,8.906665308366623,8.932809885072437,8.863090459776195,8.897950172424316,8.861542989579439,8.828669915328641,53.84408881095443,-1.0659019018632658
2020-01-07,8.819516272209004,8.86309112406537,8.80208683013916,8.80208683013916,8.855880498204174,8.827627441399642,48.60268835129393,-1.8464402273120994
2020-01-08,8.71493663784157,8.819515777761133,8.706221501734658,8.793371200561523,8.849927231762017,8.82628405940599,48.143827710228805,-2.133850445149211
2020-01-09,8.897949313966897,9.159397549164328,8.845659334479,9.133252143859863,8.876910556723717,8.83832202350222,62.866803199625025,2.644451439667222
2020-01-10,9.673578189079164,9.717152199212258,9.255260876609524,9.281405448913574,8.915433879789417,8.855697844106588,67.23386698420384,5.445511138712956
2020-01-13,9.542853951321597,9.568998524409212,9.412130254762516,9.481849670410156,8.969378240800916,8.88025281768712,72.02712851560186,7.829516736478363
2020-01-14,9.473136408737224,9.499280986994243,9.385987537506775,9.464421272277832,9.01652519617967,8.903161384533815,71.05383888226416,3.625971594801621
2020-01-15,9.438277276055162,9.525426983781069,9.351127568329256,9.455707550048828,9.058352087024351,8.924829861612835,70.54060408528694,1.8779709828930775
2020-01-16,9.446992413051996,9.534141289656691,9.420847833182709,9.455707550048828,9.096195464455255,8.945648594492678,70.54060408528693,-0.2757069693153793
2020-01-17,9.446989962586336,9.516709378233978,9.342410839114876,9.481849670410156,9.13292443645096,8.966676087665912,71.26283963799683,0.18414647479158197
2020-01-21,9.385988116316586,9.507996709787404,9.385988116316586,9.455707550048828,9.163665685365043,8.985853792073085,69.42974338559564,0.0
2020-01-22,9.534141451379316,9.64743574089626,9.516712008211211,9.621291160583496,9.207249063957276,9.010772904563689,73.99298867436801,1.751149870681152
2020-01-23,9.664866046461825,9.691010626859194,9.481852321437776,9.638721466064451,9.248341673681768,9.035398338348033,74.42575149671481,1.6544429737569262
2020-01-24,9.647434289544709,9.691009137591434,9.534140017071651,9.612574577331545,9.283030521648413,9.058032700661112,72.47742404066963,1.6589665707449526
2020-01-27,9.43827794997181,9.595147102630808,9.43827794997181,9.577716827392578,9.311095884100238,9.078412470336856,69.85210414592063,-0.45289486061323336
2020-01-28,9.577715333066942,9.708439883594076,9.542855619150602,9.673580169677734,9.345618197012382,9.10175238011493,72.77300667688097,0.36165277455118794
2020-01-29,9.743300618775162,9.8217351910885,9.621291191718722,9.638721466064451,9.37353279406496,9.122809991328635,70.1128865177924,0.2720071352639117
2020-01-30,9.586431474148483,9.65615090928896,9.560286893751115,9.638721466064451,9.398788858064911,9.143041813867296,70.1128865177924,0.6369434362206031
2020-01-31,9.551570892333984,9.586430606750048,9.499280905149314,9.551570892333984,9.4133395279953,9.15906256204246,63.39385772478699,-1.2612628954706293
2020-02-03,9.481851430968916,9.542855723207428,9.3947017296672,9.534140586853027,9.424844390743655,9.173771504191894,62.11181555523571,-1.0850077946502277
2020-02-04,9.656149897158995,9.725869324991676,9.630005319502024,9.673580169677734,9.4485335125469,9.193371844014868,67.73356927718383,0.36165277455118794
2020-02-05,9.673581152330248,9.699725732643014,9.612576023438834,9.621291160583496,9.46498662188372,9.210152993684225,63.90437306945296,0.7299350969113223
2020-02-06,9.560286028718288,9.62129032116611,9.54285575594968,9.551570892333984,9.473232742878983,9.223541930886178,59.10626019236174,0.18281989154840356
2020-02-07,9.542856426653524,9.577716143519645,9.446992413051996,9.455707550048828,9.471563676895158,9.232646464970989,53.19244147960546,-2.252243903573959
2020-02-10,9.45570599467131,9.551569992504088,9.438275723544768,9.51671028137207,9.475863353512008,9.243786222476913,56.19595854825663,-1.0869734369943267
2020-02-11,9.560285534624123,9.61257468798524,9.52542582200968,9.542855262756348,9.482243535344802,9.255514420134931,57.4559756052863,-0.0912481274115006
2020-02-12,9.656149729392562,9.778159141540527,9.63872028829778,9.778159141540527,9.51042597403011,9.276010291562601,66.73120645657497,3.4101265271262977
2020-02-13,9.77815931142676,9.8130190253431,9.664865033418364,9.673580169677734,9.525964468853694,9.29160126717496,60.42585987864529,1.6483625503733141
2020-02-14,9.656149514681854,9.691009227217412,9.595145225524902,9.595145225524902,9.53255311234619,9.303504951816134,56.14124370595504,0.5479488196015174
2020-02-18,9.717154477647416,9.821734453627,9.708440172250086,9.769444465637209,9.555114193612,9.32177708961304,62.50399148533567,-0.0891238910839158
2020-02-19,9.79558847118407,9.882738169029786,9.778159030287595,9.847878456115724,9.58299650432664,9.3424085157504,64.96696456486362,1.8017970945683146
2020-02-20,9.778157003512089,9.917595826266044,9.752011600905012,9.900165557861328,9.613203080853754,9.364281340931221,66.54463171516566,3.178902717647399
2020-02-21,9.874023324191146,9.969887329751428,9.847878746514914,9.943742752075195,9.644683049541511,9.387005317838828,67.84433578005056,1.7841166614034072
2020-02-24,9.682294306595296,9.839163432053947,9.682294306595296,9.778159141540527,9.657395058303322,9.402344683474189,58.538358838592025,-0.7079627849377044
2020-02-25,9.760729154015438,9.882738569722047,9.534140595326514,9.60386085510254,9.652296562760391,9.410247278440007,50.660969254627766,-2.992926744780581
2020-02-26,9.595143776871325,9.708438033287248,9.542853800402057,9.58642864227295,9.646023427475873,9.417156351531496,49.937183696627564,-3.5933563318266346
2020-02-27,9.429561908623429,9.507996477435755,9.24654819176839,9.255263328552246,9.608808179959338,9.41080760553231,38.64240808277652,-5.347589514746844
2020-02-28,8.871803801467207,8.985098052441023,8.706219576535883,8.775938987731934,9.529487304509109,9.38591079699112,28.57000319324106,-8.620719103096246
2020-03-02,8.82822911542384,9.054817621317271,8.741079434350686,9.028672218322754,9.481790629634219,9.371901440964908,37.7792069748366,-5.8181878232596
2020-03-03,9.011244446310988,9.185543009551594,8.828230747128075,8.897950172424316,9.42618677656661,9.353315116708416,35.24789426193304,-3.860648189507779
2020-03-04,9.019959287108462,9.133252726166916,8.906665016928926,9.12453842163086,9.397458361810823,9.344343481607336,42.44634597098638,3.972218065625116
2020-03-05,8.993814287224119,9.02867400030944,8.77594087266058,8.828230857849121,9.343246218576375,9.32410377087172,36.700577351910546,-2.220053576281769
2020-03-06,8.680076787452249,8.749796212964226,8.357624236679078,8.523207664489746,9.265147308663362,9.292696080425367,31.911710943125776,-4.211559973621079
2020-03-09,8.026456021384831,8.14846542355688,7.6604286459897395,7.913161754608154,9.136386779705724,9.238596695099202,24.910708301528288,-13.276032288394832
2020-03-10,8.209469527792349,8.235614102280058,7.85215729568317,8.009025573730469,9.029019045803318,9.190378219751409,27.598732725703062,-9.279382214957625
2020-03-11,7.895733466958748,8.000312613598583,7.712719752558741,7.756293773651123,8.907807115122157,9.134139614021986,25.052510510584316,-8.997949141070652
2020-03-12,7.23339731873048,7.3118318786647425,6.971949062656638,7.015523910522461,8.727589667065043,9.0510566452573,19.402261235268096,-11.3436053997375
2020-03-13,7.494845631795766,7.52970534412928,6.97194911567193,7.303116798400879,8.591925584335122,8.982509984596263,26.347444278186174,-8.813915860688025
2020-03-16,6.405477973643808,6.858654635866703,6.30961355983881,6.422907829284668,8.385352464806507,8.882133429486004,20.519452414108603,-17.19101910368707
2020-03-17,6.449053140244232,6.910944545405998,6.205034733614209,6.858654975891113,8.239952703957423,8.802781333266596,28.903644619050635,-2.236025942354251
2020-03-18,6.187605517667999,6.562348094659946,6.170175659358647,6.4054789543151855,8.06524091827721,8.708769475268502,25.849625920098383,-12.291161005151169
2020-03-19,6.379333241016622,6.405477816054426,6.126600132661696,6.213749408721924,7.888908393557659,8.610925551090205,24.66232734966638,-3.256444372580052
2020-03-20,6.5362032082070955,6.58849278400548,5.978447317463727,6.048166751861572,7.713599665777079,8.510425206022415,23.65195107116136,-11.817014077519449
2020-03-23,6.030737094677071,6.266040401408778,5.8912982212243925,6.20503568649292,7.5699269058452545,8.420017773884004,26.7151152607027,-3.129247153130256
2020-03-24,6.823794932708193,7.0242388961575015,6.544917242122452,6.745360374450684,7.491396759998152,8.354344934690541,36.208816111629915,8.555397566927377
2020-03-25,6.762791905925564,7.30311794768625,6.69307205472623,7.137533664703369,7.457695512827221,8.306626845671436,42.0742566118711,18.01152245854497
2020-03-26,7.407696905966249,7.956738070495939,7.337977472164499,7.930593490600586,7.502733415472303,8.291880439590226,51.738232104692486,27.808990814732116
2020-03-27,7.538419013490157,7.695288121329689,7.364120466513471,7.416410446166992,7.494512180300369,8.257548282985393,46.340165166213495,9.948320541301788
2020-03-30,7.329261194571257,7.538419463427067,7.276972042917844,7.398980617523193,7.485413936226352,8.22387896277119,46.16433502917085,3.662987316091206
2020-03-31,7.3902648886295665,7.425125428428228,7.102672084258714,7.154962062835693,7.4539423292367655,8.181960652969797,43.66631075242931,-9.780244425391091
2020-04-01,6.858654651356174,6.989379192298657,6.762790652895216,6.7802205085754395,7.389778346316639,8.126990451228842,40.0795182759023,-8.578138200540849
2020-04-02,6.79765016075053,6.989378983053629,6.745360179714757,6.893514156341553,7.342515090128535,8.078618831821498,41.64026156286232,-6.831568932408494
2020-04-03,6.797650115900859,6.806364835642305,6.501342164602253,6.588491439819336,7.270703313908612,8.020182463507687,38.716364637012425,-7.917171580248054
2020-04-06,6.849940718052632,7.215967729377691,6.797651145006195,7.189823150634766,7.263000441215865,7.987619353198946,46.66714964741352,6.041140425171598
2020-04-07,7.555849920599142,7.642999616993482,7.276972221931017,7.303116798400879,7.266821046662057,7.960776115755885,48.035042878773304,5.941855384202269
2020-04-08,7.329261650522142,7.425126486385585,7.13753280991639,7.390265941619873,7.278577703324705,7.938403167750551,49.116176536070064,12.16931841111298
2020-04-09,7.45126969471958,7.564563951027711,7.38155028024088,7.425125122070312,7.292534600348096,7.918274616939562,49.56814949547942,3.272708751045872
2020-04-13,7.407696723937988,7.451271576773626,7.250827586178168,7.407696723937988,7.303502421642372,7.898251954468912,49.33221669151686,1.4319903189828298
2020-04-14,7.486130603324507,7.616854318670214,7.390265769691283,7.555850028991699,7.327535527104212,7.88482442797961,51.447813817897405,2.2405700779900726
2020-04-15,7.215966191996568,7.372835293275078,7.189821618823815,7.259541034698486,7.321059861160809,7.860303510596037,47.20272923948212,-2.2300511392009548
2020-04-16,7.233397596060424,7.250827037202345,7.050383892904061,7.163678169250488,7.306071128597922,7.832984869758956,45.88365959236766,-3.294121827354966
2020-04-17,7.364121755369508,7.486131175167584,7.311832597685458,7.477416038513184,7.322389691446994,7.819040994023828,50.73579910133799,-1.0380564751492607
2020-04-20,7.381550736771655,7.608138432280831,7.268256473456551,7.416410446166992,7.331344049039375,7.80325156077454,49.80076328359052,2.1608723019639378
2020-04-21,7.0590994257989665,7.346692285334664,7.0590994257989665,7.189823150634766,7.317865868238936,7.779195544690627,46.38167172298713,0.36496588437630506
2020-04-22,7.303117533848755,7.486131249810068,7.268257818004751,7.451271533966064,7.330571169736758,7.766335779564174,50.596389590883355,-0.3496462469449356
2020-04-23,7.7475791788652115,7.834728048917627,7.625569763446456,7.66042947769165,7.361986246684843,7.762182591255447,53.72988392817881,3.2902579124483875
2020-04-24,7.608139563868549,7.677859824150015,7.494846114823908,7.634284973144531,7.387919458728623,7.757166998388353,53.275016795469135,6.181818567686544
2020-04-27,7.738863431054432,7.799867718383118,7.66042887241979,7.782438278198242,7.425492679630492,7.758158028969134,55.57040738838564,4.444432641094608
2020-04-28,7.75629348408565,7.782438893110407,7.57327977651809,7.66042947769165,7.447867612779174,7.754325536762174,53.250372119116825,0.0
2020-04-29,7.852157886154585,8.279189569757209,7.843442750296303,8.270474433898926,7.5262111195524835,7.774566669983224,61.830969138343114,8.3333208413407
2020-04-30,8.24433016121286,8.287905010988714,7.930592738844745,8.043886184692383,7.575513506708664,7.785128219579661,57.601976221527025,3.3594600708438893
2020-05-01,7.913161842665156,7.948021553513506,7.808582710120104,7.895732402801514,7.6060105444317925,7.789465638529538,54.95530166728272,3.0716675324157947
2020-05-04,7.83472742987395,7.83472742987395,7.669144008072768,7.782438278198242,7.622813185742883,7.789190055771448,52.95165105290278,-5.900945098147291
2020-05-05,7.939306041863767,7.965451447102082,7.747578056842276,7.765007495880127,7.636355500994049,7.788241720089436,52.63369257318532,-3.4669646288999654
2020-05-06,7.756294790152998,7.791154510268153,7.616855909692376,7.721435070037842,7.6444583170934575,7.785621851459962,51.796413686366975,-2.207487841176441
2020-05-07,7.834727251170651,7.88701723277475,7.7650078297792255,7.878302097320557,7.666729153305562,7.789256370905476,54.59667505412039,1.2317967158296363
2020-05-08,7.913162610795451,8.000312311936476,7.8347280459927555,7.991597175598144,7.6976689649524745,7.797191304422836,56.55948497540997,2.9180870699511647
2020-05-11,7.965451359604635,7.965451359604635,7.756292275600774,7.843441963195801,7.711552107642315,7.7990050557472665,53.31369831072581,1.580106444608891
2020-05-12,7.991597142722146,8.183325985770978,7.913162578242117,7.9741668701171875,7.736563037401827,7.805874146506872,55.72788517643349,1.2168202185244315
2020-05-13,7.956737829264704,7.965452966006001,7.416411818122061,7.451271533966064,7.709392418026992,7.79196816170135,45.575770007786396,-6.761172138179481
2020-05-14,7.372836345162257,7.57327948661904,7.294401783332693,7.564565181732178,7.695599347903676,7.783050397780991,47.79484921154616,-3.555540829806753
2020-05-15,7.451269413592076,7.599423371549885,7.442554279330805,7.581993103027344,7.684779705534502,7.77516579798673,48.1451127395192,-4.918053176934337
2020-05-18,7.730149168921792,7.869588030641955,7.712719726767359,7.808583736419678,7.696570565618805,7.776476305376258,52.59816473984114,4.795318501343472
2020-05-19,7.808583471014017,7.826012912576041,7.643000036129626,7.66042947769165,7.69312855724479,7.771925449388627,49.599016013389836,1.2672809825338975
2020-05-20,7.747577971738085,7.878301672009608,7.712718262924278,7.843441963195801,7.707444119716315,7.774730018557536,53.15258161890883,3.448286705300029
2020-05-21,7.808582854036096,7.860872836832884,7.730148295401454,7.782438278198242,7.7145864205241175,7.775032303249328,51.84051860297655,-0.3348297092530576
2020-05-22,7.895733817626517,7.904448123559309,7.826013552315677,7.88701868057251,7.731008540528726,7.7794239258894535,53.939635494092016,2.957917745222014
2020-05-26,7.991597739671491,8.017742319410711,7.773724302561845,7.90444803237915,7.747526587371623,7.784326832026305,54.29716637616835,0.7777971644287244
2020-05-27,8.01774062327122,8.183324865873358,8.009025488161416,8.148465156555176,7.785711213008152,7.798606766321555,59.08552751762819,4.703241648344619
2020-05-28,8.165894682898806,8.200754392589433,7.991596134445675,8.009025573730469,7.8069792473626585,7.80685848425916,55.50670879346472,1.5469329806266243
2020-05-29,7.988700531639985,8.07707145022212,7.935677811937197,8.041723251342773,7.829335819170288,7.816068867282047,56.17701927968917,1.7366831738446478
2020-06-01,8.094746928283193,8.209628810878899,8.094746928283193,8.183117866516113,7.863029347488938,7.830462945683383,59.05002053540455,0.4252667133645472
2020-06-02,8.253812529212956,8.315671667193927,8.209627069469029,8.28916072845459,7.903613288533286,7.848451094027352,61.10928931313327,3.4977432915554902
2020-06-03,8.333347430781506,8.359858373473884,8.156605565451867,8.191954612731934,7.931074367028395,7.8619218202510615,58.21912931814917,1.8681488618011712
2020-06-04,8.165442827271884,8.297999226269113,8.11242094188713,8.191954612731934,7.955920104714446,7.874864282701292,58.219129318149164,0.10798752211524085
2020-06-05,8.297997988956885,8.439390785923417,8.27148620745,8.28916072845459,7.987657306975412,7.891111202142598,60.3916824875246,0.0
2020-06-08,8.36869422494401,8.474738820609826,8.324508766058038,8.448227882385254,8.031521171300158,7.912958915093291,63.71654132449812,3.128353143644381
2020-06-09,8.351020651393785,8.351020651393785,8.20079057980401,8.244976043701172,8.051850206766922,7.925979194646541,57.118673850875325,0.6472378507423905
2020-06-10,8.280323993284926,8.297998515410848,8.138931187347941,8.218464851379395,8.067718268158586,7.937449220400771,56.29976152029159,-0.8528713508053266
2020-06-11,8.068235685176397,8.08590936650794,7.811960985111328,7.829634666442871,8.045043639423756,7.933221198676932,45.90460672510091,-7.322165364788083
2020-06-12,7.926841717815275,8.068234519103395,7.8473080563988145,8.050559997558594,8.04556900686517,7.937822720201703,51.395819323737264,-2.357994069504958
2020-06-15,7.900330705176109,8.16544265480326,7.873819763043691,8.1477689743042,8.055302337097459,7.9460559066370955,53.62643132498745,-0.8602078168324788
2020-06-16,8.130093139904824,8.236137734100438,8.015211285501028,8.059396743774414,8.055692280590502,7.950500645348363,51.32055565822186,2.9345184944105136
2020-06-17,8.050560508214236,8.271486984932418,8.050560508214236,8.244976043701172,8.07371930564866,7.962048700185728,55.63473747257795,2.414938168295579
2020-06-18,8.183117178069976,8.262650847234886,8.103583508905064,8.1477689743042,8.080771655044426,7.969331848190374,52.98583705022145,0.0
2020-06-19,8.200791205443414,8.280324877972413,8.085909327653491,8.094746589660645,8.082102601198352,7.974250073346071,51.54423375451702,0.438616524413405
2020-06-22,8.130095313531443,8.183118046188936,8.04172521612595,8.085909843444824,8.082465195698017,7.978628887859748,51.293756506623104,-1.9292499991903287
2020-06-23,8.359857822850683,8.45706516816527,8.306835098190605,8.324509620666504,8.105517045695017,7.992192838165895,57.323992545928746,2.1691906940377863
2020-06-24,8.244975790002279,8.289161252539849,7.979863857544461,8.015212059020996,8.096916570773681,7.993095552709232,48.876282674991465,-0.9825450340994895
2020-06-25,8.006377074638083,8.218466321481644,7.99753981199433,8.20962905883789,8.107651093446464,8.001587062753494,53.513639642950196,1.5300592980685344
2020-06-26,8.536600487457184,8.589623222388672,8.368696705248402,8.42171859741211,8.137562284300335,8.018062809210695,57.99042324977908,1.1677441816425267
2020-06-29,8.39520454271863,8.465900934604338,8.333345410510505,8.457063674926758,8.16799098816952,8.035278529434855,58.704165134161414,5.512662829780837
2020-06-30,8.448230015596826,8.571948320395874,8.41288180811599,8.536600112915039,8.203096619097664,8.054938199375254,60.337209650906786,3.982775004007704
2020-07-01,8.44822993755806,8.598459185888085,8.421718150116522,8.554274559020996,8.2365421371856,8.074520017400577,60.709043339531576,1.5739775685406958
2020-07-02,8.837059552922868,8.872407757423852,8.73985220123708,8.766363143920898,8.2870012806842,8.101651120401375,64.95475709077097,3.6572914770778207
2020-07-06,8.978452511075242,9.040311659225631,8.898918839014634,8.934267044067383,8.348645639101646,8.134302725251022,67.91101463007132,4.658376003237081
2020-07-07,9.128682228452698,9.190541374131152,9.031474879134034,9.049148559570312,8.415360202955805,8.17017903247923,69.78883774097785,5.785107750924853
2020-07-08,8.92543153808373,9.1640317359102,8.92543153808373,9.137520790100098,8.484137401731452,8.208114003366322,71.18571082440928,4.233883995971366
2020-07-09,9.146356308227212,9.164029987806645,8.969614455827227,9.040310859680176,8.537106302488473,8.24074917420216,67.48910871412185,1.1869335793271278
2020-07-10,9.066822654088302,9.19054093959572,9.03147445211938,9.1817045211792,8.598496609030446,8.277649383887534,69.93467675683614,1.4648445733460362
2020-07-13,9.270075987840649,9.393795134574944,9.225890518094989,9.252402305603027,8.66077334203736,8.31587498866069,71.10507326797496,1.2572503870786949
2020-07-14,9.111008691828689,9.35844612121582,9.084496906604317,9.35844612121582,8.727218368625785,8.356760131113832,72.81456740164957,3.5190743600922967
2020-07-15,10.348196609931788,10.781212319055108,10.29517388261758,10.524937629699709,8.898429726823302,8.441786699685828,84.01658896681263,14.62945257519569
2020-07-16,10.604472023109018,10.843073048157477,10.524938348092864,10.807723999023438,9.080267276556649,8.534568554561814,85.56903690835638,16.809922894063366
2020-07-17,10.701677342571806,10.922603800993938,10.622144525464586,10.84307098388672,9.248153343921418,8.625098061594164,85.7552799609259,15.864010364981642
2020-07-20,11.063997773660898,11.14353059315002,10.896093188281723,11.117019653320312,9.426140611483218,8.722820476955974,87.1404757766499,5.625515746049096
2020-07-21,11.125857000160329,11.161205201128949,11.010975136320411,11.03748607635498,9.579602084328148,8.813591676932406,84.5692757319112,2.125906225513381
2020-07-22,10.904932290220415,11.010976910210276,10.834235876893842,10.869584083557127,9.702457512826145,8.894218830133376,79.25283741850582,0.24451651851958023
2020-07-23,10.825397052647654,10.95795259781793,10.754700649521158,10.81655979156494,9.80856249175365,8.969604750189516,77.59386463317058,-2.702701543445007
2020-07-24,10.825397913456491,10.957953469167258,10.745864242922964,10.89609432220459,9.912136951796596,9.045153360856775,78.32671402355233,-1.2810141111143656
2020-07-27,11.205391445511124,11.223065125845803,11.090509573648935,11.19655418395996,10.034462402478821,9.129522020586311,80.87198023008364,3.0081197025510233
2020-07-28,11.267249716967958,11.30259791766343,11.10818239245455,11.117019653320312,10.137563093035153,9.207463104222938,78.25223450437085,2.7777765532224024
2020-07-29,11.187717681767012,11.41748144108644,11.178880419616023,11.35562229156494,10.25356873099037,9.291704640981449,80.31264020855205,4.217364091864563
2020-07-30,11.23190524746669,11.479342734532734,11.214230719863757,11.443994522094728,10.366942615857452,9.376108165730988,81.02951259229629,2.2099686570467285
2020-07-31,11.461666909073667,11.47050332845695,11.27608861774147,11.35562229156494,10.461102584972451,9.453736170665653,77.97193580920988,2.1462824181781834
2020-08-03,11.30259954295238,11.461666890339323,11.231903131395448,11.417481422424316,10.552186283777392,9.53074578838168,78.58119496375568,0.5447445262892048
2020-08-04,11.267251300192296,11.267251300192296,11.134695739650056,11.1700439453125,10.61102987059026,9.595031990614261,70.2154475634762,-2.3938370142813032
2020-08-05,11.205392478626148,11.249577104920409,11.13469606523406,11.17888069152832,10.665110901155789,9.657143704375597,70.33690223076397,-1.5564237300134982
2020-08-06,11.39097057596289,11.435155201487149,11.249576908875046,11.337947845458984,10.729190610137046,9.72305759226122,72.50996019225808,-0.696594756958618
2020-08-07,11.21422787886143,11.258413343906996,11.081672326492374,11.134695053100586,10.767810080895478,9.778415924058843,65.86975432173905,-0.31646153215671274
2020-08-10,11.16120651200501,11.223065660273514,11.063999158616262,11.125858306884766,10.801909911942076,9.831256801816723,65.58853035969774,-0.47430852968791937
2020-08-11,11.17887992617651,11.311436324287111,11.161206245422363,11.161206245422363,10.83612861036877,9.88341168195812,66.20998727664104,-1.5588500004205674
2020-08-12,11.240739557774992,11.302598702596107,11.161205889994903,11.276087760925291,10.878029481850342,9.938026430152911,68.21884087123516,1.2698390674411222
2020-08-13,11.231903058015002,11.32027399326767,11.187717590388669,11.29376220703125,10.917623074724714,9.991192539050102,68.52883473310077,1.5091321093185608
2020-08-14,11.258412547821306,11.28492433063458,11.178878884916664,11.24073886871338,10.94839600748554,10.040194355899644,66.43526247444868,0.7125808944139597
2020-08-17,11.302598425753285,11.443991234891248,11.302598425753285,11.373294830322266,10.988862562041419,10.092472805877001,68.98612753502175,0.8620637889483562
2020-08-18,11.390968131508044,11.47933820636042,11.3291081520671,11.470500946044922,11.034732884327466,10.146513125099274,70.74213313845222,1.5649235017861292
2020-08-19,11.337946640513524,11.51468765213046,11.293761176917387,11.31143569946289,11.061085533387983,10.192196363309613,64.32399168060184,0.6289340191531549
2020-08-20,11.19655364606577,11.417480117625445,11.178879123812544,11.329109191894531,11.086611596102893,10.236781180116864,64.70712500682681,-0.38850341160532775
2020-08-21,11.24073966354936,11.24073966354936,11.108183268412656,11.134695053100586,11.091190972959815,10.271993488861325,57.404041087946396,-2.927560832119745
2020-08-24,11.276088010988335,11.373295361115463,11.205391603119944,11.30259895324707,11.111325066320505,10.312409389425472,61.450630053861516,-0.07812223355731858
2020-08-25,11.178879741813397,11.364458021893531,11.134695119272893,11.320273399353027,11.131224907561698,10.35193346824616,61.86135928815974,-0.07799194439599469
2020-08-26,11.408644428151092,11.435155372415466,11.346785277278316,11.38213348388672,11.155120962449795,10.392333468859515,63.33385149310404,2.2222290741337587
2020-08-27,11.399806823673831,11.40864408575264,11.240740320093808,11.29376220703125,11.168324890505172,10.427683615454486,59.78285881037895,-0.07818331210700567
2020-08-28,11.34678434143086,11.452828952509844,11.284925195660032,11.320273399353027,11.18279617706211,10.462687136391684,60.498394724169785,0.0
2020-08-31,11.178879675378504,11.205391460066432,11.134695053100586,11.134695053100586,11.178215117637203,10.489040388027329,53.343772749331194,-2.173919600718304
2020-09-01,11.11702051553478,11.23190238739697,11.072835050546606,11.19655418395996,11.179961695382227,10.51678602708351,55.24378914675068,-0.860723125645157
2020-09-02,11.258413830548148,11.267251092492778,11.17888015858184,11.249576568603516,11.186591683308064,10.545522911064687,56.86528121255145,-0.6245152237538023
2020-09-03,11.240740027205169,11.249576446286037,10.949117128344668,11.019813537597656,11.170708050383263,10.564122543477744,48.64145938626291,-1.0317437069903372
2020-09-04,11.07283506009533,11.099346844771684,10.781212170796614,10.993301391601562,11.15381217811834,10.580953086541424,47.78274835628054,-1.8153155785158797
2020-09-08,11.046324108660762,11.24957606773165,11.046324108660762,11.19655418395996,11.157882845341351,10.605094306048032,54.42537536127709,-0.47132782572045273
2020-09-09,11.170043662292658,11.311436481359909,11.170043662292658,11.267251014709473,11.168298861471648,10.631061235799462,56.498284875619305,2.2453871498605986
2020-09-10,11.311436070515208,11.373295215918413,11.125857791537944,11.134695053100586,11.165098498769641,10.650811581575978,51.74584400598378,1.2861801606480332
2020-09-11,11.311435964075594,11.382132370376196,11.205391354624693,11.276087760925291,11.175668904689227,10.675332216060264,55.997617144963044,0.7103397675623346
2020-09-14,11.647244002482225,11.744451347842151,11.585384016555343,11.700265884399414,11.225630521804483,10.715525693250035,65.748097248676,3.843127921128566
2020-09-15,11.77096168600155,11.921191748352896,11.762125267979616,11.788636207580566,11.279250110926014,10.757608458517899,67.37030217912418,5.873004616304089
2020-09-16,11.965377731373296,12.142118741033718,11.965377731373296,11.983052253723145,11.346278886430502,10.805665077937713,70.66228559007534,6.269590196412602
2020-09-17,12.018401130631064,12.106771219040498,11.938867461125213,12.080260276794434,11.416181875988972,10.855649203383074,72.17393496794499,3.247741514162394
2020-09-18,11.991889013529915,12.053749000747874,11.877007143288145,11.93002986907959,11.46511978009284,10.897781778508428,66.47343034251682,1.199406436921869
2020-09-21,11.938866854556876,12.036074199698817,11.850495927869574,12.027236938476562,11.518654747557957,10.942074137722864,68.222386354538,0.3687264631570788
2020-09-22,12.027236936593042,12.23932699205583,12.000725995698048,12.23048973083496,11.586448555489099,10.992600239413536,71.56279796282519,1.2435945136803777
2020-09-23,12.16863174576088,12.20397995124039,11.98305345630153,12.009564399719238,11.626745302558636,11.032481186876504,63.72197563301507,0.666675033612339
2020-09-24,11.59422112660553,11.66491753008496,11.505851043640044,11.53236198425293,11.61775641510095,11.052084355401071,50.779804756775285,-4.114618816899407
2020-09-25,11.903518914076887,12.000726261355464,11.75328884106696,11.991888999938965,11.653388089847427,11.088939439500596,59.34317068613766,-1.9508681675636006
2020-09-28,12.080259586479889,12.115607788377254,12.018400443851396,12.04491138458252,11.690676022679341,11.126428535386161,60.20352757195457,0.29432362146380264
2020-09-29,12.053748657587311,12.09793327792671,11.921192268266289,11.983052253723145,11.718521378016845,11.160021622379768,58.644332613414846,3.9080482392559124
2020-09-30,12.000726686249903,12.318860523598882,11.983053005558794,12.2039794921875,11.764755484128337,11.200961146685954,62.39064902859903,1.768616205917305
2020-10-01,12.230490261056351,12.283512145144964,12.115608388507487,12.159793853759766,11.802378185997997,11.2385624293163,61.19662397516707,0.9537842621598329
2020-10-02,12.097933957369255,12.142119422957805,11.99188934561734,12.080260276794434,11.828843147026229,11.271570188040933,59.00757359600415,0.811212544292181
2020-10-05,12.52211460771002,12.548625552836578,12.389559039309477,12.416069984436035,11.884769512493829,11.316452532997603,64.7422657290787,1.7378797824456114
2020-10-06,12.495602817169203,12.539787441801488,12.274676322937012,12.274676322937012,11.9219034944408,11.35402993652464,60.88033154003114,0.9447731644046321
2020-10-07,12.645831945636427,12.884432103148557,12.628157422904165,12.84908390045166,12.010206390251358,11.412659503737464,68.97654632977853,6.364296844945449
2020-10-08,13.114195132241152,13.167217012032808,13.008150529890257,13.07884693145752,12.111981679890041,11.478000187177466,71.5159581981181,5.338057435664407
2020-10-09,13.229078169676384,13.485352858796231,13.1848927040831,13.432330131530762,12.237729151474872,11.554640577152105,74.9175780702649,9.431236947816751
2020-10-12,13.564885730294082,13.785812202495825,13.529537528452506,13.741626739501951,12.380957493191737,11.640404740381511,77.45464700478495,6.946353887680019
2020-10-13,13.79464990470422,13.9713917731285,13.768138961547654,13.891858100891112,12.524852789163106,11.728697029028947,78.58756626329983,6.216229715771965
2020-10-14,14.14813246616107,14.687193635199902,14.11278426186079,14.457429885864258,12.708907750753692,11.835706160669547,82.21158884347385,7.631585468013469
2020-10-15,13.414655161453592,13.520699763023204,13.361632439284996,13.4853515625,12.782854780443817,11.900398137211917,62.600528726218535,-1.864955160405119
2020-10-16,13.635584293433704,13.75930259808858,13.635584293433704,13.706280708312988,12.870800106907547,11.971217061568822,64.66365627498469,-1.3358716395628827
2020-10-19,13.58255873298154,13.626744193773549,13.36163227178906,13.37930679321289,12.919229315127103,12.026436266731334,59.43768211470131,-7.45722511651605
2020-10-20,13.538374122005717,13.609070526603585,13.476514978674489,13.582559585571287,12.982403626597977,12.087460710607411,61.519559430764595,0.7208415933449068
2020-10-21,13.697442163445604,13.829997718242849,13.520701142793383,13.556049346923828,13.037036552343295,12.145052421835507,61.079219925028724,-1.09607678834451
2020-10-22,13.5030261061865,13.591397034538064,13.370470556426785,13.564886093139648,13.087307937181043,12.200732173651355,61.17896809527489,1.3870621460066916
2020-10-23,13.532729714222716,13.66671765163102,13.514865167023078,13.595257759094238,13.135684110696586,12.25541945151186,61.54376494630535,0.09348881146407947
2020-10-26,13.416606278187237,13.479133463035916,13.264753813381304,13.32728099822998,13.153931433318814,12.29745323765767,56.4990316385622,-1.6875738855713176
2020-10-27,13.2200916537477,13.309416085081509,13.139699069238947,13.26475429534912,13.164485991607414,12.335386612469101,55.35879791713592,-2.2125640844291263
2020-10-28,12.95211666288535,12.996779304510486,12.764534249555007,12.844926834106444,13.134051786131131,12.355368581945076,48.309081398765215,-5.519063619708702
2020-10-29,12.916386090527872,12.916386090527872,12.69307374515351,12.755600929260254,13.098008847381523,12.3710639681143,46.93941764007807,-4.289547650759764
2020-10-30,12.710939925309864,12.755602570505214,12.550155595223352,12.746670722961426,13.064548073627229,12.38579364477497,46.79657167623748,-3.9057155590838475
2020-11-02,12.827062681608368,12.898522574396338,12.657345649204215,12.728805541992188,13.032572594423891,12.399245091724666,46.491756321084864,-0.9040245508127412
2020-11-03,12.710938075308944,12.916385872558212,12.684140832839551,12.773466110229492,13.007895786405378,12.41392042578368,47.41389307321538,0.14005754074868468
2020-11-04,13.095035338046088,13.27368503771793,13.059305398111718,13.112900733947754,13.01789625759989,12.441331418260702,53.91452113914583,2.873142477326363
2020-11-05,13.336214899763553,13.44340473426129,13.27368685740473,13.407674789428713,13.055018022535968,12.479227236737879,58.69039788496677,5.333330336432143
2020-11-06,13.461268438708798,13.523796477156344,13.237956084506626,13.336214065551758,13.081798598061281,12.512834563358032,57.14434237494316,4.405601036288772
2020-11-09,13.711377257404664,13.764971738989953,13.24688720703125,13.24688720703125,13.097521322725088,12.541620941541296,55.18731618977488,1.0217912558174174
2020-11-10,12.98784637451172,13.050373560551945,12.862791150562249,12.98784637451172,13.08707608956191,12.559119978128372,49.85514337146072,-3.131254460676553
2020-11-11,13.264753954029324,13.479133605957031,13.246888557100842,13.479133605957031,13.124414900647158,12.595198943925574,58.11981283780714,1.071665014544444
2020-11-12,13.25582021935354,13.541659732912986,13.25582021935354,13.354077339172363,13.146287513840035,12.624958880994075,55.607425752796566,0.8091722263945779
2020-11-13,13.40767484707176,13.657784461975098,13.380876749430303,13.657784461975098,13.195001508900516,12.665461844954116,60.116522598941955,5.158192267950687
2020-11-16,13.657783645942214,13.872163303050488,13.639919100451042,13.809636116027832,13.253538138150736,12.71033142421191,62.18473715154767,2.4519566296511592
2020-11-17,13.541660616400913,13.71137847755131,13.514863373223635,13.648850440979004,13.291186928896286,12.74713609153611,58.71298100064244,2.2073640456009938
2020-11-18,13.541661124940664,13.577391067808488,13.380875956100942,13.389808654785156,13.300579474219035,12.77233893715372,53.52793018319572,-1.9620737751135116
2020-11-19,13.33621247883196,13.33621247883196,13.184360027892108,13.24688720703125,13.295465924963056,12.790948673227348,50.85922331193587,-4.075045166059377
2020-11-20,13.38087607217636,13.434471412877537,13.309416185820815,13.31834888458252,13.297645254450623,12.811631034456962,52.143970196105876,-2.421460751040204
2020-11-23,13.666715510807933,13.747108090285993,13.604187475731116,13.73817539215088,13.339600505660172,12.847966107307704,58.936249039199936,2.601730512715188
2020-11-24,13.86323192546962,13.934691813591089,13.80070388446154,13.872163772583008,13.39032081679568,12.888130721632226,60.84625244538479,4.72017731999613
2020-11-25,13.541661161791875,13.630986445139031,13.434471332896706,13.488066673278809,13.39962994598455,12.911657621696799,53.20619999634465,1.2743155339079337
2020-11-27,13.398740881448184,13.496998007905963,13.300483754990406,13.32728099822998,13.392739570007924,12.927956577639277,50.35581735799163,-2.990894949235101
2020-11-30,13.318350036612369,13.613122306293876,13.25582284360996,13.595257759094238,13.412027016587572,12.954125251421825,54.71065002711751,-1.9961270500283996
2020-12-01,13.836432516030186,13.854297912300414,13.684580055209178,13.73817539215088,13.443088766641221,12.984872315764141,56.88297721601716,1.8542962822652866
2020-12-02,13.872163470288273,13.898961566651648,13.639919264888976,13.764973640441896,13.473744468907952,13.015464524575034,57.29659285629088,3.2841855909697304
2020-12-03,13.666715415608897,13.684579959885705,13.550592896268242,13.613120079040527,13.487018336539625,13.03890199729917,54.127951838065776,0.13138640151445802
2020-12-04,13.773904737774933,14.077609646296574,13.764972040025722,14.068676948547363,13.542414394826077,13.079285328720669,61.08144797594562,2.4057165304885406
2020-12-07,13.97042105349753,14.050812784680382,13.890028470445658,13.952555656433104,13.581475467360079,13.113531223925078,58.641319121643086,1.3627488209645815
2020-12-08,14.024015653828936,14.318788744681363,13.988285711281524,14.300923347473145,13.649994313085132,13.160095620926963,63.3691422288867,5.0525027652668335
2020-12-09,14.345585744354992,14.37238384130234,13.80963658344399,13.872163772583008,13.671153309227787,13.188019862168376,55.03111185734735,-1.3968134792138083
2020-12-10,13.988287217216566,14.024017163610552,13.818570184812415,13.845367431640623,13.687745130409962,13.213798198226112,54.54804065724487,-0.7682336299662722
2020-12-11,13.943621369145047,14.11333921444311,13.943621369145047,14.059743881225586,13.723173582868592,13.246972538735895,57.74383758238382,-1.6864607996809733
2020-12-14,13.997217762888477,14.068677644680193,13.979352366506056,13.988285064697266,13.748422295423703,13.27604361818536,56.322261594645994,0.8370813235622285
2020-12-15,13.96148894059946,14.059746072968268,13.83643371150993,13.943623542785645,13.767012890410555,13.302223223071646,55.404204810509036,0.7096677761001705
2020-12-16,14.015082307401912,14.068677644680193,13.872162543818485,13.988285064697266,13.788086430818813,13.32912760901775,56.17353118658469,-0.5082511966931453
2020-12-17,14.068678380290274,14.604628373620374,14.050812982973722,14.479572296142578,13.853942227516315,13.374243086944213,63.61026511723171,3.512133397146671
2020-12-18,14.45277627166018,14.524236159006636,14.390249083199294,14.488505363464355,13.91437681189232,13.41793964680775,63.73077809444138,3.907749079762196
2020-12-21,14.21159817991804,14.23839542407771,14.095475652734097,14.229463577270508,13.944385075261671,13.449764114669033,57.757444170983085,1.724146394341884
2020-12-22,14.640357887947957,14.952995535077546,14.61356149493618,14.810075759887695,14.026831807130817,13.503109669383491,65.5511396554887,2.2825499053805944
2020-12-23,15.095914714061934,15.122712809753445,14.80114247640748,14.819007873535156,14.102277146788373,13.554713520526693,65.65611696118718,2.281135988700591
2020-12-24,14.899400827406732,14.90833352619272,14.756481054307136,14.827940940856934,14.171387984318711,13.604644007598468,65.76846822100293,4.2059024947532535
2020-12-28,14.944064655915122,15.042322652224914,14.93513195591075,14.979795455932615,14.248379172091465,13.658571515376279,67.70269175996172,1.145974529749516
2020-12-29,15.095916778127163,15.095916778127163,14.890469794282268,14.97086238861084,14.317187097474262,13.710033902561948,67.46120573036073,1.024727946510348
2020-12-30,15.069119550649194,15.185241233970046,15.03338875348082,15.122714042663574,14.393903949397053,13.765433123742405,69.45564422589771,1.9879570803686055
2020-12-31,15.194174671927003,15.212040071379718,15.086983978948986,15.140580177307127,14.465015971102774,13.819360459176316,69.69103318227377,1.073343904110749
2021-01-04,15.533606540764332,15.569337334604496,15.238834306535074,15.408552169799805,14.554876561454872,13.881681702730178,73.0462308032116,2.9236110106919395
2021-01-05,15.471078797216617,15.783716417088636,15.471078797216617,15.765851020812988,14.670207462346122,13.95557069559617,76.74303838763807,4.252788066579998
2021-01-06,15.542540441336328,15.890908893269811,15.48894595016893,15.837312698364258,14.781360341966897,14.029364499626292,77.4103715390457,4.601755764296279
2021-01-07,15.506809912701936,15.676526069641112,15.417484633201424,15.676526069641112,14.866614220793013,14.093959070999421,72.37816239779382,1.739124460807718
2021-01-08,16.141014934480083,16.623370384915223,16.096353149989955,16.605504989624023,15.032222865443584,14.19245106780823,80.33309055626758,5.325776373901935
2021-01-11,16.68589866886968,16.846683829654527,16.56977529553041,16.75735855102539,15.19652150216566,14.293035674993217,81.28204611304241,5.809355855909563
2021-01-12,16.900278543095112,16.9181439398093,16.560844524215558,16.614439010620117,15.331561264875608,14.384071099919762,77.4922209441028,5.982913158262477
2021-01-13,16.998537358214705,17.034266449664212,16.435789260176687,16.462587356567383,15.43927803551292,14.465581541356924,73.56737677873298,-0.8606641782104365
2021-01-14,16.58764106356354,16.659100947319942,16.20354354947114,16.27500343322754,15.51887093053336,14.536539262606752,68.92338261901945,-2.878467488352071
2021-01-15,16.248206353758842,16.417922505658797,16.176746473027823,16.2303409576416,15.586629980734145,14.602962858490471,67.8255613226704,-2.311832814415198
2021-01-19,16.149949594480308,16.239274878052203,16.033827918453497,16.185680389404297,15.643682400607492,14.665030212643956,66.68179194244888,-1.6820379516626836
2021-01-20,16.40899271587141,16.498316295538693,16.337532829894744,16.435789108276367,15.719121134671195,14.734471737962874,69.75754447574081,0.9879302066416971
2021-01-21,16.426857286701825,16.43578998589314,16.212477617324655,16.25714111328125,15.770361132634058,14.794184262485164,65.13244444148556,0.16512379936806154
2021-01-22,16.283934856236954,16.319665647185573,16.132082402181087,16.239273071289062,15.815019412505963,14.850854411850023,64.67059512562535,0.3311117024147421
2021-01-25,16.212477455191827,16.275004645167595,15.93557059798279,16.007030487060547,15.833306181511162,14.896194650093573,58.83129363045322,-2.6086889919992684
2021-01-26,16.007028103823025,16.007028103823025,15.855175649174374,15.944500923156738,15.843896156905979,14.93730470001762,57.330341645520726,-1.9230945216382525
2021-01-27,15.76584953595168,15.98022915985486,15.578268003938073,15.605064392089844,15.821150274542537,14.963491354608689,49.88944998310609,-3.905400669199263
2021-01-28,15.596133742196406,15.855176886588442,15.55147195358855,15.756918907165527,15.815033001459012,14.99460616059131,52.83849830630245,-1.5625107985969033
2021-01-29,15.328160113988496,15.390687301618849,15.078049659729004,15.078049659729004,15.74484411177044,14.997878454675142,41.17289437396733,-5.434169859586874
2021-02-01,15.354958249794514,15.560405210747984,15.229902170473984,15.52467441558838,15.723875569276911,15.018537119808995,49.130074703038574,-0.5151531226119931
2021-02-02,15.587202656913377,15.64079714367906,15.48894467806128,15.578269958496094,15.710008368250167,15.04048742720849,50.004026173581174,-1.1337809740722358
2021-02-03,15.721189233861825,15.855176298453276,15.622931258083714,15.765851020812988,15.715326716113292,15.068933058330234,53.044607951332516,4.561606949212994
2021-02-04,15.667595595887972,15.756919174619842,15.50681042818972,15.712257385253906,15.715034398888589,15.094161463307634,52.070246263416934,1.2082892345695369
2021-02-05,15.631866063224662,15.765853145876092,15.533608074202457,15.747987747192385,15.71817281301276,15.119801709734487,52.6941288724614,1.0894520967248353
2021-02-08,16.069558948425197,16.087424348042642,15.908773759344731,16.042760848999023,15.749085959297167,15.155996185784078,57.597798539377415,1.756389983772382
2021-02-09,15.953434866011357,15.971298559211682,15.747986208696352,15.756918907165527,15.74983195433225,15.179561782700999,51.97183400227354,0.28424637413040554
2021-02-10,15.917705055117093,15.917705055117093,15.560405612975488,15.631865501403809,15.73859705405335,15.197299183434442,49.68532208553579,-0.7373783092336907
2021-02-11,15.765851531647243,16.007029277969103,15.74798613479273,15.926636695861816,15.756505591368443,15.225900654510026,54.74000721697066,-0.7238414524171661
2021-02-12,15.989165433289708,16.221410503729892,15.980232733995294,16.14101791381836,15.79312581255415,15.261787605855451,58.041467499534036,2.437653001299393
2021-02-16,15.926636809850658,15.989163995550948,15.774784342976512,15.85517692565918,15.799035442373677,15.285057775259519,52.538559963038495,1.4285654148912474
2021-02-17,15.739055850236268,15.828379431062997,15.613999770350276,15.721190452575684,15.791621633821487,15.302161017507212,50.13889967624386,-1.289953724752907
2021-02-18,15.79264962692901,15.926636695861816,15.712257044821724,15.926636695861816,15.804480211158662,15.326650259795628,53.635747955616566,-1.3281765691679877
2021-02-19,15.953436729342338,16.06955841552837,15.944504029829838,16.0248966217041,15.825472250258228,15.35403247006655,55.25215224534572,1.0704370997604984
2021-02-22,15.658661732635414,15.792648794505824,15.63186363876616,15.730121612548828,15.816391237143048,15.368781063889385,49.658919229797014,0.05680969262528903
2021-02-23,15.578270608327786,15.631865097329108,15.319227454634907,15.52467441558838,15.78860868270927,15.374894528661894,46.15220474342581,-2.523836563546883
2021-02-24,15.622932353733114,15.855177410390215,15.453214484687908,15.79265022277832,15.788993591287275,15.391277104901754,51.011541211667655,-1.4492848497457824
2021-02-25,15.676527259463148,15.81944703601614,15.44428390036813,15.533607482910156,15.764671104775168,15.396858688353063,46.63084763859178,-1.249285507633337
2021-02-26,15.363890763405372,15.444283347807437,15.131645708881418,15.292430877685549,15.719695845052348,15.392763480091592,42.93405747374478,-1.4959639840796628
2021-03-01,15.560404439023635,15.783716786481646,15.524673645636112,15.774784088134766,15.724942344393531,15.40774468040701,51.2570250258696,-0.11312942661001701
2021-03-02,16.007030152815904,16.158882626902553,15.890908474391106,16.096355438232422,15.760315019997234,15.434749023851143,55.87722606888348,3.622776975286601
2021-03-03,16.444720005220873,16.623370552457686,16.176745888103536,16.489381790161133,15.829749950489035,15.476107171549575,60.77141258290662,7.8270807437302485
2021-03-04,16.337531630607103,16.685898336203582,16.087421196179562,16.2303409576416,15.867901474979755,15.505684967082596,56.33599117866416,2.887880220493729
2021-03-05,16.30179992977869,16.346461713844583,15.93556784847721,16.328598022460938,15.91177733664463,15.537956067293512,57.600089173980926,1.442827136364595
2021-03-08,16.337531698702886,16.44472066837721,16.060623168945312,16.060623168945312,15.925953130197076,15.558452816377898,53.08617296294584,-2.600210406139371
2021-03-09,16.47151924438262,16.641235401953395,16.408992059620964,16.614439010620117,15.99152321404689,15.599864039681515,60.053484844225814,2.3665433399147036
2021-03-10,16.78415771763806,16.79308871270716,16.58764175135608,16.68589973449707,16.05765431123262,15.642453674772321,60.86120069855588,2.188195897434939
2021-03-11,16.891347063632175,17.114659427459927,16.837752573360188,17.04319953918457,16.15151576151376,15.69738488514143,64.70406022897242,6.117921825967247
2021-03-12,16.79308799881924,16.900278676210654,16.748426210419993,16.891345977783203,16.22197578211085,15.74420688877444,61.92137250566621,1.666664561987824
2021-03-15,16.89134846677969,17.11466084915778,16.837753972055662,17.105728149414062,16.306142674234966,15.797599879387759,64.25835693596319,2.516066988278869
2021-03-16,17.16825203525905,17.302240801854538,17.11465755086362,17.266510009765625,16.39760622999979,15.855204198226106,65.9463522586671,1.3102614334100495
2021-03-17,17.14145443190394,17.150387129294042,16.83774953559181,17.06106185913086,16.460792480393227,15.902492733947861,61.92203843638113,1.0047504892202175
2021-03-18,16.6769661135027,16.73056059964413,16.391126582431095,16.417922973632812,16.456709670225568,15.922705684523741,51.35666015974202,-4.020905569020223
2021-03-19,16.578706684411735,16.78415532015419,16.426854233856623,16.748424530029297,16.484492037825923,15.955086815720039,55.55357418428569,-3.0005222795070248
2021-03-22,16.936009436880227,17.132525414193992,16.793089655418314,17.03426742553711,16.53685159856032,15.99740762394816,58.85965307958447,-0.15705021067847524
2021-03-23,16.927075506857044,16.927075506857044,16.703763174068627,16.71269416809082,16.55359850994418,16.025458076659636,53.99381564005352,1.7954231782632335
2021-03-24,16.739495398939013,16.828820689544646,16.596575615465284,16.66803550720215,16.564497271587797,16.05065719158287,53.334402215689934,-0.47997961051807553
2021-03-25,16.498314487896764,16.57870706377954,16.301800248926575,16.489381790161133,16.55734341621383,16.067862077801628,50.66850792891416,-3.1987617768587175
2021-03-26,16.551915805408814,16.72163200378418,16.346467101275955,16.72163200378418,16.572989948363386,16.09350011411467,53.89487269794736,0.05347932298326974
2021-03-29,16.70376511286939,16.7394942043189,16.40006016872718,16.462587356567383,16.562475415811384,16.10797412362262,49.96936167713221,-1.23258767085055
2021-03-30,16.784157917788267,16.89134689727658,16.748427122133425,16.793088912963867,16.584438606016384,16.13484137026345,54.52076641839693,1.841834500938962
2021-03-31,16.748430105298485,16.81989000559822,16.66803750449398,16.72163200378418,16.597504643899033,16.157852767656422,53.38986783269254,0.0
2021-04-01,16.90027834840535,17.007469023717647,16.855616560872384,16.980670928955078,16.63399667104723,16.19012014653088,56.881517498436025,3.1470361320878117
2021-04-05,17.203984296157277,17.320105972884384,17.10572631326182,17.302242279052734,16.697639109904895,16.233732779178798,60.806694319725196,3.031922052742857
2021-04-06,17.266509425693023,17.337969303715642,17.248644030252898,17.275442123413086,16.752667968334247,16.274584126011515,60.313908861578284,3.3119382097607253
2021-04-07,17.266511513160722,17.266511513160722,17.114659041036923,17.159320831298828,16.79139681242611,16.309279683081606,58.116235269963084,1.0520779955703634
2021-04-08,17.311170469056385,17.329035863731274,17.15931802179546,17.25757598876953,16.835794829220724,16.34646777350074,59.46220116918593,-0.2581531894122137
2021-04-09,17.284376071621306,17.471957626100114,17.275443373254983,17.45409393310547,16.894680458162128,16.389904093485242,62.08650269501103,1.0341374097179217
2021-04-12,17.087857079467554,17.168249646745142,16.97173542880976,17.07892608642578,16.912227660853905,16.416924563796638,54.79373238445108,-0.46851938758791545
2021-04-13,16.775226193325825,16.873482479608008,16.435790429839862,16.44472312927246,16.86770341975091,16.41801470361922,45.140934376239365,-4.710121861992896
2021-04-14,15.631865587562016,15.971299633532864,15.399620522955374,15.46214771270752,16.733840971461063,16.380529723583468,34.88667628080619,-11.412487110658846
2021-04-15,16.096354700601093,16.194610976692275,15.96236763048546,16.078489303588867,16.671426526901808,16.368685001230737,43.54919357306011,-5.857726520826475
2021-04-16,16.230340373551908,16.569774368874377,16.123149704443932,16.239273071289062,16.63026905493869,16.363610023585967,45.583020946079735,-1.2493372881279263
2021-04-19,16.21247581870048,16.33753188976697,16.132083238635584,16.310733795166016,16.59983712543653,16.36153644600087,46.50551346772644,5.488151440702434
2021-04-20,16.141018554085253,16.17674935268024,15.989166067533056,16.105289459228516,16.552737347702433,16.351487544558818,44.186367061059286,0.16668329426736875
2021-04-21,16.06062736802056,16.257143370032818,15.998100168739713,16.167818069458008,16.51607836882201,16.34428482004506,45.08398601930497,-0.44001354935884845
2021-04-22,16.11421877334944,16.132082465155598,15.908770132068636,15.944500923156738,16.461642421615796,16.328607020167087,42.45773335105469,-2.245348839656847
2021-04-23,15.90876855272812,16.042755598531176,15.87303946892491,15.980228424072266,16.41579346946879,16.31494511443788,43.02951390120419,-0.7765214991810568
2021-04-26,16.060627131035055,16.087425231933594,15.935572734318624,16.087425231933594,16.384520303989248,16.306022766104377,44.801789700225264,-0.49723986983921487
2021-04-27,16.158880972406504,16.185679066409055,16.015961211868767,16.176746368408203,16.36473231012439,16.300953103449626,46.300805545041314,1.4565864831439592
2021-04-28,16.21247566568487,16.400058918645183,16.21247566568487,16.283935546875,16.357037380291114,16.300285748289838,48.121552463370705,1.9005180323031967
2021-04-29,16.435787307485242,16.489381790161133,16.319665644397833,16.489381790161133,16.369641609802546,16.307701279343615,51.51485408742706,2.4985760768581784
2021-04-30,16.310737127796077,16.408995124337807,16.149951934814453,16.149951934814453,16.348718783613204,16.30151503053855,46.144621453968526,-0.16563549296957036
2021-05-03,16.30180290549968,16.31966830388232,16.212477617324655,16.25714111328125,16.339997100724446,16.299774876920615,47.98855445166789,-0.16454519558014363
2021-05-04,16.078488394136784,16.176746368408203,16.007028513867915,16.176746368408203,16.324449411932424,16.294950229527974,46.697133934190354,-1.8959802479646184
2021-05-05,16.355393826853586,16.382191918578055,16.212474078465334,16.3375301361084,16.32569519518728,16.29662002978603,49.617319862012494,1.1614783873726766
2021-05-06,16.391126662906778,16.632304407334306,16.364328567835493,16.614439010620117,16.35319460618088,16.309083519230505,54.264531305014295,2.1977904654279783
2021-05-07,16.63230432567451,16.659100716876228,16.417922973632812,16.417922973632812,16.359359212604875,16.313351733128634,50.691075014379756,1.4908845062663936
2021-05-10,16.346466360435585,16.47152245809625,16.319669963874134,16.400062561035156,16.363235721979187,16.31675215775242,50.366442609467526,0.38275323384745746
2021-05-11,16.194609000440266,16.257137882352566,16.09635273633944,16.248205184936523,16.35228043273703,16.314064041171402,47.57658085757599,-2.2043105123771762
2021-05-12,16.12315228818452,16.22141027530122,15.90877261935204,15.93557071685791,16.312593793129494,16.29922116570813,42.372851025800024,-2.9379615043240253
2021-05-13,15.998098223157026,16.13208530585542,15.926638332135337,15.97130012512207,16.280089634271643,16.286361517057696,43.1382978379304,-2.6143951239050813
2021-05-14,16.09635447414399,16.239274240755023,16.06062368062223,16.22140884399414,16.27450098757855,16.283814353408143,48.31377492820495,-0.16491877495014226
2021-05-17,16.23927365570022,16.275002744196758,16.1678137749692,16.2303409576416,16.270295270441697,16.28171735749573,48.494075793339036,1.8497626851347098
2021-05-18,16.364328280629955,16.50724804435911,16.310733795166016,16.310733795166016,16.27414655851068,16.282855257012212,50.17863552368117,2.1252726289329
2021-05-19,16.248207119439787,16.48045216869441,16.23927442096022,16.471519470214844,16.29294397867298,16.290253853608395,53.457289475061884,1.5418551411044965
2021-05-20,16.471521810051282,16.694834192548633,16.462589110302797,16.659103393554688,16.32781630389981,16.304718541449425,57.01166668832679,2.6417340031985908
2021-05-21,16.793091904083916,16.81989000559822,16.703768306513055,16.72163200378418,16.365322561031654,16.321068088991964,58.15872269283494,2.519188981797626
2021-05-24,16.65910222260837,16.712696713593935,16.623373129864046,16.67696762084961,16.39500304291908,16.335024933378538,56.98897523938745,1.2472932506698842
2021-05-25,16.83775097685296,16.918143556507406,16.71269490642495,16.730560302734375,16.426960877187202,16.35053612433367,58.078514166258735,0.42893610473258587
2021-05-26,17.132523424453034,17.293308585858927,17.07892893856373,17.203983306884766,16.500963013348876,16.384004641296457,66.21920674724352,2.8845946555421604
2021-05-27,17.33797137045412,17.400498558210106,17.302242279052734,17.302242279052734,16.57727532436829,16.420013960424154,67.62444341713274,3.7493306482253055
2021-05-28,17.410549290634464,17.518856559646643,17.36541982728522,17.455677032470703,16.660932629901854,16.460628198543628,69.74118459660369,4.334085150859042
2021-06-01,17.302244603420963,17.446655479029552,17.2480909554461,17.392501831054688,16.730605887154503,16.49717226256367,67.77630482493417,1.095784161185972
2021-06-02,17.230034754762237,17.41054916381836,17.22100886215813,17.41054916381836,16.795362389693917,16.532990964573656,68.05320613819687,0.625970224083318
2021-06-03,17.311267223341382,17.383472647485654,17.23003590598994,17.275163650512695,16.841057747867133,16.562095775786954,63.635536475409346,-1.0341242085438473
2021-06-04,17.33834202298552,17.41054916381836,17.22100886215813,17.41054916381836,16.89529502557677,16.59536845767054,66.0116102468674,0.10376501862111621
2021-06-07,17.410552892668324,17.582039724335004,17.347371630907944,17.50983428955078,16.953822574526676,16.631229862842314,67.67946400324283,0.5702584381356031
2021-06-08,17.672291625193722,17.735471146410696,17.500803123667048,17.600086212158203,17.015371492396344,16.669224229482154,69.16091020461457,1.8808653175095376
2021-06-09,17.600088362825446,17.780602778228875,17.600088362825446,17.74449920654297,17.084812227076974,16.711391875641404,71.41841236012449,1.9180902312869366
2021-06-10,17.852809828873024,17.970143004530907,17.79865446640335,17.952091217041016,17.167410226121167,16.760046751774723,74.3276626026886,2.5257630664966193
2021-06-11,18.042351054589933,18.54778912715626,17.979171510708323,18.53876495361328,17.298015438263274,16.829800406748785,80.3996328163632,5.333375814981153
2021-06-14,18.37629775403032,18.5929140174269,18.33116828987705,18.457529067993164,17.408445307761358,16.893632903268173,77.66057756504127,4.018314933268323
2021-06-15,18.629017570908147,18.629017570908147,18.24091275126203,18.25896453857422,17.489447139267345,16.947175320339,71.26930031510007,1.709401527783592
2021-06-16,18.421423913347247,18.502655220328258,18.32214082225649,18.394346237182617,17.575628005735467,17.003927120999535,72.90647679340441,-0.7790093719404769
2021-06-17,18.47557918332502,18.719273125888677,18.430451440559768,18.65609359741211,17.678529490657052,17.068717963211792,75.78009321112826,1.0757915032260312
2021-06-18,18.58388937357713,18.629017119250296,18.195784563340556,18.222862243652344,17.730370705228033,17.11397852322907,63.731421520373814,-0.19772367072406893
2021-06-21,18.39434888637659,18.538761458540353,18.33116935440609,18.529735565185547,17.806500691890655,17.169498407227362,67.65445847844981,0.7360377273384775
2021-06-22,18.50265760914954,18.755377454775324,18.421426291681005,18.73732566833496,17.895150689647256,17.23098182923158,70.01709931263903,0.43541843579794065
2021-06-23,18.547785865168,18.692196717646645,18.52070990627398,18.67414665222168,17.969340781321012,17.28757652817237,68.38004326844035,2.4764737972298176
2021-06-24,19.269841913754377,19.36009912723477,19.125431060791016,19.125431060791016,18.07944461746101,17.35964925494173,73.20012456015434,3.214808400853203
2021-06-25,19.342047141466345,19.414252567206,19.07127550380777,19.179584503173828,18.184219844671755,17.431019264676323,73.71786741730895,2.3603092707421958
2021-06-28,19.287894133546207,19.405227308644292,19.134457383640584,19.215688705444336,18.282454974269143,17.501006301569188,74.07743103986687,2.8999560906748503
2021-06-29,19.233739000660687,19.405227540014753,19.152507677888405,19.36009979248047,18.385087814098792,17.573911928663748,75.52005471463087,1.226998392577654
2021-06-30,19.32399555323735,19.34204734023606,19.107379273792304,19.125431060791016,18.455596694736148,17.63475581619815,68.81788093314053,-0.2823494032097057
2021-07-01,19.116403337901563,19.17055697220217,18.809529874343117,18.917837142944336,18.499619594565498,17.68507273097251,63.45311910161623,-1.5500436495706262
2021-07-02,19.04420185953593,19.089329610540148,18.971996425021175,19.01712417602539,18.548905745180726,17.737310042543214,64.86391788170089,-1.7715591351873665
2021-07-06,18.981019141174592,19.053224563598633,18.9358896762139,19.053224563598633,18.596936108839575,17.788914533564995,65.38710459024591,-0.3775418026546503
2021-07-07,19.13445536521146,19.16153132194776,18.91783738224295,19.11640357971191,18.64640920130361,17.840972927531542,66.33196323058151,1.0496254686367918
2021-07-08,18.836609955128488,18.908815383911133,18.728300951197916,18.908815383911133,18.67140026631385,17.882849102291527,60.48916391304229,-0.5695329699261317
2021-07-09,19.01711884071368,19.260812759399418,18.944913426456377,19.260812759399418,18.727534789464855,17.936886892766346,65.96385846659216,1.0895173943280132
2021-07-12,18.99907112121582,19.053226484628834,18.962969267120386,18.99907112121582,18.753395392488756,17.978541176234952,59.375611870359066,-0.6137789360160518
2021-07-13,18.863686155709768,19.035174696824495,18.84563436790543,18.99907112121582,18.77679308093895,18.018561958391064,59.37561187035907,0.47732095042549855
2021-07-14,19.432305234654716,19.73917873833348,19.206663053803464,19.305944442749023,18.827188448730386,18.069047546012946,64.23299199669871,0.23431868589024743
2021-07-15,19.2608141053268,19.314967739425768,19.01712016961197,19.071273803710938,18.85043467301425,18.10835053651091,58.475015236661925,0.38003269756956765
2021-07-16,19.026149731334183,19.13445874193209,18.773429854281304,18.82758522033691,18.848258534664026,18.136555818229574,53.14715428585442,-0.9026014997512983
2021-07-19,18.6109668110948,18.746351767861253,18.50265781277377,18.629016876220703,18.827378376717043,18.15586801658217,49.212408551110435,-3.506316764433467
2021-07-20,18.719273485279253,18.971993325550528,18.719273485279253,18.89978790283203,18.834274522061328,18.185041345454714,54.192632294025685,-0.8991843053794241
2021-07-21,18.93589035223502,19.242763838871006,18.899788500490676,19.23373794555664,18.87231865763231,18.226166702321457,59.47123098081767,2.157221547354984
2021-07-22,19.360098087680953,19.3961999382267,19.23373730698817,19.251789093017575,18.908458699097572,18.26638718823111,59.741285350153305,3.3430224522036838
2021-07-23,19.287892321753215,19.62184174978764,19.287892321753215,19.612815856933594,18.975540333177193,18.319188312493953,64.79398957623746,3.7726770150405713
2021-07-26,19.675997941547568,19.6940497296008,19.46840754347519,19.59476661682129,19.034514264952822,18.369210991095027,64.3591008527131,1.877059322980185
2021-07-27,19.49548522555504,19.66697376903421,19.45035575542196,19.59476661682129,19.087871631797437,18.41727199602547,64.3591008527131,1.7815358465988436
2021-07-28,19.730150541810076,19.793330069632624,19.603789764651964,19.72112464904785,19.148181442964145,18.468403472614582,66.200978794982,0.5522347882339806
2021-07-29,19.73917782702823,19.982870062746915,19.73917782702823,19.78430557250977,19.20876469339706,18.52000747653204,67.11606862129072,0.9672937646818862
2021-07-30,19.748202853890017,19.97384503409289,19.712101000244424,19.964820861816406,19.28077004277033,18.576666824974566,69.64481456660225,1.8885361190137424
2021-08-02,20.118254345071755,20.27168935003202,20.046047206483955,20.100202560424805,19.358811234927902,18.63641332440399,71.41988691784898,1.922192157510932
2021-08-03,20.33487065535489,20.695897741777745,20.33487065535489,20.650768280029297,19.481854763032796,18.715407636389294,77.24702436955535,4.379545717912257
2021-08-04,20.479285889289848,20.533439533508343,20.325849129409693,20.43415641784668,19.572550158729356,18.782809549387622,71.10450949578804,2.3508127584951097
2021-08-05,20.52441000075771,20.56953946420056,20.334871418836755,20.3799991607666,19.649450063685286,18.845444436108366,69.61404903178868,1.3920088591181021
2021-08-06,20.280717681412163,20.58759117126465,20.244615829289415,20.58759117126465,19.7387968358357,18.913763915918416,72.03392697419844,-0.30593103320879844
2021-08-09,20.5514869072086,20.695897741777745,20.54246101485891,20.650768280029297,19.825651259092233,18.981881734118843,72.74529750362638,1.0600479792424111
2021-08-10,20.732001253944773,20.831284356248457,20.524410877776237,20.56051445007324,19.895638229661852,19.043788899450387,70.00569028991289,0.885747285280295
2021-08-11,20.61466845028829,20.75005340576172,20.596616663821667,20.75005340576172,19.977011103576125,19.110701233031225,72.35987685414649,0.789126970443384
2021-08-12,20.849334776133524,21.165234126979012,20.804205313719617,21.04789924621582,20.079000450494192,19.186669782567876,75.60071172239608,1.9230808307048615
2021-08-13,21.111079583187188,21.426978946169783,21.093029519041092,21.327695846557617,20.197923821547853,19.270631588998846,78.18801690739703,3.7313336606791263
2021-08-16,21.255492614114832,21.309647976668597,21.047902222198356,21.120107650756836,20.28575085290109,19.343160062008963,72.08090814221178,1.7833893617467187
2021-08-17,21.30964820707573,21.436007278041,21.111081985258043,21.26451873779297,20.37896684193841,19.418507461059317,73.6243195137816,1.0291739286812398
2021-08-18,21.21938801102016,21.544313258186655,21.18328444066255,21.192310333251953,20.456428126825415,19.48806835800805,71.49601322198355,-0.63478734074087
2021-08-19,21.038878760693212,21.372829982329225,20.966673323787237,21.255495071411133,20.532529740595482,19.557379209514053,72.25189739339143,0.6410356561295524
2021-08-20,21.300618994610577,21.580414774518957,21.273541317259586,21.55333709716797,20.62974948884048,19.635652067853425,75.54413480235827,1.3582172394134149
2021-08-23,21.634572446387743,21.78800920366056,21.57139290895422,21.751907348632812,20.73662166596356,19.718642471021244,77.46390567229383,2.640566349685902
2021-08-24,21.60749245186995,21.688723762409953,21.42697804588927,21.55333709716797,20.81440408798303,19.790591279889743,71.42573009340552,1.4012471822283576
2021-08-25,21.56236342962366,21.724826054018916,21.43600437576646,21.64359474182129,20.893374626443816,19.86325808231843,72.47593353901826,0.41876413033589976
2021-08-26,21.544314789924876,21.562364854874,21.336722688635422,21.354774475097656,20.937317469172754,19.921748921250952,64.32834603447517,-1.8257381624978166
2021-08-27,21.43600718619533,21.562366256619196,21.38185354480127,21.41795539855957,20.983092510066736,19.980423685066977,65.24868837906858,-0.6281240719154674
2021-08-30,21.4089298248291,21.517238830749772,21.363802076578217,21.4089298248291,21.02364844480601,20.0364435336851,64.99072913269666,-1.0842233916843365
2021-08-31,21.589442773932536,21.661648199068907,21.481133775471413,21.49918556213379,21.068937694075323,20.093805966173285,66.42041088662502,0.6762473057467043
2021-09-01,21.300624545423247,21.381855877131645,21.21036731891243,21.255495071411133,21.086705063345402,20.13936240167281,59.370618469166594,-0.7585239773137425
2021-09-02,21.28256777923019,21.39087677001953,21.129131046494543,21.39087677001953,21.11567379731437,20.188441396509937,61.796575610368905,-0.08432488198748357
2021-09-03,21.535287783848418,21.73385226013274,21.472108256008543,21.688724517822266,21.17025005641036,20.247276028718264,66.53135823952225,0.881609934202851
2021-09-07,21.64359450343943,21.72482581474238,21.1201047869943,21.14718246459961,21.168053142904576,20.2825664771842,53.538938104230695,-0.5095746132829673
2021-09-08,21.065951736468197,21.129131264449946,20.867387259737978,20.930566787719727,21.145435394791733,20.307978254067947,49.3846375181065,-2.151898621308286
2021-09-09,21.002773450157893,21.01179934347647,20.67784817674176,20.695899963378903,21.10262249656194,20.323190870119358,45.285142197274894,-4.57760692025725
2021-09-10,20.82225883011509,20.858362403048332,20.704925661108277,20.75005340576172,21.069044487914297,20.33993057739945,46.391089818961376,-1.877928936881709
2021-09-13,20.8222597932158,20.912517008210497,20.596617616485652,20.722976684570312,21.036085649500585,20.354951993366935,45.89161077320796,-0.9918035438543893
2021-09-14,20.7951841419249,20.885439636743833,20.722976991648608,20.76810646057129,21.01056382198351,20.371154129335736,46.917466133341534,0.34889276291514126
2021-09-15,21.056927355832872,21.102055101485423,20.948618356148348,21.09303092956543,21.018417832229407,20.399463023462392,53.72065671733735,1.652899474988703
2021-09-16,21.074979114826863,21.074979114826863,20.732002050873756,20.84031105041504,21.00145528158042,20.416751181382104,48.512800249374536,0.5662042071981391
2021-09-17,20.713952588862885,20.750054442086057,20.50636047715515,20.623695373535156,20.96547814748087,20.42486663989791,44.52817273797029,-0.6953502829461148
2021-09-20,20.53343740925743,20.71395183332868,20.37097477189593,20.542463302612305,20.92519101939815,20.42947827372985,43.09856617867863,-2.610187358998331
2021-09-21,20.876411943099747,20.966669151650375,20.849335985593708,20.867387771606445,20.919685948179893,20.446651195215207,50.01190470342571,0.12992474596902434
2021-09-22,20.86739022427871,21.102056583973823,20.82226075394252,21.002775192260746,20.927599209520928,20.468459979413073,52.59629149153571,1.8380790244411496
2021-09-23,21.372827650983393,21.472110761466844,21.30062222195358,21.41795539855957,20.97429979895318,20.505695093889408,59.50960084034231,4.261865205989842
2021-09-24,21.390877408481117,21.481132895067613,21.28256841445904,21.372825622558594,21.012254639296554,20.539700212660748,58.51070495700584,2.4221424189944885
2021-09-27,20.96666891462973,20.96666891462973,20.64174537763891,20.668821334838867,20.979546705538677,20.544763786079496,45.64061728667457,-1.5900463360905577
2021-09-28,20.29876936014722,20.307795253508132,19.919690446554544,19.937742233276367,20.880327231989884,20.520959019302904,36.629961736587276,-6.911085291468822
2021-09-29,20.16338246423503,20.379998719531873,20.037023412356785,20.28974151611328,20.82408097333497,20.511891666236643,42.5146584781485,-5.067575647565003
2021-09-30,20.2265622516956,20.316819456281184,20.055073735134297,20.082151412963867,20.75342101520439,20.49503910728477,40.14687794939031,-2.8384294990548073
2021-10-01,20.1633838032488,20.21753744029101,19.91066396119667,20.15435791015625,20.696367386152186,20.481679060338557,41.370019766020924,1.0864604143509702
2021-10-04,20.11825645995829,20.17241009807898,19.883588399417793,19.99189567565918,20.62927484229571,20.462471868782504,39.418166127018914,-1.4679627151364378
2021-10-05,20.118255088391077,20.56051349950408,20.118255088391077,20.533435821533203,20.620147316508806,20.465254768890375,48.1925504328806,2.247191544816324
2021-10-06,20.14533560736628,20.307798268960106,19.991898840473603,20.262670516967773,20.58610190702871,20.45731028842282,44.70606599774806,0.5374153187829526
2021-10-07,20.443179879281857,20.61466840733118,20.36194856186445,20.551488876342773,20.582805427915762,20.461003566380466,48.948659627895175,2.799100244230054
2021-10-08,20.677848026892963,20.75907934465833,19.612816724203174,19.79333114624023,20.507617401089522,20.434820334218106,40.223832225058445,-3.604387895555366
2021-10-11,19.883588242048425,19.92871598653965,19.685022034655574,19.694047927856445,20.430134594114943,20.405770435929412,39.23751083421884,-2.8062568980488964
2021-10-12,19.90164003227836,19.919691820245067,19.73015321113444,19.74820327758789,20.3651887544457,20.37998348854347,40.10031013120602,-3.908649166920265
2021-10-13,20.650772392420688,20.750055506525545,20.325848810691365,20.44318199157715,20.372616681791552,20.382461861211457,49.9267240270913,3.2831807871832512
2021-10-14,20.470257568468305,20.524411206267455,20.064100981191903,20.497333526611328,20.384494476536293,20.38696663240361,50.606651980481246,4.078824230028745
2021-10-15,20.668825786994535,21.120110200341635,20.54246670214164,21.10205841064453,20.452833898832317,20.41500944723659,57.54035176990551,6.855586374245611
2021-10-18,21.282568847341185,21.47210916035676,21.201337530550664,21.46308326721191,20.54904812439228,20.45611038135327,61.055225368841896,4.988955613930231
2021-10-19,21.70677558498511,21.91436768514071,21.607494203011317,21.860212326049805,20.67392090550252,20.51117320271392,64.53325952483563,6.649054120474133
2021-10-20,21.598471345357257,21.833139436526317,21.51724001681745,21.77898406982422,20.7791650163903,20.560891275933933,63.2882634732097,3.20786553618023
2021-10-21,21.21939043919664,21.264518185794717,21.056927797022475,21.129133224487305,20.81249532192335,20.583175273916417,54.26799630706293,-1.5559276296279612
2021-10-22,20.80420831419622,20.957645065506913,20.750054673002214,20.76810646057129,20.80826781131839,20.59042747731465,50.0040493799005,-4.995861198370446
2021-10-25,20.64174632498059,20.741027708458645,20.51538554003369,20.695899963378903,20.79756611151463,20.594563653238737,49.17189008565048,-4.9730699236149345
2021-10-26,20.84977109448818,20.84977109448818,20.567525766454104,20.65857315063477,20.78432868666893,20.597073829607208,48.720509961009675,-2.2270675699426548
2021-10-27,20.85887297493378,20.895292617946573,20.531103134155273,20.531103134155273,20.760211967381913,20.594486743511055,47.12943875883441,-1.1411889036006806
2021-10-28,20.5857333720045,20.676779009788415,20.467371264350653,20.54020881652832,20.739259286348236,20.59235819735487,47.261931214817714,-0.752280147884729
2021-10-29,20.257965491715403,20.321698139004376,20.166918108480704,20.285280227661133,20.696023185520893,20.580315924033545,43.9418671431849,-1.8069637251891537
2021-11-01,20.52200159225573,20.649466879770465,20.376324745201934,20.458267211914062,20.6733797594631,20.57552970002886,46.679101779407745,-0.3547589321688324
2021-11-02,20.458268157963072,20.65857274655951,20.440060070750615,20.631258010864254,20.66936816435845,20.57771512398319,49.34293879746602,0.4432729732653369
2021-11-03,20.61304615291971,20.694988615334807,20.549313512504465,20.67677879333496,20.67007393854669,20.58159997376169,50.05009644865081,1.9299638027182797
2021-11-04,20.767826166749977,20.804245810749663,20.6494657969194,20.67677879333496,20.670712496145573,20.585332476490056,50.05009644865082,1.0680845017687821
2021-11-05,20.867980820893425,20.867980820893425,20.6767811413512,20.74962043762207,20.678227538190953,20.59177514163249,51.31146599238086,0.5737043601291174
2021-11-08,21.13201544709187,21.368737940400973,21.13201544709187,21.3414249420166,20.741389195698158,20.6211731730201,60.122366100599386,3.214456929315728
2021-11-09,21.2412696566561,21.286792471936995,21.004547196710455,21.21395492553711,20.786395455682822,20.64441951625606,57.70029936806227,2.597968172756697
2021-11-10,21.068282901897533,21.132015547208788,20.89529478936251,20.90439796447754,20.797633789853748,20.65461474951965,52.20055644858901,0.7459294367372362
2021-11-11,20.96813143425938,21.195749007089265,20.96813143425938,21.12291145324707,20.828612614938827,20.67297932613641,55.43001122580395,-1.0238936217390338
2021-11-12,21.47799369595155,21.57814598083496,21.423365966280695,21.57814598083496,20.899996745024172,20.70847605769322,61.296734482295385,1.7167522820529926
2021-11-15,21.669191943145613,21.72382141022016,21.4870989293165,21.51441192626953,20.95851247657135,20.74008138587268,60.103909202777345,2.918113034532627
2021-11-16,21.623668775068676,21.933228803827976,21.57814595649169,21.87860107421875,21.046139962061577,20.784729216788215,64.37057341456294,3.5775826767266645
2021-11-17,21.74203210159296,21.860394224521613,21.605461890708277,21.614566802978516,21.100275851672713,20.81727186722705,59.40996018868151,0.16878568796365792
2021-11-18,21.59635211126214,21.614561931698663,21.42336402686733,21.53261947631836,21.141451434972296,20.845324714642395,57.91812229283536,0.08462955023463291
2021-11-19,21.559935471661593,21.57814529316629,21.423365283544673,21.47799301147461,21.1735030136868,20.870135236086796,56.89253960034686,-1.8310497155881147
2021-11-22,21.359632327265473,21.450679704253368,20.72230416151876,20.731409072875977,21.131398828847676,20.864694994392256,45.130415193760946,-4.0859376833813705
2021-11-23,20.84977072917772,21.113807965016974,20.694990699757835,20.840665817260746,21.1037099706013,20.863752673720434,46.86179220562837,-3.2135136174148546
2021-11-24,20.34901093449339,20.603941499339413,20.303486378925008,20.58573341369629,21.05437886994368,20.852849957641055,43.41907016232288,-4.154296899629453
2021-11-26,20.31259103856475,20.4855808744145,20.15781102471692,20.212440490722656,20.97419426239882,20.827735860899157,38.91124008112257,-2.503296231959047
2021-11-29,20.449162249379267,20.622152093848985,20.321696962182788,20.594839096069336,20.93806519893887,20.818602654435242,45.18901644550157,-1.1795531071171927
2021-11-30,20.6676773860309,21.01365535068845,20.50379244718835,20.558420181274418,20.901908530589875,20.80839942019364,44.71769271868317,-0.13268039507253676
2021-12-01,20.80424472065974,20.822454541705437,20.421847161620704,20.430952072143555,20.857055534547367,20.793597563407364,43.02616814819405,1.0810747050619318
2021-12-02,20.886189778710865,21.40515758702591,20.786037487076616,21.3414249420166,20.90318595430634,20.815080990019492,55.86744349422693,3.625111332332558
2021-12-03,21.050072612288748,21.068280697197753,20.66767504385304,20.831558227539062,20.89636426604279,20.81572715619673,49.18223001135587,1.32859453137081
2021-12-06,20.358115464332514,20.367220375275668,19.930193332925157,20.257963180541992,20.835564162661765,20.79385405911223,42.95489088373081,-0.84670009988141
2021-12-07,20.549314999686832,21.0045501631237,20.49468726631802,20.995445251464844,20.850790933023962,20.801759596067235,51.4640824694394,-1.6211649010868032
2021-12-08,21.122912272019967,21.414262498682145,21.050074715354423,21.3414249420166,20.89751798149945,20.82292294296721,54.865517476152945,2.447568774780859
2021-12-09,21.15022432057172,21.341423983597423,21.141119409324375,21.168434143066406,20.923319520696303,20.83647240179463,52.87039938785967,4.494385513539347
2021-12-10,21.232166140326,21.43247070851517,20.99544366483784,21.113805770874023,20.941461068332277,20.8473482201899,52.22456098889288,0.5637437929587215
2021-12-13,20.977235908663232,20.977235908663232,20.55841868035526,20.58573341369629,20.90758224408123,20.83708881601368,46.33262480964222,-3.5409609731940677
2021-12-14,20.71320052359179,20.91350337601219,20.585735229922847,20.840665817260746,20.90120925105071,20.83722909057239,49.30604121508786,-1.5483824811530478
2021-12-15,20.71319788889473,21.19574773960851,20.685883156618196,21.17753791809082,20.92752626695929,20.850574534788798,53.010864685396605,0.30185058964932704
2021-12-16,21.678298662751388,22.306523693841992,21.64188075158124,21.951440811157227,21.025041937835283,20.89374576131305,60.20594458255899,6.634242123004918
2021-12-17,21.778449556938817,22.097114507960377,21.73292673675757,21.887706756591797,21.10720049200257,20.932724623873,59.399287109819745,5.024028255680134
2021-12-20,21.696505575330356,21.732925218198,21.305003097423963,21.56904029846191,21.151185235474887,20.957678179739233,55.40234873413392,1.848668064650948
2021-12-21,21.833077302953704,22.07890469989774,21.705612017094253,22.051589965820312,21.236938066936357,21.00057668115418,59.81226277464341,0.45623043846936584
2021-12-22,22.051590460443784,22.342942420718643,21.987857816084517,22.333837509155273,21.341404680481016,21.052861419507163,62.16863033494065,2.038270877460097
2021-12-23,22.479510362422463,22.57966090638849,22.306520533267847,22.515928268432617,21.45326406980974,21.110236590053262,63.64945233984136,4.390032921577087
2021-12-27,22.634291586386805,23.071316901494217,22.634291586386805,23.062211990356445,21.606497205099902,21.186784644967112,67.73038655235878,4.582989372206649
2021-12-28,23.089526316448826,23.116839312796063,22.92564139202857,23.034896850585938,21.742535266574762,21.259259633422754,67.32339583857296,3.1390008149888255
2021-12-29,22.93474657927876,23.10773468017578,22.88922202384463,23.10773468017578,21.872554258346288,21.331748850942482,67.87769710566403,2.6283900210007243
2021-12-30,23.25341001246367,23.30803773885654,23.116838091605327,23.135047912597656,21.99279174922737,21.40246646120347,68.09624745736993,0.31582366111137805
2021-12-31,23.24430710799301,23.271620105254545,23.044002532958984,23.044002532958984,22.092907061963714,21.466840424801727,66.47272677600402,0.0395299463770564
2022-01-03,23.116840217305334,23.253412150722095,22.898327555056493,22.99847984313965,22.179152088742374,21.52690471571694,65.63018209334793,-0.47280635055007353
2022-01-04,22.98937323507589,23.09863042642872,22.743545856970133,22.861907958984375,22.24417645733685,21.579257784080372,63.048274344638784,-1.1806327553121219
2022-01-05,22.61608259541604,22.68892015061125,22.078904974632263,22.124427795410156,22.23277182286764,21.600637000210952,51.30981090789261,-3.990516561667594
2022-01-06,22.03338328202054,22.29741878190336,21.823973780600745,21.951440811157227,22.205978393180935,21.614394012404926,49.00504608501955,-4.552644518784355
2022-01-07,22.051586684498822,22.188158597979516,21.823969144143035,22.03337860107422,22.1895403177422,21.630824780588036,50.1473198844693,-3.6240604213637257
2022-01-10,22.45219490590944,22.56145209358228,22.242787177502585,22.55234718322754,22.224093352550327,21.66696291402488,56.75462264323344,1.9341489496336588
2022-01-11,22.652497440235695,22.816382351400236,22.452194624692407,22.779964447021484,22.277033456785674,21.710610032965924,59.302354930648484,3.7743474015753233
2022-01-12,23.808798374144757,24.02731104120974,23.226097928638143,23.444610595703125,22.388231279539717,21.77861005503405,65.66355933989597,6.404973200796825
2022-01-13,23.4355059084247,23.47192555490952,23.189678504405148,23.308040618896484,22.475832169002267,21.838587724205127,63.4683462670404,3.350841619851276
2022-01-14,23.417295371887395,23.936264898982216,23.289830086241793,23.85432243347168,22.607116956094593,21.917636144176363,68.06706907293005,4.716240839395469
2022-01-18,23.408190121420077,23.462819588691843,23.14415464261019,23.226097106933594,22.66606744665069,21.968948338794295,58.88654717074122,-0.9320414509660481
2022-01-19,22.743547282954925,22.807279924996617,22.26099914373395,22.279207229614254,22.629223616456745,21.98111535412057,48.31015656251971,-4.414070689614836
2022-01-20,22.15173989883341,22.19726271420449,21.541724795306795,21.559934616088867,22.52738656880266,21.964598462433052,42.12140591718708,-9.618331536272837
2022-01-21,21.34142453669603,21.641879669308143,21.268586981413833,21.314109802246097,22.411836400559178,21.939089103210033,40.22480746708633,-8.232064543107066
2022-01-24,20.83156094282853,20.913503413644413,20.00303305932074,20.88619041442871,22.266536782832468,21.89779895855194,37.09372897288712,-6.252542116192984
2022-01-25,20.631255911263004,20.804245746559364,20.4127432576917,20.467370986938477,22.09518765941399,21.841703743978865,34.28114894329382,-5.067564668471104
2022-01-26,20.685884510696948,20.795141710370793,20.185126542270492,20.38542938232422,21.932353537786394,21.784594945482606,33.74208701047529,-4.357115678478928
2022-01-27,20.267071307020352,20.376326782504098,19.77541645759007,19.857358932495117,21.73473500394913,21.70901706262035,30.422043586133377,-4.925893432546946
2022-01-28,20.16691792355121,20.66767765845793,20.07587054115141,20.631258010864254,21.629641956988664,21.666752001767172,39.77456881389654,0.8007233759057985
2022-01-31,21.004550295127963,21.496205108290095,20.95902747313192,21.45978546142578,21.613465147887435,21.658635666851826,47.85568646809257,5.270215598368089
2022-02-01,21.405154046758835,21.514409495394876,21.15932668245167,21.41425895690918,21.59449312969903,21.64905226646192,47.47869426632013,7.840418404616282
2022-02-02,21.605460388851068,21.714717591914702,21.487100010734434,21.64188003540039,21.599006168337255,21.648771002498723,49.615800129241556,4.898499277183927
2022-02-03,21.01365359675649,21.17753852192017,20.694988657447578,20.72230339050293,21.515510665686367,21.6124389392832,42.15333082973413,-3.436577090896292
2022-02-04,20.91350337601219,21.13201605226655,20.63125805292336,20.840665817260746,21.45123972774107,21.58217332665487,43.33471260092854,-2.678557034369698
2022-02-07,20.649466879770465,20.858874633997328,20.403639479634077,20.458267211914062,21.356670916709923,21.538098577057195,40.459811646311,-5.469085040441268
2022-02-08,20.449163287752537,20.91350337601219,20.367222553668487,20.840665817260746,21.30752757390524,21.510748272751453,44.43000798219296,0.5711837363218115
2022-02-09,21.095597136399498,21.359632623078355,21.031864492600608,21.314109802246097,21.308154452794845,21.503036960182616,48.96720964149708,2.2717315710385497
2022-02-10,20.986340972526932,21.18664556189215,20.822457767479555,20.88619041442871,21.26796740152188,21.478846899564815,45.36209641826033,2.0916884019651643
2022-02-11,20.685883203511256,20.731407757408675,20.221543173262543,20.276172637939453,21.173510757371172,21.431683203030488,40.75564463577987,-2.7086139390698625
2022-02-14,20.030343088087616,20.267065532973273,19.930190816940303,20.203332901000977,21.081112866288297,21.3835126029509,40.23030842713786,-5.211462789443199
2022-02-15,20.740515259342732,20.895295288762615,20.622153141006383,20.840665817260746,21.05821314733329,21.36222449370815,46.7036656319626,-0.2179650585609698
2022-02-16,20.503791009943924,20.80424613123295,20.476476276523385,20.795141220092773,21.03315867807229,21.33998593395853,46.31777812240914,2.5594997212751096
2022-02-17,20.62215305606312,20.713200438273507,20.367222469775292,20.421850204467773,20.97493882344329,21.303980611233403,43.168149865310006,1.0815903719329913
2022-02-18,20.51289594901414,20.713198784618147,20.3125913768259,20.494686126708984,20.929200471373356,21.272243572624603,43.96876636120831,-1.6601182207202447
2022-02-22,20.60394384897917,21.23216889479076,20.585735761259627,20.98634147644043,20.934642471855934,21.26103172571542,49.1737637854468,0.9194467800147176
2022-02-23,20.96813151747792,21.159329445853405,20.631256744255623,20.685884475708008,20.91095123412756,21.238476931597482,46.340682703605786,1.2929008321805753
2022-02-24,19.493169120684932,20.2579643169715,19.156296079811263,20.248859405517575,20.847894869498038,21.199668401162977,42.504743948046055,-1.1994656550072496
2022-02-25,20.248858707771564,20.822455953513316,20.248858707771564,20.795141220092773,20.842870712411823,21.183804590140618,48.26914237399608,-0.9110699764525437
2022-02-28,20.585733459968917,20.74051347608087,20.294383250013293,20.449161529541016,20.80537459975746,21.154995058352398,45.179674908871746,-1.1443694681993526
2022-03-01,20.3854273996205,20.485579678198608,20.066764216115807,20.1760196685791,20.74543603488333,21.116603866596584,42.848005391941,-0.35972266624867294
2022-03-02,20.22154239891512,20.740511873967733,20.185124493775906,20.567522048950195,20.72849184574684,21.095071246296726,47.06495135777232,-1.0945786264853394
2022-03-03,20.804246942081345,20.886189408952458,20.42184934221092,20.50379180908203,20.707091842254954,21.071883817386347,46.46394569927501,0.26715168473825346
2022-03-04,20.28527833887915,20.531103993164063,20.16691623071953,20.449161529541016,20.682527050567913,21.04746333551006,45.92259349823974,1.3537945811347938
2022-03-07,20.285279774259735,20.558420181274418,20.203337304838463,20.558420181274418,20.67070734873044,21.02828517259886,47.24639556802477,-0.04425359386568531
2022-03-08,20.649464772350065,21.496202350903783,20.521999497844043,21.241270065307617,20.72504665507112,21.036637521332537,54.70874589358492,3.5967896235608694
2022-03-09,21.62366845715365,21.987856210167816,21.43247053804028,21.760238647460938,20.823636368632055,21.065014036082673,59.40834452840656,6.41139792468229
2022-03-10,21.43247178609708,21.787554648890076,21.43247178609708,21.705612182617188,20.907634065202068,21.090135532025204,58.7176880617054,5.580156409040062
2022-03-11,22.024274623319233,22.11532199063223,21.805761983718497,21.860389709472656,20.998372697989744,21.120341578199614,60.13194768243545,2.9147016268872665
2022-03-14,22.27010178086678,22.798176200087696,22.24278878441343,22.479511260986328,21.13943351351323,21.173642350073603,65.25892180886349,3.3054445090349134
2022-03-15,21.99696390459549,22.13353411218458,21.477996073806292,22.02427864074707,21.22370447801169,21.207000635982368,59.22772761204941,1.4681293273316889
2022-03-16,22.279205832742857,22.87101286964579,22.2154731946971,22.861907958984375,21.379723857151944,21.271898962374603,65.53872423974232,4.581429072500641
2022-03-17,22.588766895337443,22.807279551581736,22.270101953762097,22.29741668701172,21.467123174281447,21.312115343732923,58.919842065748185,-0.8100468549360252
2022-03-18,22.20636876212345,22.798175811767575,22.04248383985795,22.798175811767575,21.59389009213727,21.370392224832322,62.534555552188515,3.513836632945239
2022-03-21,22.2154741200515,22.361149223533737,21.915019002046364,22.042484283447266,21.636613348452507,21.396748776150556,54.7108010623659,-3.584231364272852
2022-03-22,22.406673623545156,22.716233650446902,22.37935889061234,22.570558547973633,21.725560510311663,21.442780531908323,58.60795173271637,1.2249933021210464
2022-03-23,22.169953124941436,22.443093532290742,22.106220478998885,22.133533477783203,21.764415078642287,21.469868882726946,54.433362469224086,-2.9153312066367505
2022-03-24,22.424884063203542,22.479513534804475,22.206371386552984,22.4613037109375,21.830785424575165,21.508748679911672,56.912261030589164,1.9000554660925653
2022-03-25,22.39756790316944,22.534138089729765,22.31562544391642,22.515928268432617,21.896037123990162,21.5482459186772,57.32888938655851,-0.24204221364260517
2022-03-28,22.515929404516186,22.552349048948095,22.324731481001308,22.506824493408203,21.954207349649025,21.58583723533332,57.229570035960954,1.6865405426553122
2022-03-29,22.679813218924373,22.87101286964579,22.588765848894376,22.861907958984375,22.040655026728583,21.635879224496104,60.1308580782841,1.7835307033037504
2022-03-30,22.597871565578025,22.91653650375712,22.597871565578025,22.73444175720215,22.10672995344035,21.678960108131637,58.59429000033346,0.9704840331894629
2022-03-31,22.73444339150212,22.952956061125676,22.661605834960938,22.661605834960938,22.15957527548993,21.71749523467396,57.68716144804599,0.687708484144739
2022-04-01,22.87101541464233,22.880118589732565,22.34294269360744,22.406675338745117,22.18310861484757,21.744521905421852,54.5064637218417,-1.9912275959468135
2022-04-04,22.361149026684803,22.525033950805664,22.342940941347972,22.525033950805664,22.215672932557865,21.7751302209271,55.726984255946746,-0.9211037976340242
2022-04-05,22.306520910698765,22.342940553909287,22.097113171990777,22.197263717651367,22.213919673995342,21.791684475700603,51.598533733474476,-2.0490256546304044
2022-04-06,21.76934496967874,21.96054463777189,21.614564947540217,21.823972702026367,22.176781867141155,21.792950680654556,47.30067993987079,-2.6005760690036586
2022-04-07,21.623670080730015,21.851287660527177,21.550832524658297,21.687402725219727,22.130174329815304,21.788811545147308,45.797709575839946,-3.7186679825447166
2022-04-08,21.650983532590836,21.760238991932543,21.523516514579892,21.57814598083496,22.077600201340985,21.780550150468393,44.57738508952596,-2.789162415203821
2022-04-11,21.186646070615257,21.350531016182146,20.904399003656987,20.98634147644043,21.973670798969504,21.749404712271218,38.58063879423127,-3.8381244195203883
2022-04-12,21.07738524979232,21.18664244031064,20.46737013281003,20.549312591552734,21.838017636358384,21.70234227616461,34.852038492123576,-5.247701387236823
2022-04-13,19.93019390833754,19.939298819543566,19.047038360363825,19.292865753173828,21.595622218912236,21.60785300075321,26.82529219101101,-10.590716318681167
2022-04-14,19.311074237112127,19.338388971293323,18.591803602850177,18.62822151184082,21.31301262776258,21.49100470707037,23.713967194873874,-11.236450942375397
2022-04-18,18.70106071271284,18.864943907256027,18.546280692935163,18.719268798828125,21.065989405959296,21.38230918125695,24.997302803594604,-8.905620490083404
2022-04-19,18.264032750940835,18.628220504066356,17.981787459341575,18.5918025970459,20.830352567015165,21.272877550503576,24.37896861244735,-3.633794818753659
2022-04-20,18.828524856039184,18.87404767344175,18.628220291665897,18.72837257385254,20.630163996237773,21.1730930416153,26.4774050163687,0.5376308304475489
2022-04-21,18.983307482276366,19.0561450421078,18.783002890301624,18.828527450561523,20.458579563316224,21.081149292946524,28.05414663839177,0.5836694419401591
2022-04-22,18.67374642464259,18.764793803730555,18.318663556442285,18.446128845214844,20.26691759016371,20.97781515774136,25.780803293243654,-0.7835375352694481
2022-04-25,18.36418427186922,18.58269691467285,18.236718997713133,18.58269691467285,20.106515621069345,20.88388895213083,28.024029416002115,-0.7778340515452546
2022-04-26,18.43702493441119,18.555385318041136,18.26403507841259,18.31866455078125,19.93624409056572,20.78329191678379,26.364916725405642,-2.7079276439383357
2022-04-27,18.200302430566897,18.500757582256888,18.200302430566897,18.31866455078125,19.782188896300532,20.686639863215063,26.36491672540564,-0.6910083709333927
2022-04-28,18.582701761834535,18.81031937453372,18.52807402103041,18.664644241333008,19.67575607201791,20.607345917258904,32.443151815462045,0.44098726377790104
2022-04-29,18.4279184135808,18.482546144596014,18.091045379638672,18.091045379638672,19.52483124417227,20.50866746480321,28.275885264359694,-1.242553301369726
2022-05-02,18.10015036417768,18.409710431857626,18.06373245205415,18.345977783203125,19.41255948598473,20.423856104740462,32.43004610146761,0.14910056541599892
2022-05-03,18.38239502669847,18.47344239997101,18.327765560784425,18.40970802307129,19.317049822850116,20.34486990545932,33.467472578980384,-1.3658777256367973
2022-05-04,18.300453335662873,18.81031621625877,18.24582560403081,18.764793395996097,19.264453972673543,20.282906120774488,39.079728284100234,3.7242072098040473
2022-05-05,18.75569069343729,18.928680556659728,18.309560403303205,18.491653442382812,19.190853922169666,20.212660917700305,36.5272748215458,0.7940468526734102
2022-05-06,18.17298455711026,18.20940419906877,17.945367004621904,18.072834014892575,19.084375835762323,20.128746137198043,32.971226374337775,-1.8298715425390752
2022-05-09,18.24582728523378,18.336872934148232,17.990894953153777,18.045522689819336,18.98543744091061,20.047051100045937,32.747340307942665,-3.833086200300156
2022-05-10,18.227614884482744,18.31866225711278,17.772379757916745,17.99089241027832,18.890718866564676,19.966417425937404,32.27523732561479,-2.708038162540671
2022-05-11,17.836112786485852,17.999997713474635,17.64491312613753,17.67222785949707,18.77467210398681,19.876449207645628,29.59505195593444,-2.2166205646850536
2022-05-12,17.444611718569995,17.890741980439444,17.408193807695127,17.78148651123047,18.680082999914777,19.79429380778621,31.68959371132007,-1.4631672527713888
2022-05-13,17.572076742344816,17.763276415408342,17.47192618653473,17.708648681640625,18.58756544579343,19.712503802839326,31.026904153963258,-1.5688144990320076
2022-05-16,17.417296583389277,17.462821141668904,17.207888825055985,17.244308471679688,18.45963621016355,19.61571182906836,27.131666917637407,-2.4214229876366073
2022-05-17,17.681332597061076,17.863427344502153,17.663122775000126,17.85432243347168,18.401987279050037,19.546637735123394,38.12219442765438,0.40961660992296156
2022-05-18,17.590287832326638,17.65402048240856,17.080424895086807,17.098634719848633,18.277858463888,19.450637616877327,31.73628126208942,-3.444723382108889
2022-05-19,16.7162352670989,17.144155683015388,16.588768244195723,16.962060928344727,18.152544412883877,19.353046374189773,30.734258594378804,-1.6367576803586865
2022-05-20,17.135052363946635,17.144157276184696,16.74354982063223,17.02579689025879,18.04523512501482,19.261781688545422,31.816202039504862,-4.640475976056337
2022-05-23,17.10773823132699,17.235203521053073,16.971166293381245,17.19878387451172,17.964620720205,19.180879813485276,34.79329171254745,0.5857143351148946
2022-05-24,16.834595587626826,16.907433141942867,16.616082924678697,16.752653121948242,17.84919523465674,19.085655237346568,31.030324287599026,-1.2345658188655015
2022-05-25,16.479512267930765,16.634292283609845,16.29741751892565,16.51593017578125,17.72221761000193,18.98488170552048,29.22422812653978,-2.9946716606801314
2022-05-26,16.58877011401451,16.89833018989642,16.515932551253147,16.798179626464844,17.63421399252221,18.899128682812414,34.145922665468426,-2.329259155588106
2022-05-27,17.11684018992635,17.335354580476537,17.071317371569183,17.298934936523438,17.60228265385566,18.836375986879514,41.869386061709065,3.2608674614022313
2022-05-31,17.529096957872333,17.621160133514223,17.188457237622785,17.363380432128906,17.579530061310255,18.778611455320668,42.799172954033246,5.131108253232667
2022-06-01,17.418620130114213,17.630368261200875,17.354175199435026,17.5198917388916,17.57385022107991,18.729249897813645,45.09595956820446,4.296370966826251
2022-06-02,17.722431504823753,17.971006290225716,17.722431504823753,17.96179962158203,17.610797783032492,18.69915380854966,51.069952347429584,3.8318236786883335
2022-06-03,17.860530649566062,18.044660537538057,17.805292385571565,17.842117309570312,17.632828214131333,18.66554453407988,49.49908166478624,2.7571640171838867
2022-06-06,17.971007528986775,18.08148404834125,17.851322584361377,17.88814926147461,17.657144504354502,18.635058444958105,50.134398187962994,2.1019394872488273
2022-06-07,17.630369167597447,17.851323979568186,17.529099309606327,17.842117309570312,17.674760961994103,18.603962714158584,49.46425587794929,-0.6663158176417594
2022-06-08,17.759258992760195,17.777670574898305,17.630367381837978,17.63957405090332,17.671409827604506,18.56614355089367,46.5178411981379,-1.1351974384696497
2022-06-09,17.64878213210994,17.759260413741227,17.381793975830078,17.381793975830078,17.64382736553075,18.519698469518627,43.00665178521388,-2.8306745334189474
2022-06-10,17.14242683478178,17.14242683478178,16.755755499982413,16.875438690185547,17.57064749168835,18.455217693858508,37.08522563163404,-5.4179591054826775
2022-06-13,16.479560490603635,16.608452104670363,16.350670632529525,16.433528900146484,17.462350482970077,18.375935780379606,32.836051128957266,-6.83715574580484
2022-06-14,16.580831532395653,16.85702457772228,16.571624863419093,16.792579650878906,17.39856278467568,18.313843383144285,38.95607339432992,-3.3898360880959273
2022-06-15,16.62686362918769,16.87543843117042,16.479560433048135,16.838613510131836,17.34523428233817,18.255991231261444,39.71453849014758,-0.218217616322637
2022-06-16,16.350670998352633,16.378291006840453,16.203367798402915,16.267812728881836,17.24262270581852,18.1780234468544,34.062986611489634,-1.0084028346654825
2022-06-17,16.12971319471337,16.525591129354126,16.12971319471337,16.35066795349121,17.1576746341683,18.106362447114666,35.49785600634123,-2.631589110042221
2022-06-21,17.050359952073944,17.446237911119848,16.99511994197979,17.280521392822266,17.169374325468677,18.073976523416924,48.92958139926352,2.6243721457501987
2022-06-22,16.893851926364512,17.01353511584065,16.746548728858823,16.86623191833496,17.14050362002737,18.0266139898843,44.484865404692904,3.6785473217963287
2022-06-23,16.985916034738544,17.07797921169162,16.838612844422574,16.976709365844727,17.124904167248072,17.985441259529807,45.89627826976943,3.828843042585564
2022-06-24,16.912266322763855,17.216079406119245,16.857026303249977,17.188459396362305,17.130957046211332,17.954187068817358,48.59396381865887,-0.5327501084440677
2022-06-27,17.271318435668945,17.289731776323585,17.096395211435496,17.271318435668945,17.144324797588247,17.92740790673311,49.65187350794885,2.4017606261753257
2022-06-28,17.271315801920753,17.344967397315173,16.97670942034307,16.995121002197266,17.130114912312916,17.890847635967,46.23616566625426,0.10845232698382203
2022-06-29,16.91226586846542,17.18845893464475,16.829407597413084,17.133220672607422,17.13041069900763,17.86113677465878,48.15658625836574,-0.3213709994659167
2022-06-30,16.9398832562273,17.096393120666047,16.88464499701145,17.041154861450195,17.121910143049778,17.828980621199623,46.95250630799462,-1.3326346513501441
2022-07-01,17.124014092608007,17.409413829953543,17.03194915140189,17.354175567626953,17.144030659676176,17.810360815177166,51.40168839089448,2.1126920213352176
2022-07-05,17.041156189644102,17.206872736200264,16.903059652844878,17.188459396362305,17.148261967931997,17.78597252424325,49.05592973204348,0.32240712245770836
2022-07-06,17.216079691415693,17.510686109734177,17.216079691415693,17.427827835083008,17.174887288613046,17.77192763447226,52.43269716099974,2.269053809888955
2022-07-07,17.483064188777654,17.657987389034005,17.40020592318215,17.63957405090332,17.21914317073593,17.766737297861713,55.257947075695924,1.6445522414142153
2022-07-08,17.538301571140625,17.639573169808305,17.271315205551943,17.547508239746094,17.250416034451185,17.758140079896396,53.76275405498158,2.0888948515058696
2022-07-11,17.03194767789075,17.11480594220854,16.783372884937375,16.995121002197266,17.226102221855573,17.728217763123883,45.76189765076118,-2.482850054409441
2022-07-12,16.746547753705517,16.912264280247882,16.672896159241414,16.76495933532715,17.182183851710008,17.69044292281813,42.89732883584835,-4.9582530340713244
2022-07-13,16.608452408650614,16.820200538217257,16.553212391899848,16.672897338867188,17.133680374296407,17.650539174427895,41.771007622111895,-4.984245563127096
2022-07-14,16.387492119738575,16.525590374157108,16.230982286590848,16.479557037353516,17.07138291363518,17.60461830630733,39.429579422034394,-3.0335998477274373
2022-07-15,16.682104470048365,16.764960985482492,16.525594596908,16.72813606262207,17.038692737348217,17.57024645361379,43.79203043181585,-0.2196442709376817
2022-07-18,17.105599218373065,17.252902408689035,16.930676021375646,16.976709365844727,17.03278955910979,17.546970489387554,47.83779495522703,1.8221909533941931
2022-07-19,17.124014717785474,17.289731266808058,17.068776453442197,17.225284576416016,17.05112241790086,17.534355355545532,51.59031464892074,4.52516737781356
2022-07-20,17.28972945546684,17.363381052206094,17.13321959289686,17.23448944091797,17.06858594390249,17.52259590791308,51.72879858968368,3.0269563590369883
2022-07-21,17.584338049424815,17.75005460188527,17.446241507705366,17.68560791015625,17.127349940688564,17.528988535452026,58.06085300085619,4.175712318770971
2022-07-22,17.39100064563208,17.547510520280653,17.308142373406792,17.381793975830078,17.151582705940136,17.523216199780578,53.016883103712914,0.9086026922791581
2022-07-25,17.216076507175316,17.252901424657704,16.801785210545706,17.08718490600586,17.145449582136873,17.50611693335804,48.6071496803396,-0.8547078543700881
2022-07-26,16.654482237280696,16.654482237280696,16.424320793156852,16.488765716552734,17.082908261605052,17.466220807208813,41.124683023042955,-6.7673228971462684
2022-07-27,16.7925816197403,17.298937936864064,16.75575669550904,17.225284576416016,17.09646791063467,17.45677232756988,51.10171390748498,-0.9004214388439632
2022-07-28,17.363379023220045,17.64877870773538,17.28052076707166,17.6303653717041,17.147315287879376,17.463579897928085,55.562021577150475,3.178876267133525
2022-07-29,17.832911463017716,18.044659593917505,17.78687811543559,17.943387985229492,17.223131735246053,17.48239590135167,58.69724801086235,8.821899065595263
2022-08-01,17.8237059568657,18.063074111938477,17.81449928674835,18.063074111938477,17.303126247311997,17.505167595884487,59.86327690756555,4.863719561820882
2022-08-02,17.93418131571307,18.063072932950355,17.897356393640028,17.943387985229492,17.36410355568509,17.522352709192134,58.096960832858905,1.775474341716009
2022-08-03,18.191962264161123,18.504981994628903,18.15513558716839,18.504981994628903,17.47275864510831,17.56088719097397,63.53396664368562,3.129810322675402
2022-08-04,18.569425376146715,18.661490304964975,18.486567115809528,18.55101203918457,17.575449444544144,17.599715616393993,63.946881700970245,2.7013005882736185
2022-08-05,18.504981790000564,18.69831657409668,18.431330192822152,18.69831657409668,17.682389171168197,17.64279800689214,65.30097585042098,4.207280082716955
2022-08-08,18.698318225236303,18.762763158959103,18.597048367668805,18.6614933013916,17.775637183570424,17.682746841970552,64.64732245636426,0.8457792977487171
2022-08-09,18.57863426208496,18.65228586273178,18.532600914185277,18.57863426208496,17.852113095809905,17.717879681975038,63.11633437324102,0.14889873847337975
2022-08-10,18.82720684177626,18.96530335712578,18.698315238923236,18.762760162353516,17.93884138786168,17.75885538708792,65.09455238921676,0.34464914529317314
2022-08-11,18.67990364192712,18.799586820196133,18.504980452771672,18.55101203918457,17.997143354654334,17.78992035383681,61.03999076549036,-0.5920279820200272
2022-08-12,18.458950652342025,18.54180892857838,18.36688746185078,18.514190673828125,18.04638595648041,17.81832311148353,60.33620215756637,-0.3468693519003794
2022-08-15,18.431332397591767,18.551015598826066,18.431332397591767,18.514190673828125,18.090938786704,17.845612035497044,60.336202157566376,-1.3248023551680426
2022-08-16,18.45894711036631,18.560218707665644,18.403708855472345,18.55101203918457,18.134755286940244,17.873274780739692,60.85958866862251,0.0
2022-08-17,18.486570459980417,18.578635405452975,18.320853909328367,18.495777130126953,18.169138319624693,17.89768663757841,59.5893213996635,-0.09945637930153477
2022-08-18,18.31164427466407,18.458947461175775,18.31164427466407,18.38529586791992,18.189724752795666,17.916808568180038,57.02545991145462,-0.6961946551107625
2022-08-19,18.44974295450028,18.44974295450028,18.182754825577412,18.21037483215332,18.191691427020203,17.928320970688794,53.12794961738862,-1.8362189960943127
2022-08-22,17.93417971864639,18.06307132440568,17.906561468549224,17.971006393432617,18.170673804773767,17.92999490883561,48.26641841008233,-2.837246215729752
2022-08-23,17.878941034975647,17.906561040404924,17.722431182861328,17.722431182861328,18.127984031258297,17.921855154875836,43.78560378084614,-3.60540667836196
2022-08-24,17.713224514384905,17.85132102954637,17.67639959647166,17.722431182861328,18.089359950458586,17.9140346069537,43.785603780846145,-2.6794816349988024
2022-08-25,17.611952346365587,17.676399023611967,17.510682508391795,17.65798568725586,18.048276687296422,17.9039934728479,42.596579430183375,-1.7418095532543414
2022-08-26,17.639573411552334,17.685604999218043,17.142425591991138,17.160837173461914,17.963758638359803,17.874850088558254,34.755715745219845,-3.1688316552331135
2022-08-29,16.912265830630968,17.004329015156333,16.820200890112922,16.93067741394043,17.865369950319863,17.837823709161476,31.834182625216116,-4.467523449528598
2022-08-30,17.289728979352297,17.289728979352297,16.903057668121015,16.96750259399414,17.779858773526936,17.803693469350993,32.80739190925112,-3.910316303858231
2022-08-31,17.013536834918774,17.077981770840065,16.847820281982422,16.847820281982422,17.691093202903648,17.766208246316932,31.246027820652028,-1.8240187720186045
2022-09-01,16.87543945712717,16.958297729492188,16.746549591667243,16.958297729492188,17.621303157816843,17.734525480951255,34.351895951423195,0.16313768714898388
2022-09-02,16.847816653948257,16.976708254027933,16.57162362919203,16.654481887817383,17.529224941626417,17.692170830240123,30.29842768785247,-1.844824861188207
2022-09-06,16.7005182496534,16.77416986105236,16.507183428228462,16.55321502685547,17.436271616410135,17.64750589677406,29.067247576334566,-1.7486253426030016
2022-09-07,16.70051446567116,16.985915931670043,16.672896215149837,16.96750259399414,17.39162694760861,17.62083910058661,39.83793599333096,0.05427941323346941
2022-09-08,16.893851869516944,17.059568405151367,16.82940694032414,17.059568405151367,17.360002324517446,17.59882848507935,41.94752829875053,2.432297324303447
2022-09-09,17.280521874157415,17.58433491416797,17.262108536946474,17.547508239746094,17.377860030729696,17.59681592643883,51.62848112689762,6.006647115243243
2022-09-12,17.704019648945312,17.869736186413185,17.667194727281696,17.713226318359375,17.409799677170618,17.601381039847478,54.40923509286214,4.395011700951161
2022-09-13,17.271314761395118,17.400204606572135,17.022739983417353,17.08718490600586,17.379074460869212,17.58121648557918,44.096096699400576,0.16188276396343657
2022-09-14,16.912263226763503,16.976708148406182,16.544003521389783,16.645275115966797,17.309188808973744,17.544512902457125,38.54251104439417,-5.141659496336284
2022-09-15,16.295433808821368,16.39670366795005,16.12051058888234,16.378292083740234,17.220531977999123,17.498778752703522,35.62344473422176,-7.536369776044189
2022-09-16,15.83510919794555,16.074475571790828,15.733837593323832,16.000823974609375,17.104369311009624,17.44003542807238,31.940258570331448,-6.35775253426705
2022-09-19,16.028444290161133,16.129715896729575,15.917967770261582,16.028444290161133,17.001900261405005,17.384678912860174,32.490289431329984,-3.7057412479411402
2022-09-20,15.89034737617723,15.936378965684767,15.604947658046807,15.669392585754396,16.874994768485898,17.31741278238544,29.18800679187404,-4.328287066571535
2022-09-21,15.733837513461983,15.9179673834773,15.650979247554346,15.669392585754396,16.76017551298766,17.2527845393803,29.188006791874038,-2.0713395096459077
2022-09-22,15.558915251370392,15.632566852622135,15.282722185674526,15.35637378692627,16.626480110505625,17.178415490264456,26.468030706160217,-4.192986487449725
2022-09-23,15.264307331421035,15.38399051307962,15.089384137311557,15.291927337646484,16.499379846423803,17.104435562710812,25.932217322891738,-2.408933505508561
2022-09-26,15.402404525691423,15.58653439661362,15.319546259375697,15.36557960510254,16.391398871059874,17.036245133000683,27.7327672266966,-1.9388944337769844
2022-09-27,15.558912390843942,15.68780398633212,15.356370963637326,15.457642555236816,16.302469698124344,16.974339149558965,30.022667923701917,0.6594575628053713
2022-09-28,15.522090154237784,15.83510989503682,15.4576452233661,15.752251625061035,16.25006797688022,16.926414148598262,36.911868048372725,3.0102437531291417
2022-09-29,15.50367687670562,15.558915138244627,15.374787014450373,15.558915138244627,16.184243897010166,16.872786736427532,34.5107257124079,1.258237815369387
2022-09-30,15.743045586833668,15.862728783824496,15.623360633850098,15.623360633850098,16.130826443375874,16.82378963436567,36.00510432889802,1.0720786046196835
2022-10-03,15.531294329265888,15.807487347496604,15.48526098889918,15.697009086608888,16.08951050463616,16.77960216190462,37.75319233475448,-0.3506961402537436
2022-10-04,16.000824882990035,16.30463795811033,15.936379951296743,16.295433044433594,16.10912217509306,16.76061513769007,49.76156344882779,4.733735608458761
2022-10-05,16.157334145425935,16.341464019877947,16.019237617583236,16.240192413330078,16.121605054925155,16.740206403401444,48.825198013862895,3.948137625035244
2022-10-06,16.258606327440354,16.323051258981774,16.083683116118873,16.0928897857666,16.118870267386246,16.714821438004,46.32210936908445,2.5220135694222074
2022-10-07,15.954792567640308,16.000824157908813,15.650979506287374,15.706217765808104,16.079570029140708,16.67526835281985,40.458571925477614,-3.615830748522279
2022-10-10,16.166540145874023,16.286225086113777,15.954792028209903,16.166540145874023,16.087852897401024,16.65531822705727,48.77204378583488,-0.4535184410475354
2022-10-11,15.678598181353356,15.899552956647591,15.641771507474752,15.77066135406494,16.057644178988063,16.62062580066541,43.18729073379676,-2.0023031039873134
2022-10-12,15.779869775186697,15.93637964456921,15.67859992275753,15.74304485321045,16.027682338437813,16.58621086154953,42.81894127028082,0.23447457530174343
2022-10-13,15.6509792782677,16.783373239904144,15.568121012197464,16.617656707763672,16.083870373611706,16.587444031989303,55.704312159348724,2.790433561041081
2022-10-14,16.507180085466814,16.755754882098405,16.378290230617505,16.39670181274414,16.11366384400527,16.57996394496008,52.486467833397356,3.9696525378616223
2022-10-17,16.682104368136027,16.921470755248215,16.67289769847899,16.718929290771484,16.17130817226872,16.58541356636445,56.438518331976624,6.198829049019859
2022-10-18,16.801784859303744,16.921468033610072,16.470351828928678,16.63606834411621,16.215571045778006,16.58740002823707,55.167761274331184,0.11079562345235627
2022-10-19,16.43352869479513,16.55321188208374,16.32305042068883,16.415115356445312,16.23457526584156,16.58064376659818,51.81735959989189,0.11230029009163396
2022-10-20,16.599245696292886,16.783373817008286,16.44273582788884,16.470354080200195,16.257030391018574,16.57631868085708,52.59251165803006,-1.486789053581904
2022-10-21,16.50718226182908,16.903060303623075,16.44273732590779,16.847820281982422,16.31329609491989,16.58696580246984,57.61095535449549,1.2728484488409946
2022-10-24,16.838612844422574,17.068774298790345,16.774166162165862,16.976709365844727,16.376478311198447,16.60224986377866,59.19918640160656,3.4212005045636613
2022-10-25,17.031947268675857,17.19766379332988,17.013533931271517,17.142425537109375,16.449425666047105,16.623433223517118,61.21150358290783,4.0804918560743575
2022-10-26,17.12401456441725,17.381794299705618,17.07798121454951,17.19766616821289,16.520686666253372,16.645952162524797,61.88632195403321,2.0765053305121297
2022-10-27,17.198592476229695,17.338191089573595,17.133446575008723,17.226512908935547,16.587908213175485,16.668719250619336,62.255604877182755,1.4714485458141704
2022-10-28,17.133450709305446,17.50571435974718,17.096225231807825,17.487102508544922,16.67354576511543,16.70081271171446,65.50689459287635,2.0106662892564486
2022-10-31,17.366115147800592,17.52432741597834,17.31958285866898,17.43126106262207,16.74570912678273,16.729457745083387,64.23008551871133,1.358294155290339
2022-11-01,17.859365105833977,17.887283768537575,17.533633765245664,17.598779678344727,16.82695394121721,16.763548801289716,66.34906700545807,2.1610105967301227
2022-11-02,17.41264489125265,17.570857136300216,17.133447647094727,17.133447647094727,16.85614381796745,16.77805463838011,56.36117466158322,-2.0223754122638953
2022-11-03,16.938008211296115,17.003154109978446,16.826328259917393,16.928701400756836,16.86305406394739,16.783962354551747,52.60856678057293,-2.883094114991343
2022-11-04,17.0031571025906,17.179981208680676,16.84494484576222,17.058996200561523,16.881715219815405,16.79474799557174,54.6766634801767,-3.067164244617517
2022-11-07,16.984544496298277,17.366114942974793,16.984544496298277,17.291662216186523,16.920757790898367,16.814234827752713,58.18568877714854,0.923425176010182
2022-11-08,17.403339638870506,17.63600459781213,17.3288869230129,17.44056510925293,16.970263249789276,16.83879679957625,60.30389105680955,3.023644261769599
2022-11-09,17.22651357343129,17.449871718415885,17.18928632838749,17.198593139648438,16.992008953585387,16.85290645997124,55.393169537299705,0.8183186011983461
2022-11-10,17.7662963601922,17.952429036894415,17.608084117523145,17.868669509887695,17.075500435137986,16.892740305066003,64.1093339850748,3.3369105091645963
2022-11-11,18.15717505304496,18.41776046682005,18.017576421594804,18.38053321838379,17.199789271637588,16.951085125196112,69.07964179682108,5.389550758491008
2022-11-14,18.259548473051392,18.42706576813856,18.194400787353516,18.194400787353516,17.294514177896247,16.999842602143463,65.52604524771704,5.79005293990828
2022-11-15,18.594585632514168,18.669038358541624,18.371227454431796,18.38984107971191,17.398831025688214,17.054352346361835,67.42113890442776,2.9166780970224053
2022-11-16,18.287466432269245,18.445678684129906,18.25024095982178,18.32469367980957,17.48700842131882,17.104169653555864,66.11642114169373,-0.30379716361203996
2022-11-17,18.0454957577783,18.18509616954279,17.998963470585455,18.129255294799805,17.548174790221772,17.144369090467393,62.22605716282702,-0.3580524212646342
2022-11-18,18.315386933573187,18.315386933573187,18.017576052554578,18.11994743347168,17.602629327674144,17.182627064702857,62.038829843889594,-1.4676235921254568
2022-11-21,17.924511203391603,17.998963929855712,17.90589757800232,17.96173667907715,17.636830027807765,17.213180382913613,58.80030456996405,-1.9806988704664323
2022-11-22,17.943122642676965,18.064107642781032,17.92450901955548,18.02688217163086,17.67397785102901,17.245090256980955,59.73242541205884,-0.5646846575011276
2022-11-23,17.971042560903957,18.194400728726738,17.96173574869139,18.17578887939453,17.721769377540014,17.281588242173644,61.8567018361351,0.3081766441535016
2022-11-25,18.454986344403597,18.631812228163227,18.408454057931937,18.538745880126953,17.799576663500673,17.330888541701224,66.49623956863054,3.2124354752507744
2022-11-28,18.520132755185056,18.575971855476215,18.250242291200298,18.26885414123535,17.84426975661826,17.367671506388838,60.594144212389914,1.34228408052329
2022-11-29,18.35261239968371,18.51082465205568,18.306080115200785,18.343305587768555,17.891796978632573,17.405931666442946,61.60650432070605,0.9216475250982543
2022-11-30,18.464293719603862,18.94823732407125,18.399147806520368,18.93893051147461,17.991523981760388,17.466049268208895,68.56443287945723,2.1586391762165724
2022-12-01,18.98546215191078,19.14367441047224,18.845863517907823,19.08783531188965,18.09593458462984,17.52964872090226,70.02686269394437,4.482936720184011
2022-12-02,18.706262372188455,18.88308823156577,18.48290423275576,18.790021896362305,18.16203813812817,17.57907511993991,63.649128218593205,2.43530974532542
2022-12-05,18.650425444267945,18.75279682728184,18.23162777482457,18.38053321838379,18.18284719339061,17.61050484929065,56.08543076717973,-2.9484098521429276
2022-12-06,18.138562528539655,18.222322067506543,17.850058436038726,18.064109802246097,18.171538870424467,17.628293278818315,51.03824995386387,-5.363235238130336
2022-12-07,18.008270511730068,18.082723237239883,17.896590535918847,18.045495986938477,18.159534786282943,17.64465416933283,50.748930811308135,-3.962347215614295
2022-12-08,18.18509508412682,18.445678717002036,18.13856102461849,18.222320556640625,18.165514383459865,17.667307753148823,53.44857346871962,-0.860762089235384
2022-12-09,17.608085034153923,17.70115137734982,17.133448281438415,17.207901000976562,18.074313108937645,17.649291802083244,39.927238330995,-4.739833906252461
2022-12-12,17.20790036387636,17.24512760981357,17.086915364766003,17.133447647094727,17.984706874476416,17.629062619534675,39.144519536191275,-5.054160553436161
2022-12-13,17.691846497001023,17.82213832664398,17.338194709265796,17.43126106262207,17.931997749537906,17.621305695734183,43.88336740912162,-4.341156723479298
2022-12-14,17.449873638148443,17.654618183135927,17.310275004061843,17.421953201293945,17.883422078276578,17.613487950854175,43.76865073151208,1.2439181298476507
2022-12-15,17.058996850470518,17.086917288066143,16.76118594982245,16.910091400146484,17.790723918454663,17.58590377239505,37.90099382113326,-1.3036269847657667
2022-12-16,16.85425064865902,16.956622026293267,16.46337343608356,16.500598907470703,17.667854869789526,17.543342797299978,33.97670697122613,-5.33904088641636
2022-12-19,16.62158781072571,16.742572827084015,16.556441896141003,16.640199661254883,17.56998294516718,17.50792541941586,36.39456543060694,-4.487175065887566
2022-12-20,16.70534688907176,16.947316915098504,16.658812826302775,16.80771827697754,17.4973863101015,17.480466315790828,39.268694736747804,-0.6053966282409242
2022-12-21,16.77049404514533,17.003159050960022,16.77049404514533,16.95662498474121,17.445885231495758,17.459923518494765,41.78677521726319,2.7636940927279943
2022-12-22,16.789106408737247,16.82633188381903,16.500600545161717,16.68673324584961,17.3735850423866,17.42960233133221,38.65811981134071,0.2796455904497082
2022-12-23,16.584357143325246,16.705343909854935,16.50059762037167,16.67742347717285,17.307283940937673,17.400105121365176,38.550896961925744,-0.7752081374612251
2022-12-27,16.761184883810508,16.835637604237327,16.602972631016904,16.77979850769043,17.257047233009363,17.375779371809305,40.50508479066586,-1.0428164638299333
2022-12-28,16.798410641576417,16.928704235854322,16.67742563448933,16.714651107788086,17.205390459178766,17.34985277322024,39.64114267182685,0.16730573640242258
2022-12-29,16.835638258362604,17.10552871473622,16.835638258362604,16.975236892700195,17.18347107189509,17.335161954376314,44.72016537208761,1.7857279689214256
2022-12-30,16.835637411959315,16.91939694336949,16.612279253229804,16.761184692382812,17.14325332146535,17.312653042141275,41.621925950948174,-0.11092990955216894
2023-01-03,16.91939864995171,17.077610916896536,16.807718671775877,16.965930938720703,17.12636547548967,17.299056096909094,45.51062502200212,1.5033507388947829
2023-01-04,16.696038563067255,16.910089907122426,16.62158584447881,16.84494400024414,17.09956343022819,17.28124777939282,43.65988922633093,-0.7675468288285515
2023-01-05,16.57505223555293,16.630893107328664,16.45406723022461,16.45406723022461,17.03808760165642,17.248809326484263,38.2482454675919,-1.832313573262956
2023-01-06,16.314468626365045,16.602972697283864,16.2586277545024,16.57505226135254,16.993988997817958,17.222387480792822,40.698378155991975,-2.3039035039101594
2023-01-09,16.83563635721738,16.975234975790954,16.742570019804084,16.751876831054688,16.970930696221455,17.203936082763875,44.18410875922326,-0.5524931943264654
2023-01-10,16.68673242241157,16.696039234496002,16.463374257663922,16.593666076660156,16.935000732453712,17.18000392566177,41.81576174780793,0.8484154372428758
2023-01-11,16.584358786348517,16.891476475907087,16.509906066912887,16.863557815551758,16.928196645129717,17.167594274284905,47.03171206122393,1.7406011736802598
2023-01-12,17.235821661426538,17.319581193886798,16.807717187174898,17.124141693115234,16.946858078271195,17.165890251493938,51.54800773008122,2.2222277886525585
2023-01-13,17.11483589021754,17.291661777513667,16.975237252917644,17.235822677612305,16.97437851630368,17.16863269957701,53.38256461580157,3.8698898602966025
2023-01-17,17.32888733384482,17.57085733479908,17.32888733384482,17.37541961669922,17.012572906817542,17.176741990444548,55.64335144185937,3.035313228359299
2023-01-18,17.5150188789897,17.673231131593347,17.449872970581055,17.449872970581055,17.054220531937876,17.18745300927343,56.84542524181094,1.9021757896150828
2023-01-19,17.477793847756715,17.60808566786443,17.44987341126524,17.505712509155273,17.097219767863344,17.199933773974678,57.76977855780516,1.565865677496961
2023-01-20,17.384726399222156,17.524325022644767,17.300966870150027,17.477792739868164,17.133464812816182,17.210830204009717,57.11108073444147,0.5891836020498535
2023-01-23,17.598776950103808,17.78490962304001,17.51501742479179,17.729068756103516,17.190188997891166,17.231153284483984,61.37914814826521,1.5999874955718039
2023-01-24,17.654619640644356,17.68254007980387,17.533634621139285,17.589473724365234,17.22821611469822,17.24520506644011,57.9301390077261,0.47847932591235487
2023-01-25,17.431259320329037,17.44056613224373,17.25443521922843,17.328887939453125,17.237803907532022,17.248486747734738,52.05033974097632,-0.8519657066042211
2023-01-26,17.394036348935664,17.64531320639328,17.300969991499116,17.62670135498047,17.274841759669968,17.263318693116926,57.37509414754037,-0.5773986357168662
2023-01-27,17.328890092876517,17.4591819256876,17.217210111114813,17.36611557006836,17.283534503517433,17.26734994319345,51.939999228152374,-1.2698398928643075
2023-01-30,17.421952091990736,17.57085752888095,17.35680618523787,17.394033432006836,17.294058210992613,17.272317923146918,52.459591577680186,0.3759357945029613
2023-01-31,17.3288892532891,17.49640655517578,17.254436527419575,17.49640655517578,17.3133294818672,17.281105712638247,54.40617698995569,-0.7391899209086695
2023-02-01,17.57085730721024,17.812829082877375,17.46848593007273,17.70115089416504,17.350264854466992,17.297578072698123,58.10124399385371,1.9292473480605823
2023-02-02,18.054801905917852,18.185095500431085,17.943123710726976,18.15717506408691,17.427113445859366,17.33128775863494,64.92041258843805,4.387375907164892
2023-02-03,17.961736621354618,18.138562511798508,17.868672044893316,17.943124771118164,17.4762573815983,17.355281366967617,59.98539745907915,2.553199792961114
2023-02-06,17.598777993412302,17.67323071198202,17.449872556272865,17.515018463134766,17.4799489131732,17.36154556681731,51.5458124796272,-1.0515272828481996
2023-02-07,17.38472743143828,17.747684228906145,17.38472743143828,17.710458755493164,17.501902231489385,17.37522843696146,54.68059157421213,-2.4602742828497974
2023-02-08,17.915203320777618,17.998962854934142,17.803523350204618,17.831443786621094,17.53328714150193,17.393119234987328,56.554393623376335,-0.622416585303111
2023-02-09,18.16648339154509,18.231629306689342,17.961737058128204,17.998964309692383,17.57763734799626,17.41687786536792,59.07742960977262,2.7630336078504056
2023-02-10,17.952430569332922,18.036188328396538,17.71045877900218,17.831443786621094,17.601809389770054,17.433135352475887,55.60016044008041,0.6831275959489438
2023-02-13,17.580164118785067,17.72906955379672,17.552245459153387,17.70115089416504,17.61127048542672,17.443645765875463,52.98781778856042,-0.7306917713181097
2023-02-14,17.73837719130546,17.905896257266786,17.636005809401336,17.794218063354492,17.62869406427698,17.457393699109936,54.62767339235384,-1.1375445987613602
2023-02-15,17.794216001782416,17.93381461554585,17.75698875806274,17.896587371826172,17.654207712615,17.474616980392927,56.428037186295356,0.36532984083967035
2023-02-16,17.78491125134632,17.95243031730765,17.74768400331363,17.794218063354492,17.66754203173305,17.487150356195343,54.11556712698846,0.5257690290642715
2023-02-17,17.69184642552959,17.794219591317226,17.636007323778625,17.75699234008789,17.676061108719225,17.497732394779366,53.26080173018983,-0.20920123117556041
2023-02-21,17.50571435974718,17.6918470725146,17.47779569539724,17.487102508544922,17.658065051559767,17.497315536495663,47.413508507630596,-2.2880611525182974
2023-02-22,17.40334065967782,17.459179756073123,17.30096750370904,17.328887939453125,17.626714850406753,17.490710532690073,44.3403105384349,-2.615063624850538
2023-02-23,17.338193607560058,17.477794016270487,17.25443584746391,17.40334129333496,17.605441178304677,17.48728428800948,46.110481546685804,-1.991615696958617
2023-02-24,17.189288020857983,17.217208457389905,16.99385029041329,17.058996200561523,17.553398799471996,17.470488676737013,39.80514877819792,-2.448126027592095
2023-02-27,16.928703974681355,17.012463507177458,16.85425125413958,16.90078353881836,17.49124496512403,17.448147298779418,37.28256194650511,-2.4704666688973695
2023-02-28,16.751878297126847,16.798410582359484,16.686732387763996,16.6960391998291,17.41551108271499,17.418652863526464,34.256964791557984,-4.06417412371691
2023-03-01,16.835638465530593,16.85425209036277,16.649505767394754,16.770492553710938,17.354080746619363,17.39323481216115,36.28196366057473,-1.6912111560297398
2023-03-02,16.602973066935498,16.83563804626465,16.556440781106836,16.83563804626465,17.304705251347485,17.371368272322073,38.07916457488131,-0.3854584161975822
2023-03-03,16.88217010588752,16.919397354125977,16.677425565854715,16.919397354125977,17.268009261135912,17.353643922588894,40.40653894733045,1.3377912666805505
2023-03-06,17.068303432162896,17.068303432162896,16.95662345838379,16.993850708007812,17.24189892274276,17.339534384762185,42.476262795386816,1.3318520823495479
2023-03-07,16.9845454244725,17.049691342085712,16.863560402489835,16.95662498474121,17.214729976266423,17.3245183298594,41.69650978454396,0.7186358969234675
2023-03-08,16.965929447405802,16.965929447405802,16.817024006322256,16.90078353881836,17.184830315557083,17.307901279230343,40.495582785439254,-0.11001464720064635
2023-03-09,16.723957930812382,16.835637900967424,16.49129295349121,16.49129295349121,17.118779138217477,17.275877423319006,32.99159432016072,-2.957291806028325
2023-03-10,16.547133574757947,16.705345827936757,16.4075331704115,16.45406723022461,17.055473242218156,17.24364957260942,32.40374819526127,-2.9637840960028257
2023-03-13,16.05388279072377,16.295854570435672,15.793297387551064,16.07249641418457,16.96185640145305,17.197721997769232,27.077866770533397,-4.900880025658857
2023-03-14,16.016655984017316,16.258627770379775,16.007350947124,16.12833595275879,16.882473501577408,17.155785290121763,28.919065748437404,-2.2009008132717924
2023-03-15,15.71884574856804,15.83052572191159,15.57924711320832,15.756072998046877,16.77519726314593,17.10089461200118,24.481264145059825,-4.242077186214369
2023-03-16,15.607166788981514,16.007350825892765,15.607166788981514,15.99804401397705,16.701182667986988,17.05764556894141,31.80654879633215,-0.46322860051667236
2023-03-17,15.886364435838637,15.932898496558863,15.690926706092418,15.71884536743164,16.607626734600764,17.005143600254755,28.385206712510517,-2.5389512379118324
2023-03-20,15.72815256093775,15.858446159020716,15.672313461812452,15.756072998046877,16.526526378738488,16.956160439383858,29.47454463087341,0.0
2023-03-21,15.672313081804326,15.737458991719732,15.523407637685423,15.71884536743164,16.449604377661647,16.90763827969946,28.999499292000497,-1.7452048906821482
2023-03-22,15.607168761944576,15.737460595049498,15.439649676470768,15.448956489562988,16.35430457879511,16.850435072243126,25.758275515029545,-1.7169764798872786
2023-03-23,15.690927181385986,15.877058104626247,15.504794483052756,15.765379905700684,16.29821651469088,16.807883889241463,34.93956702354909,0.059068701033312694
2023-03-24,15.588552822433329,15.644391917607097,15.49548648041516,15.635085105895996,16.235061142424698,16.76189178009066,33.12309074299055,-0.5328652300962894
2023-03-27,15.728152334174816,15.858445930379256,15.66300642361906,15.839832305908203,16.197420300851697,16.725732585024684,38.531166375424775,2.5301114454512375
2023-03-28,15.65369761676437,15.737457141118409,15.523405812254852,15.607165336608888,16.14120554235238,16.68186720273387,35.06142161338764,-1.003556971275938
2023-03-29,15.663004909133322,15.8026035289823,15.644391286462056,15.783989906311035,16.107185005586537,16.646656328364347,39.51898000005984,0.9523760146267897
2023-03-30,15.923591767896731,15.951510429382324,15.839832233254114,15.951510429382324,16.09235885547185,16.619395704874858,43.477439319194296,0.7050461224420005
2023-03-31,16.221402263960798,16.249320924768732,16.053883198741676,16.230709075927734,16.10553506694384,16.604153091974972,49.41929291821816,3.995240172513793
2023-04-03,16.016657646162454,16.23071079387279,16.016657646162454,16.21209716796875,16.115683838470023,16.58877834985708,49.049129333892004,2.7122879842095022
2023-04-04,16.22140076758314,16.24931942581566,16.137641242700155,16.16556167602539,16.12043410871339,16.572181617549955,48.079435528360726,1.341887011832991
2023-04-05,16.184175049583086,16.230709109514066,16.044576419975904,16.12833595275879,16.12118666528914,16.554775905205204,47.2742946174842,-0.6307372197360006
2023-04-06,16.100414881880052,16.165562563214326,15.960816257777944,16.053882598876953,16.114776754202264,16.535133030447234,45.62850404681667,-0.9759043968993182
2023-04-10,16.156256829705256,16.193482303573234,16.007351384047478,16.184175491333008,16.121386157738524,16.521369989697657,48.97618153418677,0.11514487204748797
2023-04-11,16.035268727637447,16.240015029907227,15.988736445354016,16.240015029907227,16.132684145564113,16.51033646186274,50.38606046814737,0.6924401716057665
2023-04-12,16.48198772151775,16.565747263390843,15.83052678761856,15.88636589050293,16.109225264129716,16.485867027691768,42.39601315451953,-1.0434653881531564
2023-04-13,14.769572298741618,14.8626386424511,14.26701599531257,14.332161903381348,15.939981134534634,16.401408003209006,24.219173827555856,-11.443360762761472
2023-04-14,14.378695275839076,14.471761620846964,14.015738482910493,14.12741756439209,15.767356032616297,16.312231907569128,22.830508771631855,-13.008593043938859
2023-04-17,14.025044436656811,14.229789863573782,14.00643170014424,14.136723518371582,15.612057697926323,16.226917853090793,23.04648220959629,-11.013484041540966
2023-04-18,14.118110888086497,14.136723624739115,13.904058647529444,13.922672271728516,15.451163847812246,16.136555281272663,21.552344041148036,-2.8571379141078657
2023-04-19,13.801685236928853,13.885444763812464,13.736539332706654,13.792378425598145,15.293184283791856,16.044626777128563,20.673734575506373,-2.3715526016474917
2023-04-20,13.792378713983656,13.950590959728242,13.764459166954142,13.82029914855957,15.152909509007829,15.957398242674877,21.413065974738142,-2.2383147650924764
2023-04-21,13.876138369086975,13.922671539591208,13.810992462908894,13.838912010192873,15.027766890073071,15.874320351204995,21.93539896857052,-0.601610523474915
2023-04-24,13.792378425598145,13.829604783374595,13.690006163599495,13.792378425598145,14.910110845837364,15.792675569808647,21.5497628943761,0.0
2023-04-25,13.848219141316232,13.848219141316232,13.755152798160491,13.764459609985352,14.80100120432765,15.713137689031264,21.30772445038054,-0.4040400137072189
2023-04-26,13.801685525508962,13.913364601173422,13.755152355428836,13.82029914855957,14.707601008540212,15.638908726659825,23.166479255748712,-0.1344965675017913
2023-04-27,14.034352248670393,14.276324053400074,14.034352248670393,14.248404502868652,14.663868008000064,15.58437914925625,35.70534838968137,3.3063628563449234
2023-04-28,14.201871209105574,14.471762562127134,14.201871209105574,14.46245574951172,14.64468588814403,15.540382153187839,40.89879593521557,5.071002853028908
2023-05-01,14.42522802297832,14.453147570638828,14.360082115921657,14.415921211242676,14.622898776058188,15.496285645660578,40.13969881722946,4.309762446388033
2023-05-02,14.406615761365725,14.490375299811465,14.294936672620231,14.46245574951172,14.607618487815667,15.455743296791995,41.31274550153797,1.5022822141242054
2023-05-03,14.443841744290374,14.49968083998964,14.285629493898414,14.313549041748049,14.579611873904465,15.410951365221646,38.6993586463423,-1.0296087354922365
2023-05-04,14.313550321166447,14.378696234487473,14.229790782584269,14.239097595214844,14.547181942600691,15.364996315417457,37.42462155184227,-1.2265856162555258
2023-05-05,14.183257198257737,14.220483560160783,14.118111286814026,14.192564010620115,14.51340880622159,15.319018577974425,36.61285984395357,-1.8661542933378874
2023-05-08,14.285630455004409,14.30424319230758,14.1925641058491,14.201870918273926,14.483738531178954,15.275208865829308,36.90762192930982,-0.7802266450367653
2023-05-09,14.192564200953347,14.22979056335563,14.15533783855107,14.211177825927734,14.457780368774076,15.233482158382188,37.22200747434305,-0.19607822125253235
2023-05-10,14.211178044869618,14.276323958190645,14.12741850628744,14.239097595214844,14.43695343795891,15.194486685316802,38.216607639381785,0.3278729943363852
2023-05-11,14.146030015071382,14.146030015071382,13.969205028184552,13.987817764282228,14.394178611894464,15.14716633547231,33.12934213254825,-1.5072179941888468
2023-05-12,13.959899575817298,14.06227185318988,13.94128595036055,14.03435230255127,14.359909439576064,15.103526569475406,34.85872435769072,-1.2442707110022482
2023-05-15,14.080883759110492,14.313548723628088,14.034350588697691,14.276322364807127,14.351948765788547,15.07108718890018,43.09907400616516,0.2614264657108119
2023-05-16,14.192563826911451,14.220483376090728,14.052965193468616,14.062271118164062,14.32436041839574,15.031525774361508,38.46373365211659,0.5322728329500414
2023-05-17,13.95989852754314,14.16464395446011,13.95989852754314,14.136723518371582,14.306490237441057,14.996435489812884,40.84680750833388,0.7294331338803764
2023-05-18,14.04365869549686,14.118111420005343,14.025045070596494,14.09949779510498,14.286776671504288,14.961261462569437,40.012452915932776,-1.2385862772196903
2023-05-19,14.229790372523164,14.33216264586992,14.183257198257737,14.192564010620115,14.277804037134366,14.931116464453778,43.13951630206943,0.926542315684379
2023-05-22,14.415921524511596,14.639279685742247,14.39730878818226,14.564826965332031,14.305139554105573,14.916752170370573,53.56631876611765,3.0283074179395335
2023-05-23,14.481068324003951,14.555521044432028,14.434535151849794,14.453147888183594,14.319235585922527,14.89857161028481,50.57031122394489,2.508246025623639
2023-05-24,14.518294972097207,14.555521333049398,14.415921813818848,14.48106861114502,14.334648254991336,14.882198943651877,51.30362070263115,2.0327870306522473
2023-05-25,14.648586593885028,14.667200217883046,14.443842055185485,14.57413387298584,14.357456409086051,14.870117960488503,53.7657392953094,0.06389988481127436
2023-05-26,14.71373316196111,14.83471816588466,14.695119538251992,14.769572257995604,14.396705537553627,14.866174991763293,58.50994245504002,2.1893110916737233
2023-05-30,14.788186102835432,14.844025199704902,14.73234611841952,14.797492027282717,14.434875679432588,14.863481542175819,59.15474627608759,2.18508332937646
2023-05-31,14.70442612861268,14.899864736882366,14.70442612861268,14.853331565856934,14.474728620996812,14.863083503888804,60.47768762495354,1.9157069319131608
2023-06-01,14.893892604146304,14.99764960712299,14.780702901021243,14.931622505187988,14.518242324253114,14.865771307861321,62.320408454612334,1.097189846541816
2023-06-02,14.81843163167052,14.9693512239173,14.808998932267164,14.903324127197266,14.554916781676367,14.867243967443123,61.20951888912086,0.7152029527667405
2023-06-05,14.780702315018576,14.818432214564403,14.469430418877549,14.52602481842041,14.55216516612818,14.853862824344194,48.735756709594874,-2.203591470272549
2023-06-06,14.441132335848836,14.78070141099236,14.393969739413196,14.75240421295166,14.57123555153994,14.849884055269978,54.70069069704319,-1.2002599997023684
2023-06-07,14.75240421295166,14.80899860903306,14.648646320882914,14.75240421295166,14.588489709769629,14.846061316355534,54.70069069704319,-1.0126594104612527
2023-06-08,14.686377436484973,14.761837237221364,14.51659333460398,14.56375503540039,14.586134026496367,14.834990481808275,49.171152446030085,0.25974220374547957
2023-06-09,14.45056542619952,14.639215828792072,14.431700925671338,14.573187828063965,14.584901055217092,14.824723711073204,49.44633365233002,-1.2148283242561566
2023-06-12,14.752404627207904,14.941054118696142,14.733539228283217,14.91275691986084,14.616125423278401,14.82817599377076,58.216133476793686,1.0869598242732554
2023-06-13,15.025947893532416,15.035379694245718,14.809000285193884,14.950488090515137,14.647969486824756,14.832972546584266,59.06586063061119,2.655448777974546
2023-06-14,14.90332412094116,14.988216616432268,14.610916736421972,14.676944732666016,14.650729034047734,14.82685380878355,50.97268509505932,0.7119712298104292
2023-06-15,14.592052684180558,14.771269480500484,14.535457385602196,14.733539581298828,14.658615752833553,14.823194427313561,52.42511630117925,-1.2017720098644518
2023-06-16,14.846730002956246,14.959919706081305,14.75240570012793,14.931622505187988,14.684616395914928,14.827446508798834,57.20389110458624,-0.12618708642105878
2023-06-20,14.912756501101809,14.94105369914251,14.686376218121085,14.75240421295166,14.691072378489855,14.824503673667573,52.10433186475664,0.5141361615793015
2023-06-21,14.48829488018353,14.56375467907367,14.261915483513103,14.516592979431152,14.674455292865217,14.812428744481831,46.260661051507455,-1.4724676352927744
2023-06-22,14.34680766890266,14.629782358338067,14.31851046982464,14.592052459716797,14.666607403993938,14.803786537236144,48.26038083279748,-2.2741670930483804
2023-06-23,14.375104585073558,14.4034026831464,14.290212089958477,14.337374687194824,14.635251907155927,14.785495876450211,42.510778623139856,-2.8133009356703145
2023-06-26,14.441133087709115,14.658079783235737,14.431700388020545,14.620349884033203,14.633832666858526,14.779019563022093,49.68372446884076,0.7147469433707069
2023-06-27,14.724106881610476,14.752404980675534,14.582619984492204,14.733539581298828,14.643328563471888,14.777236034327064,52.250136994933584,0.9696176872487562
2023-06-28,14.790134972101354,14.875027470722369,14.66751257404342,14.856162071228027,14.663598421353425,14.780331173029063,54.93198596158336,3.6184266321542746
2023-06-29,14.884459492811889,15.01651459258564,14.799566992925318,14.99764919281006,14.69541278053977,14.788853448314594,57.87209547865322,2.5806448667066686
2023-06-30,15.252326142417589,15.337218639242638,15.110839247410327,15.158000946044922,14.739468796302166,14.803329820774607,60.97904677908218,2.880919160015421
2023-07-03,15.271191130134566,15.374947224156363,15.139135139128792,15.224027633666992,14.785617257003578,14.819827774221368,62.214758791742895,2.476181672461767
2023-07-05,15.2334603910858,15.440976178128066,15.21459499242679,15.337218284606934,14.838150688203898,14.840117598158058,64.30184730346436,2.2641487837951573
2023-07-06,15.224028043774744,15.261758841965202,15.0919738483151,15.158000946044922,14.868612617522091,14.85258361180068,58.76699190420346,0.0
2023-07-07,15.091973662663332,15.261758654224847,15.091973662663332,15.139135360717772,14.894376688302632,14.863820935287626,58.199089167810165,-0.5576203288115855
2023-07-10,15.129705150672248,15.158001451154528,15.073108951500606,15.101407051086426,14.914093865710612,14.873138037867971,57.01252153837242,-1.537509795744237
2023-07-11,15.337218097708906,15.356083496138028,15.23346020545216,15.318352699279783,14.952594707002914,14.890597436354708,61.83144772932077,1.0578687374782163
2023-07-12,15.337218639242638,15.365516737885482,15.120271946957944,15.158000946044922,14.972157205959297,14.901083848499423,56.76614765027006,0.1246146816026339
2023-07-13,15.63905700149298,15.893734478502967,15.63905700149298,15.837140083312988,15.05453652761203,14.937791936139172,68.52630681961698,4.871950207935309
2023-07-14,16.18614106165032,16.223871858100086,16.025788774945603,16.072952270507812,15.151528503125913,14.982308027683041,71.43206995498801,4.9261143547341595
2023-07-17,16.082382335293406,16.327627102170144,16.063518737151583,16.30876350402832,15.261741360354714,15.034325889500504,74.01557081653364,7.59178312548964
2023-07-18,16.7898203533404,17.110524944730127,16.752091353878754,16.865280151367188,15.41445934045114,15.106128017416845,78.871722855363,6.491955382383165
2023-07-19,16.799252639445427,16.931308632069197,16.63890034769785,16.704927444458008,15.53736106464227,15.168826034163558,74.54856398495478,3.931917194265572
2023-07-20,15.091973131077545,15.299487113952637,14.459996684249536,15.299487113952637,15.514706402671829,15.173949998076855,49.130138079647445,-6.188552490974493
2023-07-21,15.271191451705969,15.535299841072083,15.176866255888008,15.374947547912598,15.501396035551902,15.181832254933159,50.11365675467351,-8.836690467509227
2023-07-24,15.374946907643888,15.412677704041212,15.252325417559378,15.299487113952637,15.48216661444721,15.18644617097314,49.091510295314706,-8.413327954750484
2023-07-25,15.308920136921826,15.507003223991555,15.308920136921826,15.450407028198242,15.47914189194731,15.196797577138831,51.23384575981801,0.9864377356020738
2023-07-26,15.469273483212309,15.72395098436417,15.469273483212309,15.67678928375244,15.497965453071608,15.215620781319757,54.3379291774382,1.96320497939404
2023-07-27,15.69565191475331,15.827707906693249,15.667355615776028,15.686219215393066,15.515894382816509,15.234075621871652,54.46794104908852,2.52774552872261
2023-07-28,15.43154311561561,15.5447319066989,15.271190828994786,15.525866508483888,15.516844109070545,15.2455184017388,51.7686679174995,0.4883980088545671
2023-07-31,15.67678954575887,15.79941104886087,15.65792414555746,15.714518547058104,15.535670246021741,15.26391056430034,54.618100790044586,0.24066958241740863
2023-08-01,15.77111307367586,15.884303676678714,15.705085971550693,15.846572875976562,15.565280020303152,15.286760066719017,56.55302748396453,1.0222581896990144
2023-08-02,15.601328663359944,15.657923060940323,15.497570768543032,15.582463264465332,15.566916519747169,15.298356270552206,51.796414730349696,0.3645320275716466
2023-08-03,15.582462216940636,15.620191213090086,15.5070024255384,15.57302951812744,15.5674987100691,15.309127770457119,51.629373583149956,-0.900371389088163
2023-08-04,15.733383349230046,15.922031946762822,15.69565255026138,15.761679649353027,15.585992132858046,15.32687490296284,54.77061995463859,-0.535719788044729
2023-08-07,15.922032601088956,15.931465301218768,15.761680297089384,15.827709197998049,15.609012805728522,15.346515463552457,55.851316944474675,1.5738585701785803
2023-08-08,15.752249303915644,15.818276405334473,15.639058702123668,15.818276405334473,15.62894267235766,15.365015892641948,55.64676206241596,1.5748180976704553
2023-08-09,15.856004847671173,15.89373564663984,15.686219850519214,15.761679649353027,15.64158428921436,15.380571334081598,54.3603080263344,0.0
2023-08-10,15.827708021518353,16.035222011638783,15.827708021518353,15.91260051727295,15.667395358553273,15.401435223618513,57.201652039465294,0.536346215443723
2023-08-11,15.667357030007,15.752249532808644,15.620193528948526,15.733384132385254,15.67368000368013,15.414452827883876,52.98338637241576,-0.5366720796495257
2023-08-14,15.846573428929904,15.988062137396506,15.789979025005458,15.903169631958008,15.695536158754212,15.43361819274953,56.27326569446365,0.8976834052758346
2023-08-15,15.818274470474924,16.205006130712604,15.818274470474924,16.1578426361084,15.739565347073658,15.462019151312623,60.71380379684324,1.5411818990192185
2023-08-16,16.233302428371765,16.327627618476818,16.101248241686715,16.1578426361084,15.77940127936268,15.48930634679481,60.71380379684325,2.6978207622189077
2023-08-17,16.195574063100867,16.195574063100867,15.988060076063478,16.00692367553711,15.801070078998341,15.50960506556902,56.752792732062034,0.652411097788984
2023-08-18,15.761679742218858,15.808843241207573,15.657923642650744,15.771112442016602,15.798216970714366,15.519860256802259,51.138768928028135,-2.393451915589026
2023-08-21,15.950329500847232,15.988060298526351,15.789977208917875,15.92203140258789,15.810008821368987,15.53563167428405,54.25745281022813,-1.459422763491542
2023-08-22,15.997491162668904,16.12954715514377,15.978627562975454,16.025789260864258,15.830559339416155,15.55485354042445,56.32157679076185,0.1178589072426211
2023-08-23,16.11068024514831,16.30876331572848,16.11068024514831,16.289897918701172,15.874305870776633,15.583678810160793,61.12974002088215,3.2894666028912978
2023-08-24,16.318194919555975,16.35592571523934,16.120113639528395,16.1578426361084,15.9013093722368,15.606195038629327,57.70904792225893,1.481037359857111
2023-08-25,16.20500714325454,16.327628638680544,16.09181654823529,16.271034240722656,15.93652126447355,15.632267164201615,59.78625173761891,1.5303145190939107
2023-08-28,16.280465674997163,16.41251985967081,16.271032976219995,16.346492767333984,15.975566169507877,15.660276011383276,61.15598057656536,0.3474229790466663
2023-08-29,16.29933274937289,16.440819647379406,16.28046734987775,16.431386947631836,16.01897767218635,15.690515655942043,62.69546724113944,1.6929507093486609
2023-08-30,16.47854678618345,16.59173737126706,16.45968318792228,16.554006576538086,16.069932805934133,15.724378044985025,64.86167254990006,1.739117081489602
2023-08-31,16.506845426695392,16.572872520545634,16.37479123899491,16.38422393798828,16.099865294701196,15.750254354514565,59.692996033867395,0.23082119933210973
2023-09-01,16.525711059570312,16.582305455231584,16.459683964781593,16.525711059570312,16.14042203421254,15.780664421379496,62.383177828486744,0.5740483882407198
2023-09-05,16.808683987240453,16.931307270594793,16.752089594440232,16.76152229309082,16.199574439819997,15.81912943595641,66.40735897773845,1.2535679238332875
2023-09-06,16.686063802335934,16.742658199543172,16.554007810047782,16.582305908203125,16.236025055856487,15.849057925064125,61.06100995129173,1.208979875791206
2023-09-07,16.554007357849247,16.601170853486476,16.48798026306053,16.525711059570312,16.263614199067327,15.875593342103583,59.433745735480365,0.0
2023-09-08,16.620035224889723,16.75208940630833,16.5823044307111,16.742656707763672,16.309237295133645,15.90959582703143,63.4543264486249,-0.11255293521236387
2023-09-11,16.827550851241128,16.93130874633789,16.73322565561711,16.93130874633789,16.368482195248337,15.949663000337566,66.55823102972285,2.104670122881504
2023-09-12,17.016201097584233,17.14825529087124,16.987902999406966,17.035064697265625,16.431966243059506,15.992227772766118,68.1599359861542,3.0821889349223337
2023-09-13,17.016200645199408,17.02563154523765,16.912442753744674,16.978469848632812,16.484014205495058,16.030903932604026,66.29475483865242,1.4084571223382525
2023-09-14,17.08222770690918,17.148254801669076,17.006767913025957,17.08222770690918,16.54098691991545,16.07213231591011,68.0224450643899,0.8913602771784057
2023-09-15,17.05392856332416,17.10109025694415,16.69549501414368,16.742656707763672,16.560193566377187,16.098427390100447,57.61390181250927,-1.716506480594047
2023-09-18,16.74265966124157,16.865281165746485,16.70492886040707,16.752092361450195,16.578469642098426,16.124061310545535,57.80710005529222,-1.3333209011225837
2023-09-19,16.733224384636557,16.808684175583487,16.686062689958472,16.78038787841797,16.597699950319335,16.149799607324848,58.41917299397743,-1.7669816470666002
2023-09-20,16.94074100018608,17.082229704478063,16.865281197478705,16.874713897705078,16.62408223102274,16.17822761871231,60.47746574561044,0.7887469249738037
2023-09-21,16.893579079690497,16.950173481213245,16.733226776123047,16.733226776123047,16.634476949603723,16.199992291551947,55.99961941825224,-0.11261629246124381
2023-09-22,16.87471405200898,16.93131025388474,16.733227145526836,16.770957946777344,16.647475139810734,16.222383101560787,56.91575993420561,-0.05619614819960908
2023-09-25,16.56343793557425,16.676628511503036,16.421951064990644,16.6106014251709,16.643963357464084,16.2376073495455,51.963795126955056,-1.565137484020386
2023-09-26,16.440817496713073,16.506844587205368,16.271032521673863,16.289897918701172,16.610242839486663,16.239657960100622,43.763033418993395,-2.6493925131909957
2023-09-27,16.431387133250727,16.516279632834337,16.34649463366712,16.450252532958984,16.595005667436407,16.24791657080095,48.167729992237874,-1.9122665195161683
2023-09-28,16.072953434914208,16.17670953446089,15.771112438759364,15.997491836547852,16.538099588304163,16.238095992987102,38.90271782503327,-3.691073989012646
2023-09-29,16.157842556775584,16.30876393966468,16.082382764882716,16.138978958129883,16.500088099716137,16.23420905044368,42.617249378855455,-0.9264573745304485
2023-10-02,16.063520655075738,16.21444025284938,16.063520655075738,16.205007553100586,16.471985190514655,16.233063893685127,44.31859357728056,-1.4908280548705053
2023-10-03,16.120115508227386,16.261602410234925,16.016357607173525,16.03522300720215,16.43038879210394,16.22530542754854,40.95596592420624,0.2358567895505737
2023-10-04,16.21444043391641,16.45968523281311,16.186142334354027,16.450252532958984,16.432280576947278,16.234126882662675,50.785848541877535,1.9287067393585018
2023-10-05,16.5257089430001,16.648330417745047,16.469112755484122,16.6106014251709,16.449263514873337,16.248890590212017,53.9740566459926,2.5028922124303987
2023-10-06,16.591737501498972,16.84641497060862,16.544575806820887,16.78038787841797,16.480799168544255,16.269733621122054,57.14018629436351,4.647050252317245
2023-10-09,16.5823044307111,16.789818401383663,16.53514273709111,16.742656707763672,16.505737981803247,16.288279624519763,56.21472551666028,1.7775056900727797
2023-10-10,16.836984634399414,16.978471537390284,16.770957532943914,16.836984634399414,16.5372852820505,16.309797468044454,58.044227075140846,1.362883880203552
2023-10-11,16.846413475844635,16.912440562176773,16.55400523765492,16.6106014251709,16.544267771871493,16.321593701657257,52.38684443633174,-1.0118148309637138
2023-10-12,15.469272112942242,15.9314635745897,15.290054428106403,15.525866508483888,16.447277175358387,16.290388713689673,34.85612561484586,-7.2676052583432025
2023-10-13,15.884302589837732,16.2144398769784,15.818275492230294,15.94089698791504,16.399050490839972,16.27668315581616,42.750061022956366,-5.322138529802948
2023-10-16,16.00692368432956,16.318195564608338,16.00692368432956,16.23330307006836,16.383265022195058,16.27498197598291,47.57050207304748,-2.2714310303707577
2023-10-17,16.12011357895095,16.41252004798475,16.12011357895095,16.365358352661133,16.38155962509659,16.278526147617352,49.63308381772368,5.407053086013049
2023-10-18,16.20500718057409,16.299332376790115,16.129547383421965,16.16727638244629,16.361151697225132,16.274163411728292,46.66741232560532,1.4201170404831598
2023-10-19,16.120115280151367,16.28046757991878,16.101249880389663,16.120115280151367,16.33819584798001,16.268122308529197,45.9632285844096,-0.6972566792379583
2023-10-20,16.035221773402704,16.2050067623894,15.969194677486415,16.00692367553711,16.306646117271164,16.257879224882448,44.23786210440047,-2.1902036570176246
2023-10-23,15.80884379773843,16.044655903672886,15.761680297089384,15.827709197998049,16.26103307734039,16.241009812063453,41.576739897473466,-2.1003363610269408
2023-10-24,15.928996272186629,16.07232820700743,15.909884861526672,16.034107208251953,16.239421089808157,16.232895984463003,45.63297706331092,-0.5335450175428674
2023-10-25,15.728328846611223,15.795218778567714,15.642331150652884,15.651885032653809,16.183465274841076,16.2101112412548,40.08298158912859,-2.218031709777535
2023-10-26,15.661441104736236,15.73788492048751,15.546776292391492,15.594552993774414,16.127378390929966,16.185971702137923,39.3106736446994,-1.4730887540764592
2023-10-27,15.776107087076875,15.87166230845447,15.670996161305096,15.709218978881836,16.08755368502062,16.167275516912195,41.728946259716174,-2.026232113521815
2023-10-30,15.766551971435549,15.823884377377302,15.661441041738726,15.766551971435549,16.056982093250614,16.151560868069975,42.952944688566,0.7326078522971239
2023-10-31,15.680551641323603,15.776106861333885,15.594552125570775,15.690107345581056,16.022041641091608,16.133464651501782,41.695344518891055,0.6127418454686657
2023-11-01,15.575441441499851,15.680552370656496,15.546776149958452,15.67099666595459,15.988608786316654,16.11532865206856,41.36925175156604,-0.24331135098841633
2023-11-02,15.881219604522574,15.995884423616411,15.814329667059326,15.948107719421388,15.984751541850438,16.108770968435337,47.75040178173842,1.1515247488148745
2023-11-03,16.053217681599353,16.100996210883984,15.928997150588389,15.938552856445312,15.98035166704995,16.102095748357296,47.55820140349527,1.583453225603507
2023-11-06,16.05321759925897,16.120107539914358,15.976773775360195,16.110551834106445,15.992751682960092,16.102427359563144,51.354058925858055,2.804896060674902
2023-11-07,16.053214999249732,16.100993520550997,15.96721548347169,16.04366111755371,15.997600200540436,16.100122801052972,49.84306833395641,0.5991519483904589
2023-11-08,15.938551791338964,15.986328494866342,15.881219382593226,15.928996086120604,15.991066475357595,16.093411949487,47.275214369292186,-0.05996008803800649
2023-11-09,15.804774342213324,15.842995337569098,15.613663897741636,15.63277530670166,15.956943506914172,16.075347767416986,41.3487324720819,-2.9656124279574345
2023-11-10,15.67099707335464,15.938551344270673,15.65188566345399,15.890772819519045,15.950641536686064,16.068109534166087,47.51958793158597,-0.9529514299413109
2023-11-13,15.718774794177053,15.871662420434172,15.69010768079224,15.81432819366455,15.937659313541158,16.058157324734655,45.97605534611937,-0.7198689222854815
2023-11-14,16.005439579039592,16.234771031912135,15.986328168992452,16.167882919311523,15.959585371233572,16.062460289227865,53.49917791495228,3.422985375990573
2023-11-15,16.215658415209074,16.58832359313965,16.215658415209074,16.58832359313965,16.019465201891293,16.08308237957735,60.53695076398547,4.38965921634588
2023-11-16,16.674322173477194,16.731654573569955,16.502323150634766,16.502323150634766,16.065451673200194,16.09952319412862,58.58381292135597,4.350453263299769
2023-11-17,16.540544684203805,16.741210824938317,16.502323690413164,16.73165512084961,16.128899620595377,16.12431268145101,62.09576579346267,3.486988397625612
2023-11-20,16.63610023770893,16.798543565361495,16.597879243148217,16.76032257080078,16.189035139662558,16.149254245739236,62.52357084985083,1.0368677503510095
2023-11-21,16.693433510767434,16.76987732643677,16.636101104656518,16.66476821899414,16.234343051979852,16.169470479984525,60.089124790662694,0.9843769684823225
2023-11-22,16.85587633442157,16.894099152376327,16.72210011670847,16.79854393005371,16.288076468939266,16.194140027046064,62.30214077902299,0.3997740135149585
2023-11-24,16.61698804616437,16.693431854248047,16.521434652982883,16.693431854248047,16.32668174373058,16.213720098701046,59.50996335696724,-0.39910160601126454
2023-11-27,16.569212296658513,16.645656109111666,16.502324188582534,16.59787940979004,16.352510092879097,16.228785169724144,57.00872410835725,-0.40137857499789975
2023-11-28,16.597878193268027,16.884542013315606,16.569211082237622,16.8463191986084,16.399539531519984,16.253002190464702,61.5355063611961,0.28440124783204795
2023-11-29,16.951432008446453,16.96098771318977,16.817655787168636,16.836767196655273,16.441180261532867,16.27589493580551,61.26838805067821,0.8586331657786198
2023-11-30,16.827210705884273,16.903654517695678,16.693432668291134,16.76987648010254,16.472484663301408,16.29526676107206,59.32624649237373,1.0362593079875602
2023-12-01,16.693434493914037,16.960988775796274,16.655213495110537,16.941877365112305,16.517188730140543,16.320624039661872,62.60846324864528,0.5672346901262556
2023-12-04,17.046986014282183,17.085207007957944,16.8558755782108,16.903654098510742,16.553994955699608,16.343487963538298,61.42225600663239,0.3972668925941807
2023-12-05,16.8081002855463,16.92276509872317,16.61698983349906,16.68387794494629,16.566364764199292,16.35683659026018,54.972936198298974,-0.5128155550715432
2023-12-06,17.00876319804223,17.066097422402162,16.87498698633078,16.903654098510742,16.59848755794324,16.378280414113142,59.54720201544444,-0.22561411452708344
2023-12-07,16.884544037073827,16.922765033798033,16.798544516238948,16.855876922607422,16.6230008307684,16.397009688956057,58.16387240227686,-0.2826440698850411
2023-12-08,17.094764709472656,17.13298753017879,16.951432776953453,17.094764709472656,16.66793072397833,16.4243726309371,62.815304628649194,2.4627773343956214
2023-12-11,17.01831983967883,17.094763653806005,16.550101250329362,16.63610076904297,16.66489929969877,16.432675695176545,51.0739105579747,-1.5828135615443386
2023-12-12,16.722099781182,16.779432184399493,16.56921215755919,16.76987648010254,16.67489712640389,16.44589925536972,53.78712745083321,-0.5102104322412166
2023-12-13,16.61698804616437,16.693431854248047,16.521434652982883,16.693431854248047,16.676662338579526,16.455606416110047,52.01210910112008,-2.3476945254603026
2023-12-14,17.199874864645224,17.648982052210027,17.161652045670692,17.553428649902344,16.760163892038843,16.498658268415628,65.71840431396943,5.514079853173109
2023-12-15,18.088534549869777,18.1363112488902,17.801868888054535,17.840091705322266,16.863014159970596,16.551263501235496,68.90640850184198,6.381771663551231
2023-12-18,17.859202500981297,18.012090119676223,17.7254244677001,17.964311599731445,16.96789963042401,16.606677152156905,70.19966056264131,7.613052586068409
2023-12-19,17.849646769278557,18.10764530888724,17.849646769278557,17.954757690429688,17.061886112329315,16.659543055618585,69.95865427170372,2.2863284918959494
2023-12-20,17.70631675825641,17.849648688148285,17.601205825805664,17.601205825805664,17.113249894565158,16.696471007390628,61.53889351463424,-1.3390395266036348
2023-12-21,17.677647614384455,17.734980015248276,17.371872379691855,17.59164810180664,17.158811628588158,16.731575991485375,61.32402390965838,-2.0744657865452285
2023-12-22,17.86875974152751,18.050312665237087,17.811425512663536,17.92609214782715,17.231885963753776,16.778419762322308,65.82116236134935,-0.1596542994162404
2023-12-26,17.811424279548568,17.84009139199588,17.553427557779575,17.629871368408203,17.269789335625624,16.8118100213845,59.24975664799356,0.16286124306615196
2023-12-27,17.811425800763335,17.84964862062424,17.629872874117137,17.773204803466797,17.317733665896213,16.84951177754459,61.26493590728354,1.0320619228479826
2023-12-28,17.78276006048783,17.84964817099515,17.706316245255994,17.734981536865234,17.357471558369454,16.884236081831673,60.407037251035035,-1.0661030267273222
2023-12-29,17.67764919374045,17.70631630801562,17.505650153218088,17.5629825592041,17.37704403463942,16.91085359074824,56.56837040847777,-0.37940611026784216
2024-01-02,17.42920714184351,17.467429962640548,17.218987095153032,17.27631950378418,17.367451222177017,16.925185587337886,50.77689077705586,-2.795698947809885
2024-01-03,16.779433417394735,17.257207731965146,16.7698777123956,17.23809814453125,17.355131881448848,16.937456668012135,50.04125449735853,-2.80171361498813
2024-01-04,17.39098411028726,17.457872216297226,17.209429377857212,17.266761779785156,17.3467156812904,16.95037059396402,50.619039668221,-1.6866200169612255
2024-01-05,17.438763071792284,17.50565118648474,17.266764021117723,17.29543113708496,17.34183143898512,16.963902379968765,51.22662744130036,0.11062329159052116
2024-01-08,17.295430336361854,17.601205602264912,17.28587463148184,17.582094192504883,17.364713605987003,16.988145196146654,56.932680294684424,1.9955568479157593
2024-01-09,17.534315975424587,17.601204081240137,17.400537941229295,17.43876075744629,17.371765715649794,17.005816394628994,53.558693018571645,0.9961275881068704
2024-01-10,17.467430187759522,17.496095481162328,17.18076449578044,17.29543113708496,17.364495755786475,17.01717383550962,50.34564758537748,0.0
2024-01-11,17.811424204204332,18.289198474253283,17.80186850009565,17.983423233032227,17.423441229809878,17.0550659687458,62.09916501572057,2.28260090142406
2024-01-12,18.54719739955399,19.16830359889913,18.54719739955399,18.72875213623047,17.547756554230887,17.120700720411868,70.30085986076635,7.397265188315391
2024-01-16,18.52808652040822,18.700085557694276,18.356087483122163,18.604530334472656,17.648401676158674,17.178890117041703,67.67240231335863,7.569046339531354
2024-01-17,18.69053063842119,18.833862567993744,18.60453111616479,18.67142105102539,17.74583209281265,17.237420741903808,68.35844456243535,3.825733338297011
2024-01-18,18.938970678889707,19.072746883553656,18.776527363556013,18.94852638244629,17.86037440611109,17.304522923885866,71.09505680896625,1.1734590997692291
2024-01-19,18.91985900690152,19.139636540497857,18.85297090550597,19.10141372680664,17.978568627129714,17.37498922988276,72.50784038436137,2.6707655791412295
2024-01-22,19.044082049189235,19.110970153114877,18.958082537695088,18.98674964904785,18.074585867312393,17.438195520830412,69.75415616896431,1.6888302029113302
2024-01-23,18.82430741409441,19.06319455476787,18.738307897646823,18.910306930541992,18.154178349524734,17.495925380034787,67.90271577946154,-0.20170144703021847
2024-01-24,19.20652464189341,19.28296844671176,19.07274661653823,19.10141372680664,18.244391242599203,17.558885707359174,70.04341954752675,0.0
2024-01-25,19.110972371832155,19.263860005001664,18.97719614844992,19.196971893310547,18.335113209333617,17.623124381318053,71.08198327334104,1.107205014804825
2024-01-26,19.26386128446299,19.46452745542848,19.22564028491424,19.32119369506836,18.42902563654645,17.689715334798457,72.42055349114437,2.172819119412308
2024-01-29,19.254303203117978,19.273414611816406,19.17785939088852,19.273414611816406,18.509443634191207,17.751821188799163,71.05813315104484,0.9004615442069721
2024-01-30,19.139638085893015,19.17785908010624,18.97719475971731,19.063194274902344,18.56218179044941,17.80324758433262,65.24244506120326,-0.6968683350253787
2024-01-31,19.14919477899861,19.254303885436236,18.967640035058253,18.977195739746097,18.601706928477668,17.849284766897856,62.97187479982089,-1.780417715133542
2024-02-01,18.977195288179058,19.3211915359343,18.948528174797676,19.292526245117188,18.6674992443481,17.905882471926066,67.44564279036284,0.09916059860541801
2024-02-02,19.426302180833655,19.57918980485625,19.30208166977689,19.44541358947754,18.741586324836618,17.966256241241812,69.37748990844811,2.005011904423627
2024-02-05,19.41674782354395,19.445414938498555,19.30208300885429,19.39763641357422,18.804067285668772,18.022388797019556,68.01908869666364,2.2155047542010897
2024-02-06,19.73207818918941,19.818077708836356,19.588746263965938,19.693857192993164,18.88880918160443,18.087936577253814,71.71668516883983,2.080240517892522
2024-02-07,19.407191581252647,19.569634916369253,19.235192541415735,19.52185821533203,18.949099565768964,18.144168798354922,66.88132762502981,0.39312419611305427
2024-02-08,19.52185768447544,19.598301497594857,19.273414836196267,19.292526245117188,18.981806868564032,18.18920242371815,60.977899682009834,-0.5418710105499065
2024-02-09,19.254304412142773,19.34985963907081,19.158749185214734,19.206527709960938,19.003208853458975,18.229097532982575,58.87909678285669,-2.4745253215587066
2024-02-12,19.196972366133284,19.34030429793943,19.196972366133284,19.244749069213867,19.02621268353087,18.268927004991646,59.545543332459495,-1.4194813990633777
2024-02-13,19.03452814530883,19.12052766493509,18.929417216306888,18.977195739746097,19.021544403170413,18.296702249491823,53.06249498319799,-1.634469749397896
2024-02-14,19.168305694179217,19.30208374651554,19.101417579293276,19.28297233581543,19.04644230151756,18.335379507779024,58.60894450403867,0.3980137743213537
2024-02-15,19.36897123262959,19.426303640304308,19.29252741487518,19.40719223022461,19.080799437584897,18.37741137924748,60.643560538164294,0.8440908240814899
2024-02-16,19.4454147609423,19.66519050589436,19.359415239428127,19.56007957458496,19.126445164918238,18.423790524162676,63.05093931946614,3.071496141118805
2024-02-20,19.378527866708783,19.493192687555435,19.101417874961182,19.13008499145508,19.126791815064603,18.451488346409437,53.1954298328959,-0.7928619182654798
2024-02-21,18.910306818169463,19.053638737208956,18.80519589367719,18.9007511138916,19.105264129238602,18.469106494153838,48.81301888277249,-2.6095537691654354
2024-02-22,19.30208311991503,19.454970755423854,19.244748889675936,19.40719223022461,19.134019186475363,18.505894170078182,57.198745543691984,-0.7816294600304335
2024-02-23,19.311636931530444,19.359415456554377,19.206527821606542,19.216083526611328,19.141834837916885,18.533744733079484,53.628384830639796,0.44954601714869424
2024-02-26,19.04408132883389,19.139636540497857,18.94852611716993,19.10141372680664,19.13798520828734,18.556006262245255,51.54916459318854,1.0616647545163262
2024-02-27,19.091861947380675,19.168305767910716,19.044085243011068,19.110973358154297,19.135412651131812,18.5777696777711,51.71722861049987,-1.5263355386823219
2024-02-28,19.063194274902344,19.072748156532487,18.929416238745507,19.063194274902344,19.128534710538528,18.59680593648213,50.76934206830865,-0.7956316982971905
2024-02-29,19.139638113661675,19.19697051634681,19.04408289414365,19.0727481842041,19.12322170803049,18.615470338353582,50.9628835325829,-0.15007026711489038
2024-03-01,19.034525891891427,19.034525891891427,18.881638280114313,18.94852638244629,19.10658405797485,18.62853135969055,48.30386329558917,-0.8500193719264159
2024-03-04,18.7669732153954,18.929416544192303,18.633196999644156,18.91986083984375,19.088800894343315,18.639956045186757,47.685559997577016,-0.7518857175331809
2024-03-05,18.528086665566097,18.62364188953634,18.36564333158597,18.432533264160156,19.026299215278254,18.631821818479832,38.63211808112935,-3.356699904286296
2024-03-06,18.65230937027016,18.747864596119378,18.44208750888902,18.47075462341309,18.973390206529192,18.62550545788898,39.60068288874149,-2.5214190770834937
2024-03-07,18.633196631813043,18.652308040132876,18.48030901038279,18.528085708618164,18.93098025434719,18.621685075564635,41.102284477994075,-2.0707083130365214
2024-03-08,18.53764395299945,18.58542248034615,18.39431201608828,18.403867721557617,18.880779060748182,18.613143218544753,38.84867868074051,-0.15551602263089773
2024-03-11,18.356088749718104,18.442088274295223,18.31786775133073,18.365644454956055,18.831718622101313,18.60343738467853,38.155418576156706,-0.5690626647370414
2024-03-12,18.566310771233844,18.70008700052724,18.48986695127127,18.55675506591797,18.805531616750518,18.601606705511447,43.57690695061142,0.15473458915655494
2024-03-13,18.489864714542705,18.58541993357767,18.432532312147416,18.528085708618164,18.779108196928387,18.59872352916269,42.96837464063409,0.6749558785137456
2024-03-14,18.91986134812935,19.024972276223007,18.70008560990106,18.78608512878418,18.77977266662894,18.60607104287334,49.76673392921447,2.2892780858265342
2024-03-15,18.74786354185696,18.786084536508728,18.36564265995381,18.375198364257812,18.74124178068883,18.5970172123394,41.31922536736085,-0.9783860433315202
2024-03-18,18.33697868903589,18.37519968643784,18.22231205170131,18.317867279052734,18.70092039958063,18.586070156132077,40.29154948675932,-1.1345933566555586
2024-03-19,17.859203059507088,18.0120906829834,17.801868833780297,18.0120906829834,18.635317569428516,18.56356115718507,35.25509772907118,-4.120041192695657
2024-03-20,17.840092453866085,18.08853530883789,17.811425339712457,18.08853530883789,18.583243068419886,18.544932692544005,37.363087280666164,-1.5600542085984737
2024-03-21,17.53431744359002,17.668093666422333,17.324095581922844,17.40053939819336,18.470604623636408,18.500054524138097,28.40082874118621,-5.007831244133856
2024-03-22,17.304986764091737,17.314542469370906,16.903656255188835,16.932321548461914,18.32410147361979,18.438574799601778,24.15445056235678,-5.9946907525930735
2024-03-25,16.99920863487311,16.99920863487311,16.80809820646531,16.8463191986084,18.18336030457109,18.376133403484392,23.46058780055894,-6.86742231485463
2024-03-26,16.922764273493183,17.02787519924992,16.855876165307716,16.960987091064453,18.06694380804665,18.320637469664003,26.49255126134954,-2.5260843762955045
2024-03-27,17.037431353682628,17.046987058327858,16.894099429132797,16.999210357666016,17.965254908010397,18.268816798605258,27.52319491551752,0.39503625662115754
2024-03-28,16.999209852794102,17.190318472329903,16.999209852794102,17.132986068725586,17.88599120903089,18.22427441704135,31.161051419082124,1.7016587821799543
2024-04-01,17.09476347894598,17.123430592412046,16.72210011670847,16.79854393005371,17.782424801509254,18.16836341755164,27.451352395008715,-0.957745915014121
2024-04-02,16.655212007851922,16.827211043519778,16.616989189897165,16.79854393005371,17.68872186137063,18.11464500627721,27.451352395008715,-1.180445581825579
2024-04-03,16.769878203844918,17.027876778689162,16.741212910571843,16.932321548461914,17.616683736331705,18.068279380480533,31.248360024743928,-1.1712174366963577
2024-04-04,16.951431386671636,17.218985641977756,16.865431869700533,16.960987091064453,17.554236436782443,18.02485615344461,32.068792556885874,0.9670073887780273
2024-04-05,16.913211199011204,17.056543126616855,16.865432674766424,17.037431716918945,17.505016939652585,17.986133626522037,34.31974398461579,1.4220743646587621
2024-04-08,16.95143252899342,17.161652572108927,16.94187682395666,17.066099166870117,17.463215247006634,17.950053843790588,35.18707563311674,0.7900725132423151
2024-04-09,17.228542040921138,17.457873487901246,17.20943063136505,17.38142967224121,17.455426144648023,17.927754856671005,43.95416280946309,2.4788803795402883
2024-04-10,17.199874877929688,17.27631869337347,17.066098656544153,17.199874877929688,17.431087928770086,17.899210543779187,40.55288661529592,0.9534486400871601
2024-04-11,17.333652434775747,17.333652434775747,17.056544265904034,17.14254379272461,17.403607534860992,17.86953733785548,39.5130862551888,0.44793262424544994
2024-04-12,16.989655780136918,17.06609959980583,16.75076861585101,16.932321548461914,17.358723155203936,17.832783777487105,35.88016632008136,-2.5838387995007066
2024-04-15,16.903653596412383,16.922763181400544,16.492767446858615,16.502323150634766,17.277161250006873,17.780608850943878,29.83725069900728,-4.0555628005759345
2024-04-16,16.22521470368922,16.42588085634798,16.22521470368922,16.292102813720703,17.183346160836763,17.72223606517042,27.407025292002118,-4.960996391707269
2024-04-17,16.378101372042398,16.416324188425754,16.120104651711554,16.196548461914062,17.08936542760603,17.66240517876821,26.356198935959473,-4.345376293746838
2024-04-18,15.537219696075704,16.148770186995097,15.32699967046322,15.77610683441162,16.964293180635135,17.588432694675795,22.303992296012357,-4.400691403229564
2024-04-19,16.01499414435243,16.196548881751113,15.938550332168388,16.06277084350586,16.878433910432346,17.528602818159328,30.185455640331945,-1.407626583486249
2024-04-22,16.292103442643572,16.61699012325034,16.20610391997917,16.530990600585938,16.845344071399353,17.48948077041135,40.75633924777664,2.06489758888019
2024-04-23,16.530991118948315,16.59788105622372,16.368547773551192,16.397214889526367,16.802665101697162,17.446646814298216,38.94209038479979,3.937017298589513
2024-04-24,16.397213714977216,16.46410182489693,16.177437975936943,16.282548904418945,16.753130225765904,17.40099591587158,37.40508850225889,1.3682450123600045
2024-04-25,16.263437158910794,16.339880971890693,16.081882419621934,16.253881454467773,16.70558272373751,17.356011035032214,37.011779179061875,-1.6763009115034038
2024-04-26,16.349437895124684,16.36854748287101,16.129660321680124,16.186994552612305,16.65619337410654,17.310167251407904,36.059081909861746,-1.2820490450993578
2024-04-29,16.196548602073364,16.33032481544436,16.177437193716305,16.21565818786621,16.61423764208365,17.267245327347446,36.80973624652262,-0.41081231780965694
2024-04-30,16.177439319800722,16.196550730669458,15.967217445373535,15.967217445373535,16.5526166709684,17.216263841779842,33.1744312811064,-1.7636649430308335
2024-05-01,15.976772865283582,16.13921620963587,15.93855186679362,16.024551391601562,16.50232473960013,17.169530020204224,34.775329557827746,-1.0035412100915708
2024-05-02,16.100994333922248,16.158326739815784,15.890772474705413,16.120105743408203,16.465922930438996,17.12837612699654,37.46421914936031,-0.5892603516365893
2024-05-03,16.16788303087241,16.23477114393456,16.110550622899765,16.177438735961914,16.4384482452507,17.091084464603025,39.08681808315519,1.3165806209352404
2024-05-06,16.2443253004018,16.282548117115923,16.196548602073364,16.21565818786621,16.417230144547418,17.05675402237805,40.20071028116611,1.192587496488714
2024-05-07,16.301657426674495,16.425879756326207,16.234769321122425,16.368545532226562,16.412593514802573,17.029765454136818,44.5675543217311,1.541179647161749
2024-05-08,16.234770853699874,16.378102782351284,16.14877133199616,16.330326080322266,16.404758521042545,17.002336459085267,43.70827778819128,0.9450652038044071
2024-05-09,16.282548117115923,16.30165770290877,16.139214377002183,16.21565818786621,16.38674896550194,16.97148633080217,41.14512444850535,0.0
2024-05-10,16.186993854044715,16.206103440966345,16.043661928028712,16.120105743408203,16.361354372921586,16.93809885678672,39.08809704887826,-1.5177878103416613
2024-05-13,16.18699432935866,16.282549557029984,16.139215804240816,16.167882919311523,16.342928520196818,16.907894310219067,40.684896395738896,-0.9947331131769813
2024-05-14,16.244325159829057,16.253880863924895,16.110548947615715,16.196548461914062,16.328987562265127,16.879998394599262,41.67286512238209,-0.11784736537211785
2024-05-15,16.263437522315385,16.36854662840873,16.110549892939332,16.292102813720703,16.325474729070418,16.856943665937358,44.96367161072362,1.0669723452827389
2024-05-16,16.44499049397391,16.52143613146275,16.387658088421595,16.473657608032227,16.339587384209636,16.84191284013716,50.659738521843956,1.8912475445716792
2024-05-17,16.387656940259777,16.406768348292992,16.26343643317225,16.368545532226562,16.34234530306839,16.82334941629753,47.5888741630316,1.0619365645523087
2024-05-20,16.397212644276383,16.454545045811845,16.34943594675753,16.368545532226562,16.344840562988217,16.805513969863373,47.5888741630316,0.46920105636383347
2024-05-21,16.301658154118613,16.349436676333713,16.244325750024753,16.253881454467773,16.336177790748174,16.783881322200802,44.19921245379673,-1.3341066009366047
2024-05-22,16.492767446858615,16.54054414317523,16.425879342989703,16.502323150634766,16.35200115835642,16.772839825276645,52.151640776467524,0.8172847009822611
2024-05-23,16.664767770480687,16.741211584092625,16.597879661390778,16.626544952392578,16.378148186359862,16.767102771438054,55.561794596237284,1.576190258676702
2024-05-24,16.62654458782541,16.70298839976118,16.559656480202147,16.58832359313965,16.39816489176746,16.76009182326949,54.27993855856154,2.0576139896722667
2024-05-28,16.5405465287324,16.616990347402556,16.50232553067952,16.55010223388672,16.412635114826436,16.751856937411343,52.964021179465,0.2895294366485321
2024-05-29,16.358992606377463,16.38765789753757,16.244325974044155,16.272993087768555,16.399335874154257,16.733077962915548,44.534298184627,-2.1264301491161395
2024-05-30,16.158326739815784,16.206103440966345,16.02455051854276,16.120105743408203,16.372742528368917,16.70903983666036,40.68669620366418,-2.822574849727937
2024-05-31,16.310213304305478,16.39795518872231,16.01774159590922,16.3297119140625,16.36864437462545,16.6941642318526,47.39674057517774,-1.3316553378925022
2024-06-03,16.446700833445565,16.47594688702707,16.261467769640777,16.427202224731445,16.374221312730782,16.683695133534123,50.217659851912046,0.9476384346208596
2024-06-04,16.271217484071673,16.378456115722656,16.144478383725442,16.378456115722656,16.374624627301436,16.67172497597289,48.808259079054416,1.6026592903715733
2024-06-05,16.661179192747074,16.748921068478676,16.573437317015472,16.71967315673828,16.40748639200971,16.67360529678722,57.7475890825548,2.3880472890643105
2024-06-06,16.992647368879254,17.109635291911847,16.953650154875383,17.09988784790039,16.47342938780882,16.69032225957597,65.06766453133596,4.094949425753128
2024-06-07,17.606840595509304,17.714081086602402,17.46060474551218,17.558095932006836,16.576730963446728,16.7243525996713,71.4801914995144,7.2023871355724
2024-06-10,17.265621592690284,17.42160859973014,17.207127627231362,17.39236068725586,16.654409984761884,16.75054899526285,66.71006643395027,4.023329428820054
2024-06-11,17.363113234938957,17.372862539355427,17.158383420662158,17.343616485595703,16.72004869912701,16.773806543903355,65.3292233631493,1.4253230188596746
2024-06-12,17.35336368665234,17.460604174236746,17.304619024744696,17.4118595123291,16.785935443241495,16.79882822893966,66.3785000847214,-0.8328717432916999
2024-06-13,17.40211062136437,17.45085528442974,17.294870131232912,17.363113403320312,16.840904772772813,16.820957059307528,64.8683310855631,-0.16816166857083198
2024-06-14,17.23637599650423,17.363113234938957,17.1778820294951,17.343616485595703,16.888782078755945,16.84145350739726,64.23881572870965,0.0
2024-06-17,17.324118443748652,17.53859756946142,17.28512122480647,17.489852905273438,16.94602691937666,16.866880934764954,66.83828593810829,0.44793258806797676
2024-06-18,17.528846982656983,17.61658885936966,17.43135580192183,17.460603713989258,16.995034233149287,16.890164181009045,65.80791387169626,0.5614794328896248
2024-06-20,17.957806961755818,18.016300926073896,17.70433063705801,17.81157112121582,17.072799651060386,16.92629778650735,71.48777251998824,2.698137588597885
2024-06-21,17.75307597982823,17.782323892856343,17.45085498316305,17.606840133666992,17.123660649403874,16.952985721690084,64.7325998265316,0.6688862909663544
2024-06-24,17.538597673688596,17.733580050578745,17.509349759308147,17.684833526611328,17.177105685328392,16.981685635608564,66.04879064079726,1.2842042365489326
2024-06-25,17.80182157674891,17.89931275562169,17.70433039787613,17.87981414794922,17.24403030081609,17.01690636158271,69.14862348371791,0.38313872633117924
2024-06-26,17.831070141561078,17.889564107232044,17.704331046536062,17.76282501220703,17.29343932094856,17.0461580733719,65.29640371807689,0.8859334063116296
2024-06-27,18.1527891766935,18.23078174832259,18.08454404946466,18.16253662109375,17.37621049239096,17.08993762426295,71.19987890707822,2.7012020993219763
2024-06-28,18.221033340676033,18.26977800303324,18.074797494114748,18.15279006958008,17.450170452123256,17.131618112314605,70.88323894989126,1.5267268405145742
2024-07-01,18.40626405337389,18.474509182135876,18.2405296025026,18.289276123046875,17.530085277925505,17.177016465676655,72.71327582598589,2.9637803135371437
2024-07-02,18.620745065094493,18.77673021219456,18.562251099804374,18.747482299804688,17.646027851437807,17.238603361132657,77.76567897340011,3.220616651264387
2024-07-03,18.805977688877057,18.942464224555017,18.796228384972977,18.883970260620117,17.76392712850279,17.30312755326942,79.01228668388654,4.027921813877669
2024-07-05,18.96196343692104,19.07895136852072,18.864472254261543,18.94246482849121,17.876168814215973,17.36741528955263,79.54168395149358,3.5714300612544907
2024-07-08,19.11794834072666,19.13744508941734,18.981459942954153,19.01070785522461,17.984220151454892,17.431858135265255,80.17012420213202,1.4040581621067283
2024-07-09,19.088700260187167,19.09844956419138,18.80597788202348,18.81572532653809,18.063411120510434,17.4861274368838,73.24694276537711,-0.3613908152796818
2024-07-10,18.961962832363177,19.02045679629807,18.6792385976136,18.883970260620117,18.14155961004469,17.540944802520517,74.09030633835073,-0.30880124841574225
2024-07-11,19.147193625035136,19.56640438663854,19.098448966030364,19.39092063903809,18.260546374710728,17.613492874540814,79.30843205369273,1.9999927762236813
2024-07-12,19.654146749812423,19.946618430102472,19.624898837987583,19.888124465942383,18.415553811970884,17.70269411341931,82.93786879599837,5.699483388459967
2024-07-15,19.663896077765667,19.897873794181336,19.663896077765667,19.800382614135746,18.54744226931992,17.78495640756505,80.26230998562609,4.852858487214834
2024-07-16,19.995365716746,20.1416015625,19.95636849948378,20.1416015625,18.6992669639085,17.877373864621322,82.61157925520075,3.8713010972291255
2024-07-17,20.024613272036937,20.161099811037616,19.946618838905536,20.014863967895508,18.82456191666917,17.96119700592619,78.85722732873374,0.6372622122823162
2024-07-18,21.116507906509888,22.04267128430872,20.980021376535557,21.69170379638672,19.09762304807084,18.10749138986582,87.16704542018427,9.551942601860304
2024-07-19,20.77529050396566,21.321240363388902,20.77529050396566,21.13600730895996,19.291754882441232,18.226256720026377,76.44431204264005,4.937073863636364
2024-07-22,21.1360075018513,21.243247985839844,20.92152653387421,21.243247985839844,19.477611368479195,18.344570102999455,77.0315201099893,6.137358814502581
2024-07-23,21.311491349535594,21.54546906697688,21.184752257073892,21.525970458984375,19.672693186622546,18.469330901273374,78.54967331191513,-0.7640402015352554
2024-07-24,21.32124031641535,21.555218030157143,21.282243101046927,21.31149101257324,19.82876917004642,18.580788160540035,74.525310099266,0.8302594763907314
2024-07-25,21.243248320385796,21.57471536254485,21.243248320385796,21.457727432250977,19.98390805216114,18.693609308450267,75.44889818845768,1.0096358454888763
2024-07-26,21.89643535178778,22.36439265980333,21.876938602716447,22.218156814575195,20.196693648581526,18.83182685771007,79.59225601967391,3.215587222465596
2024-07-29,22.062170706645915,22.149912589264304,21.94518276948122,22.03292465209961,20.371572791773723,18.957360104548876,76.21797647014819,3.3851861378480894
2024-07-30,21.984177285134415,22.110916381604326,21.93543262310117,22.04267311096191,20.53072520312498,19.078352771467035,76.27498253147354,2.726037417325752
2024-07-31,22.003674729908965,22.08166730073072,21.204250414113588,21.57471466064453,20.630152770507795,19.176249316140662,67.8653617271098,-2.896019500179977
2024-08-01,21.73070246073778,21.876938303968945,21.61371267045907,21.740449905395508,20.735895354782816,19.276806201993793,69.16215451936709,-1.3274440471352968
2024-08-02,21.282243124393823,21.301741732099423,20.941024927504124,21.2237491607666,20.782357622019365,19.353156906259393,60.909542858166475,-3.7151753150485853
2024-08-05,20.02461314782063,20.50231789084936,19.86862614201508,20.278087615966797,20.734331907157216,19.389428698796937,49.31219779383266,-6.009938323972246
2024-08-06,20.443821171134324,20.56081095549313,20.36582860139163,20.463319778442383,20.708521228231994,19.43154207446931,51.26942015836756,-5.8744420309175345
2024-08-07,20.75579308850635,20.892279619229836,20.4243242057583,20.44382095336914,20.683311678245055,19.471239285406558,51.04597295447515,-3.674789979327526
2024-08-08,20.375580367958452,20.6388060199662,20.356081758293488,20.60955810546875,20.676287528456836,19.515879239134488,52.92404301041646,1.634624012774045
2024-08-09,20.697299710590706,20.88253278093247,20.609557827770377,20.76554298400879,20.684788048033212,19.564885660502107,54.686030354877204,1.4769021294618636
2024-08-12,20.775291442871097,20.911779843640065,20.677800259318875,20.775291442871097,20.693407418970153,19.612352553928343,54.7998929919628,1.6213724932243174
2024-08-13,20.843533794768867,21.126258028659404,20.843533794768867,21.04826545715332,20.727203422606646,19.668662863858735,57.983633394484954,2.1286596706222403
2024-08-14,21.06776380213245,21.223748943199077,21.019017283368157,21.20425033569336,20.772636461948238,19.72888198040127,59.729191887800006,2.1126697819672318
2024-08-15,21.340737693925675,21.447978179861664,21.26274512037849,21.282243728637695,20.821170487347235,19.789798127390934,60.61035831313823,2.440169309588941
2024-08-16,21.44797812814488,21.516221397397914,21.35048694657357,21.457727432250977,20.88179495829045,19.855207119738388,62.59360662949686,1.9453478289276291
2024-08-19,21.53571971401735,21.750198822978497,21.496722498121,21.701454162597656,20.95985773965304,19.9276089645564,65.21334986386674,2.3448309609293188
2024-08-20,21.711204912602486,21.82819284910409,21.63321233510484,21.750200271606445,21.035128456981933,19.99908313346032,65.73029532792161,2.1988120657553645
2024-08-21,21.8184424016522,22.013424764928192,21.808694957029065,22.00367546081543,21.1273710287756,20.077694597278168,68.36303052203574,2.5442956635934006
2024-08-22,21.847690826442392,21.945182010367105,21.75019964251768,21.779447555541992,21.189473555134303,20.14443000740616,63.70093156012071,0.3593924737023252
2024-08-23,21.789196859883432,21.847690826442392,21.594214492034,21.779447555541992,21.24566155517313,20.208548342627175,63.70093156012071,0.13446903279197578
2024-08-26,21.75020067061976,21.93543374288346,21.75020067061976,21.87693977355957,21.30578329025755,20.2739754575657,64.90769389943169,-0.575975079625005
2024-08-27,21.99392565122883,22.33514384937498,21.964679599052317,22.227903366088867,21.393604249860534,20.350600081429356,68.91419434500764,2.0590779881042534
2024-08-28,22.442384502700524,22.890841328041024,22.39363798288769,22.42288589477539,21.491631073185758,20.43186619175665,70.9018321393414,2.9543372833149264
2024-08-29,22.432635365773073,22.734856352904625,22.432635365773073,22.61786842346191,21.59889177321206,20.517591769470584,72.7764169211534,3.3868020736512023
2024-08-30,22.70560921262576,22.78360178168137,22.54962221502501,22.695859909057617,21.703364929006874,20.60301404945439,73.51149433475896,2.1052662289447848
2024-09-03,22.5983694280844,22.7446052671263,22.315645194379098,22.40338706970215,21.770033704311185,20.67361691299352,66.28352319428923,-0.08695948043773206
2024-09-04,22.286399956629054,22.52037767954376,22.257152043956097,22.481380462646484,21.83778101462883,20.744509601215206,67.20942959449225,-0.6034519180147179
2024-09-05,22.452134681066106,22.61786913590511,22.276650921884837,22.325395584106445,21.88422049743622,20.80650512995604,63.45617391310639,-1.6322991348890221
2024-09-06,22.247403169828083,22.34489435446636,21.925683562164533,21.974430084228516,21.892811886654535,20.852306108554963,55.89303242547803,-1.9146970238877177
2024-09-09,22.188908105876447,22.188908105876447,21.993925746239327,22.05242156982422,21.908012808861173,20.899369459977287,57.11620847151223,-1.9080629569656287
2024-09-10,22.19865772193488,22.354642868041992,22.08166793260974,22.354642868041992,21.95054900497363,20.95643900539159,61.56434960934369,0.131004549618678
2024-09-11,22.31564649586968,22.374142322489693,21.99392688741838,22.344894409179688,21.98810571013611,21.01088823691269,61.34332112400626,1.685888205205656
2024-09-12,22.66661262512207,22.744605196334305,22.500878178859875,22.66661262512207,22.05272541632525,21.075818605077767,65.71767212062359,2.7851410937032406
2024-09-13,22.68611169221843,22.744605656939783,22.569121903286103,22.61786842346191,22.106548559862073,21.136291146975186,64.52627195572403,1.177498370131528
2024-09-16,22.617867360828097,22.70560923353264,22.471629666660835,22.608118057250977,22.15431708342292,21.194009849338943,64.27525564268889,1.178003544125731
2024-09-17,22.695861463685425,22.832348004009464,22.247402766279855,22.393638610839844,22.17710960984358,21.241054114495842,58.85181754160882,-1.204299993108284
2024-09-18,21.91593360900879,22.130414580762,21.82819173138059,21.91593360900879,22.15223570500217,21.267519977025763,48.94568607043004,-3.103452550484343
2024-09-19,22.15966186307692,22.237654440907995,22.05242323074028,22.12066650390625,22.149229114421605,21.300976703570097,52.62609373271691,-2.1560907993772127
2024-09-20,22.071919706005502,22.32539604567567,22.04267365186376,22.27665138244629,22.161364568519193,21.33923845568289,55.27170125518786,-0.5224127727814897
2024-09-23,22.14991255841182,22.15966186307692,21.9256841295837,22.12066650390625,22.15748856236558,21.36988269286812,52.13617753489985,0.9341737319979068
2024-09-24,22.052423045358942,22.149912372210952,21.896436031518355,22.013425827026367,22.143768301857083,21.395119678521386,50.03462784591483,-0.4847985790163482
2024-09-25,21.94518233900563,22.042673524390317,21.886688371570695,21.993927001953125,22.12949770186623,21.418602318655964,49.642804450236994,-1.269151164774914
2024-09-26,22.471630119100027,22.6763617793625,22.286398925873936,22.383888244628903,22.153725372605532,21.45645666869412,56.91038694496707,1.1899358487962866
2024-09-27,22.052422033344815,22.13041460694107,21.7794470960131,21.82819175720215,22.12272217113854,21.47103451530228,46.591438490891,-0.8414595314683042
2024-09-30,21.720951925054557,21.857438456399837,21.525969572141705,21.71120262145996,22.083529833073914,21.480452872406502,44.75174104680707,-1.2854656672637739
2024-10-01,21.857439669609356,21.954930851477087,21.71120382655258,21.82819175720215,22.059211921086128,21.494089691418097,47.00524267804246,-2.4825735428700404
2024-10-02,21.7989459474467,21.876938521912944,21.613712885780743,21.75994873046875,22.030710664836853,21.50451553608675,45.83089933327752,-0.3126371047701734
2024-10-03,21.633211467629742,21.86718919074035,21.633211467629742,21.84769058227539,22.01328018078338,21.517973381035326,47.642090488824245,0.6286522363368354
2024-10-04,22.042673056505578,22.30589683412035,22.02317444794458,22.218156814575195,22.032792241144506,21.545431554899636,54.55174582140507,1.7865202107012783
2024-10-07,22.159660290430292,22.491129187560805,22.149910986457087,22.33514404296875,22.061587650842053,21.57640067207882,56.50383459821666,2.6433670392550104
2024-10-08,22.559371903612984,22.7738528667936,22.500877940695343,22.73485565185547,22.12570841284333,21.621830279128883,62.439940308873034,4.060681225043612
2024-10-09,22.73485611036148,22.793350074458804,22.6276156266084,22.686111450195312,22.179080130686376,21.66356679564129,61.34053184656468,2.106181172117469
2024-10-10,22.062170244810577,22.15966143006683,21.88668834273696,22.08166885375977,22.169802866217175,21.679962954783193,49.66310296183104,-1.1348715223028816
2024-10-11,22.257151686852644,22.41313683295975,22.208407026002774,22.354642868041992,22.187406675914776,21.706420990597262,53.92871134554464,-1.6723782619769838
2024-10-14,22.695860730124807,22.86159517779994,22.61786815824766,22.773853302001953,22.243258735542128,21.748281081240584,59.59187029048027,0.38676461587199523
2024-10-15,22.59836986577979,22.69586104685917,22.393638199564133,22.442384719848633,22.26222311499989,21.775500831774234,53.945391388450915,1.6335534622757726
2024-10-16,22.18890904229421,22.354643497133218,22.13041507573034,22.325395584106445,22.268239540629086,21.797065331865696,52.070107537235174,-0.1308331522368382
2024-10-17,21.623461872692033,22.15966058184233,21.467476726048687,22.09141731262207,22.25139932843794,21.80860854679732,48.44301598203889,-2.9965767335468554
2024-10-18,21.82819300347428,21.974430714370072,21.662458542683485,21.94518280029297,22.222235849566992,21.81396439987558,46.27350679677678,-2.2154593897319907
2024-10-21,21.438227935958867,21.72095216485484,21.42847863225664,21.64295959472656,22.167066682439334,21.807258329085425,42.07919815894854,-3.0567699766346617
2024-10-22,21.496721465506106,21.691703816642512,21.496721465506106,21.60396194458008,22.113437659786072,21.799285921849922,41.555772931368914,-2.2065373223630966
2024-10-23,21.623462000601258,21.808695060644546,21.555218730977316,21.652708053588867,22.069558649672054,21.79353777015341,42.5182783044143,-1.332751471544803
2024-10-24,21.652708324566987,21.75994881216934,21.46747712169521,21.496723175048828,22.015002890184128,21.781897982110095,40.23483120896892,-0.6756766284097404
2024-10-25,21.4967234480076,21.535720665627142,21.3212415471887,21.34073829650879,21.950787214596,21.764597602282592,38.035028593008434,-1.2184045164795763
2024-10-28,21.65270662300371,21.66245592651866,21.49672148574354,21.51622009277344,21.90939986966052,21.754857307792037,41.884555419429525,-0.6303505338806972
2024-10-29,21.378171773055044,21.664133420822186,21.328866743581703,21.4669189453125,21.86725882924642,21.743565607302642,41.11180843776174,-0.13864545537303932
2024-10-30,21.22039860498335,21.259840746214813,20.8161067831898,20.82596778869629,21.76808825395593,21.707581379122,32.672322310267475,-2.412149479836474
2024-10-31,20.747081955156197,20.78652409701448,20.579448620470817,20.6188907623291,21.658640873800994,21.664887629443847,30.49431200753938,-4.170478488206772
2024-11-01,20.58930799837535,20.74708221013104,20.47097969055176,20.47097969055176,21.545530284920115,21.618067710271607,29.00688889984386,-4.639414055169809
2024-11-04,20.470979744065865,20.589308052198785,20.362510560948568,20.431535720825195,21.439435564530122,21.571537044018807,28.60616982744053,-1.8939435222077874
2024-11-05,20.490701769109947,20.520282905765285,20.372371580104964,20.421674728393555,21.342505961088545,21.526444404190368,28.500168578394355,-0.9564822676875632
2024-11-06,21.2105390418896,21.29928621668871,20.904855373578563,21.102069854736328,21.319607284293095,21.509802264996093,43.93685212897352,3.0828527687702314
2024-11-07,21.141513460252476,21.358449949463004,21.04290528123148,21.348588943481445,21.322367442311034,21.503480173956305,48.29272020018274,4.4884204260844065
2024-11-08,21.358449788080343,21.693716465741737,21.358449788080343,21.44719696044922,21.334255967848005,21.50127298911289,49.967268977792976,5.021734239209163
2024-11-11,21.575385808617963,21.821905308574173,21.466918507577507,21.7331600189209,21.372246829854948,21.51036659812497,54.56284191380363,2.9906552699754383
2024-11-12,21.713438034057617,21.86134935805312,21.683855016940708,21.713438034057617,21.4047412302552,21.51833018384782,54.19313709031401,1.7090079889686316
2024-11-13,21.673993984759353,21.75288014951356,21.496499643863757,21.7331600189209,21.436019210128126,21.526754883262452,54.524967236419734,1.3333353491322164
2024-11-14,21.63455218954729,21.723299361417563,21.506360994270423,21.51622200012207,21.44365757107993,21.526341829021653,50.21578120452298,-0.9981890282405402
2024-11-15,21.40775331608671,21.447197340413705,21.07248851328024,21.230260848999023,21.423334073738893,21.514730810197236,45.15034391370284,-2.225244957987438
2024-11-18,21.033044368374764,21.368311050053812,20.973880213018045,21.299285888671875,21.411519960875367,21.50628198974526,46.551845978026236,-1.9963692802670778
2024-11-19,21.131652321180663,21.644413344224738,21.131652321180663,21.427474975585938,21.413039486085896,21.50319151860176,49.15042673508984,-0.41246564817759046
2024-11-20,21.69371606248644,21.72329907965768,21.49649970960057,21.683855056762695,21.438831445197973,21.510276363235523,53.97054054458906,2.1365456175497637
2024-11-21,21.516221760670163,21.733160125403018,21.46691861275517,21.654272079467773,21.459349600842717,21.51592325406816,53.34221701323668,1.6666577116780217
2024-11-22,22.09800848809296,22.492439323688735,21.98953930300616,22.472719192504883,21.555860990524828,21.55344466341862,65.3582231425774,4.878055945041947
2024-11-25,22.16703355636797,22.56146439031152,22.13745241931881,22.522022247314453,21.647876348314316,21.591428098081202,65.92747989395593,3.865397496698138
2024-11-26,22.6206298660874,22.87701037200336,22.581185843272088,22.857288360595703,21.763058444722066,21.64106967700334,69.58732845963104,5.5555609383360895
2024-11-27,22.689655750476668,22.798124935891384,22.25578088961238,22.42341423034668,21.82594947192441,21.671749855565825,60.52658543631758,-0.21939918234126002
2024-11-29,21.83176624771739,21.93037442355819,21.693715930016985,21.762741088867188,21.81992962591896,21.675318139224704,49.876821162872126,-3.371283227188016
2024-12-02,21.802184913757625,21.969818246928057,21.70357673881128,21.890932083129883,21.826691764700954,21.683773588005298,51.654310984839675,-4.227781800800781
2024-12-03,21.979679385207938,22.088146685588747,21.72329888111731,21.81204605102539,21.82529693482709,21.688803880672754,50.46823126520403,-2.7264723072095562
2024-12-04,22.02898376911717,22.295225293786142,21.959958606601795,22.206478118896484,21.861599904738462,21.709104831191333,55.91852840055523,2.038975826699938
2024-12-05,22.443136053611457,22.768541726323978,22.43327504767537,22.541744232177734,21.92637555497077,21.74175735672021,59.952340036240486,2.972975963638369
2024-12-06,22.561464363255332,22.66007254182161,22.482578196561224,22.541744232177734,21.98498209565715,21.773129391051878,59.952340036240486,3.3453907966512864
2024-12-09,22.68965505159213,23.08408587623108,22.68965505159213,22.837566375732425,22.06618059852146,21.814872017902097,63.3813752610366,2.841910605801646
2024-12-10,22.80798322639194,23.054502725461777,22.640349891792667,22.91645240783691,22.147158866075312,21.858071248879934,64.260197553703,1.6622856323792827
2024-12-11,22.916452223516604,23.182693731761297,22.867149076416997,23.03478240966797,22.231694441655566,21.904216784597114,65.59406254238553,2.1872228360502626
2024-12-12,23.0446435873034,23.14324988223883,22.827705224538605,22.926313400268555,22.29784862819014,21.944299004819523,63.263253289894614,0.3886010579062107
2024-12-13,23.1925546577914,23.301021957197403,22.955896167094892,23.0742244720459,22.37178918474783,21.988609807455852,65.08518319715793,0.6884663533481012
2024-12-16,23.024921417236328,23.25171890329523,22.985477394898517,23.024921417236328,22.433992254508638,22.029249478427637,63.946750708765414,-0.042809140786595194
2024-12-17,23.005199751498825,23.054502899366888,22.79812427349951,22.8079833984375,22.46961045869234,22.059788063526064,59.05225283622688,-0.5161318340421386
2024-12-18,22.807984213110583,22.965758429671865,22.30508606835092,22.334667205810547,22.456758720322647,22.070567637733298,50.05100287102328,-3.2051229593060206
2024-12-19,22.857287966481437,23.291162805996212,22.77840180300552,23.09394645690918,22.51744326666422,22.110700140446077,60.462447358976625,0.29978404017995824
2024-12-20,22.31494505845957,22.650211740131407,22.12759158636823,22.41355323791504,22.50754897821192,22.122576732503685,50.33699123521061,-1.7293513136697656
2024-12-23,22.4135531700974,22.52202235524967,22.196616680587436,22.46285820007324,22.503292713627282,22.135921103780923,50.97766683992364,0.573955246708766
2024-12-24,22.26564185520938,22.502300356852643,22.23605883720601,22.4529972076416,22.49850266543817,22.148355460795067,50.83641479171542,-2.775399390760347
2024-12-26,22.324806213378903,22.44313640567358,22.285364069810413,22.324806213378903,22.48196014619443,22.155275098151296,48.938035849046855,-0.39595250067718324
2024-12-27,22.275503336703103,22.38397252423628,21.989539798950037,22.16703414916992,22.45196719409686,22.15573623740693,46.63006008786419,-1.3169475062721796
2024-12-30,21.910652372319912,21.910652372319912,21.58524670919418,21.79232406616211,22.389144039055456,22.141484779711057,41.61078938738639,-2.942471935348748
2024-12-31,21.841627507607335,21.881071530720572,21.585246999754915,21.614830017089844,22.315399846487303,22.120831651765126,39.44488898300185,-3.180212134892268
2025-01-02,22.433275453764715,22.50230061577224,22.176894937169195,22.305086135864254,22.314417588332727,22.12805731780823,50.28289752992195,0.6227805928629633
2025-01-03,22.206477915471567,22.344528239237693,22.137452753588505,22.314945220947266,22.314467839057922,22.135386255186233,50.41939404000991,2.3981891660497694
2025-01-06,22.265641882145555,22.492439378062063,22.265641882145555,22.43327522277832,22.325782827983673,22.147068175483962,52.11852252508401,3.786498459813794
2025-01-07,22.354389299361863,22.56146478551152,22.21633897526209,22.295225143432617,22.322872572312143,22.15287825265842,49.967103342010326,-0.044209613769577084
2025-01-08,22.275502847754204,22.49243933726417,22.23605882377353,22.46285820007324,22.33620453686082,22.16503432902763,52.52960118357667,0.6628426718570907
2025-01-10,22.53188349719959,22.86715017987996,22.38397216796875,22.38397216796875,22.340753835061573,22.173620126633164,51.200651674430766,-0.21977644512428987
2025-01-13,22.20647783409486,22.46285834928857,22.167033809852168,22.37411117553711,22.34393072463067,22.181482520707828,51.02686819492725,0.3538247835444228
2025-01-14,22.265642289022995,22.38397248254741,22.176895114078334,22.196617126464844,22.329900858138686,22.182076034659083,47.87689518109424,-1.1852502083084282
2025-01-15,22.40369196329782,22.650211468583738,22.32480579683811,22.571325302124023,22.352893662327766,22.197340711814572,54.2918761207783,0.8369968151737339
2025-01-16,22.28536396438666,22.28536396438666,21.013322396613496,21.269702911376953,22.249732638427687,22.160962758856236,37.175861208373924,-4.936098938167737
2025-01-17,20.944297886677628,21.200678409417097,20.816108565705218,20.894994735717773,22.120709981026742,22.111316954027277,33.86589745988829,-5.864057497280325
2025-01-21,20.806247614899736,20.875272778745664,20.638614268076196,20.85555076599121,22.000218627213833,22.06207122116312,33.5274935146076,-7.601567533880491
2025-01-22,21.14151354037093,21.388033048460347,21.03304435495732,21.309146881103516,21.93440227044142,22.032544776454902,40.847617889088795,0.18544673562630867
2025-01-23,21.27956358156353,21.49650006872655,21.220399427027164,21.47677993774414,21.890819191136917,22.01075007689762,43.331292695657716,2.784328062221845
2025-01-24,21.437336075758637,21.54580526055494,21.36831091481356,21.378171920776367,21.84199564157877,21.98594309038306,42.20860053352357,2.5059091493157095
2025-01-27,20.934436295476697,21.328867134520173,20.934436295476697,21.240121841430664,21.78467432727895,21.95669519826728,40.62178245363548,-0.3239221169105623
2025-01-28,21.111930656812635,21.259841986449672,21.02318348287149,21.230260848999023,21.731873043633243,21.92820757672735,40.50464395472747,-1.1478400833817495
2025-01-29,21.43733604864642,21.516222215454533,21.289424720980527,21.39789390563965,21.700065506681472,21.90741096217489,43.48799994161847,0.09225290607806577
2025-01-30,21.427474828251796,21.7627415040296,21.397893691491408,21.51622200012207,21.682556601294863,21.892070218564974,45.56305049273827,1.2998991284167185
2025-01-31,21.614829977104563,21.743019290396365,21.51622180029843,21.64441299438477,21.678923876827234,21.882358170557907,47.79929210306162,1.9507633388558785
2025-02-03,21.279563226061736,21.78246323320563,21.279563226061736,21.683855056762695,21.679393513011565,21.8745737347228,48.50028967371006,1.3363985838236103
2025-02-04,21.693717297343134,22.088148144772266,21.693717297343134,22.06842613220215,21.716444238648762,21.882175789525913,54.86469957088359,2.566454891927334
2025-02-05,21.81204761444511,22.019123105210152,21.713439431835475,21.999401092529297,21.74339251044691,21.88677286023193,53.58470268483513,1.6400911322317802
2025-02-06,22.06842446145791,22.088146472534923,21.78246282401921,21.930374145507812,21.761200285214613,21.888482714556474,52.271364920799854,1.136878512145531
2025-02-07,21.8810716798135,21.8810716798135,21.348588648923815,21.52608299255371,21.73880816210405,21.874270960752444,45.272461918320154,-2.4575524162869633
2025-02-10,21.496499921533513,21.57538608730669,21.407752749939373,21.565526962280273,21.72230519069226,21.862163352969223,46.031696467979344,-1.9722088270683027
2025-02-11,21.44719658809438,21.68385508337111,21.338727405794593,21.664133071899418,21.716764988902465,21.854397459593937,47.97478171002558,-1.214028870834068
2025-02-12,21.289424627525573,21.44719696044922,21.21053846106375,21.44719696044922,21.69109184333549,21.838428812568655,44.2040321988723,-0.3664671929945657
2025-02-13,21.279563634994755,21.457057979844073,21.200677468483345,21.437335968017575,21.666924617114734,21.82269968140979,44.034605346670816,-0.5944255129351328
2025-02-14,21.42747524649376,21.44719725858201,21.24012177403917,21.269702911376953,21.62909397847304,21.801013533565367,41.14734531629404,-1.8206597938326021
2025-02-18,21.171095003397316,21.171095003397316,20.87527234145596,21.11193084716797,21.579840346920175,21.77399068311841,38.583186007456625,-1.5632164608713872
2025-02-19,20.894994681376556,20.914714813232425,20.70763932278599,20.914714813232425,21.51649505799753,21.740293590181704,35.59702206574295,-2.437901591712931
2025-02-20,20.9738806309477,21.072488812370175,20.835828424638382,21.05276679992676,21.47233046199079,21.713331755269746,39.147440451359515,-1.0199301436135941
2025-02-21,20.894994763582595,20.9837419400644,20.80624758710079,20.875272750854492,21.41546782283495,21.68046669627307,36.37120026048492,-1.1209685084072865
2025-02-24,20.372371394458614,20.559726741678144,20.33292925234608,20.54000473022461,21.33209038544349,21.635742697604503,31.78577622123953,-1.7916098132533111
2025-02-25,20.46111867142748,20.53014383107866,20.323068352125112,20.4808406829834,21.251018985209196,21.590452422521324,31.04203394620787,-2.7166316065656155
2025-02-26,20.49070168876136,20.678055156158987,20.431535654093597,20.4808406829834,21.1776686707115,21.54693823665709,31.042033946207866,-1.8894702482627366
2025-02-27,20.47098012279901,20.51042226597485,20.204738603382395,20.214599609375,21.085947807727074,21.494689663038187,27.66381172671277,-1.5842504669474387
2025-02-28,19.56378892669448,19.82016944885254,19.42573859968423,19.82016944885254,20.96539748783426,21.42902220365836,23.571208536115233,-3.225801344569714
2025-03-03,19.79058495981744,19.908915146175666,19.514484326305773,19.553926467895508,20.830971676411522,21.35548903755001,21.28244049679205,-4.525762537951001
2025-03-04,19.38629331841056,19.65253482964845,19.287685142308245,19.435596466064453,20.69807879923561,21.28019913278587,20.33726206550053,-3.853665956110581
2025-03-05,19.800447491838476,19.908916680962573,19.642675151727783,19.780725479125977,20.610711816368024,21.221396244407053,30.089534998887363,-0.19900924575014697
2025-03-06,19.70183792365258,19.751142951966735,19.406015276945716,19.475040435791016,20.502552637265453,21.1529117028927,26.94338010483985,-0.40342809017928305
2025-03-07,19.327128942593408,19.593370450766603,19.23838177320234,19.58350944519043,20.415024714210688,21.09136651631614,29.750270458899685,0.7610416247540445
2025-03-10,19.47504096040888,19.514484984122745,19.090471133171523,19.169357299804688,20.2963897223625,21.01599360586471,25.6915018676748,-3.090726778279432
2025-03-11,18.86367253199725,18.932699576327288,18.548127852524235,18.705900192260746,20.144914529019474,20.925401707292007,22.06389748104808,-3.949364038889246
2025-03-12,18.23258207897566,18.390354409244782,18.084670754447675,18.242443084716797,19.963726772419218,20.82018764366161,19.15169058741923,-6.8479368533354945
2025-03-13,18.24244344800228,18.331190620645316,18.005784947885704,18.03536796569824,19.780073552731505,20.710979028839517,18.008000034792133,-5.915635648974016
2025-03-14,18.124113056093215,18.202999221921903,18.00578474774746,18.143835067749023,19.624241316066506,20.61030671663989,20.68001473244841,-3.0047478000778995
2025-03-17,18.33119013574298,18.43965931739178,18.133973783798712,18.31146812438965,19.499215297811567,20.52015618361047,24.760925670431487,0.3783760725046721
2025-03-18,18.42979852652199,18.42979852652199,18.13397399515763,18.193140029907227,19.374827177058773,20.42890064817113,23.828975374567644,0.8747925992364403
2025-03-19,18.281886988154177,18.410076300361784,18.18327881218204,18.31146812438965,19.27355488632838,20.345864078611072,26.796159018804605,0.9239119293946605
2025-03-20,18.074810477834912,18.13397463387385,17.650796617834196,17.808568954467773,19.13403241662737,20.246362309036826,22.74152274573191,-2.7463618236707465
2025-03-21,18.153696207958067,18.173418219759863,17.91703770872016,18.06494903564453,19.032214951771863,20.160816690472423,28.667435308133378,-0.7046117055767476
2025-03-24,18.370632251108074,18.370632251108074,18.242442939085706,18.33119010925293,18.965450681055774,20.089066628463815,34.302912188368744,0.10770291453044602
2025-03-25,18.62701235748075,18.755203547555386,18.528406064555003,18.567848205566406,18.927583778628215,20.029411004036465,38.92202389737893,4.263561283559208
2025-03-26,18.360773007326085,18.52840634091243,18.341050996128985,18.40021514892578,18.87735819484703,19.965520970502713,36.94076507636961,1.8558929373103996
2025-03-27,18.439659158131917,18.518545322069393,18.34105098301144,18.410076141357425,18.832855142133734,19.90452313406564,37.14345955429461,0.43033775567401317
2025-03-28,18.11425432310451,18.222721627969907,17.857873808413828,17.917037963867188,18.745634458489302,19.8265825391559,31.66329139644816,-3.5050385725585267
2025-03-31,17.749404489177547,18.03536801984014,17.621215173194212,17.99592399597168,18.674233462059053,19.754792008050636,33.357500673792345,-2.197208835233127
2025-04-01,17.93675993514322,17.956480066386412,17.700101433073588,17.94662094116211,18.60493703149744,19.68388333876089,32.81000871591144,-2.5173996926291053
2025-04-02,17.897315577656492,18.17341809865814,17.867734440945476,18.133974075317383,18.560083416623147,19.623102583331733,37.03891682866634,1.2107811117422678
2025-04-03,17.315529228730117,17.502884576167904,17.039428591237098,17.10845375061035,18.421832972240978,19.52448890361717,27.01568726800241,-4.931506965466097
2025-04-04,16.566111000136345,16.664719184345604,16.27028832830325,16.34917449951172,18.224436927219145,19.399966770122838,22.22104852335144,-8.901098690876736
2025-04-07,16.1815408234868,17.187340896658707,16.12237666647511,16.546390533447266,18.064622984955157,19.28806181966497,25.899672278934617,-8.754746947780287
2025-04-08,16.80276970390123,16.930959013918883,16.004045184887232,16.1914005279541,17.88622084619315,19.16662412195082,23.724567514713225,-5.3602343965393935
2025-04-09,15.925158918774448,17.522606065691946,15.925158918774448,17.41413688659668,17.841260469088724,19.09789913232909,41.84200337686546,6.513860299899343
2025-04-10,17.019707188192022,17.06901033785129,16.270287652444676,16.74360466003418,17.73672182060734,19.00557385890576,36.694625767856536,1.1918860865048528
2025-04-11,16.52666833040654,16.714023686378383,16.250565799542485,16.644996643066406,17.63274799417487,18.913002203382646,35.99337494724544,2.801463124386188
2025-04-14,16.93095997280683,16.93095997280683,16.64499643925683,16.7731876373291,17.550885103046703,18.829087906674665,37.66123305905112,-3.68062599623243
2025-04-15,16.65485741827761,16.822490759549797,16.625276280920197,16.792909622192383,17.478696962012958,18.74923777787144,37.92921111170778,0.2944704151782241
2025-04-16,16.368896512512507,16.61541603263831,16.299871347804427,16.34917449951172,17.371123394155696,18.655117649308313,34.351206603863815,-1.7772436360202832
2025-04-17,15.994184627394889,16.220983998847483,15.599753799990763,15.915298461914062,17.232473400608875,18.547673759606578,31.24731645646235,-5.1146460289145494
2025-04-21,16.625277039138705,16.644997171344816,16.161819137593596,16.34917449951172,17.14834969574248,18.461458102347958,37.344230821175394,-2.6423957054723473
2025-04-22,16.428060202751137,16.69430172829359,16.428060202751137,16.625276565551758,17.098533207152887,18.389450983257912,40.93384534466082,1.6887829171331254
2025-04-23,17.118314943987226,17.305668412684113,16.94082060034213,16.990123748779297,17.08820849683159,18.33457540543522,45.38644093669687,6.75340955394166
2025-04-24,17.02956757226121,17.207061913822773,16.999984555069442,17.118314743041992,17.09107575837544,18.28687890887078,46.90101994935128,4.704459197944486
2025-04-25,17.157756805419922,17.197200828158945,17.019706487422386,17.157756805419922,17.09742633428444,18.242599610696235,47.384514760832666,3.202835380022998
2025-04-28,17.118314783007907,17.207061953995883,16.911237423771116,17.08873176574707,17.09659828013802,18.197349891286464,46.58507784828381,0.5803843363698761
2025-04-29,17.187339546281418,17.404276025476406,17.118314388391852,17.325389862060547,17.118387954606835,18.16315538033643,49.717389468600466,1.209670006229577
2025-04-30,17.305667811835605,17.374694850363415,17.04928919191026,17.35497283935547,17.140919848392418,18.131461947356787,50.11122095455195,1.1494278428824027
2025-05-01,17.47330114381417,17.51274516583006,17.345111833851497,17.35497283935547,17.161305847531757,18.101011394101832,50.111220954551946,1.557991998809744
2025-05-02,17.621215779883528,17.7691271128936,17.621215779883528,17.631074905395508,17.206045757804496,18.08258251219178,54.01020314394379,1.76437613103504
2025-05-05,17.591632829104398,17.72968315634258,17.591632829104398,17.60149383544922,17.243707479484947,18.063716289574426,53.527528513460005,1.4204631627813329
2025-05-06,17.601493973929276,17.739544302253577,17.49302478407752,17.522607803344727,17.270269415090638,18.042496348937966,52.18809541423213,0.9659189071683011
2025-05-07,17.44372171660995,17.512746881103894,17.384555677791134,17.463441848754883,17.28866678972533,18.019788329322942,51.15418840125739,-0.9507818300364971
2025-05-08,17.423998169191766,17.522606344410995,17.207061688345068,17.246503829956055,17.284651269747304,17.98946344699483,47.44286010159833,-2.0168174861284673
2025-05-09,17.47330131640413,17.512745338809623,17.167617665939574,17.246503829956055,17.281018180243375,17.960327775738406,47.44286010159833,-1.5757013823933728
2025-05-12,18.59743151262295,18.656595665462103,18.242442833998997,18.39035415649414,17.386669225600592,17.977191555375885,63.594537324784234,5.30772980359164
2025-05-13,18.025506786050027,18.193140123783117,18.015645780207542,18.124113082885746,17.456901973913464,17.982953183905686,59.046047047926514,5.088621216117674
2025-05-14,18.272026155380075,18.281887161150053,18.133973955394932,18.20299911499023,17.527958844492204,17.99158243610508,59.95985069366015,5.546024252015681
2025-05-15,18.400215043708513,18.528406234962137,18.35091189679219,18.459379196166992,17.616665544651706,18.0099274070879,62.8602939506834,0.3753328461511815
2025-05-16,18.08467106093766,18.14383521559263,17.85787356743146,18.05508804321289,17.6584200683242,18.011698412426135,55.97450669430294,-0.38084644118687466
2025-05-19,17.848012534908175,18.13397418264292,17.838151529014624,18.074810028076172,17.698076254967244,18.014173377745745,56.226408015443766,-0.7042195964756972
2025-05-20,18.015646021463645,18.04522715859267,17.907176836538333,17.98606300354004,17.72550356435513,18.013071010129835,54.70944026128366,-2.5640959405895685
2025-05-21,17.907176971435547,18.094532324773937,17.828290803839582,17.907176971435547,17.742805793600883,18.00891830273006,53.33205533887906,-0.8192209942335074
2025-05-22,17.660657677552802,17.88745517705231,17.562049496659,17.788848876953125,17.74719084915824,18.00028812917018,51.24784704171175,-1.5820976855571616
2025-05-23,17.700101580597913,17.956480216047563,17.700101580597913,17.857873916625977,17.757732093678978,17.994703258090016,52.41604597174392,-0.712713431999166
2025-05-27,18.035367619702058,18.252304103781825,18.015645608205386,18.232582092285156,17.802955903070043,18.00403183982316,58.26283163444133,1.8171771093158686
2025-05-28,18.114254011242647,18.193140177420524,18.064948981884875,18.104393005371097,17.831664198527285,18.007967571805434,55.73956697506137,1.7738310702430269
2025-05-29,18.272026155380075,18.3311903092054,18.133973955394932,18.20299911499023,17.867029428666612,18.015615867616603,57.27247605667178,1.9326219905883475
2025-05-30,18.270000457763672,18.270000457763672,18.079999923706055,18.190000534057617,17.897788581560995,18.022454481986838,56.992259742015186,-0.23354650488894171
2025-06-02,18.06999969482422,18.209999084472656,18.0,18.190000534057617,17.92561829132258,18.02902491540138,56.992259742015186,0.47285500630218524
2025-06-03,18.020000457763672,18.1200008392334,17.93000030517578,18.040000915527344,17.936511874580177,18.029455346778867,53.48973294931503,-0.8954469449413833
2025-06-04,18.040000915527344,18.100000381469727,17.81999969482422,17.850000381469727,17.928272684760135,18.022417897158903,49.3523758738268,-1.869159662482139
2025-06-05,18.0,18.0,17.850000381469727,17.93000030517578,17.928437220037814,18.018793677865446,51.06854520761776,-1.4293580057627302
2025-06-06,18.190000534057617,18.260000228881836,18.149999618530273,18.200000762939453,17.954300414599874,18.025899838064426,56.43401999755822,0.8869170692469018
2025-06-09,18.229999542236328,18.36000061035156,18.219999313354492,18.290000915527344,17.98627189087868,18.03625674306297,58.08394374637378,2.464988933638267
2025-06-10,18.56999969482422,18.670000076293945,18.450000762939453,18.510000228881836,18.036150780212314,18.054834918977438,61.88397168640532,3.234801527240512
2025-06-11,18.8799991607666,18.93000030517578,18.600000381469727,18.61000061035156,18.09080314498748,18.076606122560737,63.50362163078991,2.2527463199176667
2025-06-12,18.479999542236328,18.6299991607666,18.38999938964844,18.559999465942383,18.135488508887946,18.095562724261978,62.08309349634369,1.4762085123015116
2025-06-13,18.479999542236328,18.559999465942383,18.3700008392334,18.420000076293945,18.162584848640897,18.108285757674995,58.160186454877234,-0.48622448122642414
2025-06-16,18.729999542236328,18.81999969482422,18.700000762939453,18.75,18.218529148770337,18.133451022079896,63.943659261275826,0.7522804140617185
2025-06-17,18.75,18.86000061035156,18.670000076293945,18.670000076293945,18.261526379963062,18.15449216146084,61.71645352767229,0.592675719379269
2025-06-18,18.649999618530273,18.65999984741211,18.43000030517578,18.43000030517578,18.277571515697606,18.16529640239084,55.47396185259788,0.05429005885133501
2025-06-20,18.329999923706055,18.3700008392334,17.68000030517578,17.68000030517578,18.220659971838383,18.14626518289221,41.38606254195559,-5.7066650390625
2025-06-23,17.860000610351562,18.100000381469727,17.829999923706055,18.100000381469727,18.209168582279464,18.144450876954075,49.17078676607156,-3.0530245982589492
2025-06-24,18.149999618530273,18.309999465942383,18.149999618530273,18.299999237060547,18.217819120830043,18.150550812644525,52.41196513177666,-0.7053774604589973
2025-06-25,18.56999969482422,18.63999938964844,18.489999771118164,18.510000228881836,18.24564589302545,18.164646868183244,55.612542514533956,4.694569623186455
2025-06-26,18.6299991607666,18.670000076293945,18.520000457763672,18.600000381469727,18.279393939543954,18.18171955497879,56.94889625747725,2.7624308810064226
2025-06-27,18.63999938964844,18.65999984741211,18.40999984741211,18.520000457763672,18.302308846041072,18.194985472735063,55.35361178148417,1.2021925129788305
2025-06-30,18.549999237060547,18.559999465942383,18.459999084472656,18.530000686645508,18.323993783241495,18.208123324260963,55.52134132317497,0.10805217458865518
2025-07-01,18.709999084472656,18.979999542236328,18.559999465942383,18.899999618530273,18.378851481840424,18.2352557279578,61.31254226817332,1.6128990909022856
2025-07-02,18.75,18.88999938964844,18.670000076293945,18.8799991607666,18.426579832214347,18.26053978414638,60.85131911715475,1.9438374411703458
2025-07-03,18.899999618530273,18.979999542236328,18.86000061035156,18.959999084472656,18.477381665762756,18.287969560629765,62.08006939406687,2.3205525196609758
2025-07-07,18.86000061035156,18.959999084472656,18.760000228881836,18.81999969482422,18.5100119542448,18.30883348746092,58.61300629520588,-0.4232800281520627
2025-07-08,18.88999938964844,19.059999465942383,18.81999969482422,18.88999938964844,18.54620123380705,18.33162430715455,59.82126652918474,0.05296731634723993
2025-07-09,18.989999771118164,19.0,18.719999313354492,18.81999969482422,18.572277277713447,18.350776283141595,57.99782031792011,-0.7383934409737941
2025-07-10,18.36000061035156,18.420000076293945,18.059999465942383,18.100000381469727,18.527298525690234,18.340941934056424,43.35821503945845,-3.8257137355453983
2025-07-11,18.299999237060547,18.350000381469727,18.18000030517578,18.190000534057617,18.49517490743951,18.335022663468237,45.21961053025332,-3.70565843413641
2025-07-14,18.010000228881836,18.1200008392334,17.899999618530273,18.010000228881836,18.44896779519592,18.32227668564132,42.23049579274777,-4.303929219324827
2025-07-15,18.25,18.31999969482422,18.200000762939453,18.219999313354492,18.427161273115782,18.31826580829674,46.66040029243985,0.6629775102525256
2025-07-16,18.469999313354492,18.510000228881836,18.34000015258789,18.5,18.434098294723803,18.325392639343928,51.95101702848588,1.7042301090753826
2025-07-17,18.36000061035156,18.520000457763672,18.280000686645508,18.469999313354492,18.437517439355297,18.331063489305127,51.36316889825558,2.5541314748845823
2025-07-18,18.350000381469727,18.3799991607666,18.13999938964844,18.209999084472656,18.41584902460457,18.326315865586206,46.456928756770175,-0.0548860003222184
2025-07-21,18.190000534057617,18.34000015258789,18.170000076293945,18.190000534057617,18.394339644552478,18.320970166310577,46.092230084053135,-1.675672788877745
2025-07-22,18.1200008392334,18.299999237060547,18.100000381469727,18.260000228881836,18.381545414488606,18.318579188372194,47.641590463417785,-1.1369739701117323
2025-07-23,18.459999084472656,18.829999923706055,18.399999618530273,18.450000762939453,18.388064971483924,18.323732975610127,51.69944572933529,1.3179664499348716
2025-07-24,17.8799991607666,17.8799991607666,17.59000015258789,17.68000030517578,18.32063024135934,18.298488557161722,38.63228240851938,-2.8037394937232083
2025-07-25,17.459999084472656,17.459999084472656,17.25,17.3700008392334,18.230094107823536,18.26207727410571,34.81688333376061,-4.874038217374859
2025-07-28,17.31999969482422,17.34000015258789,17.059999465942383,17.15999984741211,18.128180368736732,18.218858551490275,32.47691763907123,-6.991874591780888
2025-07-29,17.280000686645508,17.290000915527344,17.110000610351562,17.209999084472656,18.040734532140153,18.179295435136645,33.62079213925368,-2.6583778992669655
2025-07-30,17.1200008392334,17.1299991607666,16.889999389648438,16.950000762939453,17.93685512554961,18.131087800932832,30.707632379041115,-2.4179623258583645
2025-07-31,17.010000228881836,17.020000457763672,16.709999084472656,16.719999313354492,17.82096409581674,18.07575099749839,28.366097335891553,-2.5641056991266433
2025-08-01,16.649999618530273,16.649999618530273,16.3700008392334,16.40999984741211,17.686586548349634,18.010427422985202,25.53939551466487,-4.648456011728255
2025-08-04,16.549999237060547,16.68000030517578,16.440000534057617,16.479999542236328,17.571673500148368,17.950410643347993,27.30108049009282,-2.7728684339104293
2025-08-05,16.469999313354492,16.489999771118164,16.190000534057617,16.200000762939453,17.441038001366568,17.88176711862609,24.775987686964328,-3.1100393048444035
2025-08-06,16.139999389648438,16.190000534057617,15.970000267028809,16.06999969482422,17.31046292455301,17.8107174157319,23.680846295544477,-2.0719083226652764
2025-08-07,16.170000076293945,16.329999923706055,15.979999542236328,16.020000457763672,17.18756173723974,17.740493221301776,23.255092595899473,-2.7912566580704805
2025-08-08,16.09000015258789,16.1200008392334,15.960000038146973,15.989999771118164,17.073508216656734,17.671846419333793,22.988028540258043,-1.2963023576005368
2025-08-11,15.989999771118164,16.170000076293945,15.920000076293944,15.979999542236328,16.9693645333786,17.60549948297703,22.893649441931295,-0.5600507423586176
2025-08-12,15.979999542236328,16.1200008392334,15.90999984741211,16.06999969482422,16.883710739230562,17.545283805010254,25.84442313493713,0.3121050913348511
2025-08-13,16.139999389648438,16.420000076293945,16.079999923706055,16.3799991607666,16.835738207948282,17.49958636798109,35.06256277707696,2.4390206080732497
2025-08-14,16.329999923706055,16.40999984741211,16.110000610351562,16.360000610351562,16.79042986532002,17.45489673042699,34.762348851342885,2.3779792177769674
2025-08-15,16.399999618530273,16.65999984741211,16.399999618530273,16.559999465942383,16.76848411299834,17.419802720055046,40.270312864701935,3.049158558951198
2025-08-18,16.360000610351562,16.43000030517578,16.260000228881836,16.40999984741211,16.73434275437108,17.38020260740238,37.699471010753825,0.18315438450916105
2025-08-19,16.479999542236328,16.68000030517578,16.459999084472656,16.600000381469727,16.72154824266619,17.349606441679533,42.690248777569096,1.4669912112735959
2025-08-20,17.06999969482422,17.190000534057617,16.969999313354492,17.010000228881836,16.749019860401013,17.336288550981585,51.68470111449779,2.7173959991057575
2025-08-21,16.90999984741211,17.059999465942383,16.889999389648438,17.049999237060547,16.777684562940017,17.325061519063112,52.468452579612354,3.900057255328779
2025-08-22,17.0,17.3799991607666,16.979999542236328,17.34000015258789,16.831238428620768,17.32564734782879,57.81186670744403,4.45782984405357
2025-08-25,17.43000030517578,17.450000762939453,17.299999237060547,17.329999923706055,16.878739523390795,17.325818037078882,57.571519088209975,1.8812445062809628
2025-08-26,17.170000076293945,17.329999923706055,17.1299991607666,17.219999313354492,16.91124045576829,17.321668283207337,54.86929091353207,0.9970679407681525
2025-08-27,17.229999542236328,17.389999389648438,17.15999984741211,17.360000610351562,16.953979518109556,17.323171511722798,57.597203655940426,0.11534289266247168
2025-08-28,16.989999771118164,17.040000915527344,16.889999389648438,17.0,16.95836242114674,17.310498119106217,49.33869160105644,-1.9042119166696658
2025-08-29,16.729999542236328,16.889999389648438,16.649999618530273,16.81999969482422,16.945185018639833,17.291262886781432,45.80243581835776,-2.3228782490140105
2025-09-02,16.770000457763672,16.899999618530273,16.700000762939453,16.889999389648438,16.939929244450177,17.275527063364454,47.3818612006314,-2.7073802084020024
2025-09-03,16.799999237060547,16.850000381469727,16.5,16.639999389648438,16.91136449637382,17.25060440949324,42.60632673591141,-2.1176506491268383
2025-09-04,16.56999969482422,16.600000381469727,16.280000686645508,16.59000015258789,16.880758368394208,17.224698360202833,41.70108356024047,-1.3674170416727334
2025-09-05,16.489999771118164,16.639999389648438,16.31999969482422,16.3799991607666,16.833067015286815,17.19157290140141,38.04488254121627,-3.019539652526012
2025-09-08,16.610000610351562,16.809999465942383,16.5,16.790000915527344,16.82896548197639,17.175824980386743,47.68829333795291,0.9014515107027021
2025-09-09,16.989999771118164,17.139999389648438,16.93000030517578,17.010000228881836,16.846206886443575,17.169322048955177,52.00515717105906,2.5316460062143467
2025-09-10,17.200000762939453,17.25,16.90999984741211,16.979999542236328,16.85894904413812,17.161897636926987,51.38245714711099,3.6630061795537108
2025-09-11,16.889999389648438,17.139999389648438,16.559999465942383,17.06999969482422,16.879049106108226,17.158293796060214,53.19312523842188,1.667651959672813
2025-09-12,17.040000915527344,17.06999969482422,16.899999618530273,16.959999084472656,16.88675862785722,17.150517532860704,50.707396747679944,-0.29395146229499225
2025-09-15,16.989999771118164,17.100000381469727,16.84000015258789,16.920000076293945,16.889924480089288,17.141477632603184,49.79615665673711,-0.3533537547697758
2025-09-16,16.989999771118164,17.079999923706055,16.8799991607666,17.059999465942383,16.906122097789584,17.138282410381194,52.981057830674324,-0.05858365003291769
2025-09-17,17.200000762939453,17.780000686645508,17.200000762939453,17.68000030517578,16.979824784207317,17.159526249392748,63.902634145446946,4.245290445577358
2025-09-18,17.530000686645508,17.600000381469727,17.440000534057617,17.56999969482422,17.036031918551785,17.175623247252805,61.18707261805131,3.8416052931404328
2025-09-19,17.549999237060547,17.610000610351562,16.239999771118164,16.969999313354492,17.029743099009185,17.167559563570517,48.96448424965588,-0.5275507350839127
2025-09-22,16.8700008392334,17.18000030517578,16.790000915527344,17.149999618530273,17.041196100868337,17.166870938274823,52.058493350919626,-2.997741388558411
2025-09-23,17.110000610351562,17.139999389648438,16.8799991607666,16.8799991607666,17.02584401133484,17.15562106464705,47.415039457627685,-3.9271516564731526
2025-09-24,16.899999618530273,17.040000915527344,16.81999969482422,17.030000686645508,17.02623988517395,17.150694775313656,50.07912165640911,0.35357322167831623
2025-09-25,16.75,16.860000610351562,16.489999771118164,16.540000915527344,16.979931411874272,17.126745996498506,42.50383504106046,-3.556843828403569
2025-09-26,16.469999313354492,16.600000381469727,16.360000610351562,16.520000457763672,16.93612846386374,17.102952053803023,42.22308420291846,-2.1326938442014733
2025-09-29,16.440000534057617,16.479999542236328,16.219999313354492,16.31999969482422,16.877449533479023,17.072248039725423,39.419097071179294,-4.169118985286088
2025-09-30,16.309999465942383,16.440000534057617,16.209999084472656,16.270000457763672,16.81959724055375,17.040787350236727,38.72670353917696,-1.6324089650454743
2025-10-01,16.219999313354492,16.399999618530273,16.209999084472656,16.3700008392334,16.7767785356661,17.01448199686405,40.96034322245852,-0.907987980471152
2025-10-02,16.31999969482422,16.43000030517578,16.030000686645508,16.149999618530273,16.71708530546269,16.98058072712547,37.70395002099068,-1.0416671536327278
2025-10-03,16.239999771118164,16.25,16.06999969482422,16.229999542236328,16.670696185155418,16.95114617085531,39.58486081290591,-0.24585688015919033
2025-10-06,16.489999771118164,16.719999313354492,16.389999389648438,16.690000534057617,16.672534694574676,16.940905165490694,49.10118517978993,1.95479339290739
2025-10-07,16.469999313354492,16.469999313354492,16.260000228881836,16.389999389648438,16.645626570295985,16.919301017418448,44.210216064440836,1.4860667293316332
2025-10-08,16.68000030517578,16.790000915527344,16.59000015258789,16.739999771118164,16.65461449418381,16.912269595994907,50.415722425518375,3.142330519200761
2025-10-09,16.969999313354492,17.18000030517578,16.8799991607666,17.059999465942383,16.693222586732247,16.918062924228142,55.31010191570345,2.216889874447552
2025-10-10,17.0,17.06999969482422,16.579999923706055,16.579999923706055,16.682439475967847,16.904805551658647,47.70366393055054,1.1592467427278694
2025-10-13,16.670000076293945,16.860000610351562,16.639999389648438,16.780000686645508,16.69173101984191,16.89991124322676,50.74327432867569,0.2389540984125823
2025-10-14,16.700000762939453,16.700000762939453,16.40999984741211,16.479999542236328,16.67156611721281,16.883444117697724,46.38788325616923,-3.3997651926304786
2025-10-15,16.549999237060547,16.670000076293945,16.440000534057617,16.440000534057617,16.64951225215041,16.86605417324125,45.82314840648025,-0.8443871549617236
2025-10-16,16.200000762939453,16.290000915527344,15.81999969482422,16.06999969482422,16.594320580024103,16.834836350558227,40.866932230574776,-4.231233389557301
