Date,Open,High,Low,Close,EMA20,EMA50,RSI14,ROC3
2010-01-04,7.5320272748447135,7.570125685734181,7.459640366821398,7.539647102355957,,,,
2010-01-05,7.547265991224298,7.562505645818756,7.493928653477149,7.543456077575684,,,100.0,
2010-01-06,7.5625039963451774,7.661559549603759,7.543454432257045,7.653939723968506,,,100.0,
2010-01-07,7.650129762873544,7.67298851296848,7.600602349890088,7.642509937286377,,,92.8564510240726,1.3642924335049817
2010-01-08,7.634891868942584,7.665370448738763,7.570124796042373,7.661560535430908,,,93.66832366628869,1.5656544777441195
2010-01-11,7.726325001351794,7.752993658841708,7.661557950304969,7.718705177307129,,,95.36865224794167,0.8461714577632273
2010-01-12,7.699659484793949,7.714899140538278,7.631083213944817,7.676800727844238,,,78.68232867316388,0.4486849325581243
2010-01-13,7.665371620864625,7.772046303129736,7.665371620864625,7.711089134216309,,,81.53002212079896,0.6464557521454702
2010-01-14,7.707280398139611,7.791097063204377,7.68061172349787,7.764427661895752,,,84.90750350328604,0.5923595154670038
2010-01-15,7.78728577456115,7.863481870567892,7.73775762182335,7.779665946960449,,,85.71139278793272,1.3399490590280965
2010-01-19,7.718710141557593,7.836814583542536,7.714900227084932,7.764427661895752,,,81.06158570691942,0.6917119845336122
2010-01-20,7.722520210473619,7.75680871474642,7.6768019625542525,7.745378971099853,,,75.54446182486875,-0.2453328387536091
2010-01-21,7.745379973480288,7.760619633647974,7.547268751302323,7.577747344970703,,,45.923127955494515,-2.595466223953184
2010-01-22,7.577746589132674,7.63489458239431,7.505360390557263,7.509169578552246,,,39.15855083725656,-3.2875325066932546
2010-01-25,7.551074896469753,7.650130458105243,7.497737565845502,7.585363388061523,,,48.27508942338315,-2.0659490469787407
2010-01-26,7.524408443582421,7.638702964716936,7.524408443582421,7.604414463043213,,,50.28111420605423,0.3519135286320748
2010-01-27,7.608222039360934,7.638700617408784,7.55488470944385,7.615841865539551,,,51.4962493715578,1.4205603678465724
2010-01-28,7.581553405838093,7.657750214606968,7.543455001453656,7.623461723327637,,,52.33282771224889,0.5022611748050939
2010-01-29,7.650132054341894,7.657751882211452,7.554886385972763,7.5663161277771,,,45.93418462596202,-0.5010028773585112
2010-02-01,7.581558678097221,7.612037277466438,7.53584114237696,7.573938846588135,7.642893099784851,,46.867409899151696,-0.5502086268495198
2010-02-02,7.592986583709717,7.615845346025538,7.547268332411123,7.592986583709717,7.638140098253886,,49.22584853720514,-0.399754609177962
2010-02-03,7.59298298498833,7.596792898013071,7.501547252394384,7.53583574295044,7.628396826320224,,43.0511933945014,-0.40284313147796097
2010-02-04,7.505358474434725,7.512977575146452,7.391063243758014,7.398683071136475,7.606519325826533,,32.5115942392473,-2.3139317467635534
2010-02-05,7.383445262908936,7.394875006835098,7.292009491500392,7.383445262908936,7.585274176977238,,31.586381321271258,-2.7596693144478657
2010-02-08,7.40249265796272,7.478688748382627,7.372014076461417,7.379633903503418,7.565689389027351,,31.34609505350959,-2.072787210007128
2010-02-09,7.444402099463917,7.45964102917274,7.326296942553178,7.4139227867126465,7.5512354269021404,,36.05877705572333,0.20597875905273746
2010-02-10,7.444403170514882,7.444403170514882,7.3339178258960676,7.383445262908936,7.53525541128374,,33.83553398010244,0.0
2010-02-11,7.391064023864115,7.520598196302983,7.333916765827394,7.471070766448975,7.5291425879661436,,44.44174128947999,1.2390433474233427
2010-02-12,7.444401897979196,7.520597997794669,7.391063828774893,7.478689670562744,7.524337548213439,,45.26334094836522,0.8735845477939684
2010-02-16,7.558694414643381,7.577743252899397,7.455828944061052,7.516786098480225,7.523618362524561,,49.30063667318841,1.8059433072678381
2010-02-17,7.5320258299257,7.562504407457015,7.505357165419125,7.53583574295044,7.524781922565121,,51.237442371969344,0.8668767640685693
2010-02-18,7.524407559633255,7.650131808778179,7.516787732008288,7.619653224945068,7.5338172846965445,,58.71133432600287,1.8848696842867827
2010-02-19,7.592987173023399,7.699661889887867,7.592987173023399,7.680613040924072,7.54779783290869,,63.136691878248975,2.179481234366518
2010-02-22,7.669181799875685,7.745378634204718,7.6501329546268595,7.722519874572754,7.564438027352886,,65.84673169608696,2.477285041635246
2010-02-23,7.707277084616734,7.714896910286131,7.592982606242088,7.608221530914307,7.568607884834926,,54.15320962283287,-0.15002905897786617
2010-02-24,7.650128214237971,7.737754010752377,7.600600811280477,7.718705177307129,7.582902865070374,,61.3063056959199,0.49595177077784
2010-02-25,7.672988643540244,7.794902948343282,7.623461229713977,7.775854110717773,7.60127917417965,,64.40034432736691,0.6906325527322806
2010-02-26,7.8025237103533,7.8025237103533,7.665370464324952,7.665370464324951,7.60738310657444,,55.20916449196908,0.7511470739703441
2010-03-01,7.684421457408238,7.749188548587855,7.684421457408238,7.722519874572754,7.618348513050471,,58.50789600387849,0.04942146613968557
2010-03-02,7.75680871474642,7.79109721901922,7.733949227453287,7.745378971099853,7.630446651912316,,59.7837226397153,-0.39192015673128044
2010-03-03,7.798717309607486,7.802527224639086,7.73395020740425,7.752999782562256,7.642118378640882,,60.22284621192501,1.1431843854792965
2010-03-04,7.772046119359748,7.78728577456115,7.726328607089054,7.779665946960449,7.6552181470522696,,61.79484034336148,0.7399925583339065
2010-03-05,7.810144065152306,7.916819465203183,7.802524238005804,7.89015007019043,7.6775926159225705,,67.52190143901086,1.86912867182817
2010-03-08,7.924438611778315,7.928248525373728,7.87491118837139,7.901579856872559,7.698924734108283,,68.05539629573367,1.9164204627540844
2010-03-09,7.8977709409222845,7.935869355022276,7.886341925359053,7.913010597229004,7.719313863929305,,68.61071459970789,1.714015115528875
2010-03-10,7.924439936397534,7.947299421791112,7.88634224740858,7.9320597648620605,7.739575378303853,,69.56037877403593,0.5311647344955932
2010-03-11,7.935933256247158,7.974683079034329,7.81968452697704,7.893309116363525,7.754216686690488,,65.23656140229936,-0.10467198533518028
2010-03-12,7.932059065592133,7.93593412220283,7.800310097194365,7.827435493469238,7.761189906383702,,58.571433127568795,-1.0814481126782833
2010-03-15,7.850684237388498,7.9049335458357,7.792559872753439,7.893309116363525,7.7737726882865426,,62.67789899960837,-0.48853197841745
2010-03-16,7.873937919522059,7.951437605294368,7.873937919522059,7.889438152313232,7.784788446765275,7.657599821090698,62.28718472187376,-0.04904108015063187
2010-03-17,7.924311382041987,7.928185700387758,7.839061596602354,7.877811431884766,7.793647778681417,7.666235570533603,61.056075700526094,0.6435816489009475
2010-03-18,7.885561784873549,7.935936054897652,7.885561784873549,7.928185939788818,7.806460936882122,7.676508134033807,64.3443250582059,0.4418530037419951
2010-03-19,7.881685256958009,7.963059233145134,7.84681048456595,7.881685256958008,7.81362515784173,7.68455429571711,59.36163278240401,-0.09826929631169505
2010-03-22,7.870059005310107,7.935933484213177,7.839059294008158,7.92043399810791,7.823797428343271,7.693804480124593,62.00218859119383,0.541045778915618
2010-03-23,7.924309003770404,7.959183771148672,7.889434236392135,7.951433658599853,7.835953259796279,7.703907585162838,64.01658747054894,0.2932287283319381
2010-03-24,7.951436005627431,7.951436005627431,7.904936055700532,7.932060718536377,7.845106351104859,7.712854766863762,61.81123706196964,0.6391458163582125
2010-03-25,7.939808489776627,7.982433369703713,7.932058377227809,7.951433658599853,7.855232761342478,7.722210801833805,63.17734455215639,0.391388407495699
2010-03-26,7.955309803208378,7.978559404944105,7.893310372518765,7.912684917449951,7.860704395257476,7.7296803749952225,58.65753788531917,-0.48731766890858547
2010-03-29,7.94368379872179,8.01730839209457,7.928183573131126,8.001808166503906,7.874142849661898,7.740352053093602,64.88083782943997,0.8793105655953563
2010-03-30,8.01730839209457,8.032807878593797,7.947558855119456,8.001808166503906,7.886301451265899,7.750605234011654,64.88083782943995,0.633527362069747
2010-03-31,7.982433369703713,8.001807911984347,7.9281833209534,7.951433658599853,7.892504518631037,7.758480858505309,59.05363415418313,0.489704083432519
2010-04-01,7.959186196175318,8.075434963460932,7.959186196175318,8.07155990600586,7.909557412666735,7.770758468211214,66.72788418820308,0.8716997214946802
2010-04-05,8.094802983372514,8.125802678920913,8.075428450813906,8.106428146362305,7.928307006352028,7.783921985001453,68.56929828446015,1.3074542363605333
2010-04-06,8.110304191271307,8.149054000212404,8.098679026861639,8.129678726196289,7.947485265384814,7.797481072891447,69.77069821096094,2.241672071345976
2010-04-07,8.14905706294937,8.14905706294937,8.009557993968624,8.056057929992676,7.957825519156992,7.807621341797378,61.72529026307062,-0.19205675475008163
2010-04-08,8.013432502746582,8.05605737959886,7.997932278767078,8.013432502746582,7.963121422356,7.815692367716955,57.584942176039824,-1.1471839623651474
2010-04-09,8.118058761020198,8.121933078860877,8.021184554989366,8.110308647155762,7.977139253289311,7.82724594730279,63.56641820845029,-0.2382637702288416
2010-04-12,8.121933638861515,8.214933533463933,8.114184263554305,8.176183700561523,7.996095867315236,7.840929780763918,66.97675213501847,1.4911234702225742
2010-04-13,8.156808414564525,8.195558247466934,8.090933920357907,8.176183700561523,8.013247089529168,7.854076993305,66.97675213501849,2.030979829918813
2010-04-14,8.176186575464325,8.19943618774414,8.1258115532509,8.19943618774414,8.030979384597261,7.867620491126143,68.1954663279366,1.0989414147590477
2010-04-15,8.168433586162724,8.183933814960323,8.137433867659116,8.176183700561523,8.044808367070049,7.879721009143217,65.58873643496622,0.0
2010-04-16,8.145181475568867,8.199430781483331,8.040557180655519,8.087057113647461,8.04883205722028,7.887851836770834,56.65023365401267,-1.090075641377058
2010-04-19,8.059933646128469,8.110308647155762,8.059933646128469,8.110308647155762,8.054686970547468,7.896575633256518,58.24881000039543,-1.086995965912871
2010-04-20,8.137433613321061,8.2149332767036,8.118059067021207,8.20330810546875,8.068841364349495,7.908604357656998,63.971569172569325,0.33174896627339373
2010-04-21,8.253681078472184,8.37380561183745,8.234306535202405,8.315680503845215,8.092349853825278,7.924568128095752,69.42496998382457,2.8270282623815817
2010-04-22,8.292428906299087,8.31567850043984,8.214930012799481,8.245929718017578,8.106976507557878,7.937170543386804,63.04595747490738,1.6722060375517018
2010-04-23,8.257555528083687,8.288555238491986,8.183931677796101,8.276930809020996,8.123162631506746,7.950494475372459,64.60271255707144,0.8974757817905851
2010-04-26,8.288557566476383,8.307932852855576,8.203308523682749,8.234308242797852,8.133747927820185,7.9616244270362,60.80974753380365,-0.9785400125670571
2010-04-27,8.23430198288583,8.23430198288583,8.102553092032375,8.106428146362305,8.131146043871816,7.967303004264675,51.113348838746184,-1.691762802082326
2010-04-28,8.168436035331187,8.180061210415,8.102561521373202,8.145186424255371,8.132483222955964,7.9742788246564675,53.53181054908017,-1.5917057639534364
2010-04-29,8.168433053839165,8.253682089395651,8.164557996892295,8.207182884216309,8.13959747640933,7.983412317188226,57.18081526587736,-0.329418790039445
2010-04-30,8.226557151134662,8.323431354249553,8.20718260614829,8.211057662963867,8.146403208462143,7.992339585650017,57.405944743743966,1.2906981313158763
2010-05-03,8.245931678349633,8.331180703193107,8.222681339590228,8.292430877685547,8.160310605531038,8.004107871612195,61.93249765217369,1.807748107418386
2010-05-04,8.249807237959807,8.292431383435439,8.214932466785159,8.238182067871094,8.16772693527771,8.013287251857642,57.54215743259839,0.3777079674245034
2010-05-05,8.19555734090277,8.315681144430128,8.180057852911258,8.222681999206543,8.17296075088998,8.021498810577206,56.31380623242238,0.14156929252984757
2010-05-06,8.180056933021868,8.214931700945305,7.439938172142594,8.040557861328125,8.160350951884089,8.022246224332145,44.33742850267334,-3.037384574831943
2010-05-07,8.009557873355664,8.075432350594435,7.889434087481926,8.044432640075684,8.149311112664241,8.0231162798515,44.60734341569223,-2.3518468783426485
2010-05-10,8.257557340759071,8.36993177758939,8.149058700058413,8.362181663513184,8.169584498459379,8.036412961563723,61.21609923294147,1.6965226713145638
2010-05-11,8.323432504166414,8.424181778015816,8.280808351489389,8.366057395935059,8.188296202980872,8.049340194284168,61.36825327568359,4.048220785431524
2010-05-12,8.431933269700504,8.435808327684258,8.323433863430667,8.397058486938477,8.20817832526255,8.062976205760808,62.631098752387224,4.383476904338593
2010-05-13,8.416430328787941,8.44743004358841,8.362181012659997,8.381555557250977,8.224690442594781,8.075469513662384,61.547575341443725,0.23168467891970504
2010-05-14,8.362180829800584,8.428055314697511,8.331181115678,8.37380599975586,8.23889192422917,8.087168983705265,60.979663268569915,0.09261953933719975
2010-05-17,8.385427722408094,8.490052000940995,8.35830307369762,8.40867805480957,8.255062031903494,8.099777182572101,62.64978666339971,0.1383766456928679
2010-05-18,8.435807049192013,8.447431482289783,8.269183276602107,8.280808448791504,8.257514071607114,8.106876447914038,53.59182350344898,-1.202009671967338
2010-05-19,8.22655624957309,8.28080629995431,8.164556825501498,8.257555961608887,8.257518061131092,8.112785448451092,52.11621684603322,-1.388258077036439
2010-05-20,8.17230833206513,8.176183389116922,8.009559631347656,8.009559631347656,8.233902972580289,8.108737377192133,39.59442158571824,-4.746506179215977
2010-05-21,7.92430983044598,8.149057944167868,7.827435630753934,8.141307830810547,8.225084387649837,8.110014649883052,46.894349427707965,-1.6846255875090996
2010-05-24,8.110307267244165,8.176181745700713,8.056057957606331,8.079307556152344,8.211200879888171,8.108810450128907,44.188025812743646,-2.1586097179995782
2010-05-25,7.8855579596498995,7.978557078567769,7.808058324339359,7.904932498931885,8.18203246265424,8.100815236356475,37.61332014314967,-1.3062782129280102
2010-05-26,8.005686268021178,8.017311441636037,7.804187693247238,7.8119378089904785,8.146785352781501,8.089486709793103,34.65216877358017,-4.045664758843499
2010-05-27,7.924309875392183,7.994058678729216,7.87005982067472,7.959184646606445,8.128918618860068,8.084376824962254,42.386389137451985,-1.486797088872122
2010-05-28,7.982435662704668,8.001810210550751,7.846811610507206,7.862311840057373,8.103527497069335,8.07566839418167,39.107087085792095,-0.5391653740278064
2010-06-01,7.846809131241602,7.912683607832965,7.777059598487054,7.796434879302979,8.074280581091587,8.064718060264859,37.010118925078984,-0.19845178067927458
2010-06-02,7.846811061293558,7.904935439855197,7.811936286338262,7.897185325622559,8.057414366285013,8.058148149102417,42.121645800331784,-0.7789657325052931
2010-06-03,7.95143293431123,7.982432642591355,7.90493300234537,7.978557586669922,8.049904196797861,8.055026950575652,45.93748605572189,1.47851864664402
2010-06-04,7.916558794327956,7.932058280144476,7.738309903343856,7.75768518447876,8.022073814672233,8.043366489160087,38.5149386966762,-0.49701812974911885
2010-06-07,7.81193814970482,7.835187758856844,7.68018913269043,7.68018913269043,7.989513368769203,8.029124239886768,36.29878129568801,-2.7477662481603526
2010-06-08,7.722811182254868,7.854560150652636,7.680186298628685,7.827435493469238,7.974077380645397,8.021214877282159,43.00887103283361,-1.8941029322539327
2010-06-09,7.858432405459787,7.893307163430517,7.753808131547596,7.769307613372803,7.9545754980480075,8.01133616105042,41.165395095340706,0.14981825915411753
2010-06-10,7.866183679781174,7.928183100263066,7.846809138039855,7.873933792114258,7.946895335578127,8.005947832856844,45.678656571875216,2.5226547950383336
2010-06-11,7.846336795076593,7.925194753638259,7.759593642294944,7.917308807373047,7.944077570987167,8.002471792641794,47.477474528458266,1.1481833862290365
2010-06-14,7.984336983383358,7.984336983383358,7.716220855712891,7.716220855712891,7.922376931437236,7.991246265703405,40.74170784475302,-0.6832881422861586
2010-06-15,7.763536183254361,7.854222304120388,7.728050179081536,7.850279331207275,7.915510493320096,7.985718150625126,46.21963303167706,-0.300414780356324
2010-06-16,7.799018634954321,7.850275755386661,7.7871897216030845,7.818732738494873,7.906293564289123,7.979169703090607,45.16164778615673,-1.2450704055698094
2010-06-17,7.806905713455905,7.889706622852526,7.791134577217754,7.8818206787109375,7.903962813281677,7.975352094291404,47.73807056442965,2.1461260129100768
2010-06-18,7.889707082631067,7.917307136690012,7.866050000872695,7.893650054931641,7.902980645819769,7.972148092747884,48.229224449781626,0.5524736368545927
2010-06-21,7.952790032417961,7.976447104946076,7.885761033550987,7.909418106079102,7.903593737273039,7.969688093270677,48.91834932466569,1.1598473898173642
2010-06-22,7.905476800813535,7.944905764696993,7.7990195759866126,7.826619625091553,7.896262869446231,7.96407756510679,45.49386543770012,-0.7003591666134281
2010-06-23,7.830565714519168,7.858165774613407,7.7714218691226735,7.795079708099365,7.886626377889386,7.957450198165323,44.223867791192816,-1.2487296262987049
2010-06-24,7.779304965481161,7.834505817491908,7.724104865515371,7.735933780670166,7.872274701963746,7.94876327983218,41.86373194130144,-2.193389236505239
2010-06-25,7.755647643901613,7.795076607802312,7.700447545667594,7.767476558685303,7.862293926413418,7.94165399664995,43.59265518452032,-0.7556655266169034
2010-06-28,7.763533092362528,8.23667837288511,7.763533092362528,8.019820213317871,7.877296429928128,7.9447193384800645,55.09740409497701,2.8831072116554814
2010-06-29,7.937019838787374,7.98827771756092,7.82661964212731,7.869990825653076,7.876600658092409,7.941788808565281,48.74082231383339,1.732913553602016
2010-06-30,7.885765050445752,7.984337113576324,7.850279047555134,7.90153694152832,7.8789755422291625,7.940210303975597,50.04754347654556,1.7259193745891162
2010-07-01,7.94490503650507,7.992219939237549,7.842390040622085,7.980391025543213,7.888634159687643,7.9417860185468765,53.25533628913173,-0.49164677917818306
2010-07-02,7.968561877984755,8.043476825093856,7.905475844222829,8.007990837097168,7.900001462298074,7.944382285941006,54.36007852228836,1.7534964716129784
2010-07-06,8.0829076544293,8.161765590900277,8.039535714165764,8.098679542541504,7.91892318422602,7.950433158748869,57.88236490566763,2.4949905628746216
2010-07-07,8.11839105495777,8.240620140567176,8.075019128561463,8.236677169799805,7.94918546856638,7.9616584140842,62.610912275124356,3.2114484545467095
2010-07-08,8.26822323125254,8.449596193175045,8.232737233312161,8.406224250793457,7.992712971635625,7.979092368464955,67.44665094379884,4.972950416619676
2010-07-09,8.445654191585348,8.469311275582747,8.343139158203101,8.39833927154541,8.031344047817509,7.995533423487719,67.01257156089363,3.700106016416942
2010-07-12,8.437768246237836,8.469311275582747,8.370739214874256,8.39833927154541,8.066295973886833,8.011329731254687,67.01257156089363,1.9627101853444953
2010-07-13,8.42987749868418,8.45747829167727,8.366791475932256,8.414106369018555,8.099420773423187,8.027124893519938,67.49768535526904,0.09376526238107043
2010-07-14,8.390453572008244,8.41805362701416,8.347081627258891,8.41805362701416,8.12976675947947,8.042455432088339,67.62604230909606,0.23474111763434732
2010-07-15,8.414109714050024,8.47325278988671,8.390452634124353,8.461423873901367,8.161353151329173,8.058885567061399,69.07130811716264,0.7511556787149014
2010-07-16,8.441707605377182,8.46142170826206,8.323421483978285,8.382564544677734,8.182420903076656,8.071578860301255,63.51867203398881,-0.37486838123368577
2010-07-19,8.425935062907804,8.473249202728661,8.39833427062683,8.429877281188965,8.20598817718259,8.085629778767439,65.31999014164155,0.14045591414221575
2010-07-20,8.358911456485192,8.48508358001709,8.343139565021115,8.48508358001709,8.232568691738257,8.101294633718405,67.34604329993489,0.27961849528303695
2010-07-21,8.556054413394897,8.556054413394897,8.38256739132302,8.441710472106934,8.252486956535273,8.114644274439524,64.17394278378347,0.7055827260733972
2010-07-22,8.508740130814616,8.630969273804439,8.445654073010505,8.615198135375977,8.287030878329626,8.134273837613502,70.21676088811293,2.198381399935086
2010-07-23,8.583656694004283,8.765028955724262,8.583656694004283,8.721657752990723,8.328423914011635,8.157308500961628,73.20363784888393,2.7881183578530684
2010-07-26,8.745310806085381,8.772910854739397,8.619138725355644,8.670395851135254,8.360992669928171,8.177429573517458,69.58491753861844,2.7089933939803035
2010-07-27,8.697995667651213,8.733481658414993,8.650681514662775,8.694052696228027,8.39271267243292,8.197689303819834,70.3142362822169,0.9152959643290837
2010-07-28,8.674337630614925,8.729537720337223,8.666451688641791,8.701937675476074,8.422162672722743,8.217463749767138,70.56756416573192,-0.22610469331803662
2010-07-29,8.72953746638004,8.772909393925692,8.654623275949108,8.682223320007324,8.446930353416512,8.235689615266754,68.98252296947616,0.13641209784581737
2010-07-30,8.627022020713143,8.772908927028594,8.603364948785824,8.737422943115234,8.4745963143402,8.255365432045126,70.9500428800374,0.49884959756482156
2010-08-02,8.824169158071342,8.832055102180531,8.757140137233282,8.77291202545166,8.503007334446053,8.275661376884598,72.17222113046738,0.8156154712025446
2010-08-03,8.7532007877266,8.788686795810122,8.701942886252507,8.721657752990723,8.523831183831259,8.293151430849544,67.73968566501574,0.4541974046270578
2010-08-04,8.733485637112999,8.843886631122704,8.717714496280324,8.81234359741211,8.551308556553245,8.313511907969644,71.11941725861887,0.8574685554841969
2010-08-05,8.765028203059371,8.832057240122895,8.757142257041261,8.80840015411377,8.575793470606628,8.332919290171375,70.77220334804215,0.40451937234925506
2010-08-06,8.772910797522174,8.891196934423606,8.741367777545463,8.88725471496582,8.605456446259884,8.354657934280961,73.55272196858215,1.8986867710821742
2010-08-09,8.899084080037785,8.942456020383824,8.883312943940602,8.906970024108887,8.634172025102647,8.376317231921272,74.21324487629388,1.0737941122105812
2010-08-10,8.867539885482481,8.981883803287568,8.847825779951565,8.92273998260498,8.661654687721917,8.39774557508534,74.75633383541869,1.2980771364912507
2010-08-11,8.824167223213841,8.942454102780081,8.816282032878645,8.847825050354004,8.679385198448783,8.415395750586072,67.48515159640975,-0.44366529233620655
2010-08-12,8.780797458564205,8.87936949805762,8.733482548707574,8.85176944732666,8.695802745960961,8.432508444575898,67.66349090456153,-0.6197458465989303
2010-08-13,8.839943657903223,8.875429664833298,8.788686510140474,8.81234359741211,8.706901874670594,8.447403940765554,63.89131200584041,-1.2372475877151028
2010-08-16,8.808395617087857,8.910910606384277,8.733480672593391,8.910910606384277,8.726331277690944,8.465580672750603,68.60379913570924,0.7130063679067589
2010-08-17,8.958228538033827,9.064686543276768,8.883314313940025,9.037086486816406,8.75592701189337,8.487992665459066,73.39113846139107,2.093559266229127
2010-08-18,9.013425118402685,9.060739263545,8.973996162754233,9.041025161743164,8.783079216640969,8.509680214332953,73.52683894395726,2.5950141617062097
2010-08-19,9.037084111388818,9.048913026210476,8.891197170101455,8.973998069763184,8.801261964557371,8.527888757683158,67.24217878836743,0.70797998280565
2010-08-20,8.926683663539757,8.993712680534676,8.918798471927692,8.954283714294434,8.815835464532329,8.544610128530659,65.46965193380606,-0.9162551740847895
2010-08-23,9.001600529149805,9.04497247639713,8.946400415958763,8.96217155456543,8.829772235011673,8.560985086414375,65.85745138571913,-0.8721755084965489
2010-08-24,8.910912485689906,9.013427496606676,8.820226390202176,8.985827445983887,8.844634636056645,8.577645571103375,67.05252395930883,0.1318183504023786
2010-08-25,8.946398247848274,9.029198397568672,8.8754262612051,9.00948429107666,8.860334603201409,8.594580422867033,68.2494087587478,0.6164711611058906
2010-08-26,9.02131222861524,9.025255200224056,8.851768961705739,8.914855003356934,8.865527022263839,8.607140210337224,59.01432068987315,-0.5279585524603412
2010-08-27,8.942454811913834,8.95034075491924,8.824167922967483,8.88725471496582,8.867596326330695,8.61812509287168,56.60832319471111,-1.0969800122538784
2010-08-30,8.926683894795808,8.942455782518486,8.875426763787104,8.879369735717773,8.868717603415178,8.62836998082643,55.90706799708891,-1.4441953740654965
2010-08-31,8.851770199882358,8.883313225120162,8.776855232925682,8.800512313842773,8.86222186155114,8.63512066055256,49.32597291227579,-1.2826085165838799
2010-09-01,8.910910378258842,8.99765348142214,8.851767319190921,8.93456745147705,8.86911191773456,8.646863671961365,58.31030401911419,0.5323661583768664
2010-09-02,8.910912485689906,8.997655609367953,8.903026542070544,8.985827445983887,8.880227682329734,8.660156368981855,61.14695051223366,1.1989331837132657
2010-09-03,9.033140182495115,9.0607402287758,8.970054147555022,9.033140182495115,8.89479077758358,8.674783185198063,63.608245560411625,2.6433446185448743
2010-09-07,9.048911572876648,9.163254722941756,9.044968601902704,9.111997604370115,8.91547714203944,8.691928848695007,67.32376676260637,1.9858840828800517
2010-09-08,9.151429579461889,9.281545419061848,9.112001357571735,9.24605941772461,8.946961168295172,8.713659459245187,72.4698072733249,2.8960268078264777
2010-09-09,9.3130858262111,9.344628846071084,9.261827948910549,9.317028045654297,8.982205632805565,8.737320972437702,74.73788016163033,3.1427372699176526
2010-09-10,9.36040089779959,9.439258831204317,9.344629762345638,9.399829864501951,9.021979369157602,8.763301713302967,77.10760112820735,3.158827214723932
2010-09-13,9.451917557295584,9.471950989409493,9.36777546111898,9.403836250305176,9.058346691171657,8.788420714754034,77.218953294245,1.706422438494281
2010-09-14,9.371783342205626,9.47595888207686,9.319695954383276,9.419864654541016,9.09277697339731,8.813183222196662,77.68657620509457,1.1037490536983454
2010-09-15,9.403834943410084,9.528044650778948,9.375787836657867,9.487977027893066,9.130415073825477,8.839645724380835,79.60266626633972,0.9377527536322651
2010-09-16,9.471950989409493,9.479964667945636,9.38780965745934,9.403836250305176,9.156455185871161,8.861770843044535,71.44127680073214,0.0
2010-09-17,9.44390347082771,9.49999768970481,9.411849522294164,9.41585636138916,9.181160059730018,8.883499686901187,71.88474769046381,-0.04255149409098143
2010-09-20,9.455927236939544,9.520035156032556,9.395826158318178,9.500000953674316,9.211525859153285,8.9076762071668,74.8311504181174,0.12672802374944278
2010-09-21,9.491985811822888,9.568113470258131,9.463938699322902,9.560100555419922,9.244723449273918,8.933261475725747,76.70863000632703,1.6617080620653615
2010-09-22,9.564105987548828,9.60817968746608,9.54807863177791,9.564105987548828,9.275140833871529,8.958000476189397,76.83266675420003,1.5744677963396214
2010-09-23,9.48397018719066,9.491983864611422,9.407841780146104,9.455923080444336,9.292358190687986,8.977526852826847,66.52759306581352,-0.4639775663699535
2010-09-24,9.512020133817714,9.62420935852424,9.491986698511027,9.616195678710938,9.323199856213982,9.002572689136027,72.42774051041093,0.586762900304574
2010-09-27,9.640237410195766,9.656264772243494,9.616197131350862,9.620203971862791,9.35148596246625,9.026793523752763,72.55802005960896,0.5865470791205687
2010-09-28,9.64824970914091,9.700337099881311,9.596162318400507,9.696331024169922,9.38432834929517,9.053049896318143,74.97636632438456,2.542405872809713
2010-09-29,9.688316793116794,9.74841786031392,9.656262839663222,9.716363906860352,9.415950783348997,9.079062210457053,75.58608512283143,1.0416617079784896
2010-09-30,9.65626048861803,9.772455755011784,9.568111564912751,9.62420654296875,9.435784665217545,9.10044041957516,67.44469969252334,0.0416058860879202
2010-10-01,9.620203550376646,9.63623014749552,9.479967195509897,9.528048515319824,9.444571698560619,9.117209364506323,60.16309916229139,-1.7355276798061243
2010-10-04,9.52804605837228,9.600166873149776,9.516025540462804,9.54807949066162,9.45442958352262,9.134106232198688,61.10514580327,-1.731969055624945
2010-10-05,9.616195206789628,9.740404180893895,9.600167847949574,9.716363906860352,9.479375709554784,9.156939866499146,67.96009925799693,0.9575580436698946
2010-10-06,9.72838635527116,9.8285550752068,9.72838635527116,9.788487434387209,9.508814921443586,9.181706437788874,70.37032126564242,2.733392033516976
2010-10-07,9.832559941781094,9.89666784853182,9.816532582980146,9.844579696655272,9.540792519082794,9.20770146754834,72.12649755275326,3.105338683906441
2010-10-08,9.860606149909222,9.916700372108073,9.812524842148449,9.820538520812988,9.56743499543805,9.23173429316656,70.2058318205348,1.0721563637512899
2010-10-11,9.81252388899125,9.824544405820424,9.724375724923137,9.756429672241213,9.585434488466923,9.252310582542037,65.21843127983804,-0.3275047586348872
2010-10-12,9.78047143558177,9.860606698230338,9.740403804257484,9.832559585571287,9.608970212000672,9.27506544540593,68.11515704896492,-0.12209877368424624
2010-10-13,9.88063917178238,9.940740230816171,9.85659890101415,9.864612579345703,9.633317104128771,9.298184940854549,69.27538317243149,0.4487947217895154
2010-10-14,9.880640923386046,9.956769352578714,9.868620403757763,9.936735153198242,9.662214061183006,9.323226125652342,71.76500495256442,1.84806826896965
2010-10-15,9.972793078347216,10.01686754007598,9.944745971511216,9.968786239624023,9.691411411510721,9.348542208553193,72.81907004780085,1.3854648209062561
2010-10-18,9.976800918579102,10.00084118910516,9.956767487178457,9.976800918579102,9.718591364564853,9.373179805024797,73.08960775366691,1.1372807429690222
2010-10-19,9.952760195748374,9.98080730412524,9.86060519273113,9.916699409484863,9.737458797414378,9.39449429931735,67.65176606549561,-0.20163306563454286
2010-10-20,9.948754806017774,10.004849030942628,9.888653741565932,9.98481559753418,9.76101658790198,9.417644154149382,70.3446840475353,0.16079548226686424
2010-10-21,9.988822029890844,10.016869141209996,9.96077491857169,9.996835708618164,9.783475551779711,9.440357548442275,70.80653414288923,0.2008137698904376
2010-10-22,10.004849030942628,10.008855870469615,9.964782164125731,9.98481559753418,9.802650794232518,9.461708844485095,69.63856074223148,0.6868836619588008
2010-10-25,10.020878237395909,10.10902643056906,10.00885771659776,10.040911674499512,9.825342306638898,9.484422680956248,71.96290929627524,0.5618138504148775
2010-10-26,10.02087646728773,10.101010965773664,10.02087646728773,10.097004890441896,9.851214933667755,9.508445512700783,74.09826526623561,1.0020088830446365
2010-10-27,10.060942649841309,10.064949488822585,9.976800559687286,10.060942649841309,9.871189001874761,9.53011206709845,70.38671713280094,0.7624282247729144
2010-10-28,10.16110987585003,10.177136465252516,10.08898831297313,10.153096199035645,9.898037306366273,9.554542817370498,73.97423885300176,1.1172742891568623
2010-10-29,10.129055937211918,10.185150146484377,10.113028583576195,10.185150146484377,9.925381386377522,9.579272516551434,75.10401259663585,0.8729841868841839
2010-11-01,10.23323583220491,10.257276108743094,10.1090260809333,10.165121078491213,9.948213738007397,9.602246969960838,72.97238906319402,1.0354738345670556
2010-11-02,10.205188783634284,10.293337745174624,10.193169026498182,10.245256423950195,9.976503517620996,9.62746302698003,75.91747179392704,0.9077056211021057
2010-11-03,10.253270620908674,10.333405905573729,10.245256939596826,10.321385383605955,10.009349409619563,9.65467566841634,78.33293482547396,1.337586929620306
2010-11-04,10.38949485613397,10.477643013000488,10.349427234203253,10.477643013000488,10.053948800417746,9.68694889761572,82.26488752106549,3.0744536350929774
2010-11-05,10.50168433150198,10.505691170518697,10.4175430048301,10.461617469787598,10.09277438797678,9.717328057308734,80.64844449579469,2.111816794859503
2010-11-08,10.389498764976931,10.401518521119916,10.317377171212588,10.365458488464355,10.11874430230893,9.742744936961897,71.56207123977363,0.42700764694247384
2010-11-09,10.397509940671911,10.397509940671911,10.22922651716674,10.249259948730469,10.131174363872885,9.762608270756743,62.41138071174887,-2.1797179383440106
2010-11-10,10.229229784930716,10.241249542018137,9.992831548673609,10.10101318359375,10.128301870512967,9.775879051652312,53.08502034007813,-3.446926703592891
2010-11-11,9.9968356037518,10.133065083781332,9.9968356037518,10.109024047851562,10.126465887402357,9.788943561307185,53.48948296882636,-2.4739324449389
2010-11-12,10.03289453308204,10.036900607434388,9.832557189506693,9.95676612854004,10.110304005605947,9.795524838453572,45.46637873765685,-2.8538042907835295
2010-11-15,9.968787795937768,9.976801474635236,9.880639622945008,9.892660140991213,10.089576018499782,9.799334066004068,42.571088058572975,-2.0626944922807158
2010-11-16,9.820536009750928,9.844576275371107,9.636225268726172,9.768447875976562,10.058992385878524,9.798122842865734,37.57782936652429,-3.3690311771231913
2010-11-17,9.752425088142004,9.856600632068623,9.7323916530212,9.80050563812256,10.034374600377955,9.798216285816983,39.548569246005755,-1.5693899846615451
2010-11-18,9.90868573159822,9.97680046518192,9.880638623221351,9.916699409484863,10.023167439340519,9.802862682823566,46.180832321714966,0.24300105483298157
2010-11-19,9.928716559322522,9.944743145434543,9.83656082333043,9.912689208984377,10.012645703116124,9.807169605418109,45.993282141763466,1.4766044190351408
2010-11-22,9.856596844436792,9.900670537611507,9.752421340542089,9.808515548706056,9.993204736029451,9.807222387507831,41.30091560157705,0.08172956456796159
2010-11-23,9.740403804257484,9.860606698230338,9.688316418494468,9.832559585571287,9.977905197890578,9.808216003118163,42.752649647287186,-0.8484660111115212
2010-11-24,9.892661008831585,9.904680763705764,9.768451270803835,9.844579696655272,9.965207531106264,9.809642030315697,43.50488272869473,-0.6870941970759457
2010-11-26,9.756431125853029,9.812525350960552,9.744410607232917,9.760437965393066,9.945705667705008,9.80771245914226,39.58383152597815,-0.4901616669133228
2010-11-29,9.73639927205373,9.820541394197544,9.660271595145854,9.788487434387209,9.930732502627123,9.806958536602847,41.477421087685734,-0.44822663723036893
2010-11-30,9.74841833872415,9.756432018537453,9.608181998897637,9.616195678710938,9.900776614635106,9.79947764021493,34.3547349198541,-2.319896074607719
2010-12-01,9.704343393747576,9.752424706071013,9.636228647088185,9.68430995941162,9.880160742709059,9.794961260575585,38.82721752601419,-0.779965061520488
2010-12-02,9.672285962896291,9.708346743117673,9.495989664287604,9.536056518554688,9.847388911837214,9.78480813343751,33.48048684596128,-2.578855185998656
2010-12-03,9.528045059283883,9.608179544264985,9.51602454263485,9.540064811706545,9.818119949920007,9.775210356114727,33.746132462141944,-0.7916942369729126
2010-12-06,9.54808038118985,9.660269599462575,9.540066701836116,9.636228561401367,9.80079696053728,9.76976008965538,39.94276212694352,-0.4964875991347696
2010-12-07,9.692323552650992,9.700336467778202,9.60417460821295,9.636228561401367,9.785123779667193,9.764523559135615,39.94276212694352,1.050455632805562
2010-12-08,9.636226256687932,9.78447623236873,9.63222018219573,9.77646255493164,9.78429890112095,9.764991755049184,48.14522608979897,2.4779469310838844
2010-12-09,9.840571950268547,9.860606146923832,9.788484567417738,9.85259246826172,9.790803050372451,9.76842707713595,51.979575518978145,2.245317299000307
2010-12-10,9.888651401155368,9.976799557207046,9.884644562576703,9.95676612854004,9.806609057816983,9.775812922289052,56.698011386322314,3.326379870467278
2010-12-13,9.988817594638322,9.988817594638322,9.876628434949671,9.912689208984377,9.816711929356735,9.781180619806516,54.268291515546515,1.393414573904525
2010-12-14,9.92471508789306,9.944748522421415,9.88064061485883,9.93272876739502,9.827761152027048,9.78712368441783,55.20812140258611,0.8133524185785931
2010-12-15,9.90868573159822,9.952760195748374,9.86060519273113,9.916699409484863,9.836231462261125,9.792205085400852,54.247778251157754,-0.40240695159375545
2010-12-16,9.948751863406814,10.008852910082156,9.916697920898214,10.000839233398438,9.851908392845631,9.800386816694875,58.343894682845544,0.8892644826811059
2010-12-17,9.996838468874994,10.01286506652832,9.964784509341667,10.01286506652832,9.86723759986303,9.8087192970805,58.910125081972346,0.8067903695946538
2010-12-20,10.040909357155655,10.105017258163675,10.016869085334262,10.084983825683594,9.887975335655465,9.819553200162975,62.22619029644845,1.6969801064835566
2010-12-21,10.1090221886143,10.149089810234942,10.1090221886143,10.117035865783691,9.909790624239106,9.831219187050062,63.63098199921001,1.161868815941045
2010-12-22,10.137071706535762,10.14909222515006,10.076970641917269,10.121045112609863,9.929910099322035,9.842584909621035,63.81227217107354,1.0804105055122986
2010-12-23,10.169858028022595,10.214605651633445,10.08443159301853,10.10883903503418,9.94695095034224,9.853026247872531,62.78613725378648,0.23654187019946907
2010-12-27,10.068158541438963,10.100702053163229,10.031546993761848,10.047819137573242,9.95655744436424,9.86066518472354,57.78365775126774,-0.6841601545027983
2010-12-28,10.084430292897537,10.108837731766489,10.027478567671986,10.068158149719238,9.967186082969478,9.86880216374298,58.95747027717151,-0.5225444833234945
2010-12-29,10.080366636162507,10.088501935387258,10.04782311156702,10.05189037322998,9.975253158232384,9.875982093526785,57.57847952293548,-0.5633551153285988
2010-12-30,10.035618506265813,10.039686543627916,9.990870871181473,10.007143020629885,9.978290287984526,9.881125659295535,53.84758816817665,-0.4048253296205502
2010-12-31,10.00713893012736,10.031546368424442,9.966459349033244,10.01527500152588,9.981812641655132,9.886386417814371,54.42553472252577,-0.5252514651334942
2011-01-03,10.051886657489003,10.076294873837098,9.94205278751676,9.966460227966309,9.980350507018102,9.889526567232094,50.34958528396886,-0.8498913347800524
2011-01-04,9.954260216020884,9.962396291484952,9.815950036727187,9.921716690063477,9.974766333974804,9.890788924990188,46.883718555129676,-0.8536535391799667
2011-01-05,9.937989786049137,9.970533315101283,9.88103880418261,9.958329200744627,9.973200892714788,9.893437563255068,49.92146453294757,-0.5685894872839493
2011-01-06,9.990872102983612,10.035619743585016,9.950192500245874,9.999008178710938,9.975658729476326,9.897577587390593,53.1288738353664,0.3265748319879708
2011-01-07,10.019347267935698,10.039687456595866,9.91358139049827,9.921716690063477,9.970521392389388,9.898524218867962,46.972903818780814,0.0
2011-01-10,9.990868952243613,9.99493698882437,9.840355478248757,9.860694885253906,9.960061725043152,9.89704071558898,42.76035234622211,-0.9804286795762922
2011-01-11,9.909511848168798,9.909511848168798,9.779337764103976,9.79154109954834,9.944012141662695,9.89290347574425,38.54195796356174,-2.074876582302627
2011-01-12,9.783403734662532,9.8240833245409,9.73052081094971,9.787471771240234,9.929103534955793,9.888768899097034,38.30250263316129,-1.3530412429301417
2011-01-13,9.783408609832009,9.824088219981425,9.746797038287434,9.811884880065918,9.91793985353771,9.885753839527187,40.68345982995886,-0.49499559367748813
2011-01-14,9.803744258464556,9.848491110578,9.763064667171609,9.82815170288086,9.9093886010942,9.883494932207723,42.281771124317316,0.37390031824722963
2011-01-18,9.767133038397116,9.852559484729206,9.763065001538632,9.795608520507812,9.898552402943116,9.880048406258707,39.96185055536332,0.08313433190670715
2011-01-19,9.799677513831842,9.8159488869552,9.742726544051935,9.758997917175291,9.885261499536655,9.875301328255436,37.471004810760355,-0.5390092070696153
2011-01-20,9.767132819019947,9.83628789226352,9.750860671951497,9.779336929321287,9.87517344523043,9.871538018493313,39.71896988678608,-0.49668315096584587
2011-01-21,9.832217544708438,9.85255694786512,9.767130523528866,9.799674034118652,9.867983025124547,9.86871982302764,41.965629818354394,0.041503430872399584
2011-01-24,9.803747696890932,9.937989852110771,9.783407506161296,9.933921813964844,9.874262909776004,9.871276763848707,54.121112790456436,1.792437074729735
2011-01-25,9.905444206183937,9.95019106442946,9.840357161555191,9.881036758422852,9.87490803821856,9.871659508733968,49.70446391849076,1.0399460601120993
2011-01-26,9.89323941824972,9.937987049335964,9.864763935158008,9.872900009155272,9.87471679735539,9.871708155809314,49.0413453578026,0.7472286810936258
2011-01-27,9.885101749935902,9.905441931648507,9.710180842599078,9.730520248413086,9.860983792694219,9.86617137512711,39.188957340612355,-2.047545464529641
2011-01-28,9.734587096592316,9.79153804663922,9.67763614654541,9.67763614654541,9.843522112108618,9.858777836751356,36.27397555563994,-2.0584946382681704
2011-01-31,9.673574489179536,9.677642527707876,9.494584673427534,9.563739776611328,9.81687617539459,9.847207716745865,30.936742659864567,-3.1314024476825972
2011-02-01,9.620689119607931,9.645096570706656,9.551534028245806,9.59221363067627,9.795479742564273,9.837207948664705,33.568326709200974,-1.4213691992406297
2011-02-02,9.58814497128,9.673572208435935,9.575941634471176,9.632892608642578,9.77999525361935,9.829195582389328,37.247175416418315,-0.4623395344203343
2011-02-03,9.636959843160698,9.795609415645762,9.57594083650481,9.783405303955078,9.780320020317992,9.82739988519583,48.59108930600129,2.2968580542201136
2011-02-04,9.81594922616091,9.81594922616091,9.685775133080597,9.763066291809082,9.778676808079048,9.824876999180663,47.345570183546776,1.7811598835374047
2011-02-07,9.799675880973336,9.799675880973336,9.718316701216608,9.787471771240234,9.779514423618208,9.823410127496725,49.0337496702251,1.604701400480357
2011-02-08,9.799678065962327,9.820017477487172,9.742727092973706,9.81594944000244,9.782984425178611,9.823117551516557,51.0075998903712,0.3326463029616598
2011-02-09,9.80374296954967,9.832218446941416,9.779335528342257,9.824082374572754,9.786898515597102,9.82315538771484,51.584293727784704,0.6249684365542261
2011-02-10,9.807810105740725,9.844421652141545,9.783401890874512,9.799674034118652,9.788115231646774,9.82223455031891,49.693719403729986,0.12467226637908087
2011-02-11,9.787474329126743,9.96239606818921,9.763066879180473,9.942056655883787,9.802776319669347,9.826933456419495,59.108544432800144,1.2847174555263023
2011-02-14,9.958324770697653,9.962392807006836,9.868830299591368,9.962392807006836,9.817977889891965,9.832245587815077,60.25272319434126,1.4078712612596258
2011-02-15,9.92578567169248,9.974601353220171,9.889174104521446,9.958329200744627,9.831344681401744,9.83719004322408,59.892096086845264,1.6189841220595627
2011-02-16,9.974601353220171,9.999008806034547,9.909514295115873,9.958329200744627,9.843438445148685,9.841940598420964,59.892096086845264,0.16367382951101594
2011-02-17,9.954254804613011,10.06002140045166,9.937983438429306,10.06002140045166,9.864065393272778,9.850492786735893,65.82812357084282,0.9799713315475699
2011-02-18,10.064094321800082,10.092569808369433,10.007143348661389,10.084434509277344,9.885052928130357,9.859666971933597,67.08747591790784,1.266329983580852
2011-02-22,10.023413993685864,10.137316707577297,10.00714262078638,10.064093589782717,9.902104419716295,9.867683702045328,64.940025904477,1.0620696193713002
2011-02-23,10.06002644835356,10.116978198319789,10.031550961319862,10.05189037322998,9.91636974862236,9.874907493072177,63.62421800562053,-0.08082514835718572
2011-02-24,10.003075474286163,10.072230561038928,9.978668024814256,10.05189037322998,9.929276474775467,9.881847998176404,63.62421800562052,-0.3227165193786896
2011-02-25,10.047824770506896,10.149523398646036,10.047824770506896,10.145455360412598,9.94986494007424,9.892185541793511,69.17757125567003,0.8084361488100752
2011-02-28,10.15358994398164,10.33257973411882,10.133250530149668,10.3203763961792,9.98515174541757,9.908977340004714,76.4240308796898,2.6710003091980195
2011-03-01,10.365118166965022,10.454613405992973,10.21460471643378,10.218672752380373,10.007391841318789,9.921122258137093,66.61728140153346,1.6592140677793734
2011-03-02,10.259351093442223,10.300030675159457,10.169856634383107,10.19019603729248,10.024801764744854,9.931674171045147,64.13567516268444,0.44099229941378687
2011-03-03,10.259352145089768,10.38139090275119,10.23087666773834,10.348847389221191,10.05566325279022,9.948033905091267,70.68719322288116,0.27587165379484313
2011-03-04,10.32850809545885,10.36511964831204,10.230877546483224,10.30003261566162,10.07893652544464,9.961837776094026,66.6526980314426,0.7961881670229062
2011-03-07,10.361054426262717,10.409870101960143,10.316307564097151,10.324442863464355,10.102318081446517,9.976057583441882,67.64711176745008,1.3174116148558823
2011-03-08,10.340711551615016,10.462749536148335,10.332575479073174,10.438342094421388,10.134320368396505,9.99418638779402,71.86323978187144,0.8647794467759763
2011-03-09,10.413935550523744,10.503430028503969,10.405799477280455,10.499361991882324,10.169086237299917,10.013997195797483,73.83079372133462,1.9352305342957503
2011-03-10,10.458684646415913,10.503432282959976,10.422073860760277,10.430209159851074,10.193955087066694,10.030319233603507,68.02521324075046,1.0244261873054619
2011-03-11,10.351754792397513,10.388917118772037,10.285688609414148,10.343496322631836,10.20819710950147,10.042600688075206,61.49529000644022,-0.9086286972740759
2011-03-14,10.281558494372698,10.405433167540416,10.281558494372698,10.318720817565918,10.218723176936178,10.05342892844739,59.731032438860346,-1.7204966783321747
2011-03-15,10.128782058133313,10.223752101817432,10.104006647768802,10.203105926513672,10.217235819753082,10.059298614646067,52.20436248437805,-2.1773602988863265
2011-03-16,10.153555087852247,10.203104325664968,9.988389649191625,10.029681205749512,10.199373475562266,10.058137147630516,43.375086064014454,-3.033936563555291
2011-03-17,10.14529797095577,10.227881095076308,10.075102551724624,10.091619491577148,10.189111191373208,10.059450180726463,46.833591795907275,-2.200867045478806
2011-03-18,10.198977929984268,10.273301801650948,10.120524035503164,10.24026870727539,10.193983335744845,10.066541103336226,54.08213533920889,0.3642300788542044
2011-03-21,10.306334620797587,10.421950841810068,10.281559997570296,10.384788513183594,10.212155257405678,10.079021393918476,59.81794816984333,3.54056425273534
2011-03-22,10.393044723163394,10.5623393889452,10.38478625469333,10.500402450561523,10.239607371039568,10.095546141237811,63.722069431526684,4.050717125487746
2011-03-23,10.488015660743562,10.591244162891767,10.45911180615342,10.57472801208496,10.2715236225677,10.114337587153386,66.0085798714024,3.266118442496979
2011-03-24,10.587116042839677,10.723377648517202,10.56234142023587,10.70686149597168,10.312984372415698,10.13757381887175,69.66859275283657,3.101391832671518
2011-03-25,10.723377800476948,10.74402397591524,10.649053931612288,10.6614408493042,10.346170703547937,10.15811762398675,66.9980438341243,1.5336402533225193
2011-03-28,10.723378457275745,10.81422005962608,10.69447459746286,10.7564115524292,10.385241260584248,10.181580130984493,69.62026047428577,1.7180918519758557
2011-03-29,10.748154548741388,10.768799939178184,10.68208835425824,10.723379135131836,10.417444867684019,10.202827150754977,67.60809824708825,0.15427153107725175
2011-03-30,10.777054962191752,10.84725036981701,10.744021875519332,10.781184196472168,10.452086708520985,10.225507819214476,69.28127100247723,1.1231441308965626
2011-03-31,10.760539649989974,10.777056589605818,10.710990406284502,10.74815273284912,10.480283472742713,10.246003698180541,67.14686652574899,-0.07678043499753179
2011-04-01,10.690343360363515,10.793571861834996,10.677956444232356,10.727505683898926,10.503828445233781,10.264886128993027,65.78263834177443,0.038481794918268655
2011-04-04,10.7357674405301,10.739896676361925,10.657313534867823,10.710992813110352,10.52355838503155,10.282380508762333,64.65131202899781,-0.6510544860627139
2011-04-05,10.686213383164413,10.818346517425004,10.673826467894074,10.781184196472168,10.548094176597322,10.30194143769213,67.2311019419608,0.30732223893782235
2011-04-06,10.830733223527895,10.87202477796371,10.793570903292752,10.85137939453125,10.57697848306722,10.323488024234841,69.61902859408625,1.1547298531684596
2011-04-07,10.855507700973764,10.863765381098476,10.69447073119409,10.777053833007812,10.596033278299657,10.341274918696527,64.27786287563909,0.6167590721991864
2011-04-08,10.75640977932358,10.87202598708785,10.75640977932358,10.834863662719728,10.618779029196807,10.360631340030771,66.43483743645471,0.4978995374657028
2011-04-11,10.929833334831262,11.045449538762544,10.90092948074118,10.950479507446287,10.650369550934853,10.383762640713734,70.29761155769575,0.9132489917823774
2011-04-12,10.942221946795687,11.066095842485725,10.90918885544028,11.024805068969728,10.686030076461984,10.408901559468871,72.48948186750475,2.2988772237836166
2011-04-13,11.057838766414209,11.057838766414209,10.958739486916263,11.016547203063965,10.717507898043126,10.43273080039417,71.8550353778023,1.6768419612825194
2011-04-14,11.024807874257728,11.144552565551274,10.995903222842246,11.10326099395752,10.754246288130211,10.459026102102538,74.38980194449657,1.3952036201459614
2011-04-15,11.1239052841315,11.21061686093622,11.086742954766308,11.152809143066406,10.792204655266993,10.486233280179553,75.7345753313981,1.1610552140913266
2011-04-18,11.074356646326466,11.095002825007018,10.905061919001865,10.96286964416504,10.808458463733473,10.504924902296631,62.24206659238585,-0.48724485003790474
2011-04-19,10.94222161439642,10.946350849136786,10.752281541765504,10.892671585083008,10.816478761004857,10.520130654562763,58.12085415757893,-1.8966446793344416
2011-04-20,10.77705359340037,10.859635905807204,10.756407424620551,10.797698974609377,10.814690209919574,10.531015686721455,53.00717354734464,-3.1840423690725315
2011-04-21,10.85138160431696,10.85138160431696,10.72750691578356,10.760540008544922,10.809533047883892,10.540016640518454,51.112313749983116,-1.8455900889764605
2011-04-25,10.772926155220569,10.805959243203253,10.715118448143611,10.768796920776367,10.805653416730795,10.548988416214844,51.52696348356024,-1.1372294054681777
2011-04-26,10.760537991311482,10.905058040389015,10.75640875704402,10.855508804321287,10.81040154888227,10.561008823591568,55.76971217210733,0.5353902701663515
2011-04-27,10.892673529034052,11.028935149499992,10.888545081127903,10.99177360534668,10.827675078069356,10.577901560130984,61.47616630366729,2.148903276398171
2011-04-28,11.000030692114835,11.028934551317036,10.942222973710436,11.004159927368164,10.844483158954958,10.594617574532442,61.9566391027609,2.185601681629897
2011-04-29,11.028930877468992,11.148676297213807,11.008285495650632,11.08261013031006,10.867161918131634,10.613754537504114,64.93925187706343,2.0920376012073256
2011-05-02,11.07435459225124,11.148679246573094,11.024805347750698,11.057838439941406,10.885321586875422,10.631169592501655,63.252913265309274,0.6010388947839223
2011-05-03,11.082608805896191,11.148674964904783,11.02892955947,11.148674964904783,10.910402860973457,10.651463920831189,66.67075915534836,1.313276419921885
2011-05-04,11.140418006222042,11.148676474108754,11.02480260609144,11.086739540100098,10.92719683041409,10.668533552959381,62.40852988693014,0.03726026397647678
2011-05-05,11.066096449027404,11.107388012377646,10.991772580082246,11.016547203063965,10.935706389714078,10.68218114708113,57.891514373540225,-0.3734114682693827
2011-05-06,11.099128051711867,11.214744256052445,11.082611901132331,11.132161140441896,10.95441636597387,10.699827421330571,62.682504655813645,-0.1481236515987002
2011-05-09,11.13629033653566,11.214744217337753,11.12803265505988,11.206485748291016,10.978422973813599,10.71969637532902,65.4073776847622,1.0800849768121894
2011-05-10,11.231263591266517,11.251908980789974,11.1651973997061,11.218875885009766,11.001323251070376,10.739272042375324,65.85497693347551,1.836588889570848
2011-05-11,11.223002402776665,11.260164724976926,11.14867775837614,11.173452377319336,11.017716501189325,10.75629872217705,62.65427083922569,0.37091842595983615
2011-05-12,11.169322963962614,11.301456100541676,11.111515258164284,11.293197631835938,11.043952799346146,10.777353581379359,67.18246901394615,0.7737651703893471
2011-05-13,11.305585756013716,11.40881426315894,11.2312618924288,11.276681900024414,11.066117475601219,10.796935084071322,65.99393208150559,0.5152567477093372
2011-05-16,11.239518587257454,11.396426345376442,11.22713167153344,11.35100555419922,11.093249673562934,10.818663337801828,68.67929031721945,1.5890628150015171
2011-05-17,11.326230724807113,11.48726692679573,11.322101490452155,11.4212007522583,11.124483109629159,10.842292256015808,71.00786933041327,1.1334532928168883
2011-05-18,11.417072951081408,11.520301460200717,11.379910624792776,11.507914543151855,11.161000389012273,10.868395090805457,73.61729078160441,2.050537961232557
2011-05-19,11.54094731943439,11.57398040994774,11.474881138407692,11.55333423614502,11.198365517310629,10.895255449446225,74.89201618231823,1.782473640592564
2011-05-20,11.561593781630858,11.565723016775683,11.437719877570386,11.454236030578612,11.222734137621865,10.917176256549457,67.25650963634476,0.2892452294368322
2011-05-23,11.375781043854412,11.573980373887998,11.359264892434696,11.499655723571776,11.249107621998046,10.940018588589549,68.82530958999749,-0.07176643126008066
2011-05-24,11.516171980397,11.55333430589525,11.47075197289881,11.528559684753418,11.275722104165224,10.963098631576367,69.81639605173673,-0.2144363772848663
2011-05-25,11.483143466593392,11.56159738364524,11.38404415495642,11.52443504333496,11.299409050752818,10.985111824194352,69.47695552672779,0.6128650795124356
2011-05-26,11.491397928643806,11.499656398623952,11.40881480398444,11.466623306274414,11.31533421794535,11.003994627413178,64.72682980666177,-0.28724701061834645
2011-05-27,11.491399607725649,11.55746580207808,11.483141136538803,11.536820411682127,11.336428141158377,11.024889756208038,67.62156014099688,0.07165445775185618
2011-05-31,11.565722220385242,11.598755311698186,11.52030142449081,11.5863676071167,11.360231899821075,11.046908495459359,69.52274366497376,0.5374021680790169
2011-06-01,11.598755100964446,11.615271252535331,11.520301215182473,11.528559684753418,11.376263117433679,11.06579677739246,64.74597851464516,0.5401448780925155
2011-06-02,11.528560915151118,11.528560915151118,11.363395443959773,11.384040832519531,11.37700385220376,11.078276936417051,54.63879942543419,-1.3242780394491713
2011-06-03,11.31797421702032,11.46249429419922,11.293199594169126,11.396428108215332,11.37885378134772,11.090753452958161,55.28315311256433,-1.6393360312916412
2011-06-06,11.400558584413508,11.400558584413508,11.251909255981444,11.251909255981444,11.366763826550931,11.097073288370838,46.91082513432183,-2.39969637436883
2011-06-07,11.31797024745931,11.338615627999156,11.189967155456545,11.189967155456545,11.349926048351467,11.100716185119298,43.84584291367128,-1.7047872536489652
2011-06-08,11.152810656145467,11.293201522222487,11.123906793289231,11.268426895141602,11.342164224236242,11.107293075708409,48.44104496350977,-1.1231695743463548
2011-06-09,11.251906714881516,11.412942925934177,11.231261329515624,11.338618278503418,11.34182651511883,11.116364652288606,52.20887718432596,0.7706160843403573
2011-06-10,11.355136943181844,11.38404080211675,11.148679907851264,11.152809143066406,11.323824860637647,11.117793848005382,43.2074044331006,-0.3320654285568586
2011-06-13,11.11092864754339,11.358024366645411,11.089987858495256,11.278450965881348,11.319503537327522,11.124094127137774,49.54241738525178,0.08895714400088965
2011-06-14,11.33289514680046,11.533922722773072,11.328706989091716,11.462725639343262,11.333143737519498,11.137373794283087,57.10068481508364,1.0945545373472494
2011-06-15,11.429223315922924,11.433410675606096,11.09836598428362,11.144434928894045,11.315171470031359,11.137650701522734,44.657462663065665,-0.07508614255779382
2011-06-16,11.073236026066173,11.320331745168192,11.056483394827666,11.278450965881348,11.311674279159929,11.14317228051719,49.63420047353752,0.0
2011-06-17,11.362209479201654,11.416654721152907,11.33289317913987,11.341269493103027,11.314492870964033,11.15094079865781,51.821241652504035,-1.0595747474175174
2011-06-20,11.349649677465202,11.475291234521128,11.3454615190554,11.441786766052246,11.326616099067673,11.162346522869358,55.17534050296372,2.668164326459126
2011-06-21,11.45853615354824,11.563237687703294,11.38315092114711,11.43759536743164,11.337185553197575,11.173140595205133,55.003386363645376,1.4110483969095018
2011-06-22,11.332890168068344,11.416651687826516,11.307762031664511,11.38314723968506,11.341562856672573,11.181376149890621,52.70548139065103,0.36925096090433407
2011-06-23,11.224002835095936,11.253319932245804,11.11092579846903,11.244943618774414,11.332361024491796,11.183868991807632,47.30345553745594,-1.720388181519561
2011-06-24,11.224004520115168,11.240757149572962,11.15280744253822,11.21981716156006,11.32164256135544,11.185278723954786,46.37285934950761,-1.9040558690483143
2011-06-27,11.21562633538397,11.236566318414106,11.169557414146691,11.211438179016112,11.311146905894551,11.186304584937584,46.047532821067634,-1.5084497903209022
2011-06-28,11.06904350530124,11.106736111921604,10.855452334055542,11.039727210998535,11.28529741114255,11.180556452626249,39.87396207531191,-1.824966089054037
2011-06-29,11.048102809336788,11.11511250958348,10.897333180506797,10.930837631225586,11.251539336864743,11.17076355766936,36.529355482938556,-2.5756171083120685
2011-06-30,10.939217479105842,11.073235325294869,10.897336702469428,11.060670852661133,11.233361385988209,11.166446196688646,42.700820193626896,-1.3447634812557978
2011-07-01,11.035541398859756,11.119302143400358,10.972720640751984,11.110926628112791,11.221700932857217,11.16426895870528,44.93281434315617,0.6449381923433967
2011-07-05,11.0941774482537,11.265887946564318,11.056484821911416,11.140246391296388,11.213943357470471,11.163326897238266,46.24832926071778,1.9157613271337492
2011-07-06,11.119301126121432,11.291011555350952,11.119301126121432,11.232378959655762,11.215699129107167,11.166034821254637,50.26873432529516,1.5524203665577567
2011-07-07,11.303573990084931,11.345454750387471,11.249129560857977,11.307762145996094,11.22446703547754,11.171592755558224,53.34365922866106,1.7715490748113722
2011-07-08,11.249135047786822,11.278451354655337,11.20306610910233,11.261698722839355,11.228012910464379,11.175126322902583,51.258047490452896,1.090212256327246
2011-07-11,11.303579113929686,11.32451990297782,11.21981835416542,11.278450965881348,11.232816534789805,11.179178269686064,51.99316234206144,0.4101714017223463
2011-07-12,11.24913161784098,11.341268668307222,11.198874536526258,11.265883445739746,11.235965764404085,11.182578472668562,51.36726938770554,-0.3703535652381605
2011-07-13,11.345458329967231,11.345458329967231,11.211440493762696,11.249133110046388,11.2372197973224,11.185188458448085,50.494782430133874,-0.11157830716500351
2011-07-14,11.265883603643674,11.316140685662804,11.215627320433764,11.244943618774414,11.237955399365449,11.187531798068726,50.26481885924978,-0.29709174786765746
2011-07-15,11.249133632597188,11.249133632597188,11.085798688177436,11.177936553955078,11.232239318850175,11.187155513985838,46.608674940755456,-0.7806479820978935
2011-07-18,11.14862270799679,11.17375085928847,11.07742561366242,11.140246391296388,11.223478087654575,11.185315940547037,44.641729675603045,-0.967956532159401
2011-07-19,11.177934204063094,11.32870384569648,11.165369734423152,11.316140174865724,11.232303048341352,11.190446302677183,54.32848074953413,0.6331428462872994
2011-07-20,11.27425972718888,11.27425972718888,10.893146257562217,11.043916702270508,11.214361491572701,11.184700043837706,42.06144615210476,-1.198967725730651
2011-07-21,11.089985113308776,11.156994024056743,10.993659903959724,11.136054039001465,11.20690363894687,11.18279235737354,46.46726119036219,-0.037632491667321084
2011-07-22,11.15280423205052,11.15280423205052,10.989470135901678,11.039727210998535,11.190982074380361,11.177181959476481,42.80266824533139,-2.442643512680499
2011-07-25,10.930835994249003,11.014596709097606,10.90570785967532,10.989468574523926,11.171790312489273,11.169820650262656,40.98645375944257,-0.49301465426109287
2011-07-26,10.96015796822156,10.98947427356218,10.909900874202345,10.95596981048584,11.151235978965136,11.161434342820428,39.77499349318751,-1.6171278253941788
2011-07-27,10.901524569192738,11.0020379511531,10.897336411759886,10.935029029846191,11.130644840953808,11.152555703095949,38.998977243108754,-0.9483765237245738
2011-07-28,10.914085834916303,11.077420743526623,10.914085834916303,10.98528289794922,11.116800846381942,11.145995985247058,41.92714007819193,-0.03808807083181984
2011-07-29,10.964341618213169,11.136052020735695,10.935025324925286,11.01459789276123,11.107067231751397,11.140843118875065,43.62708028476028,0.5351245329215705
2011-08-01,11.110923228424262,11.127675052682996,10.817758715210594,10.951776504516602,11.092277638681416,11.1334287418414,40.86632205308868,0.15315436863221313
2011-08-02,10.893146006932984,11.073232745344631,10.82194894288208,10.964343070983888,11.080093394138794,11.126797931219537,41.6616028682593,-0.19061709343180563
2011-08-03,10.939213859613933,11.064855349142409,10.84707602173788,11.039727210998535,11.076248995744484,11.123383393171654,46.32503261770619,0.22814557991099813
2011-08-04,10.960157588379104,11.106739908811573,10.662804789923598,10.675369262695312,11.038069973549325,11.105814211584347,32.71341420953251,-2.5238575833545953
2011-08-05,10.67537125955242,10.914090695202423,10.65443126649206,10.842893600463867,11.019481747541185,11.095503599383544,41.25947883071426,-1.1076766727723615
2011-08-08,10.461778110027357,10.646053051578946,10.235623189822151,10.277503967285156,10.948817197040611,11.06342518243851,28.228437245292536,-6.904366649150531
2011-08-09,10.29844600579714,10.549729921766264,9.716305559536146,10.545541763305664,10.910410012875378,11.043116028747026,38.194337563240865,-1.2161405961227578
2011-08-10,10.428273797037455,10.457590102038234,10.16442625322108,10.202118873596191,10.842953713896408,11.010135748152875,32.05314556402563,-5.909628467075089
2011-08-11,10.21886753840146,10.54972470386055,10.156046790182778,10.453398704528809,10.80585323681378,10.988302922912716,39.693771503811185,1.711453849140334
2011-08-12,10.65024216882992,10.658618484839137,10.4910953598927,10.553916931152344,10.781859302941262,10.9712681781378,42.48020561201335,0.07941903825009708
2011-08-15,10.654428370134948,10.780069891961086,10.583231294750988,10.763318061828612,10.780093470454343,10.963113271615871,47.88262200828855,5.500810127637735
2011-08-16,10.71725217431767,10.792637428343465,10.63767876186716,10.754944801330566,10.777698359109221,10.954949802192917,47.68973812936905,2.8846703863989864
2011-08-17,10.813572755796486,10.960155042175757,10.801009084752875,10.888957977294922,10.788294513222146,10.952361887491035,51.08590930784384,3.174565882299362
2011-08-18,10.692120986444651,10.851266967345046,10.599983124883458,10.763318061828612,10.785915803565619,10.944948404131726,47.943265851600195,0.0
2011-08-19,10.666993211196072,10.989474164357166,10.666993211196072,10.76750659942627,10.784162546028538,10.937989901986414,48.05798403230454,0.11680020983602836
2011-08-22,10.985284858434428,10.989473015690765,10.754941801001168,10.830327033996582,10.788559163930257,10.933767828731911,49.84326983005391,-0.5384440221056411
2011-08-23,10.880582007144811,11.07742138033282,10.82613756701765,11.069045066833496,10.8152721070639,10.939072818461385,56.028167114147344,2.8404531320980375
2011-08-24,11.022978450438234,11.119303679430551,10.997850303485755,11.08579921722412,10.841036593745825,10.944826794883454,56.4342089154562,2.9560475757201723
2011-08-25,11.119302361962042,11.119302361962042,10.842890381807251,10.893147468566896,10.845999534204974,10.942800154635746,50.64322019389894,0.5800418987637203
2011-08-26,10.876391939540438,11.052290498076818,10.72562231708717,11.01459789276123,10.862056520734141,10.945615752209294,53.85776627805177,-0.4918868226077359
2011-08-29,11.12349265436639,11.224006048371,11.0983645055676,11.215630531311035,10.895730236027179,10.95620456707603,58.65754604416614,1.171149788507766
2011-08-30,11.21143865762709,11.391525395087008,11.148617907045743,11.316140174865724,10.935769277821326,10.970319688950136,60.85023820177145,3.883108234047226
2011-08-31,11.3580242401229,11.479477620011458,11.32870713578209,11.387340545654297,10.978776065233989,10.986673448036575,62.372690800993254,3.3840786247678825
2011-09-01,11.416655104157496,11.458535876569028,11.328705402212355,11.345458030700684,11.013698157183198,11.000743431670461,60.87309161676456,1.1575586323676128
2011-09-02,11.257510140190805,11.3245198661173,11.177937538495168,11.19050121307373,11.030536543458487,11.00818491329412,55.55152703956075,-1.1102633923804746
2011-09-06,10.947589209731287,11.24494190209743,10.893144778097287,11.236565589904783,11.050158357405753,11.017141018259244,56.761630440889455,-1.3240576686454952
2011-09-07,11.416654307398115,11.441782449567643,11.261695699932684,11.303576469421388,11.074293415692956,11.028373781049917,58.53035714447486,-0.36914826326062866
2011-09-08,11.282639146049274,11.41246884316729,11.236570208861508,11.311955451965332,11.096927895337945,11.039494630889736,58.75753536070961,1.0853333249247854
2011-09-09,11.249131586007232,11.270071570523736,11.006224091093436,11.043916702270508,11.091879210283903,11.039668045453688,49.429077094636476,-1.7144819392800612
2011-09-12,10.914085741697592,11.127676928972027,10.89314575814113,11.115113258361816,11.094091976767514,11.042626681254006,51.6259495417552,-1.6672883274546397
2011-09-13,11.132130137598326,11.166160307987989,11.017278008279495,11.13638401031494,11.098119789486317,11.046303439256397,52.292751508274925,-1.5520874564608431
2011-09-14,11.208700520735295,11.38735915472816,11.127878545243815,11.29377555847168,11.116753672246828,11.056008228245231,57.0143706791571,2.2624116329110273
2011-09-15,11.35333015219758,11.442659072765975,11.293776727141804,11.429898262023926,11.146576966511313,11.070670582511063,60.642386596325764,2.8320449494772264
2011-09-16,11.514965938168842,11.566011582494744,11.36182981653413,11.442651748657228,11.174774564810924,11.085258079222678,60.974720740017986,2.750154251672823
2011-09-19,11.332060782054976,11.476689253650628,11.272508168342712,11.429898262023926,11.19907205978359,11.098773380509002,60.42524401218928,1.2052896114987677
2011-09-20,11.472434204824337,11.566017801181635,11.412881597210369,11.463927268981934,11.224296365421528,11.113093140841274,61.42413968428367,0.2977192462952176
2011-09-21,11.43840088790468,11.455416377606072,11.106606952159613,11.11086082458496,11.21349298057995,11.113005599027302,47.911662387725755,-2.8995981994401268
2011-09-22,10.8811566809457,10.991754930984127,10.749289879929703,10.932202339172363,11.18670339568399,11.105915275111423,42.78284281569571,-4.354333795823604
2011-09-23,10.944961517678502,11.021529587961028,10.885408934722356,10.961977005004885,11.16530088228598,11.10027063706803,43.86140612746462,-4.378519264817573
2011-09-26,11.013020771529856,11.076828031445284,10.949214322957442,11.059812545776367,11.155254374046969,11.098684045252671,47.37192482642225,-0.4594448586345141
2011-09-27,11.217204389293473,11.361831984571197,11.144890185983035,11.238472938537598,11.163179951617504,11.104165962636394,53.13524124406538,2.8015452866967423
2011-09-28,11.272502968265592,11.310787005518096,11.089590526135437,11.102352142333984,11.157386826923835,11.104094832428457,48.75447258051864,1.2805640557812612
2011-09-29,11.229963274205112,11.310785207931534,11.12361892348093,11.246978759765623,11.165919391956386,11.109698123696582,53.17202277796655,1.6923090985003444
2011-09-30,11.19593917964515,11.60004825585377,11.178924496210216,11.404374122619627,11.188629366305266,11.121254045222976,57.46896815330423,1.476189736713619
2011-10-03,11.361830629014175,11.55325079474595,11.289517245674451,11.29802417755127,11.199047919757266,11.128186207275066,53.871914899696755,1.7624376592341642
2011-10-04,11.11511472641342,11.29802719782283,11.034293578248125,11.289520263671877,11.20766433346342,11.134513033016118,53.58310795311725,0.3782482817380201
2011-10-05,11.31504272277407,11.383103064245589,11.178922039831034,11.272504806518556,11.213839616611528,11.139924475114253,52.97118831732887,-1.156304718551094
2011-10-06,11.27676088761076,11.463927268981934,11.246984583803776,11.463927268981934,11.237657488265853,11.152630467030633,58.68710718606072,1.4684257072161961
2011-10-07,11.497953345440616,11.740418374353554,11.442653819799652,11.66810417175293,11.278652410502717,11.172845122117783,63.748258497056305,3.3534100585237785
2011-10-10,11.795719375179107,11.825495674137825,11.663852560643386,11.753181457519531,11.323845653075747,11.195603409780597,65.63730492288722,4.264151217953029
2011-10-11,11.77870284071033,11.855270918175515,11.651089107820637,11.825493812561035,11.371621668264822,11.22030499420336,67.20170760931505,3.1539500826858515
2011-10-12,11.902065420542083,11.970125773734768,11.808482637738,11.812736511230469,11.413632605690122,11.243537602714227,66.62542920368284,1.2395530357680256
2011-10-13,11.75318257155512,11.799974366550185,11.659599792908365,11.744675636291504,11.445160513366444,11.263190074619219,63.49698413991155,-0.07237037272648786
2011-10-14,11.838259176569409,11.838259176569409,11.65534666946808,11.770198822021484,11.476116542762162,11.283072770595778,64.17631417620679,-0.46759138701519987
2011-10-17,11.719151417288645,11.787211761771092,11.642584138253364,11.66385269165039,11.493996175989611,11.29800531651949,59.23017239661425,-1.2603668882187715
2011-10-18,11.617062083955291,11.829750884964657,11.493703001268422,11.71064567565918,11.514629461672428,11.314187291387713,60.66664234346503,-0.2897479818614174
2011-10-19,11.723406483228285,11.757436658932471,11.578778033649645,11.621315956115724,11.524790080190837,11.326231552749595,56.56898210056873,-1.2649137721208852
2011-10-20,11.672362312921036,11.829751580570376,11.583032589345832,11.591540336608888,11.531147247468747,11.336635818783293,55.22989229973888,-0.6199697214391877
2011-10-21,11.71064493490774,11.753182043344236,11.617061349123436,11.67661476135254,11.54500129641006,11.349968326335029,58.26943664699712,-0.29059810405990516
2011-10-24,11.710643280202614,11.714897152713862,11.570268732704315,11.617059707641602,11.551864002241636,11.360442498150974,55.43225479972851,-0.036624496659373736
2011-10-25,11.55750746475557,11.612806186387996,11.400117422451634,11.485193252563477,11.545514407034192,11.365334684598523,49.6658560273941,-0.9174542895696279
2011-10-26,11.574525289738684,11.608556280107086,11.400120520817964,11.604302406311035,11.551113264108178,11.374705967802935,54.29113620087079,-0.619292119500648
2011-10-27,11.761688700828811,11.825495168920543,11.463924912619644,11.765942573547363,11.57157319834048,11.390048579792913,59.70289069786253,1.2815881957448136
2011-10-28,11.710640266734297,11.753177358214373,11.55325026969176,11.723401069641112,11.586032995607207,11.403121226453626,57.764475845883176,2.07404274215819
2011-10-31,11.651090203806737,11.84676428810686,11.646836331175948,11.71915054321289,11.598710857283939,11.415514532993205,57.56337579067502,0.9897030677121527
2011-11-01,11.536239641263766,11.6595987102369,11.485193977705135,11.527731895446776,11.59195095615659,11.419915213873738,49.24825755804874,-2.024577942749287
2011-11-02,11.659597046459046,11.659597046459046,11.468176849608204,11.566014289855955,11.58948079746129,11.425644589402452,50.77958128046485,-1.342501027220886
2011-11-03,11.663853934266314,11.706391856935475,11.591539709131755,11.6851224899292,11.598589530077282,11.435820193344679,55.29879174159869,-0.2903627968445089
2011-11-04,11.651090781385948,11.672360145594284,11.553254140057454,11.642583847045898,11.602779465026675,11.443928571921198,53.412592469912326,0.9963100516285177
2011-11-07,11.629820397104924,11.706388473510742,11.540490704183751,11.706388473510742,11.612646989644205,11.454221117081573,55.84536473357195,1.2136781101671557
2011-11-08,11.74892266291953,11.774445076523955,11.634070584685258,11.761683464050291,11.626840939587641,11.466278464021523,57.897288758588225,0.6552004413053941
2011-11-09,11.638330433119965,11.685121413536766,11.497955869182915,11.55750846862793,11.620237847115288,11.46985611126099,48.866991843400086,-0.7307259242075816
2011-11-10,11.638330134584958,11.782958567821542,11.625568515884096,11.753181457519531,11.632899143344263,11.480966909153482,55.95681677157614,0.3997217768287153
2011-11-11,11.825496833973274,11.906318804319096,11.804228278729129,11.81698989868164,11.650431596233537,11.494144281291842,58.00183158519563,0.4702254979093268
2011-11-14,11.77870341210984,11.825494386230432,11.697881458493242,11.748927116394045,11.659812121963109,11.50413576502134,55.064803505179015,1.6562276228108157
2011-11-15,11.723406790575444,11.855274434811747,11.723406790575444,11.812736511230469,11.67437634951238,11.516237755068758,57.25034289051818,0.5067143217876123
2011-11-16,11.757439083909214,11.868037380594616,11.69363259272167,11.69788646697998,11.676615408318819,11.523361233967238,52.317988692808356,-1.0078999197160006
2011-11-17,11.672356391347092,11.851014936517718,11.663848648400151,11.71489429473877,11.68026101654929,11.53087233438965,52.96424772218546,-0.28966748468280984
2011-11-18,11.757436752319336,11.83400485109777,11.680868653540903,11.757436752319336,11.687611086622628,11.53975721352415,54.62102874950791,-0.46813673409678497
2011-11-21,11.646834577420686,11.70638797394108,11.548997955674274,11.612804412841797,11.680486641500643,11.542621809575822,48.3816008267412,-0.7273284313225947
2011-11-22,11.621314482837562,11.697882571301005,11.549000267215789,11.642583847045898,11.676876851552572,11.54654188947661,49.65675248019507,-0.6172522420910461
2011-11-23,11.57452764165159,11.612811702251792,11.485198707813538,11.53624439239502,11.663483284013758,11.546138066061646,45.34866527451163,-1.8812974680104726
2011-11-25,11.549002411637048,11.676616186552565,11.527733854822843,11.591540336608888,11.656631574737103,11.547918547259577,47.8808035417676,-0.1831088811708041
2011-11-28,11.761686027884782,11.791462318804454,11.680864087286327,11.74041748046875,11.664611184806784,11.555467525032487,54.05329439327369,0.8403086008066425
2011-11-29,11.765941437155144,11.995645673711724,11.761687564847444,11.889301300048828,11.686010243401265,11.568559045621363,59.25070469727714,3.0604145998029697
2011-11-30,12.089229407776122,12.216842341950882,12.008407450082377,12.204081535339355,11.735350366442988,11.593481496198539,67.59652224902813,5.2843813759239024
2011-12-01,12.157289280674656,12.357216419562768,12.114751367135444,12.199827194213867,11.779586254802119,11.617259758865806,67.39561760361804,3.913061136960308
2011-12-02,12.238111408992484,12.242365281541112,12.038183455923052,12.084975242614746,11.808670920308083,11.635601542542236,62.03524611661557,1.6457985009187577
2011-12-05,12.136022794539944,12.191321523609831,11.965871111431523,12.004155158996582,11.827288466849845,11.650054625540447,58.50870220817726,-1.6381927289148854
2011-12-06,12.076467120829124,12.314679108062698,12.05094469767667,12.233857154846191,11.866009294278069,11.672948842375966,64.65807887877205,0.2789380545362474
2011-12-07,12.199826314317772,12.306170684824249,12.097735815992737,12.263632774353027,11.903878197142351,11.696112918139773,65.37447166862373,1.4783442096619992
2011-12-08,12.2296063036634,12.293412782979049,12.119008027556015,12.13602352142334,11.925987275645303,11.713364314346972,59.78160263285574,1.0985226422030068
2011-12-09,12.174303599172095,12.263632478799996,12.165795855014254,12.242363929748535,11.956118385559897,11.734109397303897,62.64925539678695,0.06953469208175253
2011-12-12,12.216844755169,12.297666728827677,12.19557619905307,12.280652046203612,11.987026353240251,11.755542442358788,63.654119558759355,0.13877838780509325
2011-12-13,12.30191449993994,12.442289010165004,12.259376597465646,12.331690788269045,12.019851537528709,11.778136495139583,65.00565250421485,1.612284835311168
2011-12-14,12.280652318705515,12.327443305467517,12.19557646966718,12.221098899841309,12.039017952987052,11.795507569833768,59.8153564184195,-0.1737003574575434
2011-12-15,12.306168145276,12.442288781619006,12.233853955800903,12.382736206054688,12.07175302470778,11.818536143803216,64.30169109174672,0.8312600948793583
2011-12-16,12.463562436528566,12.5358766556506,12.327441744379636,12.395502090454102,12.102586269064572,11.841162259358153,64.63748183341318,0.517457851325299
2011-12-19,12.48908330600491,12.6039346111321,12.459307011662927,12.480575561523438,12.13858524929875,11.866237290815615,66.87373744242052,2.123186006501414
2011-12-20,12.625204608315403,12.75281753659315,12.561398144176527,12.701772689819336,12.192222148395949,11.899003384894193,71.8570477198816,2.5764619261504715
2011-12-21,12.752815856758827,12.931474419620226,12.701771016708772,12.893190383911133,12.258981027968824,11.937991110345838,75.31742347298083,4.015071675396722
2011-12-22,12.949249649176425,12.970809841922383,12.763829030674094,12.858695030212402,12.316096647230117,11.974097146419037,73.5620456420704,3.029663710820159
2011-12-23,12.863005950768372,12.914751559655542,12.8026367591238,12.867318153381348,12.368593933530233,12.009125421201873,73.72689046081432,1.3033256664614927
2011-12-27,12.863007102844348,12.92337629989589,12.806950108792003,12.815573692321776,12.411163434367523,12.040750843598731,70.8712627629431,-0.601997560558881
2011-12-28,12.81126148932258,12.906128310367716,12.802637905792803,12.815573692321776,12.449678697029833,12.071136053352577,70.8712627629431,-0.33534769888631916
2011-12-29,12.837134985599311,12.880256194057456,12.785389370955809,12.845759391784668,12.487400667958866,12.101513439173443,71.615086420803,-0.16754665843880104
2011-12-30,12.802640623214094,12.854385425250316,12.733647005519927,12.785391807556152,12.51578077649194,12.128332198717864,67.88181951500135,-0.23550943165116492
2012-01-03,12.354182437093744,12.500794093974667,12.29381322160238,12.315373420715332,12.496694361656074,12.135667148600119,47.235297309972026,-3.903065782424783
2012-01-04,12.246376037597656,12.302433854034728,12.181694637643714,12.246376037597656,12.472854521269557,12.140008673658846,45.068258616670796,-4.66600172015007
2012-01-05,12.233442495687395,12.466295742739362,12.224818088119491,12.431798934936523,12.468944465428315,12.15145142900307,51.50691506160891,-2.7656006006062004
2012-01-06,12.40592705528594,12.427487252641644,12.336933436785117,12.384366035461426,12.46088937686004,12.160585335138691,49.89576294215852,0.5602153697592578
2012-01-09,12.319680062255909,12.362801263479923,12.254998671654135,12.289495468139648,12.444566147458097,12.165640634472062,46.746175969918184,0.3520995142531229
2012-01-10,12.414552343348529,12.505106165624891,12.41024013907791,12.466297149658203,12.44663576671525,12.17743108604799,52.734114252531114,0.2774997802187012
2012-01-11,12.466296054970202,12.500792863637049,12.375742240645533,12.436111450195312,12.445633450856208,12.187575414053768,51.66596823611651,0.4178285314380951
2012-01-12,12.474920462754111,12.496480659745094,12.380053622068692,12.436111450195312,12.444726593650408,12.197321925275006,51.66596823611651,1.1930187242898949
2012-01-13,12.40161809152792,12.505108546318407,12.371433478355986,12.487859725952148,12.448834511012478,12.208715564517247,53.53712036768342,0.17296696874048528
2012-01-17,12.53959690671084,12.587030308255532,12.444730926089925,12.461978912353516,12.450086358759243,12.218647460510827,52.443628562310245,0.20800281713297825
2012-01-18,12.474923933146476,12.492171931043712,12.418866089425157,12.487859725952148,12.453683822301425,12.229204804253623,53.46716825815385,0.4161129945166519
2012-01-19,12.48354091731212,12.487852297369974,12.30674472607288,12.336929321289062,12.442564346014533,12.233429295117759,47.10059335055702,-1.2086170727032097
2012-01-20,12.375738143920898,12.410234941168314,12.26793554971416,12.375738143920898,12.43619994581514,12.23901003428651,48.78916292205954,-0.6920310894373848
2012-01-23,12.38867410666865,12.418858701884831,12.289495915967327,12.336929321289062,12.42674560062218,12.242850006325826,47.167734221089084,-1.2086170727032097
2012-01-24,12.289501421912185,12.33262264402671,12.142889760204142,12.194635391235352,12.404639866394863,12.240959237106592,41.69617285920948,-1.1533982755997738
2012-01-25,12.160135784669173,12.388676811179666,12.160135784669173,12.362804412841797,12.400655537485047,12.245737479292288,49.19686105862159,-0.10450876488086294
2012-01-26,12.39298965832244,12.457671068760936,12.233442234072063,12.358492851257324,12.396640043558598,12.250159258585034,49.022730566883205,0.1747884696968385
2012-01-27,12.470604579736014,12.470604579736014,12.112699986982095,12.134260177612305,12.371651484897047,12.245614196586104,40.91235607752087,-0.49509650502909125
2012-01-30,12.082516128020064,12.289496931580535,12.07389172225456,12.242063522338867,12.35930977417722,12.24547495445876,45.574284298234986,-0.9766464506832344
2012-01-31,12.293809448049236,12.298121651041985,12.155822242155864,12.246376037597656,12.348554180217262,12.245510291052444,45.75865099892177,-0.9072045839979708
2012-02-01,12.285188847899851,12.388679284380247,12.25069203573972,12.259316444396973,12.340055348234378,12.246051708830661,46.34598150341136,1.0306047913444005
2012-02-02,12.30674934387207,12.33693395041427,12.21619470177663,12.30674934387207,12.33688334781892,12.24843200824405,48.54532635393875,0.5283898536808506
2012-02-03,12.375742240645533,12.461983851078248,12.319684412518912,12.436111450195312,12.346333643283339,12.255791986359787,54.07446396345207,1.549318851676191
2012-02-06,12.427487757673273,12.444736574233843,12.302437127484488,12.34986972808838,12.346670413264771,12.25948130956483,50.20149309696184,0.7386487175049202
2012-02-07,12.298122655529426,12.492166871240414,12.298122655529426,12.427485466003418,12.354367084954166,12.26606970785654,53.433989796959104,0.9810561567296898
2012-02-08,12.440423654087269,12.505105067529003,12.380053622068692,12.436111450195312,12.36215226259618,12.272738011477669,53.79297235805958,0.0
2012-02-09,12.44904730369024,12.69483715328084,12.42317408191426,12.634467124938965,12.38808701139073,12.286923466907524,61.200182427196594,2.3044566713388046
2012-02-10,12.526665636598445,12.608595868041563,12.5094176429871,12.595659255981444,12.407855796589846,12.299030752753561,59.20062995308423,1.3532406892615658
2012-02-13,12.651716753329945,12.668964746488069,12.548226326974808,12.604283332824709,12.426563180993167,12.311001442168116,59.51716985336053,1.3522867119911113
2012-02-14,12.599973324243894,12.63447013903941,12.535291899310923,12.62153434753418,12.445131863520883,12.323179203162864,60.18264843860702,-0.10236108319327027
2012-02-15,12.634464740253556,12.638776943068985,12.556847556981666,12.61290454864502,12.461110214485087,12.334540981417067,59.65435395253863,0.13691456963942977
2012-02-16,12.62583934996111,12.759514328232113,12.604278338969998,12.737954139709473,12.487476302601696,12.350361105271672,64.51521537580527,1.0605188994494563
2012-02-17,12.819888616403237,12.828513024232208,12.690525788843876,12.785391807556152,12.515849207835453,12.36742113281224,66.17984601501723,1.298237246836672
2012-02-21,12.789702252596935,12.828511260021388,12.750893245172488,12.772454261779783,12.54028778440158,12.383304784928614,65.28040680655965,1.2649720175033274
2012-02-22,12.785391807556152,12.819888616403237,12.746582794794586,12.785391807556152,12.563631024702016,12.399072903463027,65.78124217044746,0.3724119848947866
2012-02-23,12.781080205470566,12.828513628294624,12.7163987886452,12.80695343017578,12.58680458712809,12.415068218236076,66.64481299833751,0.1686426426672684
2012-02-24,12.841451103442964,12.932004928588867,12.789705473024666,12.932004928588867,12.619680810124354,12.435340246093048,71.18654228235843,1.2491778286223525
2012-02-27,12.897506504646826,13.01824574556088,12.85438528842975,12.949252128601074,12.651068554741185,12.455493653250226,71.75772096041003,1.2816214278867903
2012-02-28,12.949250863115138,12.949250863115138,12.863008439109164,12.944938659667969,12.679056183781832,12.47468757507053,71.37663282921427,1.077424308946639
2012-02-29,12.949250366537056,13.057052981176152,12.940625959973444,12.979434967041016,12.707663686949372,12.494481590441922,72.62857649792926,0.3667647724700023
2012-03-01,13.009620066438094,13.022556676779605,12.897505244217813,12.944938659667969,12.730261303398763,12.512146573548826,69.3614430779164,-0.03331056411804887
2012-03-02,12.957879266825088,12.957879266825088,12.871637633212904,12.91907024383545,12.748243107249875,12.528104364540459,66.93001099817033,-0.19983420943597613
2012-03-05,12.914755411810004,13.087239455434077,12.906131004011602,13.04843044281006,12.776832377303226,12.548509308786326,72.18160980931302,0.5315753416404225
2012-03-06,12.996680421347865,13.091547230096603,12.923374624800434,12.970808029174805,12.795306248910043,12.565070042919208,65.46376984808268,0.199841576595771
2012-03-07,12.979434967041016,13.009619567544974,12.845759955179764,12.979434967041016,12.812842317303469,12.58131964778673,65.84424057359959,0.4672528445641856
2012-03-08,13.05705116932376,13.186413959952269,13.044114561273483,13.134668350219728,12.843492415676446,12.603019596901749,71.85307695378316,0.6609063656172283
2012-03-09,13.143292755586575,13.186413959952269,13.082923562955749,13.134668350219728,12.87122345706152,12.623868567620102,71.85307695378316,1.2633007957280542
2012-03-12,13.169167389734053,13.242472375840023,13.108797368134054,13.126046180725098,12.895492287886622,12.64356180734971,71.04792357025688,1.1295654553250996
2012-03-13,13.152272789475257,13.161014945510091,13.01677270572683,13.156643867492676,12.920363866896722,12.663682672453357,72.23685979603746,0.16730926649228883
2012-03-14,13.130416668336302,13.182867930898944,13.034254630808483,13.09107780456543,12.936622337150885,12.680443265869517,65.98381605085794,-0.33187397269584984
2012-03-15,13.095448636874416,13.126046180725098,13.012400661801758,13.126046180725098,12.954662703205571,12.6979178899815,67.59493126157693,0.0
2012-03-16,13.134787502413182,13.182868523337856,13.08233623749338,13.126046180725098,12.97098493915981,12.714707234716544,67.59493126157695,-0.2325645284294624
2012-03-19,13.099822198625876,13.195984258709988,13.064854404149283,13.161016464233398,12.98908317964301,12.732209557442696,69.28234698475733,0.5342467649499271
2012-03-20,13.09981656210998,13.209090977043587,13.086704165884424,13.16975212097168,13.006289745483835,12.749368089345793,69.70670918176639,0.33297109917807455
2012-03-21,13.161010980325855,13.21783331003694,13.12604320041958,13.178494453430176,13.022690193859678,12.766196574211849,70.15112858818087,0.3995740376267732
2012-03-22,13.126047387089638,13.204724291700234,13.126047387089638,13.174127578735352,13.037112801943074,12.782193868506889,69.60184652430961,0.09962083504404172
2012-03-23,13.2921451644149,13.327112958047874,13.204725263483493,13.287774085998535,13.06098530518645,12.80202054370264,75.07219342391467,0.8961593501742208
2012-03-26,13.331478360053426,13.410156070651915,13.3052527344198,13.401413917541504,13.093407077791694,12.825526166206126,79.11873214483909,1.691539689143363
2012-03-27,13.440753879999422,13.51068944324832,13.35333400908946,13.379560470581056,13.120659781866872,12.84725300167181,76.54541756145044,1.559366194216144
2012-03-28,13.370816197540416,13.375187273762888,13.283396340486084,13.340219497680664,13.141570230991995,12.866585021123138,72.0050958580144,0.3946892183950597
2012-03-29,13.265914794650673,13.37081813812256,13.248430487223192,13.37081813812256,13.163403365004429,12.886358868848605,73.33013865334941,-0.2283026224486345
2012-03-30,13.392677654949368,13.550033145356212,13.375194174736372,13.493210792541504,13.194813596198436,12.91015698350323,77.84686709259559,0.849432402584087
2012-04-02,13.436382586935515,13.668044657531835,13.436382586935515,13.61996364593506,13.235304077125734,12.937992538892713,81.36641387064385,2.096998091395968
2012-04-03,13.61122528415454,13.641821996895365,13.532547546422194,13.589370727539062,13.269024710498432,12.963536781584727,78.13962351646002,1.634549114039403
2012-04-04,13.55003583559158,13.698649198548758,13.55003583559158,13.598116874694824,13.30036682137428,12.988422275432182,78.40331327258072,0.7774730845478832
2012-04-05,13.567515811016406,13.71175804846674,13.545660421282795,13.70738697052002,13.339130645102445,13.016616969357196,81.41892656068913,0.6418763431211584
2012-04-09,13.571882634338284,13.672415734376784,13.567512391190997,13.61996364593506,13.365876645181741,13.040277623340643,72.67540010197634,0.22512387813514326
2012-04-10,13.633082555586434,13.646194957885834,13.523808090035368,13.528179168701172,13.381334028374068,13.05941101727635,64.80662286280122,-0.5143190534257114
2012-04-11,13.624335525531873,13.768577735123351,13.606851217121894,13.64181900024414,13.406142120933122,13.082250546020186,69.24640568437887,-0.47834040446143067
2012-04-12,13.637450475744432,13.694272817843498,13.571885144640673,13.68553066253662,13.43275055346679,13.105908589805145,70.77371106239448,0.4814037563244724
2012-04-13,13.68116377488313,13.88660031902275,13.641824897652056,13.764212608337402,13.464318368216372,13.131724433669156,73.3402535979896,1.7447539442877724
2012-04-16,13.79043788383174,13.82977676002229,13.703018807395663,13.716131210327148,13.488300543655493,13.154642346479273,69.33339568544558,0.5447382792696333
2012-04-17,13.764209731472384,13.816661834716797,13.650564202524407,13.816661834716797,13.519573047566093,13.180603895037608,72.69267882191792,0.9581738217805603
2012-04-18,13.772950783152885,13.87785414753143,13.7336119172987,13.838515281677246,13.549948498433821,13.206404341572496,73.37544121422437,0.5398250917370774
2012-04-19,13.855997678435442,13.9040778594057,13.768577803347798,13.890965461730955,13.58242630446212,13.233249875696357,74.99161430057507,1.2746615552362945
2012-04-20,13.908453957222273,14.030840826087092,13.847260522789863,13.939050674438477,13.616390530174153,13.260928338392127,76.40565717509341,0.885806146128265
2012-04-23,13.899707558722309,13.921562945563922,13.803546357712484,13.882224082946776,13.641708011390593,13.28529287739427,71.27647767385642,0.31584892150534166
2012-04-24,13.886595701993915,13.95653127521956,13.816660128768271,13.855998992919922,13.662116676298147,13.307673509375668,68.97521850928828,-0.2517209398249861
2012-04-25,13.860372487981088,13.904082439924585,13.67242111191064,13.85163116455078,13.680165675179351,13.329005182127634,68.57808374369507,-0.627155406271731
2012-04-26,13.847259923950103,13.97401786603517,13.764211099599072,13.956534385681152,13.706486504750952,13.353614170502283,72.6509080518726,0.5352910476762953
2012-04-27,13.978387604184466,14.083291811041413,13.965275203600774,14.043952941894531,13.738626165431294,13.380686279184332,75.50071774663131,1.356480677218938
2012-04-30,14.061434146446851,14.096402767615649,13.982757249910511,14.07891845703125,13.77103495510748,13.408067933217545,76.55311356316109,1.640870232396501
2012-05-01,14.096403785728372,14.258129501825607,14.048322761846444,14.170709609985352,13.809099207952992,13.437975449953537,79.09221136835832,1.5345874440286154
2012-05-02,14.166337611684297,14.214418629612965,14.135740903437968,14.148853302001951,13.84145674071956,13.465853012778966,76.95526679173068,0.7469432612131
2012-05-03,14.170709208583837,14.249386942271856,14.135742253275664,14.227532386779783,13.878225849868151,13.495722792151549,79.1401940611962,1.0555777434332185
2012-05-04,14.188194607547322,14.25375994644522,14.14011358134164,14.175082206726074,13.90649788385462,13.522364337821138,74.09664541200172,0.030856582775794925
2012-05-07,14.166338854102648,14.1838231653184,14.070176809811691,14.074548721313477,13.922502725517369,13.544018627369857,65.48248955583331,-0.5251632701426149
2012-05-08,14.052701108557727,14.113894560649056,14.022104382512063,14.100780487060549,13.939481559950051,13.5658524257891,66.5744190871625,-0.8908916618387918
2012-05-09,14.02646958510202,14.030839829795717,13.873485176185984,13.877856254577637,13.933612483247916,13.578087870055317,51.62752677935625,-2.0968199535901375
2012-05-10,13.960902979813085,14.030837722482056,13.864740937035354,13.869112014770508,13.927469581488163,13.589500581612775,51.142489800829566,-1.459632636262577
2012-05-11,13.873479813937802,13.974012076995164,13.855996340826696,13.89533519744873,13.924409163960599,13.601494095959284,52.581260416467536,-1.4569781424534844
2012-05-14,13.838517928858336,13.943421313303933,13.816663369735585,13.85163116455078,13.917477925921569,13.611303392766795,49.94162645384694,-0.18897075705195354
2012-05-15,13.84725953953402,13.978388556491792,13.81229174609875,13.877856254577637,13.913704433412622,13.621756446171142,51.51453838479564,0.06304830329307566
2012-05-16,13.882226750528886,14.00461443926643,13.882226750528886,13.925936698913574,13.91486941107938,13.63368508353359,54.34681042542029,0.2202285949205628
2012-05-17,13.925935950913845,13.995871531093748,13.829773902893066,13.829773902893066,13.906765076966398,13.641374841155532,48.27312695077943,-0.15779557943796807
2012-05-18,13.838517364712462,13.947791823267488,13.821033884866596,13.847259521484377,13.901097881206205,13.649448750188036,49.38090080041587,-0.22047160982206854
2012-05-21,13.84288542211736,13.921563148498535,13.733610987409676,13.921563148498535,13.903046954281665,13.660119903062958,53.899029970931906,-0.031405789855272453
2012-05-22,13.912820790827276,13.943417498707776,13.834143065592984,13.882224082946776,13.901063823678342,13.66882987090154,51.28887603016157,0.3792555136619916
2012-05-23,13.86474323272705,13.952163134509256,13.812291958616106,13.86474323272705,13.897604719778219,13.676512747835874,50.12720840159663,0.12626116536306395
2012-05-24,13.908457970859727,14.105152400722222,13.847264518768398,14.100780487060549,13.916954792852726,13.693150698393705,62.4834049275252,1.287336318848235
2012-05-25,14.083291634166786,14.161969371472416,13.991499829046363,14.035210609436035,13.928217251574946,13.706564812552228,58.1717706634944,1.102031818353887
2012-05-29,14.070177743061915,14.078919899249644,13.943419813131452,14.043952941894531,13.939239698272049,13.71979571958526,58.58213776279055,1.2925569998618127
2012-05-30,13.965275783329307,14.08329239566907,13.960904705053991,13.995872497558594,13.944633298204101,13.73062225989794,55.365038241782656,-0.7439871119064846
2012-05-31,14.02209772258001,14.18819368011143,13.99149934367083,14.07017707824707,13.956589848684384,13.743938135127317,59.10290281446394,0.24913390888147266
2012-06-01,13.965276706124676,14.026470138626776,13.803550134043135,13.85163116455078,13.946593783528803,13.74816139118314,46.71232261176496,-1.369427668545061
2012-06-04,13.821034286570088,13.969646787522173,13.812292129544089,13.956534385681152,13.947540507543312,13.756332881163456,51.92253263266452,-0.2810693787350767
2012-06-05,13.952159889800129,13.98275659819895,13.78606311547891,13.899707794189451,13.942985011033421,13.76195542677232,49.120710598091414,-1.2115645958796764
2012-06-06,13.9871279148243,14.240645408630373,13.960902283419388,14.240645408630373,13.97133362032837,13.780727582923616,62.27397882658143,2.8084363455703483
2012-06-07,14.336809316971063,14.380520102928324,14.223164608274171,14.31495475769043,14.00405944293428,13.801677668208589,64.43223240337636,2.568118718476432
2012-06-08,14.306212807867936,14.42859967553028,14.271245845991272,14.38489055633545,14.04032907278201,13.824548761860623,66.38153860161263,3.4905968480058314
2012-06-11,14.498531267702203,14.533499887329858,14.40674114227295,14.40674114227295,14.075225460352575,13.847379835602283,66.99025342555028,1.1663497606780941
2012-06-12,14.459195247666145,14.62966311372604,14.384887758611807,14.612178802490234,14.126363873889495,13.87737195195083,72.10440235775437,2.0763184364248644
2012-06-13,14.634306332761422,14.784764948790244,14.56350237745959,14.722811698913574,14.183168428653694,13.910526451831721,74.4041959697675,2.3491394755818735
2012-06-14,14.722808270520614,14.983898111416677,14.69625616042813,14.90424346923828,14.251842242042702,13.949495746631978,77.65733030337144,3.453260678818856
2012-06-15,14.997175262343555,15.081256111129678,14.926371314370618,14.944072723388672,14.317768954551843,13.98849876532832,78.30908564517567,2.271351352762502
2012-06-18,14.93080247721726,15.045858297907923,14.886548939951748,14.97947883605957,14.380788943266865,14.027360728886409,78.89837182636556,1.7433296193344379
2012-06-19,15.054701972402576,15.054701972402576,14.95734592399916,15.010448455810549,14.440756515890072,14.065913188765787,79.42491305902031,0.7125822037963331
2012-06-20,14.97947700990599,15.067982385547458,14.917523753386853,15.00602912902832,14.49459200285562,14.102780480540789,79.12151281304948,0.41458849127976805
2012-06-21,15.032577078677514,15.098954825923194,14.970623839341885,14.997174263000488,14.542456980012275,14.1378547465196,78.47466928595013,0.11813112548562366
2012-06-22,15.063557183034462,15.063557183034462,14.961776596566608,14.988327026367188,14.584920793950838,14.17120660063127,77.79037822131657,-0.14737354122686414
2012-06-25,14.948498861244634,14.988326191827502,14.87769490555281,14.921948432922363,14.617018664329079,14.20064745679955,72.67033504821782,-0.5603127608442906
2012-06-26,14.9529207305362,14.988321854087015,14.833438773366634,14.899816513061523,14.643951792779788,14.228065851162764,70.99255029064231,-0.649173959251484
2012-06-27,14.913091694233811,15.063550250222118,14.90866549923778,15.045848846435549,14.682227702651765,14.260135772546011,75.08072222372061,0.3837774553969221
2012-06-28,14.979479799237533,15.103388023448412,14.873274679171002,15.059134483337402,14.718123586526588,14.291469055322144,75.42012648120898,0.9193574889480576
2012-06-29,15.196311925380952,15.311367708040764,15.121081780946271,15.289241790771484,14.772515796454673,14.330597397888786,80.39956394918097,2.613624653488731
2012-07-02,15.298095682817252,15.470680236816406,15.267119054566104,15.470680236816406,14.839007647917695,14.375306528827124,83.27639371771443,2.8235787473134337
2012-07-03,15.452970408101136,15.5104991241362,15.4441213946484,15.483948707580566,14.900430605980826,14.418782692699809,83.46749488251879,2.8209737067771825
2012-07-05,15.466250329146348,15.532628071615362,15.3733204768303,15.439698219299316,14.951789426296873,14.458818595703711,80.17697190087668,0.984067297690634
2012-07-06,15.355619505398424,15.506078089263733,15.311365987732689,15.475101470947266,15.00162866864453,14.49867282610542,80.82818125720713,0.028578149526598883
2012-07-09,15.475100161727257,15.581305218941704,15.46182326350124,15.559179306030272,15.054728729347934,14.540261315514238,82.3141182789658,0.4858618422888095
2012-07-10,15.714061513838256,15.749464323014136,15.612280969605882,15.67866039276123,15.114150792530152,14.584904416582749,84.18948201674012,1.5477127212448756
2012-07-11,15.71406880266724,15.802574178560503,15.603437504825566,15.629989624023438,15.163278300291417,14.625888150207874,80.44730750547944,1.000886187188864
2012-07-12,15.585736453645133,15.62998829377573,15.497231085284442,15.54148292541504,15.199297788398429,14.66179382766698,74.00529433903903,-0.11373595140954662
2012-07-13,15.590159427038314,15.767170146326984,15.559182804377697,15.762743949890137,15.252959327588115,14.704968342263967,78.61552057738223,0.5362929932950602
2012-07-16,15.740620958009098,15.811424921266363,15.718495036009886,15.749471664428713,15.30024621681103,14.745929256858664,77.72504138832606,0.7644409451278855
2012-07-17,15.753888350416954,15.864519593574654,15.753888350416954,15.846819877624512,15.352300851174219,14.789101438065169,79.55433599186019,1.9646577722010832
2012-07-18,15.806994620189036,15.895498275756836,15.780442510659284,15.895498275756836,15.404033939229706,14.832489549347196,80.42023491884096,0.8422031486949612
2012-07-19,15.860097498334808,15.926476929562758,15.762741449360233,15.904349327087402,15.45168302378758,14.874523266121322,80.58127352050782,0.9833832268068503
2012-07-20,15.873379442074482,15.953034118094129,15.798150963666911,15.891080856323242,15.493530436410024,14.914388269658653,79.52533479866324,0.2793051163610836
2012-07-23,15.811429166521808,15.886659347237464,15.660970493190584,15.70522403717041,15.513691731720538,14.945401437012055,66.399884171811,-1.1970322369612298
2012-07-24,15.806998150348834,15.904352530835268,15.660964047470086,15.740618705749512,15.535303824485203,14.976586427942937,67.49999435875615,-1.0294707313743023
2012-07-25,15.780448685792052,15.833551237532385,15.647691462391382,15.665392875671388,15.547693257931506,15.003598445500916,62.79424212724352,-1.4202179366675984
2012-07-26,15.669815784742852,15.84682652326723,15.634414649897684,15.767171859741213,15.568595981913383,15.033542500961321,66.22504600822496,0.39444087154813756
2012-07-27,15.833550616065128,15.970734031451189,15.811424694383406,15.8866548538208,15.598887303047423,15.066997887347968,69.75138384356657,0.9277662511318379
2012-07-30,15.877802485448134,16.014984198374467,15.829124449984167,16.001708984375,15.637251272697668,15.103653224486283,72.70646701232337,2.1468731194473643
2012-07-31,16.01498745929209,16.04153958079692,15.913206859006594,15.917633056640623,15.663954299739855,15.135574002217826,67.51579353073065,0.9542687695539588
2012-08-01,15.99285852479851,16.059237972014895,15.91320386337864,15.944180488586426,15.690642508201433,15.167284060506791,68.28570581762652,0.36210036219040703
2012-08-02,15.877799633799128,15.930902168359232,15.665387807459568,15.736191749572754,15.694980531189179,15.189594165960358,56.906043630301376,-1.6593054845673831
2012-08-03,15.873372361864886,15.926476580924392,15.829120534080984,15.895498275756836,15.714077459243242,15.217276680070023,62.11388839699315,-0.13905824317612947
2012-08-06,15.895505427418792,15.966311084688154,15.83797836303711,15.83797836303711,15.725877545318848,15.241617922539321,59.32611845228715,-0.6660870756282566
2012-08-07,15.846818313924452,15.877794923904055,15.43526999493983,15.466246604919434,15.701150789090333,15.250426890475797,45.20545283373326,-1.7154413783795528
2012-08-08,15.404299900858105,15.53263090158577,15.315794540008458,15.492803573608398,15.681308197139673,15.259931858441782,46.19082231839448,-2.5333883541267217
2012-08-09,15.461831564288218,15.470682271824142,15.35120025223896,15.364477157592772,15.651133812420921,15.264031674094761,42.23816590056194,-2.9896568526031158
2012-08-10,15.346773723811811,15.51050757143926,15.342347526576145,15.470680236816406,15.633947757601444,15.272135539299532,46.331336784797955,0.02866650203005574
2012-08-13,15.479528741891237,15.599010728768626,15.44412760953834,15.58130931854248,15.628934572929161,15.284260001230628,50.28351229939741,0.5712700384638539
2012-08-14,15.607858899839812,15.696364248501698,15.58573298469912,15.683087348937988,15.634091980168098,15.299900289376016,53.66417442807611,2.0736806601177884
2012-08-15,15.643266191547236,15.678669020204095,15.497233743587136,15.54591178894043,15.625693866717844,15.309547799162855,48.8434223383646,0.48628470741054347
2012-08-16,15.523784945630716,15.665392875671388,15.488382119070708,15.665392875671388,15.62947472471342,15.323502508045543,52.819036734948604,0.5396437193429225
2012-08-17,15.652113652819,15.683090277420016,15.563608287630627,15.669815063476562,15.633316661738482,15.33708339257225,52.96473322365721,-0.08462801466399114
2012-08-20,15.66096692209821,15.68309284499281,15.545911110186452,15.568037033081056,15.627099554247298,15.3461403980824,49.19907610957565,0.1423219457373158
2012-08-21,15.56803039572852,15.594582504741506,15.187458607037303,15.23171043395996,15.589443447553267,15.34165294850897,39.26456261159769,-2.7684108860426044
2012-08-22,15.129930418460454,15.222861959254192,14.961772119707888,15.010448455810549,15.534301067387293,15.328664537030601,34.35037831648529,-4.207877406306316
2012-08-23,15.014877291535038,15.063555324295642,14.802465438842772,14.802465438842772,15.464602436097339,15.308029278278138,30.48775871016599,-4.917585901237873
2012-08-24,14.771492681865569,15.107811114625637,14.612183328626667,15.081260681152344,15.42809369753115,15.299136392116342,40.19565873138098,-0.9877403687518848
2012-08-27,15.147632533812134,15.209585771840542,15.09452999951623,15.160907745361328,15.402647416372119,15.293715660871047,42.65940128170463,1.002363720136134
2012-08-28,15.187462427913625,15.333496532075973,15.13878439319284,15.271541595458984,15.390161147713725,15.292846089678418,45.987959337862534,3.168905602612129
2012-08-29,15.324649122398554,15.38217618662207,15.280395586726875,15.306947708129885,15.38223605822955,15.293399094323574,47.04735089840597,1.4964732176507696
2012-08-30,15.280389761837275,15.32021708470971,15.196310608261754,15.240562438964844,15.368743332585293,15.291327068623232,45.25504918097873,0.525395279368328
2012-08-31,15.271539002653636,15.302517309752332,15.010449151015033,15.02815055847168,15.336305925526853,15.281006421166309,40.00373230382731,-1.593755518825142
2012-09-04,15.054708855635702,15.258270060733054,15.050282657903251,15.22286891937256,15.325502401131207,15.278726519135182,46.17020349622401,-0.5492851374455795
2012-09-05,15.20073643843448,15.280391091108662,15.1432093911359,15.156484603881836,15.309405468059838,15.273932718537012,44.49128102109475,-0.5516714715727937
2012-09-06,15.227293032020638,15.33349982953289,15.187465693966017,15.306947708129885,15.309171395685556,15.275227424011243,49.01657771237168,1.8551660669984515
2012-09-07,15.306936816682834,15.32906272472539,15.125501669776156,15.165328979492188,15.295472117952855,15.270917681088928,45.27527931077435,-0.37798354689337027
2012-09-10,15.156482144947198,15.284814807668614,15.15205763744946,15.244987487792969,15.290664057937628,15.269900810763597,47.693687624407545,0.5839275150153599
2012-09-11,15.24941763776439,15.306946385115342,15.200739596782787,15.218441009521484,15.283785672374185,15.267882779342338,46.94907137646365,-0.5782125887932066
2012-09-12,15.299128538928532,15.299128538928532,14.9181061577964,14.927071571350098,15.249812900848081,15.25451763393088,39.634814610155324,-1.5710665325116338
2012-09-13,14.927070713592418,15.164649884168888,14.922588862062003,15.155684471130373,15.240848288494014,15.250641823624978,46.65685369688058,-0.5857860935215786
2012-09-14,15.187058459994136,15.187058459994136,14.667076614042797,14.765692710876465,15.195595376339963,15.23162421136033,38.44165358277105,-2.9749978881657824
2012-09-17,14.707423258560382,14.91362261700957,14.707423258560382,14.886726379394531,15.166179281392779,15.218098806185202,41.8629532390297,-0.2702820292829703
2012-09-18,14.882242943900836,14.980859051369784,14.841899446761635,14.92258644104004,15.142979963263947,15.206510085983432,42.87596058994674,-1.5380237727590182
2012-09-19,14.931549567016123,14.940514977227746,14.837413614782658,14.859827995300291,15.11601310917217,15.192914709878211,41.512677017210216,0.6375270450704013
2012-09-20,14.859831153558552,15.088443177623333,14.84190032932435,15.066030502319336,15.111252860900471,15.187938858601393,47.42744688928998,1.2044563616953998
2012-09-21,15.187062777859968,15.308093290635448,15.088444943010824,15.267749786376951,15.12615732999347,15.191068698906317,52.48925954744587,2.3130262753087063
2012-09-24,15.25430158146622,15.384297513968184,15.240854316027328,15.334988594055176,15.146046021808871,15.196712616363136,54.0764877221292,3.1976184307460582
2012-09-25,15.384295957303792,15.482913787151134,15.24533462524414,15.24533462524414,15.155502079278897,15.19861936180945,51.60111364219779,1.1901218632021338
2012-09-26,15.258784036556523,15.36636557222046,15.245335062115274,15.317056655883787,15.170888229431743,15.203263961577072,53.437387465173984,0.32294784887574773
2012-09-27,15.343946053091296,15.348429612565104,15.115334109257736,15.19602108001709,15.173281834249394,15.202979927006092,49.99044359069388,-0.9062120469522791
2012-09-28,15.15120252152943,15.182580615513649,14.895694207670582,14.967415809631348,15.153675546190533,15.193742118481593,44.19224672020996,-1.8229761592283997
2012-10-01,14.962931322436036,15.200508766469408,14.958447761240556,15.07947826385498,15.146609138349051,15.18926118300604,47.412199812887245,-1.551070792295758
2012-10-02,15.142232314010062,15.227402864986098,15.021201828394643,15.11981964111328,15.14405775765993,15.186537985284756,48.56275636250901,-0.5014565227473656
2012-10-03,15.164653278894184,15.303612937154163,15.124309766178497,15.263269424438477,15.155411249734076,15.18954706133,52.53917505405302,1.9766512708008737
2012-10-04,15.27222853332205,15.3529155254364,15.209472363894749,15.240850448608398,15.163548316293536,15.19155895887033,51.86436117379971,1.0701443506850092
2012-10-05,15.294641206692177,15.326019291405828,15.191541541207698,15.240850448608398,15.170910424133046,15.1934919584679,51.86436117379971,0.8004778520374427
2012-10-08,15.222920498176949,15.249816733748643,15.16016432515379,15.23188591003418,15.176717613266488,15.194997603627362,51.5572665736058,-0.20561462640532174
2012-10-09,15.204986472468226,15.245329962341165,14.958443683234536,15.025683403015137,15.16233340276636,15.188357831054335,44.96243571764366,-1.4117784720662228
2012-10-10,15.070512041914538,15.128786364482536,14.9181034590288,14.94499969482422,15.141634954390918,15.178814374731585,42.662897071909754,-1.9411695874962887
2012-10-11,15.003271647565546,15.016718908350466,14.568458642429556,14.662592887878418,15.096011900437347,15.15857039485499,35.76757743971718,-3.737508444576344
2012-10-12,14.671557110458249,14.891205375364848,14.6670752605519,14.846378326416016,15.072237274340077,15.146327568641698,42.30305731947997,-1.1933239360223757
2012-10-15,14.841902771447014,14.877762715838385,14.720872252917763,14.868797302246094,15.052862038902555,15.135444028783049,43.06408220594318,-0.5098855412122714
2012-10-16,14.91362224064922,14.949482179920048,14.81052256402645,14.909138679504396,15.039174099912254,15.126569309203495,44.48310974897996,1.6814610724805572
2012-10-17,14.976380127787923,15.057067137837077,14.918105796090703,15.0167236328125,15.037035960188467,15.122261635619534,48.19154450585603,1.1473862692384085
2012-10-18,14.940521453471163,14.976381399884657,14.81500736607921,14.832938194274902,15.017598077720509,15.110915618311902,42.91749585242913,-0.24117019851884386
2012-10-19,14.841903352991142,14.859834180878304,14.613289572374503,14.626738548278809,14.980373360630823,15.091928282232173,37.90523178984121,-1.8941411525925598
2012-10-22,14.63570601773092,14.770183825815602,14.599844356920014,14.75673484802246,14.959074454668121,15.07878344167493,42.467108357758335,-1.7313282920246913
2012-10-23,14.662591799450883,14.702935288788094,14.375705524153885,14.50121784210205,14.915469062995163,15.05613381031913,36.7517889494864,-2.2363765548546968
2012-10-24,14.496739316812343,14.546048227308104,14.268126443134822,14.402605056762695,14.866624871925405,15.03050523174829,34.804963146550215,-1.5323545353347965
2012-10-25,14.51915128926496,14.563978346627934,14.348811891240436,14.389155387878418,14.821151587730453,15.005354257478883,34.53625127390992,-2.490926779736103
2012-10-26,14.41605266282383,14.41605266282383,14.156061696273714,14.236748695373535,14.765494169410747,14.975212862886517,31.56256532612234,-1.823771972866101
2012-10-31,14.25019306160796,14.40708345745119,14.236744946969168,14.254674911499023,14.716844716276297,14.946956472636026,32.300931632868256,-1.027106864908524
2012-11-01,14.277094163314803,14.433985477085296,14.277094163314803,14.33088493347168,14.680086641723475,14.922796804433503,35.487548400506085,-0.4049609086564313
2012-11-02,14.416048649014288,14.451910287508277,14.20536665279323,14.20984935760498,14.635302138474096,14.894838081028464,32.84342780240845,-0.18894298371155535
2012-11-05,14.209857388963943,14.317439800285529,14.124687659380143,14.29054355621338,14.6024679877826,14.871140256525912,36.25358935006194,0.25162723763993083
2012-11-06,14.321916062566846,14.465359213110856,14.29950253592646,14.31743335723877,14.575321832492712,14.849426260475436,37.3944412947153,-0.09386424003372058
2012-11-07,14.263643981585464,14.308470186896171,14.04847922208056,14.075374603271484,14.527707810662118,14.819071293526262,31.865823303763246,-0.9463489087695813
2012-11-08,14.057442437427236,14.165024800368125,13.949860074486349,14.021581649780272,14.479505319149562,14.787797189849949,30.776836078780136,-1.8820971041102714
2012-11-09,13.958827974503832,14.187440871146524,13.815384789548926,14.111236572265623,14.444432105160615,14.761265400925073,34.777469154468044,-1.4401798131569092
2012-11-12,14.08882190469938,14.151578075503446,13.905035243068586,13.940896034240724,14.39647628888253,14.729094053211961,31.099869869375674,-0.9554173357453919
2012-11-13,13.90054801785067,14.151573474440406,13.90054801785067,13.976752281188965,14.356502573864095,14.6995904543091,32.71285379910344,-0.3197169171853685
2012-11-14,14.00365762577456,14.066413820871164,13.757114697904449,13.80194091796875,14.303687178064537,14.664388511707518,29.132123189725807,-2.1918394799274092
2012-11-15,13.586769635016552,13.712282828488354,13.452291885216448,13.66745662689209,14.24309379223859,14.62529314367554,26.709910726910522,-1.9614191704538249
2012-11-16,13.658490984003574,14.035029703046304,13.64056101666227,14.00365161895752,14.22028977573563,14.60091504466699,40.11481854337225,0.19245771283188567
2012-11-19,14.15606671843057,14.599844515930164,14.142618595480013,14.595362663269045,14.256011003119765,14.600697304220013,55.53105930124177,5.748624414609243
2012-11-20,14.622249767681112,14.738798397373936,14.514668258709396,14.725349426269531,14.3007099005626,14.605585622731759,58.08384683128344,7.740231619216785
2012-11-21,14.752248185964811,14.756730037115975,14.662595773143634,14.729835510253906,14.341579006247485,14.610458167340472,58.17308828568553,5.185675215693822
2012-11-23,14.788104921883663,15.00775146484375,14.747761435016733,15.00775146484375,14.405024002304273,14.626038296654325,63.37532136753443,2.825478277511599
2012-11-26,14.9091390557516,14.953966118443336,14.841901026680391,14.886726379394531,14.450900419170011,14.63626135872257,59.88246841230537,1.0959125549653097
2012-11-27,14.913618746592878,14.976374908097084,14.837413614782658,14.859827995300291,14.489845902610991,14.64502867780405,59.1028111254962,0.8825114506940219
2012-11-28,14.810519758422693,14.989822840765994,14.783623526581446,14.976375579833984,14.536182062346514,14.658022673962087,61.445125134162204,-0.20906452964166466
2012-11-29,15.0436224337516,15.128791309978643,15.003278921859202,15.048104286193848,14.584936559855784,14.673319992088823,62.8551434330047,1.084038912831015
2012-11-30,15.097410141368856,15.209475239383782,15.012241282469482,15.155684471130373,14.639293503786698,14.692236246168884,64.92692185448578,1.9909818331924973
2012-12-03,15.20947618200658,15.227407009194897,15.070514836263834,15.088445663452148,14.682069899945313,14.707773870376071,62.57763438783473,0.748312453976307
2012-12-04,15.052583911190505,15.115340088834593,14.90017531835017,15.012240409851074,14.713514710412529,14.71971373466921,59.93089194487172,-0.23832820175015262
2012-12-05,15.016723996909294,15.052585651124089,14.895693478901048,14.927071571350098,14.73385345907325,14.727845414539049,57.027807235382326,-1.5084300561664064
2012-12-06,14.940521228614772,15.007759268369838,14.83741982303017,14.873281478881836,14.74713231810264,14.733548789611316,55.20884420613686,-1.4260195474706319
2012-12-07,14.87775990730769,15.007755814889414,14.855347232546782,15.003273963928224,14.77152676056222,14.744126247427666,58.64202813755073,-0.05972756682584152
2012-12-10,15.007752170941512,15.057061069429574,14.949477862730433,14.98085594177246,14.791462873058432,14.753409764852952,57.818954358230364,0.36031427976530367
2012-12-11,15.016720130491354,15.057063626106691,14.720868399304647,14.774659156799316,14.789862519128992,14.754243074341046,50.761707833799456,-0.6630838139017987
2012-12-12,14.832931976454445,15.003271352953131,14.738797732854056,14.904653549194336,14.800794998182834,14.760141524335292,54.529782493483914,-0.6573259607936084
2012-12-13,14.909138679504396,14.958447592232144,14.832935239817912,14.909138679504396,14.811113444022983,14.765984550028199,54.658709981428174,-0.47872606576562293
2012-12-14,14.88672675620905,14.92258840727017,14.806039751299163,14.864314079284668,14.816180171190762,14.76984060999904,53.04007594221881,0.6068155043975566
2012-12-17,14.909141454174367,14.940521258095426,14.747769132457066,14.78811264038086,14.81350707301839,14.770557160210092,50.312382225048594,-0.7819095454236582
2012-12-18,14.779143147751126,14.792590410022015,14.456395173430606,14.608803749084473,14.794011518358017,14.764213889185559,44.511582902970424,-2.0144351519970387
2012-12-19,14.72087401096596,14.743286692634438,14.501225626667669,14.519156455993652,14.767834845751887,14.754603793766268,41.909926732531645,-2.322055504545865
2012-12-20,14.51466920281947,14.644663392117693,14.48329111816362,14.640181541442873,14.755677388198647,14.750116646616332,46.4596112478341,-1.0003379236782486
2012-12-21,14.590202457483054,14.631096896053648,14.267590871722236,14.472063064575195,14.728666500234509,14.739212584575505,41.587000806532714,-0.9360156167327994
2012-12-24,14.453885938020685,14.47206162743142,14.313027811745773,14.38572883605957,14.696005770313086,14.725350476790567,39.3071326460326,-0.9189763905257855
2012-12-26,14.376642334736225,14.394818025845334,14.18125798863658,14.231240272521973,14.651742389571075,14.705973606034936,35.55130475417147,-2.7932800407104565
2012-12-27,14.226695134254864,14.308484003928728,14.108555752133126,14.267589569091797,14.615156406668286,14.688782075174421,37.074807462906165,-1.4128842209367503
2012-12-28,14.167627265077856,14.276678813109486,14.12218890339851,14.12673282623291,14.568639875198249,14.666740928157108,33.745797384512365,-1.800367661438573
2012-12-31,14.094925235670924,14.285765647888184,14.058574722232615,14.285765647888184,14.54169947259729,14.651800721087739,40.26722533699554,0.38313860438074304
2013-01-02,14.594743189058262,14.785584449768066,14.531130013264672,14.785584449768066,14.564926613280221,14.657047141820302,55.19425716883383,3.6305703788845567
2013-01-03,14.808309593516508,14.85829189133593,14.726520694053775,14.794678688049316,14.58680776325823,14.662444457358696,55.41258619435098,4.728240209767762
2013-01-04,14.79921534934411,14.849197625561654,14.749233073126565,14.785584449768066,14.605738876259167,14.667273476668868,55.123319892295655,3.4987190340320984
2013-01-07,14.762867788025924,14.894637213612096,14.717428560815794,14.749235153198242,14.619405188348603,14.670487660062177,53.91191711621162,-0.24584281191802607
2013-01-08,14.721972495430778,14.749234296844728,14.55384996450856,14.603832244873049,14.617922050874741,14.667873722211624,49.24944443298798,-1.2899667995522444
2013-01-09,14.649269374575905,14.658355484861769,14.472059890745138,14.494778633117676,14.606194106326448,14.661085679502058,46.03385554725243,-1.9668198956785394
2013-01-10,14.808306477651133,14.903726262503458,14.690167944023882,14.858288764953612,14.630203121433798,14.668819133833493,56.280764781623546,0.7393848604530656
2013-01-11,14.881009226922007,15.0082356213722,14.858290475531565,14.962798118591309,14.6618788354488,14.680347721471055,58.70825801371719,2.4580251792763623
2013-01-14,14.985516016257469,15.085480596675994,14.971885112865678,14.990060806274414,14.693134261241715,14.692493332639815,59.34245591876355,3.4169695563691977
2013-01-15,14.93098466535181,14.99005477851232,14.894633293151855,14.894633293151855,14.712324645233156,14.700420389914797,56.09477304982485,0.244607765895425
2013-01-16,14.86737149733072,14.93552772021239,14.835564913320171,14.894633293151855,14.729687373606366,14.708036582198604,56.09477304982485,-0.4555620205472009
2013-01-17,14.962797266161308,15.040041363154153,14.876465322464098,14.990060806274414,14.754484843384274,14.719096355691773,58.71517499667474,0.0
2013-01-18,14.971882717433092,15.140003521241535,14.96733792814329,15.117284774780272,14.78903721780294,14.73471158781289,61.97366347710536,1.4948436611110476
2013-01-22,15.103650967484612,15.117281866072808,14.976422891788772,15.062756538391112,14.815105724525623,14.747576095678705,59.795301739426215,1.1287504830115858
2013-01-23,15.035500715150723,15.035500715150723,14.903729516821953,14.999149322509766,14.832633686238399,14.757441712417178,57.26662096091407,0.060630282643999465
2013-01-24,15.07638819979419,15.2263332918378,15.071843411148896,15.180895805358888,14.865801507107017,14.774047755277637,62.18713867220274,0.4207834378084699
2013-01-25,15.203616847507144,15.239968228850094,15.121827972814769,15.199073791503906,14.897541724668626,14.790715442972786,62.65036618826162,0.9049953955330616
2013-01-28,15.217251870370426,15.353566105141114,15.135462982842103,15.312671661376951,14.937077909117038,14.811184314282754,65.49511844689103,2.090267468680183
2013-01-29,15.29903902456921,15.376284855381307,15.289952911136762,15.312671661376951,14.972848742665601,14.830850484757036,65.49511844689103,0.8680374182631942
2013-01-30,15.294495967852985,15.394460548905275,15.267232427567032,15.312671661376951,15.00521283016192,14.849745432859779,65.49511844689104,0.7473999497031516
2013-01-31,15.371735378679736,15.41262807203558,15.285401737162786,15.303577423095703,15.033628505679424,14.867542765810207,65.00009894154336,-0.05939027808051654
2013-02-01,15.417173624568942,15.562575652583703,15.408085781151907,15.539856910705566,15.081840734729532,14.893908026394339,71.10966462244735,1.4836421386977354
2013-02-04,15.471701192382758,15.485333826147064,15.308123453844294,15.39900016784668,15.112046395026404,14.913715561353255,63.94365654569999,0.5637716812505955
2013-02-05,15.430802907006411,15.558030968191773,15.430802907006411,15.530767440795898,15.151924589861594,14.937913674272576,67.26681831959301,1.4845549600535028
2013-02-06,15.480785060106603,15.539855169032434,15.453521532911136,15.503503799438477,15.18540832410701,14.960093679181043,65.91317874195005,-0.23393465896102178
2013-02-07,15.508055033848882,15.74433383444228,15.48533628507305,15.726158142089844,15.236908306772042,14.990135422824526,71.03884202846403,2.1245403641612675
2013-02-08,15.730701796173497,15.84884206762344,15.703439989938504,15.762508392333984,15.286965457777942,15.020424558883722,71.78478872482567,1.4921410189257847
2013-02-11,15.78522993046604,15.812491738523349,15.748878541950152,15.789772987365724,15.334851889167254,15.05059508549086,72.3598428328936,1.8464805867794627
2013-02-12,15.767051308864364,15.830664493627005,15.69435027866002,15.748875617980955,15.374282720482844,15.07797863578459,70.05343633276998,0.1444566160778324
2013-02-13,15.748874703517943,15.80794482879445,15.7261559578975,15.803400039672852,15.415151036596178,15.106426533976286,71.36392164509337,0.259423477032086
2013-02-14,15.803398327676533,15.812486171606054,15.476244612858764,15.498963356018066,15.423133162255406,15.12182013484067,56.49753942029131,-1.841759419722823
2013-02-15,15.517140221649564,15.68526101378381,15.517140221649564,15.621647834777832,15.442039321543255,15.141421221112715,60.10439661522905,-0.8078531210054356
2013-02-19,15.676176269621088,15.80340265279606,15.648912730370965,15.79885959625244,15.476022204848892,15.167203118177019,64.66207591435935,-0.0287308010239164
2013-02-20,15.780683933475988,15.948804759181623,15.771596087041967,15.853384971618652,15.511961515969821,15.194112210468848,65.95096154510759,2.2867440064174884
2013-02-21,15.871557458718014,16.012416450000096,15.730698467435934,15.994240760803224,15.557892872620622,15.225489800678039,69.08761528413756,2.3851064238940536
2013-02-22,15.966980114345548,16.048768997192383,15.867015539015096,16.048768997192383,15.604642979722694,15.257775259364877,70.23091132662567,1.5818192409230778
2013-02-25,16.103294620345675,16.11692725660933,15.735246374486952,15.74433422088623,15.617946907452554,15.27685600295395,57.45452772096105,-0.6878704511853385
2013-02-26,15.69889208987924,15.762505269597698,15.553490041000146,15.585296630859377,15.614837357300823,15.288951713852203,52.1202420414698,-2.5568211461843133
2013-02-27,15.539862181173646,15.55349308425778,15.239970180016323,15.480792045593262,15.602071137138198,15.29647486411656,48.90700112362204,-3.5390686456916702
2013-02-28,15.471700606701528,15.48078845109066,15.24450969696045,15.24450969696045,15.56801766664508,15.294437014424163,42.52365917357589,-3.174631057201012
2013-03-01,15.235422873292752,15.321756534109037,15.189985381632011,15.217248916625977,15.534611119024213,15.291410030196785,41.8450605653601,-2.3615059947248884
2013-03-04,15.226334027216552,15.489876314843617,15.226334027216552,15.41717529296875,15.523426754637978,15.29634200128588,48.35433662897321,-0.410939908224016
2013-03-05,15.494420933304596,15.5852976531472,15.458071285365111,15.558035850524902,15.52672285900816,15.306604505177608,52.397144306017466,2.0566496384397723
2013-03-06,15.589837861723952,15.603468759029948,15.45352195534898,15.508049011230469,15.524944397315046,15.314504289728701,50.87517431662332,1.9109899312139886
2013-03-07,15.544405457522808,15.55349330415054,15.371741571584412,15.43080997467041,15.515979214206034,15.319065296981318,48.529487483316736,0.08843826085235258
2013-03-08,15.435350385685416,15.485332661293368,15.35356152256859,15.448981285095217,15.509598459052622,15.324160041613236,49.12379728359135,-0.7009532982018832
2013-03-11,15.458066096821163,15.585292421899377,15.448978254554335,15.567116737365724,15.515076390320537,15.333687755172157,52.92907060714687,0.38088431428402497
2013-03-12,15.571667886502736,15.626193229049711,15.512597754301368,15.521685600280762,15.515705838888177,15.34106021968622,51.33878618186137,0.5889232370790866
2013-03-13,15.618349075317385,15.618349075317385,15.507873686008743,15.618349075317385,15.525481385214768,15.35193429245607,54.47309743464898,1.0963039380827635
2013-03-14,15.613744735115676,15.655172785955472,15.48485824625708,15.558507919311523,15.528626769414458,15.360035218999421,52.23023113332687,-0.05530130080888559
2013-03-15,15.489460432291692,15.530888478033036,15.429619531566088,15.50326919555664,15.526211762380381,15.36565223768794,50.17647075497165,-0.1186495152548894
2013-03-18,15.415813103080811,15.475652256922771,15.346765764405612,15.406606674194336,15.514820801600758,15.367258294021523,46.714831726517,-1.3557284454454785
2013-03-19,15.420417941487818,15.526289256939611,15.420417941487818,15.5078763961792,15.514159429655848,15.372772729400255,50.56288411383584,-0.3254265987131027
2013-03-20,15.526285503323976,15.728821654882465,15.512476739065582,15.66898250579834,15.528904484526562,15.384388799062926,56.005973010636936,1.0688926841907251
2013-03-21,15.622953151777349,15.645970104242496,15.53549470262937,15.586129188537598,15.534354456337137,15.392300186885462,52.787108137941615,1.1652307230245402
2013-03-22,15.613746547688924,15.673587462725836,15.567716155166323,15.60914421081543,15.541477290096974,15.400803874098402,53.585124453592094,0.6530089101121584
2013-03-25,15.632159924435598,15.696603178478805,15.56311433336658,15.595335960388184,15.546606687267566,15.408432583364668,53.006242348205305,-0.4700148550354383
2013-03-26,15.668986708945338,15.816286087036133,15.63216098644909,15.816286087036133,15.572290439626478,15.424426838410609,60.38160016462149,1.4766777287320183
2013-03-27,15.733428844936492,15.89914107245342,15.719620077959071,15.839300155639648,15.597719936389637,15.440696380262729,61.067000973978736,1.4744943202251015
2013-03-28,15.81167576142696,15.88532542144264,15.751836619877375,15.83008861541748,15.619850286773241,15.455966663994289,60.61498765061124,1.5052747541031726
2013-04-01,15.738029383076803,15.853107110593749,15.687396657964634,15.788663864135742,15.635927770331575,15.469013613019444,58.51729793842623,-0.17464417846507763
2013-04-02,15.876123488932368,16.202943801879883,15.86231296808404,16.202943801879883,15.6899292971457,15.497795189053187,69.78060017720057,2.2958315245434475
2013-04-03,16.207545635400617,16.22595849199604,15.995803052393256,16.028024673461914,15.722128856794862,15.518588502167255,62.11221681503335,1.2503787114094655
2013-04-04,16.078662757624997,16.19374050323872,16.028028268603432,16.184534072875977,15.766167448802587,15.544704014744068,65.7400223167592,2.507306584944539
2013-04-05,16.08786401069056,16.133894391744015,15.931358256783732,16.037229537963867,15.791982885865567,15.564018741144846,59.924245279922566,-1.022741706336038
2013-04-08,16.060247661941,16.230562210083008,16.01881960904734,16.230562210083008,15.833752345314847,15.590157700711048,64.3783985847574,1.2636462742438954
2013-04-09,16.276597962307992,16.391675717408077,16.23056580669964,16.33183479309082,15.881188768912558,15.619243076882805,66.48003836630701,0.9101325966603409
2013-04-10,16.414688110351562,16.442307398993716,16.32262557082461,16.414688110351562,15.931998230001987,15.650436999763933,68.13635365813826,2.35363952043065
2013-04-11,16.39167413685556,16.483736683248022,16.32262678807446,16.396276473999023,15.976215205620752,15.679685606596681,67.3400474757926,1.0210013785786667
2013-04-12,16.35025264041882,16.543582485077316,16.34104620649017,16.529773712158203,16.028935063386225,15.713022395050075,70.07125258299646,1.2119821292284982
2013-04-15,16.460720087880773,16.460720087880773,15.977393903736786,16.023426055908203,16.028410396007367,15.725195087632747,52.23016359424262,-2.3836094345077354
2013-04-16,16.124687280394248,16.43309643939957,16.087863328302717,16.285797119140625,16.052923417258153,15.747179481025213,58.17295487982633,-0.6738075869457006
2013-04-17,16.207547017493102,16.24897507039223,16.13389734077763,16.175325393676758,16.06458074834564,15.76396951681547,55.066641961827706,-2.1443023035502096
2013-04-18,16.12929135192947,16.156908876977372,15.857707901297882,15.963579177856444,16.054961551156193,15.771797346660215,49.599610782611805,-0.373496141480259
2013-04-19,16.02342370580862,16.207547019648384,15.981995652903985,16.120088577270508,16.06116412507184,15.785455826291992,53.29086717769354,-1.0175034151405502
2013-04-22,16.138496085427896,16.26738253798376,16.08786162022489,16.239763259887695,16.078173566482874,15.80327180408006,55.94764937343635,0.39837137518190197
2013-04-23,16.304212470557523,16.400879101401717,16.120089150174064,16.354846954345703,16.104523412946,15.824902202129694,58.39819352400377,2.45100282417867
2013-04-24,16.304212470557523,16.47913111747664,16.299610133825354,16.354846954345703,16.128363750222164,15.84568434927542,58.39819352400377,1.456309473424402
2013-04-25,16.42388763556005,16.552774083147852,16.364046746631647,16.543567657470703,16.16790697948393,15.873052322145824,62.37840183322824,1.8707440048304542
2013-04-26,16.520560328317085,16.626431640036763,16.377865052321727,16.603416442871094,16.20938407123509,15.901694052370345,63.56878757362716,1.5198521222440566
2013-04-29,16.621832313508932,16.851987838745117,16.5711978170054,16.851987838745117,16.270584430045567,15.938960475365436,68.08546877939582,3.039715906771705
2013-04-30,16.82896711452274,16.842775879602048,16.700078868644532,16.805950164794922,16.321571642878837,15.972960071029338,66.44246539637243,1.5860092137123318
2013-05-01,16.805949033445206,16.985471747124667,16.700077744421897,16.718490600585938,16.35937344837475,16.002196562384498,63.31653169564134,0.6930751758879867
2013-05-02,16.736903181973958,16.95324984848304,16.71849032611221,16.870393753051758,16.408042048820178,16.036243511038116,66.2835487502617,0.1092210277076204
2013-05-03,16.957853604454222,16.96245594083175,16.787539063338087,16.805950164794922,16.44593805986539,16.066428085695247,63.92147186476976,0.0
2013-05-06,16.79214411847695,16.796748211546642,16.57579739882392,16.608020782470703,16.461374509637324,16.08766701498056,57.18148644525601,-0.6607643043527069
2013-05-07,16.6632562720763,16.84277725657082,16.64024107641362,16.787540435791016,16.492437931175772,16.11511303148293,61.17962910018234,-0.4911166773790001
2013-05-08,16.805948505176303,16.85658298006249,16.759918122159714,16.8105525970459,16.522734566020546,16.14238517130893,61.67366002800429,0.027385730683753485
2013-05-09,16.819761913111414,16.861189967318953,16.667858462368148,16.732301712036133,16.542693341831555,16.165519153298234,58.92748087555349,0.748318726194061
2013-05-10,16.709276783444892,16.90721050981292,16.709276783444892,16.88419532775879,16.575217340491292,16.193702532688846,62.42502195854944,0.5757537403258033
2013-05-13,16.856579895541312,17.05911775802442,16.815151856028514,16.994672775268555,16.615165477136745,16.22511313043707,64.77458142427024,1.0952654718501729
2013-05-14,16.994680886753372,17.095949866330155,16.962459257969318,17.059125900268555,16.657447422196917,16.257819513567718,66.10615030077089,1.953253018365822
2013-05-15,17.031503483635397,17.31229341661438,17.026901147202334,17.24324607849121,16.71323777041542,16.296463692584325,69.63710934220313,2.1265493780572267
2013-05-16,17.197216918612924,17.280073027899675,17.100552043094005,17.114360809326172,16.7514399645974,16.3285380893193,64.56644096993591,0.7042679529069417
2013-05-17,17.07753353183049,17.257056256188037,17.07753353183049,17.234039306640625,16.797401806696755,16.36404794097896,66.97142314627044,1.0253362768681877
2013-05-20,17.220236617730393,17.275473453051404,17.132778148809848,17.18801498413086,16.83460306169048,16.39636037404374,65.14036049693861,-0.32030566697789825
2013-05-21,17.192606546724555,17.220225825048498,16.967055252890848,16.994672775268555,16.849847796316965,16.419823605464323,57.9700008727627,-0.6993427063451606
2013-05-22,16.980871447118673,17.22483569995885,16.93944338947157,16.985475540161133,16.862764724302124,16.442006034275963,57.644938086797275,-1.4422838549736599
2013-05-23,16.856580910413218,17.022293078441315,16.805946441743927,16.967056274414062,16.872697252884215,16.462596239771575,56.95612076916478,-1.2855394291941271
2013-05-24,16.907219085318935,17.082137718353263,16.810554218094723,17.07293128967285,16.8917671611498,16.48653094761084,59.920736876533525,0.46048850389271595
2013-05-28,17.19721894162335,17.275470967406715,16.96706344562935,17.06372833251953,16.908144415565964,16.50916613917589,59.53688667075334,0.4607041597002947
2013-05-29,16.971665090646198,17.026903671713438,16.686272778920173,16.773731231689453,16.895343159958678,16.51954124084309,48.905432412323016,-1.1394141658865078
2013-05-30,16.80134851589115,16.865791763493764,16.74150760485438,16.769126892089844,16.88332256301879,16.529328913441002,48.75656554968663,-1.779450713110843
2013-05-31,16.704687774215415,16.84738307034207,16.60341878526316,16.61722755432129,16.857980181238077,16.53277591896572,43.9982864615209,-2.616666003450809
2013-06-03,16.598812777651794,16.80134895482942,16.39627484452732,16.782936096191406,16.850833125519348,16.542586121994177,49.758672747724376,0.05487666622774431
2013-06-04,16.78294161624257,16.84738488672471,16.621833440037214,16.667863845825195,16.83340747983419,16.547498973909118,46.2044511496533,-0.6038659431482696
2013-06-05,16.5849996052772,16.66325336400973,16.391669888314297,16.437700271606445,16.795721079050594,16.543193142446267,40.04336907505271,-1.080368443700814
2013-06-06,16.38706561018132,16.483732223510742,16.20754465905697,16.483732223510742,16.766007854713465,16.540861341703696,41.7172355173875,-1.7827862238512793
2013-06-07,16.56658814300383,16.65864890757357,16.414684720760004,16.64023780822754,16.754029755048137,16.544758458037965,47.12241732810573,-0.1657443200472012
2013-06-10,16.713898259374158,16.796754405713422,16.64024854662233,16.677072525024414,16.74670049504588,16.54994724497861,48.33682208470278,1.4562393124508228
2013-06-11,16.612622428815836,16.801349850044208,16.55738560590549,16.64484405517578,16.736999881724916,16.553668688515756,47.312965630477876,0.977398986348767
2013-06-12,16.8032751065503,16.812594939641286,16.579604445095768,16.58892250061035,16.72289727399972,16.555051190950838,45.51157828529317,-0.308380854940759
2013-06-13,16.574939311739616,16.770652200393336,16.53300096256924,16.663475036621094,16.717238013296996,16.55930310646732,48.3357119898197,-0.08153402452928654
2013-06-14,16.65416199264703,16.75201757761815,16.551645602157397,16.579605102539062,16.704130117034335,16.560099263176014,45.4799032312545,-0.3919469141342447
2013-06-17,16.635527065110463,16.756681379461035,16.598247720647528,16.677465438842773,16.701590623873233,16.5647018583002,49.24781585952154,0.5337473740634098
2013-06-18,16.70076008539525,16.868513539593916,16.70076008539525,16.84521484375,16.715269121004354,16.575702367533527,54.9901767224869,1.090647699411432
2013-06-19,16.831233496728576,16.891811525437767,16.397871017456055,16.397871017456055,16.68504073019023,16.568728589099116,41.503953233321305,-1.096130359915366
2013-06-20,16.369906738816965,16.416504109884855,15.95984311863164,16.001781463623047,16.619968419088593,16.546495368492213,33.63769661235077,-4.051478791531594
2013-06-21,16.15089736563447,16.369908949902143,16.12759867695357,16.27671241760254,16.587277371328017,16.53591564492791,41.87286521306458,-3.374860050291313
2013-06-24,16.12294410298053,16.332635937290814,16.02974931224413,16.136924743652344,16.544386644882714,16.520268942917106,39.20868704181647,-1.59134239759494
2013-06-25,16.234774066946517,16.50504205528177,16.202155547278053,16.27671241760254,16.51889386133222,16.51071770663026,43.106978186073896,1.7181271635567235
2013-06-26,16.39321368770167,16.528348620522276,16.31399598386396,16.435152053833008,16.5109184510942,16.507754347697034,47.236907616664986,0.973413009737294
2013-06-27,16.556305267662196,16.668141495919063,16.491068208502586,16.519027709960938,16.51169076146246,16.508196440334835,49.33371931681899,2.367879706812778
2013-06-28,16.500387223677087,16.626202307632706,16.290695417084386,16.304676055908203,16.491975075219198,16.50021524878869,44.46996560046042,0.1718015136485586
2013-07-01,16.41185324366796,16.62154329530566,16.36991487782509,16.48641014099121,16.4914450814832,16.49967387201232,49.05578381482817,0.3118808210006716
2013-07-02,16.444475234985344,16.621546792397655,16.402536860318847,16.523691177368164,16.494516138234147,16.500615727124313,49.96856797981519,0.02823088313130259
2013-07-03,16.477090193995664,16.542327256510486,16.388552656945574,16.537668228149414,16.49862586108322,16.502068766380198,50.327901695767025,1.42898988880422
2013-07-05,16.602905290664236,16.658822518880278,16.360594931625872,16.537668228149414,16.50234418175619,16.50346482370448,50.32790169576702,0.31091114875734455
2013-07-08,16.63086232946066,16.85453301066832,16.612224439209108,16.793956756591797,16.53011680793101,16.514856664209866,56.909344701851936,1.6356247301075484
2013-07-09,16.877835791784534,16.985011230084393,16.82657758703747,16.901134490966797,16.565451825362988,16.530004814278765,59.335845578361045,2.1978084080723823
2013-07-10,16.924437372843585,17.14344910995226,16.901138667903293,17.00831413269043,16.607629187965603,16.548762042451774,61.66089271622124,2.8459024455449575
2013-07-11,17.190042401697536,17.283238976709292,17.148104031821084,17.176063537597656,16.661765792692464,16.573362101084946,65.03094956021783,2.2752635757257065
2013-07-12,17.21800209568694,17.241300795300358,17.10150682004302,17.204021453857422,16.71340918899389,16.59809384040936,65.57408632423918,1.7921102459276326
2013-07-15,17.194700850593982,17.273916773067953,17.14810168068879,17.264596939086914,16.76590326043132,16.624231216828086,66.77808713954022,1.5068089899862682
2013-07-16,17.231983027638325,17.450994740953124,17.208684325229253,17.348478317260742,16.82138659917698,16.652633063903878,68.42488244670453,1.0038084645278442
2013-07-17,17.413714481539255,17.464972690696516,17.241301959664163,17.250621795654297,16.86226614169863,16.676083602403896,64.41344161749403,0.27086888912491125
2013-07-18,17.194697477651847,17.390408620132902,17.162078953905006,17.241294860839844,16.898364114950173,16.698248749793542,64.02814861167555,-0.1349702997949207
2013-07-19,17.255274470837136,17.404388236616224,17.199357253064054,17.311193466186523,16.9376811960203,16.72228579749523,65.68474279478734,-0.21491712640365962
2013-07-22,17.28323844385339,17.30187811379643,17.120145775793706,17.185382843017578,16.96127182906766,16.740446465947084,60.301830276029264,-0.37818319484085766
2013-07-23,17.24596151468898,17.24596151468898,16.649506213750495,16.770662307739258,16.943118541322097,16.741631400919328,46.712238569325315,-2.7296821781613034
2013-07-24,16.784637273334745,16.784637273334745,16.51902822275313,16.5749454498291,16.90805443737038,16.735094696955006,41.91191217419098,-4.253017088599436
2013-07-25,16.546990005972365,16.770662524289467,16.523691303774303,16.733383178710938,16.891419079402816,16.735027578592494,46.68807888535081,-2.630140209476265
2013-07-26,16.68212244372851,16.728721618652344,16.383894834523023,16.728721618652344,16.875924083140866,16.734780286045822,46.56676073380775,-0.2500836777779458
2013-07-29,16.696104477723534,16.719403178340563,16.546988883105332,16.621545791625977,16.851697579187068,16.7303397176372,43.75183893022295,0.2811492920922734
2013-07-30,16.66814330382105,16.70076183693881,16.533008365146486,16.570287704467773,16.824896638737613,16.724063168101143,42.43078187131571,-0.9746712455055857
2013-07-31,16.56562910922254,16.602908453519376,16.31399886794982,16.337299346923828,16.778458801422016,16.708895959427522,36.96697120463922,-2.33982177868322
2013-08-01,16.43515329118163,16.60290676833659,16.327977853571916,16.56096839904785,16.757745429767333,16.70309487862832,44.37256674539389,-0.3644510163949024
2013-08-02,16.551639047012458,16.626195907592773,16.439802867354093,16.626195907592773,16.745216903845947,16.70007923270536,46.35206181977556,0.33740031628977524
2013-08-05,16.593589782714844,16.621547515323805,16.51437205930956,16.593589782714844,16.730776225642984,16.695903175842986,45.48080413964114,1.5687441990788575
2013-08-06,16.565627450954064,16.57960809245436,16.383895109641372,16.495731353759766,16.708390999749344,16.688053300467175,42.87599725060356,-0.3939204744321392
2013-08-07,16.477089471057038,16.481748499213694,16.346615351751996,16.40253257751465,16.679261626203182,16.676856409371,40.49713988304561,-1.3452465694571991
2013-08-08,16.472429052209318,16.630862676905075,16.449130355725714,16.5749454498291,16.669326752262794,16.672859901153668,46.41962623046348,-0.1123586465007322
2013-08-09,16.579607867146315,16.588925924584156,16.430492284489258,16.48175048828125,16.651462346169314,16.665365414374357,43.877398083716706,-0.08475444452075813
2013-08-12,16.425834245327348,16.439813109903024,16.332637667143448,16.383895874023438,16.625979825012564,16.654327393184126,41.31862206068485,-0.11362088996402296
2013-08-13,16.388549505531206,16.43514866806438,16.313992623054418,16.411849975585938,16.605586506019552,16.644818474846943,42.352854431962925,-0.98398800006214
2013-08-14,16.416515287189146,16.425835123263354,16.220804062361676,16.337299346923828,16.580035348010437,16.632758901202898,40.312310412627504,-0.8764308224428504
2013-08-15,16.206818595985247,16.27671645695031,16.076344484932,16.108963012695312,16.53517131607566,16.612217885967308,34.78445271104039,-1.6780676796416247
2013-08-16,16.081008332366896,16.136927348928786,15.959854018303428,15.978493690490724,16.482154399353288,16.58736595673293,32.07774671891369,-2.640508448102246
2013-08-19,15.973829307371537,15.983149141378624,15.773457320160617,15.810736656188965,16.418209852385257,16.556909905731207,28.957596918529827,-3.223070591737737
2013-08-20,15.829378789840492,15.86665635409874,15.726862377370814,15.73618221282959,16.35325483909424,16.524724506009576,27.669494794126066,-2.3141204034793414
2013-08-21,15.722200289210008,15.736179150889743,15.54978603313624,15.591724395751951,16.280728130204498,16.48813626639163,25.319360353500294,-2.4205616764047724
2013-08-22,15.59638922513622,15.675605165193955,15.4332947606304,15.638327598571776,16.219547127191856,16.45481043628105,27.45992753521458,-1.090455564255454
2013-08-23,15.61968539839547,15.987810863683864,15.61968539839547,15.973830223083496,16.196145517276772,16.43594846713605,40.6489865938693,1.510201185012675
2013-08-26,16.01577011511605,16.025089950545052,15.843357603621689,15.866656303405762,16.1647655921462,16.413623284244668,38.25614002473845,1.7633194422594913
2013-08-27,15.75481785235922,15.950529014183813,15.731517380886045,15.83869457244873,16.13371120931787,16.39107706025267,37.63369413717495,1.281255764812435
2013-08-28,15.796754281462391,15.796754281462391,15.642979720903034,15.65695858001709,16.08830619700351,16.362288100243433,33.786013781334624,-1.9836923182550212
2013-08-29,15.65695701495136,15.908587119308596,15.628999299517895,15.815390586853027,16.062314234132035,16.340841138934007,39.58501825230003,-0.32310346661842193
2013-08-30,15.838690851670588,15.848008904979208,15.71287580109242,15.787432670593262,16.036135037604534,16.3191388460579,38.93696254663829,-0.32364979083969697
2013-09-03,15.875966904641077,15.959843597138672,15.712874323437868,15.764132499694824,16.010230033994088,16.297373891298562,38.37313311849696,0.6845130178380876
2013-09-04,15.736177006451404,15.955188623329612,15.71287831430136,15.922568321228027,16.00188129944494,16.282675633648736,44.281458034498904,0.6776799712053548
2013-09-05,15.95053714917228,15.98781650048121,15.903939737613422,15.959856986999512,15.997878983973946,16.27001607887818,45.603286471902116,1.0921618479958377
2013-09-06,16.011111153038787,16.10430773014104,15.903935711523095,16.02975082397461,16.00091439730734,16.260593912019214,48.08916598897437,1.6849536394402116
2013-09-09,16.05304716435399,16.118284225463867,16.006447993863656,16.118284225463867,16.01209247617939,16.255013139997438,51.13534355099199,1.2291729593328902
2013-09-10,16.15555597097677,16.309330511896828,16.11827842557479,16.300010681152344,16.039513257605385,16.256777749454493,56.746062860938835,2.1313079085226923
2013-09-11,16.31399219434191,16.505044311766564,16.276714642871273,16.500385284423828,16.083405831588095,16.266330986119957,61.9358445945825,2.936006090283841
2013-09-12,16.524008722343808,16.54290453382824,16.283093432930496,16.316160202026367,16.105572914486977,16.268285073018248,55.35920476178411,1.2276491330875843
2013-09-13,16.36811810748842,16.50983304913701,16.353945351921286,16.457870483398438,16.139125063907116,16.275719794993943,58.96845618333467,0.9684644098339554
2013-09-16,16.62320389071416,16.722405969338087,16.547622470145534,16.59486198425293,16.182528580130526,16.288235174964885,62.15399027324788,0.5725726896709888
2013-09-17,16.623202112683845,16.774364937652606,16.585412307443164,16.703508377075195,16.232145703649067,16.304520398577054,64.50745611251789,2.3740155174544184
2013-09-18,16.708236702453945,16.939705864898354,16.61848430991618,16.906639099121094,16.2963831698845,16.328132896637605,68.45690978654699,2.7267720703923573
2013-09-19,16.920807690460883,17.00583701971975,16.86884512235787,16.911359786987305,16.35495237151334,16.351004539396417,68.54451111500538,1.9072035852705715
2013-09-20,16.93497934297866,16.96332305456814,16.76964553038189,16.793264389038086,16.396696373182362,16.368348062911778,63.7730027241592,0.5373482620338411
2013-09-23,16.71767999156682,16.741298846029,16.627927623809306,16.651546478271484,16.420967811762278,16.379453883121965,58.50937775131478,-1.5088310536117766
2013-09-24,16.642105601477045,16.651553507650924,16.524009477309306,16.57124900817871,16.43528030665908,16.38697526057517,55.70396979831628,-2.0111379752578915
2013-09-25,16.580697476235855,16.6137642515568,16.39646778458943,16.43425941467285,16.43518307885087,16.388829541128022,51.1941300519365,-2.137791474298334
2013-09-26,16.438983338852786,16.53346061706543,16.420087522809418,16.53346061706543,16.444542844395112,16.39450134802753,54.09261820945791,-0.7091585238653016
2013-09-27,16.448425970613854,16.486217590577944,16.311434051249456,16.39646339416504,16.439963849135104,16.394578291013314,49.702676450456195,-1.0547522032129668
2013-09-30,16.297262574231123,16.31615838360964,16.188614373310013,16.226404190063477,16.419624833985424,16.38798322823097,44.83814056174052,-1.264767820470191
2013-10-01,16.1886148903734,16.420082255640786,16.169719080391356,16.39646339416504,16.41741898257396,16.388315783757797,50.09789189183821,-0.8286058561689467
2013-10-02,16.339776159230436,16.420080640750875,16.250023773648163,16.41535758972168,16.41722265944517,16.389376246736774,50.66079213300218,0.11523335918503283
2013-10-03,16.363397083188154,16.47677014423265,16.297263548413728,16.391740798950195,16.414795815588505,16.389468974274557,49.90305798297349,1.0189355999646892
2013-10-04,16.391740963199943,16.46732240398573,16.306711617065474,16.368122100830078,16.410350699897226,16.388631841982615,49.111921221923765,-0.17285003877754926
2013-10-07,16.283090536862865,16.528730636460267,16.264194728739195,16.41535758972168,16.410827546547175,16.3896799105214,50.792103310392356,0.0
2013-10-08,16.434254368229823,16.495663045252552,16.353948079964137,16.382291793823242,16.408109855811563,16.389390180454807,49.55856049476032,-0.057644915465953954
2013-10-09,16.424810212762402,16.486220705806335,16.25475149479702,16.27364730834961,16.395303898910424,16.38485124429382,45.63675394669985,-0.5771877305074455
2013-10-10,16.561794237040658,16.760194778442383,16.505106823494653,16.760194778442383,16.4300554112468,16.399570598574158,60.65349921722802,2.1006986100419747
2013-10-11,16.783816940761707,16.840504365479408,16.698787605688608,16.788541793823242,16.464196971492175,16.414824370936866,61.323817155881976,2.4798117693958543
2013-10-14,16.727132673401325,16.916087167097217,16.689342855864307,16.883020401000977,16.50408491715968,16.433184999566834,63.55252431373896,3.7445391380622635
2013-10-15,16.831057465017285,16.845228421040012,16.656273931386988,16.689342498779297,16.521728496361547,16.44323039169281,56.380092021394134,-0.4227413857637198
2013-10-16,16.722407787386697,16.86412274110962,16.69406407584075,16.859397888183594,16.553887486058883,16.45955068567284,60.5861698408356,0.42205031997728704
2013-10-17,16.878292752197105,16.98221788671827,16.807436180299014,16.826330184936523,16.579834409761517,16.47393419544789,59.38699577013656,-0.33578242943479486
2013-10-18,16.953879668285868,17.00111920018925,16.82633563515257,16.939708709716797,16.6141081526144,16.49219986267412,62.15299290949558,1.5001562281786263
2013-10-21,16.98222634425012,17.01529312133789,16.897196974023224,17.01529312133789,16.65231624487378,16.51271332379819,63.9172906134824,0.9246785335291283
2013-10-22,17.05307837167145,17.23258497194273,16.991669689002727,17.19951820373535,16.704430717146312,16.53964684850161,67.85105431369173,2.2178812295798056
2013-10-23,17.142830028658746,17.260926126731068,17.0483527898002,17.185344696044922,16.75023204846999,16.564968332718998,67.24365581776695,1.4500602728028351
2013-10-24,17.322332831842985,17.36012444389329,16.95387362436874,16.986940383911133,16.772775699464383,16.58151625629516,59.24807848086425,-0.1666309079988889
2013-10-25,17.05307921315423,17.171175334580514,16.958603757616245,17.123937606811523,16.8062196906403,16.602787681805605,62.558596609952446,-0.4394343843155659
2013-10-28,17.13338545681354,17.449882196240573,17.13338545681354,17.388473510742188,16.861672435411908,16.63359889078351,67.96949319999621,1.1819885972029074
2013-10-29,17.426264543697148,17.6955235742251,17.407368730536326,17.681352615356445,16.939737214454244,16.674687272139312,72.67739749923467,4.087918222771961
2013-10-30,17.714413564428906,17.714413564428906,17.49711719051938,17.50656509399414,16.993720822029474,16.707309931819893,66.40450191916447,2.2344597134622615
2013-10-31,17.49712160552646,17.73803689791081,17.43098806651914,17.58687400817871,17.050211601662735,16.741802640696708,67.78052331525124,1.1409885825455368
2013-11-01,17.59631597903337,17.804164431809532,17.549078267676165,17.63410758972168,17.105820743382633,16.776794991638866,68.59524873684913,-0.2672025532352814
2013-11-04,17.72859034625457,17.80417179689393,17.60577116471709,17.681352615356445,17.160633302618233,16.81226783962779,69.42798363131804,0.9984112841317333
2013-11-05,17.676627076871842,17.771104337015174,17.601045629157944,17.733314514160156,17.21517437038413,16.848387317060432,70.35891800290916,0.8326693300545833
2013-11-06,17.799438469824832,17.898638728649594,17.738028013503502,17.865571975708008,17.277116999462596,16.8882769115172,72.64237689518018,1.31259483820571
2013-11-07,17.87030423410237,17.889198242183777,17.59632039388021,17.71441650390625,17.31876457131437,16.92067454259128,66.35114173612372,0.1869986378818572
2013-11-08,17.667182417325005,17.738039016723633,17.48767578857461,17.738039016723633,17.35869547087716,16.952728051380785,66.83455504694349,0.02664196002221705
2013-11-11,17.714418577504002,17.761656306242475,17.63411407824783,17.690799713134766,17.390324446330265,16.981672038116237,64.82879804027208,-0.9782629003475608
2013-11-12,17.686071073105847,17.70496688135786,17.5065663007221,17.624662399291992,17.412642346612333,17.00688734639764,62.02237338518792,-0.5066726561073345
2013-11-13,17.544354625898524,17.75692794567987,17.530183671914205,17.75220489501953,17.444981636936827,17.036115485559282,65.15506813521068,0.07986158042917078
2013-11-14,17.738040518379933,17.917547162326894,17.738040518379933,17.80889892578125,17.47964042635058,17.066420718509164,66.47873226847524,0.6675741886264196
2013-11-15,17.780546737259627,17.950605392456055,17.780546737259627,17.950605392456055,17.52449423264634,17.101094627291396,69.58840312994892,1.8493573708234894
2013-11-18,17.983672800055874,17.997843754497712,17.860853656885446,17.96477699279785,17.56642592408934,17.134964523977924,69.88923900915503,1.1974405378678254
2013-11-19,17.90336896320112,17.912815065164963,17.799443821564562,17.870302200317383,17.595366521825344,17.16380129559908,65.25492522096913,0.34478984238178634
2013-11-20,17.879751574406768,17.950609966127193,17.690798866491892,17.766380310058594,17.61165354927613,17.187431845185728,60.5024094223155,-1.0262889655793093
2013-11-21,17.78055144591845,17.78055144591845,17.327062779970305,17.54435920715332,17.605244564312052,17.20142899663544,51.81932667091172,-2.3402338131616016
2013-11-22,17.539630870431,17.610487439508635,17.388468027328173,17.605764389038086,17.605294071428816,17.21728528653358,53.794435367540416,-1.4803208603523146
2013-11-25,17.66245614042588,17.68135195287872,17.50184533858446,17.534912109375,17.59859102742369,17.2297412403705,51.187012850792684,-1.302843891912783
2013-11-26,17.591598775752228,17.596321827656514,17.45460684447883,17.478225708007812,17.587127663669797,17.239485729297456,49.13502410628818,-0.3769502115445935
2013-11-27,17.51601503735726,17.59159647195412,17.4357087494711,17.549081802368164,17.583504248307737,17.251626751770818,51.73932742485047,-0.3219547042513773
2013-11-29,17.534912151971227,17.553807964469968,17.440434891481377,17.468778610229492,17.57257799706219,17.26014251092606,48.69627954398724,-0.37715329699399913
2013-12-02,17.482945104698167,17.572699290148414,17.421536432762466,17.45460319519043,17.561342301645833,17.267768420112898,48.15783299148546,-0.13515395219184026
2013-12-03,17.412094658824753,17.62466806498592,17.412094658824753,17.55853271484375,17.561074721950398,17.27917094147489,52.320452929381815,0.05385417073108966
2013-12-04,17.478225793809003,17.63411353747236,17.440434170374083,17.58687400817871,17.563531796829285,17.291237728404454,53.41884970823182,0.6760369490289585
2013-12-05,17.53491679515324,17.582156338908952,17.430993402899347,17.459335327148438,17.553608323526348,17.2978297911003,48.05393273615891,0.027111082991057276
2013-12-06,17.582154831760068,17.695526123046875,17.56325901587754,17.695526123046875,17.567124304433065,17.31342572568644,56.722317853302265,0.7802098867140111
2013-12-09,17.714418205003195,17.82779127439689,17.624665801485882,17.804170608520508,17.589700142917582,17.332670623052483,60.026662482598994,1.2355612500592423
2013-12-10,17.752207863602464,17.77582672486039,17.525461749916257,17.62938690185547,17.593479834245,17.34430655555456,53.01390129807625,0.9739865322513689
2013-12-11,17.64828357522675,17.83251322485834,17.619939859128163,17.794721603393555,17.612645717021053,17.361969890763934,58.0111049897657,0.5605681326280898
2013-12-12,17.752212862246157,17.827794320755814,17.525466684713074,17.57270622253418,17.60884195564135,17.370234060637276,50.278224031505246,-1.300057110638766
2013-12-13,17.582150538052087,17.615217306769242,17.402643935013444,17.525463104248047,17.60090111265151,17.37632147411221,48.78789406173573,-0.5894918421495647
2013-12-16,17.544349471258375,17.638826674736897,17.511282720341306,17.591588973999023,17.600014242303654,17.38476333685287,50.978221746622026,-1.1415330563856234
2013-12-17,17.591599401581664,17.775829066467093,17.549084724915502,17.690799713134766,17.6086604776209,17.396764763373728,54.14689309135164,0.67202791138197
2013-12-18,17.742761743807392,18.030914763351113,17.567978188505723,18.02619171142578,17.64842535703089,17.42144817310126,62.881726035965045,2.8571490761711247
2013-12-19,17.97422671678273,18.068703960637755,17.903370135394123,18.054533004760746,17.687102275862305,17.44627502924477,63.51422678088553,2.6316214609491477
2013-12-20,18.106494554342632,18.22459065197752,18.026188270909117,18.219865798950195,17.737841659013533,17.476611922174396,67.04242180715998,2.9906284305656214
2013-12-23,18.277265504283413,18.32031592887616,18.10506380591244,18.24378204345703,17.78602645753196,17.506697024969792,67.53153507934022,1.2070787635822813
2013-12-24,18.27726469323347,18.38728203459698,18.200730811210516,18.2150821685791,17.826888906203116,17.534476834523097,66.26072100576148,0.8892457300115217
2013-12-26,18.21986998084136,18.32032038776864,18.215087410150055,18.296403884887695,17.87160461845879,17.56435632669426,68.09292411183213,0.4200804044446366
2013-12-27,18.349016441634983,18.39684943476823,18.277265127223387,18.32509994506836,17.914794649564463,17.594189409767754,68.7380643122105,0.4457294075188322
2013-12-30,18.34902000427246,18.38728604126643,18.243785209292906,18.34902000427246,17.95614944525094,17.623790609552252,69.29537271179183,0.7353128273250464
2013-12-31,18.329881714665287,18.435116484620544,18.272481760467716,18.363365173339844,17.994931895545122,17.652793533622354,69.64486690862425,0.36598059855607223
2014-01-02,18.305972593814737,18.358589999989604,18.071586463957328,18.12898826599121,18.00769916892094,17.671467836852507,58.024019892614575,-1.0701806793142534
2014-01-03,18.16247492015885,18.229441876218385,18.00940707067629,18.042890548706055,18.011050728900475,17.686033433395785,54.4310243398076,-1.668369512350664
2014-01-06,18.06680071571518,18.09071721666733,17.78936419547651,17.832414627075195,17.994037766821876,17.691773872363605,46.801399668635376,-2.8913575548532298
2014-01-07,17.918515490272572,18.03331724943976,17.822847661751926,17.832414627075195,17.978645086846,17.697289196077786,46.801399668635376,-1.6359083836596013
2014-01-08,17.82763282900632,17.899382334970724,17.679347597140467,17.760665893554688,17.9578851636754,17.699774556763156,44.34401649594293,-1.564187591724913
2014-01-09,17.76544634304275,17.880248093476556,17.727180309372763,17.818063735961914,17.944568837226495,17.704413348104286,46.75268887061887,-0.08047643245964065
2014-01-10,17.98547827520212,18.009396595350534,17.770227991559487,17.822843551635742,17.93297595288452,17.7090576698114,46.958553386426345,-0.05367234690091398
2014-01-13,17.818065270714428,17.8419817719072,17.698480940038493,17.741531372070312,17.914743135664118,17.71033114833136,43.85251074404053,-0.10773538334122304
2014-01-14,17.755880276179163,17.818064636837825,17.583678554177947,17.688913345336914,17.893235536585337,17.70949123448844,41.920188431815696,-0.7248284243384865
2014-01-15,17.655430687467767,17.727182016487482,17.58846375356248,17.65064811706543,17.870131972821536,17.707183661256163,40.52179861282147,-0.96615017727914
2014-01-16,17.62195092352794,17.856337066161593,17.612383956000805,17.84198570251465,17.867451375649452,17.71247001581532,49.57905518993754,0.5662100319168425
2014-01-17,17.837196388623884,17.856330316445508,17.655427723742037,17.712827682495117,17.852725309634753,17.712484041959627,44.63769638249439,0.1351939301828698
2014-01-21,17.789362630096864,17.875463485717773,17.698479204591195,17.875463485717773,17.854890850214087,17.718875392695242,51.22924001122183,1.2736946947289844
2014-01-22,17.889813870753862,17.99983121923229,17.83241208699066,17.937646865844727,17.862772375512243,17.727454666152084,53.50847758631632,0.5361576055774758
2014-01-23,17.870680915833013,17.89459741468062,17.674562705743586,17.875463485717773,17.863981052674674,17.733258933586033,50.94451216376041,0.9181809146338772
2014-01-24,17.77023618312984,17.9280865855464,17.71283437796702,17.84198570251465,17.86188625742134,17.737522728445978,49.567451075816244,-0.1872834415167654
2014-01-27,17.851546947250807,17.851546947250807,17.554978347832485,17.617162704467773,17.838579252378143,17.732802727505657,41.462037736098324,-1.7866566544310256
2014-01-28,17.641079417081507,17.641079417081507,17.492794203219105,17.626728057861328,17.818402948138445,17.728642936539213,41.897368491833156,-1.3914907887853156
2014-01-29,17.545409424350982,17.550191993691136,17.296673850294127,17.425825119018555,17.78101458346036,17.716767728008993,35.8645876843923,-2.332479077356508
2014-01-30,17.334941393951592,17.334941393951592,16.818336328289647,16.90921974182129,17.69798650330426,17.685099179531043,25.640667632358657,-4.01848455691987
2014-01-31,16.74180728262725,16.99532549471342,16.42132213336452,16.847042083740234,17.616944177631495,17.652234195382384,24.727010320993628,-4.423316520012699
2014-02-03,16.82311825922323,16.827902653008003,16.301732468801276,16.316082000732422,17.493052541736347,17.599836070101993,18.62405229785201,-6.368382046224936
2014-02-04,16.40696999431719,16.54090568703374,16.335220489905705,16.469154357910156,17.395538428990996,17.555495610800353,24.415920640252363,-2.6025173877344945
2014-02-05,16.335217196003,16.42131804370472,16.16779807004444,16.263465881347656,17.287721995882105,17.504827778272798,22.13600041617573,-3.4639683304157662
2014-02-06,16.31129856636905,16.617435921695858,16.287382070173187,16.603084564208984,17.222518430960857,17.469465299289904,33.223562996897755,1.759016432153743
2014-02-07,16.703538616467895,16.904441243060983,16.636571682507565,16.88530731201172,17.190403086299035,17.446557142926054,40.77129913003553,2.5268629163201917
2014-02-10,16.937929835225688,16.98098028075696,16.76572805310061,16.83269500732422,17.156335650206195,17.42248411800049,39.86664382086155,3.500048084027424
2014-02-11,16.78964292050028,16.861394264275805,16.63657509017747,16.80877685546875,17.123234812612154,17.398417166528656,39.438222676583344,1.2388799832000696
2014-02-12,16.861390319536863,16.866172889803856,16.650922558260255,16.708322525024414,17.083719356651418,17.371354631567705,37.61015579401008,-1.0481585186276285
2014-02-13,16.622218098403625,16.875736236572266,16.6174355291621,16.875736236572266,17.063911440453403,17.35191861607769,42.40186253772058,0.2557001670220891
2014-02-14,16.827906446630017,17.038374202817476,16.765722086390447,17.01445770263672,17.059201560661336,17.338684854766278,46.09617195211576,1.223651482416166
2014-02-18,17.004890104510665,17.076641427093552,16.918789247295976,16.96183967590332,17.04992900020819,17.32390661245793,44.91928900271188,1.5173106127153588
2014-02-19,16.93314014220655,16.98097313947525,16.789637500976692,16.81833839416504,17.027872752013604,17.304080407818994,41.785968713445534,-0.34012052335137105
2014-02-20,16.82790774956109,17.038375522044397,16.794424281773114,16.995325088500977,17.024772974536212,17.291972356081033,46.72211908450218,-0.1124491563006279
2014-02-21,17.004887848354574,17.019239205794218,16.870954010329175,16.918787002563477,17.01467907244357,17.277337636335247,44.94717463153578,-0.25382077747737547
2014-02-24,16.9044424225961,17.076644164630952,16.875741524019553,16.92357635498047,17.006002623161372,17.26346464490957,45.087751977250974,0.6257334009401367
2014-02-25,16.928356842216395,17.15795852843326,16.923574272065043,17.01445770263672,17.00680786882569,17.253699666781223,47.81106050066582,0.11257574677807898
2014-02-26,17.043159583048062,17.124476053306427,16.933142216086218,16.952274322509766,17.001614197747983,17.241879065045087,46.12546774713975,0.1979297921370792
2014-02-27,16.97618834411615,17.19143862831864,16.971403950189366,17.157955169677734,17.016503814122245,17.238587931893427,52.136301827881866,1.3849248514678747
2014-02-28,17.205788914910226,17.4162566168031,17.205788914910226,17.344505310058594,17.04774205183047,17.24274155456657,56.839801050889534,1.9398067995474682
2014-03-03,17.253633158956273,17.65065415245338,17.22014968055443,17.435401916503906,17.084662038942223,17.25029686287784,58.95620752400908,2.8499278905169
2014-03-04,17.63629628343829,17.856332834998522,17.612379782643846,17.731964111328125,17.146309855359927,17.26918577458177,64.98846175163591,3.3454391037505657
2014-03-05,17.722397363748684,17.841981693901793,17.62672953468378,17.674564361572266,17.19661980833253,17.285082974071596,63.056748663068305,1.9029603071023353
2014-03-06,17.71282759432763,17.71282759432763,17.521493791199145,17.64586067199707,17.23940465249106,17.299231119088283,62.06328151950515,1.2070771669103262
2014-03-07,17.69848270188748,17.7128322390892,17.497581882214426,17.60759925842285,17.274470805436945,17.31132398729748,60.69065702819931,-0.7013597147189269
2014-03-10,17.60759138066195,17.66499132849993,17.54062264602096,17.631507873535156,17.30847433573201,17.32388021813033,61.267124546223485,-0.2436070680798337
2014-03-11,17.69848095966829,17.770232288038265,17.535846196780152,17.58367919921875,17.334684322730748,17.334068413467133,59.39076281855509,-0.3523856043870878
2014-03-12,17.5594491006118,17.56914264255294,17.438282599628675,17.51582908630371,17.351936204975793,17.341196282990136,56.73618119618551,-0.5211963923772347
2014-03-13,17.58367878291343,17.632146483665988,17.404352912263306,17.433433532714844,17.359697855236654,17.344813430038165,53.60287288090958,-1.1234112376606287
2014-03-14,17.38011546524251,17.71938188684245,17.38011546524251,17.612754821777344,17.38379851871672,17.355320935596566,58.920099528877884,0.1653557382910261
2014-03-17,17.666073302103708,17.73877208140187,17.569139747519056,17.63214683532715,17.407450739346285,17.36617685323306,59.46115425942893,0.6640721855089963
2014-03-18,17.62730157079203,17.77270099828659,17.569142169565012,17.733928680419922,17.438543876591392,17.3805984935149,62.270017029909475,1.723671628662143
2014-03-19,17.733927756953452,17.79208715515191,17.380121823894104,17.45766830444336,17.44036525067253,17.383620839041505,51.782450997436904,-0.8805352649446252
2014-03-20,17.41888848717637,17.63214262612464,17.370422645880858,17.61760139465332,17.457244883432608,17.392796547104716,56.36431252592642,-0.08249387218512377
2014-03-21,17.7096985876263,17.889024515301315,17.641845633849503,17.666078567504883,17.477133805725206,17.403513489081192,57.67710428725061,-0.38260057394926006
2014-03-24,17.714539566700854,17.801779582969345,17.66122601799746,17.782392501831055,17.506206062497192,17.418371489581187,60.7298832325783,1.8600662569871709
2014-03-25,17.850244797085512,17.932637107155166,17.787237716597595,17.88901710510254,17.542664257031035,17.436828180385945,63.34035277545815,1.540594002379855
2014-03-26,17.908405000393337,18.10227024702835,17.88901792107374,18.053804397583008,17.591344270416936,17.46102332615838,66.99228623441266,2.1947475700199295
2014-03-27,18.015030632216824,18.145890647200332,17.96656478171346,18.044111251831055,17.63446493531352,17.483889519322013,66.57218583018637,1.4717859251675542
2014-03-28,18.082886660910464,18.10711958783673,17.918100169416515,17.990798950195312,17.668401508159405,17.503768320532732,64.18805603000095,0.5689627579580204
2014-03-31,18.05380650577606,18.170127146423063,18.000492955848426,18.14104652404785,17.7134153191964,17.528759622631366,67.69895528087142,0.48323402947981137
2014-04-01,18.15073703536816,18.218589960731393,17.995644106294034,18.12165641784668,17.75229542382976,17.552010477345693,66.78893226886936,0.4297533136067091
2014-04-02,18.136193001076823,18.242820066666997,18.068340086193352,18.21374130249023,17.796242650368853,17.577960705782733,68.92527324390814,1.2392020660788832
2014-04-03,18.271907149083496,18.29614007742851,18.136199422414354,18.21859359741211,17.83646655008726,17.603083564278002,69.03829346338247,0.42746747416948117
2014-04-04,18.29613280873207,18.368833413738507,18.179812210492415,18.208892822265625,17.87193571886615,17.626840790081438,68.50188541556979,0.48139310451241435
2014-04-07,18.208896969457328,18.402764061060157,18.208896969457328,18.247671127319336,17.90772004348074,17.651187077816257,69.52134066166414,0.18628695920077737
2014-04-08,18.223437227982952,18.47546371960903,18.19920430258411,18.363990783691406,17.95117439969128,17.679140164321165,72.40631695723485,0.7980703093346901
2014-04-09,18.354291317368578,18.50453836449424,18.33005839979427,18.485151290893555,18.002029341710543,17.710748443794593,75.05495899152787,1.5171623630522115
2014-04-10,18.5481609451863,18.68871447513436,18.305828037904828,18.330060958862305,18.03327044810595,17.735035209091365,66.2842933900826,0.4515087485307621
2014-04-11,18.276749896862235,18.509389297473465,18.20405112415138,18.247671127319336,18.053689560411986,17.755138578433638,62.13061931258416,-0.6334116464236675
2014-04-14,18.359147240210884,18.543318975418373,18.291294301044555,18.53847312927246,18.09985942411298,17.78585758042732,69.4156244652626,0.2884576790300574
2014-04-15,18.53846628350639,18.58208627812759,18.4415327566978,18.519079208374023,18.139785117852128,17.814611369758563,68.46962149738233,1.0311926945356464
2014-04-16,18.59178924560547,18.688722821579585,18.52878214389417,18.59178924560547,18.182833130019112,17.845088933517264,70.11405274281131,1.885819378731237
2014-04-17,18.528777495087414,18.64025043239051,18.388223937632063,18.635404586791992,18.225935173521293,17.876081704233922,71.08812762474179,0.5228664563883385
2014-04-21,18.59178419012822,18.64025004050935,18.35914478036215,18.62086296081543,18.26354734373978,17.905288812335158,70.265832165438,0.5496156223327848
2014-04-22,18.601484733085627,18.73719064432648,18.548171168282614,18.72749710083008,18.30773303489124,17.937532274629078,72.7546399273193,0.7299343459193425
2014-04-23,18.67901975290314,18.70325267232447,18.490000393022218,18.567546844482425,18.332477207233257,17.96223872834882,64.08914460408029,-0.36413345357503824
2014-04-24,18.5820891977957,18.805035050288044,18.45122919337101,18.611169815063477,18.359019360359945,17.987687006259197,65.3029261389503,-0.052055298255246116
2014-04-25,18.61117176477526,18.955284118652344,18.51423821258142,18.955284118652344,18.415806480197315,18.02563199105893,73.04318557128528,1.2163238717690983
2014-04-28,19.00860023089456,19.45933973791846,19.00860023089456,19.352712631225582,18.5050356374381,18.07767436910468,78.89814912431954,4.2286996409354884
2014-04-29,19.39632975751812,19.502956848347814,19.3284768265733,19.444795608520508,18.594536587064997,18.131286966728833,79.98297532649696,4.479169239444114
2014-04-30,19.216999400260185,19.464178140786597,19.192764631567577,19.439945220947266,18.675051695053785,18.182606898266812,79.75040500826098,2.556865406295897
2014-05-01,19.46418571472369,19.55142573917489,19.289705665821295,19.30424690246582,18.734975048140644,18.226592780784422,73.32648253786127,-0.25043377475446343
2014-05-02,19.265471820392182,19.4205647789625,19.2557782793748,19.372098922729492,18.7956535123872,18.271514590272464,74.43535148105451,-0.37386191788593903
2014-05-05,19.2945559248588,19.376948265092164,19.19277465023832,19.333328247070312,18.846860629976067,18.31315434151944,72.57868334163746,-0.54844276907771
2014-05-06,19.313933263122948,19.34785972450417,19.25577387916278,19.270313262939453,18.887189452163057,18.350689985496697,69.54248330292752,-0.1757832859153531
2014-05-07,19.357556835068007,19.473877473304732,19.323630367426844,19.41571807861328,18.937525511824983,18.392455793069896,72.41051850225062,0.2251648417539838
2014-05-08,19.43509752766744,19.483565216199377,19.37209230585583,19.439945220947266,18.985375007931868,18.4335338098494,72.86893985070806,0.5514672513415242
2014-05-09,19.396324390085216,19.502951451408617,19.38178500857864,19.483564376831055,19.032821614493695,18.4747114791428,73.71573220560313,1.1066302399023518
2014-05-12,19.595038636947933,19.66289155380678,19.49810510621244,19.56595802307129,19.083596510548706,18.517505461257645,75.28491460612548,0.7738057580445581
2014-05-13,19.59988733392575,19.696820878768243,19.53203440719208,19.682281494140625,19.14061412803365,18.563182952743254,77.34158799388112,1.2465892801602805
2014-05-14,19.65320078110817,19.66289432043096,19.4981078496507,19.54657554626465,19.179277120246127,18.601747368175467,70.02097298788581,0.3234067864323824
2014-05-15,19.469030903790063,19.532037996845347,19.372099189986777,19.410871505737305,19.201333728388143,18.633477726511224,63.54378986554464,-0.7926344171397761
2014-05-16,19.42056174792413,19.72105407714844,19.3914811294107,19.72105407714844,19.250830904460553,18.67612777947739,70.30533258562438,0.19699232032302033
2014-05-19,19.527190833742377,19.599889614191888,19.386637269811335,19.48841667175293,19.273458120393162,18.707982245841137,61.145535239430416,-0.2975399674181441
2014-05-20,19.47387516668159,19.52234101504153,19.367248081665412,19.40117454528809,19.285621589430775,18.735166257584154,58.08904364847973,-0.049956337335750486
2014-05-21,19.435101191911897,19.75982829531263,19.391481188435783,19.696821212768555,19.324783458320088,18.772878216610994,64.55515229720883,-0.12287813970332313
2014-05-22,19.67259130879641,19.866458431534248,19.59504482947205,19.716211318969727,19.362062302191482,18.809871671605457,64.93723160025802,1.1688720076832562
2014-05-23,19.730750706076197,19.788911952209897,19.66774546271222,19.716211318969727,19.395790779979887,18.845414402874646,64.93723160025803,1.6238025844582136
2014-05-27,19.750133121424422,19.798598966230088,19.69197373788693,19.75982666015625,19.430460863806207,18.881273707081768,65.89625869401414,0.31987622117853076
2014-05-28,19.774366043827257,19.817986043693743,19.706513121557936,19.75982666015625,19.461829034887163,18.91572676406508,65.89625869401414,0.2212156305332325
2014-05-29,19.79375754324843,20.05062990604041,19.759831074534542,20.02155113220215,19.515135901298112,18.95909242556065,71.34988597432694,1.5486738719352366
2014-05-30,19.96338963043256,20.171796134915,19.919769621381494,20.142717361450195,19.57490556416974,19.005509089713183,73.4654090585665,1.9377229764166242
2014-06-02,20.176643360289745,20.181489206136515,19.992469787597656,19.992469787597656,19.61467358544859,19.044213430806693,66.87149883472321,1.1773540904106627
2014-06-03,19.96823803983075,20.04578451993508,19.94400511145826,19.987625122070312,19.650192779412563,19.08120996771899,66.6637250642516,-0.16944746142705305
2014-06-04,19.96823725516433,20.02639665074368,19.919769551469994,19.982776641845703,19.681867432977626,19.116565523567097,66.44123333977996,-0.7940374515237556
2014-06-05,19.98277164945305,20.103938105136503,19.943999345038105,20.011852264404297,19.713294559780167,19.1516748075215,67.14930453904311,0.09694888631851058
2014-06-06,20.011859761669264,20.08455855300326,19.9973185243192,20.060325622558594,19.746345137187635,19.187308172817072,68.34832449658657,0.3637275566470648
2014-06-09,20.026400446454677,20.181493429964448,20.007013361302405,20.166954040527344,19.78640312798189,19.22572565782532,70.8672635774718,0.9216807152613459
2014-06-10,20.133020360858993,20.54498560421512,20.103939743537772,20.525598526000977,19.856802689697997,19.276701064420443,77.38612585412068,2.5672099454306694
2014-06-11,20.46260179329436,20.700087129058968,20.43352116389583,20.64192771911621,19.931576502023542,19.33023936460459,79.02554657603379,2.8992654830267743
2014-06-12,20.612510468053323,20.68113683992032,20.210554401465146,20.235063552856445,19.960480030674294,19.365722666104663,62.075187616633585,0.33772830637799467
2014-06-13,20.26447055847403,20.401723267678847,20.190941252869784,20.31839179992676,19.994566865841197,19.40308223998004,63.78830729973907,-1.009503941196815
2014-06-16,20.313489805730537,20.5732919931556,20.22525538282059,20.494861602783203,20.042213983645198,19.445897116952715,67.17045073640222,-0.7124630913071741
2014-06-17,20.436040074253885,20.489961325282582,20.352708591702804,20.43113899230957,20.079254460660852,19.48453405324122,64.81629473648879,0.9689885032530395
2014-06-18,20.43603596746742,20.769365570542966,20.35270450166247,20.75956153869629,20.14404561094994,19.534535131102203,70.5459233985609,2.1712827625024826
2014-06-19,20.79387286775084,21.151713453614445,20.774266675727283,21.11249732971191,20.23627910797489,19.596416001635916,75.21672137359444,3.0136125771390057
2014-06-20,21.190939469065064,21.264468807228987,21.05368669908307,21.13701820373535,20.3220637837616,19.656831774267268,75.50732882820037,3.4549185519783276
2014-06-23,21.083092191778057,21.08799514384713,20.8330958641764,20.926231384277344,20.37960355523929,19.706612151130408,68.1134388141448,0.8028582167806307
2014-06-24,20.833090842582436,20.833090842582436,20.60760371989247,20.75956153869629,20.415790029854243,19.74790428397613,62.871009554236544,-1.6716913470910426
2014-06-25,20.656626253101965,20.686038354684715,20.53898158662748,20.602705001831055,20.433591455756797,19.781425880754753,58.32155686204718,-2.527855143777435
2014-06-26,20.578200480389786,20.58800451645573,20.352713260659105,20.538986206054688,20.44362905102326,19.811134128805733,56.53197129087273,-1.8505251667703912
2014-06-27,20.48506028033042,20.519373463787325,20.161534643502243,20.499765396118164,20.44897536960373,19.838139276543476,55.40501742312817,-1.251452936970076
2014-06-30,20.470344096276037,20.72524325165159,20.372307541839405,20.558578491210938,20.45941376213775,19.86639179476573,56.795864830960674,-0.2141782383245087
2014-07-01,20.524275387998618,20.588000675574374,20.352709463673495,20.504669189453125,20.46372380283445,19.8914222808319,55.09951424917223,-0.16708232946495766
2014-07-02,20.514466979206265,20.573291172083916,20.45074357514737,20.52427101135254,20.469490203645698,19.91623987810722,55.61857424682723,0.11954095454680366
2014-07-03,20.59780106353478,20.872308363789305,20.583095949746717,20.77917098999023,20.498983611868987,19.95008031386734,61.802441636065815,1.0729949002728933
2014-07-07,20.710540661299536,20.970340928023017,20.710540661299536,20.891910552978516,20.536405225307988,19.98701483304817,64.17971531731254,1.88855211438658
2014-07-08,20.906626828586457,20.985057238499714,20.837998583724943,20.936037063598633,20.574465400383286,20.024231391108973,65.09537579302321,2.00623959807554
2014-07-09,21.0046612800947,21.102699749893965,20.940937864164216,20.980152130126953,20.613102231787444,20.0617184789136,66.03028486890685,0.9672240544800329
2014-07-10,20.887015590395567,21.053680419921875,20.887015590395567,21.053680419921875,20.65506205922882,20.100618947188437,67.58853537091906,0.7743182057626423
2014-07-11,21.337985419787145,21.37229859482585,21.08798916308688,21.28896713256836,20.715433970975443,20.14722083681118,72.01272388187517,1.6857539366099235
2014-07-14,21.3772064271325,21.421323643674985,21.205638642832515,21.249755859375,20.76632176987064,20.1904575043627,70.2907313852081,1.2850418222702158
2014-07-15,21.078185219819655,21.117401345700944,20.465447277383035,20.470348358154297,20.738133825897656,20.2014336162761,46.49255241691038,-2.7706892578059885
2014-07-16,20.62721596603947,20.764468699867106,20.44094306303893,20.499765396118164,20.71543207068056,20.2131329017601,47.21889777005309,-3.707092652902151
2014-07-17,20.445837805675087,20.57818941651339,20.367407429244352,20.38211441040039,20.683687531606257,20.219759627589134,44.61065030219431,-4.0830654936292925
2014-07-18,20.485060371736207,20.71544862312799,20.391922984856222,20.67133140563965,20.682510757704677,20.237468324767587,51.67706579182614,0.9818252428776603
2014-07-21,20.36250920392644,20.612505479500065,20.318391994127808,20.592897415161133,20.67397615365291,20.251406720469294,49.82076446537104,0.45430773105629896
2014-07-22,20.480154924454897,20.71054501770336,20.17133630959236,20.55368423461914,20.662519780411596,20.263260740632035,48.87549796981295,0.841766564371766
2014-07-23,20.58309626480871,20.587997346170415,20.41643144959021,20.45074462890625,20.642350718363467,20.270613049976124,46.3873372145976,-1.0671145094854264
2014-07-24,20.524277338545392,20.66153196097796,20.48506306779931,20.60761070251465,20.639042145425485,20.28382864419332,50.52103793411404,0.07144835938765588
2014-07-25,20.529170931144577,20.597797276107517,20.352702118424077,20.46054458618164,20.62204237787845,20.29075868113404,46.87219456359092,-0.45315305701068576
2014-07-28,20.45564950966055,20.51937479876714,20.279180629013617,20.41643524169922,20.602460745861382,20.295687173705225,45.8036666655555,-0.16776595585931087
2014-07-29,20.387021738034488,20.499765321831234,20.328199405168412,20.362512588500977,20.579608540398485,20.29830777820702,44.46905829865474,-1.1893572600522957
2014-07-30,20.504664241709808,20.53407446739557,20.127217429343535,20.156627655029297,20.5393246465538,20.292751694945146,39.71126748534306,-1.4853804593138686
2014-07-31,20.063491391199307,20.117412629468543,19.89682659560704,19.9017276763916,20.47860112558597,20.277417419707753,34.75360269636675,-2.521045222705485
2014-08-01,19.788989252277887,19.99977130931874,19.735068000021627,19.85271453857422,20.4189928792039,20.26076240476134,33.87780054470036,-2.5036107293293886
2014-08-04,19.838009214928785,20.014478085947275,19.803696031111667,19.96545791625977,20.37579907320922,20.24918183658481,37.76303978776665,-0.9484212440756615
2014-08-05,19.96055323207893,20.078197878241696,19.80859353836343,19.88702392578125,20.32924905916846,20.234979565572907,36.17073654143604,-0.07388177976022588
2014-08-06,19.83800942816274,20.367414176980372,19.83800942816274,20.308591842651367,20.327281705214453,20.237866321536767,48.69301258870607,2.2962970791292534
2014-08-07,20.31349093254546,20.35270706487103,20.053690600636948,20.171337127685547,20.31242984068789,20.235257333542602,45.55912632184938,1.0311770072556699
2014-08-08,20.19584373773661,20.42133086049094,20.161530561227377,20.406625747680664,20.321400879449108,20.241977663508802,51.34063708756803,2.612768123770444
2014-08-11,20.499761914443106,20.739956027775197,20.41152749484584,20.592897415161133,20.34725769237406,20.25573922239713,55.380541683899786,1.3999275514153442
2014-08-12,20.53898347291987,20.592902859214465,20.450749029996462,20.56839370727539,20.368318265221806,20.268000182588434,54.736738244398545,1.968419728828368
2014-08-13,20.627215497546427,20.72525209380909,20.5340781131974,20.622312545776367,20.392508196703194,20.28189478506639,55.95021997514299,1.0569449391711279
2014-08-14,20.641917130028837,20.715444564819336,20.59289697024061,20.715444564819336,20.423264041285684,20.298896737213568,58.04259344573252,0.5950942559835223
2014-08-15,20.779170658635888,20.81838678801603,20.553683524483965,20.68603515625,20.448289861758475,20.314078635999312,57.119905394990084,0.5719525338189029
2014-08-18,20.73505707984304,20.877212768853028,20.73505707984304,20.83309555053711,20.484938022594534,20.33443224049099,60.501222202188934,1.0221113868430456
2014-08-19,20.882111198829563,20.93603244435956,20.735054446429253,20.93113136291504,20.52743262643458,20.357832206076246,62.61749771231873,1.0411883627252687
2014-08-20,20.93603179340582,20.940934744625952,20.74485783423669,20.81348419189453,20.55467563266886,20.375700911402454,58.56250905337429,0.6161114717337425
2014-08-21,20.81839319360032,20.92133276000459,20.75466789871402,20.872314453125,20.58492694890278,20.39517595225432,59.958890313920364,0.18825288106010488
2014-08-22,20.87721824645996,20.93113951298557,20.798787823312384,20.87721824645996,20.612764215336796,20.414079571634932,60.07964972043667,-0.2575738287639782
2014-08-25,20.950739450542287,21.043874957510372,20.91152331923274,20.965444564819336,20.64635282004942,20.4357017282304,62.28357116733246,0.7301054043800276
2014-08-26,21.034066866374673,21.06838003968612,20.93602842694438,21.009557723999023,20.680943763282716,20.458205884927207,63.37241291783692,0.6575373861017861
2014-08-27,20.98015186824923,21.009563969800368,20.872311235751575,20.98995590209961,20.710373490789088,20.479058826777106,62.50886042371633,0.540003243290158
2014-08-28,20.931131428617395,21.078188181479312,20.901719330073785,21.03407096862793,20.741201822011835,20.500824008810472,63.70747850620339,0.3273310212736961
2014-08-29,21.078190708998825,21.137013043211457,21.043877524880763,21.117406845092773,20.777030871829066,20.525003727880367,65.92380161172323,0.5133336099243772
2014-09-02,21.156622473924163,21.41152176516764,21.102701218286143,21.171327590942383,20.814582940316047,20.550349761725936,67.31464338475935,0.8640879937467185
2014-09-03,21.269358988795947,21.30367216370412,21.13210628916326,21.18602752685547,20.849958615224562,20.575278301534937,67.70167885684702,0.7224305673123405
2014-09-04,21.18603812088603,21.313486852857142,21.102704747347097,21.146821975708008,20.878231316222987,20.59769177895349,65.4748399850942,0.13929328932766105
2014-09-05,21.14191660454682,21.27916934497501,21.117407453745837,21.269365310668945,20.91548217283689,20.624031917452136,68.91634388577516,0.4630683612326015
2014-09-08,21.26446482265501,21.37230546317831,21.254660788075004,21.31838607788086,20.953853973317266,20.65126149237091,70.19619477534295,0.6247445438160247
2014-09-09,21.37720818471372,21.401717335935015,21.303678861121437,21.39681625366211,20.99604085715963,20.680498933990172,72.1705261298003,1.1821836786694357
2014-09-10,21.421323552941733,21.5928894665868,21.318384004754694,21.499753952026367,21.044013532861225,20.712626581756297,74.55316412601853,1.0831947168722351
2014-09-11,21.494794208528408,21.564243964878433,21.29140293298344,21.425342559814453,21.080330583047246,20.740576227954655,69.89465759050563,0.5017100335028067
2014-09-12,21.42534106736702,21.479909269944905,21.31124477668772,21.410459518432617,21.111771434036328,20.766846160914575,68.96642822019703,0.0637630599280056
2014-09-15,21.62872864384032,22.075193998508414,21.514632362617057,21.961097717285156,21.192659651488597,20.81367955528205,79.70521321540362,2.145809511533071
2014-09-16,21.861887450397766,22.07519850872513,21.842044121166374,22.005748748779297,21.270096708373426,20.860427366791747,80.30050291331938,2.7089704042980314
2014-09-17,22.02063194501817,22.224021353928165,21.91149551845431,22.12976837158203,21.35197020010758,20.910205445410973,81.88948253177605,3.3596142695122877
2014-09-18,22.224018929317417,22.224018929317417,22.055354421376236,22.194255828857425,21.432187879036135,20.960560362408874,82.67215019843164,1.061686963802155
2014-09-19,22.29843402728958,22.37284368269021,22.23394414538429,22.31827735900879,21.516577353319246,21.013804166197104,84.09568478504859,1.4202134805652944
2014-09-22,22.33811574944338,22.54646691932876,22.30835264829119,22.49685859680176,21.60993747174615,21.07196316347572,85.89284286323351,1.6588073542203428
2014-09-23,22.4571632025781,22.541494472415533,22.233930587768555,22.233930587768555,21.669365387557807,21.11753051344799,72.84199202247366,0.17876138410346396
2014-09-24,22.21905735333936,22.68536418459613,22.21905735333936,22.670482635498047,21.76470988736164,21.17843059666564,78.64407668799821,1.5781024262031134
2014-09-25,22.591118722804012,22.62088183088528,22.357964283557024,22.3778076171875,21.823100147345055,21.22546498962728,68.13445161555636,-0.5291893492684623
2014-09-26,22.531578488703506,22.804419471294747,22.501815394139797,22.725048065185547,21.90899994904415,21.284272169060937,72.78184307604054,2.2088648495069436
2014-09-29,22.635752521516476,22.863945052581812,22.556381124086645,22.839141845703125,21.997584891583102,21.345247450497887,74.1175453545408,0.7439595041571239
2014-09-30,22.878832418528017,22.918519073520766,22.75481446022148,22.789539337158203,22.073009124495016,21.401886348013978,72.45285744804397,1.8399108930334553
2014-10-01,22.809386286757267,22.8837978305032,22.66056509162957,22.705211639404297,22.13321888781971,21.452997143754775,69.59120150100235,-0.08728881771492983
2014-10-02,22.700250180641312,22.730015177032215,22.417489338202422,22.5563907623291,22.173520971106317,21.496267481738084,64.7320591572217,-1.238010978189267
2014-10-03,22.660568798144464,22.93836979555555,22.606000576120454,22.913564682006836,22.244001324525414,21.551847764101566,70.12382312578391,0.5442204996500752
2014-10-06,23.012771867597603,23.116946497624696,22.849069147892724,23.07229995727539,22.32288690859684,21.611473340304464,72.16079918726217,1.6167579659729823
2014-10-07,23.037583996538537,23.087192334105847,22.824272875910577,22.8441162109375,22.372527794534044,21.65981227640772,65.2714226452201,1.2755828343288056
2014-10-08,22.85899316800413,23.22112541378413,22.77465996426684,23.216163635253903,22.45287406507879,21.72084566302914,70.25745403687235,1.3206105529476448
2014-10-09,23.16158856757131,23.36497790271458,22.918514477757004,23.002845764160156,22.50525232213416,21.771120176798984,64.5362750811381,-0.30102847676151756
2014-10-10,23.16655195510535,23.51876245638582,23.151668515251004,23.17647361755371,22.569178159793168,21.826232076436426,66.89898941616148,1.4548928203100369
2014-10-13,23.097114001619307,23.280660119706884,22.8441162109375,22.8441162109375,22.59536273609263,21.866149101318822,58.82056432339348,-1.6025361905678772
2014-10-14,22.868911290245,23.05245923533835,22.72009011526535,22.908597946166992,22.625194660861617,21.907029448175614,59.83396717432674,-0.40972242721380125
2014-10-15,22.64071741833013,22.824263460703367,22.11984238910868,22.58614921569824,22.621476047036534,21.9336615959216,52.8321800693916,-2.547084649704278
2014-10-16,22.25378120925908,22.55142353175827,22.1446448079063,22.407562255859375,22.601103305019663,21.952245935527003,49.38525264980709,-1.9110126697267806
2014-10-17,22.531578616950373,22.720086417169036,22.352994371460884,22.650636672973633,22.605820768634327,21.979633807583735,53.80319217028195,-1.1260456611074305
2014-10-20,22.680400226749136,23.067335572735484,22.62583203336881,23.02764892578125,22.645994878838795,22.020732439669914,59.681448371406745,1.9547365328488673
2014-10-21,23.08717838788804,23.330252471858607,22.92347381135144,23.325292587280273,22.710689898690365,22.07189166114483,63.61745217424976,4.09562772131056
2014-10-22,23.320341068306156,23.622945254504508,23.320341068306156,23.34514617919922,22.771114306357877,22.121823210872453,63.870810941025695,3.0661809478153135
2014-10-23,23.603094495005376,23.657660797276545,23.35009684576515,23.37986183166504,22.829090261149034,22.171158058746673,64.33845339007073,1.5295217806167751
2014-10-24,23.429470970667793,23.563410584230223,23.35506133582005,23.55845069885254,22.89855315997794,22.225561691692,66.72457747879947,0.9995935129208676
2014-10-27,23.58822506861696,23.78169286098825,23.558461957399626,23.632871627807617,22.968488252152195,22.28075031663771,67.69462503250855,1.2324851016129639
2014-10-28,23.746963103062193,23.751924882158004,23.34514604505753,23.578298568725582,23.026565425159184,22.331634561817626,66.17125052555586,0.8487506833414477
2014-10-29,23.642789175311226,23.76184727652562,23.46916474891973,23.598142623901367,23.081001348848915,22.38130154464444,66.46675555838479,0.16848274768239066
2014-10-30,23.573337192544223,23.70231505542209,23.3600261216444,23.56341552734375,23.126945556324614,22.42765895573069,65.39025392295608,-0.29389615260356966
2014-10-31,23.776722703423147,23.990033739380888,23.69238950921566,23.980112075805664,23.208199510560906,22.488539470243435,71.38008603385884,1.7041666764414032
2014-11-03,23.955306044804384,24.342241416897583,23.955306044804384,24.26782989501953,23.309116690033157,22.558315565332695,74.64326643628912,2.837881276469071
2014-11-04,24.312477872749536,24.620043748561795,24.312477872749536,24.515867233276367,23.424045313199176,22.635082297408918,77.070453310321,4.042078300691856
2014-11-05,24.689490906340502,24.78374385637472,24.36704351605137,24.67956924438477,23.54361902093114,22.715258256113852,78.531087901052,2.916821932975079
2014-11-06,24.72422093803933,24.75398593011981,24.52083155639919,24.5853214263916,23.642828773832136,22.78859406671298,75.54730605225647,1.3082815099063674
2014-11-07,24.585326041583993,24.744068911084813,24.44146472473504,24.739107131958008,23.74723623651079,22.865084775153964,77.07773222445388,0.9105935211568946
2014-11-10,24.76391035049921,24.848243564376425,24.610129260125195,24.739107131958008,23.84170013131529,22.93857584796981,77.07773222445388,0.2412436253796651
2014-11-11,24.719263635242697,24.78375161960985,24.396816143950467,24.446422576904297,23.899292745180908,22.99770709224175,67.72217286957589,-0.5649665793598329
2014-11-12,24.406737769247822,24.530755743794447,24.14878015510716,24.471227645874023,23.95376273572311,23.055492211992036,68.07583269251792,-1.0828179232787967
2014-11-13,24.590280271283973,24.77878809508605,24.41665588907406,24.530752182006836,24.008714111559655,23.113345544149478,68.95488549729859,-0.842208851110955
2014-11-14,24.530756309474825,24.530756309474825,24.104134164418262,24.198387145996097,24.02677821007741,23.15589619520229,59.15945466621063,-1.014608293413575
2014-11-17,24.17854012165045,24.372007818927937,24.158696795682573,24.332321166992188,24.05587753930739,23.2020305078215,61.53099087930605,-0.5676318364242601
2014-11-18,24.406732873894065,24.52578904585536,24.36704622166448,24.44145774841309,24.092599463984122,23.250635497648624,63.396204058843495,-0.3640101735618339
2014-11-19,24.42161874396343,24.45138373840285,24.317444101971553,24.376972198486328,24.11968258155576,23.29480556434814,61.498795604004215,0.7380039480018807
2014-11-20,24.25790945686102,24.322397422191344,24.163654612762983,24.22318458557129,24.129539915271526,23.331212584788265,57.10898625284059,-0.4485251557872201
2014-11-21,24.352168889445384,24.441461980057877,24.307522344139137,24.42658042907715,24.15782948801492,23.374168186525086,61.06720699737078,-0.06086919810217536
2014-11-24,24.565475331556005,24.684531501740917,24.416654172643007,24.431535720825195,24.183896748282564,23.415633580027052,61.161246607554595,0.2238322376322654
2014-11-25,24.431536662434453,24.58531960491089,24.287675383249766,24.53571128845215,24.21740289496538,23.459558196043723,63.17505741669386,1.290196595649187
2014-11-26,24.53570839513226,24.69445120435328,24.510905186009644,24.66468811035156,24.260001486906923,23.506818192683248,65.55624883120994,0.9747892545408018
2014-11-28,24.78871011035392,25.02682436320427,24.78871011035392,24.93256950378418,24.324055583752376,23.562730008804852,69.90847966530154,2.0507666349107487
2014-12-01,24.868082253191982,25.05162830696528,24.858160589155062,24.95241355895996,24.38389920043881,23.61722740292858,70.20878445705524,1.6983500727119145
2014-12-02,24.97721386677456,25.101231814260753,24.87800102267656,25.081390380859375,24.450326931907437,23.674645558925867,72.15391270381247,1.6894690443416946
2014-12-03,25.05659748755136,25.423691623635506,25.00203115365276,25.3939266204834,24.54019356891467,23.742068345653614,76.20777083273548,1.8504194548788706
2014-12-04,25.29966436054956,25.334389238674927,25.08139342770956,25.269899368286133,24.609689359331,23.801983287717636,71.74410174431802,1.2723651304351216
2014-12-05,25.25997910166549,25.344312304895496,25.12604135998001,25.33439064025879,24.67870852894317,23.862077693699643,72.64143657584493,1.0087170430252097
2014-12-08,25.35423526311155,25.572506219163277,25.21037395708549,25.264942169189453,24.73454030420472,23.917091986856107,70.06114337413112,-0.5079342522392859
2014-12-09,25.135963037058293,25.240139577456222,24.86312386214715,25.15084648132324,24.77418851154934,23.965474516050897,65.91844949478198,-0.4711252911133719
2014-12-10,25.22525185322988,25.259976730016035,24.773826562645972,24.79863166809082,24.776516431219957,23.99814734554266,55.08926672807084,-2.114749787257942
2014-12-11,24.76886493742492,25.096272247245764,24.70933685173851,24.907764434814453,24.7890162410861,24.033818603945473,57.42322809188164,-1.4137286837354315
2014-12-12,24.73414327977865,25.05162896788048,24.625006864857152,24.629968643188477,24.773868850810135,24.057197036856966,50.26270782304817,-2.0710151386815574
2014-12-15,24.729182781853066,24.86312241827428,24.381933975239622,24.560518264770508,24.75354974737779,24.076935124226125,48.63004943483992,-0.9601876688490861
2014-12-16,24.406737769247822,25.00202442554443,24.26287646460636,24.471227645874023,24.726661928186953,24.092397576055454,46.53707268602476,-1.7526132868442699
2014-12-17,24.57539332560237,24.90280058327778,24.376963881766127,24.773820877075195,24.7311532566525,24.119120058448384,53.79462609901557,0.5840536623115097
2014-12-18,25.01690662054868,25.43360710144043,24.82839876452608,25.43360710144043,24.79805362282278,24.170668569938268,64.96306225498111,3.5548469590817895
2014-12-19,25.438560782812303,25.63202847811258,24.9127258965836,25.081390380859375,24.825038075969125,24.206383150758704,57.03715252438014,2.4933883326782267
2014-12-22,25.051314350169736,25.21170676754512,24.966106714951504,25.161584854125977,24.8570901500793,24.243842041086832,58.2850907552349,1.5652166816528656
2014-12-23,25.24679771696755,25.382129205655215,25.156576724509105,25.326993942260746,24.90184289219182,24.28631858623091,60.81343847213698,-0.4191822212023002
2014-12-24,25.3871393798188,25.447286063282007,25.226746949231188,25.241783142089844,24.93421815408687,24.32378778449989,58.83509402069022,0.6394891144187563
2014-12-26,25.23677100116574,25.472348231287196,25.23175957398448,25.362077713012695,24.974966683508377,24.36450503659843,60.7750880537056,0.7968212656280357
2014-12-29,25.2417843235808,25.291906243474756,25.05131758633212,25.176624298095703,24.994172170611932,24.396352850774793,56.364915168548656,-0.5937129550701834
2014-12-30,25.13653153471134,25.271861124466245,24.946064764197416,24.976139068603516,24.992454732325417,24.41908956519945,51.97406205237675,-1.0523982081256984
2014-12-31,25.01622894587785,25.07136419855575,24.64532028097191,24.695444107055664,24.96416800610925,24.429926998213418,46.51103924598312,-2.62846606457245
2015-01-02,24.710480215687724,24.88089739974192,24.349598229241774,24.545076370239254,24.924254516978774,24.43444265986149,43.8519091344488,-2.508469445223511
2015-01-05,24.379672698749346,24.555103236419555,24.31952601453346,24.40473365783691,24.874776339917645,24.433277600958565,41.46889876070514,-2.2878052095926047
2015-01-06,24.5601136480726,24.88591183882784,24.50497839314216,24.55008888244629,24.843853724920372,24.43785843552671,44.81387321791658,-0.5885912558577797
2015-01-07,24.725521521459548,25.076378788158905,24.720508182204583,25.001195907592773,24.858838694698697,24.459950101097927,53.66415032683697,1.8582934127944337
2015-01-08,25.191658262416077,25.52748121447999,25.161585877952316,25.422224044799805,24.912494442327375,24.497686334184277,60.096302464361,4.169233728294163
2015-01-09,25.5525444503881,25.61770447591655,25.301931026694188,25.362077713012695,24.955311896678356,24.531584035314804,58.83971578501045,3.307478170260277
2015-01-12,25.457310457439487,25.662813375630655,25.41219996749369,25.52246856689453,25.009326817651324,24.5704422522395,61.17130800557115,2.0849908989491546
2015-01-13,25.642753798982255,25.95351376796918,25.517447144000514,25.722949981689453,25.0772909285121,24.615638633786556,63.922317370801395,1.1829253662452985
2015-01-14,25.562563874794453,25.938483931776723,25.437257189133696,25.92845916748047,25.15835457031861,24.667121791970633,66.53938547382369,2.233182394899674
2015-01-15,26.04375252700234,26.48984421794915,25.97358105813823,26.299379348754883,25.267023596836353,24.731131892236682,70.67423449212365,3.044026794759543
2015-01-16,26.239226779834265,26.625171712417693,26.22419058506765,26.590085983276367,25.393029538402068,24.804032052669612,73.44402635877181,3.371059704288091
2015-01-20,27.04620480115732,27.306843035330655,26.665273173998756,26.981046676635746,25.544269265852893,24.889405175178087,76.6395486010489,4.059583727502923
2015-01-21,26.945955185306907,27.23666768223672,26.835686576151403,27.201581954956055,25.702108569577003,24.980078774385067,78.2308442034255,3.4305091167251662
2015-01-22,27.39205087392404,27.412098496799732,27.106351693634856,27.397062301635746,25.863532734534978,25.074862442120388,79.55995501641814,3.0348766787249963
2015-01-23,27.407083850970324,27.42212004436878,27.156470430176544,27.161481857299805,25.987146936703056,25.156690654480364,73.71855139422729,0.6687478911643072
2015-01-26,27.171501296862008,27.296807982693725,26.991059363339815,27.28678321838379,26.11092182067265,25.24022369620207,74.77922637797434,0.3132217220631572
2015-01-27,27.08128187556559,27.452190528086792,27.06624568425676,27.346933364868164,26.22863720583413,25.322839761639955,75.29467941709757,-0.18297194135514566
2015-01-28,27.442165283612265,27.657692944738063,27.03115949077431,27.07125663757324,26.308886675523567,25.391405129323612,68.39537173290495,-0.3321807705506962
2015-01-29,27.036185277847597,27.341934071710167,26.875792781399916,27.261737823486328,26.399634403900972,25.464751509486856,70.41272892413473,-0.09178580962444569
2015-01-30,27.09632395440669,27.38202310336196,26.565022809878787,26.615144729614254,26.420159196826045,25.509864969099695,57.09092959163175,-2.6759440464136945
2015-02-02,26.690329040333474,26.98605295031315,26.55499756505173,26.96600341796875,26.472144360744398,25.566968437682796,61.36266843036574,-0.38880064200050335
2015-02-03,26.9810398607299,27.261725648141724,26.855733159341476,27.19656562805176,26.54113686239272,25.630874209854127,63.90560719406788,-0.23906104539828749
2015-02-04,27.156479830502864,27.382032369698933,27.006112108381927,27.081295013427734,26.592580495824624,25.687753457053095,61.71855235022883,1.7514474880717144
2015-02-05,27.25170375727888,27.26674186321121,26.865758846847054,26.90084457397461,26.621938979457955,25.735325657716686,58.35188932730792,-0.24163330021208163
2015-02-06,26.82565919423205,26.885805876273896,26.675291533113157,26.73042678833008,26.63227115173149,25.774349231466232,55.28476725734578,-1.713962145429433
2015-02-09,26.645217895507812,26.810623665252123,26.51991118946949,26.645217895507812,26.633504174948282,25.80850094378159,53.76311556090883,-1.6102520861860612
2015-02-10,26.815634412811537,26.986051605187185,26.75047439195447,26.950965881347656,26.663738623176794,25.853303490352808,58.20805379979246,0.1863187129133375
2015-02-11,27.03616831892551,27.48727312723938,26.960985458891987,27.447174072265625,26.738351523090017,25.915808219055272,64.21985098724599,2.6813910964132437
2015-02-12,27.47224134180698,27.838136672973636,27.35695940831846,27.838136672973633,26.843092965936076,25.991193648620698,68.11204406079592,4.477046433412495
2015-02-13,27.813071256802527,27.858181737633917,27.321867393514903,27.447174072265625,26.900624499872222,26.048290920136186,60.969549770471446,1.8411517906354025
2015-02-17,27.29179426387743,27.722849532851807,27.12137710898124,27.63763999938965,26.970816452207217,26.110618335008873,63.00489025669878,0.6939363834781168
2015-02-18,27.517351749751143,27.68776893615723,27.45720315782301,27.687768936157227,27.039097641154836,26.17246737819116,63.543732449701224,-0.5401501493538869
2015-02-19,27.77297778294149,27.913320679495857,27.612585354871193,27.80806350708008,27.11233248552867,26.236608402853474,64.86619880483401,1.3148509710481355
2015-02-20,27.783001375092216,27.918332839065226,27.522363212480705,27.87322235107422,27.184798187009196,26.300789341999387,65.59423943762718,0.852396773710682
2015-02-23,27.938381068968972,28.018577275882674,27.803049611296775,27.823097229003903,27.245588571961072,26.36048769050937,64.48718079676509,0.48876561039900923
2015-02-24,27.903302830775353,28.013573369419703,27.742910362944865,27.92836570739746,27.310614965812157,26.421973102936356,65.79289703659478,0.4326162455963526
2015-02-25,27.97346752795636,28.063688502117937,27.843147493265896,27.88825798034668,27.365628586244014,26.47947447067794,64.81508775064556,0.05394291726690679
2015-02-26,27.933375223003495,28.163939140720288,27.86821518989957,28.11381721496582,27.43688464612228,26.543566343002954,67.72057014069941,1.0448872157153646
2015-02-27,28.11381597793361,28.369440847279915,28.0436445201534,28.214061737060547,27.510901511925926,26.609075966299333,68.94783522361129,1.0229600709769167
2015-03-02,28.21405778473951,28.41956070174921,28.18899682647561,28.31931495666504,27.587893268567747,26.67614416199995,70.22775720578258,1.5456575904530587
2015-03-03,28.3193182562928,28.409539246177804,28.103790548459596,28.29926872253418,27.655643311802645,26.73979610555031,69.6390134442635,0.6596454197249245
2015-03-04,28.204042010531705,28.26418871194567,27.898293250964535,27.96345329284668,27.684958548092553,26.787782661914875,60.490377501619626,-0.8882395117349614
2015-03-05,28.08874954748348,28.113810504378822,27.727865649699513,27.818086624145508,27.69763741247855,26.828186738865096,56.99958295691311,-1.7699168687043596
2015-03-06,27.70781413123783,27.727863660126857,26.6652634853764,26.750471115112305,27.60743109844367,26.82513906734538,39.1365485203406,-5.4729244865207285
2015-03-09,26.925911408172094,27.041193373128355,26.76551894283912,26.981046676635746,27.547775439223866,26.83125309123912,43.271478027388675,-3.5131806001308252
2015-03-10,26.805608928583354,26.88580513978517,26.615142209968365,26.665266036987305,27.463726924725144,26.82474379499395,39.33055034821091,-4.144140474987159
2015-03-11,26.77554308346497,26.80561738916861,26.093876029111065,26.174072265625,27.34090267147751,26.799227264430463,34.12443028880816,-2.1547241056314563
2015-03-12,26.371511295181836,26.523391372845747,26.290508458343755,26.331008911132812,27.244722313349445,26.780865760379577,36.99403464876272,-2.4092385046938665
2015-03-13,26.29050948525488,26.300635081662644,25.86018225985516,26.01712417602539,27.12780820503287,26.750915110012745,33.82073426004257,-2.4306596456336815
2015-03-16,26.204434439937653,26.371503829956055,26.17405959175934,26.371503829956055,27.055779216930315,26.73603623628503,40.071016967806614,0.7543020525329031
2015-03-17,26.234810362860745,26.31075134334604,25.895611694214285,26.133556365966797,26.967948469219504,26.712409574703923,37.50939653688878,-0.7498859836036599
2015-03-18,26.001935440869826,26.153815516836687,25.38935137342282,25.991809844970703,26.874982885957714,26.68415076177321,36.03170025319195,-0.09729872865047279
2015-03-19,25.936116303789476,26.09306012076885,25.850051647912174,25.95636749267578,26.78749570564515,26.65561024141645,35.6534825317257,-1.574185302275821
2015-03-20,26.001935629182455,26.148753873893032,25.920932792662818,26.032310485839844,26.71557330375893,26.63116711374678,37.17521389625776,-0.38741715329186344
2015-03-23,25.97661450547757,26.31075134334604,25.97661450547757,26.133556365966797,26.660143119207298,26.61165296677502,39.23829926668711,0.5453507156352217
2015-03-24,26.082939926545578,26.325948449714815,25.87537002563477,25.87537002563477,26.585402824581344,26.58277912594599,35.992382622969004,-0.31205239740833335
2015-03-25,25.95637073187282,25.966496327579584,25.384287127629943,25.38935089111328,26.471493116632004,26.535978018697648,30.82332409296059,-2.4698522056899153
2015-03-26,25.1513984516199,25.586789310853348,24.82232342603384,25.313404083251953,26.36119892297676,26.488033942797816,30.095963211447444,-3.1383110328715595
2015-03-27,25.272899183321684,25.531096960665547,25.252649929836483,25.485532760620117,26.277802145609463,26.448720170947713,33.902946395716,-1.5065959042457735
2015-03-30,25.67286214186415,25.718426360989593,25.490605265362404,25.58173370361328,26.211509913038398,26.41472070164048,36.00074785215412,0.7577303308188842
2015-03-31,25.57667387525153,25.57667387525153,25.318475969553692,25.32353973388672,26.12694132454776,26.371929291140333,32.97572867468749,0.04004064645525748
2015-04-01,25.3944147326332,25.51591995946841,25.085590798551262,25.46529197692871,26.063927100964996,26.336374886661446,36.14792566362481,-0.07942068106452152
2015-04-02,25.5260420089455,25.966496738490275,25.49566715260444,25.915868759155273,26.049826306506926,26.319884450288654,45.05049535266467,1.3061470321489486
2015-04-06,25.829796694803058,26.280374959931628,25.824732932689596,26.0677433013916,26.051532686972134,26.309996562096615,47.69755204957082,2.9387817632344113
2015-04-07,26.128498519893796,26.391758179462503,26.077870548096165,26.174062728881836,26.063202214773057,26.304665823539175,49.530461970752484,2.783281466378881
2015-04-08,26.09811775674282,26.315813174124028,25.981676336255557,26.133556365966797,26.069902610124842,26.297955648732415,48.82838174572454,0.8399780413867899
2015-04-09,26.148755771478648,26.290510262859986,26.062689165097048,26.25507164001465,26.087537755828635,26.296273922900347,51.06911291813144,0.7186212341328623
2015-04-10,26.401891541321437,26.82715697323736,26.33101235995193,26.58414649963379,26.134833826667222,26.307563043556563,56.61022030751612,1.5667562770048884
2015-04-13,26.503135777004125,26.563889342982723,26.174062651955133,26.209501266479492,26.14194501141125,26.30371748367119,49.70854227829552,0.2906030065299372
2015-04-14,26.163938567485683,26.452511263128116,26.08799757125988,26.386695861816406,26.16525461621174,26.3069715377161,52.64892993762729,0.5013287474757939
2015-04-15,26.38163791579613,26.609459006770027,26.093065177649212,26.128503799438477,26.16175453842381,26.299972802881687,48.22451980809467,-1.713963998060232
2015-04-16,26.315820612326632,26.528454259031044,26.12850192044553,26.351259231567383,26.179802604437484,26.301984035379167,51.97433061461034,0.540864794208012
2015-04-17,26.290501654506063,26.366442639314897,26.148747209539685,26.199373245239254,26.181666474990035,26.297960082824662,49.349839819942865,-0.7099131227272086
2015-04-20,26.325947935580544,26.75121332563648,26.325947935580544,26.6448974609375,26.225783711746935,26.311565470201636,56.31770706890916,1.9763613923814543
2015-04-21,26.715774275217665,26.82715390192965,26.336073109164985,26.37657356262207,26.24014464992552,26.3141148071593,51.70433262417408,0.09606497675208743
2015-04-22,26.366446603247983,26.39175962490333,26.07787197634579,26.386695861816406,26.25410190820084,26.316961123028207,51.86452560983221,0.7149889229170426
2015-04-23,26.346195693811698,26.79171028721457,26.22469048480923,26.503137588500977,26.27781959203895,26.324262160889884,53.7644045527517,-0.5320338449203986
2015-04-24,26.584142660959817,26.64995806852641,26.346197917274363,26.361385345458984,26.28577823522181,26.325717972049457,51.11924953450284,-0.0575822220692417
2015-04-27,26.396819796560184,26.401883559328635,25.97155449321329,26.02218246459961,26.260673876114932,26.31381461881613,45.36731844871841,-1.3814287288022142
2015-04-28,25.946245734008706,26.179128646850582,25.90068151790834,26.179128646850582,26.25290766380404,26.308532815993953,48.26777440206305,-1.222530504429684
2015-04-29,26.017119808138524,26.103186397525196,25.34378417577563,25.414661407470703,26.17307468701039,26.273479035267552,37.753793963314735,-3.591328473757029
2015-04-30,25.38935593965074,25.465295025661703,25.227350238648334,25.338727951049805,26.093613093109383,26.23682213000411,36.894134998367825,-2.62643040982274
2015-05-01,25.37415959144392,25.65260669267617,25.36909775960759,25.647544860839844,26.051130404321807,26.213713217487864,42.61685538173744,-2.0305633284501603
2015-05-04,25.769050589981045,25.769050589981045,25.541229527543138,25.657670974731445,26.013658077694153,26.191907639340556,42.800025680790846,0.9561786535913043
2015-05-05,25.56654349399005,25.607045876034775,25.38935040069407,25.490602493286133,25.963843260131483,26.164405476750186,40.50285758413317,0.5993771373595566
2015-05-06,25.53110393240592,25.708297019157737,25.37922386786725,25.657670974731445,25.934683994855288,26.14453353549455,43.75392270826171,0.039481805944953034
2015-05-07,25.55641630250416,26.001932820874657,25.52603951786762,25.941181182861328,25.935302774665388,26.136558933430504,48.86066024224619,1.1049724989033236
2015-05-08,26.12849935938539,26.548700916878424,26.087996980645975,26.41200828552246,25.980703299508917,26.147360868806658,56.00457484134349,3.6146881678415155
2015-05-11,26.427200812333016,26.48289062414819,25.966496820852885,25.991809844970703,25.981761065743374,26.14126082865623,49.37526601570994,1.302296184904426
2015-05-12,25.713357795245816,25.966491850490385,25.672855419402087,25.89561462402344,25.97355664272243,26.131627644160826,47.9752101177344,-0.1756533695080613
2015-05-13,25.93612071928424,26.062687774481564,25.76398944696548,25.819679260253903,25.958901653915902,26.119394374203694,46.845977289390284,-2.2426504598411734
2015-05-14,26.02724885583096,26.644896696132523,26.01206142738419,26.62970733642578,26.022787909393035,26.13940664723201,58.15962919000085,2.4542249857160616
2015-05-15,26.609458073702907,26.771463747990232,26.609458073702907,26.741086959838867,26.09119734276883,26.163001953608752,59.438055778634,3.2649247685014546
2015-05-18,26.634771331709807,26.73096159814248,26.290508788016048,26.300634384155273,26.11114372766278,26.168399303826263,52.59426461100909,1.862746314752793
2015-05-19,26.34113040329556,26.34113040329556,26.138624308380024,26.214563369750977,26.120993217385465,26.17020965935272,51.34999355715797,-1.5589505413262457
2015-05-20,26.295570539837144,26.467701811156292,26.214567702231665,26.224693298339844,26.130869415571595,26.172346272646337,51.495436735067486,-1.9310870282669133
2015-05-21,26.244932649298946,26.244932649298946,25.931047036604927,26.143678665161133,26.13208934410393,26.171222052744955,50.202789354128626,-0.5967754111995794
2015-05-22,26.072817474515507,26.108256101048003,25.920937370624756,25.936124801635746,26.11342605434506,26.16200255270146,46.951099420506594,-1.062152225035804
2015-05-26,25.936116575204323,26.047496183984904,25.81461330313432,25.961429595947266,26.098950201164318,26.154136946554235,47.39843824291867,-1.003877145092271
2015-05-27,26.02218225375745,26.34112978023865,25.94117943145529,26.239877700805664,26.112371867796828,26.1574993290739,52.17725963736747,0.367962890290284
2015-05-28,26.29556198849337,26.331000597717345,26.07280474033417,26.133556365966797,26.11438943905111,26.15656038934421,50.29822136487965,0.761222294544941
2015-05-29,26.04750365575303,26.189258157583772,25.88043419465802,25.920936584472656,26.095965357662685,26.147320240133563,46.678004619107234,-0.15597373528663683
2015-06-01,25.966500807384,26.0626910863034,25.743741525923987,25.920936584472656,26.079295950692206,26.13844244971549,46.678004619107234,-1.2154824804050635
2015-06-02,25.83992842803555,25.855115855466096,25.571604978783505,25.63235855102539,26.036730484057273,26.11859602231588,41.92779340523559,-1.9178324140915854
2015-06-03,25.774113373819574,25.78423896933076,25.4399764469901,25.490602493286133,25.98471829446002,26.09396882509903,39.78592334478114,-1.6601795609665788
2015-06-04,25.44504321695742,25.510858634922236,25.202034671310685,25.252662658691406,25.914998710101106,26.060976426416378,36.42257413761464,-2.5781241491928353
2015-06-05,25.166590683076496,25.166590683076496,24.3514986069055,24.407188415527344,25.77139772966551,25.996121994616807,27.52010439364436,-4.779779172716962
2015-06-08,24.386940080106832,24.559071358154785,24.189495776428902,24.462881088256836,25.646777097150398,25.93599490024975,28.755409193882187,-4.031765845079512
2015-06-09,24.478069025691727,24.69070269417122,24.36162756036776,24.584386825561523,25.545597071284792,25.882990662026682,31.498499239805874,-2.646357899608963
2015-06-10,24.64513847098706,25.131155525640487,24.64513847098706,24.91852378845215,25.485875806253112,25.845168431690425,38.509914416151275,2.0950195664466778
2015-06-11,24.918526846204607,24.974811304504456,24.69850684660426,24.72920799255371,25.413812204948407,25.801405277214474,36.24623209445225,1.0886980292142392
2015-06-12,24.693385123255855,24.71385255066475,24.207296409523035,24.58081817626953,25.33447944031232,25.753539116393103,34.532763348801794,-0.014515917428868708
2015-06-15,24.41196150156923,24.62174772422148,24.314744162445862,24.32497787475586,25.23833643406885,25.697517106917132,31.74628439574286,-2.3819465339730628
2015-06-16,24.38638419507676,24.631987495284736,24.289166832040745,24.570587158203125,25.17474126493878,25.653323775595016,37.00177485544178,-0.6414311141640636
2015-06-17,24.565467241670618,24.933873136682127,24.555235479592618,24.84688949584961,25.14351728693029,25.621698901879512,42.37712026767757,1.0824347573464619
2015-06-18,24.9082889566588,25.40461333098335,24.89805524305732,25.30739402770996,25.159124595575975,25.60937322053953,50.02994737468774,4.0387134492469166
2015-06-19,25.220415859362948,25.399501006523003,25.18971471190049,25.23576545715332,25.166423725250006,25.594721935700857,48.94117180859207,2.707213688738078
2015-06-22,25.368791022827363,25.522292791099375,25.348323599889525,25.476242065429688,25.195930233838546,25.59007566627846,52.66557478268486,2.5329229627926035
2015-06-23,25.578574363020085,25.578574363020085,25.092483858041373,25.112951278686523,25.18802747620502,25.571364905980737,47.07861288867895,-0.7683238693424351
2015-06-24,25.133417228949536,25.199935371380285,25.051549496681194,25.05666732788086,25.175516985888432,25.55118068723172,46.25983179796173,-0.709699610961053
2015-06-25,25.102725900374576,25.21017696660542,25.051557331778,25.153892517089844,25.17345751266952,25.535600758990864,47.94403148583503,-1.2652947303294
2015-06-26,25.220409604759464,25.414844301490536,25.159007325062177,25.317626953125,25.18718793557004,25.52705276660397,50.74367345598385,0.8150203939279161
2015-06-29,25.19993952289869,25.332973877795983,24.88781813224304,24.903167724609375,25.160138391669026,25.50258668652575,44.25545786619088,-0.6126098146367753
2015-06-30,25.056665866704034,25.215283490791283,24.851995572028155,25.025964736938477,25.147359948361355,25.48389562967919,46.44055190030826,-0.5085804515720642
2015-07-01,25.118072138563445,25.205055765732304,24.938987052109287,25.123188018798828,25.145057859831592,25.46975023317408,48.17273281003172,-0.7679982594189063
2015-07-02,25.215291846023707,25.302277433242335,24.918521967475915,25.06690788269043,25.13761500486577,25.453952493939425,47.22068451727903,0.6575073496342646
2015-07-06,25.01062523821288,25.52741511053489,24.949222953909793,25.517181396484375,25.173764185019923,25.45643205874511,54.900267022756466,1.9628280656084345
2015-07-07,25.568344112991944,26.514939999310247,25.552992569490144,26.44330596923828,25.29467292637405,25.49513299641151,65.89279688537273,5.254579750992007
2015-07-08,26.259113259743124,26.34609886709693,26.069794399335457,26.110727310180664,25.37239239149849,25.519273949892654,60.21669415731205,4.164133176597453
2015-07-09,26.41771868787133,26.504702296465982,26.059546639564903,26.069780349731445,25.438810292282582,25.540862436160843,59.53669402898743,2.165595583073311
2015-07-10,26.34097189127432,26.49447366946164,26.21305341747139,26.25398826599121,25.516446289778642,25.56882815497772,61.63559457866886,-0.7159381034553893
2015-07-13,26.381905949554113,26.504706587673212,26.228402224083815,26.26422119140625,25.58766294707651,25.59609847013178,61.754277865678254,0.587857547597834
2015-07-14,26.26422616963672,26.330742381275257,26.202823887057775,26.274457931518555,25.653071993213846,25.622700801950867,61.88131933475107,0.7851143317715672
2015-07-15,26.279574725220723,26.36144248020753,26.161889949419766,26.213056564331055,25.70640385712977,25.645852008318716,60.58143929225193,-0.15590660453359842
2015-07-16,26.392140891231797,27.302919815267035,26.361439754330895,27.07266616821289,25.836524077232927,25.701805504785156,70.06266937897696,3.0781227850425155
2015-07-17,27.00102956273865,27.292683503939944,26.87311109898788,27.23128318786621,25.969358278245622,25.761785021768727,71.42829990456494,3.641655553243057
2015-07-20,27.24152065526732,27.548524229846645,27.23640282295836,27.482006072998047,26.113419972983948,25.829244670836545,73.48706512076339,4.84090630771267
2015-07-21,27.461533445843948,27.476884987981855,27.33873282002519,27.40013313293457,26.235964083455436,25.890848139938427,71.6709433977657,1.209585205561216
2015-07-22,27.456416840206405,27.64061972594342,27.45130096088291,27.60991859436035,26.36681689401781,25.958262667562817,73.47951300871766,1.390442763500965
2015-07-23,27.60481009141653,27.61504380467881,27.36432270945608,27.538291931152344,26.47838594517348,26.02022459946829,71.79421546891135,0.2048098599672443
2015-07-24,27.51270596973183,27.615041140600898,27.430838223412778,27.522939682006836,26.577867253443323,26.079154602705096,71.41613119764425,0.44819690647653787
2015-07-27,27.38990474262398,27.696910270568196,27.379671029837727,27.604808807373047,26.675671210960438,26.13898417935874,72.25523001592425,-0.018507070094543564
2015-07-28,27.68155751928315,28.295566596536304,27.63039090946249,28.269983291625977,26.827510456738107,26.22255277199667,77.92528550605724,2.6569961648417135
2015-07-29,28.40301649229435,28.510469491554108,27.655973088783288,27.835060119628903,26.923467567489613,26.28578835425676,68.1223242497955,1.1340374292434903
2015-07-30,27.492234009649597,27.814589061548272,27.374549265723576,27.73272132873535,27.00053935427492,26.342530823844157,66.0178074408399,0.46337043032929887
2015-07-31,27.91181656013738,27.93228398877262,27.763430630354055,27.82483291625977,27.079043503035383,26.40066031766438,67.00581223602933,-1.5746396832787237
2015-08-03,27.850418611901613,27.97833712400776,27.68156523901833,27.968103408813477,27.163715875014248,26.46212867418003,68.53803082571832,0.4779701880031276
2015-08-04,27.911810736190343,28.182999229318753,27.886227431675103,28.10112953186035,27.252993366142448,26.526403217618473,69.93414736946148,1.3284242781586408
2015-08-05,28.208583888891894,28.464420850096005,28.11648242670793,28.382553100585938,27.360570483708493,26.599193409107393,72.6946706081477,2.0043972447369414
2015-08-06,28.474654485594407,28.551404402618957,28.38766890404259,28.43371963500977,27.462775164784805,26.671135614044744,73.17688188786008,1.6648115869364415
2015-08-07,28.397911444717035,28.479779219455363,28.17789143412995,28.39279556274414,27.551348536019027,26.73865169046433,72.08044179290746,1.0379156843254485
2015-08-10,28.50024186119648,28.648627787934146,28.403022553115264,28.50535774230957,27.642206555665744,26.80793428073277,73.266916273222,0.43267651535230495
2015-08-11,28.362090761200665,28.853297346345503,28.264873401187035,28.51559257507324,27.725386176561695,26.874901272667692,73.377698069937,0.2879431221607082
2015-08-12,28.300686227160785,28.520706176757812,28.24440178165254,28.520706176757812,27.801130938485134,26.939442641455543,73.43692626563875,0.4505037685739932
2015-08-13,28.40301849707128,28.484886246359466,28.203465980173902,28.43371963500977,27.86137748101129,26.998041739241984,70.56112896797674,-0.2513145351390242
2015-08-14,28.43371985176624,28.54628873985104,28.280218064665856,28.53093719482422,27.925145072802994,27.05815528651972,71.88620438671941,0.053811330452215596
2015-08-17,28.39789683542517,28.53604900020157,28.19322652793108,28.484880447387695,27.978453203715823,27.11410529282827,70.27244877303264,-0.1256130516126996
2015-08-18,28.438838575856945,28.490005189201185,28.19323336653727,28.244401931762695,28.003781654006,27.158430651217856,62.39622205163429,-0.6658210943810934
2015-08-19,28.142066741819196,28.285334820630116,27.71737643408514,28.044849395751953,28.007692867505614,27.19319217061135,56.71553568810724,-1.7037218082007013
2015-08-20,27.804363253289047,28.31603721676372,27.732729210703596,28.003915786743164,28.00733314552824,27.224985253596913,55.59737486433941,-1.6884910629443761
2015-08-21,27.74295566852779,28.136944751588285,27.579220199188462,27.599685668945312,27.968509576329865,27.239679387532146,45.96079214767806,-2.282633791910307
2015-08-24,24.92363142335462,26.678672790527347,24.258455844538656,26.678672790527344,27.845667977682005,27.217679128826077,32.24650725388815,-4.871399328789224
2015-08-25,27.37967432359968,27.543411795996143,26.51494598388672,26.51494598388672,27.718932549701503,27.190120966279437,30.503974831680402,-5.3170057151839885
2015-08-26,27.118720428209635,27.27222222893645,26.402376088976105,27.226171493530273,27.67200292530424,27.19153471244614,44.52726658367116,-1.3533276425510554
2015-08-27,27.456422767096623,27.62015826712308,26.954982554280456,27.482006072998047,27.653907986989367,27.202925746193273,48.54906138815859,3.011144102925309
2015-08-28,27.476891281721095,27.783894868469677,27.44619014229376,27.717376708984375,27.65995262717937,27.22310029375371,51.997199382464125,4.534916744044586
2015-08-31,27.615039789324197,27.691789699809647,27.374552442331716,27.41548728942871,27.63667021406026,27.230644881819398,47.59162846619706,0.695344903500018
2015-09-01,26.97545469602716,26.97545469602716,26.45354696648929,26.622398376464844,27.54007289619403,27.206792077687847,38.389413222528034,-3.1278928264912773
2015-09-02,26.8986903296731,27.2210453560564,26.842405901841673,27.18522834777832,27.506278177297297,27.205946441220807,46.32173483164444,-1.9199088239601076
2015-09-03,27.3233892669156,27.5945758314085,27.272220701618043,27.42060661315918,27.498118980712714,27.214364487179175,49.26370038658982,0.018673108657246952
2015-09-04,27.11872818957079,27.159663055816825,26.678688136835145,26.801490783691406,27.431773438139256,27.198173361552204,42.643354152984784,0.6727132720877869
2015-09-08,27.098249673128795,27.374554051634124,26.939632011005443,27.36943817138672,27.425836746067585,27.204889628604537,49.365679675626176,0.6776099919111136
2015-09-09,27.62016047302573,27.70714606229508,27.047086177164168,27.12895393371582,27.397562192510275,27.201911758216745,46.86122802874702,-1.0636259203083966
2015-09-10,27.108480568867247,27.364317496038755,27.026612830247597,27.256866455078125,27.384162598469118,27.20406684436817,48.361843389098766,1.6990684401175657
2015-09-11,27.249104709191876,27.471483218322827,26.995697925264423,27.197389602661133,27.36637469410645,27.20380499175221,47.68749858266063,-0.6286156392696928
2015-09-14,27.264625549830782,27.305997247672437,26.969845051290186,27.12499237060547,27.34338590139207,27.20071430072685,46.83149446018505,-0.014602712364180538
2015-09-15,27.249113473174106,28.030024853460645,27.031907588520408,27.98348045349121,27.404347287306276,27.231411012599963,56.74643685723291,2.665801659961955
2015-09-16,28.702326724131513,28.785072091631218,28.35065841905648,28.62992477416992,27.521068952721862,27.286254689524277,62.4281563111064,5.267178918408475
2015-09-17,28.557525760416056,28.629927717821825,28.133455461777665,28.283430099487305,27.59367477622333,27.325359607562042,58.0282117292154,4.27073937221527
2015-09-18,27.926590331785505,28.56786845929048,27.864531794544806,27.95244789123535,27.627843644319714,27.349951304960996,54.1053779967187,-0.110896006332864
2015-09-21,28.17999482989559,28.4230582188355,28.071389940363904,28.335142135620117,27.695205405395942,27.38858623949665,57.668694061404274,-1.029631201880613
2015-09-22,28.02484897206876,28.211026550784965,27.869701647407013,28.03002166748047,27.72709266845161,27.41374057000582,54.06449480686955,-0.895960748450484
2015-09-23,27.96279182989505,28.179999673487192,27.92659085143059,28.133455276489254,27.765793869217102,27.441964676142426,55.089189733686595,0.6475546827176398
2015-09-24,27.99898483658007,28.33513893839037,27.94726973144224,28.24205017089844,27.811151612234372,27.473340577897563,56.19406054376273,-0.32853890153827814
2015-09-25,28.324798718864475,28.629922608338216,28.23170994086876,28.335142135620117,27.861055471604445,27.507136717416095,57.16687023977694,1.0885488129809027
2015-09-28,28.102420949432663,28.702325327822702,28.081734115362817,28.252397537231445,27.898326144521302,27.53636263191866,55.97695426216997,0.4227787151391585
2015-09-29,28.2575807892261,28.350669611012467,27.859367934430203,28.04554557800293,27.912347042948124,27.556330590588633,53.00661134176424,-0.6957872806911033
2015-09-30,28.350661147276032,28.412719685671487,27.93693426996406,28.133455276489254,27.93340496995204,27.57896293121219,54.12084073803456,-0.7117905326379934
2015-10-01,28.16448420610621,28.205857881190273,27.797301717359503,28.040367126464844,27.943591842000878,27.59705721337896,52.696027253435325,-0.7504864338935646
2015-10-02,27.833497768638026,28.376514334738204,27.76109582286534,28.3713436126709,27.984330105874214,27.627421385900213,57.02782564958914,1.1616747970255326
2015-10-05,28.567870753521625,28.83162103757987,28.448922419450223,28.821277618408203,28.064039392782213,27.674239277371115,62.10775134066095,2.444855547102857
2015-10-06,28.7488772264522,28.940225559560243,28.573043036545847,28.65578842163086,28.120396443148753,27.71273140067542,59.32965460763994,2.194769035620698
2015-10-07,28.655786115159646,28.90919494628906,28.61958513539908,28.909194946289062,28.195520110114497,27.759651539719094,62.123511132127774,1.895755593957682
2015-10-08,28.89368215013089,29.157434430457517,28.645445986344782,29.15226173400879,28.286638360009192,27.814263704201043,64.63317104190824,1.1484019549125948
2015-10-09,29.271201618065305,29.736645555004863,29.219486501874343,29.379806518554688,28.390749613204,27.87565754005805,66.84771628698618,2.526603303566068
2015-10-12,29.400492202085232,29.824562479666085,29.379807338714546,29.715959548950195,28.516960083275066,27.947826246289114,69.85112461569867,2.7906851234011736
2015-10-13,29.762505076404757,29.87628070689643,29.560813348027956,29.7987060546875,28.63903112817149,28.02040976818709,70.55819504930116,2.217475702492662
2015-10-14,29.70044604059278,29.959025579882073,29.695273345036014,29.76250457763672,28.74602859954913,28.08872721169492,69.787064687054,1.3025887656555533
2015-10-15,29.979714684564954,30.16071958663896,29.8504249051391,29.927997589111328,28.858597074745532,28.16085546178968,71.32965739870868,0.713549363303746
2015-10-16,30.13486033668015,30.574444772973347,30.021084705863167,30.367582321166992,29.0023099553571,28.247393770000556,74.98337294252751,1.9090636534199605
2015-10-19,30.34172370064628,30.884742338375407,30.212433924578473,30.85371208190918,29.178633967409677,28.349602331251877,78.27990869051769,3.6663833227677505
2015-10-20,30.858885240663245,30.99851844657462,30.70373789169691,30.89508819580078,29.34210579868502,28.449425306332227,78.53912282381289,3.231390953604289
2015-10-21,30.895087015870388,31.20021097873345,30.70373671907447,30.946802139282227,29.49493402159904,28.547361652722422,78.87840910391292,1.9073623049389188
2015-10-22,31.081258392711103,31.841482834279905,31.076087670199342,31.75356674194336,29.71004189972707,28.67309518563305,83.31112383646919,2.916519923584177
2015-10-23,31.810450122602983,31.846653068608603,31.1433164930465,31.57255744934082,29.887424333023617,28.786799588131395,79.29041550502454,2.192805695347132
2015-10-26,31.732879906285856,31.846655529596894,31.51567207749253,31.75356674194336,30.065152181492163,28.903143398084804,80.31359241904497,2.606940125930067
2015-10-27,31.57773971557617,31.691513391775164,31.345017693887375,31.577739715576172,30.209208137119212,29.008029528182504,76.366721382018,-0.5537237054221603
2015-10-28,31.717375618089036,31.77426147460938,31.324333509729502,31.774261474609375,30.358260835927798,29.116509212356107,77.68661531200685,0.6388586847682366
2015-10-29,31.78460170498976,31.92940761223091,31.30364352526536,31.820802688598633,30.497550536182164,29.22255993691464,77.99997987510484,0.21174297426708075
2015-10-30,31.65013945721172,31.701854581590567,31.262270105953743,31.272613525390625,30.57136605896392,29.302954195286247,66.20602721876345,-0.9662698880092391
2015-11-02,31.45361483089668,31.489815808376605,31.024373823861023,31.288124084472656,30.639628728059993,29.380803994862184,66.36101215860513,-1.5299722718187747
2015-11-03,30.998516667599375,31.02954692473407,29.855595496011645,29.917654037475582,30.57086923371862,29.40185693770977,46.19978436108698,-5.980831689720218
2015-11-04,29.938334520314605,30.114168661141257,29.87627599202433,30.0107364654541,30.517523255788667,29.425734566248764,47.36935249418214,-4.035086670680689
2015-11-05,30.20208109701033,30.233109368978234,29.876270431714577,30.021074295043945,30.470242402384407,29.449081222279947,47.50584186594756,-4.049618909743168
2015-11-06,29.86592962849098,29.88661646014838,29.141906302920777,29.52460479736328,30.38018167809668,29.452042931106746,41.887679236631044,-1.3137702562505673
2015-11-09,29.364290403094753,29.67458701863128,29.260860170721138,29.519439697265625,30.298206251350866,29.45468594154435,41.832251214815244,-1.637070015772579
2015-11-10,29.483234701844175,29.62804056816423,29.328087391248843,29.369461059570312,30.209754328324145,29.451343789310076,40.17006028199027,-2.1705193793854503
2015-11-11,29.47807079134066,29.86076942052584,29.47807079134066,29.586673736572266,30.15041331958587,29.456650846065457,43.66158214300141,0.21022784093126115
2015-11-12,29.555636530685774,29.684926275836972,29.26602679133731,29.35394287109375,30.07455899115805,29.452623082341077,40.90704989745869,-0.5606367460531607
2015-11-13,29.35395286378064,29.498758769152246,29.09537328545246,29.105716705322266,29.982288297268926,29.43901891069328,38.14302600031995,-0.8980224516653271
2015-11-16,29.105706831754045,29.43668826408594,29.09019269361503,29.359115600585938,29.922938516632453,29.43588544755182,42.42018815973585,-0.7691237548783395
2015-11-17,29.4004923890443,29.52978215675831,29.22465822604103,29.312576293945312,29.86480878113844,29.43104979446921,41.84786642285726,-0.14092340960836702
2015-11-18,29.42117427781286,29.555636718394855,29.188452340501687,29.509092330932617,29.83093102397598,29.434110286095226,45.20939288965903,1.385898274535842
2015-11-19,29.591842477504976,30.010740059639197,29.591842477504976,29.715959548950195,29.819981359687812,29.44516319836405,48.579076413407265,1.2154451558381958
2015-11-20,29.762505402102676,30.191748396160133,29.519441969945134,29.545299530029297,29.79382118543462,29.449090113331316,46.06225172805471,0.793936478835041
2015-11-23,29.643558723074985,29.912481685179173,29.55046992954641,29.7987060546875,29.794286411077753,29.462800542404107,50.18892699542476,0.9814389426383612
2015-11-24,29.67976123827207,29.907312511038768,29.48324022255687,29.772850036621097,29.79224485160569,29.474959346098892,49.77051115550878,0.19144758754025096
2015-11-25,29.788367502317943,29.85559874702797,29.56081817696838,29.736652374267575,29.786950329954443,29.485221817791782,49.15270645555958,0.64765917855661
2015-11-27,29.78318710291725,30.01073635434248,29.736642713670605,29.86593246459961,29.794472438015887,29.500151647078365,51.46971560490509,0.2256017754218368
2015-11-30,29.974536250737536,30.2538025943121,29.73664357560591,29.788358688354492,29.793890176143375,29.511453883991155,49.9974843616266,0.05208991317364306
2015-12-01,29.819396679655984,29.97454403097711,29.617704925657957,29.938343048095703,29.807647592519785,29.528194635524667,52.80813658447896,0.67825615099385
2015-12-02,29.938333140466263,30.20208532595251,29.86593119866375,29.9124755859375,29.81763121094052,29.54326447671733,52.26250685337851,0.15584017473105405
2015-12-03,29.840072075321658,29.995219367142457,29.405658474540505,29.52460479736328,29.789723933456973,29.542532724585797,44.78955970050563,-0.8854260610683572
2015-12-04,29.7159612328589,30.29000814603698,29.700447091250428,30.25897789001465,29.834414786462464,29.570628613426145,57.2526387824119,1.0709839265447927
2015-12-07,30.300344075307382,30.46583478757766,30.031421174666963,30.13485336303711,29.86302798423148,29.592755074195203,54.99300966468603,0.7434281942352975
2015-12-08,30.088312517528813,30.1814013007356,29.871104699111257,30.11417007446289,29.886946278539234,29.613202721264525,54.606259284430855,1.9968608594288821
2015-12-09,30.00557608034169,30.238298107609182,29.503931040765735,29.64873695373535,29.86425967617696,29.614596220577106,46.654876173154165,-2.016726865320438
2015-12-10,29.72630095596003,29.819389739648837,29.39014876846614,29.57115364074707,29.836344815659828,29.612892589995536,45.46641050546585,-1.8705905600372472
2015-12-11,29.33326350556336,29.524611811842863,29.085027385112983,29.198801040649418,29.775626360896933,29.596653705707453,40.17667083337933,-3.0396621641906543
2015-12-14,29.162592417737653,29.783183542571063,29.0488168192235,29.74698257446289,29.772898381236548,29.60254895546257,49.4930918816926,0.3313652817010183
2015-12-15,29.881447497368505,30.119342145526726,29.560809457857548,29.653898239135746,29.761565034369806,29.604562652861517,48.12263672662528,0.2798152530466681
2015-12-16,29.850424827569515,30.58996252178807,29.684934068158903,30.48653030395508,29.83060934575888,29.639149619571068,59.046425028713635,4.4102128080976275
2015-12-17,30.403781258563143,30.486526628292108,30.17105928969881,30.21760368347168,29.867465949350574,29.66183409266521,55.01687419556435,1.5820801583176594
2015-12-18,30.062458622933967,30.093486905912805,29.534956111434557,29.545299530029297,29.83678343322474,29.657264109816744,46.47755932247835,-0.36622068448028083
2015-12-21,29.700447181712978,29.850423793736297,29.29189102046549,29.70561790466309,29.82429147812363,29.65916033706562,48.52914967844757,-2.561499755814071
2015-12-22,29.859705005568163,30.2357593127646,29.640341321306263,30.173084259033203,29.857509838210255,29.67931421635847,54.05892667191353,-0.14732943387839734
2015-12-23,30.261863635547865,30.549128353289117,30.12606739912748,30.51778984069824,29.920393647971014,29.712195613391405,57.67031317461405,3.2915229364336636
2015-12-24,30.460330350842657,30.59612855048167,30.423769756878983,30.44466209411621,29.97032397617532,29.740919789106105,56.65286276264437,2.487893676627103
2015-12-28,30.35065199437407,30.523008815026273,30.20440960201424,30.43421936035156,30.014504488954007,29.76810800758632,56.499569601556644,0.8654571043401946
2015-12-29,30.60135722724257,30.81027665979051,30.47600516923313,30.77371406555176,30.086810162915697,29.80754353927124,60.26391510338937,0.8386066821661659
2015-12-30,30.80505404671429,30.883399335755534,30.617026946938054,30.711040496826172,30.14626067090717,29.842974792508688,59.24466382315345,0.8749593011953373
2015-12-31,30.55957593998307,30.658813578053547,30.345434394404517,30.40288734436035,30.17070130647414,29.864932147483263,54.37509173665522,-0.1029499578097457
2016-01-04,30.052954682400113,30.073847030027338,29.541104119956803,29.974609375,30.152025884428983,29.869233215229016,48.418513931994404,-2.5967118848559227
2016-01-05,30.021609990581112,30.679704858751993,29.990271475581327,30.580467224121097,30.192829821542517,29.89712474498949,55.79570413033607,-0.42516720564569815
2016-01-06,30.31931760428637,31.060979821454666,30.29320317244598,30.90428924560547,30.260587861929466,29.93662139207247,59.15791794508081,1.6491917217136478
2016-01-07,30.25142138378394,30.972191327523493,30.204416597413168,30.3663272857666,30.27065828324729,29.953472603589887,52.072016347819975,1.3068324122792727
2016-01-08,30.449896554261347,30.93563263416909,30.3088762092168,30.418560028076172,30.284744163707185,29.97171132611876,52.66486225430608,-0.5294464432421004
2016-01-11,30.648368666082643,31.202003851941893,30.648368666082643,31.05575942993164,30.358174189061895,30.014223016464364,59.28181841077129,0.4901267365264213
2016-01-12,31.31690038164621,31.37957740161979,30.773711496294393,31.01396942138672,30.420630877854734,30.053428757833867,58.702241493749234,2.132764128916183
2016-01-13,30.998300589877253,30.998300589877253,30.136512446005263,30.178295135498047,30.397551283344573,30.05832547852658,48.49252613199729,-0.7898628086154037
2016-01-14,30.13651140449138,30.658807955722068,30.037273784619483,30.408105850219727,30.398556480189825,30.07204235584788,51.01562593974163,-2.0854540078891244
2016-01-15,29.797024727902784,30.371552262328727,29.682120814940543,29.87537002563477,30.34872919880363,30.064329715447368,45.45672841841869,-3.6712469154844474
2016-01-19,30.17829377148278,30.632693200749593,30.131287002675982,30.502119064331055,30.36333775742529,30.081497925207515,52.07325203325621,1.0730358603064394
2016-01-20,30.068608100473845,30.366316933753552,29.326948057539266,29.885805130004883,30.317858459575724,30.07382369794467,46.14524593727893,-1.7176364841253986
2016-01-21,30.0216077437681,30.157405972867203,29.645553561528587,30.005939483642575,30.288151890439234,30.071161571893608,47.40217746237956,0.4370471659288884
2016-01-22,30.371546468405658,30.507342700511323,30.04249907006824,30.439443588256836,30.30256062356472,30.085604003907854,51.77600300754113,-0.20547908800051526
2016-01-25,30.549125833137857,30.888617392384123,30.43421995552052,30.502119064331055,30.32156618935199,30.10193792784602,52.39239800964017,2.0622296493106766
2016-01-26,30.664027314248347,31.181101730583784,30.476000253762734,30.794601440429688,30.366617165645106,30.129101202849302,55.26596124684202,2.628352820670867
2016-01-27,30.81027169040552,31.400465306214965,30.55956761482267,30.794601440429688,30.407377572767448,30.155199251381866,55.26596124684202,1.1667685420829017
2016-01-28,30.350649869340483,31.280336999797495,30.30364310474417,31.144540786743164,30.477583593146086,30.19399695865094,58.72307911014088,2.106154398837661
2016-01-29,31.45269602797149,31.954100192351824,31.34823632895816,31.917539596557617,30.61472226013766,30.26158686601983,65.13310873003815,3.6465422626111472
2016-02-01,31.719078318387556,32.05857196999026,31.70341005497333,31.828760147094727,30.730344916038334,30.323044641748258,63.90564055360225,3.358246764990796
2016-02-02,31.567612589614168,31.755639724918915,31.363917190501976,31.59372901916504,30.812571973478974,30.372875401646954,60.64715010393141,1.442269563380669
2016-02-03,31.598940411101204,31.870534848764336,30.888616803736568,31.25422477722168,30.854634145263994,30.40743812225773,56.19015655226541,-2.078214134674333
2016-02-04,30.998299240076168,31.316900452248937,30.747597136826258,31.066198348999023,30.87478311704828,30.43327185663974,53.83065822870395,-2.3958262733815863
2016-02-05,31.233335494995114,31.33779521084527,30.731931249798397,31.233335494995117,30.908930962567027,30.464646901281128,55.61482772499446,-1.1407122089048238
2016-02-08,30.87295767526534,31.557165064261422,30.815504720561048,31.400476455688477,30.955744819054782,30.501346099493183,57.388227395140845,0.46794210865657504
2016-02-09,31.41614161702977,31.92799205131903,31.196776006675268,31.572830200195312,31.01451485535388,30.543365083834445,59.19859330219578,1.6308138044596407
2016-02-10,31.65639749058511,31.901877532060265,31.296011558648654,31.363910675048828,31.04779064770578,30.57554334231344,56.08795607091242,0.4180635144608059
2016-02-11,31.11321112376844,31.494487437251895,30.909515750083106,31.332576751708984,31.074913133801324,30.60523092699562,55.61593902457047,-0.21623781433797815
2016-02-12,31.510149637627222,31.672060281786365,31.08186466324983,31.32212257385254,31.09845688999668,30.63334432491158,55.448276534437205,-0.7940613012932319
2016-02-16,31.473595418164233,31.619839835769188,31.196778829774953,31.494487762451172,31.136174115944726,30.667114655795487,57.71187516933174,0.4163291011609172
2016-02-17,31.58327347500521,31.729515873561223,31.259448174769393,31.54671287536621,31.17527304541344,30.70160870362179,58.40152219142593,0.6834296628525672
2016-02-18,31.504932503522575,31.70340578042586,31.457925727213993,31.66162109375,31.22159190715978,30.7392562483327,59.94918443739597,1.0838937211134971
2016-02-19,31.661619877112113,31.823532543154084,31.35346479813123,31.63028335571289,31.260514902260077,30.774198487837808,59.30120163286844,0.4311725730736253
2016-02-22,31.63027699209132,32.04811379671278,31.63027699209132,31.96976852416992,31.32806286625149,30.821083587301814,63.85865613847051,1.3410451050006469
2016-02-23,31.97499858233275,32.26226131468545,31.88098503466773,32.13168716430664,31.404598513685315,30.872479806007888,65.82436019837074,1.4846557261385191
2016-02-24,31.96455121788211,32.079455111091434,31.66684232552505,32.048118591308594,31.465886140125626,30.918583287784386,63.89285036897612,1.3209974469616503
2016-02-25,32.12124612667278,32.617428375890746,32.05857108234744,32.580867767333984,31.57207486652642,30.983770914433393,69.94710953898947,1.9114909846846724
2016-02-26,32.65919654843173,32.65919654843173,32.00632598258333,32.14212417602539,31.626365276954893,31.02919653253504,60.89187266256604,0.032481990956092444
2016-02-29,32.12646025649044,32.50773849537184,32.00111019889931,32.157798767089844,31.67697799030108,31.07345544369405,61.08569749198339,0.3422359271067947
2016-03-01,32.45029060649386,32.533857988696624,32.02722961336534,32.241371154785156,31.730729720251944,31.11925605981527,62.16245188046316,-1.0420121863335143
2016-03-02,32.110796351577065,32.22047816494284,31.87576247121934,32.12124252319336,31.767921415770175,31.158549646614414,59.60922573138487,-0.06496662360481684
2016-03-03,32.12124141516872,32.533856213963155,31.94366048862449,32.50251770019531,31.837882966667806,31.211254276166606,64.5816297214412,1.0719606015392218
2016-03-04,32.46073616859972,32.94124810913915,32.31971584020571,32.89424133300781,31.938488525366854,31.277253768591752,68.82762963382505,2.0249454500192976
2016-03-07,32.831568444456174,32.94647434749858,32.17347353554522,32.28315734863281,31.97131412758266,31.316700967809048,57.28956996018454,0.5040739794624739
2016-03-08,32.26226498079639,32.58608835266044,32.09513020871148,32.53908157348633,32.02538721766872,31.364637462149336,60.29180887243731,0.11249551074252906
2016-03-09,32.71665898065582,32.84723313175512,32.59130891134641,32.805450439453125,32.09967895307676,31.421139931847524,63.19189882017595,-0.26992838246611284
2016-03-10,32.85767539092853,32.98302743771707,32.60174920858671,32.90468215942383,32.176345925109814,31.479318058419146,64.2397125997698,1.9252293202893214
2016-03-11,33.09705481272018,33.128676926808986,32.53841153685493,32.68070602416992,32.224380220258396,31.526431311978,60.08229978624741,0.4352441551361823
2016-03-14,32.749219599478735,32.833543226615035,32.44881655215357,32.68070602416992,32.267839820630925,31.57169698696592,60.08229978624741,-0.380255151543905
2016-03-15,32.51204765457224,32.70704760913521,32.50150695347966,32.60164260864258,32.29963056234632,31.6120870113454,58.53151156809537,-0.9209617929540163
2016-03-16,32.585841622392316,32.791380324762706,32.295977287835385,32.71232604980469,32.33893489448521,31.655233640304587,60.08474461363217,0.09675441409185027
2016-03-17,32.71232284713206,33.033807251850554,32.68070073815804,32.84934997558594,32.387545854590044,31.70206173188425,61.98316675677317,0.5160352144512739
2016-03-18,32.88097517587459,32.90732593222471,32.35395200713691,32.433006286621094,32.391875419545386,31.73072622422687,53.63580982965014,-0.5172632681298687
2016-03-21,32.38557368333452,32.67543602013606,32.180034971974045,32.527870178222656,32.404827301324175,31.76198677144239,55.11891584599442,-0.5638726860975775
2016-03-22,32.38556776388709,32.49624212509303,32.0271919186582,32.148406982421875,32.38040631857157,31.777140505206294,48.44349848087058,-2.133810847657602
2016-03-23,32.07462062697803,32.559480829910996,31.79529907574201,32.36448287963867,32.378889800577966,31.80017353949776,52.007764314646195,-0.21127676656569574
2016-03-24,32.04827166462964,32.30124248161838,31.890163144882504,32.08516311645508,32.3509158306615,31.811349601339224,47.44184491368738,-1.361008450113557
2016-03-28,32.07989573339323,32.59637813335014,32.06935503007571,32.48043441772461,32.36325093419132,31.83758822158963,53.644021289342284,1.032795918890415
2016-03-29,32.60164164762685,32.981098834041575,32.40137235363762,32.69123458862305,32.394487472708626,31.87106454970859,56.58634663703049,1.00959965960075
2016-03-30,32.75976264029926,33.09705717289717,32.69124906010469,32.98111343383789,32.450356611863796,31.914595878497973,60.316487962997485,2.7924131603473716
2016-03-31,32.98110884782502,33.20245760015118,32.870432461228226,33.02326965332031,32.50491975866918,31.958073281432185,60.843394762109085,1.6712683968890432
2016-04-01,32.85988952418997,33.28150961309322,32.733405105865856,33.23407745361328,32.57436334866386,32.0081126607334,63.45642500525274,1.6605150335287442
2016-04-04,33.218268217105596,33.36056470764085,33.0285395630586,33.323673248291016,32.645726196247395,32.059703272010175,64.53952749559035,1.0386544867271408
2016-04-05,33.22353835627076,33.344753434037855,33.09178257472822,33.165565490722656,32.695234700483134,32.10307041784204,61.09811620011461,0.4308956650754801
2016-04-06,33.20244788806156,33.53974227509638,33.16028508446564,33.497581481933594,32.77164867966889,32.15775712623779,65.28437688419729,0.7928730041870434
2016-04-07,33.31839586077549,33.576636013903816,33.11285720530466,33.41852951049805,32.8332563778431,32.20719918052251,63.53137541071042,0.28465127928805356
2016-04-08,33.42380748170025,33.708400467534894,33.42380748170025,33.62407684326172,32.908572612644875,32.26276301043385,66.0816752078883,1.3824921895793427
2016-04-11,33.7874474987181,33.813800259129245,33.31839731364008,33.36582946777344,32.95212088456188,32.306020518564814,60.369540068323595,-0.3933179899307497
2016-04-12,33.518671116916906,33.71894047433543,33.376376637376985,33.63461685180664,33.01712050048995,32.35812233555469,63.870131737423854,0.6466093645464335
2016-04-13,33.78745373497841,33.78745373497841,32.164221503194504,32.71232604980469,32.98809245756755,32.37201267728999,48.15283414540695,-2.7116009688746194
2016-04-14,32.775563620103334,33.02326510347442,32.41191842976928,32.4593505859375,32.93773608884088,32.375437693315384,44.88979073203519,-2.7167880921751544
2016-04-15,32.522596396766815,32.54367780416428,32.06935618988963,32.50678634643555,32.89669325623085,32.38058862088872,45.633738792415635,-3.353183746199011
2016-04-18,32.50678210740657,32.89677804123416,32.45408060621909,32.76502227783203,32.88415316305001,32.395664450572774,49.620837483201086,0.1610898226775848
2016-04-19,32.67017378044643,32.722875303899535,32.21693344118644,32.522605895996094,32.849720089997255,32.40064254647173,46.19583920893103,0.19487546397800734
2016-04-20,32.448803148520746,32.63326037842703,32.25907456322684,32.401371002197266,32.80702017687344,32.400671113362925,44.540078399045335,-0.3242871907263768
2016-04-21,32.33285967806076,32.36975112657829,31.668811594312064,31.716243743896484,32.703136707066115,32.37383082436424,36.56419120483213,-3.2009089603003975
2016-04-22,31.74787711619698,31.916524372263233,31.347338375214225,31.895442962646484,32.626213493311866,32.35507051606159,39.61026685571477,-1.9283907794941497
2016-04-25,31.884889892211433,32.269616421559704,31.721512046693775,32.264347076416016,32.59175002503607,32.351512734114706,45.42055158967096,-0.4228954564050943
2016-04-26,32.29070586575126,32.42773098838048,32.03773501675097,32.33286666870117,32.56709446728989,32.3507815158632,46.45110562618731,1.9441864862176537
2016-04-27,32.38029770766891,32.6648906568554,32.13786757040643,32.438270568847656,32.554825524581105,32.35421245911749,48.07531528481955,1.7018970604574775
2016-04-28,32.464614832405516,32.991637813518814,32.44353544109016,32.77555847167969,32.57584771001906,32.37073583215915,52.9891285644317,1.5844467394703534
2016-04-29,32.82299009882717,33.27096083191491,32.8071800529836,33.04961013793945,32.620967941249575,32.39735835395445,56.58421093437216,2.216764373485332
2016-05-02,33.112858511143514,33.42380017419164,32.991641442971066,33.26569366455078,32.68237039108779,32.43141071907588,59.23154468149285,2.5507620510994418
2016-05-03,33.22879944527719,33.444878792891885,33.08650299532119,33.30785369873047,32.7419402299109,32.46578103200351,59.74727218462906,1.6240615015323707
2016-05-04,33.170836053593845,33.51340190233801,33.03908026722052,33.323673248291016,32.79734337451853,32.49942386401479,59.95198961568966,0.8292476347155167
2016-05-05,33.02853476308585,33.508127685802876,32.98637396299908,33.11812973022461,32.82789445601435,32.52368683916027,55.96906647985609,-0.44359193532591734
2016-05-06,33.05489111673101,33.31313132271152,33.02326900540467,33.165565490722656,32.86005360217705,32.548858550986246,56.68427175746414,-0.42719116426657006
2016-05-09,33.28677004488224,33.61352371688318,33.16028364999924,33.5502815246582,32.9257895947943,32.588130040149856,62.06598693473854,0.6800219011834446
2016-05-10,33.71893489720083,34.07204139030929,33.576638430763104,34.04568862915039,33.03244664568536,32.645289200502816,67.64133857544768,2.8007586976726615
2016-05-11,34.00879773057649,34.187987663471766,33.8981233694648,34.050960540771484,33.1294479690269,32.700413566787866,67.69575045210604,2.669621449079462
2016-05-12,34.07732322270511,34.38299363343616,33.91394329085424,34.26704788208008,33.237790817889106,32.76185020660325,69.92784983168572,2.136394464812698
2016-05-13,34.09839645512415,34.53582663794815,33.92448187016518,34.03515625,33.31373038285205,32.811783776932536,64.75678939850346,-0.03093601443964525
2016-05-16,33.88758997637174,34.21961311162546,33.55029347336888,34.13002014160156,33.39147226463772,32.86347932064505,65.86873208684885,0.23218023684064593
2016-05-17,33.966626333092435,33.98770773286023,33.465956156421456,33.66622543334961,33.41763923308647,32.894959560358956,56.485481598495284,-1.7533533988630177
2016-05-18,33.57664463456543,33.592456696268975,33.01800137840686,33.19718933105469,33.39664400432154,32.90681170822938,48.89901902790757,-2.462062794100769
2016-05-19,33.13920623153145,33.40271772698796,32.975828380592475,33.386905670166016,33.39571654392577,32.92563892242297,51.723394038032964,-2.1773045206315427
2016-05-20,33.51340256200641,33.5713754308212,33.075972377628496,33.18137741088867,33.375303293160336,32.935667882754956,48.59015926823864,-1.4401615156436554
2016-05-23,33.1971855717304,33.38691219678381,33.10232125398692,33.328941345214844,33.37088786954648,32.95109037147888,50.89036152095293,0.39687701523847785
2016-05-24,33.513396103994666,33.79271968987372,33.47123329464183,33.61880111694336,33.394498655012846,32.97727510659513,55.13659974692101,0.6945700481148862
2016-05-25,33.61879391556684,33.808522496146644,33.53973967018093,33.68730545043945,33.422385016482046,33.005119433804715,56.10263038163909,1.524734893569421
2016-05-26,33.65041505147292,33.776899435502855,33.545012068258984,33.729469299316406,33.451631138656744,33.033525310883604,56.72034711744098,1.201742203429056
2016-05-27,33.76110223798102,33.87177661873289,33.55556352788931,33.70840072631836,33.47608538510071,33.059991013449675,56.294068971970326,0.26651637297632
2016-05-31,33.79272199803699,33.88231495838119,33.32894111564489,33.53974914550781,33.48214860037758,33.078805057844114,52.86880786144738,-0.4380175349694398
2016-06-01,33.56082831829257,33.992987062751794,33.55028761593584,33.91393280029297,33.523270905131426,33.11155516539113,58.85110884019936,0.5468912046603147
2016-06-02,33.866504041882635,33.91920554539059,33.68731410491519,33.892852783203125,33.55846917923349,33.14219428765827,58.40137688190092,0.547199074742077
2016-06-03,33.992995474238704,34.520018659885814,33.935022602148095,34.414615631103516,33.64000693655444,33.19209316387181,65.44096949963212,2.608446717356798
2016-06-06,34.49893127466495,34.59906694927188,34.193256914924824,34.36190414428711,33.7087590515766,33.237968104280256,64.25789561530267,1.320906503625173
2016-06-07,34.37244832309452,34.48839405213623,34.24069254388662,34.3092041015625,33.7659442944324,33.27997735907564,63.0310024657403,1.2284339740374806
2016-06-08,34.26703492504244,34.61487204758664,34.187984688888335,34.583251953125,33.84378311906979,33.33108616668542,66.60208372255573,0.4900136727637106
2016-06-09,34.5200110583358,34.783522593132254,34.388255290937565,34.709739685058594,33.926255172973484,33.38515101054319,68.13218787288412,1.012270854696841
2016-06-10,34.55163252175193,34.88365964207621,34.53055111563077,34.85203552246094,34.014424730067525,33.44267589336349,69.80798775065088,1.5821743322623913
2016-06-13,34.81748655207357,35.03011323525063,34.45070562498105,34.466651916503906,34.05749398591861,33.48283181583959,60.524950878406976,-0.33715752578484043
2016-06-14,34.535760495065716,34.75901670406267,34.29655393784016,34.711177825927734,34.119749589729004,33.53100224760775,63.81310806038029,0.004143335219997912
2016-06-15,34.780286561134915,34.93444084660012,34.461348478163146,34.72713088989258,34.17759542783982,33.57790925318755,64.02365591762857,-0.3583854736055879
2016-06-16,34.727118919951245,35.083266255585535,34.58359419599832,35.05668640136719,34.26131837769957,33.635900513900474,68.14674330714935,1.7118996248682656
2016-06-17,35.00353814879546,35.046064302329036,34.51981633278198,34.76433563232422,34.309224782901914,33.68015287148572,61.42180323123861,0.1531431939966549
2016-06-20,34.960993983042634,35.1789373659779,34.854682709498434,35.019466400146484,34.37686684168711,33.73267497064889,64.69603953659689,0.8418072635507913
2016-06-21,35.23741988259329,35.4819391262395,35.16831794053554,35.17894744873047,34.453255470929335,33.789391538416794,66.60410018651746,0.34875243473813644
2016-06-22,35.27463010274599,35.40220448177031,35.13110537776678,35.163002014160156,34.52085037980846,33.84325861589693,66.21874460758282,1.146768303160822
2016-06-23,35.343736314095054,35.386262464076815,35.06200766762042,35.24805450439453,34.59010791548332,33.898348650739976,67.30535212926307,0.6527458232404441
2016-06-24,34.62611406639391,36.14638898644137,34.588904710540255,35.62545394897461,34.68871229962535,33.96607827027859,71.66123982509319,1.2692434897174676
2016-06-27,35.65203084144628,36.135756482939854,35.588241641481055,36.10917663574219,34.82399461735076,34.05012134343402,76.06319893028956,2.6908243533956693
2016-06-28,35.981615451633985,36.10387306022239,35.59888822289039,36.09856033325195,34.945381828388975,34.130452284211195,75.78496523436908,2.4129156653210053
2016-06-29,36.2739696655722,36.36965146237962,35.89124247834252,36.0560302734375,35.051157870774546,34.2059651465338,74.60756158632446,1.2086198959867112
2016-06-30,36.093235354692006,36.81616349915213,35.93376436042268,36.65669250488281,35.20406593116581,34.30207210176317,79.46091962345969,1.5162790186655037
2016-07-01,36.826795121324295,37.012841921646775,36.603538960937314,36.6885871887207,35.345448908075795,34.39566092870268,79.68297975669829,1.634488605700019
2016-07-05,36.7417507910302,37.28926174242209,36.67796157178897,37.00221633911133,35.50323628246013,34.4978787879344,81.77013976216448,2.6242103151629643
2016-07-06,36.98096012323597,37.20953313183795,36.78427970241004,37.06069564819336,35.651565745863294,34.598381409905336,82.13859259675633,1.1021265578085968
2016-07-07,37.15637854428165,37.18295434969309,36.81086062979383,36.837440490722656,35.76450619775466,34.68618764836876,75.8368213360031,0.40572099774862846
2016-07-08,36.91184981380816,37.15105227904717,36.619487640279274,37.11915969848633,35.89352081687196,34.78159831700082,78.11820327353074,0.31604420206416367
2016-07-11,37.156361478676736,37.24140969465576,36.74705451926141,37.14041519165039,36.012272662088954,34.8741009395361,78.28479265851604,0.21510536179295228
2016-07-12,37.02347980656234,37.13510789978616,36.59290966925155,36.60886001586914,36.069090505306114,34.942130707235435,64.96479198996195,-0.6205112836519752
2016-07-13,36.62481150095839,36.84806771906735,36.61417793503865,36.72049331665039,36.131128868291285,35.01187041740857,66.26305502589128,-1.0740177985553767
2016-07-14,36.614162500268094,36.84273540498158,36.51848072491092,36.63542556762695,36.17915712537087,35.0755392468289,64.30747624619961,-1.3596768410304827
2016-07-15,36.768322302714466,36.933110085990485,36.651377442168915,36.89590072631836,36.247418420699205,35.14692597151476,67.4729226000726,0.7840744298642265
2016-07-18,36.84274070968007,36.90121313945708,36.58227519418361,36.7683219909668,36.297028284534214,35.21051012914033,64.45763506264656,0.1302506311774385
2016-07-19,36.57696315776577,36.800223398384766,36.38559955467321,36.79490661621094,36.34444526850343,35.27264332471173,64.8105327687786,0.4353192193430134
2016-07-20,36.805538554275806,36.869327778022374,36.60354542902021,36.68328094482422,36.376715332914934,35.32796244706908,62.025741164302595,-0.5762693884919199
2016-07-21,36.65137607287741,36.67795592401421,36.27928249005753,36.5344352722168,36.39173627951511,35.375275106878796,58.421009207180084,-0.6361093084624886
2016-07-22,36.64607993082991,36.69391881790603,36.52381823799473,36.603553771972656,36.41190937403488,35.42344289766679,59.59530004861656,-0.520052533993865
2016-07-25,36.56101408050567,36.64606636673913,36.38028405553392,36.57164764404297,36.42712254260707,35.468470534779584,58.77016858300018,-0.30431656576509347
2016-07-26,36.56632243003809,36.63542435503062,35.939076158016874,36.10917663574219,36.396841980048514,35.4935962642291,48.32573880781235,-1.1639940053979818
2016-07-27,36.48659418815527,36.48659418815527,35.14705316704996,35.481937408447266,36.30970821132458,35.49313905419844,38.366732749549634,-3.064228054228473
2016-07-28,35.513838285092774,35.747728063870916,35.24805592030563,35.673309326171875,36.24909879369099,35.500204555060144,42.27539500674101,-2.45637912356246
2016-07-29,35.72113712076242,36.17297024510843,35.51382726499895,35.98691940307617,36.22412932791815,35.51929141184509,48.08567004495763,-0.338576628039203
2016-08-01,35.96566300350097,36.14639302196307,35.737090061876735,35.96034622192383,36.19900712734726,35.536587678907004,47.64802816345996,1.3483164912033991
2016-08-02,36.082600460528155,36.14638966698496,35.73708674488865,35.795555114746094,36.160583126147145,35.54674326462619,44.91781395029983,0.34268137967377366
2016-08-03,35.75302983032013,35.77429289723459,35.11514998943241,35.279937744140625,36.07671213738462,35.53628030303852,37.648717538353296,-1.9645517612021937
2016-08-04,35.375620998004486,35.59887712667679,35.27462243981275,35.4128303527832,36.01348530075591,35.5314391285187,40.329014994159905,-1.5225544986739388
2016-08-05,35.42347412459776,35.55636531025592,35.221480982383525,35.3650016784668,35.951724955775994,35.52491216969314,39.66809161981936,-1.202812569602892
2016-08-08,35.25336591321477,35.42878321351235,34.9237943843693,35.34373092651367,35.89382076251292,35.517807022901785,39.35916272491509,0.18081999700705764
2016-08-09,35.375620998004486,35.572297278042484,35.17362388162102,35.4128303527832,35.848012152062466,35.51369029074027,40.96752723096214,0.0
2016-08-10,35.43940490409554,35.65734829981659,35.42345861767993,35.52976989746094,35.81770336590994,35.51432086355285,43.68947930962706,0.4659075672954526
2016-08-11,35.64672022761085,35.72645572748241,35.46599021305023,35.476619720458984,35.78521920920033,35.51284238735309,42.72520270197455,0.3759897171626095
2016-08-12,35.58824779807277,35.683929586815445,35.44472714271675,35.476619720458984,35.755828781701155,35.51142189061215,42.72520270197455,0.180130667445416
2016-08-15,35.43942076096179,35.450054327006946,35.21616454021961,35.22148132324219,35.70493854756221,35.50005167228392,38.049813499848995,-0.8676908831902714
2016-08-16,35.12579950642166,35.34905572716384,35.08859013629797,35.22148132324219,35.658895002388874,35.48912734487052,38.04981349984899,-0.7191733576287183
2016-08-17,35.30651860727759,35.44472653431491,35.01947324597664,35.327781677246094,35.62736039999432,35.48280006378721,41.16100768614922,-0.41953840130675507
2016-08-18,35.32779002173111,35.386262464076815,35.141743184957,35.24805450439453,35.59123602898482,35.473594355575734,39.55644001999915,0.07544594989765084
2016-08-19,35.29589543091381,35.386260452851374,35.046059383366824,35.25868606567383,35.55956460390758,35.46516657950115,39.89293063630998,0.1056308282158755
2016-08-22,35.29057597836356,35.33310212271059,35.13110496482036,35.26399612426758,35.531415224894246,35.45727754204101,40.072377931836634,-0.1805535189309625
2016-08-23,35.39157088715161,35.460672822912315,35.28525553730908,35.327781677246094,35.512021553689664,35.45219927283337,42.30075751266634,0.22618886055575793
2016-08-24,35.23210486554563,35.27994779361002,34.982268827529296,35.16831970214844,35.47928804401907,35.441066740649646,38.451355437784926,-0.2562953235326798
2016-08-25,35.216158275682716,35.24805085711052,34.92379609420631,35.040740966796875,35.437521655712196,35.425367690694635,35.65572213567364,-0.6330965914468948
2016-08-26,35.06732339555735,35.39157818226141,34.934432222498856,34.99290466308594,35.39517718022398,35.408408356278606,34.638782497537676,-0.9479140728947715
2016-08-29,34.992892939825,35.1576766414466,34.93442051882725,35.13641357421875,35.3705330272711,35.39774189423704,40.153353080806134,-0.09072406131401936
2016-08-30,35.14704479501767,35.21082993693814,34.955681258226015,35.019466400146484,35.33709811040209,35.382907561135454,37.385219479273026,-0.06071380359950009
2016-08-31,34.92911421434746,35.152370403927506,34.923797432067,35.131107330322266,35.317479940870676,35.373033042280035,41.52924417617212,0.3949448282929148
2016-09-01,35.03542897416932,35.26399788654533,34.93974717236508,35.25336837768555,35.31137407771019,35.36834031033516,45.7626805662642,0.33285925218222084
2016-09-02,35.40751618583678,35.737087677860686,35.32246390834063,35.5510368347168,35.33419910218701,35.37550487991875,54.41622464532626,1.517928424426504
2016-09-06,35.55635427916058,35.78492720980024,35.48193556272123,35.72113800048828,35.371050425834746,35.38905911994109,58.49179934446455,1.6795105961739782
2016-09-07,35.67861863225234,35.7796131519556,35.34904710899468,35.46599197387695,35.38009247802924,35.39207609460524,51.110172077582185,0.6031298737569468
2016-09-08,35.529776478045484,35.65735490403035,35.173629163749,35.29589080810547,35.372073271369835,35.38830412258564,46.86398154563066,-0.7176894102907552
2016-09-09,35.115156747191726,35.12579031045301,33.78624725341797,33.78624725341797,35.221042222041085,35.32547836301043,26.121996630453975,-5.41665483066039
2016-09-12,33.764994904996236,34.45071192677034,33.75967812167717,34.37629318237305,35.14058993254889,35.28825541475015,37.72388600709276,-3.0725174480007253
2016-09-13,34.45677336486352,34.601664754933346,34.059671059211006,34.10260009765625,35.04173375779721,35.24175912780529,34.9798242389637,-3.3808204953285594
2016-09-14,34.1187063811686,34.2206646568971,33.71086918412022,33.871856689453125,34.93031689414539,35.188037463556185,32.81276656340918,0.2533854541258518
2016-09-15,33.764528383279085,34.01137805583803,33.587442755275596,33.94161605834961,34.836154909783886,35.13915819276377,34.14115438187633,-1.264467700800052
2016-09-16,33.81820421326135,33.8450351303851,33.51769261909919,33.70014572143555,34.72796355851261,35.08272633114306,31.797583111039778,-1.1801281282607023
2016-09-19,33.710873129413066,33.807466053330835,33.592814656387475,33.65721130371094,34.62598715329341,35.02682378104768,31.385058953989784,-0.633698316895108
2016-09-20,33.700131411788604,33.92551552347525,33.646469600326824,33.791358947753906,34.546498752765835,34.97837417974205,34.25504549051817,-0.44269285922448
2016-09-21,33.716232679854876,34.145533326589984,33.592806824793264,34.07577133178711,34.50166756981548,34.94297798962617,39.98644467070444,1.1146112347895265
2016-09-22,34.20993596817929,34.51581287895291,34.18847041902071,34.40848922729492,34.49279344195638,34.92201764600534,45.9253239253444,2.2321454882423692
2016-09-23,34.54264540614568,34.55337613352308,34.18846999066906,34.274330139160156,34.47198741311865,34.896618135932975,44.033139717444676,1.4292742477536637
2016-09-26,34.25286925915054,34.27970017378259,33.796735522135535,33.82356643676758,34.410233034418546,34.854537677142176,38.320282035141254,-0.7401296732622027
2016-09-27,33.95771764990678,34.0382124280533,33.69477186248703,33.979183197021484,34.36918066895216,34.82021005047078,41.158524053771956,-1.2476747451407593
2016-09-28,34.086504581404085,34.29042315911035,34.00064445085413,34.22066116333008,34.35503595413101,34.79669832940644,45.360194753552,-0.15658650544641456
2016-09-29,34.08650770871891,34.124071391339164,33.705503472389395,33.71086883544922,34.29368670473274,34.754116780623804,39.02472559160933,-0.33319254351561384
2016-09-30,33.85574653150836,34.10259408850576,33.75378829198329,33.93087387084961,34.259133101505775,34.72183274494638,42.74151321434074,-0.14217330031673525
2016-10-03,33.828927179307286,33.90405454429433,33.57671212793606,33.726966857910156,34.20845060211572,34.68281839643516,40.290206253321486,-1.4426790384428667
2016-10-04,33.646468239251924,33.70013004854297,33.007881654527765,33.15277099609375,34.10790968725648,34.62281653759824,34.32095630880858,-1.6555427333530834
2016-10-05,33.045450209608134,33.14204106519678,32.63761305460281,32.852264404296875,33.988324422212706,34.55338312060603,31.675939668404645,-3.1788437593980734
2016-10-06,32.73420315183656,33.16350376736532,32.65370839083319,33.15277099609375,33.90874790543947,34.49845715493888,36.91195357023671,-1.702482954472193
2016-10-07,33.31375981239666,33.44791637984916,33.00788095530354,33.22789764404297,33.84390502340171,34.448631291766496,38.187303909863836,0.2266074469554011
2016-10-10,33.36743780412157,33.49622702498276,33.08302639824101,33.136688232421875,33.776551043308395,34.39718254434122,37.20396775366372,0.8657662821190466
2016-10-11,33.54988375738727,33.56598189479777,33.05618639043626,33.265472412109375,33.72787688795611,34.352801754841934,39.57011791510831,0.33994568969484973
2016-10-12,33.3781624817102,33.67330659222863,33.195709423869616,33.56061553955078,33.71194723572703,34.32173562875209,44.71171520561627,1.0013209354142256
2016-10-13,33.51768183514231,33.802095196936804,33.35132897425668,33.64110565185547,33.705200418215455,34.29504425710908,46.059606787740286,1.5222324448828215
2016-10-14,33.625008836896825,33.66257251967333,33.42645764978281,33.50695037841797,33.68631946204427,34.26413861480747,44.12856552896247,0.7259117300877121
2016-10-17,33.50694846214053,33.70013427512402,33.453286646119366,33.501583099365234,33.668725522741504,34.234234476946995,44.0489975245163,-0.17589796622167986
2016-10-18,33.68940221940363,33.861122490805975,33.56061303938543,33.62500762939453,33.664561913851315,34.21034322802337,46.44058605659003,-0.04785223954150751
2016-10-19,33.4103679110745,33.43183346424793,32.970334306358346,33.22254943847656,33.62246548762515,34.17160621666859,40.379584352408024,-0.8487819295085435
2016-10-20,33.190338134765625,33.29229844894967,33.0615489602038,33.190338134765625,33.58131050163853,34.1331251154175,39.93040207460376,-0.9290455429418397
2016-10-21,34.24212324226231,34.52653246503337,34.00064100982132,34.1830940246582,33.63862321811659,34.13508468048576,56.128447843734726,1.6597361149021725
2016-10-24,34.27432640847282,35.041704344743955,34.23139736243371,34.8538818359375,33.75436213409954,34.16327280422897,63.3247356376348,4.9103167126951925
2016-10-25,34.90218153608816,34.93437780995477,34.649966473107625,34.725093841552734,33.846812772904606,34.18530500177108,61.247486002200276,4.624103859850439
2016-10-26,34.644603978069114,34.74119690750792,34.46752035254389,34.623138427734375,33.92074854955506,34.20247494004415,59.58122015099025,1.2873158958599327
2016-10-27,34.376291088345,35.063172329475066,34.36019294896463,34.57484436035156,33.98304338867853,34.217077662409146,58.76567514584012,-0.8005922465090378
2016-10-28,34.80558257438749,35.47099804822895,34.76265148726642,35.35293960571289,34.11350969506275,34.261621268028904,66.67931263940984,1.808046270587363
2016-10-31,35.34758624445463,35.53540468583256,35.23489517962788,35.48174285888672,34.24381761542694,34.30946917355274,67.78161266268515,2.479857315489837
2016-11-01,35.519306138674445,35.551502415644684,35.0953707506483,35.138301849365234,34.32900659008773,34.341972415741466,61.90135911350171,1.6296746939512254
2016-11-02,35.030972234462546,35.3153835835592,34.93974672515507,34.94511413574219,34.38768349919768,34.36562503221209,58.81069032413922,-1.1535829114046297
2016-11-03,34.92900465059243,35.047063094184665,34.55336787019337,34.91827392578125,34.43821592077707,34.38729753784225,58.374609131137525,-1.5880531442506154
2016-11-04,34.8163134904742,34.97193561154315,34.51043665778939,34.54800033569336,34.44867157934053,34.393599608346214,52.58205445279693,-1.679937511500826
2016-11-07,34.666057982101684,35.095360657537576,34.666057982101684,35.025596618652344,34.50361682117975,34.41838380482881,58.326277979615696,0.2303111175929399
2016-11-08,35.036332290020944,35.524660103433725,34.98267047781888,35.33147430419922,34.58246039099112,34.454191275392354,61.53973442042706,1.1833356347917587
2016-11-09,34.41921663021605,34.52654027150752,33.60891167488887,34.36555480957031,34.56180271657009,34.4507153355562,48.75464092462265,-0.5280928689078215
2016-11-10,33.97918401515504,34.0328458371666,32.696647226646334,33.120582580566406,34.42454365599831,34.39855326673307,37.84207951673175,-5.438919595937594
2016-11-11,33.23863697878835,33.41035725527216,33.05618392914091,33.14204406738281,34.302400838034934,34.34927839617031,38.099291491425056,-6.19682671027455
2016-11-14,32.94349589090656,33.15277986904756,32.750310050447986,32.8361701965332,34.16275982455858,34.289940819713955,35.8240049400248,-4.450341691009736
2016-11-15,32.74494132459205,33.17424201093665,32.74494132459205,33.16887664794922,34.06810428392912,34.245977518860435,40.019947807725,0.14581285599471663
2016-11-16,33.158143269461114,33.65183853797607,33.131312360879576,33.62500762939453,34.02590460254487,34.221625758489225,45.30021175852231,1.4572533939964005
2016-11-17,33.62500298001764,33.79135786552839,33.51767731346447,33.70549774169922,33.99538966341671,34.201385444105306,46.20026168709223,2.6474693606558235
2016-11-18,33.67330348222848,33.95771479283364,33.45865212327588,33.68403625488281,33.965736957842054,34.181097240606384,45.98300146042812,1.5531415561685755
2016-11-21,33.684042833578545,34.19920373919829,33.53915344504784,34.177738189697266,33.98592755135208,34.18096551311975,51.61934252910567,1.643807984803384
2016-11-22,34.34409223333329,34.55874362861859,34.23676653569064,34.456783294677734,34.03077095547833,34.19178189671026,54.50862587737842,2.22897035592224
2016-11-23,34.33872034871884,34.39238011674907,34.140167129311536,34.35481643676758,34.061632429886835,34.198175408085056,53.257028592796146,1.9913889677859786
2016-11-25,34.48360325452173,34.64995607844095,34.43530476407639,34.601661682128906,34.11306378724322,34.21399839922403,55.8971072573453,1.2403497565541963
2016-11-28,34.596300125205126,34.950471373799964,34.52653608210969,34.789485931396484,34.17748494382925,34.2365665377406,57.84798678415237,0.9655649915821943
2016-11-29,34.73046251903335,35.07390309992257,34.69826624399207,34.97731018066406,34.253658775908754,34.26561530805132,59.764692269121944,1.8119547954570716
2016-11-30,34.73582122022673,35.089992439283,34.27432024065201,34.3065185546875,34.25869304055435,34.267219356939016,50.868456606064534,-0.8529738547031745
2016-12-01,34.08114378871491,34.129440249467834,33.485490168852024,33.748435974121094,34.21009712946547,34.246874910554,44.88249288811442,-2.992426962928687
2016-12-02,33.78599567731481,34.35481831793402,33.78599567731481,34.338722229003906,34.22234713894532,34.25047676617949,51.397210584870244,-1.8257205838920583
2016-12-05,34.30115712901669,34.462146680210516,34.0328439397832,34.09187316894531,34.20992104656436,34.244257017268346,48.79959010806815,-0.6256693910809532
2016-12-06,34.02210528575984,34.51580045631575,33.94161052891992,34.505069732666016,34.23803044524071,34.25448496689179,53.07475260747853,2.241981699907878
2016-12-07,34.60702779016967,35.138290757284715,34.51043489561544,35.10072708129883,34.3201920296272,34.287670932162655,58.45961042468699,2.2190833054681955
2016-12-08,34.89680684315324,35.218781797030324,34.70898846123609,35.07389450073242,34.391973217351506,34.31850322896931,58.135969665248375,2.880514446714662
2016-12-09,35.13829791012843,35.72321871156718,35.10073422649598,35.56222915649414,34.50342616393652,34.3672767947546,62.2337693379405,3.063779995283737
2016-12-12,35.578330180574724,35.83590854699378,35.524664267947635,35.6802864074707,34.61550809189215,34.418767367802296,63.17229077315022,1.6511319689461819
2016-12-13,35.68564118600758,36.03981643213519,35.664175647381704,35.787601470947266,34.727136032754544,34.47244713655308,64.04693056583811,2.034866616251982
2016-12-14,35.87883854572817,36.05592622607696,35.32611405324637,35.3851432800293,34.789803389637854,34.5082391421796,58.4413625468188,-0.49796056283638646
2016-12-15,35.25099259596396,35.62126206019749,35.17586522095223,35.55686950683594,34.862857305561484,34.54936190157789,60.04815109757021,-0.345896608635195
2016-12-16,35.55149424432521,36.08275316290177,35.32074475942687,35.97542953491211,34.96881656549964,34.605286122492956,63.72911368581128,0.5248411635446552
2016-12-19,36.15250582875638,36.4154515004768,36.06664367807798,36.36178970336914,35.10148067386816,34.67416861586065,66.77239974577326,2.760046541597712
2016-12-20,36.36179732501403,36.46467971801758,35.917766617162435,36.46467971801758,35.23130915426334,34.74438473751386,67.55316857518109,2.553121868636694
2016-12-21,36.53508723598778,36.76251675227277,36.41054014012141,36.42678451538086,35.34516395056025,34.810361199391,66.92938204447842,1.2546201290820882
2016-12-22,36.33472822144814,36.68128864489937,36.32390001567047,36.648799896240234,35.46931975491072,34.88245683456156,68.75001973147546,0.7893181144615127
2016-12-23,36.68128413706416,36.71377701305631,36.556741194958704,36.67045593261719,35.58371367659705,34.95257444625002,68.92970282589809,0.5643165281880516
2016-12-27,36.71378116932719,36.82207975135958,36.610894624468166,36.724609375,35.692370409778285,35.02206601208335,69.40346619645885,0.817598543438241
2016-12-28,36.58924382291192,36.68671422522094,36.49177342060289,36.55675506591797,35.774692757982066,35.08224989654745,66.04200993791467,-0.2511537365012283
2016-12-29,36.42678826029241,36.82208600132572,36.345566375645035,36.74085998535156,35.86670868439821,35.14729342944173,67.8795847793606,0.19199121184569964
2016-12-30,36.80583853480544,36.83832728593719,36.55133230073623,36.61631393432617,35.93809966058183,35.2049020766921,65.30504820632046,-0.2948852078125831
2017-01-03,36.68128863512547,36.84374064103013,36.4159542147189,36.62172317504883,36.00320666195964,35.26046368839236,65.36648767569838,0.17771847915306205
2017-01-04,36.91414022481061,37.24987249621799,36.692126854563135,36.74085998535156,36.073459359425534,35.318518445135865,66.7625450666118,0.0
2017-01-05,36.80582496525513,36.96827279234914,36.54590265804982,36.78416442871094,36.141145556500334,35.37599475821724,67.27885022735096,0.4584035812174235
2017-01-06,36.789585130354254,36.99535405589967,36.70294297349802,36.94662094116211,36.217857497896695,35.437587941862134,69.21109565200254,0.8871722517269235
2017-01-09,36.946633438824186,37.0007827395133,36.74627648181496,36.79500961303711,36.2728243660053,35.49082016426115,65.3336150737091,0.14738258088443254
2017-01-10,36.897885407934155,36.91412978026742,36.57840173517827,36.67045593261719,36.31069403901596,35.537080390471196,62.24822231279956,-0.3091234988200459
2017-01-11,36.70294676180326,36.86539875701352,36.57298764443057,36.63255310058594,36.341347282975,35.580040104593344,61.299518579051934,-0.8500583614299351
2017-01-12,36.535094517479614,36.654225468227,36.4322079452292,36.55675506591797,36.36186230992195,35.618342652096274,59.35144254680159,-0.6475186434921406
2017-01-13,36.54050859561676,36.65422336991302,36.43220585962487,36.59465789794922,36.384033318305505,35.65662952448267,60.03539012533746,-0.20670055154822561
2017-01-17,36.72461554468111,37.10366477680026,36.57299585183345,37.082008361816406,36.45050713197321,35.71252673378987,67.58716596412293,1.2269285736005109
2017-01-18,37.12532179759907,37.47188224300543,37.11990976003044,37.450225830078125,36.54571843655463,35.78067179638941,71.90658841694952,2.44406474959027
2017-01-19,37.43939001124032,37.688480050008295,37.36899634745568,37.661407470703125,36.651974535044964,35.85442613655858,74.0430668350464,2.9150417957963404
2017-01-20,37.720974981998815,37.96464886563733,37.715558813312605,37.910499572753906,36.77183406244581,35.93505646738977,76.32965090109953,2.2342134300109886
2017-01-23,38.02421498913347,38.24622833321819,37.90508406392038,38.202911376953125,36.90812714001794,36.02399195403932,78.701575596915,2.009829127039552
2017-01-24,38.20291274194577,38.33287187803701,38.12168673264132,38.316627502441406,37.04227003167732,36.113899230447245,79.55940628168548,1.739765122288587
2017-01-25,38.46823639070605,38.56570674826045,38.32202878871181,38.4249153137207,37.17395053472907,36.20452731214424,80.37020323576701,1.3569215567301702
2017-01-26,38.484487361790386,38.500731735614465,38.25164169721796,38.3653564453125,37.287417764308444,36.28926570952339,78.52527443527804,0.42521646257927376
2017-01-27,38.365355403522784,38.47365811161906,38.229980116896854,38.46282577514648,37.39936138438826,36.37450335915567,79.36028961134396,0.3815530808283056
2017-01-30,38.43575907849516,38.657772434247235,38.34911689875916,38.609039306640625,37.51456880555515,36.46213221984135,80.5801678609951,0.4791786563916647
2017-01-31,38.6252743002669,38.68483975153507,38.43033357453936,38.54404830932617,37.612614472580965,36.543775988056446,78.36312070876825,0.4657635965623996
2017-02-01,37.88342141008267,38.98808429417681,37.255282200299376,38.65776824951172,37.71215292752675,36.62667764536842,79.42961208540915,0.5068334695554466
2017-02-02,38.80397691057067,39.03140641681354,38.62528052795433,38.69025802612305,37.805305794059734,36.70760236618233,79.73691249002502,0.21036192803806059
2017-02-03,38.711917877197266,38.96642409067783,38.484488375020376,38.711917877197266,37.89164980197759,36.786202974457424,79.95193627820734,0.43552656047931476
2017-02-06,38.66318026001188,38.87978153128398,38.603614807128906,38.603614807128906,37.959455992944385,36.85747402671905,75.63031426852406,-0.1400842439565727
2017-02-07,38.733584913640705,39.13429469389204,38.71192436723161,39.09638977050781,38.06773540033138,36.945274644122534,80.73323798049903,1.0497002736723853
2017-02-08,39.04764869261839,39.3075669339755,39.00974377694856,39.06930923461914,38.16312338454926,37.02857011825966,79.74499017357851,0.923207572808971
2017-02-09,39.069305760407,39.28590702982744,38.93934665128496,39.253414154052734,38.26696060069245,37.115818903977036,81.41094641513357,1.6832603634927734
2017-02-10,39.19927457516939,39.30216113316681,39.08014364092535,39.215518951416016,38.357299491237555,37.19816008230798,79.9532378308471,0.3047063465641723
2017-02-13,39.2425960678923,39.30757357354416,38.98267365130489,39.00975036621094,38.41943766980645,37.26920283853947,72.3751931003133,-0.1524441296121721
2017-02-14,38.98808114033342,39.101795881233635,38.81480094496274,38.923099517822266,38.467405464855574,37.33406153184468,69.39247692590178,-0.8414927550865414
2017-02-15,38.8364576999189,39.134280811912866,38.733571173803995,39.08013153076172,38.525760328275204,37.40253486513555,71.671000336273,-0.34523939571481366
2017-02-16,39.08013604011111,39.37254714965819,38.993498006537415,39.3725471496582,38.606406692216446,37.47979024884232,75.35080747806535,0.9300156500399172
2017-02-17,39.20468828771053,39.518759979886845,39.193855950007155,39.51334381103515,38.692781655913464,37.55953744735969,76.9062861917675,1.5164370271761634
2017-02-21,39.41586618081498,39.92487854479483,39.39420564071737,39.88155746459961,38.80599839959786,37.650597055878904,80.3912856187119,2.0507247607574004
2017-02-22,39.82741579100137,39.94113054975041,39.686624319124576,39.854488372802734,38.905854587522136,37.73702416634651,79.44217131773752,1.2240539615398367
2017-02-23,39.9681910340111,40.36890478411683,39.903213552294055,40.320167541503906,39.04055105932992,37.83832390654876,83.13175422030355,2.0419019314772093
2017-02-24,40.26602346223976,40.4555480272617,40.211874176708584,40.30392837524414,39.16087270846461,37.935014277870145,82.57519518184772,1.0590632299639846
2017-02-27,40.33100264628699,40.48262228914148,40.30934210711843,40.39056396484375,39.2779861614531,38.031310344025975,83.22060831385413,1.345082107256058
2017-02-28,40.24437117649189,40.68840201904602,40.23354296969489,40.56927108764648,39.40096567823342,38.13083821632482,84.49627209194522,0.617813767480391
2017-03-01,40.601752900102625,41.018706914986645,40.43388475557171,40.93748092651367,39.54730046378392,38.24090263633222,86.73413639821841,1.5719374681567713
2017-03-02,40.89416539935769,41.17574831344197,40.75879011063569,41.00246810913086,39.685887858578866,38.34919932154001,87.08837470976539,1.5149680623912936
2017-03-03,41.045788842598206,41.045788842598206,40.59092572808634,40.921241760253906,39.803540611119345,38.45006373090134,84.06676583460805,0.8675794836121806
2017-03-06,40.91042188296304,40.94291063656821,40.5909339909808,40.926666259765625,39.910504958609465,38.547185398699945,84.1064253199796,-0.02641751886849154
2017-03-07,40.75879729443945,41.31654705259216,40.75879729443945,41.20824432373047,40.034099183859084,38.65154065066193,86.04780115762529,0.5018629953004828
2017-03-08,41.04038270641262,41.219079121199535,40.91583559362349,41.06745529174805,40.13251405127708,38.74628240129276,80.73751299893176,0.35730472782513484
2017-03-09,41.14866675489172,41.39234472467592,41.09993363973016,41.2569694519043,40.239605041813,38.84474071700302,82.31925751003268,0.8070610736828762
2017-03-10,41.38152555109132,41.45192335937154,41.224489688970465,41.39776992797851,40.34990645954305,38.944859509590295,83.4092821055063,0.4599215699633634
2017-03-13,41.45235486517835,41.594274594094294,41.15213204524907,41.2940559387207,40.43982545755997,39.03698485975227,79.52033617176362,0.5517766936442946
2017-03-14,41.32681208458266,41.37594135532417,41.01567391840745,41.12484359741211,40.50506528040303,39.11886167299384,73.4991863694342,-0.32025099334117224
2017-03-15,41.25585231068671,41.386856758724285,40.99929898338574,41.30497741699219,40.581247388649615,39.20459170217024,75.61587199778519,-0.22414857406028432
2017-03-16,41.392307792936926,41.39776336056455,41.03204043085296,41.103004455566406,40.630938537879786,39.279039261126954,68.96458148817533,-0.46266097822362684
2017-03-17,41.16850817263005,41.41414616761725,41.02112870728237,41.026588439941406,40.66861948093327,39.34757060147262,66.57840703495788,-0.23891922467247048
2017-03-20,41.08117396388297,41.40322739873493,41.08117396388297,41.2558479309082,40.7245459999785,39.42240500654852,69.93893885012335,-0.11894325855211173
2017-03-21,41.332262398469695,41.5942712341928,41.28313313892451,41.44689178466797,40.79334083661559,39.50179664490615,72.42696987053287,0.8366476700585601
2017-03-22,41.52331947476405,41.692533721030976,40.97200303541686,40.97746276855469,40.81087625870503,39.559665904657074,59.414358984514756,-0.1197410587980854
2017-03-23,40.34971967621835,40.775487166370205,40.14229566332668,40.40430450439453,40.772155139246884,39.59278898699972,48.06053747950929,-2.0640550836326637
2017-03-24,40.21325883327094,40.24055333188324,39.8639109067236,39.940330505371094,40.69293374554443,39.60641806615154,41.1973793526874,-3.6349198080377696
2017-03-27,39.69469433882981,40.09862707426211,39.54185515053411,39.95670318603515,40.62281654940069,39.62015473751953,41.514768757097805,-2.491026807308454
2017-03-28,39.83116284698684,40.005836819061734,39.76019881284155,39.95125198364258,40.55885801932849,39.63313894324985,41.43457955762495,-1.1212976595171371
2017-03-29,39.91303791150881,39.94032824402019,39.72744449347587,39.82569885253906,40.48903333677712,39.64069031224158,39.54017901128856,-0.2870072715512853
2017-03-30,39.78749329224106,39.820243360564405,39.328975677490234,39.328975677490234,40.378551654940274,39.628466208918,33.093660431539895,-1.5710192745939693
2017-03-31,39.318049759462305,39.39992908139001,38.985076904296875,38.985076904296875,40.24583977392662,39.6032352557956,29.50683586618373,-2.418384985134605
2017-04-03,39.083341702495574,39.29076992875379,38.63573934283434,39.094261169433594,40.13616562111776,39.58327548770298,32.025808739010046,-1.8365972328915865
2017-04-04,39.148842652495325,39.28530682562055,39.02329378081544,39.27438735961914,40.054091500975034,39.571162227778125,36.08360510263127,-0.13879923626471954
2017-04-05,39.44360339322667,39.4763534601485,39.17067506339584,39.26346969604492,39.97879418621979,39.559095853984665,35.94354814993281,0.7141009172085611
2017-04-06,39.24708990155446,39.24708990155446,38.87590725143014,38.985076904296875,39.88415444508427,39.536585306938086,32.4814230133007,-0.27928463633963246
2017-04-07,39.017830713732494,39.41084395857485,39.017830713732494,39.14337539672851,39.813604059526575,39.52116531045928,36.24204491144437,-0.3335811751587882
2017-04-10,39.290747191056,39.3180375134952,39.088778815146625,39.170658111572266,39.75237111210235,39.50741993011077,36.89442337835489,-0.2363815149072404
2017-04-11,39.18159729486138,39.465445140245414,39.18159729486138,39.34535598754883,39.713607766906776,39.501064481382855,41.05359898160459,0.9241461396533598
2017-04-12,39.43813647448826,39.465430968320305,39.252547243006504,39.38901138305664,39.68269382558771,39.49667024223281,42.08089672164915,0.6275288828276717
2017-04-13,39.26892260586977,39.35079775894882,38.90865527410156,38.91957473754883,39.610015817203056,39.47403904597069,35.01432810405503,-0.6409986100010391
2017-04-17,38.9359529007541,39.48180950949181,38.9359529007541,39.470890045166016,39.59676574367572,39.473915555743055,46.39864786144675,0.3190568606290252
2017-04-18,39.46542831500094,39.71106208475483,39.438133823003945,39.48725891113281,39.58633652152877,39.47443882458187,46.697215404620195,0.24942877372757186
2017-04-19,39.45450801696113,39.54184705785837,39.31804388897521,39.36171340942383,39.56494384418544,39.47001822006587,44.64326457885325,1.136031610973471
2017-04-20,39.06148940031567,39.137908976355,38.88135992225415,38.9796142578125,39.50919816929278,39.450786692134365,39.01821838626546,-1.2446534314056645
2017-04-21,38.946866773344304,39.28529935760002,38.946866773344304,39.01237106323242,39.46188130204894,39.433593922373504,39.71944364409516,-1.2026356374068383
2017-04-24,39.24162705658165,39.67831396251766,39.18158250290158,39.60189437866211,39.475215880774,39.44019394026718,50.705463058524735,0.6101893145250584
2017-04-25,39.596444409792966,39.62919447821862,39.476355272824215,39.536399841308594,39.48104292463444,39.443966720700175,49.62343454421014,1.4284019842102462
2017-04-26,39.520014566034114,39.520014566034114,39.012367814205994,39.034202575683594,39.438486700924834,39.427897538542666,42.18915732004862,0.0559604860104163
2017-04-27,39.02874902139387,39.154297878622394,38.93049466147108,39.04512405395508,39.40102359168962,39.41288681365688,42.3912878268895,-1.4059184123450028
2017-04-28,38.97415940995345,39.19250286794593,38.84315500097999,39.181583404541016,39.380124526246895,39.40381609173077,44.979806122436855,-0.8974424535156013
2017-05-01,39.165210503930105,39.192504999371685,38.64664840698242,38.64664840698242,39.310269657745515,39.37412324134848,37.807991240168924,-0.9928579121085959
2017-05-02,38.23725363779911,39.07786907415904,38.09532976633163,38.66302108764648,39.2486269367837,39.34623688237977,38.13313324280368,-0.9786189071408411
2017-05-03,38.59206410081773,38.71215323204993,38.27547040386245,38.330055236816406,39.161143917739196,39.30638662176944,34.21548225123839,-2.1732867682573547
2017-05-04,38.46651997387374,38.6848634734944,38.368265607272235,38.379180908203125,39.08667125016433,39.270025613394296,35.272076914560145,-0.6920845915605262
2017-05-05,38.5101824944182,38.72852178972576,38.4555935060362,38.7121467590332,39.05100225100898,39.24814801126249,42.06422879599807,0.12706112974296874
2017-05-08,38.657563478872234,38.79948735813351,38.56476885820556,38.59751892089844,39.00781336242702,39.2226331449737,40.48905510598797,0.6977910217701165
2017-05-09,38.67394162654123,38.717611156687454,38.18266982378527,38.368263244628906,38.94690382739863,39.1891284429994,37.46714978232033,-0.028446838405259505
2017-05-10,38.35734614178547,38.46651997387374,38.226341707835424,38.379180908203125,38.89283497795144,39.157365794576016,37.70559386835364,-0.8601069139943341
2017-05-11,38.25363754134713,38.51019085000873,38.20450827405473,38.471981048583984,38.85275365134501,39.13048796139986,39.806616340107546,-0.3252485543739996
2017-05-12,38.44467682334595,38.69031060400336,38.44467682334595,38.56476593017578,38.825326249328896,39.108302783704794,41.915980572500295,0.5121490235145919
2017-05-15,38.417388484499334,38.64665143633584,38.27000902540609,38.575687408447266,38.801551121625884,39.08741590624371,42.172856526303306,0.5120132728057767
2017-05-16,38.646648097835325,39.00691128036163,38.646648097835325,38.72852325439453,38.79459608665147,39.07334168460257,45.78616782628315,0.6668286862757988
2017-05-17,38.7285245525829,38.88136790057904,38.49926577742179,38.51018524169922,38.767509339513154,39.0512571182142,41.77071641760902,-0.141529935836729
2017-05-18,38.553847687078864,38.67393679770883,38.35733899051258,38.50472259521485,38.742482030532365,39.029824391822075,41.67224608284188,-0.18396253702759674
2017-05-19,38.46651820236811,38.82678142027845,38.450143169447955,38.70123672485352,38.738553906182,39.016938600960565,46.553466327371254,-0.0704558998074173
2017-05-22,38.75581410372567,39.367174924038274,38.75581410372567,39.32350540161133,38.794263572413364,39.028960828437064,58.41963016120353,2.11196117288846
2017-05-23,39.35079631146177,39.69468859996437,39.32350598295764,39.37263107299805,38.849346191516666,39.04243809292965,59.18995362492281,2.254031244185758
2017-05-24,39.52548521876951,39.83116363480758,39.34535151022305,39.76565933227539,38.936614109684164,39.070799710158894,64.80736831227158,2.750358121600561
2017-05-25,39.86390553173617,40.737275230345105,39.847530500599014,40.46980667114258,39.08263244887068,39.125662728236684,72.19246704098936,2.915053624604583
2017-05-26,40.43706523405022,40.64994901335168,40.33881086171447,40.6171989440918,39.22878163889174,39.18415434454473,73.4484680884345,3.1609974674699375
2017-05-30,40.69907468231218,41.04296707254003,40.56807023889766,40.97746276855469,39.39532269885964,39.254480165094144,76.26983123999186,3.047361609557795
2017-05-31,41.07024665978993,41.17942047119141,40.67177370070098,41.179420471191406,39.56523677241504,39.32996802023521,77.7003448804487,1.753440054248704
2017-06-01,40.98291880976816,41.1575927734375,40.720905781986254,41.1575927734375,39.71688972489337,39.40163957918433,77.15895552848917,1.3304556773832115
2017-06-02,41.11937103364561,41.16849611952698,40.83006775575424,41.00474166870117,39.83954229097031,39.46450632779283,73.30703135062492,0.06657049583708652
2017-06-05,41.0156734737185,41.08117777914489,40.85737452568859,40.97200393676758,39.94739578104624,39.52362388108596,72.47252533046301,-0.5036897849714376
2017-06-06,40.87375938090795,41.11939746185474,40.78096471601032,41.08664321899414,40.05589553704128,39.58491875708236,73.60561665585456,-0.1723850926703108
2017-06-07,41.04841359764881,41.46326576904659,41.037498298334114,41.272216796875,40.171735657025444,39.651087307662465,75.37279748288601,0.6523029222690879
2017-06-08,41.27221844549537,41.299512941705274,40.84099122562253,41.05387496948242,40.25574892487849,39.70609858851815,69.47858335740094,0.19982189018920327
2017-06-09,40.97200225293509,41.244930600827395,40.93925218384596,41.19034576416016,40.34475814766722,39.76430436011196,71.0048289156465,0.2523996536131761
2017-06-12,41.190342840201815,41.23947210490408,40.93378954506589,41.1575927734375,40.42217096916915,39.81894312141884,70.09883259049744,-0.2777268398294006
2017-06-13,41.11907113764837,41.26765265520458,40.98149394792044,41.24563980102539,40.50059657220308,39.874892010815174,71.16400973978395,0.4671053138967222
2017-06-14,41.460253993952925,41.82345973855198,41.32267682376032,41.685882568359375,40.613480952789395,39.94591124836593,75.80509755685515,1.2030411374462888
2017-06-15,41.61434317093553,42.08760896340472,41.45475315268224,42.04908752441406,40.75020538818222,40.028388749387425,78.83206426147902,2.1660517316550156
2017-06-16,42.19217763619004,42.53337062749639,41.99957038243776,42.52786636352539,40.919506433453,40.126407479353624,82.0245652243428,3.1087566314539825
2017-06-19,42.582896738561935,42.80302111535644,42.48384097893057,42.76449966430664,41.09522007448668,40.229862074841975,83.36030963846213,2.5874877284377393
2017-06-20,42.72046424169713,42.80851565181596,42.53336129297811,42.55537414550781,41.234282366964884,40.32105862663279,77.85423543107615,1.2040371168572817
2017-06-21,42.59389359000661,42.70945791147547,42.28571786756751,42.39027786254883,41.344377176068114,40.402204479021655,73.71469831351747,-0.32352552042104604
2017-06-22,42.3627703478079,42.3627703478079,42.038085994983106,42.087615966796875,41.41516182280419,40.4682990471697,66.71180712785501,-1.582816828966027
2017-06-23,42.04359098610534,42.33525396326307,42.04359098610534,42.093116760253906,41.47972895970416,40.53201738885928,66.77358870578034,-1.0862491390002327
2017-06-26,42.12063564170614,42.37377718339458,42.05459707488715,42.11513137817383,41.54024347574889,40.59410029040103,67.03725983637001,-0.6490792187472019
2017-06-27,42.0270818008791,42.06560324640237,41.37771729168502,41.48227310180664,41.53472248775439,40.62893059673066,53.81605586761853,-1.4382921224803806
2017-06-28,41.68588301644786,41.85647736579339,41.54280158232338,41.735408782958984,41.553835468250064,40.67232189815138,57.432367383766675,-0.849801594242327
2017-06-29,41.57032189103527,41.69139048317464,40.788884503527854,40.942970275878906,41.495657830881385,40.68293556002305,45.4377036259417,-2.7832303116176305
2017-06-30,41.09705159089926,41.17959873099792,40.92095298466571,40.98148727416992,41.44668920643267,40.69464347038175,46.02773291023136,-1.207228510375215
2017-07-03,41.11357067680175,41.22363495787681,40.93747202560467,41.0145149230957,41.405529750876774,40.707187448919555,46.56137017516027,-1.7272955528295435
2017-07-05,41.00350649376817,41.26215228027539,40.94847645799533,41.058536529541016,41.372482777416224,40.720965844238044,47.309166740449214,0.28226152837326984
2017-07-06,40.91544962872009,41.02551388413036,40.81639389811187,40.89894104003906,41.327383564332685,40.72794526368122,44.85834990129706,-0.20142322697714085
2017-07-07,41.053035094178526,41.06404362120493,40.67882494721562,40.86042785644531,41.282911592152935,40.73314065947589,44.26244839882273,-0.3756891113775494
2017-07-10,40.92095958338271,41.0915539548464,40.42017659827978,40.55225372314453,41.21332512843785,40.726047054129566,39.716038806724555,-1.233075626142255
2017-07-11,40.64030840065262,40.700842711029274,40.3266325189388,40.4091796875,41.13673984834853,40.713620882889195,37.77605096148937,-1.1974915244372664
2017-07-12,40.56875627197044,40.76136346889209,40.55224768345173,40.66230773925781,41.09155583795894,40.711608602746786,43.07400119530308,-0.4848703931431021
2017-07-13,40.64581094499679,40.722853846121104,40.39266938437071,40.43669509887695,41.029188148522564,40.700827681026404,39.819711240131035,-0.284962273753049
2017-07-14,40.55774570600408,40.799882854817106,40.55774570600408,40.68431854248047,40.996343424137606,40.70018026382853,44.75327330083806,0.680882059740448
2017-07-17,40.60177642909365,40.66781498653759,40.288100628648955,40.37615203857422,40.937277577893475,40.68747327460287,40.322935644946725,-0.7037369903315203
2017-07-18,40.30461507513797,40.5247394334156,40.282602219457914,40.35414505004883,40.88174114667017,40.674401579522325,40.01826532423443,-0.20414637899133764
2017-07-19,40.40366165342519,40.49721311993385,40.271588747852846,40.47520446777344,40.843023367727625,40.666589928081194,42.58808521152396,-0.513991833213785
2017-07-20,40.44768569318947,40.662305730373625,40.32111285659588,40.49721145629883,40.8100888999725,40.659947635070125,43.06561996088803,0.2998290119597149
2017-07-21,40.414675976132685,40.502723192971985,40.2936073792714,40.40366744995117,40.771382095208565,40.64989743173213,41.48602827270016,0.12271948728172555
2017-07-24,40.35413679017814,40.398162492526865,39.974422454833984,39.974422454833984,40.69548117707765,40.62340821695181,35.12032215926855,-1.237256289435618
2017-07-25,40.17253880467112,40.211060249282646,39.7157815339041,39.754302978515625,40.605845158166986,40.589325658581764,32.376752885765725,-1.8344682289665482
2017-07-26,39.7487909195425,39.81482526265172,39.45162377998709,39.473636627197266,40.498015774265106,40.54557314754708,29.24018875005383,-2.3018475337813182
2017-07-27,39.08842398822245,40.711837076770486,39.07191539995781,40.700828552246094,40.517331276929966,40.55166159479018,51.406936698567506,1.8171772168387321
2017-07-28,40.717330923603,40.816386636588504,33.02401717704608,36.8376579284668,40.16688619612395,40.40601439218927,24.930415599185043,-7.336677621099451
2017-07-31,36.017708796523195,36.408431733972186,35.40136563586136,35.753562927246094,39.746569694326055,40.223565315132674,21.572646975384547,-9.424198066889149
2017-08-01,35.88012513394098,36.66706673352435,35.71503504501737,36.04521942138672,39.39406014452231,40.05970861341715,24.51810628866186,-11.438610211296185
2017-08-02,36.166282473999765,36.276342516448246,35.781063928387084,36.072731018066406,39.07774308485984,39.903356550854376,24.804988308618647,-2.0764808443733416
2017-08-03,36.2433364952186,36.38091368987141,35.97918643413517,36.067237854003906,38.7910283009688,39.75292052352691,24.78473312208355,0.8773249463168207
2017-08-04,36.24333580207662,36.55701163194517,35.91865144567362,36.05622863769531,38.530571190180844,39.60795221427861,24.74112822773509,0.030542791763563656
2017-08-07,36.056230748490485,36.364406531655675,35.97918785232993,36.31487655639648,38.31955265362995,39.478811992400885,27.94837260755831,0.6712703238598613
2017-08-08,36.27084650458144,36.38090655932314,35.88562791594158,35.97917938232422,38.096659961124644,39.341571497888076,26.37719138384542,-0.24415086077879936
2017-08-09,36.00670094415092,36.21031668895537,35.88563234986301,35.9406623840332,37.89132685854451,39.208202513031026,26.19522909577519,-0.32051675404922847
2017-08-10,35.85261748834706,35.9791861552739,35.615984547437364,35.643497467041016,37.67724786887751,39.06841015828632,24.77519211534829,-1.8487715036365873
2017-08-11,35.814086521878984,35.8801208701925,35.285790742762664,35.39034652709961,37.459447741089136,38.92417236882802,23.601423885899692,-1.6365933446327852
2017-08-14,35.42338426152885,35.83061165880297,35.32432849478395,35.68202590942383,37.29016947140673,38.79702937042001,27.843252700028387,-0.7196207789544674
2017-08-15,35.72603779454219,36.127764970382245,35.63799059070721,35.935157775878906,37.161120738499314,38.68479911181056,31.40284104220145,0.8182707353777062
2017-08-16,35.869126302062995,36.089250652869865,35.775574817489975,36.01770782470703,37.0522242705191,38.580207296630036,32.57106028379454,1.7726904627142592
2017-08-17,36.01770116696035,36.07273539338127,35.373841023646854,35.384849548339844,36.8934266779306,38.454899149638265,28.55602154501709,-0.8328460997095414
2017-08-18,35.34633314887329,35.54444043785243,35.03815739135802,35.049163818359375,36.71778259606667,38.32134090135282,26.677508523249166,-2.4655351815770943
2017-08-21,34.99963516743602,35.533435319182736,34.856555818125806,35.43437957763672,36.59555373716858,38.208126731795325,32.19021331822882,-1.6195596063727504
2017-08-22,35.434372325636105,35.555440895916945,35.208745871460515,35.252769470214844,36.46766952126822,38.09223036859609,31.006619743432378,-0.37326731584533984
2017-08-23,35.192248069930486,35.346335960947,35.01614942242144,35.06017303466797,36.3336222368301,37.97332615942244,29.757047152037305,0.03141078162562876
2017-08-24,35.11520404311553,35.181240508989255,34.840049652836726,34.999637603759766,36.206576081299595,37.85671092194548,29.356587546789925,-1.2268931446208435
2017-08-25,35.15923011147355,35.527936012573164,35.10970223379105,35.263790130615234,36.11678694313918,37.75502775365802,33.55841924387337,0.03126182869037285
2017-08-28,35.219746252520906,35.36282764725763,35.098677703014516,35.18122482299805,36.027685788840024,37.654094305396846,32.89972068813966,0.34526865629094444
2017-08-29,35.010636239464525,35.434374158099956,35.005134076558505,35.115196228027344,35.940782021143576,37.55452967491177,32.3528100639574,0.3301709165559031
2017-08-30,35.17572967628911,35.329815434305026,35.04915893231018,35.24727249145508,35.87473349450658,37.464049001050725,34.69149278675823,-0.04684022647303588
2017-08-31,35.3463293685848,35.351829432605285,34.867559291906254,34.88957214355469,35.78090860393973,37.36308912428618,31.51386855986306,-0.8290009256661961
2017-09-01,34.94459710637746,35.010633552486254,34.68595138516523,34.966609954833984,35.70335635164394,37.26910954901354,32.93856278192246,-0.42313952121607284
2017-09-05,34.840049037412264,34.9996369855163,34.42181319598993,34.5979118347168,35.5980759214604,37.16435669747249,29.7489209612642,-1.842300441532616
2017-09-06,34.619916052379764,35.02714536487824,34.39428959659652,34.81802749633789,35.52378559525825,37.07234378762408,33.86633523296621,-0.2050602596168943
2017-09-07,34.91708163459333,34.972111655747575,34.39428803658509,34.52085876464844,35.428268754247796,36.97228555142895,31.207071380723086,-1.2747909813428273
2017-09-08,34.493359315101394,34.59241507727476,34.13565771844626,34.24571990966797,35.315645054764005,36.865361408614795,28.941161263173722,-1.0179571724771725
2017-09-11,34.4438163377791,34.54837421901956,34.36126920572663,34.38878631591797,35.227372793921525,36.76824081674433,31.717481883606606,-1.2328130318843273
2017-09-12,34.36128689319152,34.41081477806531,34.17968604816217,34.39430618286133,35.148033116677695,36.675145340905786,31.82815246752533,-0.3665974321493627
2017-09-13,34.53187437178171,34.63643227948411,34.339267147261154,34.39979934692383,35.076772757653515,36.58591608623983,31.94636204457051,0.4499231952555944
2017-09-14,34.54996147701393,34.716815344718285,34.3997923595814,34.63895034790039,35.035075385296075,36.50956448865789,37.063035576333625,0.7274581594251418
2017-09-15,34.666757151200734,34.93372373349761,34.2551823441211,34.70012664794922,35.003175505548754,36.43860614196343,38.3401635499166,0.8891601518633944
2017-09-18,34.48878788669842,34.8336216843896,34.48878788669842,34.7946891784668,34.98331966487428,36.3741388100616,40.354925643792534,1.1479422526872425
2017-09-19,34.78913044687922,34.80025432445915,34.577781016185995,34.61115264892578,34.9478751871649,36.305002097860196,37.77496218735988,-0.08024983059653916
2017-09-20,34.650078567690194,34.694574069544956,33.80468312741055,34.04940414428711,34.862306516414634,36.21654727615145,31.20021969177778,-1.8752741460111275
2017-09-21,33.98822507053912,34.2329439742529,33.80468430150701,34.205135345458984,34.79971878584743,36.137668376908614,34.59866075830187,-1.6943787886246344
2017-09-22,34.232941051473716,34.88367394233665,34.16619992373415,34.75575256347656,34.79553152657402,36.08347559991128,44.95225342615087,0.4177841634386284
2017-09-25,34.76687708454349,35.512159788898394,34.7279445801241,35.478790283203125,34.86060378911012,36.059762450236455,55.0216567694709,4.197976953895804
2017-09-26,35.67902706022483,36.246330052643685,35.612283784453055,35.88481140136719,34.95814737122984,36.0529016247906,59.5016176360334,4.910596139860601
2017-09-27,35.86255616119999,35.88479966919222,35.456542125484525,35.82362365722656,35.04057368418191,36.04391033194495,58.55508437479104,3.0725017155064664
2017-09-28,35.86811519893788,36.06277772033766,35.61783542047026,35.701263427734375,35.10349651690119,36.030473198446494,56.615524606799546,0.6270595551747896
2017-09-29,35.70126056588884,35.74575182198182,35.20069680575454,35.27299880981445,35.11963959241674,36.00076832046093,50.33153667736877,-1.7049346719693912
2017-10-02,35.234067302082714,35.31193442825855,34.928168160781205,34.983787536621094,35.10670130138858,35.96088672109466,46.57217562385085,-2.34436395558787
2017-10-03,35.00604682029153,35.33419383993107,35.000485941369504,35.24520492553711,35.11989212273606,35.9328207683277,50.19347187968532,-1.2774295876682575
2017-10-04,35.28969148613475,35.46766926974732,35.16733096427765,35.31193923950195,35.13818232433281,35.908472473079634,51.10456813843588,0.1103972755405903
2017-10-05,35.43985375121582,35.56221212763031,35.323054129568995,35.48991012573242,35.17168021018039,35.892058263379745,53.54515065701184,1.4467346869789843
2017-10-06,35.42317346382591,35.47322984764808,34.66120595156632,34.789127349853516,35.135246604434975,35.84880607069244,44.19146539841962,-1.2940131193651827
2017-10-09,34.94486479524011,35.63452827499503,34.900369282139614,35.35643768310547,35.15631242145121,35.829497506473345,51.56747800351538,0.12601529273627976
2017-10-10,35.64008103725953,36.22406856648029,35.539968283203905,36.15732955932617,35.251647386963114,35.84235366540875,59.67103957108347,1.8805892469979202
2017-10-11,36.224067967398945,36.28524821849471,35.918170955244534,36.079463958740234,35.3304870604657,35.8516521082845,58.64369388318826,3.709022637764301
2017-10-12,35.96822088841391,36.42428909603654,35.75131065816192,36.3464241027832,35.42724296925784,35.871054931598174,61.11550314802072,2.8000174354408567
2017-10-13,36.474352134025224,36.65232988983358,36.1072706258005,36.1795768737793,35.498893817307504,35.88315383129155,58.75201601825309,0.061529196774950105
2017-10-16,36.17957762987648,36.42429439714942,36.11839737722712,36.3575553894043,35.58067110988815,35.90175781396264,60.50654383153654,0.7707748401752376
2017-10-17,36.27412646526111,36.37423921766105,36.04609021239066,36.079463958740234,35.628175190731206,35.90872668238529,56.46504968472965,-0.7344880566188255
2017-10-18,36.04053423167805,36.146205747166725,35.87367821705952,36.04609298706055,35.667976885619716,35.91411359629413,55.98182116325421,-0.36894816980430417
2017-10-19,35.77912096653159,36.001594191680944,35.52883911865405,35.801368713378906,35.68068086921583,35.909692228336674,52.43769389968317,-1.5297691774609259
2017-10-20,35.86810664162353,36.22962509130146,35.862547887570244,36.15176010131836,35.725545557987495,35.91918508610066,56.66764757211549,0.20038031235941156
2017-10-23,36.14620381559275,36.24075781526368,35.72906804466196,35.87367630004883,35.73965324770762,35.91740042782412,52.664534061911255,-0.47832281593905646
2017-10-24,35.81248923986096,35.84029998329955,35.36198405075677,35.66788101196289,35.732817796684316,35.90761535269231,49.85756146523023,-0.3728564192187756
2017-10-25,35.70682231099534,35.845867575825274,35.25631701081029,35.478790283203125,35.7086247001623,35.89079868330058,47.35980919301588,-1.8615132879538359
2017-10-26,35.78468338317532,36.67457637484986,35.43429088194735,36.59114837646485,35.79267457409588,35.91826337715016,60.04170863950519,1.9999959591959806
2017-10-27,36.45766988247174,36.58002615027931,36.01828633946252,36.10727310180664,35.82263633863976,35.92567552321512,53.95261257942282,1.2318984962868396
2017-10-30,36.012719007090034,36.04052975384604,35.40648164472968,35.62339401245117,35.803660879002756,35.913821346322415,48.64029433674295,0.4075779588136274
2017-10-31,35.59002752236294,36.001602446763826,35.50103863623063,35.71794891357422,35.795497834676226,35.90614007444994,49.682897651223634,-2.3863680196827803
2017-11-01,35.9070402505213,36.16844597214117,35.7846797643738,35.98490524291992,35.81353663546134,35.909228904586016,52.60800891943156,-0.33890085950743265
2017-11-02,35.91260683311975,36.01271958238677,35.23406533734599,35.53996658325195,35.78748234477473,35.89474802923958,47.6372981584593,-0.2341928148959052
2017-11-03,35.61226953927702,35.76244078886237,35.389798407350334,35.545528411865234,35.764439113069066,35.881053142283726,47.703816095249614,-0.4827278915880241
2017-11-06,35.42316654533466,35.56777479109418,35.18400854952339,35.2896842956543,35.71922436855338,35.85786220712179,44.87953703610238,-1.9319793746084983
2017-11-07,35.178447256217645,35.80137148621693,35.178447256217645,35.76799774169922,35.72386945171012,35.854338110438555,50.750123259544175,0.6416189444441522
2017-11-08,35.734637027902394,36.24632264087664,35.662335009762074,35.923736572265625,35.74290441557255,35.8570596187455,52.52316664155193,1.0640105163667881
2017-11-09,35.82362468513358,36.03497196372153,35.6623316659514,35.879241943359375,35.75588894202844,35.8579295138284,51.94775799232441,1.6706231848542732
2017-11-10,35.75688158216272,36.296377900241914,35.75688158216272,36.16289138793945,35.79465107973425,35.86988880300923,55.30903459065492,1.1040418004160675
2017-11-13,36.17957823346401,36.74131802687132,36.07390247833857,36.61895751953125,35.87315645495301,35.89926404679441,60.13726767193363,1.9352690271155137
2017-11-14,36.56890678895364,36.86368208870066,36.340870504500295,36.55778503417969,35.938359176784125,35.92508839924089,59.2132078918101,1.8911856942002618
2017-11-15,36.53552944791159,36.702381193696944,36.15732621681111,36.29637145996094,35.97245558470573,35.93964851926913,55.30247935083031,0.36910785310159355
2017-11-16,36.39648427632263,36.76912451029905,36.39648427632263,36.64120101928711,36.03614562609443,35.96716038201493,59.1363485172899,0.060743126682389806
2017-11-17,36.44654279403012,36.986039080603945,36.313060532847544,36.94154357910156,36.1223740025713,36.00537148778304,62.179205732783906,1.0497313898067953
2017-11-20,36.85255752662429,37.1195220541125,36.57446700188467,36.613399505615234,36.16913833619453,36.02921572377646,57.17025349517981,0.8734428068216549
2017-11-21,36.63008027436797,36.90817076886313,36.50771977785823,36.513282775878906,36.20191399711685,36.048198745427534,55.696065035911666,-0.3491103999043858
2017-11-22,36.55778001698401,36.62451902311842,36.40204576824681,36.424293518066406,36.22309299911204,36.062947560040826,54.354432843833195,-1.4001852952559706
2017-11-24,36.48547833333067,36.48547833333067,36.17401828354347,36.418739318847656,36.241725981944,36.07690017803325,54.266569065714336,-0.5316637881104811
2017-11-27,36.37980812800055,36.47991665334467,36.123961085481966,36.190704345703125,36.23686677849249,36.081363086569326,50.64671644720062,-0.8834550214391577
2017-11-28,36.30749566292288,36.986037174224,35.873675153946586,36.930419921875,36.302919458814635,36.114659433051905,59.97388719606743,1.3895297751143907
2017-11-29,36.83586751622755,38.01496845709429,36.83586751622755,37.469913482666016,36.41406174680048,36.16780665068383,65.14729330529234,2.8863551662655964
2017-11-30,37.597841707540894,37.92599076478238,37.36424666271988,37.72576522827149,36.538985887892956,36.22890306549119,67.30550756867756,4.241588856367816
2017-12-01,37.798064770737945,38.18183106449294,37.14177094252459,38.14289855957031,36.69173947567175,36.30396171231782,70.51162936245142,3.2831433822314184
2017-12-04,38.18182622807154,39.04390422596745,38.16514147712167,38.97716522216797,36.90939907057616,36.408793222508024,75.65384689350488,4.022565304825761
2017-12-05,39.08284158206699,39.20520209533521,38.7825075410038,39.03278732299805,37.111626523187766,36.511694951939006,75.954907068637,3.4645343489204556
2017-12-06,39.47773087771155,39.92267315009556,39.043906115399786,39.855934143066406,37.3729891536524,36.64284158688518,79.91350750392056,4.49109964944256
2017-12-07,39.73358681476578,39.80588884413091,39.4054376958683,39.7669563293457,37.60098602752795,36.76535589051109,78.41078048866945,2.0262918113104504
2017-12-08,39.71689019194232,39.79475519825034,39.51110167908564,39.78919219970703,37.80938661535453,36.88393770655799,78.519488513743,1.9378705149844935
2017-12-11,39.77806987139221,39.8614978839382,39.59453333578102,39.85037612915039,38.003766569049375,37.000268625091024,78.83528335964697,-0.01394526068831969
2017-12-12,39.87817911761543,40.09508938509268,39.516664834036426,39.889305114746094,38.18334166863954,37.11356417370495,79.04636006222474,0.307664444789566
2017-12-13,39.956046050754765,40.40655560312705,39.90599179122719,40.22301483154297,38.37759625558272,37.235503415188795,80.81287828526295,1.0903026873692896
2017-12-14,40.12847109928735,40.417683432228635,39.555605189749,39.928245544433594,38.52527714023519,37.341101145747416,74.81311079312128,0.1954044675283302
2017-12-15,40.07285132735712,40.23970311708731,39.80031952381166,39.86149978637695,38.65253643986774,37.439940308125045,73.4827622425975,-0.06970622398448771
2017-12-18,39.92266858414427,40.47884954350727,39.90042083657088,40.40654754638672,38.81958511667907,37.556277846880405,77.06876589840098,0.4562878133635654
2017-12-19,41.101783752441406,41.368748301670784,40.779197699074665,41.101783752441406,39.036937367704056,37.695317294157306,80.66123949971885,2.939117890120809
2017-12-20,41.08494669731656,41.107394935300945,40.007456963447765,40.742618560791016,39.1993831956171,37.81481930461353,74.19451306159978,2.2104506331575444
2017-12-21,40.71455479545616,40.78189521679883,40.293660035812835,40.37222671508789,39.31108257842384,37.915109791298796,68.12853919819823,-0.08493878686227228
2017-12-22,40.411516804936845,40.55742392992643,40.276827376627594,40.48447036743164,39.422833796424584,38.01586902957852,68.95682447692462,-1.5019138554372298
2017-12-26,40.38906264477136,40.63598894556871,40.35539243341281,40.4507942199707,39.52073478914326,38.11135629194684,68.38261681240364,-0.7162630953258169
2017-12-27,40.518125288405905,40.93901995946924,40.45639372745832,40.64720153808594,39.628017336661614,38.21080120356014,69.95405583574473,0.6810989766271263
2017-12-28,40.63599128803701,40.65843524252784,39.855929000238824,39.9962272644043,39.66308494882758,38.280817911828535,59.41382819373656,-1.2060009643107952
2017-12-29,40.00746149180315,40.490087959185814,39.91205968074391,40.074806213378906,39.70229649783247,38.351170394242274,60.19351114298058,-0.9294947450158352
2018-01-02,40.13091251030509,40.304880969691155,39.300344988870656,39.69879150390625,39.701962688887114,38.40401828089576,54.77130143635307,-2.3332726443443805
2018-01-03,39.653909529261554,39.816651772913175,39.435040264509446,39.55289459228515,39.68776572730597,38.44907225389142,52.78448003871403,-1.1084362262180247
2018-01-04,39.620226201868824,39.73246737437085,39.356464798442765,39.395748138427734,39.65995452836519,38.48619679838304,50.653127910717274,-1.6944762535731726
2018-01-05,39.468700826512254,39.59216395939056,39.20493945746539,39.50798416137695,39.6454811600806,38.52626689104947,52.13953656754859,-0.480637659991544
2018-01-08,39.39575361590624,39.58656149490761,39.18250178084687,39.45748519897461,39.62757678283241,38.56278525606614,51.38949077431211,-0.24121974963913137
2018-01-09,39.61460930632021,39.71562421118612,38.946792590071304,39.04219436645508,39.57182607651076,38.581585613336294,45.58223681466519,-0.8974414465498876
2018-01-10,39.182508503659555,39.51922356262819,38.64937668375625,39.44626998901367,39.55986835389199,38.61549480453933,51.34367371193944,-0.15620683685403794
2018-01-11,39.45749196896811,39.86716488311553,39.30035856022037,39.44626998901367,39.54904946199882,38.64807422353832,51.343673711939445,-0.028423529539153072
2018-01-12,39.40136648825383,39.54166476129912,39.019755014308075,39.06465148925781,39.50291632173777,38.664410586899876,46.0083264100148,0.05752013473410055
2018-01-16,39.193721981716,39.23861845492335,38.29581392538568,38.67742538452149,39.42429813724098,38.66492097112033,41.31672085355315,-1.9490932975571942
2018-01-17,38.78966667566136,39.575333551163254,38.71109998811117,39.36769485473633,39.41890734843101,38.69248073126214,50.92386172823933,-0.1991953467317138
2018-01-18,39.27789813999901,39.51921130905693,39.04219809996001,39.30034637451172,39.40761582710537,38.71631859962487,50.062693857575525,0.6033456751014885
2018-01-19,39.75491070081723,40.226315054771035,39.63706068271949,39.91204833984375,39.45565701879474,38.7632099619864,57.15046044291323,3.19210222254439
2018-01-22,39.900816156809505,40.164577516911045,39.788579284306074,40.0018310546875,39.50767359364167,38.811783338170756,58.09068671414406,1.6108034831378473
2018-01-23,40.0467351302378,40.187033388322554,39.81103508423055,40.09724044799805,39.56382281786609,38.86219342090908,59.117304603011036,2.0277024174096203
2018-01-24,40.10847218388722,40.32733715386453,39.95694764678685,40.15897750854492,39.62050421697836,38.913047698855586,59.803466164117815,0.6186832772866364
2018-01-25,40.13091348656017,40.23192839998168,37.96470811773659,39.23300552368164,39.58359957952153,38.92559506453504,47.048732949811686,-1.9219758464425762
2018-01-26,39.30595598807171,39.979385836970685,39.27789462704985,39.85592269897461,39.60953511470754,38.962078501179725,54.13536813969585,-0.601831313894036
2018-01-29,39.66511584896313,39.74368251542059,39.171267619578835,39.18810272216797,39.56939869637044,38.97094219612044,46.89003931150112,-2.4175784509712006
2018-01-30,39.1824951171875,39.401360044821395,38.901898616983765,39.1824951171875,39.53255073644826,38.979238389103465,46.83335863822309,-0.1287446776506882
2018-01-31,39.210562305144016,39.64829222544307,39.16005270119073,39.47431945800781,39.52700490040631,38.998653332982066,50.20665493823092,-0.9574567971967051
2018-02-01,39.22739707041795,39.558498931810036,38.41927766672236,39.244232177734375,39.50007416491375,39.00828387591353,47.64013844428216,0.14323085749863282
2018-02-02,39.22739676922193,39.65390470473795,38.81211509287294,38.946800231933594,39.44738140939183,39.0058727526202,44.475097269834656,-0.6015310779698614
2018-02-05,38.40805976200108,38.64937298277441,36.97140241624096,37.06119537353515,39.2201255964531,38.929610894616864,30.59693342497998,-6.113149302142393
2018-02-06,36.35969555989877,37.414736875253055,35.61330783049735,37.3361701965332,39.040701272651205,38.86712302410378,33.83915771718765,-4.86201888868584
2018-02-07,37.29128210404557,38.27898322037541,37.19026716849406,37.48208999633789,38.89226210347851,38.812808003407085,35.55955559970901,-3.760797361716882
2018-02-08,37.409126257875414,37.75145003806461,35.91635086970329,35.94441223144531,38.611514496618206,38.700321894702704,27.457075912596288,-3.0133489511979286
2018-02-09,36.213789754435375,36.297969575042565,35.25976320505668,35.93319320678711,38.35643627853906,38.59180704419621,27.40800619918958,-3.757688542667842
2018-02-12,36.18010957816899,36.92649721700265,36.1071517556656,36.67395782470703,38.19620023531696,38.51659727088291,35.59272851431008,-2.1560488534919378
2018-02-13,36.477552447438654,36.937730630128414,36.32603219039116,36.83671569824219,38.066725517500316,38.4507195621519,37.26636876308414,2.482453909807599
2018-02-14,36.69080058915559,36.96017514087225,36.432652296273886,36.57856369018555,37.924995819660815,38.37730168481989,35.68256468872919,1.796028757267637
2018-02-15,36.67397011858301,36.74692796554338,36.2530752718933,36.657135009765625,37.80424717109937,38.309844168151095,36.566210570459006,-0.04587128289184217
2018-02-16,36.673963310008205,37.0668009962593,36.393366797641555,36.735694885253906,37.702480286733135,38.24811282372376,37.49093842837294,-0.2742394675351089
2018-02-20,36.53366700438572,36.578563476336555,36.01737042164073,36.02298355102539,37.54252821666573,38.16085285224539,32.81693653032349,-1.5188681104753843
2018-02-21,36.02297127987767,36.32040281249693,35.80410426484632,35.87705993652344,37.38391218998551,38.07129234574649,31.93896583690983,-2.128030663155678
2018-02-22,35.93879494298041,36.528044937295014,35.495452024460555,35.54595947265625,37.20886907404939,37.97225968405668,29.97912912320005,-3.2386359270291862
2018-02-23,35.759224166435565,36.26990764887474,35.65259610987162,36.247459411621094,37.11730624905622,37.90462045768666,38.57859222168819,0.6231462207391576
2018-02-26,36.36531055384929,36.7862053321042,36.3091878248315,36.7188606262207,37.07935904688141,37.85812007213898,43.591991978948954,2.346348031824923
2018-02-27,36.65712978641341,36.78620607156063,35.854623555146645,35.91635513305664,36.96859676937429,37.781972427469086,37.917871875699156,1.0420190252152786
2018-02-28,36.03420495689424,36.21378656028704,35.315878543323066,35.32710266113281,36.81226399716081,37.685703024867664,34.37930812544202,-2.5390931266018906
2018-03-01,35.2148637389899,35.80411601084855,34.85008740171561,35.035282135009766,36.643027629336906,37.58176495075559,32.749319920919284,-4.585051013289625
2018-03-02,34.96794545994894,35.41128641527727,34.85570640335646,35.102630615234375,36.49632315180333,37.48454399642143,33.532556481520544,-2.2656099562656653
2018-03-05,35.12506431982999,36.051031336790146,35.052108642116906,35.98929977416992,36.44803521107634,37.42590696809784,42.952557252500156,1.874473316957477
2018-03-06,36.12400258771024,36.46633073260091,35.97247804800391,36.34847640991211,36.43855342048927,37.383654789345464,46.2742222734926,3.7482052230717042
2018-03-07,36.10155410890639,36.584180530243,35.86024089823809,35.95564270019531,36.39256192331842,37.32765431526114,43.30435795015007,2.4300517368938563
2018-03-08,36.039817564423686,36.7413088615152,35.97808598775459,36.7188606262207,36.42363799026149,37.30378005294583,50.01632972182823,2.0271604522141837
2018-03-09,36.87599351494754,36.92088998495607,36.55050052973025,36.842323303222656,36.46351278197208,37.28568370981944,51.02636055923474,1.3586453741314903
2018-03-12,36.91527728325955,37.246383401452576,36.79181413008802,36.909664154052734,36.5060033888369,37.27093784488741,51.600836623333684,2.653328885850341
2018-03-13,37.16220775603285,37.33617624688093,36.904059443897005,37.111698150634766,36.563688604246224,37.26469315099516,53.368185987750316,1.0698521623885566
2018-03-14,37.26483792564584,37.378279912194046,36.07939837595997,36.198509216308594,36.52890961491883,37.22288201630157,45.31374540096847,-1.7474850367477968
2018-03-15,36.10776016251449,36.58420571888928,35.96028989768447,36.192840576171875,36.496903039800074,37.1824882343357,45.2680736265088,-1.9421026831590693
2018-03-16,36.243894279968664,36.47077397745834,35.76744864618847,35.841182708740234,36.434453484461045,37.12988801764568,42.41222542051217,-3.4234904496624337
2018-03-19,35.81848048819474,35.96595071118411,35.31367349470285,35.43845748901367,36.33959672298987,37.06355740867972,39.350498077214105,-2.0996768755120283
2018-03-20,35.55757070990744,35.60861851433637,34.85991882516823,34.893951416015625,36.20191621756375,36.97847482073211,35.60768783068589,-3.588801374743142
2018-03-21,34.64439992620319,34.87695065078758,33.935403550801375,34.03182601928711,35.99524096058502,36.862919965773486,30.63867665401379,-5.048261671933876
2018-03-22,33.929715394129715,34.81454325906191,33.833292968197526,34.25301742553711,35.82931490962808,36.76057084654853,33.21378510715478,-3.345066764951783
2018-03-23,34.41183404705622,34.45721083652056,33.50431989461339,33.617759704589844,35.618690604386344,36.63732335078545,29.792766949526893,-3.6573436358945433
2018-03-26,33.963752063705314,34.02614407088959,33.52133699625519,33.804935455322266,35.4459520187612,36.52624931566925,32.014726614618844,-0.666701116291134
2018-03-27,33.87300008222853,34.8485772939529,33.85598270366092,34.4401969909668,35.35016582563792,36.4444433421515,39.063586284142495,0.5464615368167156
2018-03-28,34.684095932859655,35.591610228592906,34.661407534545134,35.421451568603516,35.3569549440156,36.404326017698644,48.02739043002903,5.365294653371603
2018-03-29,35.506524090983476,35.818484108289645,35.25695824082294,35.34770965576172,35.356074440372375,36.36289008193641,47.46234669815335,4.563754314746245
2018-04-02,35.46115003628596,35.512197843241175,34.287052640000475,34.321083068847656,35.2575038335605,36.28281921867803,40.345731868220405,-0.34585726135765893
2018-04-03,34.56498220561205,35.71072033248047,34.417511947000236,35.54056167602539,35.28446172331906,36.253711079750474,49.946483046715564,0.3362654610333658
2018-04-04,35.31935138293352,36.090739516623856,35.27964777284809,35.931922912597656,35.346124693726544,36.24109193594056,52.58389444210547,1.6527612751303395
2018-04-05,36.11342872826908,36.65226842659887,35.750423026857305,36.60689163208008,35.4661977354745,36.25543702206368,56.81067959164413,6.660071183205725
2018-04-06,36.57285574575013,36.7600274223309,35.99431252033711,36.215518951416016,35.53756166080227,36.25387160752848,53.815105722941176,1.8991182006162024
2018-04-09,36.23821168439463,36.30627687417225,35.835502381457694,35.875205993652344,35.569718263930845,36.23902197561177,51.282920551668035,-0.15784548765528958
2018-04-10,36.31761572894794,36.55583738125805,36.13044188265921,36.425384521484375,35.65121028845975,36.24633031074403,54.9717310833334,-0.49582770484845323
2018-04-11,36.38568596305191,36.697641695604055,36.187165728221416,36.20985412597656,35.704414463461355,36.2448998721257,53.2700514806368,-0.015641983336073754
2018-04-12,36.42539034684818,36.50479757698415,35.85252019169339,35.960289001464844,35.72878346708073,36.23373866151155,51.290199069531155,0.23716381678074364
2018-04-13,36.20984387603835,36.40836405467365,35.988637469754416,36.27223587036133,35.78054083882174,36.23524835597625,53.61104193805828,-0.42044484398707427
2018-04-16,36.40269827492515,36.62390472617585,36.25522586496833,36.44240188598633,35.84357522426599,36.24337202381979,54.87412497325895,0.6422223055655404
2018-04-17,36.5785303588322,36.61256511868989,36.170150023179225,36.28926086425781,35.88602147569378,36.245171586189905,53.4632895524587,0.9148198524755128
2018-04-18,35.68803670844991,35.84685335091218,34.355124530289224,34.88261795043945,35.79045923519337,36.19173811027812,42.623221206658286,-3.831078748187552
2018-04-19,34.321091691382975,34.321091691382975,31.814081831193754,32.77264404296875,35.50304826450531,36.05765598999148,32.10710462594414,-10.070021878631326
2018-04-20,32.687561565834315,32.79532820981951,32.086332006453155,32.4606819152832,35.213299088388915,35.91659818314018,30.893477181114424,-10.550170650473268
2018-04-23,32.358584682755286,32.57412012371207,32.02393840482945,32.08633041381836,34.915492547953626,35.76639160395109,29.45467568745406,-8.016277736361431
2018-04-24,32.154385247609824,32.154385247609824,31.099401035657305,31.365982055664062,34.57744392964033,35.59382652362611,26.86215291917131,-4.292183399851382
2018-04-25,31.326286968411228,31.76869989250655,31.207176129413966,31.672277450561523,34.3007614078233,35.440040285466715,29.695714859745998,-2.4287982205034377
2018-04-26,31.71198238625261,31.955877255525245,30.759091307160624,31.06537818908691,33.99262967270555,35.268484909138095,27.428207092252208,-3.181891514436826
2018-04-27,31.02567719828153,31.92752053998827,31.02000401645975,31.836769104003903,33.78730961854349,35.133907818740674,34.29560216387638,1.500947897962677
2018-04-30,32.18842800107418,32.20544321777052,31.78004549088408,31.825422286987305,33.600463206014325,35.00416328808368,34.24426920507783,0.4835295998679947
2018-05-01,31.60421488515019,31.831092367935593,31.50779027811078,31.780044555664062,33.427090001219064,34.87772725936134,34.02493388827686,2.3005236318938818
2018-05-02,31.848118198619105,32.01260371408675,31.43406240939006,31.58720588684082,33.25186294270685,34.74868720553701,33.05597215368816,-0.7838836169204634
2018-05-03,31.598541425057928,32.211115166909444,31.547493613236966,31.967220306396484,33.129516024963,34.63961007223738,36.87125820528362,0.44554952996541286
2018-05-04,31.8481135327577,32.19977507926281,31.8481135327577,31.910503387451172,33.01341958329521,34.53258628067714,36.5365700995426,0.41050550309520595
2018-05-07,31.910502998871145,31.98423921639179,31.5304820387357,31.59854507446289,32.878669630073084,34.41752584121775,34.67232136898812,0.035898039423595235
2018-05-08,31.47376590324307,31.479436921838182,31.042694924721825,31.348981857299805,32.732985080285154,34.297190783024895,33.2123498595768,-1.9339762518324848
2018-05-09,31.41136855754387,32.023940155213104,31.286584532745536,31.717653274536133,32.63628681307096,34.19603244935867,37.40550723303042,-0.6043468214007477
2018-05-10,31.76303242560694,32.103349764693064,31.751688225812753,31.785720825195312,32.555280528511375,34.101510424881674,38.17726068599555,0.5923555983078865
2018-05-11,31.689302151263277,31.950214468086926,31.235544892830188,31.303607940673828,32.43607361538399,33.99178875883431,34.895511931393884,-0.14473808697366344
2018-05-14,31.314944763175543,31.564512819266568,31.173145518100107,31.207178115844727,32.319035948761204,33.882588341462174,34.26113176890701,-1.6094354594046552
2018-05-15,31.008654594816345,31.088063981154857,30.577585887401423,30.92357635498047,32.1861350350678,33.76654865571779,32.39582083137447,-2.7123640673627736
2018-05-16,31.031343685299163,31.365989962318203,30.92357704695508,31.122095108032227,32.084797899159646,33.66284459502424,35.061035470075865,-0.5798463646286467
2018-05-17,31.27524253597457,31.53615263921098,31.19583530139696,31.360322952270508,32.01580028517021,33.57254962864174,38.20920488325683,0.49073593215410105
2018-05-18,31.38867354036213,31.694960356449027,31.224185935757955,31.502113342285156,31.966877719181156,33.49135604878462,40.071402678873355,1.8708605391029096
2018-05-21,31.54748987867881,31.68928909876381,31.462411644838443,31.558834075927734,31.928016419823688,33.41557087337846,40.839495348245734,1.4033083774709978
2018-05-22,31.536147858665046,31.649587675301735,31.28091097583817,31.31494140625,31.86962832329286,33.33319324721656,38.55146398210254,-0.1447100723088126
2018-05-23,31.348976772221143,31.75168610138861,31.275240560334865,31.69496726989746,31.852993937255203,33.268949091243265,43.831907178492614,0.612193618621255
2018-05-24,31.73467232337985,31.774375939960574,31.55884047589032,31.700639724731445,31.83848401225294,33.207446763144766,43.909387531748315,0.449337413614645
2018-05-25,31.68930297912631,31.848119646490836,31.451081223607524,31.553176879882812,31.811311904408168,33.1425734343894,42.27671388772369,0.7607725352002869
2018-05-29,31.343302907134063,31.632574567009016,31.24688046296553,31.609886169433594,31.792128501077254,33.08246805144996,43.15212592218848,-0.26843725610871233
2018-05-30,31.71764470474112,32.160059689633265,31.434046298595646,32.0976676940918,31.821227471840544,33.04384842959278,50.154470854386496,1.2524288872650347
2018-05-31,31.995569886968077,32.05796187820425,31.50210930015718,31.615549087524418,31.80163905428663,32.987836690688134,44.34085224582347,0.19767330522389148
2018-06-01,31.711980352654887,31.82542017168836,31.53047750767516,31.60421371459961,31.782836640983103,32.93357696613565,44.21109406444718,-0.017945192221127247
2018-06-04,31.592867360884867,31.950202009171324,31.490771747088736,31.774370193481445,31.78203031264961,32.88811787701195,46.73110132755822,-1.0072305056291078
2018-06-05,31.802732432346765,32.0069236780897,31.519133960744824,31.950204849243164,31.79804693518233,32.8513369739622,49.28067788451767,1.0585163673491362
2018-06-06,31.961544263694467,32.029609449151536,31.72899362259395,31.93885803222656,31.81145751585321,32.815553486050995,49.117303818561076,1.0588598110648777
2018-06-07,31.92184538158805,32.39261991414026,31.728998321601622,32.154396057128906,31.84411832930804,32.789625743740324,52.34887783797544,1.1960138354698964
2018-06-08,32.17708033418415,32.73860622517744,32.16006511932161,32.732933044433594,31.928767349796185,32.78740250063026,59.73998988463739,2.4498377987988738
2018-06-11,32.77263567142405,33.158329730420256,32.664869041054445,33.03921890258789,32.03452464053825,32.7972776536482,63.011054358339216,3.4452104369262635
2018-06-12,33.03921939418944,33.0675788064261,32.7386057298488,32.8293571472168,32.110222974507636,32.79853567300383,59.447062807538806,2.099125385184294
2018-06-13,32.84637383216231,32.84637383216231,32.34723993245281,32.574119567871094,32.15440360244701,32.78973504143,55.346828647981965,-0.4851794868089496
2018-06-14,32.61429961712576,32.694686625955676,32.38462276195195,32.556880950927734,32.19273477849279,32.78060350846913,55.070554535081016,-1.4598951418381618
2018-06-15,32.447797795540765,33.19425395214889,32.447797795540765,33.182769775390625,32.2870238258164,32.796374734622916,62.40768136387633,1.0765140072314505
2018-06-18,32.947343810036934,32.95308480221096,32.23534030942755,32.49946975708008,32.30725677165103,32.78473140217026,52.3555799544884,-0.22916908202377062
2018-06-19,32.430572460302436,32.849735053120426,32.292766720671096,32.60857391357422,32.335953642310386,32.77782326536257,53.63962511959167,0.15877738019314575
2018-06-20,32.683217837894745,32.71767036805862,32.424831528005306,32.58560562133789,32.359730021265385,32.77028531853807,53.31387797217072,-1.7996211832069844
2018-06-21,32.60857597746504,32.66599467421517,32.43631769683177,32.55115509033203,32.37796098022412,32.761691976255484,52.795975948389156,0.15903438929397723
2018-06-22,32.6085663875233,32.889920985390624,32.57985704759144,32.740631103515625,32.41250099196616,32.760866059677454,55.364204192099635,0.4049768943941268
2018-06-25,32.6143150440064,32.85547837495041,32.49373447372577,32.76934814453125,32.4464864350676,32.761198690456034,55.75709185755804,0.5638763487428942
2018-06-26,32.66024974500449,32.79231448392177,32.19515047199638,32.21237564086914,32.42419016895346,32.73967621792322,47.098101361826714,-1.0407601466760577
2018-06-27,32.2525650740649,32.41908232000554,31.953985296327485,32.14921188354492,32.39800176081931,32.716520753829954,46.22144467780829,-1.8063769696461278
2018-06-28,32.430568782907166,32.9301183655952,32.361665920904585,32.895668029785156,32.44539854833987,32.72354613720075,56.52115810721831,0.38548183716308465
2018-06-29,32.93586528317707,32.98754298313451,32.58560556017475,32.60857391357422,32.46093905931457,32.71903742254873,52.367041119765275,1.2299567008724603
2018-07-02,32.38463986083052,32.562639134255875,31.8391534824092,32.08031463623047,32.42468911425894,32.693989470144096,45.70993073221192,-0.21430462296874256
2018-07-03,32.20089747147344,32.52818886114029,31.965475120270845,32.419090270996094,32.42415589109105,32.6832091093932,50.09170661076335,-1.4487553751987905
2018-07-05,32.41334555021691,33.09663759929558,32.355924669801084,33.09089660644531,32.48765500683907,32.699196854375636,57.429350800022505,1.479128446860148
2018-07-06,33.15980150420402,33.62490080734623,33.09663962706811,33.46986770629883,32.581199073454286,32.72941924072557,60.9198447513748,4.331482050051476
2018-07-09,33.469867695724986,33.50431803569169,33.09089862341198,33.31483459472656,32.65106912309926,32.752376705588354,58.795977887250466,2.7630149897569796
2018-07-10,33.57321578383065,33.75695819157476,33.35502085324115,33.73973083496094,32.75475119089561,32.791096475367674,62.64026163407773,1.9607635182337357
2018-07-11,33.76270105142342,33.866056435295334,33.458378082457436,33.69953918457031,32.84473099981701,32.826721679650134,62.05052390676185,0.686203722963212
2018-07-12,33.77418893919736,33.84883498917358,33.222961624871324,33.30908966064453,32.888955634181535,32.84563807106168,56.48679426478362,-0.017244372220117883
2018-07-13,33.33780495358734,33.716774048695626,33.31483659863947,33.590450286865234,32.95576464872284,32.87484639325005,59.31760104765858,-0.44244735924514067
2018-07-16,33.49857892260115,33.55025662583437,32.7061882031527,32.80954360961914,32.94183883547487,32.87228549977433,49.66098480321753,-2.640972536973638
2018-07-17,32.81528118690018,33.15405669679616,32.780828660503424,32.930118560791016,32.94072261883831,32.874553462951454,50.987733953268865,-1.1377407900200853
2018-07-18,32.82676685255207,33.188510753938296,32.780832335922014,32.97605895996094,32.94408798465951,32.87853407067732,51.51210629322398,-1.8290654684809042
2018-07-19,32.53966525103106,32.74637602797663,31.68411499025161,32.694698333740234,32.920336589333864,32.87132482609155,48.11675609448317,-0.35003618838890455
2018-07-20,32.59708435428743,33.222957643587975,32.59134117169454,33.09663391113281,32.93712681045757,32.88016047648533,52.893519537279545,0.5056627720134057
2018-07-23,33.05644795147746,33.16554435147662,32.76360909338348,33.06793212890625,32.94958445983364,32.887524070697914,52.521657253019896,0.278605666786512
2018-07-24,33.07941245688515,33.47560667535023,32.97031387919891,33.297607421875,32.982729503837575,32.90360577074407,55.233843873820945,1.8440576572397251
2018-07-25,33.332059884257134,33.55599585637488,33.03347785797256,33.217220306396484,33.005061961224136,32.91590437998534,54.06962607737948,0.36434640328516876
2018-07-26,32.350183562999085,33.05644396175633,32.028633204950964,32.21237564086914,32.929568025952236,32.88831501766706,42.118710005515524,-2.5872693965318345
2018-07-27,32.361664159289376,33.40095678679134,32.20089009324098,33.24592590332031,32.95969734760634,32.90233897396719,53.50266659601057,-0.1552109071979001
2018-07-30,33.14831548078477,33.751220491016085,33.14831548078477,33.561737060546875,33.01703446312448,32.92819772246051,56.329032551353606,1.0371631068841984
2018-07-31,33.7225074071789,33.93495916638859,33.56747433195592,33.69379806518555,33.08148813951125,32.958221265312474,57.49261339369976,4.598923223895557
2018-08-01,33.60191889787782,33.67082174041854,33.32056215606528,33.349273681640625,33.10699152447595,32.97355665418809,53.488604207532426,0.3108584751733175
2018-08-02,33.378000272493914,33.90051832851974,33.32632256627672,33.779937744140625,33.17108164063449,33.005179442029366,57.47542192743098,0.6501471696774997
2018-08-03,33.808637948892056,34.445995423037,33.77992860662243,34.29670333862305,33.278283707109594,33.055827437974216,61.715990269880876,1.7893657232440587
2018-08-06,34.24503524767831,34.59529501656456,34.17038918454279,34.57232666015625,33.40152589311404,33.11529799570685,63.790039943485745,3.6674051440854547
2018-08-07,34.480451346066154,34.52638805344874,34.07277292476816,34.1990966796875,33.477485015644845,33.15779990488256,59.11939394355001,1.2408517112189799
2018-08-08,34.084264730262234,34.1933611491394,33.590455967290325,33.65361785888672,33.494259572144074,33.17724374621606,53.01038083886488,-1.8750649979006027
2018-08-09,33.59619128370012,34.06703379864599,33.58470929660795,34.00387191772461,33.54279408124698,33.20966053725561,56.14409330180321,-1.644247863383666
2018-08-10,33.9981326841843,34.135940639514615,33.79716503097669,33.9062614440918,33.57741002056554,33.23697821987663,55.0424203942015,-0.8562659953811943
2018-08-13,33.90051851346433,34.04980844869344,33.711032859506545,33.866065979003906,33.60490106422633,33.261648328077705,54.56757896471477,0.6312786964183333
2018-08-14,33.94644928285652,34.256515487572884,33.83160970440052,33.99812698364258,33.64235115178978,33.29052984398221,55.913257465101246,-0.016894940952405738
2018-08-15,33.91774187136648,34.62400236215714,33.88903252270987,34.55509948730469,33.729279564695965,33.34012081038702,61.14096504424794,1.9136230760290778
2018-08-16,34.66993336225953,35.02593404581148,34.60677149138784,34.928321838378906,33.84347406695148,33.402403203641605,64.20402854739886,3.1366378959799213
2018-08-17,34.980003231082904,35.20968240193381,34.90535936238183,35.02593994140625,33.9560898645186,33.466071311004924,64.98154287434001,3.023145828763392
2018-08-20,35.025932184954584,35.20393361246497,34.86515811519192,35.02019119262695,34.05743284814797,33.52701718871559,64.89215181733184,1.3459423130676769
2018-08-21,34.99149694702252,34.99149694702252,34.21059237210445,34.41156005859375,34.091159249142805,33.56170514439709,56.0940957897702,-1.4794921501706484
2018-08-22,34.491933678227134,34.58380489769612,34.05554593334513,34.06128692626953,34.08831426601202,33.581296586823456,51.745911578912505,-2.7541102872626837
2018-08-23,34.049806627008074,34.411550553148395,34.02683827192995,34.348388671875,34.11308325704659,33.6113786293745,54.83617292173754,-1.9183291063624817
2018-08-24,34.021089523120004,34.08999238226482,33.6191521624075,33.751216888427734,34.0786197933686,33.616862482670705,47.956653619208325,-1.9189573766537364
2018-08-27,33.76844433900018,34.055542141673726,33.70528247195082,33.88328170776367,34.06001616616813,33.62731029541945,49.46653415862379,-0.5226027392657736
2018-08-28,33.87754423825065,33.934962928603106,33.475606834635556,33.561737060546875,34.01256101325182,33.62473879601268,45.96960397182594,-2.29021401511113
2018-08-29,33.578962416327975,33.73973650251512,33.49283438032029,33.54450988769531,33.96798471557977,33.62159256431396,45.78286461765264,-0.6124431051352563
2018-08-30,33.487087298221574,33.79715344866754,33.487087298221574,33.69379806518555,33.94187170125651,33.62442415258343,47.7631955884607,-0.559224588138724
2018-08-31,33.61915387900763,33.889026527479636,33.504314314314264,33.6019287109375,33.90949617836898,33.623541978401235,46.6343435774257,0.11975438076437303
2018-09-04,33.67083548061356,34.08425708532824,33.5617390862062,33.94070816040039,33.91246874808626,33.6359798678914,51.213392971741015,1.181112122465114
2018-09-05,33.923486883290366,34.84219923210416,33.8373566422965,34.824974060058594,33.99937401589315,33.682607091113645,60.6937657293327,3.357223168146917
2018-09-06,34.807739148162305,34.96851541712114,34.635480893918775,34.90535354614258,34.085657780678815,33.73055793248733,61.427517927620904,3.879017917149531
2018-09-07,34.74457356444709,35.06038288559309,34.687154882629066,34.98573684692383,34.17137959651167,33.779780635014255,62.187715001476676,3.0789831537537062
2018-09-10,35.03741624442452,35.42212625019693,34.76180261557657,34.78477096557617,34.22979782213686,33.819192020526486,59.05413970627693,-0.11544328622639678
2018-09-11,34.77328849175517,34.853675530304045,34.078510107763044,34.14741516113281,34.22195185442219,33.83206351623654,50.38321000214063,-2.171410136292764
2018-09-12,34.17038222536668,36.77149001371411,33.94644627195018,36.42123031616211,34.431406946016466,33.933599469174794,68.27818882253031,4.103081994582884
2018-09-13,36.29329110003473,36.33399802692754,35.26398262354263,35.74083709716797,34.55611457945947,34.004471533017664,61.168950732861546,2.7485192659107702
2018-09-14,35.8455077262345,36.14208925925955,35.298870341906344,36.09556579589844,34.70272898102508,34.08647522960123,63.313650937413534,5.7051188957430785
2018-09-17,36.09556830804801,36.39796418585868,35.89784801172414,36.310733795166016,34.85587229665755,34.173701055701805,64.59116345309805,-0.3033849214782301
2018-09-18,36.44449415017849,36.525910236198285,35.94438007479743,36.13628387451172,34.97781625645319,34.250665087811996,62.685247298518846,1.1064284148372239
2018-09-19,35.98508042967835,36.46193489737754,35.67686799199879,35.96181869506836,35.07153077441654,34.317769150841656,60.7544725633947,-0.37053609738755194
2018-09-20,36.05487686633578,36.34564200235462,35.88041822839687,36.20607376098633,35.17958248742318,34.3918203120238,62.4961265955273,-0.2882344233803964
2018-09-21,36.31655414732253,36.432860607659784,36.14209556599725,36.37470626831055,35.293403799888644,34.46958054560368,63.69405767825482,0.6597866970128503
2018-09-24,36.08975451823647,36.33981260900602,35.48496275366077,35.50822448730469,35.313862912975885,34.51031168057234,54.127110527353935,-1.2613216578667523
2018-09-25,35.82225661169937,35.94437963003721,35.28724993464405,35.30469512939453,35.31298979073004,34.54146397268302,52.14582832234496,-2.489578509788799
2018-09-26,35.490785317229175,35.641984402655126,35.32214325506235,35.362850189208984,35.31773840010899,34.573675196860506,52.67883427276654,-2.7817573883286206
2018-09-27,35.351219034711555,35.764104916791325,35.258174297646235,35.3395881652832,35.31981933012558,34.60371099954375,52.42729005500404,-0.474921865163315
2018-09-28,35.38028892664966,35.450071912683924,35.048816970035524,35.072078704833984,35.29622498485971,34.622078360535525,49.5000384694514,-0.6588824056063622
2018-10-01,35.089524041339885,35.27561348377211,34.65919081923963,35.083709716796875,35.2759854355204,34.64018155097715,49.631719375616996,-0.7893607865841352
2018-10-02,35.03718365056503,35.70012751739729,34.926693745546636,35.64197540283203,35.31084162288341,34.67946758438322,55.61423187693433,0.8556614642325866
2018-10-03,35.71757743107517,36.1130180738193,35.339584199696496,35.39192199707031,35.31856356328216,34.70740697311604,52.60057697207288,0.9119598953005432
2018-10-04,35.1534955813842,36.00252900929277,34.903437456699145,35.92692947387695,35.376503173814996,34.75523138491059,57.861892671373454,2.4034509574008176
2018-10-05,35.90947637917562,36.18861050425984,35.73501782829309,36.09556579589844,35.44498532829913,34.80779351867482,59.391955744820635,1.2726297797466213
2018-10-08,36.258394149237375,36.90970933813277,36.17116598136878,36.73524856567383,35.567867541382434,34.88337999110615,64.63734148117987,3.795573941179894
2018-10-09,36.77014527447591,36.9620512582901,36.496825437538526,36.69454574584961,35.675170227522166,34.95440609913531,64.07023294010065,2.1366041663282203
2018-10-10,36.75270110805776,37.50868976033016,36.54334992655069,36.58405685424805,35.76173085863892,35.01831397188483,62.46802355772039,1.353327057156469
2018-10-11,36.5840608151054,36.96787061663536,35.38029360947229,35.543121337890625,35.74091090428194,35.038894652904666,49.826179027978256,-3.2451862293839255
2018-10-12,35.0779012817766,35.24654557119899,34.601046698028995,34.92670440673828,35.6633674283254,35.03449503540794,44.130715628569675,-4.81772237039147
2018-10-15,35.00228977317062,36.22350409971364,34.932506794567296,35.72920227050781,35.669637413295156,35.061738456392256,51.84762198632922,-2.3366861339244034
2018-10-16,35.554753703803975,35.636167571440936,35.141867821724205,35.3395881652832,35.638204151579735,35.07263452340759,48.35548452389818,-0.5726373063089595
2018-10-17,35.281429729233274,35.64197998464209,35.13023288091051,35.25235366821289,35.60145648649718,35.079682333007796,47.58271500937805,0.9323790120083103
2018-10-18,35.58964968561005,36.14791816091991,35.29888457742428,35.43263626098633,35.58537836978186,35.093523663516756,49.38303842728152,-0.8300381499597062
2018-10-19,35.45008288415299,36.11302700255628,35.45008288415299,36.02579879760742,35.62732317243191,35.13008347269678,54.87466557719173,1.9417618256183762
2018-10-22,36.02580069166815,36.33401102507624,35.60128386051828,35.653621673583984,35.62982779158925,35.150614382535494,51.12655699439875,1.138272948092308
2018-10-23,35.618722710419874,36.124653334308285,35.403557169881836,35.9676399230957,35.66200037554225,35.182654599812366,53.982522651096,1.5099177441065805
2018-10-24,36.07231181575696,36.68873452758919,35.94437670074371,36.23514175415039,35.716585268743025,35.22392860586484,56.3239462521576,0.5810917829166131
2018-10-25,35.76409524905305,37.12487554726365,35.42680678189102,36.729434967041016,35.8130471447714,35.28296807100901,60.339604932621135,3.0174025609693076
2018-10-26,37.153967348017574,37.29934991063675,36.27004110108959,36.688743591308594,35.896446806346376,35.33809652278546,59.85174781359277,2.0048679028001843
2018-10-29,36.863193172301926,37.79364045728085,36.78177931216143,37.56102752685547,36.054978303537716,35.42527028765095,66.16675712677976,3.6591157327353647
2018-10-30,37.747121038953566,38.38098672031373,37.590105426896734,38.305389404296875,36.269303170276686,35.53821613536256,70.43970029437459,4.290712445399812
2018-10-31,38.09022289702793,38.2704958146519,37.47961449574526,37.82271957397461,36.417247589676485,35.62780450550421,64.73088792915664,3.0908008060942422
2018-11-01,37.62499533747663,37.93902212089678,36.729440677948425,37.02602005004883,36.475225919235754,35.682636487643215,56.57974772068935,-1.42436858636021
2018-11-02,36.98531312090488,37.32260164051049,36.508458620908925,37.02602005004883,36.52768250312271,35.735318195972845,56.57974772068935,-3.339919980305786
2018-11-05,37.14232764162921,37.85179286996173,37.04346858737782,37.58428955078125,36.62831174575686,35.80782687655357,60.61066730202372,-0.6303883641339753
2018-11-06,37.42145975353169,37.78782654336429,37.27607723355937,37.72385787963867,36.73264947279323,35.88296534726279,61.57116573659216,1.8847227669799835
2018-11-07,37.950656881165635,38.27049578519676,37.648258734139695,38.014625549316406,36.8547424324621,35.96655986499038,63.564528549987934,2.670029071261939
2018-11-08,37.87505512604779,38.16582018610666,37.83434819510846,38.014625549316406,36.96520749121013,36.0468761663365,63.56452854998793,1.144989046430468
2018-11-09,38.066960066858066,38.40424859191551,36.44449054465685,36.880638122558594,36.95715326562427,36.07957271363933,51.48519454536919,-2.23524264079895
2018-11-12,35.647793692078494,36.60731921766097,35.554748967408045,35.58964157104492,36.826914056616715,36.06035972765524,41.75651439927438,-6.379081585653266
2018-11-13,35.560564200510754,35.75828451044678,34.67082169661808,34.89180374145508,36.64261783612513,36.01453400270621,37.61854159866186,-8.214790393792223
2018-11-14,35.20582811454043,35.28724196279888,34.25211923203683,34.36842346191406,36.426027895724076,35.949980648165344,34.83067010008212,-6.81174401672811
2018-11-15,34.17652415787661,34.21141676239955,33.234446019369805,33.31004333496094,36.12926746136568,35.84645369470635,29.990472322895524,-6.405229542796586
2018-11-16,33.24607971257848,33.29841751812185,32.68781126569024,33.019283294677734,35.83307849310968,35.73558426725425,28.806164909590883,-5.366648456045841
2018-11-19,33.11232367290569,33.24607533203511,32.18187638402217,32.37959671020508,35.50417546616639,35.60397691207585,26.341598765045855,-5.786784936216046
2018-11-20,32.46683521175024,32.88553548699682,32.34471217220652,32.350528717041016,35.203828156725876,35.476390708348994,26.2317702464891,-2.8805564984445766
2018-11-21,32.414503824022034,32.44939422649614,31.478239572686725,31.62943649291992,34.86340990303007,35.32552975872432,23.602738467237703,-4.209197363111272
2018-11-23,31.687581838143895,31.862040455925392,31.07697334836613,31.239803314208984,34.51830451361854,35.16530519227274,22.30207961708496,-3.520097566986883
2018-11-26,31.18163973384012,31.29213185980987,30.762939618760036,30.943212509155273,34.177819560812516,34.9997329301897,21.33815237781612,-4.350210842595664
2018-11-27,31.018813349838872,31.542191288833003,30.954844688588356,31.280502319335938,33.90188458543379,34.85388074937191,25.29265973211994,-1.1031944045607258
2018-11-28,31.28050892671915,32.088835522294296,31.00137470641446,31.9550838470459,33.71647499130161,34.740202439476775,32.59157514404119,2.289644802314036
2018-11-29,32.26328892897666,32.72851255444904,32.00159994641056,32.530792236328125,33.60355282416128,34.653558902098396,38.14572476717355,5.130623482300453
2018-11-30,32.513351100785925,32.63547190176853,31.716655404101303,31.885299682617188,33.43990966782374,34.5449997170207,34.6940363358419,1.9334643577874917
2018-12-03,31.80970078150541,32.63547255909996,31.722470368554298,32.40867614746094,33.34169695159871,34.461222322136,39.47615004052174,1.4194683468401277
2018-12-04,32.44356709578675,32.69943955919289,31.577086209698106,31.63524055480957,33.17917729476165,34.35039950773105,35.35589975987728,-2.752935357407204
2018-12-06,31.63524055480957,32.01323381540764,30.93158739831016,31.63524055480957,33.0321357004805,34.24392268604785,35.35589975987728,-0.784245813264039
2018-12-07,32.22839937095476,32.64710178263037,31.35610415887154,31.50730323791504,32.88691356118856,34.13660427631716,34.661861925729816,-2.7812703778599626
2018-12-10,31.641051232812213,31.681758160517152,30.66408053117132,31.030445098876953,32.7101070409684,34.01479411249598,32.130169657891344,-1.9117776420406227
2018-12-11,31.25724014682094,31.78643240289779,31.100226767321953,31.373546600341797,32.58281557043254,33.911215778686014,35.76551264638486,-0.8272229004055655
2018-12-12,31.658495071960687,31.92018403770779,30.91995164345712,31.012998580932617,32.433309190480166,33.79756020230353,33.72142405605838,-1.5688573955373908
2018-12-13,31.03044655284759,31.46077758542384,30.954847018555597,31.356101989746097,32.330718028505494,33.70181674298755,37.38862815395163,1.0494754098159238
2018-12-14,31.117674336680285,31.204904738076625,30.50125385713183,30.664081573486328,32.1719907470751,33.58268987359535,33.37727129711289,-2.261347867020363
2018-12-17,30.646642602760455,31.08279026157101,30.268647077779956,30.443105697631836,32.007335028080504,33.45956892551835,32.18964819016172,-1.8375936200221614
2018-12-18,30.44890873233983,30.49542997509081,29.47775255605999,29.594058990478516,31.777499214975553,33.30798030061482,28.058558972882427,-5.619458055863562
2018-12-19,29.762712456088455,30.40821126021088,29.471947388888186,29.890649795532227,31.597799270266666,33.17396733963119,31.371863360864225,-2.5222727643108303
2018-12-20,29.36145475883464,29.45449948303822,28.66361821812721,29.33237648010254,31.382044718822463,33.02331671768889,28.693104541619714,-3.6485410804052765
2018-12-21,28.47752498884215,28.82062777973281,28.279804698865146,28.54730796813965,31.112069790186005,32.84778696280461,25.407598371227976,-3.5370309381205365
2018-12-24,28.233997545877845,28.529579607625408,28.080295866018467,28.115766525268555,30.82670757447958,32.66221753388163,23.794708309991695,-5.937921331268498
2018-12-26,28.068467279727123,28.63007354736328,27.483216165276374,28.63007354736328,30.61750433380184,32.50409424029267,29.535797809069255,-2.394292645247006
2018-12-27,28.423172700041356,28.795604481499502,27.885211172155167,28.78969383239746,30.4434271431919,32.35843147919874,31.26652182558314,0.8490673254666546
2018-12-28,29.203504891520588,29.304001697289777,28.730571848735117,28.902009963989254,30.296625507077362,32.222885537425825,32.522428769944966,2.796450304899484
2018-12-31,29.008419467885073,29.19759178161621,28.730571645481024,29.19759178161621,30.191955628462015,32.10424656660976,35.84474987242272,1.9822451147883828
2019-01-02,28.913832558698488,29.274442977088057,28.346315632271537,29.150299072265625,30.092750242157596,31.988405488400186,35.54321328670245,1.2525497560601695
2019-01-03,28.848806048151275,29.262621346497877,28.771954087931142,28.990686416625977,29.987791782583155,31.870847877742374,34.48870697604683,0.3068175976245583
2019-01-04,29.256708511063117,29.74146282985457,29.1739436534911,29.735549926757812,29.963768748695028,31.78711070319396,42.98919275404813,1.8424743696852361
2019-01-07,29.36903323674012,29.374943885605184,28.689193606539455,28.836984634399418,29.85645597590497,31.67141948480986,36.787802727959786,-1.0748240938780047
2019-01-08,29.120739165525,29.481349585137902,28.972948157822128,29.00250816345215,29.775127612814227,31.566756295737008,38.54642153899229,0.040777740327639075
2019-01-09,29.079356632899486,29.58775803869553,29.026151782174043,29.35720443725586,29.73532540561819,31.480107203247552,42.25387129642515,-1.2723675547748838
2019-01-10,29.45770722366345,29.534556930473624,28.878364440080293,28.88427734375,29.65427320924979,31.378309953855492,38.88537095396776,0.16400018916737666
2019-01-11,28.967042069790704,29.233066376556113,28.701017763025295,28.90792655944824,29.583192575935357,31.28143217368266,39.14662438070402,-0.3261152568973256
2019-01-14,28.943400298654577,28.949313203846028,28.41726449224435,28.529584884643555,29.48284898628852,31.173516593720343,36.46127504790476,-2.8191361148884164
2019-01-15,28.434990342305344,28.58278135708887,28.198526071718856,28.322669982910156,29.372355747871534,31.06171868741406,35.04538484849796,-1.9443358549573155
2019-01-16,28.281283409301377,28.334488254913836,27.86155754675391,27.90293884277344,29.232411280719337,30.93784496801639,32.30488356873071,-3.4765126257259302
2019-01-17,27.78471976283057,28.021186364984825,27.583723827533245,27.8201904296875,29.097914056811543,30.815584005728983,31.777302300709973,-2.486522176275674
2019-01-18,28.09211530659247,28.67736644031274,27.962058496827147,28.55913543701172,29.046601807306796,30.727095826563602,41.037757012437446,0.8348981725389778
2019-01-22,27.997535881527114,28.074387856237554,26.348187280697555,26.584653854370117,28.81213057369378,30.564647121771703,29.51088809868346,-4.724538142134606
2019-01-23,26.60829106156589,26.732437217381513,26.312709056968966,26.425031661987305,28.584787820197924,30.402309260603687,28.806450774453012,-5.0149145140695826
2019-01-24,26.342270508196364,26.342270508196364,25.06535626841589,25.61513900756836,28.301964123757013,30.21457709381799,25.482727478303687,-10.308422802001335
2019-01-25,25.845693477617388,26.36591622779919,25.774752166591927,26.153099060058594,28.097310308166687,30.05530344543527,31.164149400022573,-1.6233229767653428
2019-01-28,26.354089525158475,26.897959267453484,25.993479160974783,26.779726028442383,27.971826091050087,29.92684942908261,37.17298417113303,1.3422665713029582
2019-01-29,27.010283995485953,27.229016312506605,26.815201036246147,27.14034080505371,27.892637016193287,29.817574581081477,40.397462401031326,5.954298343002194
2019-01-30,27.29404834285555,28.26355946516609,26.96299785460971,28.257646560668945,27.927399829952872,29.756400933222164,49.111952930842726,8.04702913324887
2019-01-31,29.0675366660446,29.363118705382593,28.139409242932256,29.17394638061523,28.04611854906357,29.73355957821797,54.93163551974552,8.94042138306411
2019-02-01,29.28035095971922,29.33946871028538,28.848801528588435,29.085268020629883,28.14508516540322,29.708136379881182,54.28460475750887,7.166185677425294
2019-02-04,28.907924337319848,29.085273109826744,28.74830976553004,29.032068252563477,28.229559745132768,29.681623904300096,53.87462404912007,2.74057391945877
2019-02-05,29.037978369376244,29.05571482488055,28.742396335573233,28.990686416625977,28.302047999560692,29.65452831654817,53.53592285027115,-0.6281630931872221
2019-02-06,29.06162906966013,29.185772997993233,28.81334121299392,29.12665748596191,28.38058223636081,29.633827499662434,54.547073291634824,0.14230388147934747
2019-02-07,29.06162697053063,29.197594442471477,28.54140193280456,28.801515579223633,28.42067112615727,29.601187816507974,51.652396654283244,-0.7941310668401532
2019-02-08,28.724660772337018,28.89018598177752,28.275377094522003,28.87245178222656,28.463697855306727,29.572609932810664,52.24778698731353,-0.4078366158712641
2019-02-11,28.919744163804555,28.955214818547027,28.57687018840816,28.902009963989254,28.505441865657442,29.54631189481767,52.51022179125759,-0.7712780708906574
2019-02-12,28.94930208510197,29.398585737252123,28.93747853437279,29.35720443725586,28.586562110571577,29.538895916089757,56.477106981775556,1.929373669603277
2019-02-13,29.42223377041287,29.463615071719538,28.86654039921491,28.967037200927734,28.62279783346264,29.51647008412262,52.434123188632185,0.3275974600792329
2019-02-14,28.961139028088827,29.2271611496187,28.813347958299893,29.04981231689453,28.663465879503775,29.49816977952544,53.199566648463254,0.51139125994847
2019-02-15,29.13848096632852,29.203509382467253,28.81334114074707,28.81334114074707,28.677739713907897,29.47131375447531,50.689976522683445,-1.8525718198787262
2019-02-19,28.860636775121627,29.191689547123893,28.588701777644328,28.961135864257812,28.704729823465033,29.45130677838835,52.20744728270653,-0.020372593265192036
2019-02-20,29.10300988361103,30.125723559103772,29.055717925813592,29.859699249267575,28.814726911636704,29.46732216940322,60.22235707657767,2.787924835927551
2019-02-21,29.78875531398935,30.03113247773746,29.564112349626367,29.776931762695312,28.90636546888038,29.479463722081345,59.23692510073583,3.3442515994285635
2019-02-22,29.94246153807261,30.46859720817403,29.794670518151445,30.44495010375977,29.052897338868895,29.51732593312756,64.3126339183866,5.123467002318772
2019-02-25,30.770088505230383,30.929703070141375,30.4508593754084,30.64594459533691,29.204616125199184,29.561585488508317,65.69666719368539,2.6331321675606683
2019-02-26,30.693242369482583,30.92379828816552,30.645950408933075,30.799652099609375,29.35652431323825,29.610137120316203,66.75838653750085,3.4346061745533216
2019-02-27,30.976996965003007,31.183903479409313,30.569092329299323,30.929702758789062,29.506350831862136,29.66188479241318,67.67014405505653,1.5922268007574407
2019-02-28,30.982902526855472,31.12478286709336,30.66367345265385,30.98290252685547,29.646974802813883,29.713689409450133,68.05612575068963,1.0995188302005539
2019-03-01,31.136616153208873,31.2962307517819,30.817389211175197,31.183910369873047,29.793349618724278,29.771345133388287,69.53604225062476,1.2476058788616815
2019-03-04,31.302145516559523,31.479494329364428,30.87059591185967,31.012474060058594,29.909456708375167,29.82001685600281,66.6978867359314,0.26761104662090796
2019-03-05,30.9237959850365,31.863747027743027,30.71688718959454,31.260759353637695,30.03815219840017,29.876516561792414,68.69098406620414,0.8968069616504937
2019-03-06,31.479491012469673,32.36623723817304,31.31987642122959,32.31894302368164,30.2553703722365,29.972297991670423,75.43804201652092,3.6398021939710143
2019-03-07,32.44307982653712,32.44307982653712,31.846002944376934,32.36031723022461,30.4558415015687,30.06594580494706,75.65891281486144,4.346132358082072
2019-03-08,32.354412882259034,32.839167293214125,32.32485512649098,32.732757568359375,30.67269065078686,30.17052665841421,77.6106796936682,4.708773059763786
2019-03-11,32.70320060609566,33.20568923168143,32.69137705247912,33.11110305786133,30.90492040384157,30.285843379961157,79.41630579898224,2.4510703632827155
2019-03-12,33.17022072989181,33.3239224162373,32.567233027867616,32.957401275634766,31.10039477258378,30.390610356262084,76.70977694549948,1.845111842267351
2019-03-13,32.904193322894734,33.276627332878974,32.71502099356256,33.18204116821289,31.298646810262742,30.500078231240547,77.89548205471897,1.3725809654601444
2019-03-14,33.15248719499478,33.39486441053461,32.96922549344522,33.34165954589844,31.493219451751855,30.61151279259968,78.72431551912831,0.6963117104078779
2019-03-15,33.55446792929459,33.73772958267248,33.1110949255744,33.54855728149414,31.688965911727312,30.726691007850444,79.78252274074887,1.7936972667089912
2019-03-18,33.59584983829304,33.95645796935671,33.448058844294096,33.873695373535156,31.89703538428044,30.85010294375965,81.35220404997864,2.0844233234959746
2019-03-19,33.87370535278659,34.09834836127644,32.60861443227556,33.11110305786133,32.01266087700243,30.938769614900895,68.01413508609171,-0.6914967376465565
2019-03-20,33.09927750398391,33.365299533262444,32.51993472681704,32.93966293334961,32.10094678713074,31.017236019545944,65.41743450411381,-1.8149643307624617
2019-03-21,32.81551788966447,33.81458665252607,32.81551788966447,33.654972076416016,32.2489491956341,31.120676649227125,70.48133729703514,-0.6457024977854195
2019-03-22,33.58902071584565,33.91879464687685,33.523065472188705,33.52906036376953,32.37086454498033,31.21512306940526,68.57776865999533,1.262287472506811
2019-03-25,33.3791672158054,33.954775233643026,33.3132142509031,33.90680694580078,32.517144773629894,31.32067929985214,71.09960703242827,2.936107799305959
2019-03-26,34.08667662752118,34.344500404929626,34.01472649741403,34.194602966308594,32.676902696742154,31.433382188732786,72.88509619867136,1.6034210002234073
2019-03-27,34.0507046045197,34.27255218561652,33.69094935941979,33.75690460205078,32.779760021057264,31.52450071474526,66.18770570915575,0.6795425693690225
2019-03-28,33.76888611583167,34.31451256077477,33.762891226218144,33.99673080444336,32.89566200042737,31.621450914341263,67.92677129575605,0.2652088673118624
2019-03-29,34.074680116648025,34.47640407494422,34.03870391507181,34.43443298339844,33.04221161785319,31.73176393665723,70.87138246779354,0.7013680414015758
2019-04-01,34.40445954118094,34.65029124037236,34.092672605358324,34.614315032958984,33.19193575262517,31.844805156120046,72.00875136645944,2.539955724661183
2019-04-02,34.68626574058614,34.70425498822031,33.94277573963635,33.99074172973633,33.26801251235004,31.92895953155598,62.84751745162751,-0.01761661949639134
2019-04-03,33.41514222793564,33.76890033263985,32.03608602370446,32.36585998535156,33.182093224064474,31.946092882685218,46.31302777073612,-6.007280558515883
2019-04-04,32.58170609541857,32.92946695025514,32.52774292810302,32.73759841918945,33.13976038550495,31.977132315489307,49.581133758208836,-5.421793301362639
2019-04-05,32.67763764165206,32.923469319576206,32.3898348690033,32.83952713012695,33.111166742135616,32.0109517199849,50.47141433315386,-3.3868475385526846
2019-04-08,32.83953112397204,33.21127613128056,32.73759967634913,33.145320892333984,33.11441951834499,32.05543678556722,53.1444900727305,2.4082811559315815
2019-04-09,33.06136769203128,33.33118344919338,32.88748617216541,33.04338073730469,33.107653920150675,32.09417968563535,52.134352163263365,0.9340401644611694
2019-04-10,33.133325232146284,33.29521472276586,32.923469755743014,33.2292594909668,33.11923540308554,32.13869261917776,53.85662108335426,1.1867782361649892
2019-04-11,33.36117235839502,33.60100916635425,33.28322505272027,33.565032958984375,33.161692313171145,32.194627534464296,56.87521877694181,1.2662784832095675
2019-04-12,33.60101664506104,33.93678550623335,33.41514296315935,33.912803649902344,33.233226726193166,32.262006989971674,59.80791867696435,2.6311560536422705
2019-04-15,33.98473653506968,34.242560229542455,33.88280512022449,34.140628814697266,33.31964597271737,32.33567843407856,61.64793983056051,2.742671181036158
2019-04-16,33.996740964678935,34.05669902774443,33.589019731523784,33.81086730957031,33.36642895717955,32.39352897821549,57.541667845484056,0.7324120637281688
2019-04-17,34.026710044305624,34.03270493395743,33.61898893039803,33.68494415283203,33.39676373771788,32.444172710553396,56.007524808312965,-0.671898140367904
2019-04-18,33.672951593898176,33.76289094812992,31.94613291831928,32.59968566894531,33.320851540691926,32.45027125794132,44.89744240448608,-4.5135171766039335
2019-04-22,32.39583198623618,32.9474557205034,32.20396345794844,32.743595123291016,33.26587473903469,32.4617741546217,46.415373060276046,-3.1565951163198966
2019-04-23,32.797556713101876,32.97143827327004,32.31788541544244,32.8695068359375,33.2281254149302,32.477763671536046,47.77104010906431,-2.4207768111320265
2019-04-24,32.713617445144266,32.99542307112089,32.593699038200434,32.80355453491211,33.18769009302371,32.490539783825305,47.098881253862125,0.6253706493894319
2019-04-25,31.232626561393307,31.628355659193566,30.37521313495056,30.824905395507812,32.96266297897458,32.42522078820501,32.37923594171486,-5.85974057081597
2019-04-26,30.902852831060407,31.74227701545994,30.878868694783904,31.652339935302734,32.83787030814869,32.39491173515002,40.72233467284471,-3.7030275711468543
2019-04-29,31.718293825345647,32.16198889143535,31.610367503917768,32.084041595458984,32.766077097416336,32.382720749279784,44.565277667335295,-2.193399311917137
2019-04-30,32.2699182612805,32.97143941683177,31.994107541466917,32.57571029663086,32.747946925912956,32.390288966822965,48.6484693873755,5.679838684527466
2019-05-01,32.68962956791613,32.82154002919439,31.99410563188613,32.01209259033203,32.67786556061954,32.37545773637234,44.593511771908,1.1365752287654878
2019-05-02,31.81423322358129,32.108030922668185,31.742280806159137,31.874191284179688,32.60132515333955,32.355800228443215,43.63516605496982,-0.6540644533667418
2019-05-03,32.048068787933694,32.3238794912291,31.898171368240135,32.23394012451172,32.566336102974994,32.35102140083806,46.84449676525599,-1.0491564696733202
2019-05-06,31.844208434647573,32.37784288663344,31.838211256954963,32.09603500366211,32.521545522088054,32.34102193428214,45.768675175673806,0.262220950077564
2019-05-07,31.940148597311417,32.04207776439842,31.478464181512148,31.74228286743164,32.4473300311684,32.317541970876235,43.03819464432241,-0.41384082680559736
2019-05-08,31.53241854242346,31.6823159490166,31.148681547505483,31.15467643737793,32.32422016509312,32.271939400935125,38.88808602609588,-3.3482214180607803
2019-05-09,31.040767491950824,31.34056242354712,30.687009381177045,31.172677993774418,32.214549482110385,32.22883111045824,39.0818888256883,-2.8768569381929514
2019-05-10,30.87886928963032,31.316569492469263,30.453161155160643,31.244619369506836,32.12217518567195,32.1902345715974,39.90213939277906,-1.567825162428439
2019-05-13,31.022772341758703,31.148685630862527,30.597061912914555,30.842893600463867,32.00033884422356,32.137397670768635,36.913197881905,-1.0007577435148707
2019-05-14,30.74695896387948,31.406509003653003,30.692995799600308,31.112709045410156,31.915802672908,32.09721380310752,40.15559770971426,-0.19237663307668956
2019-05-15,31.028764256543475,31.406506374880056,30.866874777256367,31.256608963012695,31.85302231958464,32.06424890741753,41.87151166236448,0.03837330634138117
2019-05-16,31.184661296846983,31.63435360077755,31.106716277654755,31.196653366088867,31.79051099068028,32.03022555285562,41.33965731503803,1.1469733359248744
2019-05-17,31.034766936859143,31.49045646418309,30.854890454916983,31.388525009155273,31.75222661148742,32.00506082565168,43.79989435075328,0.8865057791738853
2019-05-20,31.268610969168886,31.832224593523826,31.214647792254308,31.376537322998047,31.716446679250335,31.980412845155463,43.67664323408771,0.38368960665972435
2019-05-21,31.538421625745865,31.538421625745865,31.076739506279928,31.10072135925293,31.657806172583914,31.945915139825953,40.829798667851875,-0.3075073653259767
2019-05-22,31.13669695095051,31.7902498919898,31.028770609329086,31.676328659057617,31.659570218914745,31.935343120972295,48.39009988137711,0.9169072131245364
2019-05-23,31.48445460107256,31.706304440139437,31.280594008600943,31.66433334350586,31.660023849828185,31.92471528656185,48.25173716718219,0.9172332101059054
2019-05-24,31.760272627372817,31.844214833912968,30.938832949650315,31.418506622314453,31.63702220911259,31.904863966395286,45.38755003168558,1.0217938657778995
2019-05-28,31.196654549170542,31.196654549170542,29.829590625299037,29.901540756225582,31.47173826121859,31.826302271878827,32.54811993167393,-5.602883850381275
2019-05-29,29.499823494711467,30.24931086862561,29.20002854514581,30.093416213989254,31.340469494815796,31.758345955883158,35.050832080783074,-4.961156492621341
2019-05-30,30.17134958776565,30.273281012849132,29.937510001210395,30.10539436340332,31.22284329182413,31.69352432480552,35.21244030020559,-4.179422894589514
2019-05-31,29.931521694856055,29.949510944174506,29.343923965783155,29.415876388549805,31.050751205798004,31.60420479789353,30.506721791055167,-1.6242118479284753
2019-06-03,29.529793624110223,30.069425285441973,29.457843498350417,30.03944396972656,30.954436230934057,31.542841628161494,38.50982095586842,-0.17934901069027093
2019-06-04,30.44716253667397,30.465151782003257,30.12938074531107,30.23130989074707,30.885567055678155,31.49140901100799,40.770066600279144,0.4182490547169688
2019-06-05,30.33324511612752,30.381211106079185,29.361910375259537,29.79361343383789,30.781571472645748,31.424828792295436,37.39328213341354,1.2841264366854659
2019-06-06,29.925522782487008,30.68100482200243,29.91353071363714,30.42917823791504,30.748010212195204,31.385783672515814,44.572230271879334,1.2974083960450475
2019-06-07,30.69300129315911,31.01078544512727,30.651030189791285,30.80692481994629,30.753621127219116,31.363083325356225,48.3621776990549,1.9040356877668667
2019-06-10,30.878871962488585,30.998790369308143,30.567085019659075,30.70499038696289,30.748989628147093,31.337275759144724,47.419915840369306,3.058967503719807
2019-06-11,30.788932559047897,31.454477543432652,30.764950707507328,31.26860618591309,30.7984769193629,31.334582834704268,52.885846143915074,2.758628384358127
2019-06-12,30.84289334798433,31.20264854037585,30.651024826943463,30.932832717895508,30.81127270969934,31.318827928162747,49.57918210733292,0.4086999876978901
2019-06-13,31.1459931487276,31.322613536602844,30.865838113444077,31.18862533569336,30.847211055032105,31.31372194414434,52.039335141632264,1.575102101109325
2019-06-14,31.12772042222637,31.353062296041543,30.744028446491523,30.975461959838867,30.859425426918463,31.300456846720596,49.856199726422616,-0.9375033358739462
2019-06-17,30.68921530710083,31.176441922084894,30.683125990848428,30.975461959838867,30.870476525291835,31.287711949195824,49.85619972642262,0.13781227969689686
2019-06-18,31.103357147767696,31.212983421745463,30.45778045915189,30.5247745513916,30.837552527777525,31.257792835556444,45.20594551519829,-2.1285028665307144
2019-06-19,30.518691324761544,30.603955705250357,30.208082712089297,30.39079475402832,30.795004168372838,31.223792910790635,43.895186078795135,-1.8875173082764518
2019-06-20,30.597860125415732,30.701394759595388,30.390788533776767,30.61003875732422,30.777388414939637,31.19972412045862,46.622641158737444,-1.1797183299104197
2019-06-21,30.48823998404396,30.658768744416648,29.178816078953332,29.23362922668457,30.630363730343916,31.12262235991846,35.08966621593839,-4.229827553789972
2019-06-24,29.300632722480714,29.860943013722352,29.17882543034271,29.532066345214844,30.525763979379242,31.06024761424381,38.63421239561312,-2.82562011215469
2019-06-25,29.641686987333223,29.806126464558723,29.29453775428403,29.708681106567383,30.44794656292097,31.007245006099637,40.69804583734424,-2.9446472051302566
2019-06-26,29.30671454412777,29.45288372195536,29.00219755332721,29.19708824157715,30.32881719898346,30.93625846631444,36.833701156617444,-0.12499640336844363
2019-06-27,29.17272186279297,29.404153049211583,28.965650264279656,29.17272186279297,30.218712881251033,30.86710016813713,36.65518034357814,-1.2167942406105983
2019-06-28,29.123998036738385,29.27016718055035,28.81339180064758,28.837751388549805,30.087192739089012,30.787517863055275,34.201126289969835,-2.9315664162050297
2019-07-01,29.06919223960014,29.48333554116564,28.935204017540624,29.044830322265625,29.987920127962976,30.719177175181173,37.0087757732264,-0.5214832316556334
2019-07-02,29.148357285800937,29.611221939585903,29.002188155338597,29.599040985107425,29.95088401911959,30.67525026576652,43.90727482265545,1.4613621736070714
2019-07-03,29.8243938537138,30.05582508644319,29.49551495674443,29.9583797454834,29.951597897820907,30.647137696343652,47.8919527968884,3.885976898249236
2019-07-05,29.885301543951876,29.99492786210221,29.398074753995164,29.708681106567383,29.92846296532057,30.61033547713674,45.4745348194029,2.2856073763765563
2019-07-08,29.80003571897336,30.15936589497295,29.599053370896076,29.89139175415039,29.924932373780553,30.58214160564708,47.560375531244524,0.9877035177932274
2019-07-09,29.733027767072407,29.80611116723734,29.36151680437494,29.446781158447266,29.87939416279643,30.537617666541205,43.22689874882196,-1.7076977840006942
2019-07-10,29.36761145452774,30.14717399830721,29.349338860153154,29.8426570892334,29.875895393885667,30.510364310568352,47.78853885841458,0.4509657705282614
2019-07-11,29.84266309244647,30.28725759033624,29.76957967008544,30.00101089477539,29.887811155875163,30.490389666811765,49.53524815961649,0.3667247799185513
2019-07-12,30.482150693994654,30.55523412217823,30.11063958886767,30.14718246459961,29.91251318527749,30.47693056084266,51.15950220542534,2.3785326565359513
2019-07-15,30.32988517759075,30.415149544619293,30.08627303226345,30.171537399291992,29.937182158040777,30.46495435842891,51.43995106129671,1.1020476798537047
2019-07-16,30.031466610455244,30.22026565874068,29.860935514973857,30.092369079589844,29.951961864854972,30.450343171023455,50.42631977729422,0.3045170215593067
2019-07-17,30.092365914575844,30.220262480274943,29.848751417099436,30.116727828979492,29.96765386143826,30.437260216433497,50.7479022976926,-0.10101984043078853
2019-07-18,30.47605741220503,31.133812826860968,30.28725606373527,30.77448272705078,30.04449470578231,30.450484628614568,58.56434682124339,1.998391131944565
2019-07-19,30.975465032513423,30.9998269464992,30.707488625229903,30.77448272705078,30.114017374474546,30.46319043639638,58.56434682124339,2.2667329569727404
2019-07-22,30.768397448467873,30.768397448467873,30.17154441716094,30.250717163085938,30.127036401961345,30.454858151168523,51.07814018213459,0.4449000398294118
2019-07-23,30.366430764249817,30.63440484509147,30.27507474952109,30.476057052612305,30.160276463928103,30.455689480636906,53.81358869310246,-0.9697179221022626
2019-07-24,30.439510477457542,30.51259388637801,30.22025792741646,30.317703247070312,30.175269490894028,30.450278255791158,51.62888065723058,-1.4842799602248373
2019-07-25,30.311616411555203,30.72575963479509,30.12281507284059,30.201990127563477,30.177814313433977,30.440541466448895,50.030518333354244,-0.161077290365602
2019-07-26,30.159356771659187,30.52477615526568,29.86702080011804,30.36642837524414,30.195777557415898,30.437635070715377,52.290934258101295,-0.35972067245742034
2019-07-29,30.421242732046455,30.804934726477853,30.402970135839332,30.64049530029297,30.238131628166094,30.44559037383607,55.873708275333215,1.0646982411302828
2019-07-30,30.208079496147136,30.250711681852938,28.83775326716966,29.538143157958984,30.17146605957494,30.410004208507555,42.15969963764324,-2.19802392756443
2019-07-31,29.422433799174545,29.56860066023794,28.45406963232816,28.6672306060791,30.028205540194385,30.341660145667223,34.87641001589945,-5.595645784112989
2019-08-01,28.92910234311481,29.63558138108917,28.868199899072607,29.16053581237793,29.94557032802139,30.29534154436176,41.08485523875944,-4.830076907734871
2019-08-02,29.35543752644936,29.50160437675748,29.081371778021392,29.190998077392575,29.87370630415198,30.252033957421794,41.456012529556695,-1.175243408869702
2019-08-05,28.95347595111436,29.0509212949304,28.119097726204235,28.411436080932617,29.734442473369185,30.179853648539865,35.323145271553756,-0.8922889296890828
2019-08-06,28.56978010869076,28.575869425437485,27.972927166474133,28.11300468444824,29.580019826805287,30.09880074798725,33.29264578773596,-3.592290397781511
2019-08-07,27.960747073255348,28.28353430623961,27.55878478043871,28.155637741088867,29.44436439007039,30.02259827712849,33.87740897223382,-3.546848016497108
2019-08-08,28.14954724239426,28.41752131859539,27.95465658274254,28.32007598876953,29.337289304232215,29.955832697192847,36.200491777043375,-0.3215609795395003
2019-08-09,28.307895346262654,28.380978763623073,27.790217461433116,28.11300468444824,29.220690769014695,29.883564931987177,34.554161561742724,0.0
2019-08-12,28.03383105362043,28.216543091239075,27.832851064832013,28.003379821777344,29.104756393087328,29.809832182567185,33.68086932874527,-0.5407724048435464
2019-08-13,27.881572382129765,28.581962326173464,27.851121150493093,28.4906063079834,29.046265908791717,29.75809783454429,40.83755380780885,0.60215346626009
2019-08-14,28.25918339318099,28.31399655554645,27.924212776902788,27.93639373779297,28.940563797268027,29.6866584582011,36.06947879813937,-0.6282179675834111
2019-08-15,27.942478929009123,28.12518865361959,27.54051660555402,27.7049560546875,28.822886869403213,29.60894463845547,34.27002710778575,-1.065670533303873
2019-08-16,27.83285558338813,28.460159889660357,27.82676394206252,28.30790138244629,28.773840632550172,29.55792333429825,42.340512361705194,-0.641281282546498
2019-08-19,28.521065793896692,28.740316101242176,28.405347837021555,28.441890716552734,28.74222635483613,29.51415734928862,43.986423840384184,1.8094568092943155
2019-08-20,28.39315881725718,28.45406359918687,27.75976534814751,28.03382873535156,28.674759914885218,29.456105246781284,40.22087886138757,1.1870536088015768
2019-08-21,28.216534254377127,28.338339143602575,27.972919829367545,28.167810440063477,28.626479012521244,29.40558388181196,41.97723135518089,-0.4948828261415479
2019-08-22,28.01555928136966,28.56369071836061,28.009469964638622,28.374889373779297,28.60251809454582,29.365164489340092,44.682437084529646,-0.23557274529025515
2019-08-23,28.569783403065824,28.7342228535482,28.10691860870375,28.26526641845703,28.57039888729927,29.322031231658404,43.52553594890997,0.8255657309257296
2019-08-26,28.606323918424156,28.996105254853145,28.320077233049105,28.697677612304688,28.58252067063312,29.297546775997475,49.12148703686418,1.8811088400665084
2019-08-27,31.164268438162757,31.94383353232348,27.30299513659553,27.558788299560547,28.48502234957859,29.22936016907838,38.344562310088186,-2.876138347072795
2019-08-28,27.510054990413327,28.435786623656572,27.20553809750224,27.92419815063477,28.43161052110775,29.17817734482569,42.68910390920706,-1.2066692129232746
2019-08-29,28.11909291879432,28.198267973133685,26.706134513389493,26.94974899291992,28.290480851756527,29.090787997692132,35.50426936760611,-6.090836488578123
2019-08-30,26.8340336462645,27.15073154333179,26.535606022186514,26.639142990112305,28.133210579218982,28.994645056218413,33.56506927137742,-3.3370310024222176
2019-09-03,26.6147876956762,26.882761833703672,26.2310956045274,26.82185935974121,28.008319986887766,28.90943777400362,35.78693465582893,-3.9476112615555983
2019-09-04,26.955839807228728,27.102008967724817,26.438161913561707,26.980201721191406,27.910403961583352,28.833781458207064,37.73050794877948,0.11299818888661371
2019-09-05,27.132464791584585,27.162916027552797,26.681780923382135,26.706140518188477,27.795712205069556,28.750344558598492,35.715532426934175,0.25150031328349964
2019-09-06,26.809677508416858,26.992387247506503,26.590424892197117,26.706140518188477,27.691943472985642,28.67017969426869,35.715532426934175,-0.4314348233680802
2019-09-09,26.797497440844044,26.968026226563303,26.56606385788186,26.82185935974121,27.609078319343315,28.597696543895065,37.35384743913002,-0.5868835344022889
2019-09-10,26.49906394496327,26.943660736083984,26.47470435467607,26.943660736083984,27.545705216175758,28.53283239456914,39.11278440192061,0.8893842887321827
2019-09-11,26.980198915541063,27.388252800502784,26.58432830957374,27.235994338989254,27.516208942157995,28.481976000232674,43.232496737409946,1.9840149513177152
2019-09-12,27.345622654622527,27.357801287964843,26.797491223021485,27.077646255493164,27.474441067237535,28.426904245537006,41.59093137601793,0.9536508723026168
2019-09-13,26.965906605550572,27.009359766064403,26.053387866740504,26.078216552734375,27.34146730395152,28.334798845819257,33.05877599006699,-3.2120512198647653
2019-09-16,25.75542115423601,26.121670896251597,25.618852731376784,25.70575904846191,27.185685565333465,28.23169924592289,30.544022064311104,-5.6184300506215035
2019-09-17,25.761632171406692,25.947860364102027,25.60023503587605,25.643688201904297,27.038828673578305,28.13020861674569,30.132643571479743,-5.2957263717039815
2019-09-18,25.500918438702374,25.687146669835773,25.296065726841334,25.3519344329834,26.878172079235934,28.0212566879707,28.20944806013094,-2.7850145284372365
2019-09-19,25.36434867748734,25.476086084103432,24.395958609487973,24.904983520507812,26.690249359357065,27.899049897089803,25.522062346795956,-3.115160017039108
2019-09-20,25.0974169575827,25.64989495920026,24.799451373609855,25.33330726623535,26.56101677905976,27.79843253901708,32.189086338842,-1.2103599654822526
2019-09-23,25.22157182184482,25.82991856538664,25.153287592913163,25.37676239013672,26.448230646781376,27.703465082198246,32.84588241067803,0.09793318619907213
2019-09-24,25.43262385293464,25.57539885097608,25.190527014167873,25.28363990783691,26.33731724307238,27.60856997732133,32.127741961903915,1.5204040870667366
2019-09-25,25.749215935711643,25.8547467417536,24.48286047132749,25.17811584472656,26.226917109896586,27.51325805055291,31.292803303935607,-0.6125983468239629
2019-09-26,24.681501723633065,25.32088834013714,24.656673037648357,25.240188598632812,26.132942965966702,27.42411807204624,32.40560869259751,-0.5381844594840393
2019-09-27,25.240189406278223,25.283642568166456,24.70012698851044,24.91118621826172,26.01658518047099,27.325571724839005,29.663283675607815,-1.4731015428666427
2019-09-30,24.98567903007828,25.5071193828181,24.95464139308589,25.389175415039062,25.956831869477472,27.249634614650773,37.88728178672838,0.8382659433855493
2019-10-01,25.46987359587365,25.56298887778908,25.271229871272723,25.550573348999023,25.918140581812857,27.183004761095802,40.42044258567622,1.2297243705343135
2019-10-02,25.432626516128337,25.43883309581507,24.898770678319345,24.960845947265625,25.82696966423693,27.095861278200502,34.8308038404133,0.19934710683308224
2019-10-03,24.954641929930293,25.38917596123151,24.91118876360217,25.33330726623535,25.77995419776059,27.0267415130254,40.43352641735121,-0.2200471180746497
2019-10-04,25.178111275924792,25.860948629155413,25.171902328920822,25.8547420501709,25.787076850371093,26.980780749776205,47.26841006512775,1.190457439123538
2019-10-07,26.04718603035449,26.41964483818305,25.978901797184903,26.17754554748535,25.824264345334356,26.949281330078524,51.01563396566961,4.874432552447253
2019-10-08,26.264441393073085,26.469291624203574,26.072004318237305,26.072004318237305,25.84785862846797,26.91487831000632,49.77032293175784,2.915912416167236
2019-10-09,26.158919299906003,26.36997854723212,25.87336925000005,26.357563018798828,25.896401903737576,26.893022808390338,53.105754487976235,1.9447920526617903
2019-10-10,26.599657236653616,27.027984636593786,26.487919859975285,26.680356979370117,25.971064291893057,26.884682971958174,56.612998414179714,1.92077378290749
2019-10-11,26.767268692936312,26.94108374056653,26.32652804505644,26.42584991455078,26.01437720833665,26.866689518726513,53.23248777439664,1.3571860145250223
2019-10-14,26.394809942204084,26.568622606456792,26.307903610077737,26.518962860107425,26.06243298469577,26.853053179172825,54.307482040192454,0.6123473600100403
2019-10-15,26.537586823229404,27.046611690981905,26.531380242509545,26.959705352783203,26.147887495942193,26.857235617353624,59.099812125000525,1.0470188747065292
2019-10-16,26.97211895673792,27.13972504045028,26.879003676446622,27.009363174438477,26.229932798656126,26.863201403905972,59.61376397736655,2.208115393731943
2019-10-17,27.251464415191812,27.48735237121582,27.02178067187669,27.48735237121582,26.34968704366181,26.88767791242793,64.26820058905841,3.6516869691203
2019-10-18,27.48734493416458,27.667366510860074,27.400438619351437,27.51838493347168,26.46099160459608,26.912411521096313,64.55381980303241,2.0722762855818857
2019-10-21,27.654955951267876,28.30675579744202,27.6301248945706,28.28192710876465,26.634414033564518,26.966118014730366,70.74922821111255,4.711565859984881
2019-10-22,28.281929019778737,28.77853834718072,28.033623172067713,28.766122817993164,26.837433917795817,27.036706438387732,73.86839869360125,4.652213969201505
2019-10-23,28.803364082234587,29.05166751603511,28.598511440530014,29.0206298828125,27.0453573430355,27.11450735777694,75.35596776490361,5.45905929062567
2019-10-24,29.02684422774078,29.250319035560743,28.78474730860924,29.15099716186523,27.245894468638333,27.194369703035306,76.10629055408232,3.0728813130674366
2019-10-25,28.977179274564683,29.275144842177347,28.890272946680135,29.05167007446289,27.41787309776448,27.26720501171874,74.25137287761109,0.9926511760949488
2019-10-28,28.964770173667475,29.020638877992983,28.52402948844423,28.54886054992676,27.525586188446603,27.317466013217096,65.54275462515365,-1.6256343669685287
2019-10-29,28.30676591269633,28.790962219238285,28.095706591388495,28.79096221923828,27.646098191379142,27.375250178159103,67.51819485401374,-1.235069046275852
2019-10-30,28.75370241257046,28.815777679961062,28.455736866660153,28.530227661132812,27.73030099802235,27.420543412785523,63.308679576018584,-1.7948793029576582
2019-10-31,28.927515914026216,29.26893699886429,27.667369478052073,27.803937911987305,27.737314037447586,27.435578491185595,53.33375868570374,-2.609290260943068
2019-11-01,27.68599564326882,28.19502050324854,27.673582482018652,27.971548080444336,27.759622041542514,27.456596906450645,55.09225936941744,-2.846081115852419
2019-11-04,28.033620553366177,28.362623758033088,28.00258291730663,28.30675506591797,27.81172994862589,27.489936442116033,58.46333663730683,-0.7832836031634057
2019-11-05,28.32538461088206,28.821993980764073,28.19502272727157,28.71025657653809,27.897303913188956,27.537792133661995,62.146881422629406,3.2596773428991055
2019-11-06,28.80957622710172,28.828198337028777,28.319173476181778,28.499195098876953,27.95462688325448,27.57549421072925,59.1900176915604,1.886370453702237
2019-11-07,28.65438571122028,28.666801240532585,28.325382472514683,28.542648315429688,28.010628924414025,27.613421822678287,59.6160265758776,0.8333461357983064
2019-11-08,28.46194078343514,28.809568405151364,28.325374734348305,28.809568405151367,28.086718398769964,27.66032953179488,62.22461276381015,0.3459106272649438
2019-11-11,28.71645314475719,28.9647589271287,28.604718147511395,28.809568405151367,28.155561256520574,27.7053977229069,62.22461276381014,1.0890599022098162
2019-11-12,28.803366841282077,29.188238739752165,28.629551816150546,29.17582321166992,28.252729061772893,27.763061467564274,65.7457433203083,2.2183466973453436
2019-11-13,29.0889193509042,29.43654469461874,29.06408829263315,29.070297241210938,28.33059269790985,27.81432561555042,63.89767110349263,0.9050077821122445
2019-11-14,29.14478975310239,29.250318204898168,28.92131495162876,28.94614601135254,28.38921682299963,27.858710729111287,61.700243719111334,0.47407029595330824
2019-11-15,28.915106407023135,29.78417212615365,28.87785981996696,29.777965545654297,28.521478606109596,27.933975623877682,69.31447175353492,2.063840082988747
2019-11-18,29.777972767563593,30.169051370409733,29.566913459098117,30.007654190063477,28.663019137914727,28.0152963519634,71.02730042771907,3.2244491381523037
2019-11-19,30.020066019637778,30.08835025336972,29.101338074926833,29.13237571716309,28.70771976450981,28.0591033858928,57.78938010556596,0.6433661522245899
2019-11-20,29.04546630663564,30.951206228683976,28.952351021732667,30.075931549072266,28.838025648753852,28.138194686409644,65.29792721501282,1.0006257914468337
2019-11-21,30.0697241408124,30.35527659073313,29.858664869838044,30.305614471435547,28.977796012818775,28.223191540724386,66.84404136317933,0.9929475975857346
2019-11-22,30.336647207543727,30.46080011769604,30.0759282274417,30.417346954345703,29.114896102488007,28.309236851062476,67.60028673968895,4.410801404107884
2019-11-25,30.584955744124223,30.67806865899304,30.31802779239759,30.578746795654297,29.254310454218132,28.39823724104647,68.71050418063426,1.671819360812255
2019-11-26,30.491837385466376,30.75876531026749,30.27457157133513,30.55391502380371,29.378082317988188,28.48277362468401,68.32260346993192,0.819321953040084
2019-11-27,30.72773825103913,30.920175444088606,30.64703847743508,30.8829288482666,29.52140103515756,28.57689735894215,70.68412254572179,1.5306459653424216
2019-11-29,30.80221891583798,30.92016524636437,30.74014364462816,30.85188102722168,29.648113415354143,28.666112404757037,70.15264163596733,0.8932159103596728
2019-12-02,31.038111842403843,31.45402140444245,30.994658675266077,31.410568237304688,29.81596625553991,28.773738123680474,73.94858254254845,2.803742868413366
2019-12-03,31.32366400815162,31.497479056404018,30.858092299226584,31.100189208984375,29.938273203487,28.864971499574747,68.71976450406078,0.7034966203665876
2019-12-04,30.969825374106545,31.24296225406729,30.895334574126267,31.10639381408691,30.049522785448897,28.95287041386934,68.76730782952778,0.8249506298843348
2019-12-05,31.056728477186542,31.242959009828997,30.83325373243127,31.143634796142575,30.153723929324485,29.03878274258594,69.07116865590058,-0.8498204780806545
2019-12-06,31.280213711069283,31.509895112188737,31.20572289384521,31.29262924194336,30.262191101954855,29.127168879815645,70.31547972944915,0.6187744764697166
2019-12-09,31.274007811243507,31.59680451694353,31.22434568666484,31.36712074279785,30.367422496320856,29.21501012934436,70.94485522274167,0.8381779330295358
2019-12-10,31.087769677431307,31.28641337642923,30.895332558018456,31.06914520263672,30.4342532302557,29.28772130868916,65.00738976129684,-0.2391807956696244
2019-12-11,31.038108447067053,31.35469611129845,31.038108447067053,31.224336624145508,30.509499267769016,29.36366700733451,66.57632897030194,-0.21823866978334608
2019-12-12,31.18709849357667,31.485064108633807,30.98224580121352,30.99466133117676,30.555705178569752,29.427627569053815,62.13610330813768,-1.1874198294295466
2019-12-13,30.976029274681288,31.2739947940698,30.976029274681288,31.137426376342773,30.61110719740528,29.49467850267299,63.75430953062706,0.21977165210280689
2019-12-16,31.48506141070086,31.634043021453195,31.255377678092668,31.410568237304688,30.687246344062366,29.56981143344286,66.68766500689898,0.5964309679366203
2019-12-17,31.37952590131558,31.71473802735457,31.31124168660175,31.55334091186523,30.769731540995974,29.647596903184915,68.1391328697347,1.802502613979226
2019-12-18,31.59679895230556,31.907180072198464,31.522305778556852,31.882349014282227,30.87569510988038,29.735234240875005,71.2480932145523,2.392370611931568
2019-12-19,31.938223643754903,32.00029893205722,31.472651877426177,31.528520584106445,30.937868964568576,29.805559195511535,64.0137115769183,0.3755180291888893
2019-12-20,31.94442090371266,32.112026974844525,31.689908507109408,31.73957061767578,31.01422150295974,29.881402780694447,66.21715437921824,0.5902059827221692
2019-12-23,31.814073114020673,32.049963489911875,31.73337333868567,32.000301361083984,31.10813387040014,29.96449684267051,68.761880824917,0.36996128092355773
2019-12-24,32.03184419216615,32.05708657073361,31.716321681810015,31.72894287109375,31.167258537132867,30.03369080456946,63.40849920993583,0.6356856689569435
2019-12-26,31.747860953583142,32.057071520505666,31.72261858686653,31.80465507507324,31.227962969317662,30.103140383804902,64.24492103301192,0.20505777529709812
2019-12-27,31.747860953583142,31.874067972677064,31.627960915301507,31.80465507507324,31.28288602700867,30.169866450129152,64.24492103301192,-0.611388886008036
2019-12-30,31.75418339796731,31.84884110845262,31.394487949716037,31.482833862304688,31.301928677989242,30.221355368253683,57.73868025542903,-0.7756609156155562
2019-12-31,31.426043261686804,31.53963156418142,31.312454959192184,31.495458602905273,31.320360099409818,30.27132020098512,57.91872180169351,-0.9721736375952607
2020-01-02,31.672143684547816,31.76680138549483,30.95275286053556,31.078962326049805,31.297369835280293,30.302992441183736,50.304738528352964,-2.281718658197908
2020-01-03,31.02848687511203,31.52070369739343,31.02217748320601,31.318769454956055,31.299407894297033,30.34282683388069,54.050254945313846,-0.5211233781120063
2020-01-06,31.31876731194175,31.596426274482567,31.19255781724287,31.444976806640625,31.31327160023452,30.386048401439904,55.93269212633502,-0.1602827788638448
2020-01-07,31.27459347125179,31.508079465175303,31.123141600418872,31.280902862548828,31.31018886331207,30.421140733248098,52.89864989346486,0.6497660197932692
2020-01-08,31.419733783550136,31.728944511629187,31.287214900087683,31.602737426757812,31.338050631259286,30.467477858483775,57.740966769095785,0.9067022004493894
2020-01-09,31.741562904758915,31.975048879893095,31.590113453359407,31.911945343017575,31.39270727047436,30.524123642190983,61.80391513033965,1.4850338076202176
2020-01-10,32.14542891349129,32.22746543108917,31.684766388472383,31.691078186035156,31.421123548146817,30.56988656547899,57.54777879563756,1.3112643368660948
2020-01-13,31.646909641402516,32.25902169177646,31.552251922736,32.03184509277344,31.479287504777922,30.627218272431712,61.906520568575196,1.3578180276633334
2020-01-14,31.987672836913703,32.12650351874894,31.90563871332546,32.101261138916016,31.53852308898155,30.68502387503894,62.74564225887205,0.59324429727962
2020-01-15,32.08864542620211,32.67551761763852,32.038163065165286,32.341064453125,31.614955599852355,30.74996664280702,65.56742635177203,2.051007110816014
2020-01-16,32.39154127696135,32.473575394432046,32.17698587887327,32.240089416503906,31.67449215381917,30.80840283001082,63.390157532554106,0.6501165422326852
2020-01-17,32.2842573091912,32.416776161771935,32.07601374188507,32.1959114074707,31.72415113035741,30.86281493108768,62.41363958781235,0.29484906572702835
2020-01-21,32.126501122972236,32.37892008798609,31.87408215795838,32.240089416503906,31.77328810999041,30.91682569522165,63.0270167122872,-0.3122192739433377
2020-01-22,32.208540344781575,32.479889912357876,32.189607356110436,32.20222854614258,31.81413958010014,30.967233650159727,62.09182454622134,-0.11743413571907435
2020-01-23,32.0697026390408,32.20853329174727,31.798353130884692,31.90563201904297,31.822853145713744,31.004033586194364,55.18391321177426,-0.9016032649424494
2020-01-24,31.861464300765267,31.930877231274884,31.571181760402393,31.71001243591309,31.812106411447015,31.031719031281373,51.14256915776336,-1.6441548090727907
2020-01-27,31.375554634540897,31.60273119409919,31.306139307204152,31.407106399536133,31.773534981741218,31.046440104546267,45.57666005513728,-2.4691525478341187
2020-01-28,31.35662551065928,31.741563349836163,31.205176057136168,31.659526824951172,31.76267706204693,31.070482721032736,50.419150592470544,-0.7713534524089924
2020-01-29,31.78573851586072,32.03815749892891,31.602737280744403,31.621667861938477,31.749247614417552,31.09209782459767,49.70480094944565,-0.2786015115987735
2020-01-30,30.965379115485117,31.01586387285109,29.23631709887801,30.2901611328125,31.610286997121833,31.060649326880604,32.34663723808071,-3.556345664305227
2020-01-31,30.447919659648417,30.794993910070954,29.8105653021267,29.993566513061523,31.456313617687517,31.018802942024955,29.846289702199535,-5.2621137425739715
2020-02-03,29.987264503503244,30.10085281810806,29.147973335283893,29.19214630126953,31.24067863517152,30.947169348269842,24.3656531469063,-7.683091136357317
2020-02-04,29.734840571179564,29.804255908311987,29.3435933340872,29.35621452331543,31.061205862613797,30.884778962977514,27.308535726809477,-3.0833332493743377
2020-02-05,29.356217197111697,29.74746446983929,29.12273119323751,29.20476531982422,30.884402001395742,30.81889607501072,26.291589653028364,-2.629901291978063
2020-02-06,29.34359389612463,29.63387403219678,29.293109138244738,29.444561004638672,30.74727428741888,30.765000582054956,30.69246451078427,0.8646664783197644
2020-02-07,29.444565344336564,29.450874736378587,28.857693187338047,29.166906356811523,30.596763055932463,30.702330220280704,28.565719561386835,-0.6448657280166454
2020-02-10,29.122727940065317,29.45718102235556,28.99020665952492,29.154279708862305,30.45938368954483,30.641622357087826,28.46910883934087,-0.17286771665185882
2020-02-11,29.07855580626949,29.147968736691485,28.68730615891432,28.75672149658203,30.297225385453135,30.56770467628368,25.54022456793911,-2.3360494590096925
2020-02-12,28.75672299140183,28.807207751328345,28.308681579660323,28.64944648742676,30.140294061831575,30.492478864955956,24.798842190652138,-1.7741335438680028
2020-02-13,28.662058936405895,28.97127200451111,28.378090649931178,28.807201385498047,30.013332854561714,30.42638955203604,28.103993094254285,-1.1904884182707252
2020-02-14,28.851377741808605,28.889238900609072,28.340230432791905,28.504301071166992,29.869615541857456,30.35101353317843,25.762680662485533,-0.8777788714372091
2020-02-18,28.460127209914155,28.731476739839906,28.40964486403604,28.53585433959961,29.742590665451946,30.279830819704753,26.45007019602302,-0.39648985147759697
2020-02-19,28.554785970466096,28.69992603017579,28.35916115577271,28.485370635986328,29.62285542455046,30.209459832107953,26.034709960447323,-1.117188529371454
2020-02-20,28.45382194516034,28.80720804652972,28.359164222951044,28.75041389465332,29.539765755036445,30.152242344364634,32.066322696660876,0.8634234632585995
2020-02-21,28.64313190653196,29.16690040728643,28.59895894950997,28.958654403686523,29.48442181681264,30.105434974141964,36.45109167989537,1.4816450177214018
2020-02-24,28.580030588868674,28.83244716184183,27.500944142561924,27.639772415161133,29.30874092141726,30.008742324770168,25.309084520745586,-2.968535082906482
2020-02-25,27.58297597412859,27.9300502376698,26.7058238219487,26.81310272216797,29.07106109291733,29.883423124668123,20.98022248271473,-6.7383766354947365
2020-02-26,26.749995158020752,27.19803649666915,26.57330334159501,26.579612731933594,28.833780296633165,29.75386193279618,19.942689365919584,-8.215304615293418
2020-02-27,26.409229549228275,26.800479141883866,25.43111038208008,25.43111038208008,28.509716495247158,29.58434226414065,15.802909591246856,-7.99088357134787
2020-02-28,24.844239611084216,25.55732109593789,24.339404120267876,25.475284576416016,28.220722979168002,29.423202746974976,16.52069359988157,-4.989419388028899
2020-03-02,25.53208043076291,26.55437507633206,25.279663872060365,26.54806327819824,28.06142205526612,29.310452179571968,31.73983686274023,-0.11869794362146818
2020-03-03,26.60486084024653,27.51356490126161,26.16944059570209,26.4407901763916,27.907076162039978,29.197916414741368,31.128701026965306,3.970254460548393
2020-03-04,26.756302021270255,27.73442103605892,26.56067725541452,27.721799850463867,27.88943079903273,29.140029490652054,44.797694371854774,8.818410908459818
2020-03-05,26.964553236875084,27.690255967959793,26.84465555047882,27.235902786254883,27.82719003591103,29.0653578551855,41.438187327177474,2.5909216082873763
2020-03-06,26.415545253328276,26.78786191608298,25.948570873489288,26.598548889160156,27.71017659336333,28.968620248674704,37.46890534364356,0.5966490097917496
2020-03-09,25.115591162113265,26.358750614286613,24.888414571132788,25.456356048583984,27.495527017670057,28.830884397690756,31.622932246230224,-8.1720660783213
2020-03-10,26.16943807760403,26.83203487545678,25.50683887250554,26.598548889160156,27.41010052924054,28.743341828728774,41.459176757463226,-2.340123997712238
2020-03-11,25.778192366583124,26.219924435073647,25.33015090603745,25.544706344604492,27.232443940227583,28.617905143076843,36.27429558187655,-3.962030218066302
2020-03-12,23.64525561818943,24.35833469570376,22.57878808628191,22.982656478881836,26.827702277242274,28.396914999382922,27.326769679503904,-9.717414248060647
2020-03-13,24.137472724961945,25.36801103160524,23.178283977479584,25.285974502563477,26.680871060606197,28.274917332840985,41.33632248397675,-4.934759381296924
2020-03-16,22.673448027045357,26.036916771317152,21.69532871602521,24.118541717529297,26.436839694598874,28.1119222106719,37.40087408457353,-5.583014374234242
2020-03-17,24.54764972125965,25.607805438621995,24.06174481686479,25.147140502929688,26.31401120015419,27.995656261348675,42.58731077151875,9.417901825390548
2020-03-18,23.664191460374035,24.610759118789,22.0865786963491,24.18164825439453,26.110929014843748,27.846087319899492,39.29622562926784,-4.36734699727309
2020-03-19,23.74622537286822,23.74622537286822,21.979299753951967,23.41176986694336,25.853866238853236,27.672192517822783,36.85075045924772,-2.9304087239746233
2020-03-20,22.818586462621656,23.336043155504058,21.54387530956521,21.632221221923828,25.451804808669483,27.435330898375767,31.907844919723306,-13.97741139035814
2020-03-23,20.77400141695068,20.98855682534943,19.53084433371728,19.80219268798828,24.91374651146175,27.135992145027238,27.78101340035557,-18.11065780270115
2020-03-24,20.833152146647272,21.61771779202904,20.59972708474204,20.99525260925293,24.54055661601329,26.895178829898835,33.79292703385652,-10.32180510668043
2020-03-25,20.897987050754125,23.433237666336332,20.560817860959673,22.285566329956055,24.325795636388793,26.71440971225402,39.644786350107715,3.0202405075724457
2020-03-26,22.46063702101389,23.874153084033363,22.46063702101389,23.7574405670166,24.27166658216287,26.598450137930985,45.55628153187938,19.973787455504944
2020-03-27,22.369861168546738,24.66520403860109,22.078079876004832,23.7574405670166,24.222692675958463,26.48703799789513,45.556281531879364,13.156250173176451
2020-03-30,23.913058675861887,24.58739465673519,23.582372378267447,24.191871643066406,24.219757339492553,26.397031474176355,47.322432436692566,8.55399088758141
2020-03-31,23.83524881135465,25.261733249987365,23.82876588174852,25.07369613647461,24.301084843967033,26.345135970737072,50.8106012860694,5.54039298023297
2020-04-01,23.893602092539876,24.626296719505785,23.78985791758104,24.386388778686523,24.309209028226032,26.268322355362542,48.13520493322758,2.6473736086837385
2020-04-02,23.42675307986036,23.699080594584913,22.91451516583341,23.485109329223633,24.230723342606755,26.15917674649435,44.80369732189621,-2.921486705413045
2020-04-03,23.73798913255595,24.444747158921555,23.43972491277579,24.25671005249023,24.23319826735756,26.08457020947458,48.11456115551919,-3.2583392553597714
2020-04-06,24.969954491124177,25.20337955601775,24.010320037028087,24.172420501708984,24.227409908724365,26.00958394642495,47.777413793083895,-0.877408618879009
2020-04-07,24.781911428454283,25.871226379603215,24.386386033001212,24.95049476623535,24.29627513324922,25.968051037397906,51.17827093183854,6.239636428638083
2020-04-08,25.21634359772445,26.422371245415448,25.041274828854167,26.020362854003903,24.460473963797288,25.970102481186377,55.47220226823693,7.270783208840856
2020-04-09,26.020360974454373,26.934607274655427,26.020360974454373,26.526113510131836,24.657201539638674,25.99190683526267,57.38047922458924,9.737101041480086
2020-04-13,26.428859097265335,26.54557163158461,25.76100596357148,26.221370697021484,24.806170030817988,26.000905418076744,55.82793682718432,5.093590097884414
2020-04-14,26.616892589630083,27.48575107426848,26.513148403708627,27.31068229675293,25.044695008526077,26.052269217240518,59.99471174595266,4.958883356042354
2020-04-15,26.642826014281432,26.72711892804641,26.07223182437853,26.526113510131836,25.18578248486948,26.070851346373512,55.90435156148749,0.0
2020-04-16,26.649313866464276,26.79196305865864,26.04629997476931,26.1954345703125,25.281939826340246,26.075736962998572,54.226249604292796,-0.09891216980480158
2020-04-17,26.584476310682405,27.20045857354811,26.34456831459293,26.487215042114254,25.396727942128248,26.091873358258013,55.49568106608632,-3.015183750047067
2020-04-20,26.098171703557696,26.201915889652213,25.09314943699398,25.333057403564453,25.390664081312647,26.06211586983866,49.63226820797683,-4.497666445224577
2020-04-21,24.639267723568196,25.170956987094986,24.315066832468613,24.48365020751953,25.304281807618064,26.000215255630067,45.79726019400523,-6.534666787826257
2020-04-22,24.924564584680137,24.950501250604333,24.282648180524124,24.51607322692871,25.229214323742887,25.942013607445702,45.96888036234348,-7.441861335936824
2020-04-23,24.64575663257142,25.183931429626696,24.58740035907696,24.931055068969727,25.200818204240683,25.90236817456429,48.22831461658531,-1.586868604885265
2020-04-24,25.132059974707815,25.657266475602736,25.08667203340968,25.56000518798828,25.235026488407122,25.888942175090722,51.53616110642278,4.396219400888904
2020-04-27,25.68967863102444,26.07223579207576,25.443287727840353,25.773971557617188,25.28635459023665,25.884433523425095,52.64466183626947,5.1309127650458635
2020-04-28,26.39644241333008,26.88274386887466,26.30566653738156,26.39644241333008,25.392077240055073,25.90451230342137,55.81122612756149,5.877759045120556
2020-04-29,26.58447593583089,26.759544732710932,26.240823745727536,26.24082374572754,25.472910240595308,25.917700987433378,54.824221486895446,2.663608840186007
2020-04-30,27.45981451096184,27.46629991392519,25.31360619300257,25.449769973754883,25.470706405658124,25.89935075160285,49.98509321967773,-1.257864288154267
2020-05-01,25.307120944932844,26.169496508555383,24.42529411921421,24.58091163635254,25.38596404667664,25.84764725688715,45.25973913083937,-6.877937369547602
2020-05-04,24.639274743822643,24.814343571712037,24.360461700160705,24.6457576751709,25.31546820177133,25.800514332113963,45.67253227517709,-6.078567067912054
2020-05-05,24.82082933431953,24.89863936011747,23.809323733521236,23.861194610595703,25.1769659549927,25.724462578328932,41.58645475565299,-6.2420028345930065
2020-05-06,24.049223409269175,24.08164300531704,22.784839375749453,23.167396545410156,24.985578392175313,25.624185478998786,38.321453223966415,-5.750458371332108
2020-05-07,23.485111405776635,23.504562666132244,22.707028836620307,22.758899688720703,24.773513753751065,25.51182133036043,36.50420320373356,-7.655913895278983
2020-05-08,23.102554560628057,23.926025062675382,22.979356647699316,23.822280883789062,24.682920147088016,25.445564842259593,43.954875934053504,-0.16308373256953682
2020-05-11,23.361915569209692,23.79634605223416,23.258171382338503,23.614791870117188,24.581193644519367,25.373769823744205,42.89715805674487,1.9311419987571614
2020-05-12,23.79634703940892,24.08812835004365,23.3878532045203,23.39433860778809,24.468159831497342,25.2961450701773,41.747678572548324,2.7920458711029403
2020-05-13,23.355433292782653,23.841734646113466,23.08958865190007,23.56940460205078,24.382564095359573,25.22842975770175,43.05269455621351,-1.061511628428335
2020-05-14,23.24520447284288,23.588859122575276,23.057169823128937,23.504566192626953,24.298945247480276,25.16082726495372,42.67140511508401,-0.4667653989773969
2020-05-15,23.614795569862277,23.828769380126815,23.329499629633137,23.725025177001953,24.24428619314901,25.104521300720318,44.47212286071604,1.4135324565396197
2020-05-18,24.425293626964113,24.56145987926215,24.204839398433855,24.379905700683594,24.25720233672373,25.076105002679665,49.54227475388564,3.438784781870521
2020-05-19,24.328041580226216,24.438268725007823,24.0557114736918,24.068679809570312,24.239247810328166,25.03659813236165,47.33045901558961,2.400017138458457
2020-05-20,24.21132411903729,24.509588363362848,24.049223663626876,24.490137100219727,24.263142028413075,25.015168287963927,50.55005480185129,3.22491511604144
2020-05-21,24.444757181233744,24.70411651080958,24.133524501668266,24.34101295471191,24.270558307108203,24.98873082391483,49.39940642818069,-0.15952787697038845
2020-05-22,24.315070743779025,24.48365414594819,24.14000193760899,24.464202880859375,24.289000647465457,24.968161100657753,50.40374873864984,1.6433102040428182
2020-05-26,24.924569788683183,25.170963219494375,24.72356676944471,24.820825576782227,24.33965064073372,24.96238323697636,53.29388525142541,1.3502924675727237
2020-05-27,25.326578558903424,25.611874498313572,25.23580021715497,25.320093154907227,24.433026118274054,24.976411076895218,57.06596032311488,4.022347804575596
2020-05-28,25.76748444681506,25.76748444681506,25.15150234189309,25.164470672607425,24.50268750440104,24.98378596300158,55.559733434304114,2.8624181836553326
2020-05-29,25.021828880961586,25.436805692269765,24.76895254116172,25.320093154907227,24.58053566159211,24.996974480331215,56.788026639042634,2.011486590486428
2020-06-01,25.352511277916385,25.780456398835337,25.33954541759296,25.40438461303711,24.658997466491634,25.012951348280467,57.47364037985665,0.33290342817536783
2020-06-02,25.5405474370016,25.748035822686415,25.449771577446576,25.71561622619629,24.759627824558745,25.04050683368893,59.99740254690725,2.1901734423875983
2020-06-03,25.93606753181207,26.22136338421779,25.780450038300497,26.07223129272461,24.88463767866978,25.08096661639621,62.72692170596935,2.9705188413637913
2020-06-04,25.93606986899563,26.415888249892856,25.70913024702447,26.40940284729004,25.029853409014567,25.133062154862635,65.14827498330118,3.956081792814501
2020-06-05,26.91515877216181,27.537626406411036,26.75954371869201,27.17452049255371,25.234107416970676,25.21311934457601,69.92310455990183,5.673223046746389
2020-06-08,27.382005065760485,27.97853595019527,27.193967968338715,27.77104759216309,25.475720766989003,25.313430256246093,73.02599008172305,6.515807106668812
2020-06-09,27.524661017838497,27.68027608795715,27.20694300003942,27.349592208862305,25.65418471383408,25.393279744583985,67.71104962032504,3.560055359861125
2020-06-10,27.42739196450417,27.492233619876252,27.1031911080125,27.11615943908691,25.793420401953398,25.460843654172336,64.89383899308282,-0.21476387589908852
2020-06-11,26.487217226441867,26.61041517324889,25.46274348740076,25.47571182250977,25.763162442006386,25.461426719597334,49.353432840662784,-8.265211321380104
2020-06-12,26.1117722727133,26.125023919516067,25.323318244147575,25.926254272460938,25.778694997287772,25.479655251082182,52.70344540435889,-5.204238240671653
2020-06-15,25.495588587613778,26.721339570019207,25.40282957297097,26.708087921142575,25.867208609083466,25.52782908128063,57.906674884904376,-1.5049016025334192
2020-06-16,27.304387556903997,27.56941538822142,26.87372049037909,27.22488021850586,25.996510667123694,25.594380106269856,60.96369656118919,6.866023639231797
2020-06-17,27.284521562263215,27.456787947825465,27.006241982516613,27.072500228881836,26.098985863481612,25.65234560127425,59.58949146530132,4.421178410019875
2020-06-18,26.827342426398463,27.509785716235736,26.81409078137825,27.47665786743164,26.230192721000662,25.723887258770617,62.033952842769885,2.8776674262804605
2020-06-19,27.814564315415357,27.814564315415357,26.873720322357094,26.95985221862793,26.29968410172707,25.77235647288267,57.2638215195312,-0.97347719347459
2020-06-22,26.900225718229816,26.95323230429199,26.436430727651445,26.53581428527832,26.322172690636712,25.802295994937403,53.62052842901008,-1.982402582200226
2020-06-23,26.741210325373004,27.05924225106461,26.655075888989945,26.72795867919922,26.36081897526171,25.838596492359436,55.017117865346876,-2.7248553730396106
2020-06-24,26.46955617647219,26.502684026006115,25.999134141608877,26.12502098083496,26.338362023411545,25.84982882524083,49.935714942635094,-3.0965720101987113
2020-06-25,26.11177063116922,26.330418998429533,25.82024200231517,26.27741241455078,26.33255729875814,25.866596809135338,51.16344701087451,-0.9737853451548183
2020-06-26,26.257540445128317,26.290668301650104,25.237186288299196,25.303442001342773,26.234546318051915,25.844512306868964,43.77473121471446,-5.329687519178417
2020-06-29,25.548591050086458,26.052140988470356,25.47570825680215,25.992509841918945,26.21149522508687,25.850316131772885,49.3479615697662,-0.5072192631470972
2020-06-30,25.89312499249354,26.13164703932125,25.74735941318795,26.005760192871097,26.191901412494893,25.85641197730615,49.451722032958585,-1.0337860417689377
2020-07-01,26.125022819153596,26.62194817960796,25.985884324824713,25.999135971069336,26.173542799025793,25.862008996669413,49.397242942065056,2.749404486905948
2020-07-02,26.257538465938097,26.51593926582163,26.03889007988695,26.105148315429688,26.167029038683307,25.871543871914916,50.34013126202143,0.4333497388123964
2020-07-06,26.33704554286323,26.50931189846796,25.893126743136246,26.237659454345703,26.17375574493687,25.885901345735732,51.555235557682096,0.8917226789554719
2020-07-07,25.966005323990437,26.661702843448072,25.919625826359,26.46293067932129,26.201296214878244,25.908529947052813,53.63235305057617,1.783885082827533
2020-07-08,26.383423737930375,26.79421466365472,26.24428524288564,26.41655158996582,26.221796726791347,25.92845236442195,53.12730444552307,1.1928806945412949
2020-07-09,26.323799831559192,26.323799831559192,25.528718526618448,25.575098037719727,26.160206375451192,25.914595332002257,44.8713373666233,-2.5252306433005307
2020-07-10,25.80698745927194,26.71470362260528,25.773859611813144,26.681575775146484,26.2098606039936,25.944672996439287,54.814911648012284,0.8262316010072511
2020-07-13,26.588816857026153,26.979731523989397,26.33041610771859,26.641820907592773,26.250999680526856,25.97201213021001,54.43500608314596,0.8527582294750402
2020-07-14,26.641822102332796,27.2315064084773,26.423176276764693,27.205005645751953,26.341857391500675,26.02036481709401,58.79215215491058,6.3730258457986695
2020-07-15,27.390525613795035,27.66217803955078,27.138749393401667,27.165252685546875,26.420275990933646,26.06526238056275,58.36787663185717,1.812774906836383
2020-07-16,27.125502790625415,27.61580367649851,27.07912328449474,27.48328971862793,26.521515393571196,26.120871295780994,60.80486621672827,3.15845082043676
2020-07-17,27.721808495306888,27.728433054432298,27.42365278480367,27.523038864135746,26.616898581244012,26.175858259245885,61.111262674854856,1.16902463658725
2020-07-20,27.496538677829815,27.496538677829815,26.820719833533357,27.079120635986328,26.66091972931471,26.211280313235708,55.85946235228476,-0.31706699200472727
2020-07-21,27.19176140121042,27.920584388119263,27.19176140121042,27.311023712158203,26.722834394347423,26.254407505350315,57.89513276823202,-0.6268027162445775
2020-07-22,27.231508591308124,27.430280756385105,26.84059387547945,27.390525817871097,26.78642405373063,26.298961164664856,58.60003139367743,-0.48146226482759974
2020-07-23,27.483285149071794,27.65555402390902,27.33751956690077,27.549543380737305,26.859102084874124,26.348003604510836,60.041017928495684,1.737215735601903
2020-07-24,27.69530766280307,28.218736342438728,27.556169161378875,27.728435516357425,26.94189574501539,26.402138189289136,61.65785820342651,1.528363816012509
2020-07-27,27.82782314980623,28.006716601925618,27.668805905424545,27.913957595825195,27.034473064140133,26.46142522483957,63.31562291113629,1.9109957268968605
2020-07-28,28.47713207970329,28.622897642439096,27.96695513762073,28.172351837158203,27.142842471094234,26.52852038610697,65.54976417677308,2.2606852237571653
2020-07-29,28.404259890731808,28.404259890731808,27.443536785099557,27.582677841186523,27.184731553960166,26.569859894149307,57.01600993499852,-0.5256613741691893
2020-07-30,27.35077121323387,27.754937580167635,27.28451550906146,27.549543380737305,27.21947553746275,26.60827885440766,56.57034299360751,-1.3054910391581032
2020-07-31,27.37064571283374,27.536287475136668,26.946600678244355,27.26463508605957,27.223776446852924,26.634018314472442,52.7521027718016,-3.222012689410583
2020-08-03,27.238144696887066,27.37728323651627,26.946613439575696,27.171886444091797,27.218834541828056,26.655111182300654,51.53270739105214,-1.4893093392162664
2020-08-04,27.29777215367724,27.569424634513258,27.11887868666422,27.56279754638672,27.251592923214595,26.690706725990303,56.13503649507358,0.0481102915799374
2020-08-05,27.622424805832047,27.854324835172907,27.483286304723457,27.602548599243164,27.285017273312555,26.72646523082375,56.586485983303945,1.2393839569720455
2020-08-06,27.54954563550793,27.754939851748585,27.37727674657149,27.52966690063477,27.308317237819434,26.75796333552222,55.45949145143127,1.316730280317977
2020-08-07,27.364025527255805,27.980213240604467,27.21163537080843,27.940458297729492,27.36852114828706,26.80433568698133,60.263326920773906,1.370182945715835
2020-08-10,28.000089629504057,28.656032289972767,28.000089629504057,28.63615608215332,27.48924828484575,26.876171780909644,66.79494925157131,3.744608868974138
2020-08-11,29.060189216171313,29.25233425403751,28.80178848886489,28.887920379638672,27.622455151016506,26.955063882820586,68.79400888042449,4.933781014882475
2020-08-12,28.96081166021092,29.14633219461687,28.42413384664406,28.463886260986328,27.702591447204107,27.014233387846694,62.021420915827186,1.8733692829203554
2020-08-13,28.324742852931184,28.53676411770107,28.145849436876688,28.205480575561523,27.750485649904814,27.06094896383551,58.25748912166215,-1.503957114063236
2020-08-14,28.066347517092836,28.30487211791693,27.88082950644891,28.185609817504883,27.791926046819107,27.105053311038233,57.966168196799806,-2.4311565280718677
2020-08-17,28.27836595322054,28.715660167858257,28.20548316286541,28.510263442993164,27.860339132169017,27.160159590722742,61.36544360428098,0.16293341528139202
2020-08-18,28.72891508863522,28.88792980617751,28.51026669264786,28.63615608215332,27.93422646073895,27.21804180607296,62.62757174879796,1.5269213564294069
2020-08-19,28.73553622905732,29.25234031830066,28.60302229521305,28.921056747436523,28.02821029756729,27.28482670573428,65.38362095825336,2.6092993364113264
2020-08-20,28.74216698745805,29.027071096994927,28.59640138885963,28.821674346923828,28.103778302267912,27.345095240682888,63.62108721603878,1.0922764868635337
2020-08-21,28.881302360741756,28.921057299902376,28.58314663576988,28.795167922973633,28.169624932811313,27.401960836066838,63.13227030790835,0.5552834687872517
2020-08-24,28.874685877889135,29.457743317041015,28.788551416028177,29.179466247558594,28.265800296120577,27.47166693063514,67.08129549164552,0.893499509297754
2020-08-25,29.35172630240005,29.35172630240005,28.821673050645455,28.834924697875977,28.32000262009728,27.525128019546546,60.79402425946242,0.045973564174846986
2020-08-26,28.636151654817233,28.92105571781696,28.44400658395826,28.622900009155273,28.348849990483757,27.56817790149199,57.238693717018336,-0.5982528536703513
2020-08-27,28.775289141321224,29.3981013007946,28.72890964686538,28.9873104095459,28.40965574468015,27.62383015670979,61.415297346200376,-0.6585310244623571
2020-08-28,29.04694006090862,29.119822842031436,28.79516386998238,29.10657119750977,28.47602864494964,27.681976864192144,62.699342738308935,0.9420745935008545
2020-08-31,29.073443264281117,29.14632604518917,28.881298210522218,28.980684280395508,28.524091086420675,27.732906566788355,60.413903276694285,1.2499930863951385
2020-09-01,28.921057098726077,28.94755786382237,28.51689073296373,28.569894790649418,28.52845334396627,27.765729634390752,53.55394309178529,-1.439994304400937
2020-09-02,28.536768005505586,29.08669997357567,28.424132799029465,28.99393844604492,28.57278525844995,27.81389468582817,58.759684678681765,-0.3869667461019497
2020-09-03,29.119827493251947,29.669756927529683,28.49701273871689,28.682533264160156,28.58323744946997,27.847958943801974,53.97527289260864,-1.0287921891376492
2020-09-04,28.82829542915953,29.11319950432474,28.34462171556334,28.815046310424805,28.60531448384662,27.885883938571496,55.630843669442,0.8580763827510566
2020-09-08,28.954182116089097,29.199331229808,28.29161503117856,28.53676414489746,28.598785880137175,27.911408652545063,51.44564065508857,-1.5767926871963847
2020-09-09,28.735539198268143,29.26559246092196,28.695786783252437,29.013818740844727,28.63831281925218,27.954640420713677,57.3669132424616,1.1550077311285585
2020-09-10,29.080075039051938,29.080075039051938,28.66928406812307,28.722288131713867,28.646310468058058,27.984744252517608,53.104832900374994,-0.3219088309338553
2020-09-11,28.80179262828055,28.967434403179805,28.596395917508023,28.88129997253418,28.668690420865307,28.019903300361396,55.065786350359204,1.2073402081865816
2020-09-14,28.99620780284073,29.307122221676806,28.813713884385855,29.063796997070312,28.706319618599117,28.06084030807547,57.274006521256666,0.17225673280721282
2020-09-15,29.13138094487887,29.3273931825513,28.86777952514934,28.91509246826172,28.726202747138412,28.094340392788656,54.90623401199256,0.6712708112379306
2020-09-16,28.98269184298667,29.002968087258356,28.212163620310353,28.225679397583008,28.678533856704565,28.09949094199628,45.512233860930024,-2.2700521637691526
2020-09-17,28.104023066532836,28.360864122448845,27.590335797974735,27.617372512817383,28.57747087157245,28.080584336930443,39.14774464304565,-4.976722361495754
2020-09-18,27.630879187161483,27.73902342244274,26.691375659712705,26.927940368652344,28.420372728437204,28.035382612684245,33.44010534648701,-6.872369859410089
2020-09-21,26.819797844537007,26.900905381582312,25.9816780338618,26.238521575927734,28.21257738057916,27.964917473987914,28.902186323362184,-7.040247973005163
2020-09-22,26.360190649766157,26.644068388380287,26.015481598825748,26.05603408813477,28.007192305108266,27.890059301993674,27.82579224117688,-5.6534647673597025
2020-09-23,26.19121011489148,26.393980258173027,25.63021005417153,25.63697052001953,27.781456897004578,27.80170287917116,25.479099761724264,-4.794164837559098
2020-09-24,25.684282512505003,26.10334113682026,25.407162725372988,25.907331466674805,27.602968760782694,27.727413804171302,29.603927431730465,-1.262228545516744
2020-09-25,25.765394858771103,25.961407143853236,25.53558797448649,25.86678123474121,27.43761756782636,27.654447821056397,29.34159888124352,-0.7263302341154788
2020-09-28,26.00196224100546,26.502128497870697,26.00196224100546,26.32639503479004,27.33178685039433,27.602367319634187,36.23828726878675,2.6891809008094243
2020-09-29,26.31964010142336,26.326400569710867,25.907341778597264,25.9276180267334,27.198056486236148,27.53669087677533,33.20955050461588,0.07830432124855784
2020-09-30,26.04927595761812,26.292601204665033,25.907337089628335,26.116865158081055,27.09508588355471,27.481011436826538,35.94561668548239,0.9668150090663793
2020-10-01,26.137138635148418,26.32639301745928,25.941128943214323,26.306114196777344,27.019945722909245,27.43493703525598,38.65207397225266,-0.07703613801241838
2020-10-02,25.954652083954905,26.508891822038475,25.920854902706477,26.339916229248047,26.955181009227225,27.391995042863513,39.146647252849434,1.5901892803632667
2020-10-05,26.475088316508824,26.779244826548283,26.306112764082716,26.698137283325195,26.93070065437941,27.364784934646327,44.27387474868751,2.2256581014826886
2020-10-06,26.799525171925445,27.18478924712255,26.684620448985324,26.765727996826172,26.914988972707675,27.341292505712204,45.21187960100799,1.7471748073880617
2020-10-07,26.90766788216375,27.60384633271132,26.90766788216375,27.394315719604492,26.9606391390788,27.34337184743347,53.115702463206205,4.003048002049574
2020-10-08,27.48894219566075,27.67819657155146,27.191546145493017,27.292932510375977,26.992286126821387,27.34139383421553,51.81729688063751,2.227852905012483
2020-10-09,27.597085128800103,27.887720671799155,27.434867483571747,27.502456665039062,27.040873797127833,27.34771002365959,54.30342682169448,2.7525074912972682
2020-10-12,27.475427164614175,27.874209590470173,27.29293324989746,27.340246200561523,27.069385454597708,27.34741732471457,52.06368964136487,-0.19737495762405335
2020-10-13,27.29293334158353,27.319967471794932,26.576476034551344,26.61703109741211,27.026304087246697,27.318774727565454,43.457550407297106,-2.4764704661432377
2020-10-14,26.54944157034168,26.914429431855584,26.441297305266747,26.731935501098633,26.998268983804024,27.295761424566756,45.012761010967345,-2.8016448614930862
2020-10-15,26.468336536109568,26.860361145806543,26.393986863348907,26.833324432373047,26.982559978905837,27.27762664055916,46.41334699700796,-1.8541229090251032
2020-10-16,26.975259801472006,27.198308790740267,26.718416213989254,26.718416213989254,26.95740342986616,27.25569681990936,45.01395225353066,0.38090317513662236
2020-10-19,26.73869324065111,26.99553423252966,26.44129460825767,26.481849670410156,26.912112595632255,27.225349872870176,42.19343262786948,-0.9355320742794644
2020-10-20,26.677864278729388,26.698140522404543,26.110106250561472,26.15741920471191,26.84023703459222,27.183470238824754,38.619535746476274,-2.5189023050967583
2020-10-21,26.015474018280585,26.19120743692649,25.974918962425992,26.028989791870117,26.76297539242821,27.138196495806927,37.27359484929231,-2.580341651232181
2020-10-22,26.110106462136113,26.400744656193982,25.98168337551917,26.353431701660156,26.723971231402682,27.107421405840388,42.705920798096365,-0.48492824462140766
2020-10-23,26.542677528828964,26.6035088249797,26.211484343483384,26.414257049560547,26.694474642655813,27.080238489907845,43.69049726150408,0.9818929109121379
2020-10-26,26.279080186131303,26.319632670954928,25.839742692550637,26.069549560546875,26.634957968169246,27.040603629932907,39.54322461086225,0.15582536625922466
2020-10-27,25.97491765301405,26.069543533542618,25.10976379862501,25.123279571533203,26.49098859706105,26.965414451172133,30.878093954106223,-4.6679011069721845
2020-10-28,24.724507847262537,25.103011492392067,24.521735090671484,24.81913375854492,26.33176432672618,26.88124658087303,28.701119514177893,-6.038872446886279
2020-10-29,24.771820215724063,25.143565963391463,24.487939910243178,24.92051696777344,26.197359816349728,26.804355223496575,30.461067136914803,-4.407565961601256
2020-10-30,24.50145494798352,24.839406050714324,24.217577259303543,24.386552810668945,26.02490200628489,26.709539442601375,26.720085092837436,-2.9324466129773574
2020-11-02,24.663679947318336,24.852931796059497,24.420354668443665,24.656919479370117,25.894617956102532,26.629044542082504,31.31947118901383,-0.6535855793877285
2020-11-03,24.819132714639775,25.393648625182788,24.812372247910982,25.27198600769043,25.83531967530138,26.57582656034164,40.47289005845959,1.4103601477108167
2020-11-04,25.50855068807572,26.23852373836822,25.45447727334766,25.738357543945312,25.826085186600803,26.54298463813002,46.315334412955075,5.543238291083774
2020-11-05,25.9816783585159,25.995196711252724,25.211150301052076,25.21791076660156,25.76816381326754,26.49102095689361,41.428697847266584,2.2751880570515324
2020-11-06,25.251713045777397,25.58290376437508,25.055700738971375,25.190881729125977,25.71318456715882,26.440035104824293,41.185662060332334,-0.32092562309813155
2020-11-09,26.184451411292276,26.65082298414025,25.758632318819316,25.799184799194336,25.721375065447916,26.414903720289786,48.50701176801874,0.23632920300049384
2020-11-10,26.157417668860003,26.840077808921063,26.008718348339535,26.758970260620117,25.820193655464315,26.428396525792937,57.49712375507861,6.11097211137541
2020-11-11,26.92794617544009,26.9347040635691,26.448056189042852,26.873872756958008,25.920544046082764,26.445866181917058,58.43276239843201,6.680953235099105
2020-11-12,26.738692344117897,26.806281533743416,26.29259698884746,26.698137283325195,25.994600544867758,26.455759166286004,56.38823476542172,3.484422051036791
2020-11-13,26.860361327770285,27.306456788993387,26.63055441875457,27.259143829345703,26.115033238627564,26.487264447190306,61.07100582285184,1.8691809283172125
2020-11-16,27.583577002774938,28.06346707284165,27.387564694146125,28.03643035888672,26.298023440557007,26.54801605157056,66.44667697696707,4.325977176578352
2020-11-17,27.793101093804427,28.03642632768652,27.630885990124753,27.84041404724121,26.44491778405074,26.598698325910586,64.04486193880697,4.278488614370281
2020-11-18,27.853924510182537,27.96882920623107,27.14422783135263,27.15098571777344,26.512162349167188,26.62035665500325,56.33219523069207,-0.3967773612017299
2020-11-19,27.0428515324136,27.313213500193548,26.6035165577247,27.076648712158203,26.565922955166332,26.63825046116619,55.5553283434397,-3.4233375449107175
2020-11-20,26.9279438007224,27.137474411318667,26.846836258514475,26.995532989501953,26.60683819653163,26.65226154070877,54.66935923284083,-3.034728780633848
2020-11-23,27.03608750991276,27.319965191152978,26.914424909849178,27.17126846313477,26.660593460017644,26.672614753352928,56.29549984861671,0.07470353221117397
2020-11-24,27.58357176444051,28.076980097782613,27.488943283568936,27.711992263793945,26.76072667942491,26.713374655723165,60.938664266636366,2.3464630294163933
2020-11-25,27.64440197604459,27.71199116705833,27.27265369038197,27.292932510375977,26.811412949039298,26.736102414729157,55.97536995985481,1.1016619712219664
2020-11-27,27.30645168742662,27.401077589043368,27.015813516253782,27.28617286682129,26.85662817930425,26.75767380500728,55.896285241926776,0.42288936139444144
2020-11-30,27.20506606714403,27.225342309944157,26.765728565149495,26.921188354492188,26.862776767417387,26.764086140281197,51.652781094419964,-2.85365231692473
2020-12-01,27.09016493984307,27.630886254554365,27.04284940759089,27.367284774780273,26.910825149070995,26.787740988692928,56.04504576633554,0.2724231424235205
2020-12-02,27.360518786816424,27.59708608688894,26.97525476668111,27.049604415893555,26.924042222101715,26.798010142700797,52.39456901208827,-0.8669902227856606
2020-12-03,27.191546772664413,27.394316928744857,26.98201615030925,27.31996726989746,26.961749369510834,26.818479049649685,55.07638162717298,1.4812827359410805
2020-12-04,27.509221027402553,27.96207427978516,27.44162925799759,27.962074279785156,27.05701840858458,26.863325921419705,60.73400014952695,2.1733595784153135
2020-12-07,28.04318161669771,28.232433395502795,27.73902513050231,28.17835998535156,27.16381284446715,26.91489588471115,62.44945867868754,4.17290971100036
2020-12-08,27.982352722227805,28.59742363452093,27.664677856216716,28.54335021972656,27.295197356396617,26.97875683902548,65.21154245373678,4.477981022975397
2020-12-09,28.63797317409738,29.17869437465888,28.583902343222263,29.050273895263672,27.462347502955385,27.059992802015213,68.65957631251892,3.891698464821032
2020-12-10,29.12462658432724,29.151663291768397,28.70556793243858,29.030000686645508,27.61164780616397,27.137248013177185,68.36773140781098,3.022321745256544
2020-12-11,28.806953417945405,29.158422900336728,28.806953417945405,29.063796997070312,27.74994772910743,27.212798953722015,68.60728974635066,1.8233556094058931
2020-12-14,29.307122613915244,29.307122613915244,28.98944772438704,28.99620819091797,27.868639201660812,27.282736570866955,67.5062197965724,-0.18611082477441956
2020-12-15,28.94889716402751,29.01648636365702,28.414933720521272,28.509559631347656,27.92967924258337,27.3308472791211,60.0352601004161,-1.7927696968235582
2020-12-16,28.523075328172588,29.17869875422558,28.50955697383426,29.131385803222656,28.044127486453778,27.401456633007438,65.31711069476297,0.23255325571932955
2020-12-17,29.04352075447393,29.144904545818314,28.867784724097024,29.063796997070312,28.141238868417258,27.466646451205982,64.3220276876145,0.2330953264900117
2020-12-18,29.036759965976184,29.651830908748405,29.00972325723923,29.590999603271484,28.279311319355756,27.54995441795365,68.36984679770016,3.793253862591171
2020-12-21,29.138153423390616,29.185466386009523,28.77992596974373,29.02324867248535,28.350162495844287,27.607730663229404,60.41987246887078,-0.3712048972463989
2020-12-22,29.06379433554652,29.151662342688436,28.597422750000483,28.7596378326416,28.389160146967843,27.65290349340243,57.099957230725586,-1.0465224638727375
2020-12-23,28.84750496084833,29.11110639588034,28.806949902242565,28.97592544555664,28.44504255635725,27.7047867072124,59.086364646007944,-2.0785852656591
2020-12-24,28.89316186557845,28.91385319044413,28.38275655716112,28.775907516479492,28.47655350494032,27.746791444830716,56.48176587583932,-0.8522173337554179
2020-12-28,28.893163493378097,29.16906011914114,28.44483476544468,28.610370635986328,28.48929799361137,27.78065729546427,54.346577086247294,-0.5190162599539352
2020-12-29,28.72762252125217,28.831081764181626,28.08616521673949,28.093061447143555,28.451561179662054,27.79290843866738,48.21276881220545,-3.0468880107795493
2020-12-30,28.058575051262626,28.2585999379936,27.83095998060777,28.09996032714844,28.41807538418457,27.80494968919605,48.29657775699467,-2.349003898292164
2020-12-31,28.024088530489436,28.355162842884212,27.706806678859454,28.2792911529541,28.404857838353095,27.823551315225778,50.537391390345654,-1.1572009578086082
2021-01-04,28.334478100666622,28.355169427763684,27.589558751428292,28.1689395904541,28.382389433791285,27.837095953470026,49.12644659468986,0.2700956727457769
2021-01-05,28.175827050874815,28.431032284300915,28.072367816452605,28.113750457763672,28.356804769407702,27.847945149716836,48.3986826966652,0.049075267205653854
2021-01-06,28.23101250105624,28.68624005551659,28.07926910585445,28.56898307800293,28.377012227369153,27.876221146904527,54.399485890488016,1.0243959916886616
2021-01-07,28.70003690621712,28.95523957011018,28.54829350172359,28.817291259765625,28.418943563787867,27.913125857212805,57.31532095294949,2.3016545128707544
2021-01-08,28.831081854446648,28.858672038438783,28.47241735598317,28.68623733520508,28.444400113446648,27.94344395438897,55.30528630166577,2.036323393783686
2021-01-11,28.741410910354382,28.989717268039893,28.479312093814688,28.520694732666016,28.451666267658016,27.9660812398116,52.78700484630251,-0.1690236757992773
2021-01-12,28.465519820555546,28.58967301168359,28.024087421497892,28.23100852966309,28.430651244991832,27.976470545295975,48.615302346283485,-2.034482439094117
2021-01-13,28.120653406018157,28.451727740350297,28.120653406018157,28.34136962890625,28.422148233936063,27.99078031328069,50.229048218871576,-1.202206139024005
2021-01-14,28.40345081336411,28.81729314025817,28.19652964991708,28.35516929626465,28.415769287491166,28.005070077319278,50.43864364732696,-0.5803695805901374
2021-01-15,28.279301341912326,28.51381272657889,28.189634527765957,28.41724967956543,28.415910277212525,28.021233983289715,51.42958539630617,0.6597042032935223
2021-01-19,28.541392935622905,28.851775928973808,28.28618767934285,28.437931060791016,28.41800749469619,28.03757504515251,51.775510765399474,0.3407084172328764
2021-01-20,28.596565852720826,29.100074787670017,28.50690171620057,29.03799819946289,28.477054228483496,28.076807325713702,60.55397981697567,2.408128465267863
2021-01-21,29.00352215671293,29.16906066147763,28.769010809797667,28.927650451660156,28.519968154500322,28.11017372280964,58.44699387749731,1.7960948995769666
2021-01-22,28.844873447616013,29.03110322025648,28.631053494330047,28.85177230834961,28.551568550105017,28.1392560202818,56.978843698197196,1.4552438666298761
2021-01-25,28.810400645768805,29.134578843615596,28.513812641599547,28.941450119018555,28.588700128096782,28.170714612389123,58.311676638449036,-0.33248876104042796
2021-01-26,28.982829561918727,29.23803222408164,28.86557257801999,29.127674102783203,28.640030982828822,28.208242435541834,61.0128381841669,0.691461795202823
2021-01-27,28.94143834312882,29.31389791278956,28.748312328257896,28.84487533569336,28.65953996881592,28.23320843162621,55.167057330339006,-0.023904849180630884
2021-01-28,28.844881460555023,29.68636378599056,28.81729127224513,29.41736602783203,28.731713879198406,28.279645984418597,62.913654078401514,1.644409339740491
2021-01-29,29.141465831717255,29.272515263393306,28.299983609521433,28.33447265625,28.693881381774748,28.281796049980613,46.53452130775665,-2.723188414338278
2021-02-01,28.33447506443811,28.527601113036845,27.9068350551908,28.120655059814453,28.639288398730912,28.275476795464293,44.09354565702043,-2.5107415700380518
2021-02-02,28.403447552527624,28.81728983191083,27.98270641083917,28.67244529724121,28.642446198589035,28.29104418769084,51.20672013037546,-2.532248230130611
2021-02-03,28.5207009735459,29.058699076637,28.424137953570433,28.969032287597656,28.673549635637475,28.31763195631464,54.55376970175868,2.239532173568388
2021-02-04,29.044905650015743,29.35528868284806,28.920752436882815,29.3345947265625,28.736506310963666,28.357512849265536,58.34646656914646,4.316896829629035
2021-02-05,29.507026430199137,29.63807849238596,29.265618891136317,29.293209075927734,28.789525621912624,28.394206818938564,57.75878613755879,2.1650186171817434
2021-02-08,29.34839456445007,29.88639278537357,29.34839456445007,29.638086318969727,28.870340926394253,28.44298640717508,61.260496001661004,2.3095491238017933
2021-02-09,29.748440062360295,30.03123291152006,29.50013363263072,29.907079696655273,28.969077952133397,28.500401830291953,63.782381656158535,1.951569385665955
2021-02-10,30.05191345147688,30.293320931993467,29.865683696016564,30.03811836242676,29.070891324542288,28.56070443939528,64.97843205111872,2.5429418967660005
2021-02-11,30.02433369596329,30.245049935095786,29.75533594396712,29.87259292602539,29.147243858016868,28.61215104671411,62.184833300330446,0.7912339701418885
2021-02-12,29.824311375203113,30.031232520233335,29.665669111829992,29.934669494628903,29.222236775789444,28.66401451525979,62.83023814817672,0.09225172853207339
2021-02-16,29.872591724660865,30.09330795491698,29.72774456074997,29.941564559936523,29.29074418380345,28.71411451701182,62.90596773968546,-0.3214375858209962
2021-02-17,29.934659503176093,30.28642506920227,29.817402560404545,30.07260513305664,29.365207131351372,28.7673886588175,64.39084181785445,0.6695508740287381
2021-02-18,30.07951240204383,30.38989541833192,30.05192221589712,30.093307495117188,29.43455002313859,28.81938547592729,64.63172047081008,0.5299473926603693
2021-02-19,30.22435875357246,30.314025548379092,30.031232701199833,30.21056365966797,29.508456083760436,28.873941483132807,66.03321534248954,0.8984136389832516
2021-02-22,30.169176970941887,30.67958222136447,30.14158678682586,30.63819694519043,29.616050451515672,28.94312797184095,70.60760407832218,1.8807542932556742
2021-02-23,30.95547462305538,31.03134630356382,30.36919512985481,30.54852867126465,29.704857901015576,29.00608486201443,68.52372932559314,1.5126990485220781
2021-02-24,30.603719375126172,31.16240892478607,30.53474652604766,31.03825569152832,29.831848166778695,29.085777835720858,73.17945768450375,2.739743757132694
2021-02-25,31.038239753589195,31.272751003639858,30.658884016163057,30.783037185668945,29.922437597149194,29.152337025914903,67.57023633258505,0.47274400885151496
2021-02-26,30.693370992096053,30.80372907468703,30.038118725586504,30.07260513305664,29.93673926723562,29.18842597129301,54.945068033856316,-1.5579262207010427
2021-03-01,30.451970522632983,31.148605586104264,30.3554048758728,30.72096824645996,30.011427741447463,29.248525668358383,61.935204770149376,-1.0222463795056653
2021-03-02,30.769245885912134,31.127910349637887,30.720964384174486,30.845117568969727,30.09082677264006,29.31113711544118,63.11525595507361,0.2016707543389604
2021-03-03,30.84511859248541,31.479676997033263,30.769246906910205,31.072731018066406,30.184341462680663,29.38021922926962,65.24271607734151,3.325704176890214
2021-03-04,31.065839681754778,31.41760535166293,30.403690990665883,30.527841567993164,30.21705575842471,29.425224026866623,56.79702138872957,-0.6286477591377715
2021-03-05,30.817533296777064,31.245170664655767,30.624407252795397,31.121017456054688,30.303147348675186,29.49172572997204,62.489665744521986,0.8944685863752939
2021-03-08,31.3486329695043,32.46600923076181,31.079635224307587,32.3487548828125,30.49796711383112,29.60376608890696,71.00543142361629,4.106571334216436
2021-03-09,32.32806733994377,33.10057694176915,32.13494125506022,32.886756896972656,30.72547090270174,29.732510826478162,73.81119772670858,7.727095031352269
2021-03-10,33.03848980396844,33.41094675890837,32.94192416113021,33.24541091918945,30.965465189986283,29.870271614427626,75.51240585919196,6.826233962737804
2021-03-11,33.079871038276565,33.4109453347469,32.941922756961105,32.969512939453125,31.156326880411697,29.991810489918823,71.65626003621105,1.9189550228112346
2021-03-12,33.148847763872816,33.66615186525641,33.10746248855003,33.55579376220703,31.38484753582078,30.13157453981248,74.62200805069823,2.034365587735902
2021-03-15,33.845487644818085,34.45245861411814,33.817897457316924,34.3765869140625,31.669775095653325,30.298045613312482,78.08004390805684,3.4025026720909777
2021-03-16,33.94204551232069,34.424863195644875,33.73512439979453,34.100685119628906,31.901290336031952,30.447168731207245,74.40969584772856,3.4309641827379216
2021-03-17,34.08688726665877,34.39727022587681,33.74201789667082,34.3351936340332,32.13309065012731,30.59964029602395,75.46538305106323,2.32269836127074
2021-03-18,34.38347605807607,35.06631858668094,34.314503234685276,34.880088806152344,32.394709522129695,30.76750102191134,77.76107028753256,1.4646651610543546
2021-03-19,34.96976055648697,35.29393602991633,34.58350584957175,34.86629867553711,32.630098965311355,30.928238184798627,77.56326875862223,2.2451559352029076
2021-03-22,34.79732617151414,35.673294843436125,34.61109636272963,35.61811447143555,32.91467187065651,31.112154901921645,80.47870640642675,3.7364601786625915
2021-03-23,35.56983496829883,35.63191157472926,34.714560203196356,34.83871078491211,33.09791367201419,31.25829434831343,70.28273686020738,-0.11862934601512795
2021-03-24,34.515931591976276,35.028162024288626,34.48084782913397,34.74047088623047,33.254347692415735,31.394850290976844,69.09450501861919,-0.3608865698007799
2021-03-25,34.43875160547213,35.357958590823934,34.43875160547213,35.217620849609375,33.44132608833894,31.54476286190361,71.60546055568022,-1.1244099463697144
2021-03-26,35.785983494349885,36.901664263301335,35.6666981675274,36.8385124206543,33.764867643797544,31.752360883815403,78.11134271555271,5.740171179377448
2021-03-29,36.48064880614158,36.894643567966014,36.27014090811087,36.69816970825195,34.04422974517416,31.946314171048208,76.47744332757999,5.63521095736623
2021-03-30,36.69817988525656,36.89465379945604,35.88422417420113,35.96842575073242,34.227486507608276,32.104044036918175,68.45871871985752,2.131901255707268
2021-03-31,35.91228461905707,36.04560397659746,35.75791286432241,35.898250579833984,34.38660689543929,32.252836450365855,67.72334518819119,-2.55238819115056
2021-04-01,35.785987854003906,35.8982575127516,35.27375736867258,35.785987854003906,34.519881272445446,32.39139140737127,66.49281927883999,-2.4856331024130984
2021-04-05,36.04561233228392,36.39645536403169,35.975444796622334,36.010528564453125,34.66184768120808,32.533318354707816,67.75482491000845,0.11705492481790307
2021-04-06,35.9052676695163,36.333296514092915,35.891236306462105,36.0526237487793,34.79430254478629,32.67133033094591,67.99816868606808,0.43002978265473574
2021-04-07,36.06666426560465,36.1719155677291,35.68775315382894,35.8772087097168,34.897436465255865,32.797051051682026,65.77072256007645,0.2549066301733638
2021-04-08,35.9403579219988,36.22804907609429,35.74388402103432,36.12279510498047,35.01413728808678,32.927472387105496,67.38171420941646,0.31176032400192205
2021-04-09,36.06665849139983,36.29119777871417,36.03157205292241,36.12981033325195,35.1203918638168,33.05305426734653,67.42887168486219,0.2140942224080701
2021-04-12,36.29119850784666,36.43153355769804,36.073674897825825,36.31224822998047,35.233901993927624,33.18086579529296,68.69635501477494,1.2125790603822757
2021-04-13,35.94737174441391,36.094725154973695,35.80001833385411,35.905269622802734,35.2978417681062,33.28770516107766,62.8232092644224,-0.602183417826775
2021-04-14,35.81405330707726,36.22102978637243,35.81405330707726,36.03157424926758,35.36772105202633,33.39530787041844,63.85598456826443,-0.271897591153319
2021-04-15,36.20699378756454,36.46661951514273,36.122792223422145,36.214012145996094,35.44832020383298,33.50584529299012,65.35317773732801,-0.27053153900635757
2021-04-16,36.43855873262036,36.75431800729263,36.29822097979712,36.7052001953125,35.568023060164364,33.631310191120406,69.06822007898688,2.2278918412626134
2021-04-19,36.705188617493114,36.87359172638605,33.87037707617683,34.438743591308594,35.46047263455905,33.66297424602975,45.059427165420296,-4.420652417071015
2021-04-20,32.23545280146463,33.393235733545325,31.688138596265546,33.1125602722168,35.2368619333836,33.641389384311594,36.96289758640666,-8.564231605368256
2021-04-21,33.10554735458995,33.863366880705165,33.10554735458995,33.38622283935547,35.060610591095205,33.63138285313685,39.383377557695525,-9.04225379046124
2021-04-22,33.386217154359684,33.49848679380469,32.44595792023803,32.628395080566406,34.82897101866389,33.59204999931056,35.33693044139486,-5.2567205477236705
2021-04-23,32.61436501587314,33.337100740587736,32.59331529238659,33.252899169921875,34.67886893783132,33.578749966785516,40.740358692689874,0.42382375917584947
2021-04-26,33.22482701346503,33.330080971430974,32.99327205334704,33.133609771728516,34.53170139820248,33.56129348854799,40.05188511336139,-0.7566386555389981
2021-04-27,33.09150695800781,33.27394411436753,32.95116924257457,33.09150695800781,34.39454002294585,33.542870487350335,39.79626284923368,1.4193523043284388
2021-04-28,33.33008050482723,33.57566950101718,32.902051674279626,33.10554122924805,34.27177823306987,33.525720320365934,39.93387878648104,-0.4431431374474478
2021-04-29,32.326673714370415,33.02134403016099,32.053016603420076,32.69856643676758,34.121948538183936,33.493282913166,37.27313228449064,-1.3129970985900283
2021-04-30,33.14764594611698,33.52655433041546,32.85995480942989,33.5055046081543,34.06323959246683,33.493762195322404,45.08587472645323,1.2510691963102065
2021-05-03,33.73003890681803,34.12298395006527,33.505499646882214,33.94054412841797,34.05155431017646,33.5112830554438,48.78914228460248,2.522245123218872
2021-05-04,33.84933192278253,34.13000470103794,33.414284699899454,33.5756721496582,34.00623219965092,33.51380811796201,45.987958307920856,2.682398063495445
2021-05-05,33.56164311716781,33.933535845629876,33.39323729714139,33.926517486572266,33.998640322214854,33.52999279908398,49.01896554803567,1.2565483891130715
2021-05-06,34.05282359330734,34.754509652443076,34.05282359330734,34.726444244384766,34.06795498146913,33.57691246360558,55.192905006475755,2.3155200841602688
2021-05-07,34.586097029539225,35.14042950692504,34.50891115588814,35.04920959472656,34.16140780177936,33.63464960600248,57.43291030974873,4.38870572270393
2021-05-10,35.224638180504535,35.88422206522112,35.18253605635338,35.56144714355469,34.29474488194844,33.71021029374963,60.78363526198106,4.819031772505117
2021-05-11,35.56143830431688,35.666692250172744,35.000090172096684,35.386016845703125,34.39867554516317,33.77592819774781,59.0687292505821,1.8993381432221115
2021-05-12,35.589512208888664,35.589512208888664,34.56504868849326,34.62820053100586,34.42053506762438,33.8093506421893,52.215473954914536,-1.2011941741021381
2021-05-13,34.501900548824636,35.38602643888795,34.473835142144345,35.16850280761719,34.491770090480834,33.86265072710804,56.12408949541435,-1.1049728498147438
2021-05-14,35.34392883490755,35.61758599126429,35.24569320716104,35.28077697753906,34.566913603534,33.918263521242594,56.912789402792,-0.2974052395412275
2021-05-17,35.25971938688294,35.477242997465815,35.10534761958416,35.231651306152344,34.63022195616431,33.96976892457239,56.43476976903939,1.7426570422166714
2021-05-18,35.16849919851382,35.21060131929325,35.00711175060526,35.0772819519043,34.67279909861574,34.01320080799717,54.8750448061654,-0.25938225522962266
2021-05-19,34.75450468760777,34.866774333962475,34.34050986478989,34.69135284423828,34.674566122008365,34.03979500549683,51.074576046531114,-1.6706665323046275
2021-05-20,34.66327893193168,35.23866106285936,34.60012710406309,35.10533905029297,34.715592115178325,34.081581046469225,54.698954369886756,-0.35851926088209685
2021-05-21,35.21761654584145,35.371988309984445,34.957993496189594,35.08429718017578,34.750706883273324,34.12090324779105,54.47805034361724,0.01999934966769433
2021-05-24,35.16850016090604,35.512327464881515,35.04921483051263,35.308837890625,34.803862217306815,34.16748892005905,56.49706115332696,1.7799393674821011
2021-05-25,35.2807744350998,35.336910605035385,34.71942611934354,34.810646057128906,34.80450829728987,34.192710768571594,51.08348215313601,-0.8394534880915875
2021-05-26,34.831694171156904,34.88783033849559,34.56505272973773,34.67732238769531,34.79239535351896,34.211715145792134,49.71069319304956,-1.1599912929435223
2021-05-27,34.70539405740657,35.01413765623164,34.41068717858634,34.52295684814453,34.7667345434833,34.22392070274713,48.098982978576544,-2.225734658599827
2021-05-28,34.59311315348228,34.880804255590355,34.50189324011556,34.53697967529297,34.74485312746518,34.236197525199906,48.26308260670093,-0.7861571468303533
2021-06-01,34.78959134243843,34.979044197000995,34.5580336897427,34.63521957397461,34.73441183665655,34.251845448681266,49.46848230809558,-0.12141310465090185
2021-06-02,34.733455204349816,34.90186101340023,34.55803371341876,34.74047088623047,34.734988888996924,34.27100723054594,50.791290284807566,0.6300562232913951
2021-06-03,34.70538852262069,35.02114775437111,34.58610318880366,34.929927825927734,34.75355450203795,34.29684725389425,53.167837030869315,1.137760610016146
2021-06-04,35.04922012049165,35.14044006008473,34.78257866145338,34.922916412353516,34.76968420778229,34.321398985598535,53.06569652531137,0.8306482300897139
2021-06-07,35.08429619366664,35.449173195287095,35.08429619366664,35.428123474121094,34.832392709338365,34.36479994593275,59.15461934179719,1.9793991570885097
2021-06-08,35.47022752741317,35.47022752741317,34.901863568291574,35.000099182128906,34.84836475436604,34.38971364146986,52.89370491043957,0.20089178698240878
2021-06-09,35.070263122237456,35.336904530152445,34.936943756639685,35.014129638671875,34.86415188620469,34.41420054332092,53.06905117065174,0.26118444760270343
2021-06-10,35.24568510701512,35.45619035762516,35.14744950184507,35.182533264160156,34.89447392220045,34.4443312382558,55.22348029508161,-0.69320693809914
2021-06-11,35.25971701400269,35.33690289245769,34.614167260959654,34.915889739990234,34.89651352389471,34.46282372851989,51.21453270869048,-0.24059772431064802
2021-06-14,34.85163375265451,34.95159702485987,33.866276439582556,34.33039474487305,34.84259744970217,34.45763043504355,43.710876177444874,-1.9527399391463582
2021-06-15,34.41606968968852,34.587434483757555,34.09475729606621,34.20186233520508,34.7815750578453,34.44760031348125,42.247503543627786,-2.7873800945256857
2021-06-16,34.20900786760694,34.28040942466919,33.694907940615394,33.82343292236328,34.69032342589463,34.423123160888395,38.19326649448243,-3.128824228058347
2021-06-17,33.73061096974331,33.95195742780795,33.387875874027216,33.4664192199707,34.57376112056854,34.38560535928378,34.80032713422273,-2.516648967549
2021-06-18,33.216503706746174,33.29504703532598,32.80236714652324,33.066558837890625,34.43021804602779,34.33387804471934,31.432313666250824,-3.3194201128218936
2021-06-21,33.38073293570352,33.901971861106226,33.366452081389056,33.76630783081055,34.36698850172139,34.31162038927194,42.00941307590926,-0.16889205682893463
2021-06-22,33.694910203772096,33.94482111786512,33.65920942284309,33.730613708496094,34.30638137855707,34.28883581355524,41.656418423242265,0.7894315994456186
2021-06-23,33.730615000453305,33.86627906269776,33.53068571676216,33.57352828979492,34.236585846294005,34.26078453811366,40.06102633566407,1.5331787452989087
2021-06-24,33.56638703363552,33.951962025685795,33.537828041620614,33.86627960205078,34.20131858493751,34.245313756307276,44.33942138807472,0.2960695961819483
2021-06-25,33.83057684364505,34.016222537979296,33.77345341536068,34.0019416809082,34.18233030836329,34.23576975335045,46.25395243719308,0.8043967855342254
2021-06-28,34.037634598242654,34.05905724079768,33.637781587806856,33.68776321411133,34.135228680339296,34.21427930083127,42.59950374585044,0.340252961590365
2021-06-29,33.687768502519475,33.7448892027797,33.316474417546246,33.402156829833984,34.065412313624506,34.182431360792165,39.541079554922476,-1.3704569195982537
2021-06-30,33.4521337328276,34.12332025157372,33.4449946677278,34.044776916503906,34.06344703770826,34.177033147290665,48.500277599399936,0.12597879261628975
2021-07-01,34.03763914090554,34.416075006881066,34.03763914090554,34.151885986328125,34.071869794719674,34.176046984115665,49.83462659394767,1.3777191714004402
2021-07-02,34.15188558492917,34.173305506296785,33.84485400095141,33.93767547607422,34.05908938342011,34.16669908183953,47.200651011527064,1.6032457094564694
2021-07-06,33.87341676926093,33.87341676926093,33.08084962844796,33.32361602783203,33.98904430193553,34.13363700129022,40.5793943520671,-2.1182717408915592
2021-07-07,33.26649210966467,33.66634789856731,33.23079133225071,33.409297943115234,33.93383036300026,34.105231548028456,41.80608053636302,-2.1743690626929584
2021-07-08,33.05942798516693,33.43786390043312,32.93804478178754,33.152252197265625,33.85939434721601,34.067859808782856,39.19210833354267,-2.31431077052496
2021-07-09,33.7377473979983,34.20900471301856,33.55924079800889,33.844852447509766,33.85800940438684,34.059114422066266,48.530432356016384,1.5641652431788777
2021-07-12,33.56637976968591,34.059059727507645,33.359314184361025,33.909114837646484,33.86287658850681,34.05323208542235,49.308298334511846,1.4960412977916195
2021-07-13,33.88055240945279,33.944814892858155,33.38787246208019,33.44499588012695,33.82307842580396,34.02937968521469,44.121903088400295,0.8830280402049832
2021-07-14,33.594943802451,34.023361305130095,33.38073641300882,33.95909881591797,33.83603274867196,34.02662357269325,50.35146482803694,0.3375590677648504
2021-07-15,33.78058986810991,33.99479724273935,33.75916722399078,33.909114837646484,33.842992947621916,34.02201538700515,49.77049541251856,0.0
2021-07-16,34.06620667778069,34.266135967664574,33.68063167992805,33.78059768676758,33.837050541826265,34.01254802621152,48.22961164985874,1.0034440065218841
2021-07-19,33.40215615335561,33.580662764220136,32.988022232523164,33.409297943115234,33.79631219909188,33.98889116020774,43.9920114673282,-1.6190090195945395
2021-07-20,33.4235776209142,33.86627323759407,33.15938588501324,33.70918655395508,33.78801451860266,33.97792235211941,47.968439028171474,-0.5896004205613837
2021-07-21,33.916251641375595,34.087619163927855,33.70204428103104,33.79486846923828,33.78866727580605,33.970743768477014,49.08078196617163,0.042245500221842515
2021-07-22,33.70204985461052,33.78059320194489,33.43786082395432,33.55210494995117,33.76613753048654,33.95432655990737,46.07526859388154,0.4274468954094446
2021-07-23,33.71632738334162,33.94481561278563,33.62350318894419,33.909114837646484,33.779754416882724,33.95255355119126,50.842622567966984,0.5930973248832336
2021-07-26,33.916257220362105,34.12332554973401,33.809152160674614,33.99480056762695,33.80023500266789,33.95421029693384,51.94081575086108,0.5916049017047061
2021-07-27,33.93768452993284,34.26613884669759,33.78773959276797,34.12333297729492,33.83100623834665,33.96084255890878,53.614825806012306,1.70251025441127
2021-07-28,34.1376084611861,34.24471080352683,33.90197840520553,34.0019416809082,33.847285804304896,33.96245428918327,51.780373481921316,0.27375189150812274
2021-07-29,34.030506669671254,34.99444146246833,33.98052502701039,34.701690673828125,33.92865769664044,33.991443951326204,60.22805891121632,2.07940653981756
2021-07-30,34.62314657988313,34.751668845463286,34.037642337288126,34.30183410644531,33.96419830709805,34.00361611427205,54.366758685273716,0.5231057859124201
2021-08-02,34.444637501488536,34.76594722826446,34.059062560803696,34.080482482910156,33.97527299050873,34.006630481669625,51.38550527141407,0.23098916743937922
2021-08-03,34.244716195820175,34.33040135173901,33.97338804013006,34.12333297729492,33.98937394163122,34.01120705012552,51.93498583564013,-1.6666556738383878
2021-08-04,33.91625891664217,34.02336398168639,33.43072067635296,33.580665588378906,33.95044933655957,33.994323071233495,44.998393956903,-2.1024197010237966
2021-08-05,33.837711730145074,33.90911600667962,33.7020476904214,33.81629180908203,33.93767242918076,33.987341453109906,48.2315443868829,-0.7751964015198578
2021-08-06,33.90197872042574,33.973383006445125,33.70205216716148,33.80915451049805,33.92543262740145,33.980353729870224,48.13923525667595,-0.9207144771172381
2021-08-09,33.8234379949351,33.93768213764501,33.644931351713666,33.901981353759766,33.92319917276891,33.97728030335609,49.4931404542373,0.9568475185079581
2021-08-10,33.87341887526975,34.45178136686524,33.70205402695674,34.3518180847168,33.964020021525855,33.99196805948788,55.54925890546636,1.58363394383455
2021-08-11,34.45177674461626,34.530320091136545,34.26613106321861,34.3946533203125,34.005032716648394,34.00775963834375,56.08919986637392,1.7317759591788977
2021-08-12,34.451779593573015,34.48034130808678,34.26613389682357,34.35895538330078,34.03873963728196,34.02153202049893,55.4843268197035,1.3479272045270496
2021-08-13,34.458921527848794,34.794514891824846,34.373239100972334,34.701690673828125,34.10187783123873,34.04820490886478,59.95000889583297,1.0184980260680503
2021-08-16,34.658843793735585,34.751665269113566,34.38751298588952,34.55173873901367,34.144721727217295,34.0679513335765,57.24427639579864,0.4567146446811305
2021-08-17,34.401799185405864,34.865917529570574,34.401799185405864,34.67313003540039,34.195046327996636,34.09168383168724,58.862912796186976,0.9143894178235269
2021-08-18,34.673120323786186,34.823065202655364,34.38750869602116,34.43035125732422,34.21745632126593,34.104964907202415,54.42516467543071,-0.7819198754732413
2021-08-19,34.144752334855475,34.494626572866466,34.066208971804315,34.444644927978516,34.23909333142903,34.11828569233089,54.64198136442487,-0.30995201672508765
2021-08-20,34.45177713574246,34.76594780159553,34.28040958468045,34.608863830566406,34.27430956944212,34.137524050693074,57.16340927939462,-0.18534872614145365
2021-08-23,34.773087815952834,35.0301377675224,34.55888043090975,34.61600112915039,34.306851622747665,34.1562878576914,57.274575865172054,0.5392041180139845
2021-08-24,34.63028227969035,34.637421345608246,34.28040812622999,34.423213958740234,34.31793374998505,34.16675554792862,53.25441067638737,-0.062218580807240124
2021-08-25,34.508900359949536,34.93017335944526,34.394653510709574,34.737388610839844,34.35788183197122,34.18913331510161,58.38123990383908,0.37136376652713154
2021-08-26,34.6802633248586,35.115819880926914,34.66598246947009,34.80878829956055,34.40082530507497,34.21343351057059,59.469176287842956,0.5569307953592847
2021-08-27,35.030147252991654,35.48712385783568,34.99444374265444,35.36573791503906,34.492721744119166,34.25862191858896,66.76692857820828,2.738047520573007
2021-08-30,35.40857441614484,35.64420174591733,35.25148771376654,35.487117767333984,34.587426127282484,34.30679822638288,68.1143824306049,2.1582772524823204
2021-08-31,35.55851559798745,35.936951457309505,35.429990622941425,35.86554718017578,34.70915194184375,34.36792563633554,71.934983430904,3.035896772737061
2021-09-01,36.00835006508716,36.00835006508716,35.56565447825022,35.75844192504883,34.809084321196615,34.42245568687332,69.40038415731313,1.110408076181469
2021-09-02,35.87983092834513,36.45819336268163,35.8584110053754,36.44391250610352,34.9647822435687,34.50172850331372,75.37940897518932,2.6961748346051118
2021-09-03,36.351089771061496,36.4153522663657,36.10118158032011,36.3939323425293,35.10089177680304,34.57593257543982,74.24034556189957,1.473238815231498
2021-09-07,36.25825814384691,36.47246823356852,36.06547069737412,36.26539993286133,35.21179731547526,34.64218619729949,71.25819443663175,1.417729578025533
2021-09-08,36.17258704522036,36.40107533677854,35.97266047105577,36.32967376708984,35.318261739438555,34.70836218042852,71.86677136151782,-0.31346452989797324
2021-09-09,36.27254546592654,36.41535130994019,35.92981307457073,36.12260055541992,35.394865436198685,34.76382250885956,66.94845576689265,-0.7455412747259014
2021-09-10,36.28682454711181,36.386787815891466,36.022635519080616,36.129737854003906,35.46485328551347,34.81738781651228,67.03220345157658,-0.37408129817560287
2021-09-13,36.27253905938402,36.34394333067672,35.65133688000701,35.75844192504883,35.492814108326364,34.854291899199985,58.69949101318314,-1.5723561012498644
2021-09-14,35.722086972060005,35.87477586675766,35.140413011087816,35.16949462890625,35.46202177695302,34.86665279056102,48.41810597331367,-2.6385307587458997
2021-09-15,35.16949917568723,35.831153911890645,35.12587535649969,35.7947998046875,35.493714922451545,34.90305071268363,57.02478523316815,-0.9270425671779081
2021-09-16,35.802065034914285,35.97656582358252,35.38034971062603,35.47487258911133,35.49192041451438,34.92547509999452,52.22359468888156,-0.7930136792085993
2021-09-17,35.37308616441264,35.59848328685798,35.27129078403675,35.34400177001953,35.47783292456249,34.94188791058374,50.355874787166485,0.49618893576551887
2021-09-20,34.9804578342316,35.25675405479968,34.66053501873992,35.00226974487305,35.432541193163495,34.944255825653904,45.754319658742475,-2.2140927289406647
2021-09-21,35.15495659926642,35.44579500103886,34.87866316858722,34.92228698730469,35.38394555451028,34.94339430258139,44.724188948907184,-1.5576817095496813
2021-09-22,35.22767444667693,35.43125970337897,35.02408641633378,35.07498550415039,35.354520787809335,34.94855474185861,47.16968282344728,-0.7611369748666464
2021-09-23,35.34400264256737,35.78025747467195,35.198583440652314,35.48942184448242,35.367368507492486,34.96976521647131,53.21902831330878,1.3917728854733216
2021-09-24,35.40943934867287,35.6639208588857,35.22766604890929,35.23493576049805,35.354755864921586,34.9801640613351,49.47289372554053,0.8952700414695541
2021-09-27,35.162233727461164,35.63484272569164,35.118607129342884,35.43852996826172,35.36273435095398,34.998139194940066,52.36195296482903,1.0364778741485445
2021-09-28,35.423978969533216,35.59847977137827,35.05315991174206,35.09678649902344,35.33740598410345,35.00200771666883,47.45682656555473,-1.1063447220401192
2021-09-29,35.16950344032708,35.54759230309602,35.016814507374505,35.43852996826172,35.34703683973757,35.01912623633914,52.27180212285707,0.5778191541132927
2021-09-30,35.213123485971444,35.26401978748483,32.988217321487625,33.09728240966797,35.13277451306428,34.943759811763805,31.18660445716251,-6.606503036922074
2021-10-01,33.06093553246888,33.511732633127615,32.63922005786093,33.34450149536133,34.96246279709257,34.881043799355865,34.204643075301064,-4.992722065055347
2021-10-04,33.42447125007428,33.85345629714955,33.32267865816492,33.80982971191406,34.85268821755176,34.83903540376991,39.576446847168995,-4.5958459840357335
2021-10-05,33.83892321897133,33.89708924131633,33.55535727264244,33.56989669799805,34.73051759664188,34.789265258445525,37.860036115458165,1.4279549676623113
2021-10-06,33.30086777547506,33.86800235363698,33.242701762169474,33.77347946166992,34.639371107596936,34.74943052131707,40.228749121916756,1.28650286275316
2021-10-07,33.96252683884365,34.31153128447322,33.744399407030265,33.79529571533203,34.558982975000276,34.71201347010197,40.49053807958219,-0.04298748827152387
2021-10-08,33.88254314425699,34.15156963427976,33.80983493128034,33.97706604003906,34.50356231452778,34.68319200225637,42.74079339905097,1.2129001935990387
2021-10-11,33.9625244140625,34.31152883477462,33.809835500058554,33.9625244140625,34.452034895435844,34.654930528209555,42.60200585467764,0.5597437853778979
2021-10-12,34.57327960342612,35.060433468557434,34.09339822321755,34.28244400024414,34.435883381608065,34.64032321338738,46.70242194420123,1.4414677386329338
2021-10-13,34.296980583866485,35.067700277100826,34.02795691044058,34.84230041503906,34.47458976574435,34.64824388796196,53.02659529381376,2.5465246880951855
2021-10-14,34.95864806763768,35.431257060245755,34.91502147003841,35.387630462646484,34.56154602259217,34.67723943991037,58.22617230632477,4.196113431408844
2021-10-15,35.56939770344804,35.627566490289794,35.314916195116425,35.40943908691406,34.64229774300378,34.70595315155758,58.42437442554007,3.2873825642707857
2021-10-18,35.184049627268415,35.264030346062704,34.97319187292734,34.9950065612793,34.67588905903002,34.7172885793898,53.2535169996546,0.43827802533474935
2021-10-19,35.06043218725847,35.162224783334125,34.72596723404389,34.827762603759766,34.69035320614714,34.72162089407098,51.2810633743443,-1.582100444610692
2021-10-20,34.82776859235631,35.26402344301986,34.78414199783367,35.21312713623047,34.740141199488406,34.74089564866547,55.38192680793569,-0.5544057057829616
2021-10-21,35.04589515186548,35.26402257180833,34.944102540801524,35.06770706176758,34.7713379482769,34.75371178251262,53.55013798313534,0.2077453546436014
2021-10-22,35.26401762766657,35.34399831761485,35.05315994937387,35.06043243408203,34.79887075644882,34.76574004335848,53.4548877915514,0.6680585054210407
2021-10-25,35.23494066078274,35.336733279024635,34.71870508333264,34.8641242980957,34.80508537946281,34.76959824942661,50.82754575051162,-0.9911157188186214
2021-10-26,34.864122494843016,35.11860402728539,34.842307810890325,34.9804573059082,34.82178746769571,34.77786723203373,52.32304782121853,-0.24880370908110694
2021-10-27,35.08225390785619,35.133150220131746,34.38424496209911,34.53693389892578,34.794658556384285,34.76841886602949,46.514687946362045,-1.4931319975601907
2021-10-28,33.66441289922432,33.991605377370924,32.22476876901956,32.413814544677734,34.56791150765033,34.67608144166276,29.58436399587454,-7.028169508768663
2021-10-29,32.202959521600114,32.47198323756809,32.064810034060464,32.07208251953125,34.330213508781846,34.57396383687329,27.828613956257687,-8.314284633110638
2021-11-01,32.14478479548866,32.36291216743672,31.94119961815581,32.02845001220703,34.110997937679485,34.47413976531775,27.60336043986904,-7.263192193203846
2021-11-02,32.064808892705635,32.33383537273808,31.91211998694047,32.101165771484375,33.91958535042281,34.38108196163801,28.640023816423206,-0.9645540877714915
2021-11-03,32.072084891644955,32.69738555363563,32.04300049489173,32.69011306762695,33.8024927520613,34.31476945599052,36.563100656265256,1.9270047329147866
2021-11-04,32.5737736883953,32.65375438143543,32.15206108914784,32.43562698364258,33.67231505983094,34.241077594329816,34.766811200615706,1.2712977720756364
2021-11-05,32.65375488962026,32.930051077066004,32.64648517815818,32.8646125793457,33.595391014070444,34.18709857413436,40.10831101377345,2.37825259461294
2021-11-08,32.86461108234462,32.98821558705249,32.68283779402815,32.77008819580078,33.51679074566381,34.13152953968991,39.343846633511674,0.24464622685269194
2021-11-09,32.8064409055268,32.87187939748733,32.31201736041176,32.56650161743164,33.42628701916551,34.07015589567978,37.67812606515868,0.40349037758716094
2021-11-10,32.544688076555126,32.87188054780754,32.46471016015142,32.537418365478516,33.341632861671506,34.01004854155424,37.43430366913592,-0.9955821419687692
2021-11-11,32.50106898427764,32.79190462147624,32.50106898427764,32.646488189697266,33.27542860719777,33.95657558657946,39.02784086541271,-0.3771732482531248
2021-11-12,32.78463329025304,32.95913688286675,32.62467189482719,32.66102600097656,33.21691407327194,33.90576972047739,39.249942478733686,0.2902503457550579
2021-11-15,32.76281997703422,33.03184367937749,32.741005295367195,32.8646125793457,33.183361550040864,33.8649400286683,42.413499219668175,1.0055936527967853
2021-11-16,32.82098729589229,32.9155101905036,32.21750136946736,32.31929397583008,33.101069400116025,33.80432645796876,36.87439327387315,-1.0022340288669855
2021-11-17,32.3120275514336,32.55196968884523,32.137526700262434,32.2974853515625,33.02453758596807,33.7452346498744,36.6681464994466,-1.1130717369478615
2021-11-18,32.23931266277363,32.26839705650492,31.839411956709984,31.999370574951172,32.92690263253789,33.676769392034274,33.87863532009886,-2.6327467037852945
2021-11-19,31.91939185222339,31.93393127508399,31.497676474616213,31.555845260620117,32.79632573997429,33.5935958966847,30.19789323921837,-2.362207280211333
2021-11-22,31.73762095177804,32.486526099438514,31.71580626855995,31.984832763671875,32.71904069461216,33.53050714637047,37.29413720685798,-0.9680400331089534
2021-11-23,31.99210709503485,32.290215254747494,31.941210782911305,32.16661071777344,32.666428315865616,33.47702101191568,40.074203035471015,0.5226357263201288
2021-11-24,32.0720858066305,32.341109550170984,32.01391701146455,32.05027389526367,32.607746942474954,33.421070144595994,38.88597287782336,1.5668369221615281
2021-11-26,31.723077926383013,31.87576683672236,31.461323923720975,31.803058624267575,32.53110995978854,33.35761871242625,36.41504905841522,-0.5683135526997599
2021-11-29,31.94120425678466,31.984830846965902,31.454050374168883,31.614011764526367,32.44376727452547,33.28924196937135,34.60423246915435,-1.7179271950517796
2021-11-30,31.286815994438985,31.323172869267896,30.923269435270917,31.003250122070312,32.306575164767835,33.19959523026151,29.50027948026131,-3.266816928351076
2021-12-01,31.395879076552124,31.941198880651143,31.243190197077983,31.257732391357425,32.206685376823984,33.12344374638292,33.87654288572369,-1.7146974426353874
2021-12-02,31.483130674392015,31.672176433625165,31.315899594233496,31.41769218444824,32.1315431680263,33.05655152826783,36.542993992206725,-0.6209891409555809
2021-12-03,31.65036356195657,31.95574412367974,31.454048080914585,31.933929443359375,32.112722813296116,33.01252713278123,44.343411546224715,3.001876634303379
2021-12-06,32.14478715628104,32.54468782982884,32.057536755821936,32.30474853515625,32.1310109772828,32.984771109344955,49.17625126267345,3.3496228411256035
2021-12-07,32.31202034938855,32.56650462994913,32.17387364186622,32.3483772277832,32.1517125249495,32.95981448653861,49.729340476698596,2.96229601420455
2021-12-08,32.40654759107993,32.61013282394638,32.13752385141486,32.37019348144531,32.17252023509196,32.936692094182014,50.02222610434734,1.366145806953482
2021-12-09,32.18841197212061,32.544686039014294,32.08661938157956,32.42108154296875,32.19619274060403,32.91647207256581,50.74311909309058,0.36011116968113344
2021-12-10,32.719195135258474,32.951864745440176,32.57377593548477,32.78463363647461,32.25223473068694,32.911301937817136,55.663418427413525,1.3486191459295729
2021-12-13,32.74100730427863,33.08274201041271,32.501067980342356,32.98094940185547,32.32163612794109,32.91403321091668,58.09751395407893,1.886784892899214
2021-12-14,32.90823727513542,33.26451416639037,32.8137171553996,33.010032653808594,32.38719770183324,32.917797894951654,58.46134546488774,1.816568364813145
2021-12-15,33.11910146335957,33.511732537151246,33.08274735066946,33.41720962524414,32.48529407549142,32.93738266868861,63.26983156628996,1.9294892716621899
2021-12-16,33.50445809346458,34.631452069580234,33.482643410017786,34.42786407470703,32.67030074208338,32.99583291990502,71.94946305382491,4.387122563458288
2021-12-17,34.42059395297272,35.511233808550266,34.209736248553995,35.08224868774414,32.90001007024154,33.07765314609479,75.91765138477143,6.277534032358678
2021-12-20,34.84958029675479,35.11860402728539,34.57328408035972,34.9804573059082,33.098147902209796,33.15227291706787,74.16019492724308,4.677971913858268
2021-12-21,35.03862369173984,35.19131538644579,34.66053485840638,34.733245849609375,33.25387151624785,33.21427185559891,69.92644202662171,0.887019230236526
2021-12-22,34.733238045860986,34.81475452701311,33.947721758903654,34.74065017700195,33.39546948393872,33.27412982898726,69.98171873463617,-0.973707568698479
2021-12-23,34.681373656823965,34.94074460462605,34.540574223606036,34.607269287109375,33.51087898900259,33.32640980773715,67.57226540527783,-1.0668471699362165
2021-12-27,34.41459071188281,34.703604515732515,34.296022033470216,34.6739616394043,33.62164876523133,33.37925497760645,68.16252044186712,-0.17068433644748138
2021-12-28,34.62949633410323,35.14082321508379,34.62949633410323,35.111183166503906,33.76350918440014,33.44717373011223,71.78801250638622,1.0665689548529036
2021-12-29,35.05930440408876,35.237155977075126,35.000018661826786,35.125999450683594,33.89327016214143,33.51301003287974,71.90476961280895,1.4989052134414922
2021-12-30,35.21492814335747,35.289032500400765,34.985200113483224,35.01484298706055,34.00008662165753,33.571905442847616,69.5782679890452,0.9831047031812612
2021-12-31,35.029661706961576,35.15563966954438,34.86662874183108,35.118587493896484,34.10661051425172,33.632559640927965,70.53644528421879,0.021088230941877967
2022-01-03,35.1037738214952,35.57063925322591,34.96297439213534,35.54840850830078,34.24392460892306,33.70769096906023,74.16678755498378,1.2025538467887407
2022-01-04,35.57063391042658,36.56364755350199,35.555812473735905,36.33391952514648,34.44297174380148,33.81068032420087,79.20868219464033,3.767192497688436
2022-01-05,35.978219183458485,36.51177968063437,35.815189008021754,36.04491424560547,34.59553769635424,33.898297340726536,73.52307086242094,2.637710733297509
2022-01-06,36.445081116185015,36.84525145061132,36.21535307377728,36.46731185913086,34.77380190233297,33.999043008114946,76.21079488895793,2.5849352738688944
2022-01-07,36.45991159256846,37.05275510893119,36.38580438621008,36.8823127746582,34.97461246160204,34.112112410724485,78.51808563325434,1.5093148679767023
2022-01-10,37.11943614172109,37.541837164048395,37.02309822334299,37.452911376953125,35.210640929730715,34.243124134890316,81.21572104652223,3.906229660455682
2022-01-11,37.31210964271466,37.423268998221786,36.50435976314239,36.66739273071289,35.34937919649092,34.338193491589244,68.46859778513948,0.5486581307526073
2022-01-12,36.5414183931092,36.72668211940928,36.022679394088996,36.674808502197266,35.475610558939145,34.42982545278956,68.51883290339178,-0.5626118777548935
2022-01-13,36.76373174021354,37.37139649402699,36.69703669031206,37.282470703125,35.64769247743303,34.541693893979186,72.39922795248182,-0.4550799058387933
2022-01-14,37.32693769964819,37.72710805817649,37.11944321458923,37.65300369262695,35.83867449792769,34.66370604294577,74.46600322967322,2.687976669496076
2022-01-18,37.77156287121363,38.06798308573978,37.31951900514415,37.39362335205078,35.98676486498703,34.77076162369499,70.48698593334645,1.9599689247469414
2022-01-19,37.37140077827405,37.438095835821414,36.94899968944075,37.119441986083984,36.09463887652007,34.86286673594554,66.4452557076061,-0.4372798099653589
2022-01-20,36.956407212950104,37.51219839007787,36.74891274476378,37.29729461669922,36.2091775184419,34.958334495975095,67.73755383677283,-0.9447030543207042
2022-01-21,37.40103820055159,37.77897492027681,37.11943657342505,37.28987884521485,36.31210145432504,35.04976760770999,67.62061235026182,-0.2774390324767518
2022-01-24,37.2231804645131,37.56406497757065,36.200524098440845,37.01568603515625,36.3791095096423,35.126862448002,63.271209407100514,-0.27951915593621346
2022-01-25,36.65997760010849,37.24540867562787,36.05231296088121,37.07496643066406,36.445381597358654,35.2032586826162,63.81313691418314,-0.5960973532262918
2022-01-26,37.0972070662345,37.34916583005974,36.4006136931824,36.65998458862305,36.46581997747907,35.26038518873412,57.42547596982292,-1.6891828992161875
2022-01-27,36.97863584803619,37.94941583199936,36.73408640581969,37.3046989440918,36.54571321239457,35.34055435561089,63.53287405278296,0.7807849587362832
2022-01-28,37.01568911257502,37.43067800579015,36.60069739246007,37.408447265625,36.627878360321276,35.42164819521929,64.41746349730032,0.899477105622195
2022-01-31,37.11944186798066,37.84567536624129,37.052746810645495,37.70487594604492,36.730449558961624,35.51118653838893,66.88883747558818,2.8502231224236345
2022-02-01,37.77156897345216,37.81603045801933,37.3195250343521,37.52701950073242,36.8063133629398,35.590238811422005,64.01591697992411,0.5959585868091705
2022-02-02,37.47514097430077,37.73450902329486,37.34175088427532,37.42326736450195,36.865070886898096,35.66212228409181,62.333990482140905,0.03961698482623593
2022-02-03,37.71969196020317,37.786387007948115,37.24541449462806,37.363983154296875,36.91258634093607,35.72886192606064,61.342233422735504,-0.9041079785963466
2022-02-04,37.22318535338431,37.58630347935009,36.97122658740192,37.19354248046875,36.939344068510614,35.78630037917468,58.462346092939114,-0.8886317770511014
2022-02-07,37.260227005198566,37.578880731772465,37.05273260720594,37.34174346923828,36.97766782096087,35.847298147412474,60.21153085362572,-0.21784280477070747
2022-02-08,37.5344282527894,37.66040621691884,37.200953014064645,37.363983154296875,37.01445975746906,35.9067759908197,60.48047841761945,0.0
2022-02-09,37.46773163008758,37.71227824360631,37.430676628642566,37.497371673583984,37.06045136852762,35.969152292104575,62.13372440932695,0.8168869455626138
2022-02-10,37.49737987964963,37.823445871565056,37.05274803400174,37.18613815307617,37.072421538484626,36.01687722782895,56.22359477705308,-0.4167060820025592
2022-02-11,37.21577447138328,37.586301886424856,37.14907942359981,37.32693099975586,37.09666053479617,36.068251885551575,58.16231940852457,-0.09916542994896038
2022-02-14,37.32693646427571,37.49737876091895,36.6673980212518,37.119441986083984,37.098830196823585,36.109475026748925,54.34272997071449,-1.0078831412235822
2022-02-15,37.297290976583874,37.5863019081796,37.08979370174861,37.28987884521485,37.11702530619418,36.15576537257112,56.84949675316634,0.2789767835305511
2022-02-16,37.3047060851688,37.74933792189489,37.156494530626674,37.504791259765625,37.153955397010506,36.20866834853953,59.8434373946164,0.47649312506010455
2022-02-17,37.27506083401909,38.14209653536493,37.23059934931936,38.067989349365234,37.241006249615715,36.28158289759152,66.41903014928724,2.555392302602121
2022-02-18,38.05317215683416,38.660837015313625,37.98647709544493,38.342185974121094,37.34588050909242,36.362390861376994,69.0741584924844,2.8219644619233675
2022-02-22,38.30512556882244,38.49038928804524,37.60112569729581,38.00129318237305,37.40830076369057,36.42666154063174,62.46192686740171,1.3238359844974235
2022-02-23,38.15692571966055,38.579326871469654,37.94201907697854,38.49781036376953,37.51206358274571,36.507883063107734,67.36253544139201,1.1290877762407063
2022-02-24,37.58630311082203,37.712281079128054,36.02267691610653,36.73408889770508,37.43797075559898,36.516753880150766,44.92598624694616,-4.194067280100812
2022-02-25,37.119439764572135,38.52003306234454,37.097209022353546,38.149505615234375,37.505735980326165,36.58078335995797,57.23592127447113,0.3900194452595015
2022-02-28,37.704868969906535,38.0679842384033,37.467731660345464,38.00870132446289,37.55363744167252,36.63678014287973,55.89742524318889,-1.2704853462703516
2022-03-01,37.98647374064106,38.482982004222585,37.60112767209143,38.21620178222656,37.616738807439575,36.69871824638353,57.47566785487858,4.034707077256727
2022-03-02,38.164329764353425,39.49081879772585,38.09763470605815,39.13511276245117,37.76134585077401,36.79426312936658,63.67511709425285,2.583538453046718
2022-03-03,39.14251412362471,39.89839035525654,39.13510481949584,39.40188217163086,37.91758740514133,36.89652269965145,65.25858888373824,3.6654260698754775
2022-03-04,38.55708066166152,39.68348430630424,38.534849922083616,39.63902282714844,38.081533635808675,37.00407172425918,66.65031112151252,3.7230833483394337
2022-03-07,39.12769315592411,39.66866282458538,38.712704274156415,39.16474533081055,38.18469665438028,37.08880402255531,61.35640535849678,0.07571862265797905
2022-03-08,39.20180604703461,39.36483620567976,37.527020359796985,37.712284088134766,38.13970498140452,37.11325422120549,48.62002732579616,-4.288115161951819
2022-03-09,38.20137998852,38.364412973086495,37.71969599387376,37.793800354003906,38.10676168355684,37.139942304844645,49.25666081987489,-4.655065492383313
2022-03-10,37.712282256454245,38.11986187362125,37.2824718975745,37.96424102783203,38.09318828777352,37.1722677449618,50.63398858615199,-3.065267737191412
2022-03-11,37.85308185722669,38.201375703046565,37.35657365397311,37.408447265625,38.02797485709271,37.18152968694859,46.22758219320829,-0.8056706981727483
2022-03-14,37.53442785966538,37.88272170366346,36.897120260533,37.452911376953125,37.973206906603224,37.192172106164456,46.62774671287603,-0.9019706244351454
2022-03-15,38.04575818311455,38.43851637038655,37.830851586460035,38.1939697265625,37.99423193707553,37.23145828735654,52.91663628114614,0.6051186393060036
2022-03-16,37.912367388678106,38.12727398143256,37.386219104541354,38.00129318237305,37.99490443662768,37.261647891082674,51.226528192582904,1.5847915646924458
2022-03-17,38.00129758324704,38.44593225701425,37.85308885222497,38.30513000488281,38.024449728842455,37.302568758290526,53.735886816882754,2.2754402704567993
2022-03-18,38.505208683318905,38.594137299198984,38.053164780078,38.29771423339844,38.05047491975255,37.34159407103986,53.66331680564093,0.2716253575594867
2022-03-21,38.42369259278174,38.96466511744855,38.386640415901795,38.720115661621094,38.11425022850194,37.395653741258734,57.208238579885325,1.8915737309210143
2022-03-22,39.46857930455737,39.98731825491435,39.1573376304831,39.50563430786133,38.24676299796474,37.478398077203934,62.89346673464368,3.134056202982435
2022-03-23,39.616797377123525,39.750187495718585,39.37966001671017,39.43894577026367,38.36030421437416,37.55528230046118,62.13867162415093,2.9798946483077473
2022-03-24,39.57462310791016,39.710307760036635,39.11480321742904,39.57462310791016,38.47595363280616,37.634472136047414,63.10870841663722,2.206882473587358
2022-03-25,39.76307323528807,40.433956854434086,39.73292045171286,40.41888046264648,38.660994283267144,37.74366461944346,68.51445622575677,2.311685841235613
2022-03-28,39.529395774863694,39.77815194053504,38.828359331370855,39.2203369140625,38.714265010009555,37.8015733368795,55.97474126577034,-0.5542969060952928
2022-03-29,39.054496105978046,39.2278702806268,38.59467626752692,38.95650100708008,38.73733510496865,37.84686461806384,53.64709785574781,-1.5619153191797175
2022-03-30,38.97911967804841,39.23541259765625,38.76805593561649,39.23541259765625,38.784771056653184,37.90131748000864,55.74232122987816,-2.928007533716678
2022-03-31,39.19018210451515,39.56708324742035,39.099723759838085,39.38616943359375,38.842047092552285,37.95954696838453,56.87696072568026,0.4228227816977027
2022-04-01,39.619849168115934,39.79322334874846,39.30325071287532,39.73291778564453,38.926891920465835,38.02909092200257,59.451871329445844,1.9930352020663886
2022-04-04,39.74045944213867,39.82337815786454,39.23541038977552,39.74045944213867,39.00437454157753,38.096203412988295,59.508502255049315,1.2872219534466962
2022-04-05,39.55200788141168,40.222891473080765,39.49170231673115,39.680152893066406,39.06873438457647,38.15831907887371,58.80128624507678,0.7464129254009357
2022-04-06,40.26812861028157,40.60734031409823,40.1022940138266,40.57719039916992,39.2123968621568,38.25317677770886,65.39006156577872,2.1248694044574434
2022-04-07,40.494267592714245,40.547033532945235,40.0570608016254,40.50180435180664,39.33519757545679,38.34135825120289,64.45711460105858,1.915792923271237
2022-04-08,40.51688442376851,40.98424116918312,40.43396568858418,40.78825378417969,39.47358388104944,38.43731493877061,66.41774930501417,2.7925822113122645
2022-04-11,41.06715737343522,41.278221140512535,40.75056172281926,41.0445442199707,39.623199151422895,38.53955922430787,68.11260290918993,1.151764861498005
2022-04-12,40.916384908776216,41.4214339078344,40.83346620180193,41.39128112792969,39.79158791109021,38.651391455822456,70.29673517668783,2.196141111138844
2022-04-13,41.34605822569187,41.7078858883429,41.210373571079685,41.30836868286133,39.93604322268746,38.75558664119653,69.0782905953557,1.2751585332230493
2022-04-14,41.25561065350403,41.65512506001578,41.19530794852507,41.444061279296875,40.079663989983594,38.86101701916125,69.99490513761046,0.9733743349299568
2022-04-18,41.39128396451408,41.5872712962712,41.1576042175293,41.1576042175293,40.182324964035566,38.95107926223451,65.5756038491062,-0.5645558775485978
2022-04-19,41.43651508483998,41.700344750667384,41.26314089364946,41.62496566772461,40.31971931676785,39.05593755264589,69.01310804557858,0.766423354293911
2022-04-20,41.71542777070187,41.91141514281096,41.47421121632385,41.738040924072266,40.45479756508256,39.16111807701555,69.79888495203477,0.7093408215817072
2022-04-21,41.8134171823998,43.004423397497185,41.73049846399833,42.61244583129883,40.660287876150775,39.296464263458034,75.06469928093057,3.534806365502452
2022-04-22,42.58983952303987,42.702911043666305,41.813423899691536,41.85865020751953,40.77441762199542,39.39694214361731,64.6067575323448,0.5614047628539366
2022-04-25,41.602346913413975,41.81341350775816,41.02191881114058,41.63249969482422,40.85613972416959,39.48461106719405,61.823872148154706,-0.25286579559410116
2022-04-26,41.70788303052406,42.00940222803613,41.353595026031584,41.36867141723633,40.90495226636642,39.558495786803554,58.649969414386945,-2.918805503412217
2022-04-27,41.383745454906666,41.994323448572814,41.27821072247532,41.39881896972656,40.951987190495956,39.63066532338877,58.90956277144897,-1.0985333629089746
2022-04-28,40.70533032755465,41.798344402196435,40.13997851744972,41.609893798828125,41.014644962718066,39.70828212634718,60.766690415067465,-0.05429867570239635
2022-04-29,42.175251149301026,42.959206452424496,41.85865259877762,41.8888053894043,41.09789833668818,39.7937928425455,63.13752001768044,1.2573136974160937
2022-05-02,42.28077392958398,42.48430090916206,41.059614927643295,41.745574951171875,41.15958182378187,39.870333317393595,61.0957362787998,0.8375987288402658
2022-05-03,41.79079818725586,42.19031535884649,41.30836517868288,41.79079818725586,41.21969766792225,39.94564566523133,61.518873276399745,0.43476291793090144
2022-05-04,41.9943321917106,42.52199446161581,41.68527331406337,42.51445770263672,41.343008147418864,40.04638339218841,67.59295411665956,1.4936026640441735
2022-05-05,42.55214456448251,42.77074794295143,41.93402684817772,42.17524337768555,41.4222686455395,40.129868097502026,62.604532470212376,1.0292550216789151
2022-05-06,41.9792578595551,42.77828950039132,41.9038787639507,42.64260482788086,41.538491139095825,40.228406792811,66.29529148884052,2.0382636311664397
2022-05-09,42.58983322399846,42.989347553541414,41.54958516488399,41.65511703491211,41.54959836726881,40.28435621406987,54.137414039792354,-2.021290436620843
2022-05-10,40.58472429472806,40.697795813196315,37.96149209622941,38.873592376708984,41.29474065388216,40.2290321420165,34.78592194072145,-7.828410073202872
2022-05-11,39.190189507152795,39.763078087349555,38.85097783935889,38.96404647827149,41.072769780014475,40.17942486108532,35.59220111204888,-8.626486033058256
2022-05-12,39.34848654166964,39.76307729379795,38.94143254844053,39.325870513916016,40.90639842133843,40.14595214158849,38.84907501894803,-5.591741631751746
2022-05-13,39.54447125839965,40.026904310458875,39.416326236989846,39.9816780090332,40.818329810642695,40.13951001874318,44.342576330111974,2.8504842608477974
2022-05-16,40.10982118963884,40.78824443516638,39.913833849557385,40.50933837890625,40.78890205523923,40.15401309169075,48.362125491500166,3.965943068814731
2022-05-17,40.720404470872104,41.052076479283635,40.41888237193229,40.8862419128418,40.798172517868046,40.182727947422165,51.07983227278228,3.9677987506306356
2022-05-18,40.825940772516944,40.84855392595624,39.966606435485616,40.102291107177734,40.7318980978023,40.179573561530226,45.69306940880682,0.30167092566070064
2022-05-19,39.6575445133418,39.78568954040741,38.45899858868982,38.51176452636719,40.520456805284674,40.11416928564148,37.136235918171735,-4.931144107698451
2022-05-20,38.73036791133222,39.046963537396394,38.14240008709771,38.51176452636719,40.3291527787211,40.051329883317,37.136235918171735,-5.8075217368628325
2022-05-23,38.86605001657724,39.51431761905466,38.86605001657724,39.288177490234375,40.2300122750557,40.02140233849023,43.162133295572055,-2.0300925320390104
2022-05-24,39.40125227421334,39.95152768786969,39.21280167191207,39.89876174926758,40.19846460593302,40.01659290361876,47.42987265051491,3.6014896745403058
2022-05-25,40.0042920986574,40.7656341131736,39.76307556696638,40.62240982055664,40.23884034065908,40.040350429773184,52.02735693763249,5.480520874976772
2022-05-26,40.62240215944374,41.37620439769811,40.62240215944374,41.08222198486328,40.31916240201186,40.081208137815935,54.7361183252766,4.566372403186279
2022-05-27,41.17268614199966,41.27821801755416,40.78824818454713,41.02946472167969,40.38681024198023,40.11839467051647,54.3568748926823,2.833929983886945
2022-05-31,40.93146827939705,40.96915782294204,40.3359637145916,40.773170471191406,40.42360645428605,40.14407215289588,52.455463503864785,0.3711268024243959
2022-06-01,40.87870508230263,40.984236961510625,40.27566371859406,40.7656364440918,40.456180739029456,40.168447223138855,52.39743990304819,-0.7706144543207282
2022-06-02,40.83346722207702,40.89377278339325,39.86106448783589,40.81839370727539,40.490677212195735,40.19393532055597,52.791240436906385,-0.5144376506885512
2022-06-03,40.74301530387316,40.98423181909039,40.45656961372981,40.56964111328125,40.49819758372769,40.208668881055004,50.663064681139986,-0.49917471601567376
2022-06-06,40.69024938556239,40.82593403486197,40.33596137066596,40.39626693725586,40.48848990311132,40.21602566757269,49.17510090188362,-0.9060805596461393
2022-06-07,40.15504802736802,40.75055252205667,39.95905782316611,40.712860107421875,40.50985849399804,40.235509371096185,51.95029548062462,-0.25854422545467665
2022-06-08,39.235415496277405,39.386176555807154,37.26045395546899,37.30568313598633,40.204698936092164,40.12061422462129,31.815889636745453,-8.045321298704815
2022-06-09,37.328297573481194,37.931338956831425,36.664950614031866,36.68002700805664,39.869015895326875,39.9856892357364,29.550992115410306,-9.199463739982072
2022-06-10,36.250351972137224,37.230294366760376,36.114667330901824,36.891082763671875,39.585403216121634,39.86433211918485,31.326967298550635,-9.387150236230388
2022-06-13,36.13728128096225,36.51418243152704,35.42870815309037,35.54931640625,39.20101399613386,39.69511581671682,26.715947613495658,-4.708040657864477
2022-06-14,35.65690435707387,35.82596526670294,35.21119166016135,35.57237243652344,38.85542908569477,39.533439605728844,26.9150145376549,-3.01977577958138
2022-06-15,35.856708818738724,36.087248581368414,34.67326765737495,35.095924377441406,38.49738101824207,39.359419400697966,25.380718199491394,-4.866103816281134
2022-06-16,34.519572345456766,34.94991537098784,34.07386254354246,34.873069763183594,38.152208517760315,39.18348412079544,24.67225986717239,-1.9022774878099031
2022-06-17,35.18045660669014,35.18045660669014,34.61947543798459,34.819278717041016,37.83478663197752,39.01233881084429,24.494533192210547,-2.117074763079882
2022-06-21,35.049814378590106,35.18045248835766,34.59641829100374,35.11897659301758,37.57613805683848,38.85965793955697,27.62280023570522,0.06568345466059056
2022-06-22,34.796213749782126,34.796213749782126,31.507173193506446,31.891407012939453,37.03473510027667,38.586393197336676,18.65763013783505,-8.55004383179355
2022-06-23,31.768454777143727,32.7290394003865,31.768454777143727,32.66756057739258,36.61881371714485,38.35428211420162,24.964506275292223,-6.179674648445139
2022-06-24,33.259283224343704,33.68194283128937,32.44470928689603,33.35150146484375,36.3076411216876,38.158094637756214,30.1071432409306,-5.032820713019413
2022-06-27,33.48215080435791,33.81259228162801,33.15170932708781,33.19013214111328,36.01073550449005,37.96327257906434,29.591822140494802,4.072335622090584
2022-06-28,33.59742217790713,33.9048076215837,33.05180766544334,33.19013214111328,35.74210661273988,37.77609060110547,29.591822140494806,1.5996650943148358
2022-06-29,31.929835695954125,32.85199761891995,31.82993406366924,32.09121322631836,35.39440248069974,37.55315423346676,26.067884595491766,-3.7788051007355
2022-06-30,31.80688504118817,32.25259781809265,31.66856058845729,32.09890365600586,35.080545449776515,37.33926205395849,26.134177900508444,-3.2878100046962313
2022-07-01,31.93752030849067,32.52155450065469,31.714663960485645,32.4677619934082,34.83170893012239,37.1482228358977,29.40390062766159,-2.17646059567887
2022-07-05,32.10658058306788,32.152689701855536,31.5148600835824,32.06047439575195,34.567781831610915,36.948703289225314,27.933553614892908,-0.09578581635298536
2022-07-06,32.506189367094144,32.62914410545091,31.56097426632547,31.630136489868164,34.288006084778274,36.7401320421917,26.429717473769017,-1.4603837288691532
2022-07-07,31.868359511573185,32.26796310565078,31.829933777712867,32.129638671875,34.08244728354939,36.55932838061066,31.068505170558883,-1.041412468164116
2022-07-08,31.73003491501115,32.13732189488814,31.69161211281987,31.906782150268555,33.87524108037979,36.37687558726391,30.15495296688087,-0.4793823185091822
2022-07-11,32.091213821700165,32.990322666001205,32.006684826706795,32.23722457885742,33.719239508806226,36.21453633203228,33.28734683677341,1.9193343954861581
2022-07-12,32.29869728458313,33.29770766424658,32.22953507262907,32.51387023925781,33.6044424355159,36.069412171531326,35.88001481991986,1.1958788933382978
2022-07-13,32.34481283798359,32.62914512970801,32.19111867734499,32.244911193847656,33.474963269642735,35.919431741033925,34.47714627007464,1.0597403460701398
2022-07-14,31.89140850110258,32.07584203288415,31.66086878497928,31.991310119628903,33.333662969641416,35.76538775588079,33.16059931241401,-0.7628276392931189
2022-07-15,32.46008419205556,32.49082067900614,31.929839484414167,32.267967224121094,33.23216813673472,35.62823400953727,36.03041495093757,-0.7563018900155761
2022-07-18,32.529240527977116,32.79820306179769,32.321753888399066,32.483131408691406,33.1608313054925,35.50489665264136,38.25098423626803,0.7387839073633502
2022-07-19,32.78283079841235,33.082532721714266,32.73672168272301,33.013370513916016,33.14678742058045,35.407189745240366,43.459751611340195,3.1948063097922565
2022-07-20,32.967273449492694,33.036435676423416,32.437028732533065,32.52156066894531,33.08724201566282,35.29402782067978,40.08245371216373,0.7858984207553411
2022-07-21,32.31407281019262,32.88274031439,32.28333339235012,32.86737060546875,33.06630188135862,35.19886479263229,43.41233562512555,1.1828884104274937
2022-07-22,32.96726960944378,33.26697158074331,32.91347709826038,33.113277435302734,33.07077574363901,35.11707705312917,45.72234475746583,0.3026256326799632
2022-07-25,33.24392021355534,33.71268610369763,33.1824443056447,33.681949615478516,33.1289827790523,35.06079754577032,50.731215776218605,3.5680604579387643
2022-07-26,33.67426035718724,34.01238514987986,33.67426035718724,33.920169830322266,33.204333926792295,35.0160670471253,52.700361707967915,3.2031744720045907
2022-07-27,33.797216558645715,33.96628042805593,33.48214484931813,33.86637878417969,33.26738581797205,34.970981232892136,52.193096377230454,2.274318361715704
2022-07-28,33.812583923339844,34.19681783155961,33.60509726112452,33.812583923339844,33.31930944705469,34.9255538874195,51.657581993746135,0.38784663403597996
2022-07-29,33.58972287266716,33.90479451624679,33.48982418110968,33.704994201660156,33.35604132844569,34.87768880170344,50.540683091104654,-0.634358936698947
2022-08-01,33.589730173663355,34.02775662869061,33.589730173663355,33.851009368896484,33.40318114182196,34.837426863161994,52.055737746810316,-0.04538251751434016
2022-08-02,33.88943336971527,33.95859559828499,33.24392021355534,33.681949615478516,33.429730520265444,34.7921140299195,50.14061426681656,-0.38634819556382693
2022-08-03,33.812583050307175,34.11228502194483,33.59741300533081,33.98933029174805,33.48302573659712,34.76063231469709,53.49093797052439,0.843602251899766
2022-08-04,33.92017158631125,34.11228855536056,33.67426210044591,34.004703521728516,33.53270933518106,34.730988048306166,53.65865675650854,0.45403122594403617
2022-08-05,33.943223514718,33.943223514718,33.64352152236547,33.88943099975586,33.56668282704533,34.69798581110812,52.140336748787135,0.6160017060948153
2022-08-08,34.10460605227864,34.23524418751866,33.96628159645251,33.981651306152344,33.60620363457933,34.669894261894164,53.27932200936842,-0.022592341566575184
2022-08-09,34.135342540205926,34.15839857049187,33.82027082004028,33.981651306152344,33.64196055568152,34.64290434206115,53.27932200936843,-0.06779125588153369
2022-08-10,34.158392122748474,34.419671275381795,34.07386020109183,34.381248474121094,33.71236892886624,34.63264332763213,58.27002574814211,1.45124146336
2022-08-11,34.52725982723862,34.9191771305867,34.435044508475336,34.68095397949219,33.80461512416395,34.634537862999196,61.58451051271411,2.0578831412269705
2022-08-12,34.73474619964618,34.87307064235871,34.588735437076224,34.69632339477539,33.88953972136504,34.63696082502963,61.75228299715162,2.1031117122129266
2022-08-15,34.69631637122583,34.85769387789888,34.29671283222242,34.79621505737305,33.975889753365806,34.6432060890431,62.88677043663097,1.2069561219229725
2022-08-16,34.79621426188757,35.2572966108759,34.727052056112896,35.14971160888672,34.08768231103446,34.66306905060559,66.65599926975412,1.3516284173489594
2022-08-17,35.06518524274702,35.08823833782653,34.79621976377452,34.92686080932617,34.167604072776534,34.67341382545738,62.35648790047394,0.6644433530542196
2022-08-18,34.99602362117689,35.08055554653516,34.80390667498879,35.0498161315918,34.25162426885418,34.68817470020775,63.74597311507065,0.728817987245466
2022-08-19,34.996022733660084,35.2573018911086,34.82695888723107,34.942230224609375,34.31739626464039,34.69813766194899,61.60327812827868,-0.5902790514642154
2022-08-22,34.85770005532834,35.11129290625998,34.819277251426215,34.873069763183594,34.37031755021593,34.70499774435035,60.20237406099155,-0.15401053772406262
2022-08-23,34.7962215178534,35.04981730239936,34.68095310517327,34.988338470458984,34.429176685477174,34.71610914537422,61.76309593896491,-0.1754008092424777
2022-08-24,34.965283922175175,35.22656308412723,34.88843831691302,35.195823669433594,34.502190683949216,34.73492147965106,64.46450934777107,0.7257505980417245
2022-08-25,35.27267572027713,35.71838555185186,35.16508775813074,35.64922332763672,34.611431888109934,34.77077645408187,69.5303802129385,2.225653117789276
2022-08-26,35.73374665039572,35.81827856312028,35.23424149237148,35.25729751586914,34.67294290027748,34.78985571140686,61.38417107239718,0.7687105394765777
2022-08-29,35.203504102497604,35.387934696877096,35.02675689477083,35.12665557861328,34.716153631547556,34.80306354933652,58.90669736276285,-0.19652357470009346
2022-08-30,35.1420332057237,35.203512038690796,34.57336865813858,34.67326736450195,34.71206922516226,34.79797350287242,51.18569691363869,-2.7376640275306228
2022-08-31,34.71937648922728,34.98833905477806,34.58873543490825,34.67326736450195,34.70837380986128,34.793083066073585,51.185696913638694,-1.656480197055144
2022-09-01,34.581054667547484,34.95760521933083,34.41199079554611,34.865386962890625,34.72332744348312,34.795918513007585,54.13973617132544,-0.7437901827514959
2022-09-02,35.1036053370568,35.28803594640922,34.45040895410348,34.58104705810547,34.70977693059001,34.7874921814428,49.377118306879495,-0.26596947275553945
2022-09-06,34.73474589683577,35.2649876349632,34.19681783891792,34.2506103515625,34.666046780206436,34.76643799203573,44.48011235571669,-1.2189708241114996
2022-09-07,34.31208948125904,34.557998950185265,33.90479954152888,34.54262924194336,34.65429272894328,34.75766117830662,49.26850642886465,-0.9257253369675676
2022-09-08,34.581052048690914,34.83464783748792,34.3274562598939,34.69632339477539,34.65829564949872,34.75525577503089,51.63291384466535,0.33335120384361583
2022-09-09,34.76548066511782,35.24192982690229,34.61178653605041,35.019073486328125,34.69265544348247,34.76560156763078,56.24469885746065,2.243648001824785
2022-09-12,35.01139508507124,35.10361040305556,34.65021427004718,34.69632339477539,34.693004772177034,34.762884776538414,51.00707580808901,0.44494051612437263
2022-09-13,34.60410666781536,34.634846085653294,32.99800872918621,33.02106475830078,34.533772389903106,34.694578109156545,33.54540338443888,-4.828346270045637
2022-09-14,33.07605592956865,33.1546231841512,32.53395535960353,32.80893325805664,34.36950199639392,34.62063125225067,32.04923307256824,-6.311247009816951
2022-09-15,32.72251128696756,33.099625089203755,32.65965748807782,33.00534439086914,34.23958222443918,34.55728666945139,34.94251596104584,-4.873654723200094
2022-09-16,33.005345049314556,33.31960805596454,32.84821654302372,33.2253303527832,34.142986808090996,34.50505308840558,38.120535988614115,0.6185917867202447
2022-09-19,32.9660679831341,33.79100475592793,32.9660679831341,33.712440490722656,34.10198239691306,34.47397024143763,44.57662112462945,2.7538451968539643
2022-09-20,33.5553044049561,33.83028528988899,33.46102670011,33.72029113769531,34.06563084841613,34.444414198153616,44.676803870556085,2.1661544820115872
2022-09-21,33.90885740174668,34.38810725773642,33.78315276714567,33.79100799560547,34.03947629100559,34.41879042550467,45.63017081882864,1.7025493405662413
2022-09-22,34.003128817089674,34.30953361974289,33.8774242058208,33.99527359008789,34.03526650996581,34.40218192215499,48.39640979915668,0.8389576525706212
2022-09-23,33.58673244548269,33.64958624886941,32.0861323555191,32.7460823059082,33.91248706196032,34.337236839164916,36.24978597921232,-2.8890878427145568
2022-09-26,32.67537053460987,32.981775307831334,32.31397018655552,32.581092834472656,33.7856876117234,34.26836844682404,35.00031448652705,-3.5805832169616316
2022-09-27,32.87963233494666,33.264604273272006,31.98398688308643,32.04684066772461,33.62008314086637,34.18124971038877,31.24476945407019,-5.731481810846176
2022-09-28,32.251122285893395,32.683231737324846,31.905435324155153,32.533958435058594,33.5166426926942,34.116650052532684,37.79830430445924,-0.647783966545937
2022-09-29,32.41610698201977,32.48681601482078,32.14898430221975,32.34539794921875,33.40509557426797,34.04718918573606,36.35379281737737,-0.7234100048495844
2022-09-30,32.518241219044484,32.59680847196078,31.701159770920484,31.7247314453125,33.24506089531983,33.9561124116018,32.016534334938356,-1.0051200545847123
2022-10-03,32.09398840293166,32.6596606597368,32.00756891661699,32.50252914428711,33.17434358569767,33.899109146216915,41.444655346381424,-0.09660457037289434
2022-10-04,32.74607956392403,33.413884685300836,32.64394364049008,33.390316009521484,33.1949123879666,33.87915647418964,49.97280386961502,3.2304999367861313
2022-10-05,33.2174779831983,33.924568374254946,33.13891371620742,33.704586029052734,33.243452734736714,33.87231057438035,52.60431917562521,6.240729215164936
2022-10-06,33.63386958111392,33.85385187785866,33.406029061180284,33.77528762817383,33.29410367696882,33.86850575296049,53.20073578623319,3.9158752176995693
2022-10-07,33.72815757615976,34.04242066490056,33.25676594008349,33.6417350769043,33.32721142934363,33.85961278527201,51.8728560009511,0.7529700147525366
2022-10-10,33.798852028657514,34.37237937050998,33.79099380646256,34.14453887939453,33.405052138872286,33.870786357590546,56.29565113358554,1.3053204390718984
2022-10-11,34.74163996980646,35.41730326139089,34.52951291335317,34.843772888183594,33.54207316261622,33.90894269212361,61.583009489055804,3.163511949246831
2022-10-12,34.82021119420198,35.59015233287205,34.7730708398626,35.158042907714844,33.695975043101804,33.95792701430366,63.70815296658014,4.507222434705877
2022-10-13,35.09518850658297,36.10868362992888,34.85949273295318,36.053688049316406,33.920519138931766,34.04011372155906,68.97545313669247,5.5913748803736345
2022-10-14,36.14011063549922,36.60364695700982,35.50372934755045,35.53515625,34.074294101890644,34.09874284032145,63.25176757731785,1.9842379412674678
2022-10-17,35.786564852165945,35.975123266544415,34.89091912719543,35.0323371887207,34.16553630063636,34.13535438339593,58.20768109476353,-0.3575446998688218
2022-10-18,35.50372912833171,35.67657409370265,35.03233758263653,35.17375564575195,34.26155719064737,34.17607600152754,59.193325157263125,-2.4406168998878246
2022-10-19,35.260174045390684,35.370165193513884,34.90662892854183,35.095184326171875,34.34095025117352,34.212119465239084,58.36965486543336,-1.2381313894690558
2022-10-20,35.260177802234566,35.31517338215575,34.191687111707104,34.223114013671875,34.32972775236384,34.21255062400115,50.04586671034582,-2.3099320227751523
2022-10-21,34.17597409642145,34.98519735160755,34.089551613433734,34.94591522216797,34.38841227329756,34.241310020007695,55.68643238514016,-0.647756884077579
2022-10-24,35.236610826647556,35.72371888096264,35.2287555986259,35.676578521728516,34.51109477314813,34.29759505929086,60.537317033981665,1.6566210057573962
2022-10-25,35.61372235953808,36.00654963640728,35.44087739866466,35.93584060668945,34.64678485253302,34.36183998271826,62.121773346191944,5.004590150193103
2022-10-26,36.11654429812113,36.67435836610148,36.05369048914807,36.3836669921875,34.81220219916678,34.441127316422936,64.7542005972734,4.1142198190519625
2022-10-27,35.46444684791866,36.58793312397394,35.448733396857854,35.68442916870117,34.89527143436053,34.489884251806394,57.978787408782196,0.02200504448002176
2022-10-28,36.06154871378698,36.74506740267889,35.79442601972062,36.3836669921875,35.03702339224881,34.56415024162526,62.234283983788664,1.2461831362160596
2022-10-31,36.25796379598375,36.42295055546911,36.069405358689984,36.35224151611328,35.16228226118829,34.634271468075774,61.93073447660512,-0.08637248158896847
2022-11-01,36.47008532718517,36.66649897844411,36.147967059001864,36.25010299682617,35.26588423601094,34.69763741037971,60.89118153585183,1.5852119294124867
2022-11-02,36.01440673070748,36.14796657319203,35.20518345744718,35.22875213623047,35.26234784555566,34.71846543884445,51.56933413004642,-3.1742673332103135
2022-11-03,34.93805789784599,35.48801367105643,34.81235329296443,35.28374481201172,35.26438565188481,34.74063325740003,51.995466395313436,-2.9392869862727635
2022-11-04,35.55872172019847,35.90441162188654,35.35445286677434,35.74728012084961,35.31037560131003,34.780109604986286,55.54602914108964,-1.3870936477631153
2022-11-07,35.85726757703355,36.13224842476731,34.96947723514911,36.04582595825195,35.380418492447355,34.82974554040847,57.71528713041278,2.319337962530831
2022-11-08,36.09297023105457,36.25795997016546,35.63729213431452,36.061546325683594,35.445287809898424,34.87805145355651,57.83197353991306,2.2044188274683543
2022-11-09,35.99869329432103,36.02226197311424,35.44873447854883,35.51944351196289,35.45235025771409,34.903204083297936,52.45624037302795,-0.637353689893271
2022-11-10,35.378020207773716,35.53515170288038,34.35666998513139,34.741641998291016,35.38466375681665,34.89686831525845,45.86824056093851,-3.618127550944276
2022-11-11,34.600228851588284,34.930202340704,33.979561006402726,34.86735153198242,35.33539592588006,34.89571079434567,47.02622168967411,-3.311546274017229
2022-11-14,35.016622334290204,35.26017631871851,34.52951736246779,34.53737258911133,35.25939370333065,34.881658315709025,44.3446275654583,-2.764882626949948
2022-11-15,34.843778267123426,34.97734109974606,33.92456387762443,34.30167770385742,35.168182655761775,34.85891397798935,42.48125822895781,-1.266388889895406
2022-11-16,34.38024181353713,34.45880906681307,33.95599063398415,34.238826751708984,35.07967256966151,34.834596831860715,41.97474316410563,-1.8026169257418847
2022-11-17,34.113114738571056,34.36452691953377,34.010981818060756,34.30952835083008,35.006325501201374,34.814005911035984,42.80094453530673,-0.6597034493384796
2022-11-18,34.58451880978966,34.804501157554554,34.380246917978205,34.72593688964844,34.97962182391062,34.81055222392275,47.53880325963076,1.236846749753308
2022-11-21,34.906635287583995,35.220898336929636,34.623799142579834,35.19732666015625,35.00035561783878,34.825719848873085,52.35048550769243,2.799453133712952
2022-11-22,35.3544551499807,35.535155338880934,35.213037089618034,35.480159759521484,35.04605125037999,34.85138415909459,55.01640870307992,3.4119717319375047
2022-11-23,35.51944005813049,35.5980073081922,35.06376199590913,35.37016677856445,35.076919395921365,34.871728575544395,53.756782055171115,1.8551836080427138
2022-11-25,35.35444581463181,35.472295166160656,35.079467990442524,35.150177001953125,35.08389631078153,34.88264812167807,51.2303970565096,-0.13395806635649665
2022-11-28,35.15018326158317,35.62942998379657,35.13446981211214,35.4723014831543,35.12088727957894,34.90577178291244,54.595303287130506,-0.02214836804695798
2022-11-29,35.558723928023916,36.01440500962063,35.47230444427026,35.99869155883789,35.20448768712741,34.94863138196834,59.511447771272834,1.7769912825357252
2022-11-30,36.0222566416256,36.59578704833984,35.50372480567948,36.59578704833984,35.33699238819526,35.013225721826046,64.24109598720881,4.112667900097305
2022-12-01,36.705782902638106,37.051469838585405,36.572220065703995,36.93362045288086,35.4890522038796,35.088535319122315,66.617186656568,4.119605744838798
2022-12-02,36.74506713446465,37.44429927049589,36.74506713446465,37.42073059082031,35.67302157406443,35.17999395722812,69.73941975064481,3.950251996404305
2022-12-05,36.97290977557756,37.64071504493512,36.949338097540846,37.075042724609375,35.806547397925854,35.25430959516464,65.08700596732945,1.3095924829721068
2022-12-06,37.067185432298075,37.232172184193175,36.10083060358235,36.30509948730469,35.854028549295265,35.29551704191523,56.10878794162205,-1.7017583379837506
2022-12-07,36.49365519546727,36.58793290423151,36.250101201039136,36.43080139160156,35.90895929618158,35.340037996804895,57.14807149942858,-2.6454031858522553
2022-12-08,36.430800958736434,36.91790894180495,36.29724112266023,36.815773010253906,35.99532250704561,35.39790995811662,60.25220945734856,-0.6993106286655005
2022-12-09,36.7529173293317,36.902193605595,36.64292617652767,36.69792175292969,36.06223672093933,35.44889081281517,58.846860640235406,1.0820030000533774
2022-12-12,36.80005899424347,36.925763601516195,36.391518271348545,36.89433670043945,36.14148433803458,35.50557496527103,60.50045231141859,1.2723719795654838
2022-12-13,37.075035818340865,37.122176168598365,36.69792200738333,36.7764892578125,36.20196099706105,35.55541474144913,58.969426474249204,-0.10670359258914641
2022-12-14,36.95719166467186,37.33430549834798,36.73720634725171,37.02790069580078,36.28062192075055,35.6131592886786,61.22386290302166,0.8991761034662697
2022-12-15,36.91790914049812,37.02790029951386,36.3836637992494,36.88648223876953,36.33832290341902,35.6630935220155,59.25172557045212,-0.021289071365330495
2022-12-16,36.792209056910295,36.80791951267303,36.07726044128416,36.580081939697266,36.361347573540755,35.69905385212067,55.10970468798641,-0.5340567359172578
2022-12-19,36.65078676076888,36.90219598252437,36.10082796429088,36.43865966796875,36.36871063015295,35.728058001761774,53.25908042097718,-1.5913433296499448
2022-12-20,36.5722203660352,36.61150249591451,36.20296474872841,36.48579788208008,36.37986179700315,35.75777329118602,53.81578365809078,-1.0862634015783534
2022-12-21,36.574006220263826,36.694287236452574,36.40561096222891,36.55796813964844,36.39682430582651,35.789153481321804,54.70527943968115,-0.060453117861471735
2022-12-22,36.54192428760439,36.71834008755945,36.26928307810594,36.71031951904297,36.42668099279951,35.82527763966381,56.60530638156788,0.745526464336503
2022-12-23,36.71032717501111,37.07919692993164,36.49381766417229,37.07919692993164,36.48882536776448,35.87445094516451,60.88378488199574,1.6263836404767489
2022-12-27,37.16739099337042,37.32776870210527,37.047110006032064,37.271636962890625,36.563378853014584,35.92924255370279,62.93680689015562,1.9521566967727286
2022-12-28,37.399947015006944,37.520231088623085,36.75843909327333,36.766456604003906,36.58271959120404,35.962074477244016,54.80490832709219,0.15291908568602125
2022-12-29,36.8065484234951,37.01503732313368,36.70230244420049,36.78248977661133,36.60174532314759,35.99424762623882,55.003619607336866,-0.8001984343970513
2022-12-30,36.774474127127846,36.87872011169557,36.42164250519117,36.65419006347656,36.606740060321776,36.02012772181677,52.995626663313075,-1.6566133116954893
2023-01-03,36.6702262881228,36.79051034569124,36.293339096095615,36.5018310546875,36.59674872645184,36.03901804859601,50.63176989526617,-0.7197472200451002
2023-01-04,36.421648950694205,36.798536228478184,36.23721559702051,36.413631439208984,36.579308984809664,36.05370876979652,49.26191166389452,-1.0028095967470032
2023-01-05,36.3574942453951,36.485795822633136,36.07683550110905,36.38154983520508,36.560474780085414,36.066565282165485,48.74530574347814,-0.7438173583956832
2023-01-06,36.85466002183202,37.48013284581893,36.75843461004583,37.24758529663086,36.62591387689927,36.112879792536674,60.72041096396601,2.0430598147968553
2023-01-09,37.247588060490266,37.36786906941045,36.830607166541576,36.87070083618164,36.649226920640444,36.14259826483648,54.72786422520532,1.2552150909082338
2023-01-10,37.207496145404846,37.31975964927128,36.75843907098803,36.87872314453125,36.67108370386814,36.17146590717745,54.83005274633541,1.3665534084671558
2023-01-11,37.03107660876173,37.239565515197846,36.46173857681047,36.74239730834961,36.67787547572352,36.19385537389008,52.654978562178755,-1.3562972854697928
2023-01-12,36.80654809251213,36.83060368022893,36.365508591366606,36.40560531616211,36.651944984336716,36.20215929319487,47.62821994947201,-1.2614230526454429
2023-01-13,36.33343723041994,36.60607845372538,36.197115089291835,36.5820198059082,36.645285443534,36.217055783889506,50.30444899638096,-0.8045379918936946
2023-01-17,36.70230454812929,36.91881402879056,36.1089078538409,36.21315383911133,36.604130052636606,36.21690276644723,45.11344937758535,-1.440416271145193
2023-01-18,36.20513337844568,36.24522704368199,34.79381311410305,35.29098129272461,36.47906826597832,36.180592120418886,35.30484540837119,-3.0616824353217593
2023-01-19,35.411270750775955,36.03674058896426,35.379194590112185,35.71598815917969,36.406393970092736,36.16237235723304,41.6062317641087,-2.367369684132768
2023-01-20,35.80419104984854,36.09286727848134,35.61975468137532,36.03673553466797,36.371188404814184,36.1574454230148,45.88970541542989,-0.48716636288337345
2023-01-23,36.10891553732696,36.35750122926722,35.89240601059541,35.93250274658203,36.32940881831588,36.14862414158606,44.74112237537603,1.8178056556043523
2023-01-24,34.25655709938357,36.83060938833612,34.25655709938357,35.90843963623047,36.28931651526013,36.13920514137604,44.46443331879053,0.53883845014468
2023-01-25,35.88438120058108,37.68060632058206,35.60372245946414,36.02872085571289,36.26449788101754,36.13487242429121,46.25365753021451,-0.02224030239189636
2023-01-26,35.900419099209664,35.92447468862692,35.37919222952952,35.5155143737793,36.19316611842342,36.11058387329074,40.28931668617606,-1.1604768411028623
2023-01-27,35.57966265763375,35.72400230808668,35.32305951437314,35.39522933959961,36.11717213948782,36.08253075432246,39.01932671555982,-1.4292191524608788
2023-01-30,35.44334150479617,35.956547761326156,35.403247839558,35.68390655517578,36.07590875050572,36.0668984327873,43.61314543935681,-0.9570539623596821
2023-01-31,35.80419698818247,36.12494942617889,35.571649405843054,36.1169319152832,36.079815718579766,36.06886053014008,49.730601195192,1.693393864929987
2023-02-01,36.92683214800122,38.241924073901494,36.49381317953623,38.12164306640625,36.27427546599181,36.149361806072086,67.37657631256423,7.7027717510969005
2023-02-02,37.97730092156412,38.097581921177245,37.39192482505171,37.66456604003906,36.40668409209155,36.20878157995315,62.03011047271651,5.550567962060746
2023-02-03,37.68862108573717,37.74475282987222,37.23154656409428,37.616451263427734,36.52190001317119,36.26398431263843,61.477085312426595,4.15184587567361
2023-02-06,37.696641215133745,37.873057028361686,37.56833963977275,37.65654754638672,36.62996168300124,36.318594635530516,61.78286650405668,-1.220030099986391
2023-02-07,37.44004311190409,37.536271600611045,37.08721449683235,37.33580017089844,36.697184396134304,36.3584850486822,57.82849727951919,-0.8728784205057153
2023-02-08,37.151370093076224,37.33580345757336,37.07920024966851,37.287689208984375,36.753422949739075,36.39492442751758,57.23673183235886,-0.8739847683691402
2023-02-09,37.375886536615454,37.45607386924026,36.934850089277695,37.15135955810547,36.7913216743454,36.42458855028573,55.50349080565447,-1.3415674595737723
2023-02-10,37.28768763703012,37.92919562974788,37.19947971447804,37.88108444213867,36.89510860461142,36.48170603624075,62.11635245809651,1.4604863662872791
2023-02-13,38.02541295293393,38.42635574522864,37.94522561805529,38.37022399902344,37.03559578503162,36.55576556419302,65.7867731571433,2.903196237159766
2023-02-14,38.37022742169837,38.39428607146862,37.92117341200056,38.01739883422851,37.12910083733608,36.613084515959116,61.182089360070556,2.3311105876718643
2023-02-15,37.83295932090127,38.21786400589522,37.83295932090127,38.20984649658203,37.23202899535951,36.67570263284629,62.715055286318204,0.867879204845695
2023-02-16,38.00938034057617,38.20183118005477,37.72871853282273,38.00938034057617,37.30606245680871,36.72800371942393,60.054577907042486,-0.9404262494179066
2023-02-17,38.08956773535856,38.57871846307638,37.897113836652025,38.5466423034668,37.42421291839519,36.799322879582476,64.41192336931972,1.3921085751973918
2023-02-21,38.48249387193793,38.54664313358764,37.512209906033696,38.04145431518555,37.48299781332761,36.8480339162728,58.0047012770657,-0.4407036322732872
2023-02-22,38.009376202338025,38.46645072002476,37.71267634710582,37.80088424682617,37.513272711756045,36.88540059590234,55.18935334072772,-0.5485385236007756
2023-02-23,37.84900498058627,38.24994782347606,37.75277955479904,38.09758758544922,37.56892174734587,36.932937340590456,57.90318934230977,-1.164964549914095
2023-02-24,37.88909586091178,38.00135935921567,37.64853078469618,37.82494354248047,37.59330477545392,36.96791797595869,54.6291414578316,-0.5691443100761016
2023-02-27,37.92116586184866,38.009373755891566,37.26361999946563,37.31975173950195,37.56725210536326,36.98171537845059,49.090251192544784,-1.2728075464653066
2023-02-28,37.2876876969893,37.504197218433085,36.89476233015768,37.2315559387207,37.53528104187349,36.99151304748079,48.1719836952397,-2.2731928754966177
2023-03-01,37.11929018212566,37.23957120303483,36.822590267523694,37.00702667236328,37.48497110192014,36.99212142492716,45.82203663188118,-2.1623743316327775
2023-03-02,36.90277145321183,37.31173171644204,36.806546048737154,37.25559997558594,37.46312623274545,37.00245391710986,48.799872784170276,-0.17189761701472603
2023-03-03,37.207494131998104,37.45607671740767,37.015040236533416,37.311737060546875,37.44870821634559,37.01458266783288,49.475274473920315,0.2153579666617794
2023-03-06,37.30372240424702,37.87306050600573,37.24759065105679,37.84098434448242,37.486067847596715,37.0469905767211,55.44289904193969,2.2535116898271035
2023-03-07,37.897112089392856,37.92117073746629,37.07919146971565,37.32777404785156,37.470992247620984,37.05800169323602,49.355216484273846,0.19372677480143005
2023-03-08,37.399946251524376,37.58437958407333,37.343814500703004,37.52824783325195,37.47644516053822,37.07644271833469,51.591242814676704,0.5802752424893529
2023-03-09,37.7607956270876,38.02541630265862,37.45607822159433,37.48013687133789,37.47679675204295,37.09227386158972,51.00919084766973,-0.9535890236352857
2023-03-10,37.49617365773624,37.89711650422549,37.295702234491614,37.37589263916016,37.4671868365303,37.10339616659248,49.700787286292346,0.12890827952107786
2023-03-13,37.271640555834225,37.929186471978426,37.247584967837696,37.4320182800293,37.46383745019688,37.116283308295884,50.43790508801408,-0.2564189877721707
2023-03-14,37.528248052922976,37.56834172389422,37.11928771469468,37.48013687133789,37.46538977601983,37.130552075474,51.09954979830198,0.0
2023-03-15,37.25560431453498,37.61645344702913,36.87069959285815,37.58437728881836,37.47672192009588,37.148349142663974,52.57653582115867,0.5578051383841964
2023-03-16,37.50419308142344,37.50419308142344,36.62211701073562,37.0230598449707,37.4335160081792,37.14343583687208,44.74011570053345,-1.0925364269678746
2023-03-17,37.14334301592084,37.231550926740525,36.18107962535767,36.34145736694336,37.329510423299595,37.111985700796446,37.44226237245494,-3.038087903209637
2023-03-20,36.63815747807067,37.08721458289138,36.493817803626555,36.942874908447266,37.292687993313656,37.10535390501805,45.83738870520135,-1.7068325369380155
2023-03-21,37.25560423595639,37.35985022044612,36.81456776781634,37.047115325927734,37.26930012022928,37.10307003917137,47.16095558467193,0.06497431886440634
2023-03-22,37.16739951529641,37.191458165440665,36.181080510011995,36.20513916015625,37.167951457365184,37.06785706352372,38.89350326406046,-0.37510385291016457
2023-03-23,36.35254498994455,36.36073609407415,35.41895905458704,35.59093475341797,37.017759390322595,37.00993854155879,34.18557529938166,-3.659542356624134
2023-03-24,35.7055861322148,36.02497359762654,35.549989513673935,36.00859451293945,36.92164844961944,36.9706701482796,39.54456005100687,-2.8032433938559955
2023-03-27,36.13142831635496,36.33616216263256,36.07410308931647,36.27064895629883,36.859648497874616,36.943218336829375,42.69731338300616,0.18094060031861897
2023-03-28,36.27065099654358,36.63917256537094,36.19694668277811,36.32797622680664,36.80901304348719,36.91909119525986,43.392787223125154,2.0708685469911416
2023-03-29,36.54909066413879,36.59822479266644,36.278840461273205,36.459007263183594,36.77567915964875,36.901048688119616,45.03485393110526,1.2508479054418182
2023-03-30,36.55727741448732,36.7128771468997,36.31978538795636,36.442626953125,36.74395990188459,36.88307136517865,44.85966459289445,0.4741519707391556
2023-03-31,36.54909610408031,36.62280043183277,36.38530836196472,36.5409049987793,36.724621339684084,36.869653076300246,46.211632413004736,0.5861289124482931
2023-04-03,36.622798197290955,37.1223493744673,36.524523683623016,36.83572006225586,36.73520217040521,36.86832236986714,50.15945456102188,1.0332502921786113
2023-04-04,36.75382632430036,36.77839338976333,36.22970810115023,36.40168380737305,36.7034385167831,36.85002281839678,44.93096783690077,-0.11234960038588053
2023-04-05,36.40986674467733,36.60641261313028,36.18875381416424,36.38529968261719,36.67313958019587,36.83179838169954,44.74137824804909,-0.42583870368647847
2023-04-06,36.36073262055704,36.54089628231576,36.246079041631646,36.38529968261719,36.64572625661695,36.81428862879435,44.74137824804908,-1.2227815253167815
2023-04-10,36.36892263882197,36.52451924724358,36.28703034470339,36.442626953125,36.626383465808196,36.79971366112105,45.671634790337734,0.11247596668498126
2023-04-11,36.56546606525345,37.02406787993685,36.56546606525345,36.92579650878906,36.654898993711136,36.804658086519794,52.87272129228587,1.4854813094478743
2023-04-12,36.86028469369022,36.99131424593386,36.60641669346308,36.7128791809082,36.660420916301334,36.801058913750715,49.74371974709491,0.9003072701020362
2023-04-13,36.65554348669006,36.86846841896476,36.43443369977526,36.82752227783203,36.67633533168521,36.802096692734295,51.41109299622488,1.056167891524697
2023-04-14,36.96674278551477,37.16328865250493,36.712874815474414,36.87665939331055,36.695413813744764,36.80502072020788,52.143960849085296,-0.1330698864324295
2023-04-17,37.00769137213732,37.228804315596186,36.94217816147772,37.212425231933594,36.744652996429416,36.820997367726534,56.92503033516689,1.360683395502169
2023-04-18,37.22062207735297,37.810253560208096,37.179675923875585,37.78568649291992,36.84379904371423,36.85882831381255,63.609631858165606,2.6017612802169108
2023-04-19,37.916711386900445,38.05593204036034,37.77749385743143,38.0477409362793,36.95846017633947,36.905452338223014,66.19241701955463,3.175671447021541
2023-04-20,37.81024730019029,37.933088864275554,37.43353775218188,37.662841796875,37.0255441402,36.93515388562113,59.511406666311565,1.210392932291025
2023-04-21,37.81024879338534,37.875765129882375,37.417160146375736,37.79387283325195,37.09871830144304,36.9688291384694,60.95617489652869,0.021665188836955927
2023-04-24,37.91670988323421,38.2197151184082,37.79387144280783,38.2197151184082,37.20547990305877,37.017883490623866,65.29095835996137,0.4519957766137052
2023-04-25,38.25248073061408,38.6701396317296,38.146021352988946,38.48178482055664,37.32703275234429,37.07529138591535,67.66985420170352,2.1744058191317652
2023-04-26,38.350749016796335,38.7602167460007,38.21971634441971,38.2360954284668,37.41361015007024,37.12081311307423,63.29035350118744,1.1700907106449427
2023-04-27,37.630086764690645,38.85029890749594,37.18786084593298,38.645565032958984,37.53093918653583,37.180607306010884,67.11070931411068,1.1142153028390163
2023-04-28,38.874872057525465,39.079605947655274,38.34256269359147,38.90762710571289,37.662052321695555,37.248333572665864,69.31191480791058,1.1066074173585854
2023-05-01,38.94038360736021,39.34166338935599,38.82573313364458,39.12873840332031,37.80173671042172,37.322074938573884,71.07116829555983,2.334555777337407
2023-05-02,39.0632216878778,39.0714096678424,38.10506558449684,38.63737487792969,37.88132129780343,37.37365532835254,62.49695726211541,-0.021193001117494017
2023-05-03,38.686514791993645,38.7929741588138,38.08868912173992,38.10506820678711,37.90263052723045,37.40233818633037,54.785911464904004,-2.062728977907624
2023-05-04,37.99860930273393,38.09688069022282,37.31889132295735,37.777496337890625,37.89071298538856,37.41705027070528,50.644784824773566,-3.4533238754128255
2023-05-05,37.802060635187246,38.37531608087152,37.7447354030179,38.2360954284668,37.92360655139601,37.44916968865672,55.693995397013154,-1.0385784508670337
2023-05-08,38.24428613307363,38.34255751233892,38.10506548212288,38.17058181762695,37.94712800532277,37.47746036038104,54.83101731081145,0.17192886385694686
2023-05-09,38.137830758658254,38.21972306931202,37.79387930512275,38.031368255615234,37.955150886303,37.499182238625515,52.953346324231006,0.6720189063190437
2023-05-10,37.90032918172872,38.04773780314004,37.25337259219083,37.62189102172851,37.92341185158162,37.50399434776681,47.771387628143586,-1.6063470912906364
2023-05-11,37.384407577600605,37.425353728627144,37.0322650555884,37.40078353881836,37.873637726556545,37.49994686506295,45.199272830253605,-2.016731844661339
2023-05-12,37.30251215155644,37.50724603068024,37.09777827243265,37.40078353881836,37.828603994391,37.49605810717101,45.1992728302536,-1.6580647652711542
2023-05-15,37.44991698702526,37.59732561492709,37.17147881476523,37.310699462890625,37.779279753295725,37.48878914072864,44.07788158957796,-0.8271555479711399
2023-05-16,37.17966760191063,37.44172667429845,36.917608529522816,36.92579650878906,37.69799563477128,37.46671099829964,39.561539830458884,-1.2699921902339473
2023-05-17,36.999505572700805,37.261564678764046,36.745634446956,37.13053512573242,37.64395177676758,37.453527630747985,42.9122889990065,-0.7225742017020741
2023-05-18,36.88485676207459,36.99131613095378,36.49995606599893,36.909423828125,37.57399673403972,37.432190226723556,40.31291606096138,-1.0754974860890383
2023-05-19,37.073207442292,37.24518313353614,36.86028248018814,37.097774505615234,37.52864223609453,37.41907588471931,43.455029298396084,0.4657394371580793
2023-05-22,37.10596562664166,37.277941317965784,36.737444056668,36.794769287109375,37.458749574286415,37.394593273048336,39.82304823533618,-0.904284943607916
2023-05-23,36.909419747992125,37.065016355762886,36.77020222377472,36.794769287109375,37.39551335646003,37.37107076379583,39.823048235336174,-0.31063758011919484
2023-05-24,36.81114959716797,36.99950437832121,36.688308028420224,36.81114959716797,37.33985966509888,37.349113070986895,40.136741545913274,-0.7726202239001727
2023-05-25,36.647353020997826,36.78657051619921,36.40986104495887,36.58183670043945,37.26766700179798,37.31902380155366,37.21223952366004,-0.5787034157176258
2023-05-26,36.65554947251034,36.81114920781046,36.51633194512689,36.532711029052734,37.19767119486986,37.288188006553625,36.59703375038002,-0.712216065310266
2023-05-30,36.45081603451057,36.46719511862743,35.795668289790584,36.29521942138672,37.11172340691909,37.249248062037275,33.6967095821794,-1.4015595313571587
2023-05-31,36.23789200696367,36.401679714279155,36.05772521651757,36.37710952758789,37.04176018031612,37.2150465508824,35.592138003409744,-0.5596415907927967
2023-06-01,36.54909052694508,36.79477054063376,36.33616555748826,36.50814437866211,36.99093962777764,37.18732489706984,38.61603711844761,-0.06724562644991856
2023-06-02,36.450815036265986,37.15510001404894,36.36073476207651,37.122344970703125,37.003454422341974,37.1847766646633,50.37648875275059,2.278882901115699
2023-06-05,37.09777494691935,37.20423742923773,36.45081519712498,36.55727767944336,36.96096139920877,37.160168861321345,42.33956122270366,0.49527891081844133
2023-06-06,36.6064123399675,36.70468371146536,36.43443665884861,36.57365417480469,36.92407499688457,37.137168285379516,42.62524690075101,0.17943885469256168
2023-06-07,36.62279723207561,37.09777820632099,36.5409018061774,36.933990478515625,36.92501932846848,37.1292005282476,48.653520243405055,-0.5073884538709744
2023-06-08,37.03226116068148,37.1714786843276,36.77020207288466,37.14691162109375,36.946151927766124,37.129895080908234,51.87140677888787,1.6129044039347318
2023-06-09,37.17967335098334,37.30251180291488,36.991315434837766,37.032264709472656,36.95435314507151,37.12606643889115,50.05248528756827,1.2539368707212801
2023-06-12,37.05683566035738,37.34346186890724,36.96675224510131,37.286136627197266,36.985951571940625,37.13234370117767,53.906903211407524,0.9534473370444031
2023-06-13,37.286128718041205,37.61370413603387,37.12234413303558,37.474483489990234,37.03247842127868,37.14576094779777,56.583762330425216,0.8818280029246732
2023-06-14,37.54138010787128,37.60826732029639,36.67182401977531,36.747074127197266,37.0052970599376,37.13012617051932,45.57534731310225,-0.7701138034975225
2023-06-15,36.889209702239114,37.03970990996459,36.81395959837638,36.9142951965332,36.99663021580385,37.12166221075516,48.076244633671664,-0.9972645714998367
2023-06-16,36.97281855415859,37.01462345394725,36.72198277640781,36.8474006652832,36.982417877659024,37.11090685603077,47.1429869113014,-1.6733594870614577
2023-06-20,36.813957463482105,36.855765555044485,36.34573745727539,36.34573745727539,36.9217816471463,37.080900212942325,40.75380137477331,-1.0921595241370183
2023-06-21,36.3457412841168,36.839046835102984,36.27885088218176,36.747074127197266,36.90514283572258,37.0678089938935,46.948336066701096,-0.4529981364824813
2023-06-22,36.87248120043006,36.956094185510295,36.52967593537424,36.58820343017578,36.87495813043241,37.04900093257124,44.94502024412205,-0.7034342461817984
2023-06-23,36.68018271670582,36.8641281274595,36.23704497935541,36.303932189941406,36.82057470752851,37.01978255050732,41.53020582428178,-0.11502110084608048
2023-06-26,36.37082090892018,37.03134922654151,36.31229340629648,37.00626373291016,36.83825937661248,37.01925240079763,51.36242164000905,0.7053339942541607
2023-06-27,36.922658043627585,37.10660346639185,36.77215782309501,37.07315826416016,36.86063069923607,37.021366356223616,52.187125106069395,1.3254404111693008
2023-06-28,36.922650471524264,37.215287957262326,36.63837268987469,37.20692825317383,36.893611418658715,37.02864329335892,53.87153445929642,2.487323021946949
2023-06-29,37.14003585425535,37.608258995628674,37.05642605985368,37.59989929199219,36.96087693040476,37.05104548938375,58.497128062549464,1.6041488634641496
2023-06-30,37.68351505074384,37.96779286201643,37.60826494806846,37.87582015991211,37.04801438083403,37.08338959411036,61.422250444506865,2.1650755784891023
2023-07-03,37.783846490003654,38.39420700073242,37.62498658376235,38.39420700073242,37.176223201776736,37.134794198291615,66.23687699079757,3.1910152310337967
2023-07-05,38.1768188844462,38.49454188054371,38.02631868574262,38.444374084472656,37.29699947631921,37.1861502722595,66.67039333516576,2.2459496125839897
2023-07-06,38.377486533683225,38.74537413302988,38.21026373779492,38.536346435546875,37.41503252005518,37.239099141408026,67.49442487610831,1.7439260004034678
2023-07-07,38.54470648710518,38.711929284499114,38.394206288401605,38.444374084472656,37.513065049999696,37.28636482544978,65.74395690232109,0.13066315900020378
2023-07-10,38.62831792871496,38.678482533261146,37.36578888914536,37.58317947387695,37.51974261417848,37.29800461558418,52.11462460018676,-2.240105688034942
2023-07-11,37.58317992901011,38.20190011564164,37.58317992901011,38.16009521484375,37.580728576146605,37.33181209006495,58.34459360236406,-0.9763541578400946
2023-07-12,38.24370857288624,38.42765077606373,38.10156808139824,38.201900482177734,37.639887805292425,37.36593320348114,58.76326239334873,-0.6307128365834282
2023-07-13,38.09320172094669,38.23533899808956,37.82564657261154,38.10992431640625,37.68465318730327,37.39510932555664,57.396436733333644,1.4015441213413646
2023-07-14,38.18518024325273,38.19354313771498,37.917625031635545,38.03468322753906,37.71798938161144,37.42019065504615,56.24391994524338,-0.32864694545076495
2023-07-17,37.89254307775645,38.03468357934203,37.7922106698494,37.94271087646485,37.73939142874033,37.44068164412139,54.795501214547286,-0.6784730666313389
2023-07-18,37.95942795680021,38.210260534852075,37.83401007301964,37.95106506347656,37.75955082252474,37.460696680174536,54.90909096087182,-0.4168448397083247
2023-07-19,38.12665309270947,38.23534839515611,37.91762538235578,37.94271087646485,37.7769946371857,37.479599197676116,54.76090305658124,-0.24181179720623766
2023-07-20,38.20190115091282,38.33567875079712,38.07648644512041,38.17681884765625,37.815073133420995,37.506941144734164,58.16792261244303,0.6170038085934759
2023-07-21,38.185179265614465,38.21862446358776,37.91762406084738,38.126651763916016,37.84474728870624,37.53124352195698,57.17423831997936,0.462666067858092
2023-07-24,38.10156946019086,38.36076496021944,38.10156946019086,38.126651763916016,37.87159533396431,37.554592864778904,57.17423831997935,0.4847858342279382
2023-07-25,38.04303915913531,38.12664895840658,37.75876137629986,38.00959396362305,37.88473806059847,37.572436045125734,54.64791273983457,-0.4380272874502989
2023-07-26,37.99287272286778,38.3273183109171,37.9092629206102,38.09320831298828,37.90459237034988,37.5928584870027,56.138766059425365,-0.08771672670031326
2023-07-27,38.176819560875956,38.41929246191789,38.10156946019086,38.126651763916016,37.925740884022844,37.61379155668558,56.75115467341315,0.0
2023-07-28,38.201902842667515,38.32732074352357,37.984515429294696,38.03468322753906,37.936116345310104,37.63029711240532,54.49775738761103,0.06600771357891173
2023-07-31,37.86745840655135,38.12665070990493,37.800568012453944,37.97615051269531,37.93992912315631,37.64385999084807,53.053899494937866,-0.3072930988935806
2023-08-01,38.19354139014381,38.636679091075635,37.55809539949596,37.77548599243164,37.924267872611104,37.64902179483174,48.32684241256444,-0.9210506436778872
2023-08-02,37.66679380015469,37.68351640018247,36.88085073590824,37.26546096801758,37.86152435788791,37.633980193780204,38.85164046384414,-2.022423204946079
2023-08-03,37.20692997894855,37.24873488034884,36.87248438872723,37.03970718383789,37.783256055597434,37.6106753698609,35.53090303427688,-2.4658721756023474
2023-08-04,37.01462588090594,37.20693098415028,36.72198518417876,36.788875579833984,37.68855315314377,37.578447927114745,32.23424032453295,-2.6117742410920264
2023-08-07,36.81395583644408,36.98117862677426,36.71362343804975,36.88920593261719,37.612424846426954,37.551418829291315,34.83855664803044,-1.0096615622796263
2023-08-08,36.78887591550791,37.04807141677246,36.56312561237613,36.98954391479492,37.55310285293819,37.52938451891891,37.42842801803544,-0.13543106265391122
2023-08-09,37.00626925808092,37.29054710877245,36.84740932574248,36.864131927490234,37.487486574324095,37.50329618200014,35.52772913935012,0.2045627828253119
2023-08-10,36.880847956819366,37.073153058383234,36.6467379530911,36.72198486328125,37.414581649462875,37.47265652244254,33.45403919943846,-0.4533062317507945
2023-08-11,36.69689938471109,36.72198168593758,36.471149105144754,36.5631217956543,37.33349023481444,37.436988493941044,31.258154945367828,-1.1528179966827503
2023-08-14,36.62165485487667,36.738709864395034,36.32065443639528,36.395904541015625,37.244196359214556,37.3961616722577,29.09344895134911,-1.2701435297475265
2023-08-15,36.27884670179637,36.27884670179637,35.961123708235775,36.01129150390625,37.12677684918519,37.341853038204704,24.833527514620304,-1.9353348192396613
2023-08-16,35.96948656309682,36.13670935897342,35.710291070012616,35.743736267089844,36.995058698509446,37.279181792278635,22.378728571468148,-2.241016325531156
2023-08-17,35.785540109104915,35.96112260429721,35.50126232138476,35.59323501586914,36.86155168111513,37.21306623241944,21.114379002857163,-2.2053841916250008
2023-08-18,35.59323608920532,36.05309638598514,35.57651349065757,35.87751388549805,36.76783379581826,37.16069163057939,29.24591229156838,-0.37148797730204114
2023-08-21,35.80226273076789,35.9694855218035,35.593235039350745,35.727012634277344,36.6687079709096,37.10446892484206,27.62253897004976,-0.0467875901039978
2023-08-22,35.727022324116895,35.92769036568645,35.701940014987066,35.760467529296875,36.5822088812322,37.051762987761855,28.57167388207617,0.46984353446146226
2023-08-23,35.936045571976614,36.06146348094037,35.77718565153112,36.0531005859375,36.53181761501366,37.01259975631776,36.42509232437172,0.489405985598201
2023-08-24,36.0196571534679,36.39590448649624,35.92768444912416,36.28721237182617,36.50852187756723,36.984153192220056,41.92623403762181,1.568000502262423
2023-08-25,36.46279772740069,36.68854805851638,36.3122975066569,36.512962341308594,36.508944778875936,36.96567511963529,46.71436829262801,2.104264468565001
2023-08-28,36.57148883856824,36.87248605596599,36.57148883856824,36.7637939453125,36.533216128060374,36.95775821083832,51.499278244192915,1.9712406085045726
2023-08-29,36.8223238832718,37.06479680370783,36.45443305515924,36.97282409667969,36.57508355364317,36.958349029890925,55.11639667741776,1.889403125895206
2023-08-30,37.04807318636433,37.2487380057264,36.939377881995824,37.223655700683594,36.63685232955178,36.968753213059266,59.06188177091189,1.9464138590885127
2023-08-31,37.273824523495456,37.42432154739346,36.964461201762646,36.97282409667969,36.66884964070682,36.96891285555419,53.95421288022967,0.5685761150716043
2023-09-01,37.156758993371035,37.223649381476065,36.64673413686186,36.88084411621094,36.68903959075483,36.965459179501515,52.17243999618203,-0.24877726469645087
2023-09-05,36.83904961962368,37.17349208604832,36.82232701787592,36.864131927490234,36.7057150513963,36.96148556177558,51.83747798943914,-0.9658475676980778
2023-09-06,36.78887766397853,36.81395996901538,36.32901733108075,36.395904541015625,36.676209288502896,36.93930591390264,43.42534965683346,-1.56038812224753
2023-09-07,36.56312349824032,36.68854138923155,36.303928011962846,36.55476379394531,36.66464305092598,36.924225830767064,46.59205930787883,-0.884145496339919
2023-09-08,36.6467385924086,36.87248570593648,36.48787549609906,36.85576629638672,36.68284526477939,36.9215411431443,52.06681708666884,-0.022693145521425463
2023-09-11,36.972823793717055,37.52465684185418,36.93937859334272,37.17348861694336,36.72957320308072,36.931421436234466,57.06933853819238,2.1364603675434193
2023-09-12,37.23201097248662,37.650066350806064,37.22365126830437,37.51628875732422,36.80449849396105,36.95435740961054,61.71225079503025,2.6303684214700542
2023-09-13,37.624989941133464,37.624989941133464,37.2905443102972,37.41596221923828,36.86273313446364,36.9724595590077,59.67803541762857,1.5199681871937722
2023-09-14,37.45869598973718,37.74079179876555,37.279182253585475,37.69804763793945,36.94228689669943,37.00091399347561,63.33734346840407,1.4111105535491877
2023-09-15,37.5527339467986,37.72370083474868,37.17660940204615,37.21080017089844,36.967859589480284,37.009144823962785,54.189367678027395,-0.8142825331200741
2023-09-18,37.390313594089776,37.39886047024879,36.9543479087775,37.05692672729492,36.97634217403406,37.01101862409346,51.65218004852187,-0.9595784008963772
2023-09-19,37.0654734640191,37.14240838607968,36.749186900401845,36.809024810791016,36.96040718705853,37.0030972980816,47.77149639142452,-2.3582728625280893
2023-09-20,36.88596309464583,37.13386163417096,36.766284002038375,36.79193115234375,36.94436185041903,36.99481627275855,47.50645601496289,-1.1256651741723998
2023-09-21,36.757736318985145,36.85176825922306,36.50128764801379,36.68080139160156,36.919260854341175,36.98250196369357,45.730118208427434,-1.0149933329908811
2023-09-22,36.62951066763412,36.70644559567847,36.15935422332837,36.185001373291016,36.849331379955444,36.95122743073661,38.7657468084134,-1.6953001083502215
2023-09-25,36.08242578989445,36.16791087028705,35.80888005448288,35.9798469543457,36.766523339421184,36.91313407872128,36.3021429116344,-2.20723450105259
2023-09-26,35.979849174950864,36.065330999696855,35.774688230268865,35.81743240356445,36.67613372648245,36.87016538557788,34.43632903419173,-2.3537353473274614
2023-09-27,35.82597351074219,35.91145532171858,35.55242780251127,35.82597351074219,36.595166086888135,36.82921668460393,34.6266168308465,-0.992200770824994
2023-09-28,35.894356494774286,36.1080642529308,35.71483949962239,36.022579193115234,36.540634001766904,36.79758384180045,39.01436603121617,0.11876714990965236
2023-09-29,36.11661507073066,36.22774403016029,35.83451923392975,35.945648193359375,36.48396868668047,36.764174600685116,37.94126013857888,0.3579703546314565
2023-10-02,35.92000499133259,35.93710200548951,35.37291358199934,35.543880462646484,36.39443647486771,36.716319928605174,32.858251640093776,-0.7873981373070555
2023-10-03,35.35582483718201,35.39001887349346,34.97115008098524,35.15921401977539,36.2767962410494,36.65525695178832,28.87026424828804,-2.39673336190445
2023-10-04,35.176302239734355,35.65500558467151,35.039529389620604,35.60371780395508,36.2126935327547,36.614020122461525,38.20381390208371,-0.9512427973616716
2023-10-05,35.70629570174058,36.02258229801592,35.620810634556776,35.89435958862305,36.18237601426597,36.58579814074237,43.43070757813933,0.9860463219396809
2023-10-06,35.67210294953723,36.11661553201108,35.4498482887613,35.962745666503906,36.16145883828863,36.561364710380076,44.61769829641722,2.28540844592421
2023-10-09,35.9029106854314,36.52693707508181,35.9029106854314,36.50129318237305,36.193824013915716,36.559008964183725,52.98432293139345,2.521015876376429
2023-10-10,37.0056416180696,37.20225239312885,36.30468032927675,36.32177734375,36.206010045328505,36.549705763382406,50.258770312065614,1.1907657916884133
2023-10-11,36.44999948094141,36.62951323867107,36.21919468060811,36.381614685058594,36.22273429673137,36.54311395638931,51.16061462634408,1.164730364135758
2023-10-12,36.44145401102304,36.509838809545656,35.75758972118608,36.10807037353515,36.21181392309363,36.526053423728364,46.96824585564211,-1.0772845961188855
2023-10-13,36.11661380249758,36.526932337227166,36.11661380249758,36.46709442138672,36.23612635150249,36.523741305989475,52.473076484465516,0.40008250769623727
2023-10-16,36.68080428841885,36.79193325028734,36.415805459631514,36.646610260009766,36.27522005707461,36.528559696343216,54.988962212197805,0.7283777183754347
2023-10-17,36.56112706955888,36.937251585092255,36.40725720844934,36.9201545715332,36.336642391784956,36.543916358115375,58.58648002486066,2.2490379286323163
2023-10-18,36.86031723022461,37.125316053145795,36.66370646260771,36.86031723022461,36.38651618592207,36.55632423545299,57.50377643218959,1.0782948712450169
2023-10-19,36.680803237096534,36.7833820584617,36.338869484650075,36.424354553222656,36.3901198399507,36.5511489537969,50.2215527648666,-0.6064836698679431
2023-10-20,36.36452217163209,36.791937796796766,36.35597203301224,36.50984191894531,36.401521942712094,36.54952907007723,51.51808907360873,-1.1113513942443154
2023-10-23,36.45855068541092,36.48419457700215,35.97984405653444,36.0140380859375,36.36461871825737,36.52852942364038,44.30974915361704,-2.2959084670958285
2023-10-24,36.01403657751761,36.432902006933816,36.01403657751761,36.36451721191406,36.36460905098658,36.52209757220013,49.670605600673355,-0.1642783847306352
2023-10-25,36.35596857024054,36.76628714000661,36.330324678668326,36.6038703918457,36.38739584535411,36.525304349441136,52.99820599049714,0.2575428102623428
2023-10-26,36.022579434106596,36.05677345826159,33.39824840726149,33.560665130615234,36.11818339633136,36.40904398791855,27.816392731805035,-6.812268453395791
2023-10-27,33.95389467400853,34.50098609394097,33.500831942377786,33.59486389160156,35.87786725302376,36.29868398414141,28.229096139678234,-7.616362137223925
2023-10-30,33.765828576887614,34.57791877712371,33.75728170066112,34.406951904296875,35.73778007695453,36.22449841238281,37.38415481209059,-6.001874840094065
2023-10-31,34.43259777492686,34.680499591742354,34.02227921308849,34.338565826416016,35.604521576903245,36.15054027175666,36.956636779462144,2.3178941560700848
2023-11-01,34.44115268634648,34.526634509065396,33.87696417800307,34.10776901245117,35.46197371362209,36.07043159492115,35.4818803617443,1.5267367133993104
2023-11-02,34.150507330671964,34.783080596973036,33.98808731454748,34.76598358154297,35.39568893913837,36.01927677086711,42.52592657532931,1.0434858578718114
2023-11-03,35.00533853664161,35.22759321538793,34.697598780744975,34.76598358154297,35.335717000319754,35.970128018344596,42.52592657532932,1.2447163847423954
2023-11-06,34.83437140490197,34.94550037397584,34.58646957424575,34.65485763549805,35.27087325128912,35.91854878764473,41.63585420208274,1.6040000237106045
2023-11-07,34.586466706805915,34.791627612631416,34.543725802527845,34.629207611083984,35.209762237936246,35.86798638856392,41.42035663812483,-0.39341895832798424
2023-11-08,34.61211384615073,34.88565954654223,34.235986062420935,34.36421203613281,35.1292336472883,35.809014845331326,39.16503283530884,-1.1556455593088817
2023-11-09,34.406953058396155,34.56936979952251,34.20179215193794,34.28727722167969,35.049047321039865,35.749338860090084,38.509444384208656,-1.0606894354742216
2023-11-10,34.35566979670809,34.44115488580873,33.93680427334451,34.210350036621094,34.96917138919046,35.68898635720895,37.827603187611444,-1.209549982104772
2023-11-13,34.2701798656206,34.33856465980934,34.14195389274901,34.19324493408203,34.89527363156108,35.63032983081182,37.66789841311872,-0.49751497828908486
2023-11-14,34.38985638587538,34.55227312861424,34.15905158666416,34.381309509277344,34.84632466753406,35.581348641732035,40.63547587968431,0.27424833704263946
2023-11-15,34.577920964422304,34.8514666738802,34.347116160644305,34.83436965942383,34.84518609533309,35.55205534830819,47.161843087237315,1.8240667579686884
2023-11-16,34.7916259765625,35.005333748825265,34.30437251667714,34.7916259765625,34.840085131640656,35.52223458863189,46.64087400177202,1.749997824523621
2023-11-17,34.877113799387836,35.02243680528236,34.6292119581646,34.89421081542969,34.84523995866818,35.49760620536906,48.122027615672984,1.4918027075552316
2023-11-20,34.74888393153312,35.02242961015982,34.740333794807576,34.91130065917969,34.85153145395499,35.474613831008696,48.37910066936173,0.22084797430817596
2023-11-21,34.91984951157499,34.996784441851155,34.68049784445888,34.84291458129883,34.850710799416305,35.44984131141223,47.36759302935046,0.14741652135165764
2023-11-22,34.9198484813868,35.23613833036995,34.82581980130938,35.21049118041992,34.884975597607124,35.440455031765474,53.049760512504406,0.9063978167128515
2023-11-24,35.31307532402806,35.458395051584255,35.2874281725778,35.44984817504883,34.938772985934904,35.440823390325605,56.35411798869965,1.5426165903318565
2023-11-27,35.4242057800293,35.569528788020094,35.25324213898943,35.4242057800293,34.98500468061056,35.44017171933359,55.90021832277046,1.6683196733560977
2023-11-28,35.424201943830546,35.902908565299825,35.40710492939357,35.74903869628906,35.05776982496089,35.45228414980244,60.26618665918379,1.5295086714627248
2023-11-29,35.8003245338636,35.885806332696504,35.63790455079085,35.6977424621582,35.118719599932064,35.461909965973256,59.268310097491714,0.6992816609123138
2023-11-30,35.825974306010565,35.94565014840291,35.68065457194047,35.937103271484375,35.196660901984664,35.48054499756193,62.39710194908347,1.4478729449573955
2023-12-01,36.03112685770115,36.44144533390185,36.00547971105516,36.41579818725586,35.312769214867636,35.5172215932362,67.73495877822397,1.8651116653271296
2023-12-04,36.37306698823231,36.723547650570296,36.26193801892839,36.330326080322266,35.40967939252998,35.54910804371016,65.93520439951483,1.77205496631794
2023-12-05,36.17644803998645,36.56112264622054,36.1166101302302,36.39015579223633,35.50305809726392,35.58209030835825,66.60411867199399,1.2606818010049363
2023-12-06,35.32161804878746,35.603713855128284,35.013878354932594,35.355812072753906,35.4890346663582,35.57321665206004,48.77305388345015,-2.910786436840777
2023-12-07,35.45840144624338,35.62081821708308,35.25324376317456,35.32162857055664,35.47309122866282,35.5633504527854,48.31271885021767,-2.77646148161596
2023-12-08,35.338717494338766,35.41565242310054,35.19339451293462,35.30452346801758,35.457037156220416,35.553200374951366,48.06823730338703,-2.9833132081571483
2023-12-11,35.47549404892471,35.57807287769472,35.321624175308614,35.38146209716797,35.449839531548754,35.54646554052849,49.310758605816,0.07254825419164694
2023-12-12,35.484034771245696,35.484034771245696,35.287424024821,35.355812072753906,35.44088453547305,35.53898893394909,48.89078134231233,0.09677782022134808
2023-12-13,35.28742555649227,35.93709899636791,35.11646195108245,35.92000198364258,35.486514768632055,35.553930622172366,57.47088701494791,1.7433418020287483
2023-12-14,36.18500067656564,36.629509962349935,35.95419589687665,35.9969367980957,35.535126390485736,35.571303413385046,58.494144760025804,1.739540042854811
2023-12-15,35.86017207417206,36.03113897866639,35.66356127532645,35.689205169677734,35.54980055993259,35.575927011671034,53.001049934009465,0.942965462758383
2023-12-18,35.94565325064397,36.23629600478982,35.89436546286215,36.07387924194336,35.59971281536219,35.59545455011309,58.275760065412044,0.428388780075387
2023-12-19,36.22774587770708,36.287583798700354,36.03113510002601,36.27903366088867,35.664410038745665,35.62226157406507,60.802395666158034,0.7836690782197115
2023-12-20,36.13027654599671,36.17402772599261,35.24648735527447,35.26398849487305,35.62627465361494,35.608211649390874,45.96983078214984,-1.1914433868254375
2023-12-21,35.360245591270036,35.517752520781364,35.02773059141264,35.272743225097656,35.592604993756154,35.595056024908786,46.09198009541661,-2.220820254657327
2023-12-22,35.368994071915445,35.570255520119936,35.237740524218346,35.31649398803711,35.5663087074972,35.584132023462836,46.739992724108575,-2.6531568669902237
2023-12-26,35.281487203892254,35.456495249820456,35.17648371153567,35.298988342285156,35.54084962509605,35.57294991831861,46.49913964913147,0.09925096084125007
2023-12-27,35.22024510046857,35.334000864005,35.08023929073212,35.158992767333984,35.50448230530919,35.55671630455451,44.523212608187166,-0.3224882653377945
2023-12-28,35.0977404341994,35.25524738740313,35.027735860330274,35.158992767333984,35.47157853978774,35.54111930309489,44.523212608187166,-0.445970714863361
2023-12-29,35.132732534553824,35.35149175746387,35.08022911937511,35.298988342285156,35.45514137812083,35.53162397129843,47.12885076022811,0.0
2024-01-02,35.31649089898831,36.45403823620429,35.298989759892564,36.384037017822266,35.54360762952096,35.565051933907206,62.01874733740161,3.484298479751851
2024-01-03,36.44529506319353,36.576548620037265,36.1477823278123,36.22653579711914,35.608648407387456,35.59099247756258,59.403548552046935,3.036329956462815
2024-01-04,36.296536870510906,36.79530772797683,36.28778796862618,36.331539154052734,35.6774951451651,35.62003352369945,60.5964938401105,2.925156952814625
2024-01-05,36.3840398705759,36.45404109444649,36.14777948126032,36.3052864074707,35.737284789194206,35.64690618580813,60.120815298581896,-0.21644275019011083
2024-01-08,36.366540344652456,36.77780548090384,36.349039203407514,36.67280197143555,35.82638166369338,35.68713739308764,64.34090822725176,1.231876480863773
2024-01-09,36.61154625417529,36.62904739379883,36.35778473663557,36.62904739379883,35.90282601894152,35.724075040174355,63.47963175073185,0.8188704543581307
2024-01-10,36.61155159760287,36.82156196573512,35.81526798752075,35.92902374267578,35.90532104024954,35.73211224419402,51.58273561285741,-1.0363853367577252
2024-01-11,35.87651421020633,36.436537312578174,35.80650965340936,36.40153503417969,35.952579515861935,35.75836411831111,57.3879217376668,-0.7396951491929884
2024-01-12,36.646551092787895,36.76030350128367,36.112777979995414,36.17403030395508,35.9736700671089,35.774664753042245,54.02895727028394,-1.2422302031277581
2024-01-16,36.19153708701678,36.33154289760865,35.67526503458393,35.85027313232422,35.961917978081786,35.77762978752389,49.58143948364366,-0.21918383008560316
2024-01-17,35.78026325494026,36.06027483462274,35.63150856360952,35.649009704589844,35.93211719013017,35.772585862702954,46.99177721719282,-2.0672900988467946
2024-01-18,35.53525553348926,35.53525553348926,35.080235861821166,35.386497497558594,35.88015340988526,35.75744514250122,43.77983695778644,-2.177066806709618
2024-01-19,35.43025084756722,35.45650089033208,35.13273812356043,35.290245056152344,35.8239716619107,35.739123570487536,42.629299611768204,-1.5621305703998347
2024-01-22,35.220239235613064,35.60525431377534,35.13273687084931,35.4214973449707,35.78564077458308,35.726667640075114,44.76112306404955,-0.638201065063101
2024-01-23,35.316496268533534,35.44774982470608,35.0977370035778,35.386497497558594,35.74762712915218,35.713327634486234,44.28852035831684,0.0
2024-01-24,35.36024486595929,35.51775179223983,34.931475269306425,34.94022750854492,35.670731927189586,35.683009982488535,38.68056832599193,-0.9918252113310315
2024-01-25,35.04523589391628,35.28149631623952,34.92273123152683,35.18524169921875,35.624494762620934,35.663489657654424,42.9516186204579,-0.6669837908066236
2024-01-26,35.36900050428803,35.43900507952552,35.10649002315118,35.17649459838867,35.5818280803131,35.64439181219302,42.836905726881554,-0.5934548882222959
2024-01-29,35.193988777549905,35.50025038860219,35.193988777549905,35.465248107910156,35.57072522579853,35.63736656888781,47.79372650089373,1.5026250164994954
2024-01-30,35.43900161280803,35.50025394114807,35.19399229944788,35.40399932861328,35.55484656892375,35.62821491240646,46.8654127520341,0.6217312112407303
2024-01-31,35.43900230450698,35.544005821139145,35.06273608707332,35.10648727416992,35.5121456837091,35.607755005024636,42.542841189531046,-0.19901734103419397
2024-02-01,35.52650214191602,36.53279606329105,35.31649512364733,36.50654602050781,35.60685047768993,35.643001711514174,60.84502957935063,2.9361077904468558
2024-02-02,36.305287883676286,36.41029139275233,35.80651370506198,36.191532135009766,35.66253444505372,35.664512708514,56.48527312387667,2.2244176401845244
2024-02-05,36.06902759828756,36.13027992360817,35.438999865845425,35.45650100708008,35.64291221286576,35.656355386889146,47.86676798955556,0.9970058530113426
2024-02-06,35.509002899425624,35.62275530554315,35.27274250994877,35.5265007019043,35.631825402298,35.65126304630151,48.67000376362432,-2.6845742077406287
2024-02-07,35.62275211327165,35.66650329155011,35.115232436839875,35.22898483276367,35.59345963377092,35.63470311635885,45.46378842963253,-2.6595925772232687
2024-02-08,35.176489134587726,35.325243826859214,34.870224172497224,35.08023452758789,35.54458105222968,35.61295925013254,43.90641867984215,-1.0612058968172107
2024-02-09,34.95772676568329,35.13273482301108,34.887722207551754,35.09773254394531,35.50202405144069,35.59275428126245,44.14878616975536,-1.2068966813159887
2024-02-12,35.19399324629062,35.54400608365005,35.11523977373446,35.48275375366211,35.50018878498559,35.58844053508204,49.33607627448807,0.7203412817687191
2024-02-13,35.31649546540667,35.40399783419849,34.95773041255794,35.20273971557617,35.471860302184695,35.57331501274848,45.990608072715524,0.34921427874702604
2024-02-14,35.193990716356616,35.38649659476537,35.04523268422112,35.351497650146484,35.46039719246677,35.56461629264644,48.00765822559538,0.7230242178278515
2024-02-15,35.49150145181519,35.49150145181519,35.071484097935866,35.15023422241211,35.43085786198537,35.54836601538235,45.530145706002564,-0.9371300028134971
2024-02-16,35.15024052659944,35.23774624393585,34.975235767930236,35.158992767333984,35.40496594820905,35.5330964762432,45.66156654331971,-0.12427143056377163
2024-02-20,35.176486551419615,35.544000473338386,35.07148305058583,35.220237731933594,35.38737278475425,35.52082750587812,46.63122405880086,-0.37129945529294067
2024-02-21,35.30774339548388,35.44774918902478,35.19399098310788,35.412750244140625,35.38978968564819,35.51658918188841,49.67140424310245,0.7468400354531152
2024-02-22,35.263992490194795,35.78901672363281,35.141487837126355,35.78901672363281,35.427811308313395,35.527272614897996,55.059898041066155,1.7919283423960306
2024-02-23,35.78902200050882,36.1477871108219,35.622762799972215,35.99028015136719,35.48137976955661,35.545429773190904,57.67055136309018,2.1863634916223447
2024-02-26,35.99027424913169,35.999023150776864,35.52650234990391,35.62275695800781,35.49484426369482,35.54846221181118,51.75772776509155,0.5930257108509529
2024-02-27,35.63150978740155,35.79776562542279,35.517754036123094,35.78901672363281,35.52286068845082,35.55789572207869,54.0527527223322,0.0
2024-02-28,35.70150817120838,35.867767333984375,35.517751206246565,35.867767333984375,35.5557089404064,35.57004754999656,55.141325677657406,-0.34040528961583677
2024-02-29,35.91151957001837,35.96401965411992,35.70150921960835,35.79776382446289,35.578761786507016,35.57897759997563,53.918439805159174,0.49127827658419765
2024-03-01,35.78901916176807,35.8765215376348,35.51775645577852,35.7540168762207,35.59545274743213,35.58584188531857,53.12552848059189,-0.09779493994591273
2024-03-04,35.29024486048567,35.605255385921545,34.34520327017399,34.765220642089844,35.51638302311381,35.55366066009392,39.12165336317206,-3.0739206085177164
2024-03-05,34.92273219267839,35.193994908293426,34.75647633743151,34.94898223876953,35.46234485317626,35.5299477808263,42.17244422857622,-2.3710463867391987
2024-03-06,35.929018864234585,36.62029552738827,35.63150616361107,36.27028274536133,35.53929131909865,35.55898052453355,58.33882039318474,1.443938092125205
2024-03-07,36.34028313184072,36.506542287135616,36.18277621524609,36.357784271240234,35.61724302882642,35.590306161659306,59.15321415894709,4.580910460905554
2024-03-08,36.35778673595382,36.795305236598274,36.27903327231777,36.63779830932617,35.7144387698264,35.631384285097226,61.73128929440084,4.832232478241403
2024-03-11,36.73405392008498,37.39908392856751,36.71655277901951,37.346580505371094,35.86988083987828,35.69864688197071,67.3489169725983,2.9674369167894485
2024-03-12,37.42533220435196,37.87159959744892,37.42533220435196,37.67034149169922,36.041353282908844,35.77596823921497,69.54790419770231,3.610113340975084
2024-03-13,37.7928441076322,38.037856719834714,37.77534296833195,37.9328498840332,36.22149581634926,35.860551833129406,71.23923629306569,3.534741808918619
2024-03-14,37.97660905612048,38.82539271921251,37.8278510228354,38.746639251708984,36.4619856673359,35.97373173189723,75.73798794880601,3.748827141313614
2024-03-15,38.42287306835709,38.9391450121506,38.38787078857422,38.38787078857422,36.64540329793003,36.06840385176692,70.50220945236741,1.9047592043547306
2024-03-18,38.379130525958104,39.166661970322735,38.29162480680523,38.94790267944336,36.86468895331225,36.181325374420894,73.57330631313721,2.6759202077179416
2024-03-19,39.000398800030105,39.359163836299125,38.80788959198289,39.05290222167969,37.07309021696629,36.29393623117614,74.11739701946999,0.7904246042634392
2024-03-20,39.12290467632152,39.219159283372406,38.956648842870855,39.192909240722656,37.27497774303833,36.407621447236785,74.8606382787162,2.0971167079890494
2024-03-21,39.22791274788635,39.37666744488187,39.01790238612634,39.332916259765625,37.470971887488545,36.52233889086537,75.61474673988563,0.9885348217363067
2024-03-22,39.279241292572394,39.297132497518675,38.33997521348246,38.44731903076172,37.56395732970504,36.597828308116206,62.78528195369529,-1.550673974191315
2024-03-25,38.4025956798881,38.97510063263279,38.3936483705272,38.697792053222656,37.67194158908767,36.68017982753214,64.61398458723338,-1.2632825607790243
2024-03-26,38.67095164236733,38.823025169042374,38.518881528090496,38.57255172729492,37.75771398320265,36.75439049026794,62.948346660120805,-1.9331506655876778
2024-03-27,38.75146317891424,39.06455073842777,38.7246280773555,39.055606842041016,37.88132282690154,36.84463426876884,66.53196291794642,1.5821332322095216
2024-03-28,39.16295121268424,39.315024752590375,39.00193377626529,39.01982498168945,37.98975160354801,36.92993586535397,66.02256494383373,0.8321739080717883
2024-04-01,39.019824055667144,39.24345899956409,38.62622778287196,38.662010192871094,38.05377623110259,36.99786034878601,60.993465325773826,0.23192260187668315
2024-04-02,38.67094910624207,38.90353132886872,38.32207918470008,38.402587890625,38.08699638915234,37.052947703367934,57.56953979901275,-1.6720235690028504
2024-04-03,38.42942636509035,38.55466138255563,37.66012164363416,37.67801284790039,38.048045575699774,37.07746006197705,49.253134912811156,-3.4387958798347373
2024-04-04,37.955321351468264,38.089503677110386,37.1144552263194,37.15023422241211,37.96253973252952,37.080313950621566,44.239982343111464,-3.9102363351446776
2024-04-05,37.10551007941805,37.355980128648554,37.00711015653508,37.25758361816406,37.895401054970904,37.0872657022899,45.45604556730514,-2.9815810218885295
2024-04-08,37.15918036630663,37.65117652424664,37.123397958936906,37.53488540649414,37.86106623130645,37.10481941618026,48.57592282706369,-0.379869930996708
2024-04-09,37.570671274378824,37.84797983843889,37.49910645304777,37.669071197509766,37.842780989992484,37.12694693701671,50.06439176271695,1.3965913969518142
2024-04-10,37.27547270427424,37.597507585828,37.15918498446763,37.284420013427734,37.789603754129175,37.13312235177793,45.95783303604023,0.07202934988673936
2024-04-11,37.34703584305361,37.418600663458626,36.9534395680214,37.06078338623047,37.720192290519776,37.1302855295996,43.71282199337661,-1.2630970232871541
2024-04-12,36.97132916098783,37.168125583723395,36.69402061260812,36.720855712890625,37.62501737836462,37.11422945835611,40.47623476536295,-2.517225549967437
2024-04-15,36.944484741883855,37.0876109411724,36.36303605019815,36.63139724731445,37.530386889693176,37.09529486184467,39.64431959004248,-1.7514628519850906
2024-04-16,36.631408044592725,36.75664307933409,36.425664285746365,36.45249938964844,37.42773093730796,37.07008719626835,37.963898503952905,-1.64131445966151
2024-04-17,36.685074322848834,36.87293026723733,36.44355158880351,36.76558303833008,37.3646692326434,37.058145856741355,42.55316414631076,0.12180360335053923
2024-04-18,36.792422214992264,37.0607834673012,36.77453100985187,36.94449234008789,37.32465238573335,37.05368885608828,45.05458835229357,0.8547178549035318
2024-04-19,37.0249979744503,37.812193873096035,37.0249979744503,37.65117645263672,37.35574991591462,37.07711974222743,53.64134496511141,3.2883261314275596
2024-04-22,37.84797614035431,38.21473728284386,37.5885588069744,38.0805549621582,37.42477896793782,37.11647014300903,57.94210232816538,3.576638299077691
2024-04-23,38.14317517755632,38.50099244986596,38.03583136082279,38.34891891479492,37.51279229620992,37.16480146739279,60.41396681117454,3.8014504618949925
2024-04-24,38.196849806396926,38.518884677547206,37.92848855123786,38.393646240234375,37.596683148021775,37.212991458484616,60.827199953848634,1.9719696900617323
2024-04-25,38.68884770561822,39.04666500311519,38.25052168680437,38.948265075683594,37.72540523637052,37.281041404257124,65.61976843961791,2.2786173005820434
2024-04-26,38.84986394197606,39.30607774034069,38.63517288766424,38.805137634277344,37.82823689331403,37.34080988386576,63.46197306003411,1.189652100743872
2024-04-29,38.823025422275514,39.21662167273425,38.79618691010002,39.19873046875,37.95876009097459,37.413669514645534,66.70440796399613,2.0969204734504796
2024-04-30,39.35081008141551,39.48498901344872,39.02877518469778,39.18979263305664,38.076001285458595,37.48332140164205,66.55996077383915,0.6201240463566599
2024-05-01,39.09138665724275,39.52076531566998,39.082439349051505,39.19873046875,38.18292787434349,37.550592345450205,66.63776342665705,1.0142802176920716
2024-05-02,39.359752931128234,39.54760547841475,39.207682796391154,39.34186172485352,38.29330252677302,37.62083820346602,67.9247798026704,0.36514258087421936
2024-05-03,39.359753605037675,39.46709743212522,38.79619254113026,38.99299240112305,38.359939657663496,37.67464817200159,61.67909723241139,-0.5021721696164131
2024-05-06,39.082439149680226,39.20767757693108,38.858804219615315,38.903533935546875,38.41171054127144,37.722839770571994,60.151731143140964,-0.753076769765443
2024-05-07,39.001935718370746,39.35975301987453,38.98404792445437,39.22557067871094,38.48922103055139,37.78177039442058,63.64210928317117,-0.2955911109542648
2024-05-08,39.270297362722744,39.717567248802055,39.270297362722744,39.61916732788086,38.596834963630386,37.85382517612491,67.40052082177024,1.6058652803978641
2024-05-09,39.70862058810503,40.0485466625438,39.60127676916591,39.994873046875,38.72998144774892,37.93778783772295,70.5319210207799,2.8052441537475556
2024-05-10,40.066436963239475,40.2900719048797,40.02171065739111,40.16483688354492,38.86663434639616,38.02512309442185,71.84929937951813,2.394525276706188
2024-05-13,40.16483836880951,40.58526975420946,40.16483836880951,40.29007339477539,39.00219997005133,38.11394467482787,72.81372239268853,1.6933876003557506
2024-05-14,40.325855895388194,40.74628728172283,40.29007348434739,40.701560974121094,39.16404387520083,38.215419823819765,75.7530375248427,1.7669462943858771
2024-05-15,40.79101348765017,41.10410446487905,40.78206959111152,41.0146484375,39.34029192875313,38.32519349494448,77.72628974354878,2.115809797557615
2024-05-16,41.10410690307617,41.34563307272857,41.059380592932854,41.10410690307617,39.50827430726009,38.4341704913418,78.27043731549234,2.02043193201614
2024-05-17,41.193563245486,41.37247191462364,41.07727209868668,41.220401763916016,39.671334065036845,38.543434462815306,78.98904792348898,1.274744204834826
2024-05-20,41.229337086450265,41.37246330951156,40.952028536344734,41.05937576293945,39.80352851245614,38.642098827526056,75.27690604850055,0.1090520756446582
2024-05-21,41.1577710966524,41.542423450000406,41.09515358912117,41.44402694702149,39.95976645860522,38.75197836162392,77.94346245072339,0.8269734329634114
2024-05-22,41.27406785173629,41.68555536095633,41.24723274838675,41.43508529663086,40.100273014607666,38.857198241428115,77.73357238816605,0.5208186323471885
2024-05-23,41.23828113694718,41.24722844539609,40.710502547606886,40.8267936706543,40.169465458040676,38.93443727786836,64.92494458403179,-0.5664530645278023
2024-05-24,41.00570306257576,41.14882928882356,40.5584331790016,40.6926155090332,40.219289272420916,39.0033854437964,62.47934620276348,-1.813075353292354
2024-05-28,40.61210863377791,40.826796276678685,40.442143886383015,40.68367004394531,40.2635160125661,39.06927895752773,62.31082953810416,-1.813475819601234
2024-05-29,40.52265243388706,40.56737874160201,40.29007358633016,40.38847351074219,40.27541672667811,39.12101207726163,56.86064541158606,-1.073609070180712
2024-05-30,40.54054436068845,40.791014418267025,40.477926846293805,40.64788818359375,40.310890198765314,39.180889571627596,60.158638772211404,-0.10991509117796636
2024-05-31,40.612109552248306,41.444031865200074,40.54054472806385,41.372467041015625,40.411992755170104,39.2668337861134,67.60759094754606,1.69305521435577
2024-06-03,41.184613380532205,41.730283206762486,41.16672217497072,41.64082717895508,40.52902460505439,39.359931566224844,69.85553563741686,3.100769995379499
2024-06-04,41.506647816908234,41.90918799438979,41.48875661153595,41.891300201416016,40.65876513804121,39.45920092446764,71.82112865549496,3.0589830699350578
2024-06-05,41.84657268854714,41.84657268854714,41.48875879942787,41.748172760009766,40.76251824489536,39.54896452586145,69.05037014911784,0.9081056699414986
2024-06-06,41.7481686709249,42.21332975237789,41.667663368987185,41.76605987548828,40.85809363828516,39.635909441533094,69.21023570428406,0.3007449779876003
2024-06-07,41.7660656602506,42.034430353472594,41.6676691401212,41.7750129699707,40.94541928892188,39.719795854413,69.2957258026628,-0.2775927958459063
2024-06-10,41.68555089429894,41.8555156303639,41.36351945141455,41.587154388427734,41.00653691744625,39.79302560084495,65.20471161554022,-0.3856896264841307
2024-06-11,41.622936737019245,41.6766103546884,41.33668426758096,41.506649017333984,41.05416664124508,39.860226519138635,63.47526344795831,-0.6211044540175557
2024-06-12,41.63187893328259,41.685549131961814,40.889409335836945,41.03253555297851,41.05210653760065,39.906199422426475,54.33515049972194,-1.7773242046050652
2024-06-13,41.01464639715164,41.21144623519685,40.72839394857588,40.925193786621094,41.04001960893593,39.94615998572823,52.492202924435155,-1.5917429589528282
2024-06-14,40.66924209453818,40.72408711911617,40.065922414517736,40.51383972167969,40.989907238721045,39.9684219361577,46.04662777341083,-2.391928327530561
2024-06-17,40.422432202768064,40.87949270804732,40.14819310992458,40.861209869384766,40.9776503464033,40.0034332276568,51.46628473445563,-0.4175361850903375
2024-06-18,40.797218758393754,41.03488866981088,40.59611103459064,40.95261764526367,40.9752662796281,40.040656145994326,52.80961276551334,0.06700972214221572
2024-06-20,40.81550538914425,41.63821222398413,40.705808354822935,41.52851867675781,41.02795698411664,40.09900369622034,60.27065274201353,2.5045242861420314
2024-06-21,41.68391360196751,42.04042369886287,41.54679755278745,41.811893463134766,41.10261760116599,40.166175843942476,63.34189366045857,2.3266163600855565
2024-06-24,42.04042363036184,42.58889480037774,41.912443769403126,42.46091842651367,41.23197958453243,40.256165749141346,69.21225932593795,3.6830387603426877
2024-06-25,42.49748624512625,42.588896949042464,42.29637851199677,42.433494567871094,41.34640958294564,40.3415511930131,68.71156025950363,2.179167280579568
2024-06-26,42.232387641346165,42.56147173390931,42.21410480430436,42.37864685058594,41.44471789414948,40.42143729723165,67.65735913211567,1.3554836686620617
2024-06-27,42.3420833177835,42.41521466964901,41.290842800832806,41.555938720703125,41.455310353821254,40.465927549132495,54.2197230364888,-2.1313239075993575
2024-06-28,41.59250113415013,41.70219466624934,41.38225374467061,41.638206481933594,41.472729032689095,40.51189927198744,55.17838156727556,-1.874198894143542
2024-07-01,41.95815500175323,42.433494849789405,41.82103545787308,42.07698822021485,41.53027752673917,40.57327530917283,59.990657174772196,-0.7118175137461139
2024-07-02,42.0495667108553,42.16840341925083,41.830176132824725,42.095272064208984,41.58408653030772,40.63296145642915,60.18249781570608,1.297849020162223
2024-07-03,42.09527117841666,42.17754220756007,41.80275273859451,42.00386047363281,41.62406500110059,40.68672220220184,58.667897083642345,0.8781694088045613
2024-07-05,41.94900758516121,42.14097213745117,41.8301708916555,42.14097213745117,41.6732942521816,40.74375161142731,60.28250694424744,0.15206391888472076
2024-07-08,42.14097224984843,42.38778531220574,41.930724860528024,42.06784439086914,41.71087045586613,40.795676818464244,58.95960654244173,-0.06515618499390531
2024-07-09,42.07698645695712,42.95454522424478,42.06784678172571,42.689449310302734,41.80406844200295,40.86994240637948,65.8249456371104,1.632204347265386
2024-07-10,42.84484783788724,43.15564909955692,42.54318973846662,42.899696350097656,41.90841395705959,40.949540600250785,67.78772722567086,1.800443070396559
2024-07-11,42.78085940820637,43.09166066811564,42.59803452230186,43.03681564331055,42.01588078432158,41.031394523508034,69.03672872230283,2.303353705120489
2024-07-12,43.146509897728755,43.72240707742449,43.064238872057935,43.6309928894043,42.16970098480565,41.13333955746475,73.78091058908595,2.205565061890665
2024-07-15,43.69498073750834,43.932654137416954,43.448167662416175,43.62185287475586,42.308001164800906,41.23092831500558,73.59411220258588,1.6833604572974075
2024-07-16,43.74068941325835,44.04235102367149,43.56700767480819,43.90523147583008,42.46011833727987,41.3358029487634,75.65233013536086,2.017844070334962
2024-07-17,43.99664280928872,45.22156503595491,43.99664280928872,45.148433685302734,42.71614837042491,41.48531787960808,82.2053274454992,3.4778965487786206
2024-07-18,44.83762974310631,45.63291395496157,44.73707588550844,45.09358596801758,42.94257099876707,41.62681858895748,81.16740308819587,3.373843604230339
2024-07-19,45.349544441263006,45.37696695604168,45.0387431544232,45.20328521728515,43.15787711481641,41.76707218222523,81.66600353685158,2.956489916627936
2024-07-22,45.16671719006759,45.303836731018286,44.82849340604259,45.15757751464844,43.34832477194327,41.90003317565359,80.70720975644326,0.02025281632013678
2024-07-23,45.23985005464709,45.45923714299091,44.79192922804489,44.9016227722168,43.49625791482646,42.017742571597246,75.37084209898909,-0.42569955722068825
2024-07-24,44.9656063382558,45.285550749231035,44.52682871960748,45.17585372924805,43.65621942096185,42.14159006797571,77.1166296104851,-0.06068472215070958
2024-07-25,45.459231878308216,46.135682877733394,45.34039518507923,45.52322006225586,43.83402900584699,42.27420300892788,79.1342173354194,0.8097036371997877
2024-07-26,45.52322390254464,46.13568676968887,45.29469365856893,46.09912109375,44.04975206183776,42.42419979656796,81.97214492839817,2.6669377354311656
2024-07-29,46.02599062653342,46.373357580439766,45.69690999804278,46.19053268432617,44.253635930646176,42.571899125499655,82.38175199726393,2.246064814091593
2024-07-30,46.05341762985336,46.48305213491165,45.95286376044773,46.20881652832031,44.43984360661514,42.71452333737498,82.4675578131149,1.506036842575848
2024-07-31,44.24345648792595,44.83763302811758,43.484734406532375,44.80106735229492,44.474245868108454,42.79634859286204,58.74477204171153,-2.815788480685513
2024-08-01,45.34954144745513,45.74261373977674,45.1575768824873,45.72433090209961,44.59330158563142,42.911171428518415,65.71133040418798,-1.009301593061642
2024-08-02,46.062559541660725,46.98582376275293,45.596359336534384,46.68416213989258,44.79243116222772,43.05913184857231,71.16314476287506,1.0286902961060198
2024-08-05,45.69691404348371,46.419067042065905,44.801072321929816,45.111873626708984,44.82285425408308,43.139631526146296,55.57506978587531,0.6937474769742099
2024-08-06,45.084446045242366,45.82488528767293,45.06616320735701,45.23070526123047,44.861697207144736,43.22163441771823,56.35323872225052,-1.0795688665757466
2024-08-07,45.32212305117748,46.32765480509115,45.28555737250188,45.73347473144531,44.9447236380305,43.32013795943302,59.57929906779788,-2.0364238424124648
2024-08-08,45.45923670486617,46.446489054183125,45.45923670486617,46.11740493774414,45.056407571336564,43.42983470368051,61.89544251657217,2.2289726189510786
2024-08-09,46.03513290440438,46.30936849975629,45.94371871455722,46.09912109375,45.15571362109022,43.5345126013303,61.71408072981548,1.9199696920576088
2024-08-12,46.10826269499941,46.3825017889003,45.843170251107445,45.98942947387695,45.235115130879436,43.63078385123409,60.56746696532696,0.5596660737777964
2024-08-13,46.01685240747841,46.76643136688498,46.01685240747841,46.720726013183594,45.37660188157507,43.751958053663486,65.20846352896342,1.3082285880003484
2024-08-14,46.61102854564301,46.98581799381645,46.47390900897933,46.79384994506836,45.51157788762205,43.87124793175779,65.64388646397595,1.507032747773035
2024-08-15,46.848699856636856,46.949253721581385,46.28194582987969,46.38249969482422,45.594522821641306,43.96972839305452,61.01762766049274,0.8546968845754838
2024-08-16,46.41906303452327,46.94925488570628,46.34593516817432,46.912689208984375,45.72006247757874,44.0851386211302,64.49119518165863,0.4108737431576156
2024-08-19,46.967537724067235,47.132079782220934,46.81213534154657,46.912689208984375,45.83364597580785,44.196022957908795,64.49119518165861,0.25396342479945955
2024-08-20,46.92183045262696,47.26005423073418,46.802993751688575,47.02238082885742,45.94685881895543,44.30686052147541,65.23450116346443,1.3795744909035312
2024-08-21,47.11379786983265,47.4063163151673,47.02238367623124,47.36061096191406,46.081501880189585,44.4266154407083,67.49403167775037,0.9547987132741578
2024-08-22,47.43373219791162,47.47943754477471,47.04980309974825,47.37888717651367,46.205062384601405,44.54239080289674,67.61650797824853,0.9937566474872092
2024-08-23,47.516009537588666,47.95478720260975,47.30576212437616,47.93650436401367,46.36996162073591,44.67549329548956,71.18395777212447,1.9440179740861963
2024-08-26,48.000490386495294,48.52154254520075,47.94564536028033,48.18331527709961,46.54266196896102,44.81305494182721,72.62161360397191,1.7371066345557498
2024-08-27,48.36613934862139,48.475832886288416,48.10104343608928,48.457550048828125,46.725032262281694,44.95597631857235,74.16398503096993,2.276674140310244
2024-08-28,48.58552887312947,48.9328923161702,48.43926966366639,48.64951705932617,46.90831652866688,45.10082105350387,75.216509868252,1.4874107004092783
2024-08-29,48.731790986040515,48.87805020421776,48.53068325338625,48.777496337890625,47.086333653354856,45.245004397989625,75.92079214659316,1.2331676585015225
2024-08-30,48.85976429686421,49.19798806382281,48.676939413853354,49.15228271484375,47.28309070682999,45.398230998650575,77.90131370292973,1.4336933363646727
2024-09-03,49.16142158490156,49.80130692141568,49.12485939857369,49.426517486572266,47.487226590614966,45.55620301778476,79.24641186502791,1.5971390349025918
2024-09-04,49.581924038581626,50.05726388480201,49.52707552382011,50.01155853271485,47.72763915652924,45.73092284189967,81.79256639018197,2.5299826507610224
2024-09-05,50.16696267863988,50.23095087123128,49.545360104527745,49.60934829711914,47.90684955087114,45.88301795779063,74.98175822100862,0.9298969590630204
2024-09-06,49.60934296328293,49.85615603121105,48.96031794415411,49.07915115356445,48.018497322556215,46.008356514487645,67.0551743758294,-0.7027934612269249
2024-09-09,49.08829672299497,49.54535720740443,48.99688253385622,49.48136901855469,48.15781843646083,46.14455308327459,69.67426446628856,-1.0601339564599694
2024-09-10,49.46308764462107,49.627629702845795,49.21627455728399,49.435665130615234,48.279518121618395,46.27361630081736,69.00297855095614,-0.350101689430966
2024-09-11,49.325969617236325,49.325969617236325,48.018776273972605,48.60381317138672,48.31040336445347,46.364996570251456,58.0418776252876,-0.9685130467934187
2024-09-12,48.45754748787236,48.649515527512605,48.00963019859898,48.11932373046875,48.292205304073974,46.43379371378939,52.78288657311472,-2.7526426917880813
2024-09-13,48.26558694388366,48.420989323442306,48.06448269993603,48.41184616088867,48.30359967138966,46.51136439798937,55.409880992734976,-2.0710128346033256
2024-09-16,48.50504944793176,48.74738671196867,48.11357718378093,48.18814468383789,48.29260395828949,46.57712048763049,52.98224036304385,-0.8552178531406545
2024-09-17,47.973775517098645,48.08562322807588,47.0044192070969,47.06966400146485,48.17613348621095,46.59643591954556,42.86910319689081,-2.181368414243244
2024-09-18,47.06965981384911,47.582298962093,46.957812112822545,47.19083023071289,48.08229508092542,46.61974550037566,44.11361602561814,-2.5221428782491357
2024-09-19,47.18150849603336,47.293359754960214,46.66886933712894,46.81800079345703,47.96188610116653,46.627520217751396,41.143694914656116,-2.8433215251808606
2024-09-20,46.83664679173282,46.97645909990817,46.52906113597693,46.96713638305664,47.86714803277511,46.64083849874376,42.8025361066414,-0.21782101186237376
2024-09-23,46.97645639612918,47.722113700472995,46.883247010852145,47.55434036254883,47.837356826086896,46.676662101245924,48.90848262414327,0.770298233912733
2024-09-24,47.33996078001276,47.88988366995651,47.20014848971846,47.71278762817383,47.82549309295232,46.71729447485094,50.445709358810326,1.9112025707040576
2024-09-25,47.94580966676902,47.97377426046179,47.47045424088636,47.57298278808594,47.801444492488855,46.75085087929153,49.04356320417174,1.2899368615708398
2024-09-26,47.339962097088936,47.94580707554662,47.28403646830042,47.61958312988281,47.78412436271685,46.784918810687266,49.54695715695185,0.13719624084064885
2024-09-27,47.72211056976481,47.880561180979214,47.5450145271437,47.582298278808594,47.764902830916064,46.81618859375085,49.12876795998058,-0.2734892590685311
2024-09-30,47.69414965698131,47.87124571326222,47.12558840032151,47.57298278808594,47.74662473159891,46.84586679745027,49.017450177649394,0.0
2024-10-01,47.59161794764952,47.84327792191464,47.321316098745434,47.4704475402832,47.720322141949794,46.870360159914306,47.735353005711346,-0.3131812162085518
2024-10-02,47.44249295716852,47.47045399514201,46.939172940198674,47.15354919433594,47.66634376598657,46.88146561224457,43.91248169737212,-0.9010684644957667
2024-10-03,47.06966195965992,47.07898112034768,46.30536278258269,46.584983825683594,47.56335710500533,46.86983887551669,38.02811824209295,-2.0768068439252367
2024-10-04,46.32400388348119,46.71547262614941,46.230794500292745,46.69683074951172,47.48083078543451,46.86305424312434,39.73883211088399,-1.629680845361731
2024-10-07,46.696829880113455,46.73411363269469,46.314680305091706,46.529056549072266,47.39018562006668,46.849956294337986,38.04240025027542,-1.324380997684657
2024-10-08,46.5849841255391,46.743438302846705,46.100305988443026,46.1841926574707,47.27532914743849,46.82384791642162,34.75781168190871,-0.8603441179943554
2024-10-09,46.2867197580648,46.920529336352786,46.24011684463247,46.81800079345703,47.23177406610692,46.823618617481834,44.27966625102337,0.2594823717165849
2024-10-10,47.06034271648212,47.30268000525826,46.202834156158026,46.305362701416016,47.14354441232683,46.80329485606749,39.28549937489342,-0.48076162348215545
2024-10-11,46.51042010744968,46.59430677635943,46.193515308854465,46.45449447631836,47.07792060889746,46.78961640980282,41.35761659752108,0.5852691219534234
2024-10-14,46.37060454841055,46.50109412297148,45.97913582472774,46.4731330871582,47.02032179730324,46.777205299110875,41.62576249159002,-0.7366134829640665
2024-10-15,46.60362376352975,46.92052854734472,46.35196376853777,46.51041793823242,46.97175952501078,46.76674304966466,42.1951752353552,0.4428325896908171
2024-10-16,46.57566552518918,46.95781512078561,46.482456138717765,46.75275802612305,46.950902239402424,46.76619461736891,45.88973864831924,0.6420553127679319
2024-10-17,46.67819478572309,46.89257104452101,46.30536434529,46.361289978027344,46.894748690700034,46.750316004061396,41.29793684110742,-0.24066186568721937
2024-10-18,46.305360908281585,46.34264466067243,45.54106176214087,46.240116119384766,46.832402731527154,46.73030816544663,39.96489575397013,-0.5811640291141378
2024-10-21,46.24943635060427,46.31468114101184,45.65291052083544,45.72747802734375,46.72717180731921,46.69098149336416,34.84108099583411,-2.1929829213635332
2024-10-22,46.08166598192833,46.71547560573749,45.82068680350384,46.65955352783203,46.72073197117757,46.68974902412761,47.91611939205642,0.6433460974577018
2024-10-23,46.60362483570183,46.65022774942265,46.23079441478645,46.41720962524414,46.69182508108867,46.67906120456355,45.367085165678105,0.3829867239133812
2024-10-24,46.50109606112011,46.7527560606514,46.305361691120574,46.547698974609375,46.6780987852335,46.67390974456535,47.00194897203899,1.7937156883551633
2024-10-25,46.594303321362126,46.70615101975672,46.22147291928119,46.33332061767578,46.645262769275625,46.66055330821674,44.63859755045521,-0.6991770934148669
2024-10-28,46.37060696805887,46.95781363979815,46.35196509135253,46.83664321899414,46.663489478772625,46.6674587949139,50.88304545150104,0.9036165619095935
2024-10-29,46.622266885292674,47.004416468140384,46.55702209472656,46.55702209472656,46.6533497279111,46.66312794392616,47.66636981524539,0.020029175066791235
2024-10-30,46.51042189100402,47.22811462905138,46.49178001324538,47.06966400146485,46.69299870634479,46.679070534417875,53.47352146228801,1.5892307608709586
2024-10-31,47.8898845331175,51.11485442792965,47.852600780957125,50.76066589355469,47.08039558131716,46.839133097521284,74.99105592784588,8.37810399052936
2024-11-01,50.760665849821144,50.891155426695725,50.08957608938408,50.21074295043945,47.378523902185954,46.97135309175337,69.81073362900453,7.847840543321051
2024-11-04,50.26666898330499,50.37851668501588,49.93112232259798,50.22006607055664,47.6491469658403,47.09875360072605,69.84876102599563,6.693062582715157
2024-11-05,50.14550258853846,50.611538864557545,49.94976820594835,50.509010314941406,47.92151490384993,47.23248915814626,71.06523131376474,-0.4957688678493776
2024-11-06,50.87251668053911,51.31058831987055,50.40648044955831,50.60221481323242,48.176819657124454,47.364635262267285,71.46515703636597,0.7796575788160938
2024-11-07,50.63950205900445,50.76066892740609,49.800635363130326,49.90316390991211,48.34123339548518,47.46418540531218,64.28809809795253,-0.6310269687803672
2024-11-08,49.90316174753113,50.58357423555703,49.86587799475795,50.378517150878906,48.535260419808395,47.57847292474617,66.73455641574215,-0.2583562086226385
2024-11-11,50.4344435615555,51.06825314622343,50.16414168312297,50.26667022705078,48.70015659192672,47.683892426797335,65.59589714838462,-0.6631025685735322
2024-11-12,50.39716144197507,51.00301000905736,50.12685955477992,50.74202728271485,48.894620467239875,47.80381928389214,68.08806202031133,1.6809823407531896
2024-11-13,51.00300817698771,51.63681775943547,50.704745262374,51.49700546264648,49.1424666572786,47.94865011443152,71.60602934176931,2.2201691812758284
2024-11-14,51.077571898986555,51.84187105870635,50.797950862235915,51.62749481201172,49.37913600534842,48.09291853394447,72.1769409174206,2.707210521035499
2024-11-15,51.776628852795554,52.494325134805834,51.75798697533852,52.13081741333008,49.64120090134667,48.25126750960665,74.32163857293551,2.7369622480344122
2024-11-18,52.22401859978755,52.70869670383531,52.17741568807751,52.512962341308594,49.91470199086685,48.418392797124376,75.84411475608015,1.972846517064073
2024-11-19,52.46636229391942,52.65277750651088,52.037609793861165,52.06557083129883,50.119546642336566,48.561419386699846,70.56889180206606,0.8485323970923843
2024-11-20,52.17742156982422,52.26130824258819,51.64614049417728,52.17742156982422,50.31553473066872,48.703223393881196,71.10989991796973,0.08939847638418909
2024-11-21,52.18674171323346,52.6434552547587,51.935081707350896,52.224021911621094,50.497295414568946,48.841293923988644,71.34622722542562,-0.5502268712428151
2024-11-22,52.42908188244721,52.97900483908164,52.419762721232075,52.8764762878418,50.72388406916636,48.99953636962994,74.4923846495863,1.5574696360680234
2024-11-25,53.05356551857464,53.31454823894907,52.56889094268167,52.89511489868164,50.930667957691625,49.15230415508295,74.57825674114336,1.3754863833142832
2024-11-26,53.006965246388674,53.687377785371616,52.913759413049775,53.67805862426758,51.19232421165124,49.329784722501955,77.93815214515722,2.784229669455861
2024-11-27,53.678056455093525,54.0974897993182,53.5475668714624,53.73398208618164,51.43438686636842,49.50249834460704,78.16018516459614,1.6217150962781064
2024-11-29,53.631452069446,53.82718643952459,53.32386644025872,53.817867279052734,51.66138500090978,49.67172849889903,78.50956420256846,1.744494519273825
2024-12-02,53.70601284462517,53.743296595457025,53.081526018275355,53.295902252197266,51.81705331055621,49.813852959812685,70.90830127689242,-0.7119414931626113
2024-12-03,53.36115132521507,53.44503799353882,52.96968257675386,53.03492736816406,51.933041316042676,49.94016960327745,67.39486571922879,-1.3009546117322817
2024-12-04,52.764625233433385,52.96968232292537,52.47568147601963,52.61549377441406,51.99803678826852,50.04508427665535,62.07161255804139,-2.2341530153995266
2024-12-05,52.80190938419543,53.472999177042304,52.755302913997134,53.044246673583984,52.09767582496523,50.16269848829961,65.10573372777915,-0.47218560523179076
2024-12-06,53.71533917127037,54.06952416126147,53.13745166124916,53.426395416259766,52.22422054794566,50.29068660312158,67.59403812690702,0.7381325242102519
2024-12-09,53.49164062981079,53.49164062981079,51.57157354016973,52.06557083129883,52.20911105112216,50.360289906187354,53.07877998733348,-1.0451730159047783
2024-12-10,51.91643749111999,52.317228939217685,51.64613562043563,51.720703125,52.1625960105391,50.413639444180006,50.140200115358866,-2.4951689044216527
2024-12-11,51.90712064417974,52.19606442367484,50.90048410776487,50.97504806518555,52.049496206219715,50.43565546853316,44.41470003827404,-4.588270146198515
2024-12-12,51.17078252083898,51.31991398108919,50.81659396940433,51.254669189453125,51.97379839509909,50.46777365366728,46.86502958401061,-1.5574623093505693
2024-12-13,51.124177813535965,51.4317634609192,50.8445567603714,51.189422607421875,51.89909593912983,50.49607361263805,46.3515756137324,-1.027210547184774
2024-12-16,51.35719808650405,51.44108476149992,50.94708742851017,50.984371185302734,51.8119792959082,50.515222537056275,44.694301016139356,0.01828957592205767
2024-12-17,50.88183551474792,50.97504133811727,50.28530971180584,50.45308303833008,51.68256060471028,50.51278569396897,40.63983272386345,-1.5639280553350883
2024-12-18,50.35055449407465,50.49036322911423,49.5955745247936,49.63285827636719,51.4873508591538,50.47827873641596,35.31369541729841,-3.040792905581638
2024-12-19,49.80063261207135,50.12685655601547,49.38119928730438,49.39052200317383,51.28765287286999,50.43562160962215,33.90007959841459,-3.126152475895133
2024-12-20,49.32527271027403,50.22006497109459,49.26002792273988,50.18278121948242,51.182427001118796,50.42570630020491,42.065178695066756,-0.5357488632405344
2024-12-23,50.18278222547763,50.19210138578036,49.35323829113593,49.94044494628906,51.064142995896916,50.4066764431886,40.420438332174726,0.6197238696372503
2024-12-24,49.97772989385497,49.996371771806814,49.763353630770744,49.837921142578125,50.9473599622475,50.3843723137529,39.712984493325855,0.9058400706425963
2024-12-26,49.676382594004174,50.1514819030508,49.37231932619195,49.980445861816406,50.855272905063586,50.36853206073578,41.25233619677424,-0.4031967793516058
2024-12-27,49.73339545197907,50.2179951487829,49.50534619042901,49.77140426635742,50.75204732042491,50.34511528448565,39.65307944613904,-0.33848452914955773
2024-12-30,49.63837883678053,49.72389685986604,49.05875708305882,49.48634719848633,50.63150445166885,50.31143810464254,37.51716690803727,-0.7054346088914933
2024-12-31,49.609868754090805,49.75239999604172,49.25829628192396,49.68588638305664,50.5414455879915,50.28690666458035,39.95532631723165,-0.589349441928049
2025-01-02,49.84741877242423,50.341522490158944,49.771404767622,49.894927978515625,50.47987248232713,50.27153495140134,42.48727294211097,0.2481820916628185
2025-01-03,50.19899391463933,50.53156197565745,49.980445046290264,50.493553161621094,50.48117540416465,50.28024154788055,49.1057184859134,2.0353208918308963
2025-01-06,50.417539607308406,50.53156242571301,49.38182297627313,49.495845794677734,50.38733448897542,50.24948093010789,40.699286330143934,-0.3824840456981601
2025-01-07,49.68588333781806,49.80940654023675,48.87821239079832,48.897216796875,50.24541851829919,50.19645096409876,36.645679052313206,-1.9996244549550843
2025-01-08,48.8402098246633,48.954232642523266,48.412619726788385,48.92572784423828,50.11973369219815,50.146618684888544,36.96768082921726,-3.1050009738163524
2025-01-10,48.602663163022406,49.16328052034258,48.03254178920921,48.33660507202149,49.949911918847995,50.07563775889376,33.21148951521039,-2.342097006413608
2025-01-13,48.51714089251576,48.583654503265414,48.12755961895926,48.317596435546875,49.794453301390746,50.00669496189977,33.094643731329114,-1.1853851799703419
2025-01-14,48.42211943028744,48.868713928916506,48.27008780039328,48.80220031738281,49.69995301719951,49.959459877801066,38.98797357853446,-0.2524796917661306
2025-01-15,48.31759837013958,48.97323773766581,48.28909357145412,48.498138427734375,49.5854944848695,49.902153154269044,36.79778588507269,0.33418432153478506
2025-01-16,48.365109690431936,48.973236208196745,48.19407365422059,48.612159729003906,49.49279593669183,49.85156517680767,38.19979006345457,0.6096397900296285
2025-01-17,48.53614425565908,49.41982558300938,48.422117818494,49.27729797363281,49.4722723211624,49.829044894330224,45.758677761490645,0.9735168766166786
2025-01-21,49.42933152666796,49.58136315743218,48.59315574510473,48.90672302246094,49.41841048319083,49.79287540915888,42.63019285839062,0.8424748000078027
2025-01-22,48.77369815138509,48.973238996753615,48.08955396758424,48.27959442138672,49.30995181063806,49.73353105669723,37.90690750753875,-0.6841195895659129
2025-01-23,48.27959071504311,48.83070400157006,48.241581902256456,48.65966796875,49.24802001617253,49.691418778738516,42.09430226650463,-1.2533763625052912
2025-01-24,48.697677999969954,49.571858967616016,48.65016879515788,49.45783615112305,49.268002505215435,49.682258675694776,49.7570908477307,1.126865785730532
2025-01-27,49.80940568028797,51.13018469441567,49.80940568028797,50.78811264038086,49.41277489904071,49.72562549783933,59.40028152251285,5.195814606683867
2025-01-28,50.73110364004288,50.90213968127728,49.57186016605871,49.980445861816406,49.46683880025745,49.73561845328941,52.77710232329001,2.714317520445537
2025-01-29,50.170487557031784,50.46505044085931,49.92343750506559,50.03746032714844,49.5211837075804,49.74745538951918,53.174021773346624,1.1719561977080735
2025-01-30,48.47913238337369,49.077758508595096,47.58594701576204,48.973236083984375,49.468998219618875,49.717093848125664,45.48833676435744,-3.5734278397923838
2025-01-31,48.74519068587387,49.847420989940595,48.74519068587387,49.628875732421875,49.48422464940964,49.713634314176495,50.25835420542602,-0.7034153524090919
2025-02-03,49.41032732774133,50.3035127091513,49.26779608748484,50.217994689941406,49.55410751041266,49.733413152441784,54.1414106045281,0.3607984130541846
2025-02-04,50.27500915505773,50.36052717638379,49.419828941797135,49.99945068359375,49.596521145953716,49.74384599680069,52.503967364973974,2.095460054650087
2025-02-05,50.275008512443854,50.284508903705266,49.79990920553181,49.96144485473633,49.631275784885396,49.75237928534718,52.208253393777795,0.6701121421882024
2025-02-06,50.72160022096594,50.83562303340904,49.76189764413697,50.01845169067383,49.66814968067477,49.76281349732078,52.63913775778219,-0.3973535791295671
2025-02-07,50.14198275769111,50.41754123371813,49.81891507452291,50.03746032714844,49.703322123196074,49.77358396123559,52.79197611640403,0.0760201222913826
2025-02-10,50.094470017519775,51.1871962035803,50.094470017519775,51.15869140625,49.841928721582164,49.82790190025576,60.82302868502789,2.39634092847932
2025-02-11,51.16819381713867,51.253711837225566,50.655089321337336,51.16819381713867,49.968239683063736,49.88046236758451,60.883763410555055,2.2986359785287367
2025-02-12,50.84512577303,51.19670186677769,50.53156211814587,50.68359375,50.03636864181957,49.911957715914525,56.10675796094917,1.2912993957469
2025-02-13,50.67409496133631,51.05417224063114,49.79040994051363,50.949649810791016,50.12334780076923,49.95265152355674,58.05271168473203,-0.4086140393994636
2025-02-14,50.90213613015136,51.16819056474608,50.6265776801955,50.63608169555664,50.17217960027279,49.97945270677242,54.96009735405851,-1.0399275055196524
2025-02-18,50.63608634547481,50.64558673698855,49.91393334994543,50.12297821044922,50.16749375362293,49.985081157897,50.243379989269094,-1.1061085019267822
2025-02-19,50.39853489336352,51.0731750331712,49.84741796244229,50.68359375,50.21664613423027,50.012473808567705,54.80698956121997,-0.5221940911842452
2025-02-20,50.408033822043,51.70030446767024,50.360524618101984,51.624290466308594,50.35070749919011,50.0756823049497,61.232334417145864,1.951590126371625
2025-02-21,51.62429298816003,52.53648279737985,51.605288580711274,52.30843353271485,50.53715759762104,50.16324117662677,65.11673718590589,4.360186485906032
2025-02-24,52.42245649109801,52.95456902690787,52.08038803027749,52.49847412109375,50.723949647475585,50.25481893915489,66.13188605830058,3.5808044315992293
2025-02-25,52.602994092790006,53.77173791397945,52.602994092790006,53.21112060546875,50.96082307204636,50.37075233783386,69.69360304789421,3.073805227784708
2025-02-26,52.992577561053395,53.27763642258644,51.947356902472094,52.11839294433594,51.071067821788226,50.43928726357905,59.381605433212634,-0.363307741303432
2025-02-27,52.02337348669136,52.54598199312051,51.852337448264365,52.33694076538086,51.19162714974943,50.513705047963434,60.63609565803267,-0.30769152516756093
2025-02-28,52.78352941307772,53.29663750667442,52.5174749755327,53.06858825683594,51.370385350424336,50.613896546350595,64.5800555824303,-0.267861956318514
2025-03-03,53.02107739727187,54.62691523728147,53.01157700682199,54.45587921142578,51.66424190861495,50.76456253321629,70.59585366627162,4.484954610143777
2025-03-04,54.940483822892176,55.67213719398639,53.458172673370385,53.49618148803711,51.83871234475039,50.87168484517005,62.666587198321594,2.2149569801050526
2025-03-05,53.35364898222879,53.78123542153676,53.01157693100662,53.16360855102539,51.9648929358242,50.961564206183986,60.14546536924277,0.1790518596982147
2025-03-06,53.30613778395676,54.37036278131131,52.764524894553034,54.17081832885742,52.174981068494034,51.087417309033924,64.76830697224455,-0.5234712701297249
2025-03-07,54.018786890987435,55.63412517405784,53.97127768775122,54.9119758605957,52.435647239170386,51.23739999733046,67.73415935716369,2.646533515434547
2025-03-10,55.1115173913395,56.69834727291423,55.10201700045913,56.052215576171875,52.780082318884816,51.426216294539934,71.68351051013309,5.433429189393824
2025-03-11,55.871678136726736,55.96670017356843,54.98799313005944,55.254051208496094,53.0156984036097,51.576327467636254,65.62797410776277,1.999661280844305
2025-03-12,54.97848988596866,55.17803071590217,54.45588139697715,54.93098068237305,53.198106239682396,51.707882495665146,63.297161932183286,0.03460961198262295
2025-03-13,55.22554287328501,55.93819183949552,55.12102044495225,55.63412857055664,53.43010836643232,51.86185292997462,66.11765934530447,-0.7458884565358119
2025-03-14,55.25405075331238,56.16624055115751,55.25405075331238,55.976200103759766,53.67259329379684,52.02319987796619,67.42899003220178,1.3069609910388458
2025-03-17,56.13773755324007,56.36578319765558,55.77666105407533,55.96670150756836,53.8910797903465,52.17784700069569,67.35104107540204,1.8854948743481432
2025-03-18,55.96669808357131,56.299266138297746,55.39657675797177,55.43458557128906,54.03808034091246,52.30556223875818,62.96007186674588,-0.35867012640363827
2025-03-19,55.377570442680494,55.49159687870235,54.72193474679398,55.06400680541992,54.1357876232465,52.41373653549001,60.02507438047091,-1.6296091850625178
2025-03-20,55.092518124826114,55.31106338266328,54.87397286698895,55.19704055786133,54.236859331305055,52.522885712837905,60.73275762894151,-1.3752122761834558
2025-03-21,55.23504155402833,55.23504155402833,54.2278298075078,54.7314338684082,54.28396166817202,52.6094954444289,56.93380798481244,-1.2684350313697283
2025-03-24,54.70293211107419,54.98799096091422,54.53189607622619,54.77894973754883,54.33110338906505,52.69457208337478,57.22784756326643,-0.517683118989873
2025-03-25,54.65319978506928,54.93372151912537,54.39202475922472,54.8563346862793,54.381125417371166,52.77934708741025,57.733978856654915,-0.6172538747342441
2025-03-26,54.82731415911172,56.0364556963363,54.82731415911172,55.86233901977539,54.522193379504905,52.90024873181673,63.740843152599425,2.0662808763356058
2025-03-27,55.968746889146935,56.56848008866563,55.968746889146935,56.39436340332031,54.700495286534945,53.03727283658158,66.45595807111475,2.948967940260055
2025-03-28,56.58782574332145,56.64586586735824,55.87201230689677,56.249267578125,54.847997409543524,53.16323341468132,65.02586366738757,2.539237992862298
2025-03-31,56.53945834360329,58.212909768342065,56.53945834360329,58.05813980102539,55.15372525635132,53.35519052787129,72.86542082207315,3.9307354825809955
2025-04-01,57.95173698076521,58.13552517088021,56.587825438313835,56.86834716796875,55.31702258126727,53.492961376502564,62.88121498974055,0.8404807431881232
2025-04-02,56.858673398868035,56.99409666762225,53.88902192544684,55.252933502197266,55.31091885945108,53.561979891235694,52.38573609953195,-1.7712836430161851
2025-04-03,56.10416581551494,57.30363581172559,55.88168422146115,55.99776077270508,55.37633237499908,53.65750071011685,56.02987974960773,-3.5488202608308907
2025-04-04,55.76561184389704,56.90704180491055,53.98575526824948,54.23725509643555,55.267848824659694,53.68023617624699,46.89414327767583,-4.626637140977385
2025-04-07,51.267603138524024,54.33398442296433,51.09348645530581,53.84065628051758,55.131925725217584,53.6865271607282,45.1097405861776,-2.556022155137745
2025-04-08,54.595156153845146,55.10783466350337,53.27961329002341,53.74392318725586,54.99973500731647,53.68877798529791,44.66333078937168,-4.024870913316598
2025-04-09,53.21190136071376,55.281954858182786,53.14418972701229,54.51777648925781,54.95383419607278,53.72128773055124,49.01055389633134,0.5172116330804163
2025-04-10,54.68221941411043,54.914376228634936,53.695559409894166,54.53712463378906,54.91414757109338,53.753281334599784,49.11818229991192,1.2935732982948498
2025-04-11,54.711239540719035,55.078815924237006,54.10183115119169,54.79829788208008,54.90311426737783,53.79426237567744,50.63298991683921,1.9618491399493507
2025-04-14,54.93372091847771,55.63018395644078,54.58548755449255,55.26260757446289,54.937351725195455,53.8518445403357,53.29507124287918,1.3662169170671143
2025-04-15,55.76561000079008,56.00743831182559,55.30129639639559,55.63985824584961,55.0042571081149,53.92196272486566,55.39948588122093,2.0219870766295154
2025-04-16,56.094496036340594,56.287955731042025,55.19489443395179,55.39802932739258,55.041759224236586,53.979847689670635,53.72826328741803,1.0944344413818405
2025-04-17,55.60116830803333,56.60717503046301,55.56247489024586,56.258941650390625,55.15768136006078,54.06922392342436,58.52504407067106,1.802908186308865
2025-04-21,56.39435967932897,56.53945813753762,55.1561999453082,55.74626159667969,55.21373662069115,54.13499010668928,54.87671221470781,0.19123584096840354
2025-04-22,55.91070560359231,57.07148225179986,55.89135889562134,56.89736557006836,55.37408223491755,54.24331855623356,60.78731745657364,2.706479383616642
2025-04-23,56.616844486751106,57.003771270579435,56.05580470920805,56.64586639404297,55.49520453578664,54.3375361185006,58.969844740162706,0.6877568832645419
2025-04-24,56.57815580520934,56.85867385415759,56.3266522840742,56.79096221923828,55.6186100294487,54.433748906764826,59.71813065711247,1.8740281278714792
2025-04-25,56.829656066989386,57.00377275524628,56.05580616918505,56.35567092895508,55.688806305592166,54.50911839783111,56.3952359971867,-0.9520557510631866
2025-04-28,56.34600017936092,56.85867505169264,55.97842008919476,56.287960052490234,55.745868567201505,54.578876894092254,55.87441735861528,-0.631831348580755
2025-04-29,55.13685786173271,57.497100975130536,54.95306966392959,56.849002838134766,55.85092897395705,54.667901440917454,59.23385064472739,0.1022004499103605
2025-04-30,57.187557530944694,57.7099075644598,56.66521118743675,57.21657943725586,55.98099092284265,54.76784959763661,61.31205289122275,1.5276342098492408
2025-05-01,56.99409407320786,57.61317764362893,56.6942293317614,57.3713493347168,56.11340600968781,54.869947626541716,62.18615522296015,1.9247264978447771
2025-05-02,57.41971268283135,57.767946028510025,57.11984425960649,57.66154098510742,56.260847435918244,54.97942187589724,63.83601114867136,1.4292918193942343
2025-05-05,57.80663511889643,58.08715683206379,57.18755526225606,57.91304016113281,56.41819912403392,55.0944657302202,65.25106516367332,1.2172358619247718
2025-05-06,57.96140841289037,58.63852842874337,57.89369678030579,58.50310516357422,56.616761603990135,55.22813786486154,68.3774442167053,1.9726846971203602
2025-05-07,58.55147204200809,59.25761029824326,58.39670206379227,58.91905212402344,56.83602736780283,55.37287960051495,70.39918985403642,2.1808489981924004
2025-05-08,58.503107173722015,58.98676381737713,58.1258555820722,58.425724029541016,56.98742704987313,55.49259898988852,65.08436682037032,0.8852649886480675
2025-05-09,58.154871572085355,58.19356498769726,57.41971512549528,57.4874267578125,57.03504606967688,55.57082752980711,56.36786854913458,-1.7361102507668438
2025-05-12,56.36534270888908,56.36534270888908,54.672544545757894,55.0884895324707,56.8496597328001,55.55191231422529,41.182095142245075,-6.501398874322479
2025-05-13,55.08849359957966,55.10784030853035,54.46941367318699,54.62418365478515,56.63770963013201,55.51553079816882,38.992535595094765,-6.506620906971977
2025-05-14,54.50810110528678,54.87568117985332,54.227583062335185,54.4887580871582,56.433047578420215,55.4752652016586,38.35203737162582,-5.216216553381875
2025-05-15,54.79829702383867,56.442726594892406,54.77895031606063,56.162208557128906,56.40725338591628,55.502204156775086,49.4104784010459,1.949080531651395
2025-05-16,56.29763163543019,57.02311656967541,56.18155507915297,56.9650764465332,56.460379391689315,55.55957169754991,53.70147565265009,4.2854513058576185
2025-05-19,57.119845754914664,57.53579074091886,56.86834593756678,57.526119232177734,56.561878424116784,55.63669120871179,56.479452314483986,5.574289544571893
2025-05-20,57.458405776077214,58.1258505582311,57.458405776077214,57.94206237792969,56.69332451495611,55.72709792123014,58.46900940980543,3.169130749176809
2025-05-21,57.94206661383477,57.99043153955437,57.43906326833485,57.50677490234375,56.7707959804216,55.796889175391456,55.604194982606955,0.9509307976071605
2025-05-22,57.458408801920015,57.64219699189998,56.81998220145456,57.36167526245117,56.827070197757756,55.85825333566831,54.64306819324231,-0.2858596615267232
2025-05-23,57.68088743753573,57.85500410960666,57.32297889494157,57.78729248046875,56.91851993896832,55.933901929582056,56.99143336711871,-0.26711147499625393
2025-05-27,57.77762010550589,57.82598503010976,57.206905139162906,57.67121505737305,56.990205188340205,56.0020318561621,56.13776278370403,0.28594918652375156
2025-05-28,57.651866042151134,57.77761779309406,57.40036623027237,57.535789489746094,57.04216559799791,56.06217921434187,55.10076939093551,0.30353755621376816
2025-05-29,57.255267772260765,57.613176318020834,56.96507454624462,57.535789489746094,57.08917739721202,56.119967852593014,55.10076939093551,-0.4352219665035536
2025-05-30,57.574485069086414,58.63852816783007,57.555138361290155,58.62885665893555,57.235813517376165,56.21835564892017,61.720011148159664,1.6605192046150052
2025-06-02,58.387029776830005,58.65787631259825,58.18389487500382,58.6482048034668,57.370326973194324,56.31364385105926,61.82728639790105,1.933431910096507
2025-06-03,58.57081849873933,58.8900336530663,57.8743554447659,58.39670181274414,57.468076957913354,56.395332398576315,59.49337247822553,1.4963074820611906
2025-06-04,58.37735229538583,58.43539241792732,57.245597580880485,57.3713493347168,57.45886480332321,56.43360757254261,51.03498869927488,-2.1448607322058275
2025-06-05,57.47775250062803,57.66154438279222,57.0037710666417,57.448734283447266,57.45789999190645,56.47341646316632,51.59433782138978,-2.0451956271108718
2025-06-06,57.41003981596885,57.709908251372475,57.29396325936401,57.30363845825195,57.44320841727269,56.5059741884638,50.4310734802794,-1.871789537013962
2025-06-09,57.22625283031115,57.40036951388266,56.984424513129305,57.13919448852539,57.41425470977295,56.530806357093674,49.08045504950351,-0.4046529302230019
2025-06-10,57.148869737016874,57.31331122163918,56.491096418513095,56.64586639404297,57.34107487017962,56.535318515405415,45.17198975422994,-1.3975379952550628
2025-06-11,56.645865043423626,57.99042986565703,56.62651833569277,57.95173645019531,57.3992331158954,56.590864316769725,55.31578758927129,1.1309892519574045
2025-06-12,58.14519858223545,58.17421679820168,57.26494369452432,57.96140670776367,57.45277345797809,56.644611077200864,55.38161922813514,1.4389636161276245
2025-06-13,58.232258751081886,58.52245198988981,57.60350365865869,57.85500717163086,57.49108143070693,56.692077590707925,54.431415857279646,2.1345613626540754
2025-06-16,57.68770769180148,58.38641871967507,57.24486373160791,57.864845275878906,57.526677987389974,56.738068480322475,54.509135621675036,-0.14993713672597536
2025-06-17,57.87468889128097,58.435623328209225,57.481048977563965,58.05182647705078,57.57669212926243,56.7895884017628,56.04360838101843,0.15599995656247254
2025-06-18,57.99278149925807,58.83910471709397,57.99278149925807,58.54387664794922,57.668804940565934,56.858384019260306,59.87894481024796,1.1906825528078853
2025-06-20,58.38642129260427,58.79973983764648,58.248644690228296,58.79973983764648,57.77651302600218,56.93451561998133,61.747985882076506,1.6156520549054054
2025-06-23,58.79974042843041,59.66574602478049,58.75053637553033,59.52797317504883,57.94331875448281,57.03621983782712,66.52748391808305,2.5428083620790147
2025-06-24,59.468925687810774,59.48860805965363,58.94735597307528,58.95719528198242,58.039878423768485,57.111552208186154,60.18053113531971,0.7059980611100881
2025-06-25,58.760375117259294,58.85878697613804,57.9927813881479,58.00262069702149,58.0363300688402,57.14649607049343,51.356153873100965,-1.3556507950986392
2025-06-26,58.10103118196707,58.53403208870856,57.71723432648714,57.85500717163086,58.01906122148693,57.174280819557644,50.131977880182,-2.810386301072977
2025-06-27,57.71723520652332,57.91405141457044,57.31375597358107,57.815643310546875,57.999688087111686,57.19943228979252,49.79113080002228,-1.9362385981485286
2025-06-30,57.78612052082729,57.85500694312708,57.333433490534944,57.69755172729492,57.97091319570057,57.21896638538085,48.720927648834085,-0.525957217209386
2025-07-01,57.98293718941679,58.347055429092585,57.116935372419334,57.2153434753418,57.89895417471402,57.21882431047736,44.51359117858178,-1.1056323861328996
2025-07-02,57.59914106816247,58.28800905950493,57.3235953732369,58.22896194458008,57.930383486129834,57.25843755103041,53.58674517360552,0.7148906599778412
2025-07-03,58.13055456960389,58.70133209228515,58.09118982582685,58.70133209228515,58.00380716290653,57.31502165068746,57.10682469001494,1.7397278306271182
2025-07-07,58.67180463977987,59.40003735849758,58.642282959976605,59.291786193847656,58.126471832519975,57.39254182885061,61.080281713845906,3.6291711145643086
2025-07-08,59.04576188677974,59.32130757429561,58.28800749208265,58.59307861328125,58.17091057354486,57.439621702749854,54.63097184768835,0.6253188388412678
2025-07-09,58.47498538200461,58.54387555908471,55.95570190119541,56.831546783447266,58.04335211734509,57.415775627483086,42.45898349439666,-3.1852519222193614
2025-07-10,56.80202622114284,57.736914482106755,56.585523884989385,57.61882400512695,58.002920868562406,57.423738308959315,48.03188584650343,-2.8215749534870582
2025-07-11,57.51057345281712,57.51057345281712,56.683932597050486,56.88075256347656,57.89604769664947,57.40244475031293,43.75357041769565,-2.9224032775375552
2025-07-14,57.07757183137817,57.40232533511111,56.615045479041655,57.20550537109375,57.83028176088226,57.39472163740238,46.03141148452222,0.6580123343667349
2025-07-15,56.88075256841471,57.68771105220593,56.83154851531107,57.5499382019043,57.80358237431293,57.40080856150049,48.41739815636008,-0.11955433734039202
2025-07-16,57.54009612347731,58.03214413888853,57.42200189687814,57.92389297485352,57.81504052674537,57.42132167574963,50.95276444207368,1.833907542297122
2025-07-17,57.766438382116846,58.61276157838197,56.58552238160802,57.05788803100586,57.74293076524637,57.40706937595576,45.38893928004144,-0.2580474363967117
2025-07-18,57.057887150074,57.412162320159744,56.851227885533454,57.09725189208984,57.68143753923146,57.394919670706116,45.67929682012886,-0.7865973864755272
2025-07-21,56.97916220214832,58.16991750925834,56.97916220214832,57.98293685913086,57.71015176017426,57.4179791682914,51.878778810165024,0.10193355668095261
2025-07-22,57.618822181455386,58.583235846661395,57.22518601930535,58.494667053222656,57.784867502369345,57.46020222260243,55.06942363334304,2.5181076128090054
2025-07-23,58.22895999346188,58.90798865324511,58.051826162679745,58.81941986083984,57.883396298414155,57.51350487508233,57.0171742054332,3.0162011509849678
2025-07-24,58.770215579465926,58.86862367996135,58.36673636098921,58.661964416503906,57.957545642994134,57.55854250415769,55.7551553833934,1.1710816908476707
2025-07-25,58.61276377811029,58.97687827597261,58.53403428990838,58.888309478759766,58.04618981782895,57.61069022865189,57.22100280863072,0.6729543826259327
2025-07-28,58.7997391005682,58.87846858665328,57.66802713928058,57.7861213684082,58.02142139407459,57.61756988119136,48.75107562022283,-1.7567301664591424
2025-07-29,57.58930229919778,58.73085358691273,57.50073350299453,58.41594314575195,58.058994894234345,57.64887863666432,53.029609883669366,-0.4193880535694057
2025-07-30,58.91783017438351,61.2206151093734,58.85878681324823,60.52190780639648,58.293558028725975,57.761546447242054,63.88635560429843,2.7740621900955214
2025-07-31,60.23651681554328,61.32886400441403,59.941288758720255,60.95490646362305,58.54701978443046,57.88677625180602,65.64464398456575,5.483643858034094
2025-08-01,61.17140855866075,61.653617261065854,60.70888222717304,60.79745101928711,58.76134656870252,58.00092036033469,64.41643771863278,4.0768114752390865
2025-08-04,60.77776887872355,61.476479909839746,60.77776887872355,60.95490646362305,58.97025703488543,58.11676295262051,65.11925502422717,0.7154411896790976
2025-08-05,61.00411466114092,61.63393552082861,60.98443229002212,61.52568435668945,59.21363106553343,58.250446144936944,67.61623205678045,0.93639368211817
2025-08-06,61.84059689806989,62.745963476277424,61.53552576635462,62.14566802978515,59.49287268117645,58.40319994434276,70.11847432279046,2.2175551571567325
2025-08-07,61.99805075270191,62.60818924866401,61.74218743311408,62.539302825927734,59.78300888543848,58.565400057346096,71.61796385404192,2.5992925823784683
2025-08-08,62.549146849786766,63.3265798831896,62.53930378694262,63.16912841796875,60.10549645996517,58.74593842442934,73.87677042567167,2.671151208577514
2025-08-11,63.37578875128609,64.90113316317529,63.28721620031884,64.6255874633789,60.53598131743314,58.97651289654501,78.19789326203635,3.9904944499191517
2025-08-12,64.69447205263634,65.23572788191925,64.46813416625041,64.9601821899414,60.957333781481545,59.21116659432526,79.05503924515229,3.8709727397377005
2025-08-13,64.92081643645616,65.10779708512625,63.99576376373915,64.45829010009766,61.29075819277832,59.41693614357124,74.33418226704876,2.040809671456854
2025-08-14,64.46813495148263,64.871610431634,64.32051904096595,64.50749969482422,61.5971145263065,59.616566086757636,74.49500250145,-0.18272602724362663
2025-08-15,64.60590646406774,65.12747616346564,64.19258792960794,64.77320098876953,61.89959895130298,59.81878706330713,75.39160000799326,-0.2878397117562697
2025-08-18,64.90113360780201,65.54079756274427,64.8420902454575,64.94049835205078,62.18920841804086,60.01963848639512,75.96453439785515,0.7480934588930315
2025-08-19,64.95034291011895,65.53095600802365,64.70431888394425,65.50143432617188,62.50465850452953,60.23461087226872,77.82845081537805,1.5408047685150088
2025-08-20,65.73761718165842,66.79059962341589,65.54079347269729,66.50521087646484,62.885663492332895,60.480516754786215,80.71108844624725,2.6739606214545595
2025-08-21,66.51504988587598,66.7217166680343,66.1509391444842,66.60362243652344,63.239754820351045,60.720638546226894,80.97228913032423,2.560996799649807
2025-08-22,66.92837709191177,67.5089901803527,66.25919145130179,66.59378051757812,63.55918583913458,60.95095783922106,80.85436886961911,1.6676675902496843
2025-08-25,66.42648279352572,66.63314206124986,65.90491309288049,65.983642578125,63.79008648094319,61.14831802506043,73.68976602044091,-0.7842517773662434
2025-08-26,65.95411530673617,65.95411530673617,65.17668601853967,65.39318084716797,63.942762134869355,61.314783233770534,67.45984715758381,-1.8173810148375635
2025-08-27,65.40302109733015,65.58015868263126,65.05858898926046,65.35382080078125,64.07714867448001,61.47317686384939,67.05289693688623,-1.8619752582894353
2025-08-28,65.31445479473527,65.45222763529695,64.57638278827336,65.36365509033203,64.19967309503735,61.625744637436945,67.10628951282193,-0.9396078536569122
2025-08-29,65.49159850023415,66.18046276745308,65.40302594698748,66.14109802246094,64.38457070717293,61.802817319202596,71.09430847963839,1.1437234977771529
2025-09-02,66.31822973661608,66.4658456402246,65.59984385140831,66.06236267089844,64.54436041800393,61.96985831338675,70.16649628774346,1.0841628866306734
2025-09-03,65.83603027964762,66.06236817706296,64.98970703701332,65.57032012939453,64.6420708667078,62.11105289440667,64.50134422315945,0.3161772988014373
2025-09-04,65.75729784896225,66.33791842343143,65.19636340003143,65.53095245361328,64.7267262559369,62.24516660261085,64.05572742486935,-0.9224908371500821
2025-09-05,65.44238460355008,65.76713808847876,65.13731724331468,65.49159240722656,64.79957065129781,62.372477418478134,63.582758439365854,-0.8639870579792459
2025-09-08,65.4325417238445,65.79665995111937,64.42876709533016,64.72399139404297,64.79237262679734,62.46469365281401,55.04647494519351,-1.2907192365104248
2025-09-09,64.65510899061367,65.24557264083876,64.00560948664615,65.13732147216797,64.82522489778502,62.569502586906324,58.293456470455936,-0.6006794754340676
2025-09-10,65.11763065295385,65.462062752056,64.82240635717629,65.17668151855469,64.85869695690594,62.67174489795136,58.6001174009507,-0.4808417036400029
2025-09-11,65.22588172406635,65.57031382269453,64.9404929829011,65.30461120605469,64.90116498063439,62.77499455709267,59.63888367494629,0.8970704672350561
2025-09-12,65.25540740235533,65.66873345409888,64.87161053920977,65.59000396728516,64.96676869364875,62.885387082982575,61.93353935552426,0.6949663954337004
2025-09-15,65.30000305175781,65.58000183105469,64.79000091552734,64.88999938964844,64.959457331363,62.963999330302805,53.84706838311333,-0.43985382843500015
2025-09-16,64.77999877929688,64.98999786376953,64.08999633789062,64.80999755859375,64.94522306728973,63.036391417686765,52.9954298913774,-0.7573946744745027
2025-09-17,65.18000030517578,65.5999984741211,64.93000030517578,65.51000213623047,64.99901155004599,63.13339575959044,59.09201868649731,-0.12197259676122393
2025-09-18,65.0,65.0,63.939998626708984,63.939998626708984,64.89815317639484,63.165027244575484,44.99578531867262,-1.4640172166360073
2025-09-19,64.05000305175781,64.97000122070312,63.869998931884766,64.88999938964844,64.89737662527614,63.23267321104893,52.39572565477777,0.12344057100505064
2025-09-22,64.80000305175781,64.8499984741211,63.40999984741211,63.790000915527344,64.79191227196672,63.25452919945985,44.86862353237854,-2.6255551284005745
2025-09-23,63.77000045776367,64.87999725341797,63.63999938964844,64.87000274658203,64.79934946002533,63.31788110326857,52.13862084245355,1.4544950576282403
2025-09-24,64.72000122070312,65.37000274658203,64.54000091552734,65.12999725341797,64.83083972606272,63.3889444817058,53.720764640495844,0.36985339193548655
2025-09-25,65.75,65.98999786376953,65.05999755859375,65.19000244140625,64.86504569895258,63.459574205615624,54.09790461473231,2.1947037243859437
2025-09-26,65.3499984741211,65.81999969482422,65.13999938964844,65.70999908447266,64.9455174499545,63.54782616164923,57.34213668615578,1.2948917871517802
2025-09-29,65.5,65.69000244140625,65.05999755859375,65.66999816894531,65.01451561366791,63.6310485933079,57.00834775470781,0.8291124494082562
2025-09-30,65.69000244140625,66.18000030517578,65.36000061035156,66.05999755859375,65.11408532270846,63.72630149390735,59.484610679802636,1.3345529753116125
2025-10-01,66.16000366210938,66.33999633789062,65.7699966430664,66.29000091552734,65.22607728392931,63.82683872612775,60.914439015839676,0.8826690597104917
2025-10-02,66.18000030517578,66.62000274658203,65.5,65.75,65.27597468545986,63.90225681529921,55.924333753367065,0.12182401901226117
2025-10-03,65.66999816894531,66.23999786376953,65.19000244140625,65.7300033569336,65.3192155113145,63.97393315026527,55.74222908826233,-0.499537108470915
2025-10-06,65.13999938964844,65.5,64.77999877929688,65.37000274658203,65.32405239086378,64.02868097757181,52.43207562375056,-1.3878385220082536
2025-10-07,65.48999786376953,66.6500015258789,65.44999694824219,66.6500015258789,65.45033326086522,64.13147786181915,61.24437997669143,1.36882361350404
2025-10-08,66.61000061035156,66.72000122070312,65.2300033569336,65.41999816894531,65.4474442044919,64.18200806994174,51.391789119441384,-0.47163421901085306
2025-10-09,65.55000305175781,65.9800033569336,65.30000305175781,65.72000122070312,65.47340201555964,64.24232152683435,53.36250266903291,0.5354114416637284
2025-10-10,66.0999984741211,67.12000274658203,65.69000244140625,66.54000091552734,65.57498286317562,64.33242660090075,58.33483015566231,-0.16504217229290144
2025-10-13,65.87000274658203,66.25,64.68000030517578,64.94999694824219,65.51546039508672,64.35664504589452,47.71237866982438,-0.718436615496931
2025-10-14,65.0,65.87000274658203,64.83000183105469,65.4000015258789,65.50446431230502,64.39756098628607,50.46179490272893,-0.48691370797390127
2025-10-15,65.2300033569336,65.68000030517578,64.80000305175781,64.87000274658203,65.44403940128377,64.4160881141408,47.306737764975104,-2.509765773922033
2025-10-16,64.8499984741211,64.95999908447266,64.0999984741211,64.26000213623047,65.33127394746917,64.40996709539922,43.904289200567,-1.062347720449574
