Date,Open,High,Low,Close,EMA20,EMA50,RSI14,ROC3
2019-09-13,18.0,19.40999984741211,17.5,18.0,,,,
2019-09-16,18.600000381469727,19.549999237060547,18.299999237060547,18.6299991607666,,,100.0,
2019-09-17,18.450000762939453,18.899999618530273,18.200000762939453,18.75,,,100.0,
2019-09-18,18.829999923706055,19.700000762939453,18.6299991607666,19.59000015258789,,,100.0,8.833334181043837
2019-09-19,20.0,20.479999542236328,18.309999465942383,18.75,,,90.43851379424524,0.6441269170108784
2019-09-20,18.899999618530273,20.0,18.770000457763672,19.8700008392334,,,91.59276948565861,5.973337809244792
2019-09-23,20.09000015258789,21.219999313354492,19.579999923706055,20.959999084472656,,,92.53700804085153,6.993358454383602
2019-09-24,21.510000228881836,22.079999923706055,19.670000076293945,20.709999084472656,,,90.03919868027722,10.453328450520834
2019-09-25,20.8799991607666,21.200000762939453,20.100000381469727,20.520000457763672,,,88.09302982146573,3.27126115287749
2019-09-26,20.520000457763672,20.61000061035156,18.709999084472656,19.549999237060547,,,78.73617843101148,-6.727098802483485
2019-09-27,19.40999984741211,19.731000900268555,18.0,18.239999771118164,,,68.20056812681771,-11.926602716300344
2019-09-30,18.25,18.729999542236328,17.510000228881836,18.56999969482422,,,69.31446867653582,-9.502927482643779
2019-10-01,18.719999313354492,18.719999313354492,16.6200008392334,16.84000015258789,,,57.86996178543704,-13.861888441076584
2019-10-02,16.489999771118164,17.299999237060547,15.510000228881836,17.25,,,59.57353703555164,-5.427630392220527
2019-10-03,17.020000457763672,17.3799991607666,16.520000457763672,16.780000686645508,,,56.74106790239228,-9.639197833038278
2019-10-04,17.1200008392334,17.450000762939453,16.600000381469727,17.270000457763672,,,58.93329238215478,2.5534459695934197
2019-10-07,17.270000457763672,17.600000381469727,16.910999298095703,17.040000915527344,,,57.461316881963995,-1.2173859969429348
2019-10-08,16.760000228881836,17.700000762939453,16.549999237060547,17.190000534057617,,,58.19468038332882,2.443383972793344
2019-10-09,17.459999084472656,17.540000915527344,16.920000076293945,17.34000015258789,,,58.956693203427825,0.4053253790896723
2019-10-10,17.260000228881836,17.260000228881836,16.25,16.329999923706055,18.40900001525879,,52.07387040231449,-4.166672263346626
2019-10-11,16.31999969482422,16.610000610351562,16.110000610351562,16.469999313354492,18.224333281744094,,52.89477355117767,-4.188488646504842
2019-10-14,16.5,16.5,15.68000030517578,15.6899995803833,17.98296816732878,,47.9653084072217,-9.515574150432387
2019-10-15,15.68000030517578,16.43000030517578,15.68000030517578,16.360000610351562,17.828399828569047,,52.09513974263279,0.18371516708923064
2019-10-16,16.309999465942383,16.43000030517578,15.829999923706056,15.850000381469728,17.639980833607208,,48.91283511211566,-3.7644138295867777
2019-10-17,15.880000114440918,16.350000381469727,15.829999923706056,15.90999984741211,17.475220739683866,,49.30518163837255,1.4021687247453327
2019-10-18,15.93000030517578,16.170000076293945,15.25,15.289999961853027,17.267104475128548,,45.423108037375016,-6.5403460182116815
2019-10-21,15.369999885559082,15.6899995803833,14.5,14.970000267028809,17.048332645785717,,43.51857501854024,-5.552051061586912
2019-10-22,15.039999961853027,15.130000114440918,14.520000457763672,14.619999885559082,16.817062859097465,,41.47046086874982,-8.108107946103194
2019-10-23,14.630000114440918,15.239999771118164,14.630000114440918,14.729999542236328,16.61829492415831,,42.38815669780613,-3.662527279358028
2019-10-24,14.850000381469728,15.93000030517578,14.800000190734863,15.84000015258789,16.544171612580175,,50.7754524553358,5.811622378359226
2019-10-25,15.789999961853027,16.299999237060547,15.6899995803833,16.170000076293945,16.508536228171963,,52.96766198102632,10.601916572283132
2019-10-28,16.299999237060547,16.40999984741211,15.800000190734863,16.030000686645508,16.462961414693254,,51.911427632606696,8.825534180646768
2019-10-29,16.1200008392334,16.239999771118164,15.579999923706056,15.720000267028809,16.392203210153784,,49.55498094155684,-0.7575750277974386
2019-10-30,15.75,16.770000457763672,15.729999542236328,16.729999542236328,16.42437428939974,,56.48558735659074,3.4632001440950573
2019-10-31,16.75,16.969999313354492,16.31999969482422,16.84000015258789,16.463957704941468,,57.1756717741662,5.053022028983369
2019-11-01,16.920000076293945,17.190000534057617,16.700000762939453,16.829999923706055,16.498818868633332,,57.08703659580734,7.061066398359825
2019-11-04,17.34000015258789,17.479999542236328,16.892000198364258,17.3700008392334,16.581788580119053,,60.63571357801357,3.8254710968839647
2019-11-05,17.440000534057617,17.489999771118164,16.84000015258789,17.100000381469727,16.631142085009593,,58.05082944655654,1.5439443380401654
2019-11-06,16.989999771118164,17.100000381469727,16.15999984741211,16.219999313354492,16.59198563056625,,50.495269370679566,-3.62448373806788
2019-11-07,16.469999313354492,16.84000015258789,15.550000190734863,15.890000343322754,16.525129888924013,,47.973674644081356,-8.520439979299175
2019-11-08,16.299999237060547,16.59600067138672,15.585000038146973,16.1200008392334,16.48654616990586,,49.853285521937515,-5.7309913472183105
2019-11-11,15.9399995803833,16.465999603271484,15.9399995803833,16.229999542236328,16.462113157746856,,50.76934544317323,0.06165369485313356
2019-11-12,16.260000228881836,16.374000549316406,16.020000457763672,16.15999984741211,16.433340461524498,,50.14161529858777,1.6991787177828086
2019-11-13,16.0,16.3799991607666,15.779999732971191,16.260000228881836,16.416831867939482,,51.07232910508752,0.8684825208426931
2019-11-14,16.1200008392334,16.75,16.0,16.670000076293945,16.440943125878004,,54.7979828478817,2.71103232574084
2019-11-15,16.75,17.1200008392334,16.639999389648438,16.739999771118164,16.46942471113897,,55.422097972810676,3.5891084726646016
2019-11-18,16.790000915527344,16.989999771118164,16.510000228881836,16.889999389648438,16.509479442425587,,56.79862011535399,3.8745335295110586
2019-11-19,16.920000076293945,16.969999313354492,16.219999313354492,16.299999237060547,16.489528946676536,,50.2286721970844,-2.2195611130174426
2019-11-20,16.200000762939453,17.09000015258789,16.18000030517578,16.920000076293945,16.530526197116288,,55.98973913612392,1.0752706549395488
2019-11-21,16.969999313354492,17.450000762939453,16.917999267578125,17.360000610351562,16.60952376028155,17.089200019836426,59.566656896688826,2.7827189916370267
2019-11-22,17.450000762939453,17.989999771118164,17.299999237060547,17.770000457763672,16.720045350517942,17.11589807622573,62.61567323280431,9.018412819068432
2019-11-25,17.799999237060547,18.219999313354492,17.739999771118164,18.06999969482422,16.848612430928064,17.15331382597469,64.71249807615737,6.796688022132459
2019-11-26,18.200000762939453,18.829999923706055,18.06999969482422,18.790000915527344,17.033506572318473,17.217497633408126,69.18034359048177,8.237328657252979
2019-11-27,18.850000381469727,19.799999237060547,18.56800079345703,19.61000061035156,17.278886956893054,17.311321279562772,73.32300370546899,10.35453069886667
2019-11-29,19.399999618530273,19.6200008392334,19.131000518798828,19.479999542236328,17.488516726925745,17.39636748594213,71.67804287089484,7.802987665882335
2019-12-02,19.3700008392334,19.440000534057617,18.197999954223633,18.940000534057617,17.626753279985923,17.45690211527999,65.14073834326531,0.7982948974010929
2019-12-03,18.25,19.15999984741211,18.11000061035156,18.950000762939453,17.752776849791022,17.5154550034235,65.20402952324048,-3.365628897857916
2019-12-04,19.100000381469727,19.399999618530273,18.829999923706055,18.959999084472656,17.867750395951177,17.572103790915627,65.27191980737707,-2.669406930098804
2019-12-05,18.90999984741211,19.149999618530273,17.719999313354492,17.729999542236328,17.854631267025955,17.578295781163497,51.86532925095651,-6.388600621449212
2019-12-06,18.25,18.5,17.950000762939453,18.479999542236328,17.914190150379323,17.613656712970275,57.585944701033746,-2.480217423644157
2019-12-09,18.450000762939453,18.56999969482422,17.270000457763672,17.709999084472656,17.894743382197735,17.617434845186054,50.89790204825378,-6.5928273225692875
2019-12-10,17.700000762939453,18.062999725341797,17.43000030517578,17.670000076293945,17.873339257825947,17.619496226798127,50.56934349579128,-0.3384064720331907
2019-12-11,17.6299991607666,17.704999923706055,17.049999237060547,17.170000076293945,17.806354573870518,17.601868926778355,46.52622751209405,-7.088741874415952
2019-12-12,17.1200008392334,17.690000534057617,16.920000076293945,17.65999984741211,17.792416028493527,17.604148570724778,50.687237630532906,-0.28232207591915687
2019-12-13,17.6200008392334,18.19499969482422,17.329999923706055,17.950000762939453,17.80742409844076,17.61771140179202,53.0173845902118,1.5846105570828857
2019-12-16,18.200000762939453,18.700000762939453,18.059999465942383,18.3700008392334,17.861002835659104,17.64721294835835,56.24226420179151,6.9889385999261275
2019-12-17,18.25,19.200000762939453,17.420000076293945,17.610000610351562,17.83709786182029,17.645753640985536,49.6068639204065,-0.28312139010507265
2019-12-18,17.549999237060547,17.759000778198242,17.3799991607666,17.389999389648438,17.79451705494678,17.63572406250173,47.847093775529025,-3.119784676818649
2019-12-19,17.399999618530273,18.149999618530273,17.399999618530273,18.0,17.814086859237563,17.650009393384014,52.842333574064696,-2.0141579876424163
2019-12-20,18.299999237060547,18.700000762939453,17.799999237060547,18.1200008392334,17.84322152399907,17.668440430476146,53.780207613189695,2.8960829710706886
2019-12-23,18.290000915527344,18.290000915527344,17.280000686645508,17.34000015258789,17.795295679102768,17.655560419578567,47.20810731932606,-0.2875171869776453
2019-12-24,17.459999084472656,17.545000076293945,17.200000762939453,17.350000381469727,17.752886603137718,17.643577672986066,47.29703079511301,-3.6111089918348522
2019-12-26,17.239999771118164,17.549999237060547,17.149999618530273,17.18000030517578,17.698326003331818,17.625398168366054,45.882159590187406,-5.187640676165585
2019-12-27,17.09000015258789,17.239999771118164,16.635000228881836,16.690000534057617,17.602295006258085,17.588715908197095,41.98368235701704,-3.7485560139009855
2019-12-30,16.700000762939453,17.239999771118164,16.200000762939453,17.209999084472656,17.56493348989757,17.57386426805104,47.118724499574896,-0.8069238842587895
2019-12-31,17.09000015258789,17.260000228881836,16.799999237060547,17.059999465942383,17.516844535235172,17.553712707184033,45.85782630770276,-0.6984914848764353
2020-01-02,17.239999771118164,17.350000381469727,16.799999237060547,17.030000686645508,17.47047845441711,17.533174980888404,45.59504031514875,2.0371488418714323
2020-01-03,16.959999084472656,17.329999923706055,16.81999969482422,17.170000076293945,17.441861466024427,17.518932827767053,47.118052679151425,-0.2324172591897414
2020-01-06,17.149999618530273,17.950000762939453,16.979999542236328,17.690000534057617,17.465493758218063,17.525641365268644,52.44329042400623,3.692855145587389
2020-01-07,17.670000076293945,17.849000930786133,17.299999237060547,17.670000076293945,17.484970550415767,17.531302491191205,52.22545191178198,3.7580702515784905
2020-01-08,17.649999618530273,18.0,17.5,17.780000686645508,17.51306865862812,17.541055361601178,53.37261620479941,3.5527117509671435
2020-01-09,18.1200008392334,18.1200008392334,17.0,17.020000457763672,17.466109782355318,17.52062183596049,45.28237387138702,-3.7874508539670746
2020-01-10,17.260000228881836,17.639999389648438,17.100000381469727,17.479999542236328,17.4674326166297,17.519028804834054,50.2025234132972,-1.0752718349589694
2020-01-13,17.700000762939453,18.540000915527344,17.6299991607666,18.36000061035156,17.552439092222258,17.552008091324936,57.985733547592474,3.262091683391705
2020-01-14,18.520000457763672,18.850000381469727,18.11000061035156,18.700000762939453,17.66173067990961,17.597027411780406,60.551197075617715,9.870741833085258
2020-01-15,18.700000762939453,19.299999237060547,18.700000762939453,18.850000381469727,17.774899222915334,17.646163606670182,61.663385929601446,7.83753361047357
2020-01-16,19.11000061035156,19.239999771118164,18.63999938964844,18.959999084472656,17.887765876396983,17.697686566584004,62.49836766218855,3.2679654366831117
2020-01-17,19.13999938964844,19.299999237060547,18.399999618530273,18.600000381469727,17.95559773402296,17.73307142206972,58.04273723027876,-0.5347613764161553
2020-01-21,18.559999465942383,18.899999618530273,18.0,18.0,17.95982652125887,17.743539209439536,51.45813153249086,-4.5092857520857645
2020-01-22,18.190000534057617,18.489999771118164,17.979999542236328,18.049999237060547,17.968414398954266,17.7555572497384,51.94734210832967,-4.79957748604195
2020-01-23,18.049999237060547,18.18000030517578,17.760000228881836,18.170000076293945,17.98761303489138,17.771809909603324,53.16727068718687,-2.3118295503056525
2020-01-24,18.18000030517578,18.68000030517578,17.719999313354492,17.770000457763672,17.96688802754588,17.77173895070765,48.72665145462824,-1.2777752346462674
2020-01-27,17.34000015258789,17.860000610351562,17.020000457763672,17.81999969482422,17.95289866252477,17.7736315289083,49.2967156240625,-1.274235744919531
2020-01-28,17.770000457763672,18.1299991607666,17.6299991607666,18.079999923706055,17.965003544542036,17.785645975763114,52.26859590247002,-0.4953227969729737
2020-01-29,18.190000534057617,18.270000457763672,17.59000015258789,17.59000015258789,17.9292889357845,17.777973590540558,46.71175191661434,-1.0129448539048267
2020-01-30,17.90999984741211,18.3700008392334,17.66200065612793,18.31999969482422,17.96649948426447,17.799229516198743,54.47660750406651,2.805836187220721
2020-01-31,18.309999465942383,18.350000381469727,17.739999771118164,17.860000610351562,17.956356734368004,17.801612696361598,49.57453579788061,-1.216810366608655
2020-02-03,18.0,18.190000534057617,17.520000457763672,17.690000534057617,17.930989477195585,17.797235748820267,47.86048559292404,0.5685069960332787
2020-02-04,17.899999618530273,18.395000457763672,17.770000457763672,17.93000030517578,17.930895270336556,17.80244220201068,50.46441139241719,-2.128817664547344
2020-02-05,18.15999984741211,18.29400062561035,17.649999618530273,18.0,17.937476673161648,17.810189566637714,51.2294602776983,0.7838711358570424
2020-02-06,18.0,18.049999237060547,17.719999313354492,17.770000457763672,17.92152655740946,17.80861352315246,48.57486122120286,0.4522324550077604
2020-02-07,17.8799991607666,18.344999313354492,17.799999237060547,18.170000076293945,17.945190702065126,17.822785544844283,53.124169996842376,1.3385374625391628
2020-02-10,18.229999542236328,19.200000762939453,18.100000381469727,18.34000015258789,17.982791602114915,17.84306847063815,54.9482982306521,1.8888897365993924
2020-02-11,18.40999984741211,19.229999542236328,18.36000061035156,18.3700008392334,18.019668672316676,17.863732485092868,55.27903639331931,3.376479268505521
2020-02-12,18.549999237060547,18.60300064086914,17.549999237060547,17.81999969482422,18.000652579222155,17.862017473709784,48.28113720900508,-1.926254155201493
2020-02-13,17.75,18.209999084472656,17.719999313354492,18.06999969482422,18.00725706642235,17.870173639243685,51.29904387321096,-1.4721944139437375
2020-02-14,18.459999084472656,18.700000762939453,17.219999313354492,17.75,17.982756393429746,17.865460947508637,47.479941897612065,-3.3750724600362716
2020-02-18,17.700000762939453,17.920000076293945,17.239999771118164,17.5,17.936779594055483,17.851129145645555,44.68126615563568,-1.7957334472747606
2020-02-19,17.450000762939453,18.229999542236328,17.350000381469727,18.010000228881836,17.94375298784847,17.85735938420384,51.023538083138895,-0.3320391087752394
2020-02-20,18.149999618530273,21.350000381469727,18.100000381469727,20.299999237060547,18.168157392535335,17.953149182355084,68.49169992253421,14.366192884848152
2020-02-21,20.299999237060547,21.350000381469727,20.299999237060547,21.020000457763672,18.439761493985653,18.073417859822086,71.88680085254458,20.114288330078125
2020-02-24,19.75,20.479999542236328,19.270000457763672,19.809999465942383,18.570260348457722,18.141519099277787,60.15563422409363,9.994443165936046
2020-02-25,19.90999984741211,20.440000534057617,19.0,20.290000915527344,18.734045164369114,18.225773288150318,62.75239479471857,-0.04925281728557783
2020-02-26,20.200000762939453,22.690000534057617,20.020000457763672,22.11000061035156,19.055564730653156,18.378095928236643,70.58131256425706,5.185538196243468
2020-02-27,20.649999618530273,22.520000457763672,20.510000228881836,21.940000534057617,19.330272902405962,18.51777846179825,69.11991276988057,10.752151062786048
2020-02-28,21.030000686645508,21.790000915527344,19.829999923706055,21.299999237060547,19.51786588665878,18.62688515886736,63.76698235309027,4.97781308999489
2020-03-02,21.690000534057617,22.079999923706055,20.3799991607666,22.079999923706055,19.761878652091852,18.76230142415515,67.11008689057239,-0.1356883121543579
2020-03-03,22.329999923706055,22.399999618530273,21.0,22.079999923706055,19.9826521065313,18.892407247666952,67.1100868905724,0.6381011223364168
2020-03-04,22.350000381469727,23.420000076293945,22.09000015258789,22.700000762939453,20.24144721666541,19.041724640422736,69.68831965404704,6.5727773522310695
2020-03-05,22.18000030517578,25.020000457763672,22.100000381469727,23.350000381469727,20.537499899027726,19.210676630267717,72.1529098962319,5.751813687282416
2020-03-06,22.770000457763672,23.290000915527344,21.299999237060547,22.770000457763672,20.75011899985972,19.350257956836185,66.92394457932774,3.1250024295371595
2020-03-09,21.25,22.260000228881836,20.399999618530273,20.739999771118164,20.749155263789095,19.404757635827636,52.56528587014385,-8.634365312538808
2020-03-10,21.530000686645508,21.959999084472656,19.5310001373291,21.11000061035156,20.783521487271233,19.47162990933838,54.482209124486914,-9.59314661466046
2020-03-11,20.850000381469727,21.34000015258789,20.0,20.59000015258789,20.765090883968057,19.5154875659364,51.34194310632103,-9.574002026128582
2020-03-12,19.100000381469727,19.4950008392334,17.799999237060547,19.15999984741211,20.61222507096273,19.501546871092312,43.85583340867447,-7.618128935113636
2020-03-13,20.0,20.097000122070312,17.600000381469727,19.059999465942383,20.464394060960792,19.48423128657663,43.37949176049805,-9.711042563418648
2020-03-16,16.59000015258789,17.489999771118164,15.050000190734863,15.920000076293944,20.031594633849664,19.34445751362437,31.726725641217534,-22.68091326705012
2020-03-17,16.360000610351562,18.899999618530273,15.869999885559082,18.690000534057617,19.9038237672028,19.318792534033516,45.607623672976786,-2.4530235756654966
2020-03-18,17.760000228881836,20.75,17.40999984741211,19.700000762939453,19.884412052511053,19.333741876343552,49.6289914472214,3.3578243175749574
2020-03-19,19.799999237060547,23.18000030517578,19.440000534057617,20.690000534057617,19.961134765039297,19.386928490371556,53.2755116197209,29.96231428959951
2020-03-20,20.850000381469727,22.68000030517578,20.520000457763672,21.719999313354492,20.128645674402648,19.478421463821867,56.781078059604255,16.211871015067647
2020-03-23,20.93000030517578,22.13999938964844,19.530000686645508,21.40999984741211,20.250679405165453,19.554169635727366,55.43307300142583,8.680198062172591
2020-03-24,22.040000915527344,22.5,21.209999084472656,22.40999984741211,20.456328971093704,19.666162977362063,58.82860052547882,8.313191246772648
2020-03-25,22.059999465942383,23.0,21.229999542236328,21.65999984741211,20.570964292647837,19.744352658540496,55.41829215956821,-0.27624064382678076
2020-03-26,21.700000762939453,22.209999084472656,20.829999923706055,21.600000381469727,20.668967729678492,19.817123157478896,55.142891186231616,0.887438278429428
2020-03-27,20.959999084472656,22.48500061035156,20.40999984741211,21.959999084472656,20.791923096801746,19.901157507557084,56.53847376989363,-2.0080355466464623
2020-03-30,22.100000381469727,24.09000015258789,21.209999084472656,23.88999938964844,21.086977981834764,20.057582679403804,63.15647136367345,10.295473490055297
2020-03-31,24.15999984741211,26.280000686645508,22.809999465942383,23.479999542236328,21.3148847971111,20.191795105397237,61.030395218048604,8.70369966465103
2020-04-01,22.899999618530273,25.86000061035156,22.18000030517578,24.1200008392334,21.582038705884653,20.345842389077088,63.1175859551367,9.836073974556871
2020-04-02,23.989999771118164,23.989999771118164,22.18000030517578,23.059999465942383,21.7227968735092,20.45227992150318,57.613668360816504,-3.474256780708408
2020-04-03,22.93000030517578,24.200000762939453,22.670000076293945,24.079999923706055,21.947292402099375,20.594543451001332,61.1264738402857,2.5553679436425583
2020-04-06,24.5,24.510000228881836,23.0,23.63999938964844,22.10850259138976,20.71397309565416,58.860324924956956,-1.9900556918894916
2020-04-07,24.0,24.100000381469727,22.399999618530273,22.799999237060547,22.17435941478698,20.795778042375982,54.691712947906645,-1.1274945138911807
2020-04-08,23.020000457763672,23.200000762939453,22.5,22.84000015258789,22.23775377076802,20.87594361532547,54.85567646153906,-5.149500726939042
2020-04-09,23.0,23.079999923706055,21.18000030517578,21.18000030517578,22.13701534547352,20.887867407084304,47.21892784549582,-10.40608776643984
2020-04-13,21.350000381469727,23.84000015258789,21.309999465942383,23.6200008392334,22.278252059164938,20.995009894619564,56.749960993962844,3.596498375491038
2020-04-14,23.200000762939453,24.0,22.54199981689453,22.90999984741211,22.33841851518848,21.070107539827116,53.710644988449125,0.3064785217012681
2020-04-15,22.90999984741211,23.979999542236328,22.510000228881836,23.88999938964844,22.486188122279906,21.180691533937757,57.12396136318074,12.795085200307641
2020-04-16,24.0,25.899999618530273,23.899999618530273,25.420000076293945,22.765598784566958,21.346938927755648,61.85332337686152,7.620656956415955
2020-04-17,25.0,25.0,23.6299991607666,24.829999923706055,22.96220841686592,21.48352955504782,59.144101789691746,8.38062020550745
2020-04-20,25.0,27.59000015258789,24.84000015258789,26.18000030517578,23.268664787181145,21.66770487858225,63.124163613807994,9.585604746895054
2020-04-21,26.25,26.5,23.020000457763672,23.940000534057617,23.332601524978905,21.756814512130305,53.76506548884482,-5.822185435855048
2020-04-22,24.65999984741211,25.25,24.0,24.61000061035156,23.45425858072868,21.868704163040942,55.87252390379439,-0.8860222071303948
2020-04-23,24.579999923706055,25.25,23.6200008392334,23.729999542236328,23.48051962468179,21.941696138695665,52.48840822623689,-9.358291575172704
2020-04-24,23.420000076293945,24.1299991607666,23.239999771118164,23.280000686645508,23.461422582964047,21.994178669987818,50.79417303840409,-2.7568915316989147
2020-04-27,23.90999984741211,24.780000686645508,23.549999237060547,24.469999313354492,23.557477509667898,22.09126967561004,54.93659235906575,-0.5688796973787105
2020-04-28,24.5,24.75,23.0,23.469999313354492,23.549146252876145,22.145337504541196,51.047483627230655,-1.0956604884002175
2020-04-29,23.469999313354492,23.989999771118164,22.5,23.780000686645508,23.571132389425607,22.20944194305509,52.177714070376474,2.147766259675513
2020-04-30,23.81999969482422,24.55900001525879,23.350000381469727,23.559999465942383,23.570072110998634,22.262404983168317,51.272968228878455,-3.7188388759597446
2020-05-01,23.170000076293945,23.729999542236328,22.350000381469727,22.84000015258789,23.50054144829285,22.285055774125947,48.31999119963755,-2.6842743042098443
2020-05-04,22.8799991607666,23.809999465942383,22.530000686645508,23.670000076293945,23.516680365245335,22.339367315387438,51.768512542727464,-0.4625761445555264
2020-05-05,24.40999984741211,24.709999084472656,23.81999969482422,24.510000228881836,23.61128225702024,22.42449017474016,55.03843711065765,4.032261394202259
2020-05-06,24.700000762939453,25.25,24.260000228881836,24.950000762939453,23.738779257583975,22.523529805649936,56.69461691808885,9.238181244549985
2020-05-07,26.809999465942383,29.979999542236328,26.170000076293945,29.520000457763672,24.289371752839184,22.797901203772042,69.33080566637065,24.714830429293652
2020-05-08,26.760000228881836,27.100000381469727,25.030000686645508,26.260000228881836,24.477050655319438,22.933669792992035,56.63535816614047,7.139942813781999
2020-05-11,26.3799991607666,28.420000076293945,26.3799991607666,28.1200008392334,24.823998291882674,23.137055324217187,61.0209949051862,12.705410738915248
2020-05-12,28.1200008392334,30.239999771118164,27.63599967956543,28.790000915527344,25.20171282746788,23.35873946505288,62.492498986869954,-2.472898139960362
2020-05-13,28.290000915527344,28.899999618530273,26.81999969482422,27.8700008392334,25.455835495255073,23.53565167580506,59.188313774652414,6.130999985981787
2020-05-14,27.399999618530273,28.049999237060547,27.200000762939453,28.020000457763672,25.700041682160656,23.711508490783828,59.5637141683373,-0.35562012263600185
2020-05-15,28.020000457763672,30.780000686645508,27.81999969482422,29.489999771118164,26.06099007158518,23.93811599197341,63.14183915203319,2.4313957392522663
2020-05-18,28.280000686645508,29.799999237060547,27.700000762939453,28.06999969482422,26.25232432141747,24.10015064698717,57.819365847106596,0.7176133820178298
2020-05-19,28.079999923706055,29.225000381469727,27.899999618530273,28.040000915527344,26.42257923514222,24.254654579086786,57.70869393630299,0.07137921997474567
2020-05-20,28.0,28.1299991607666,26.520000457763672,27.549999237060547,26.52995256865825,24.383883781360268,55.82893526151656,-6.578503048879673
2020-05-21,27.81999969482422,28.350000381469727,27.170000076293945,28.040000915527344,26.673766696931494,24.527260923876625,57.32589445770845,-0.10687132035276234
2020-05-22,28.049999237060547,28.809999465942383,27.510000228881836,28.260000228881836,26.82483655711724,24.673642857406243,58.013890858090235,0.7845909635212104
2020-05-26,28.84000015258789,28.84000015258789,27.510000228881836,28.09000015258789,26.945328328114446,24.80761765329572,57.245860649307836,1.9600759727097519
2020-05-27,27.850000381469727,28.200000762939453,25.850000381469727,28.190000534057617,27.06386853820427,24.94026011920795,57.60143846280324,0.5349486934118113
2020-05-28,28.25,28.799999237060547,27.920000076293945,28.100000381469727,27.16254776137241,25.064171502041745,57.14083274550289,-0.5661707222797149
2020-05-29,28.0,29.219999313354492,27.940000534057617,29.06999969482422,27.34420985027258,25.22126280371949,60.78087756772263,3.4887843962722163
2020-06-01,29.13999938964844,30.190000534057617,29.010000228881836,30.049999237060547,27.60190407758572,25.41062501679169,64.09841446107414,6.598079701189722
2020-06-02,30.1200008392334,30.59000015258789,28.93000030517578,30.200000762939453,27.849341857143216,25.59844367350337,64.59212482339638,7.47331086463099
2020-06-03,30.479999542236328,30.5,29.280000686645508,29.3799991607666,27.995118743202585,25.746739967121535,59.754492233521624,1.066389642919662
2020-06-04,29.049999237060547,29.149999618530273,28.1299991607666,28.469999313354492,28.040345464169434,25.853534451287533,54.84536235597815,-5.257903373779281
2020-06-05,28.149999618530273,29.420000076293945,27.290000915527344,29.13999938964844,28.145074409453148,25.98241542926247,57.606878423197436,-3.509938233484465
2020-06-08,29.489999771118164,29.489999771118164,28.344999313354492,29.170000076293945,28.2426863777237,26.1074187487539,57.73153142809981,-0.7147688579688061
2020-06-09,29.0,29.059999465942383,28.13999938964844,28.719999313354492,28.28814475254568,26.20987288854216,55.11374612272784,0.8781173376521013
2020-06-10,28.790000915527344,29.65999984741211,28.520000457763672,29.399999618530273,28.39403569216326,26.334975897561304,58.19832031997907,0.8922451418245179
2020-06-11,28.5,29.649999618530273,27.92300033569336,28.5,28.404127531004853,26.41987880353929,53.00639943655863,-2.2968806120725556
2020-06-12,29.100000381469727,29.510000228881836,28.100000381469727,28.81999969482422,28.443734403749556,26.51400119143282,54.55864632457731,0.3481907516036306
2020-06-15,29.0,31.920000076293945,28.809999465942383,30.979999542236328,28.68528346455782,26.689138381660406,63.357008548095074,5.374149470091184
2020-06-16,31.5,31.979999542236328,30.309999465942383,31.649999618530273,28.967637383983767,26.883681959576872,65.58302846143799,11.0526302404571
2020-06-17,32.099998474121094,36.0,31.799999237060547,35.79999923706055,29.618338512848222,27.233341460654664,75.50785351405337,24.21929082632803
2020-06-18,36.13999938964844,37.290000915527344,35.40999984741211,36.72999954223633,30.295639563266135,27.605759424638258,77.1014484359832,18.560361797813407
2020-06-19,37.75,38.47999954223633,35.720001220703125,36.0,30.838911985812217,27.934945329554406,73.0818312870131,13.744077200313493
2020-06-22,36.31999969482422,37.400001525878906,35.81999969482422,37.0,31.42568227287772,28.29043766957188,75.00426001382704,3.3519575098124563
2020-06-23,37.65999984741211,37.65999984741211,34.81999969482422,35.400001525878906,31.804188868401642,28.56924409530941,66.7857549314382,-3.6210128857421817
2020-06-24,35.38999938964844,36.77000045776367,34.051998138427734,35.0,32.10855183331577,28.82143060137571,64.87198020398078,-2.7777777777777777
2020-06-25,35.41999816894531,36.88999938964844,34.61000061035156,36.0,32.47916594442856,29.102943126811958,67.38796445351745,-2.7027027027027026
2020-06-26,36.0,37.06100082397461,34.81999969482422,35.529998779296875,32.769721452511256,29.354984524948623,65.03044835655841,0.36722386388298667
2020-06-29,35.34000015258789,35.630001068115234,33.22999954223633,35.11000061035156,32.99260518182938,29.580671430258544,62.912372610594204,0.31428745814732145
2020-06-30,35.279998779296875,36.040000915527344,34.83000183105469,35.95000076293945,33.274261903839864,29.830449051147994,65.34359611849585,-0.13888676961263022
2020-07-01,35.95000076293945,37.040000915527344,34.994998931884766,36.93000030517578,33.62242746587186,30.108862825815752,67.98076520030912,3.9403365437059317
2020-07-02,37.310001373291016,37.349998474121094,36.279998779296875,36.470001220703125,33.89362496633198,30.358319233458396,65.46271563462811,3.8735419729687797
2020-07-06,37.34000015258789,39.2400016784668,37.06999969482422,38.34000015258789,34.31708926978492,30.67132632832622,70.28185033880352,6.648120553344375
2020-07-07,38.279998779296875,38.38999938964844,37.18000030517578,37.90999984741211,34.65927122955894,30.955195878094294,67.93447158307167,2.6536678422366005
2020-07-08,38.34000015258789,38.52000045776367,37.86000061035156,38.400001525878906,35.01553125777989,31.247149040752515,69.19701486827027,5.292021498700053
2020-07-09,39.029998779296875,40.154998779296875,37.65999984741211,39.72999954223633,35.46452823725193,31.579809844732274,72.37628919408655,3.625454835984435
2020-07-10,42.11000061035156,42.59700012207031,39.40999984741211,40.08000183105469,35.904097150947436,31.913150706940996,73.16134498092022,5.72408861085952
2020-07-13,40.75,41.09000015258789,36.119998931884766,36.75,35.98465932704768,32.10283107137468,56.66194208401789,-4.296878802900362
2020-07-14,36.68000030517578,37.529998779296875,34.459999084472656,36.75,36.0575489149479,32.2850729901443,56.66194208401789,-7.500628181654868
2020-07-15,36.209999084472656,36.58000183105469,35.119998931884766,36.119998931884766,36.06349653560856,32.435462242761574,53.99035749167166,-9.880246303036948
2020-07-16,35.61000061035156,35.8380012512207,34.54999923706055,35.099998474121094,35.971734815466895,32.53995385967763,49.889013861990755,-4.489800070418792
2020-07-17,36.04999923706055,37.45000076293945,35.349998474121094,37.02000045776367,36.071569638542776,32.71564196156336,56.57593798440356,0.7346951231664541
2020-07-20,37.0,38.599998474121094,36.81999969482422,38.369998931884766,36.29046766648011,32.937381450595566,60.56100449862088,6.229236064605258
2020-07-21,38.97999954223633,39.119998931884766,37.810001373291016,38.18000030517578,36.4704231558797,33.14297434685361,59.73019598975089,8.77493437307567
2020-07-22,38.93000030517578,39.04999923706055,37.810001373291016,38.040000915527344,36.61990675203662,33.33501460444866,59.08697532513571,2.755268625475562
2020-07-23,38.31999969482422,38.58000183105469,35.91999816894531,36.43000030517578,36.60182042376416,33.45638659271247,52.13398601721054,-5.056029921066485
2020-07-24,35.22999954223633,36.45500183105469,35.0,35.720001220703125,36.51783764252025,33.545155793810146,49.37467602876018,-6.44316151076398
2020-07-27,36.4900016784668,37.689998626708984,36.15999984741211,37.36000061035156,36.59804363945656,33.69475755132157,55.26450147991073,-1.7875927676390133
2020-07-28,38.689998626708984,38.689998626708984,37.58000183105469,37.650001525878906,36.69823010483012,33.849865158166956,56.2341412703123,3.3488916016555557
2020-07-29,38.4900016784668,39.08000183105469,37.81999969482422,38.70000076293945,36.888874929411955,34.04006655443254,59.644754260287385,8.342663606934973
2020-07-30,38.36000061035156,41.5,38.36000061035156,41.130001068115234,37.29279170452655,34.31810320202794,66.2079271963719,10.091007484403239
2020-07-31,42.0,42.060001373291016,40.209999084472656,41.619998931884766,37.70490667856067,34.60445205417919,67.36065771725833,10.544481394714056
2020-08-03,42.290000915527344,42.84000015258789,41.86000061035156,42.5099983215332,38.162534454081865,34.91447347642837,69.40231011958008,9.84495473768141
2020-08-04,43.099998474121094,43.150001525878906,41.279998779296875,42.310001373291016,38.557531303530354,35.204494178266124,68.36738784204124,2.868952770561779
2020-08-05,42.08000183105469,42.75,41.560001373291016,42.4900016784668,38.93205229161954,35.49020035474458,68.81807101487345,2.0903478349576043
2020-08-06,41.84000015258789,42.40999984741211,40.0,41.349998474121094,39.16233288042921,35.71999635942601,62.722976301018036,-2.728769450043751
2020-08-07,41.0,45.279998779296875,39.61600112915039,40.060001373291016,39.24782511784462,35.89019263447954,56.61272123216082,-5.317891578751767
2020-08-10,39.540000915527344,39.540000915527344,36.040000915527344,36.9900016784668,39.03279431409435,35.93332240091041,45.30212420326297,-12.944221658591522
2020-08-11,36.849998474121094,38.150001525878906,36.040000915527344,37.810001373291016,38.916337843541655,36.006917654729264,48.27471049566517,-8.561057391684272
2020-08-12,38.099998474121094,40.06999969482422,38.029998779296875,38.86000061035156,38.91097239276164,36.1188032608321,51.880845441098536,-2.9955085416934684
2020-08-13,39.709999084472656,39.709999084472656,38.209999084472656,38.849998474121094,38.90516535289112,36.225908955470885,51.84376677876875,5.028377159379984
2020-08-14,38.95000076293945,39.790000915527344,38.16999816894531,38.5,38.8665781764253,36.31508899643281,50.48410849313606,1.8249103455373037
2020-08-17,37.72999954223633,39.939998626708984,37.689998626708984,39.91999816894531,38.96690388999863,36.45645798359017,55.57471748614894,2.7277342818965034
2020-08-18,40.400001525878906,40.470001220703125,39.459999084472656,40.060001373291016,39.071008412216955,36.59777341063726,56.05442351700286,3.114550699341555
2020-08-19,39.93000030517578,40.25,38.2599983215332,39.290000915527344,39.09186484110366,36.703350959848635,52.68489752529412,2.0519504299411526
2020-08-20,39.279998779296875,40.444000244140625,39.119998931884766,40.310001373291016,39.20787784416912,36.84478823096402,56.42188329886161,0.9769619795451183
2020-08-21,40.45000076293945,40.4900016784668,38.900001525878906,38.91999816894531,39.18046073224304,36.92616901284564,50.56131008265473,-2.8457393042072416
2020-08-24,38.40999984741211,38.8390007019043,37.22999954223633,38.09000015258789,39.07660734370445,36.97180944969828,47.39556351106623,-3.0542141383998156
2020-08-25,37.70000076293945,39.040000915527344,37.310001373291016,39.029998779296875,39.072168432808496,37.05252275674136,51.12768351257165,-3.1753970488382492
2020-08-26,39.29999923706055,40.369998931884766,38.959999084472656,39.900001525878906,39.15100967976758,37.164188590825184,54.35543706380159,2.517994355188714
2020-08-27,39.75,40.02000045776367,38.60499954223633,39.72999954223633,39.20615157143127,37.26480862813543,53.610354888491656,4.3055903992612965
2020-08-28,40.20000076293945,40.84000015258789,39.630001068115234,39.650001525878906,39.24842299566438,37.358345604517524,53.24051534444572,1.5885287368005412
2020-08-31,39.70000076293945,39.900001525878906,38.16999816894531,38.2599983215332,39.15428731241379,37.39370453459657,47.15355627145741,-4.110283562976825
2020-09-01,38.939998626708984,40.400001525878906,38.939998626708984,39.7400016784668,39.21006963299027,37.48571618729737,53.278554710406596,0.025175273963533876
2020-09-02,40.20000076293945,40.38999938964844,37.849998474121094,39.0,39.19006300127691,37.545099866226884,50.14883292112956,-1.6393480475774027
2020-09-03,37.849998474121094,37.97999954223633,35.540000915527344,36.22999954223633,38.908152195654,37.49352730450177,40.547184118733206,-5.3057994468190195
2020-09-04,35.13999938964844,36.27000045776367,32.810001373291016,34.77000045776367,38.51404250633111,37.38672233011988,36.572545885495174,-12.506293434295777
2020-09-08,33.060001373291016,34.7599983215332,32.69499969482422,32.939998626708984,37.98318118446233,37.212341008417496,32.298815448122234,-15.538465059720552
2020-09-09,34.029998779296875,34.41999816894531,33.209999084472656,34.0099983215332,37.60478281656432,37.08675894226517,36.938943718955784,-6.127522077705479
2020-09-10,34.4900016784668,35.119998931884766,33.36000061035156,33.58000183105469,37.22147034175388,36.94923905555103,35.8748265048913,-3.4224866581595736
2020-09-11,34.0099983215332,34.5629997253418,33.720001220703125,34.16999816894531,36.93085394434354,36.84024921686061,38.49300119981056,3.734060696769424
2020-09-14,34.47999954223633,35.13999938964844,34.150001525878906,34.83000183105469,36.73077279069698,36.761415986044696,41.376523725185095,2.4110660099689114
2020-09-15,35.25,36.25,35.06999969482422,36.16999816894531,36.67736568386349,36.73822313047217,46.82697121971181,7.712913033540707
2020-09-16,36.150001525878906,36.33000183105469,35.470001220703125,35.900001525878906,36.603331002150675,36.70535169499793,45.90094840230606,5.06293078618269
2020-09-17,34.650001525878906,36.13999938964844,34.529998779296875,36.099998474121094,36.55539457090976,36.68161235300276,46.741118743933846,3.64627211111447
2020-09-18,36.5,37.180999755859375,35.63999938964844,37.099998474121094,36.60726160931084,36.69801965187015,50.851213278500396,2.571192569133877
2020-09-21,36.5,38.970001220703125,36.5,38.959999084472656,36.83133184504054,36.78672472765848,57.43151405786326,8.52366971736176
2020-09-22,39.13999938964844,39.970001220703125,37.560001373291016,39.869998931884766,37.12072871045427,36.90763744154971,60.23649864365449,10.443215005857304
2020-09-23,39.91999816894531,40.599998474121094,39.400001525878906,39.97999954223633,37.39304021824304,37.028122229811935,60.57468486370465,7.7628064327931545
2020-09-24,39.08000183105469,39.58000183105469,38.11000061035156,38.52000045776367,37.50036976486405,37.086627258359066,54.009005892500916,-1.1293599513567338
2020-09-25,38.86000061035156,40.13999938964844,38.255001068115234,40.040000915527344,37.74223939826055,37.20244583314998,58.992434966839745,0.4263907403986019
2020-09-28,40.16999816894531,41.04999923706055,39.52000045776367,40.880001068115234,38.04107384300862,37.34666368550156,61.47670736388955,2.2511294051619783
2020-09-29,41.11000061035156,41.5,40.470001220703125,40.66999816894531,38.29144758833592,37.47699052798955,60.490087057109164,5.581510087309229
2020-09-30,40.470001220703125,41.77000045776367,40.15999984741211,41.060001373291016,38.55511937737926,37.61750075721706,61.71880583692778,2.547453632470123
2020-10-01,41.52000045776367,42.540000915527344,41.439998626708984,42.029998779296875,38.88606027279999,37.79053989533784,64.66235383660724,2.8131058736165073
2020-10-02,41.099998474121094,42.58000183105469,40.5,41.75,39.15881643729523,37.94581284061871,63.15280034626322,2.6555246611231773
2020-10-05,42.02000045776367,43.176998138427734,41.810001373291016,42.86000061035156,39.5113101680625,38.138526086490586,66.49238374145153,4.383826538864712
2020-10-06,42.70000076293945,43.099998474121094,41.65999984741211,42.22999954223633,39.770232965602865,38.298976025931594,63.00221537416925,0.47585241196335565
2020-10-07,42.900001525878906,43.41999816894531,42.599998474121094,43.380001068115234,40.114020403937374,38.498231909938795,66.46275389157202,3.90419417512631
2020-10-08,44.52000045776367,44.599998474121094,42.970001220703125,43.40999984741211,40.42792320807783,38.69085026042794,66.55064512583311,1.2832459851335394
2020-10-09,43.65999984741211,46.369998931884766,43.5099983215332,46.349998474121094,40.99193037627243,38.99120901390611,73.79801710186528,9.756095137448792
2020-10-12,47.119998931884766,57.29999923706055,47.0,57.0099983215332,42.51746065677345,39.697828202440505,85.80633402273415,31.420002115758734
2020-10-13,55.20000076293945,60.130001068115234,54.81999969482422,59.72999954223633,44.15675007443658,40.483403549099165,87.39387899771206,37.59502361711512
2020-10-14,59.5,61.66999816894531,58.18000030517578,61.5,45.808488162585476,41.30758380207567,88.31016059644632,32.68608851052651
2020-10-15,56.0,60.099998474121094,54.85499954223633,58.779998779296875,47.0438701260818,41.992776546280425,78.82797859243439,3.1047193648050437
2020-10-16,60.34000015258789,61.86000061035156,58.0,58.290000915527344,48.11493020126709,42.631883384290106,77.21943076147667,-2.410846539000442
2020-10-19,58.560001373291016,60.15999984741211,57.83000183105469,58.27000045776367,49.082079749504864,43.2451428773675,77.1502283485237,-5.25203177599403
2020-10-20,57.79999923706055,58.5,56.91999816894531,57.060001373291016,49.841881808913065,43.78690203407038,72.894080616899,-2.926161010080977
2020-10-21,57.54999923706055,58.29999923706055,54.63999938964844,54.97999954223633,50.33122635494385,44.22584703439061,66.13942442944267,-5.678506298340603
2020-10-22,55.0,56.63999938964844,54.209999084472656,55.810001373291016,50.8530144519293,44.68012759670043,67.4361461888392,-4.221724841508724
2020-10-23,55.220001220703125,56.38399887084961,54.959999084472656,55.81999969482422,51.326060665538336,45.116985326038616,67.4523160125465,-2.173153958329949
2020-10-26,55.06999969482422,56.56999969482422,53.650001525878906,54.75,51.65215012596325,45.494750607370435,63.80108913784311,-0.4183331104970992
2020-10-27,56.150001525878906,57.75,55.33000183105469,55.97999954223633,52.0643262608464,45.90593684011027,66.07448164742746,0.3046016211471883
2020-10-28,55.279998779296875,55.849998474121094,54.040000915527344,54.7599983215332,52.32105693329276,46.25315493742097,61.9206003840001,-1.8989634164926408
2020-10-29,54.90999984741211,55.5,53.459999084472656,54.0,52.480956272979164,46.556952783012306,59.41476936792704,-1.36986301369863
2020-10-30,53.4900016784668,53.76499938964844,50.540000915527344,51.970001220703125,52.43229388704811,46.76922919233352,53.219563316457865,-7.163269657599231
2020-11-02,52.869998931884766,53.220001220703125,50.95000076293945,52.04999923706055,52.39588487276358,46.976318213695365,53.42566244301813,-4.948866266504261
2020-11-03,51.709999084472656,53.18000030517578,51.599998474121094,53.04999923706055,52.4581814788871,47.2145017832391,56.033265920456046,-1.7592606721100983
2020-11-04,55.0,57.0,54.29999923706055,56.119998931884766,52.80692599822021,47.56373696553893,62.900554519116795,7.985371586884664
2020-11-05,57.5,58.41999816894531,56.257999420166016,58.0,53.30150447458019,47.97300218257662,66.36516808181052,11.431317675607081
2020-11-06,63.72999954223633,71.7699966430664,61.70000076293945,64.47000122070312,54.3651708313538,48.61994332132668,75.01337292423923,21.526865500244163
2020-11-09,63.0099983215332,66.08000183105469,60.52000045776367,64.56999969482422,55.33705929454146,49.24543572813051,75.11985177701257,15.057022316047403
2020-11-10,61.25,64.69000244140625,58.34000015258789,61.2400016784668,55.89924428348673,49.71581086343782,65.16160695283932,5.5862097904599946
2020-11-11,62.0,66.13999938964844,61.904998779296875,65.45999908447266,56.8097923597711,50.333230009360754,70.49888054491825,1.5355946099340467
2020-11-12,64.0,65.08000183105469,62.7400016784668,64.1500015258789,57.50885989940041,50.875064186479115,67.06413428413202,-0.6504540358221166
2020-11-13,64.55000305175781,64.75,63.06100082397461,63.77000045776367,58.10515900019691,51.38074796182361,66.05872785305864,4.131284634151918
2020-11-16,60.38999938964844,64.87999725341797,60.0,64.54000091552734,58.71800108737124,51.896797097262976,67.13392961283003,-1.405435658130859
2020-11-17,64.0,66.58000183105469,63.02000045776367,65.95999908447266,59.407715182333284,52.44829521440845,69.07925933878667,2.8215082081698384
2020-11-18,66.75,66.86000061035156,64.02999877929688,64.4800033569336,59.890790246580934,52.92012690627219,64.77581965877344,1.113380734002304
2020-11-19,64.94999694824219,66.33000183105469,64.30000305175781,65.88999938964844,60.46214349830165,53.42874935660067,66.89195617420704,2.0917236674477713
2020-11-20,66.0,68.20600128173828,65.5,66.55000305175781,61.04193964624986,53.9433083250382,67.86513446060522,0.8944875310406825
2020-11-23,67.0,67.25499725341797,64.58999633789062,66.08999633789062,61.52270695021564,54.419649031424576,66.40015844989405,2.496887247422743
2020-11-24,66.19999694824219,68.91000366210938,65.11000061035156,66.69000244140625,62.01483033032903,54.90083936122778,67.38899423260185,1.2141494296075164
2020-11-25,66.73999786376953,70.0,66.72000122070312,69.98999786376953,62.774370095418604,55.49257106720981,72.22971122516877,5.169037797543507
2020-11-27,71.0,74.93000030517578,70.95999908447266,74.76000213623047,63.91585886121021,56.24815659932827,77.4420754298444,13.118484307388542
2020-11-30,74.1500015258789,76.7699966430664,70.0999984741211,75.08000183105469,64.97911057262397,56.986660333905775,77.74387552945015,12.580595415362115
2020-12-01,76.80000305175781,76.80000305175781,71.16999816894531,72.29000091552734,65.67538584337667,57.586791337106625,69.06758698109019,3.2861882011121106
2020-12-02,71.63999938964844,71.98999786376953,68.83000183105469,71.9000015258789,66.26820638456736,58.14809369745064,67.92641587955697,-3.8255758809904292
2020-12-03,72.97000122070312,75.19000244140625,72.33000183105469,74.12999725341797,67.01694837207694,58.77483501337093,70.88830478344869,-1.2653230613584996
2020-12-04,74.47000122070312,77.83999633789062,74.04000091552734,77.3499984741211,68.00104838179543,59.50327279614545,74.54383911418067,6.999581538955135
2020-12-07,77.37000274658203,82.5199966430664,77.30999755859375,81.95999908447266,69.33047225824087,60.38392872902103,78.67284838044237,13.99165138400291
2020-12-08,82.16000366210938,84.36000061035156,80.9000015258789,83.55000305175781,70.68471328619486,61.29240223187345,79.8847313857664,12.707414201213272
2020-12-09,82.01000213623047,82.36000061035156,75.7300033569336,77.30999755859375,71.31569274070904,61.92054322507817,64.41489876446022,-0.051714177526101454
2020-12-10,77.0,86.20999908447266,76.37000274658203,84.05000305175781,72.52848419890417,62.78836517906561,70.95707391379322,2.550029271146134
2020-12-11,83.41999816894531,83.41999816894531,78.80999755859375,82.41000366210938,73.46958129063799,63.557841198008504,67.69582486761858,-1.3644516433377354
2020-12-14,83.26000213623047,84.19999694824219,80.97000122070312,81.43000030517578,74.22771643487968,64.2587101826033,65.75109268200403,5.32919787438805
2020-12-15,81.88999938964844,83.37000274658203,80.4209976196289,81.45999908447266,74.91650525865045,64.93327053169621,65.78349635569914,-3.081503715937092
2020-12-16,82.0,82.0,79.68399810791016,81.80999755859375,75.57302833483553,65.59510296412357,66.1854705100449,-0.7280743560887584
2020-12-17,82.1500015258789,82.48999786376953,79.61000061035156,81.81999969482422,76.16797798816778,66.23137342415104,66.1976918874123,0.47893821464673225
2020-12-18,82.0,84.19999694824219,81.05000305175781,83.80999755859375,76.89578937582739,66.92073123334488,68.62718058656499,2.8848496200990437
2020-12-21,85.33000183105469,87.19999694824219,82.95999908447266,86.20999908447266,77.78285696712695,67.6771731098597,71.30577307568554,5.378317634990208
2020-12-22,87.0,88.7699966430664,84.44000244140625,86.55999755859375,78.61877511869521,68.41767602941789,71.68543953997056,5.793202006170839
2020-12-23,86.55000305175781,86.55000305175781,81.25,81.9000015258789,78.93127287176033,68.94639467633793,60.2540719472587,-2.278959656787385
2020-12-24,83.95999908447266,87.30000305175781,82.63400268554688,84.9800033569336,79.50734244177683,69.57516364420442,64.3055881437862,-1.42674369632443
2020-12-28,86.7300033569336,86.7300033569336,77.48999786376953,77.5,79.31616697113141,69.88594154051013,50.7702344777167,-10.46672575569437
2020-12-29,79.13999938964844,80.12000274658203,75.94000244140625,76.4000015258789,79.03843692872641,70.14139487326969,49.13242249452837,-6.715506590390111
2020-12-30,77.20999908447266,78.3499984741211,74.51000213623047,77.52999877929688,78.89477615259027,70.43114404605507,50.88524073272154,-8.7667736918592
2020-12-31,77.44999694824219,77.79000091552734,75.04000091552734,75.98999786376953,78.618130601274,70.64913831341642,48.43567306228556,-1.9483898532006048
2021-01-04,77.55999755859375,77.69999694824219,72.22000122070312,74.58999633789062,78.23449876666606,70.80368176535659,46.255681055461274,-2.3691166908879966
2021-01-05,73.12999725341797,75.9000015258789,73.01000213623047,75.13999938964844,77.93978454028343,70.97373343689745,47.25995304052587,-3.0826769344495952
2021-01-06,73.0,75.2300033569336,71.01000213623047,73.2699966430664,77.49504283578656,71.06378297439427,44.23351319158127,-3.5794200515433436
2021-01-07,74.4000015258789,79.19000244140625,74.30999755859375,79.0199966430664,77.64027653171797,71.37579135355789,53.9901448711018,5.939134632890988
2021-01-08,80.16000366210938,81.94000244140625,77.55000305175781,79.1500015258789,77.7840598644952,71.68066234070773,54.18531253147128,5.336707704023353
2021-01-11,78.0,79.88999938964844,76.20999908447266,76.5,77.661768448829,71.86965597440546,49.5695533812511,4.408357451780027
2021-01-12,77.0,78.22000122070312,75.69000244140625,77.81999969482422,77.67683809130473,72.1030027869709,51.77329919159622,-1.5185990878518736
2021-01-13,78.58000183105469,82.69999694824219,77.9800033569336,82.4800033569336,78.134282402317,72.50994398579297,58.6440445708331,4.207203748399056
2021-01-14,83.31999969482422,84.77999877929688,79.72000122070312,80.51000213623047,78.36054142459447,72.82367175639837,55.0720370616605,5.241832857817606
2021-01-15,80.86000061035156,82.47000122070312,77.19000244140625,77.8499984741211,78.31191828645414,73.02078260807377,50.591155455840585,0.03854893268377924
2021-01-19,79.3499984741211,81.66999816894531,79.16000366210938,81.44000244140625,78.60983106311625,73.35094809173387,55.81622983091251,-1.260912794858558
2021-01-20,83.0,84.0199966430664,81.16999816894531,83.51000213623047,79.07651402246046,73.74934236798865,58.53886236348206,3.726245088062125
2021-01-21,84.1500015258789,84.98999786376953,82.0199966430664,83.0199966430664,79.45208379585151,74.11289743759954,57.63351197200384,6.64097401448752
2021-01-22,82.5,83.84300231933594,81.80999755859375,83.47000122070312,79.83474259821833,74.47984268399577,58.271779784200504,2.4926310393438422
2021-01-25,85.0,87.1500015258789,77.5999984741211,82.77999877929688,80.11524318689247,74.80533900145856,56.85733703629353,-0.8741508062025122
2021-01-26,82.73999786376953,82.75,76.91000366210938,77.02999877929688,79.82141038616908,74.89258056137379,46.68719971534245,-7.21512660319988
2021-01-27,75.16000366210938,77.66000366210938,71.5,74.56999969482422,79.32127603461242,74.87993033131302,43.13254690233676,-10.662515150019468
2021-01-28,75.0999984741211,79.72000122070312,74.3499984741211,78.80000305175781,79.27163098862627,75.03365867329124,50.159573015942534,-4.807919529148933
2021-01-29,78.02999877929688,78.5,74.79000091552734,76.66000366210938,79.02290457657705,75.09743690814686,46.995669363405646,-0.48032600681663584
2021-02-01,77.75,80.55999755859375,76.55000305175781,80.4800033569336,79.16167588899195,75.30851794535418,52.72772367435154,7.925444128062104
2021-02-02,81.81999969482422,83.73999786376953,80.04000091552734,83.56999969482422,79.58151625145217,75.63249762180399,56.79764216759714,6.053294997886425
2021-02-03,84.37999725341797,84.80000305175781,82.06999969482422,82.33999633789062,79.84422864063679,75.89553678714073,54.7760079060247,7.409330034494495
2021-02-04,82.55999755859375,83.97000122070312,81.75,83.04000091552734,80.14858790491208,76.17571185099902,55.74149895035761,3.180911346685721
2021-02-05,83.5,85.94000244140625,82.93000030517578,85.55999755859375,80.66396025288176,76.54372305521842,59.12467312825645,2.381234738586195
2021-02-08,87.0,91.9499969482422,86.3489990234375,91.12999725341795,81.66072568150426,77.11573380808899,65.41723215415591,10.675250554368086
2021-02-09,91.08999633789062,94.81999969482422,90.22200012207033,93.45999908447266,82.78446600559649,77.75668538755502,67.66003635590621,12.548167213467499
2021-02-10,94.7699966430664,95.7699966430664,87.33000183105469,90.91000366210938,83.55832673478818,78.27250179047873,62.85559007902868,6.252929238166234
2021-02-11,92.7699966430664,93.0,89.33999633789062,91.27999877929688,84.29372407236043,78.78259971160885,63.2632083246578,0.16460170130565263
2021-02-12,86.31999969482422,87.56999969482422,83.33000183105469,85.94999694824219,84.45146434625393,79.06367411304545,54.059764781877874,-8.03552558292093
2021-02-16,84.80999755859375,84.92500305175781,81.0199966430664,82.06999969482422,84.22465818897491,79.18156923389952,48.52552324068896,-9.723906733236229
2021-02-17,82.62000274658203,87.05999755859375,80.26200103759766,84.4000015258789,84.24135755439434,79.38621363750656,51.72180123079034,-7.5372451198787855
2021-02-18,83.01000213623047,85.25,81.5999984741211,82.79000091552734,84.10313311259749,79.51969549154659,49.43744875755468,-3.6765516520236137
2021-02-19,84.0,85.81999969482422,81.62999725341797,82.16999816894531,83.91902502272586,79.62362892987595,48.548216897233274,0.1218453448189792
2021-02-22,81.48999786376953,82.66999816894531,78.27999877929688,78.37999725341797,83.39149856850607,79.57485906021093,43.40823619632258,-7.132706355005303
2021-02-23,74.5,77.37000274658203,70.7040023803711,77.27999877929688,82.80945096953376,79.48486453939077,42.01777551548478,-6.655395670127433
2021-02-24,75.98999786376953,76.61000061035156,73.1500015258789,76.43000030517578,82.2018842395949,79.36506594197057,40.926824211336594,-6.985515384785369
2021-02-25,75.54000091552734,76.2300033569336,70.56500244140625,71.72000122070312,81.20360966636711,79.06525948231302,35.436363181457764,-8.497060814102564
2021-02-26,72.4000015258789,74.29000091552734,70.86000061035156,73.97000122070312,80.51469457630388,78.86544543283813,39.60458763292933,-4.2831232024818435
2021-03-01,75.41000366210938,77.16999816894531,74.43000030517578,76.9000015258789,80.17043809531103,78.78836920119267,44.61872144426378,0.6149433714856297
2021-03-02,77.19999694824219,77.48999786376953,74.4800033569336,75.5,79.72563446718617,78.65941354624394,42.79067739178885,5.270494583044873
2021-03-03,74.9000015258789,75.58000183105469,70.05999755859375,70.83000183105469,78.87843135898316,78.3523777927071,37.300822902234,-4.244963279478219
2021-03-04,70.0,72.1500015258789,64.75,67.30000305175781,77.77572390115218,77.91895133227771,33.773609927695425,-12.48374289159206
2021-03-05,67.1500015258789,67.38999938964844,60.959999084472656,67.02999877929688,76.75232150859453,77.491933585102,33.51257308436677,-11.218544663182946
2021-03-08,65.69000244140625,68.05000305175781,61.77000045776367,61.77000045776367,75.32543378946778,76.87538718795149,28.83663678886587,-12.791191781840038
2021-03-09,65.77999877929688,69.7300033569336,63.854000091552734,69.43000030517578,74.76396393382092,76.5834112317642,41.612941155261076,3.1649289105973306
2021-03-10,71.22000122070312,72.33999633789062,68.97000122070312,70.48999786376953,74.35691954619698,76.34445384478403,43.13439654862702,5.161866548536063
2021-03-11,73.55999755859375,76.77999877929688,72.37999725341797,76.61000061035156,74.57149869516408,76.35486744343373,51.06323103968713,24.024607483587445
2021-03-12,73.7699966430664,76.33999633789062,72.04000091552734,76.30000305175781,74.73611815769682,76.35271589866213,50.67778052813575,9.894862042899767
2021-03-15,76.0,76.1500015258789,73.83000183105469,75.1500015258789,74.7755356213332,76.30555062914122,49.194239993896936,6.6108721851792325
2021-03-16,75.63999938964844,77.04000091552734,72.80000305175781,74.04000091552734,74.70548469697074,76.21670554233283,47.74150168111642,-3.3546530144224533
2021-03-17,71.94999694824219,75.75,70.76000213623047,74.81999969482422,74.7163908872425,76.16193276399916,48.88381941565928,-1.939715986550668
2021-03-18,73.81999969482422,73.8949966430664,69.3270034790039,70.41999816894531,74.30721062835705,75.93675885831078,43.15337448877145,-6.294082848827028
2021-03-19,71.08999633789062,72.0199966430664,69.58000183105469,71.69000244140625,74.05795270579031,75.7702193909812,45.15195390903407,-3.1739579214784457
2021-03-22,72.0,74.05000305175781,71.37000274658203,72.76000213623047,73.93433836583223,75.65217165550078,46.84747719730061,-2.753271273718347
2021-03-23,73.33000183105469,74.06500244140625,71.95999908447266,72.37000274658203,73.78535402114174,75.52345914926867,46.2858402023861,2.76910626006897
2021-03-24,75.0,75.0,67.80000305175781,67.83000183105469,73.21817762208583,75.22175494071126,40.23821459408116,-5.384294153855585
2021-03-25,65.37000274658203,67.41999816894531,64.0199966430664,66.6500015258789,72.5926370414947,74.88560774797274,38.81854632300851,-8.39747173029441
2021-03-26,67.81999969482422,68.91999816894531,64.75,67.56999969482422,72.11429062752607,74.59872115765319,40.57881518839734,-6.632586526997904
2021-03-29,67.18000030517578,67.91500091552734,64.91000366210938,65.62999725341797,71.49673887761102,74.24700649474201,38.0901208313428,-3.2434092853429473
2021-03-30,64.7699966430664,66.24099731445312,63.25,65.80000305175781,70.95419260848215,73.91575145776224,38.44638480428821,-1.2753165111197422
2021-03-31,67.19999694824219,71.43000030517578,67.0199966430664,70.26000213623047,70.88807923017247,73.7723887392708,47.054306547966654,3.981060313090842
2021-04-01,73.16999816894531,74.22000122070312,71.54000091552734,71.79000091552734,70.9739765335396,73.69464804030046,49.65530137480976,9.385957519278374
2021-04-05,72.58000183105469,72.98999786376953,70.04000091552734,71.16999816894531,70.99264526072109,73.59564216299242,48.61310532195685,8.161086425730863
2021-04-06,70.80000305175781,73.7300033569336,70.80000305175781,72.20999908447266,71.108583720126,73.54130321873674,50.49025658121354,2.775401208302336
2021-04-07,72.06999969482422,72.12000274658203,69.51000213623047,70.05000305175781,71.00776651361475,73.40438948669835,46.67653146872006,-2.4237328897890986
2021-04-08,71.2300033569336,73.36000061035156,70.66000366210938,72.36000061035156,71.13655071330398,73.36343306017494,50.9440620636935,1.6720563046543704
2021-04-09,72.51000213623047,72.66999816894531,69.9000015258789,70.87999725341797,71.11211705045768,73.26604342069427,48.27815631217372,-1.841852718345593
2021-04-12,69.75,70.69000244140625,68.30999755859375,69.7300033569336,70.98048717488396,73.12737518289974,46.25277618602553,-0.45681610404467893
2021-04-13,70.38999938964844,79.80999755859375,69.83999633789062,77.61000061035156,71.61186940683325,73.30316441534883,58.958385980405424,7.255389656877578
2021-04-14,77.9000015258789,77.97000122070312,74.4000015258789,74.56999969482422,71.89359610092762,73.35284423023022,53.68571634715159,5.205985587461787
2021-04-15,75.69999694824219,78.83000183105469,75.5999984741211,78.08999633789062,72.48372945682887,73.53861490111886,58.33233813360086,11.989090174230942
2021-04-16,78.16000366210938,79.0199966430664,73.43000030517578,74.23999786376953,72.65099311463274,73.56612011534045,52.16745288564672,-4.342227445018913
2021-04-19,73.80000305175781,75.48999786376953,71.70999908447266,73.30000305175781,72.71280358483513,73.55568415206271,50.75699192130521,-1.7030932657420335
2021-04-20,74.11000061035156,74.37000274658203,70.9000015258789,72.38999938964844,72.68206032815068,73.5099710241249,49.36547925740675,-7.2992665072983876
2021-04-21,71.18000030517578,74.0,70.51000213623047,73.77999877929688,72.78662589492652,73.52056034785713,51.550409378270054,-0.6196108535950594
2021-04-22,74.91999816894531,78.01499938964844,74.51000213623047,75.43000030517578,73.03837583875978,73.59544034618335,54.08329723534425,2.9058624348404978
2021-04-23,77.76000213623047,83.47000122070312,76.5199966430664,82.72000122070312,73.96043539894485,73.95326626283119,63.229710489646905,14.269929435214014
2021-04-26,81.5,85.0,80.88999938964844,84.76000213623047,74.98896556440063,74.3770598264939,65.312025952158,14.882086661154366
2021-04-27,84.83000183105469,88.04000091552734,84.7699966430664,87.01000213623047,76.13382619028918,74.87246932883652,67.49824241664976,15.351984335415816
2021-04-28,86.12999725341797,86.56999969482422,83.8499984741211,86.16000366210938,77.08870023522444,75.31511773406291,65.81078960118215,4.158610240137772
2021-04-29,87.0,87.0,83.36499786376953,84.88999938964844,77.83168110707435,75.69060328918391,63.26583444974709,0.15337098884097564
2021-04-30,84.08999633789062,86.16000366210938,82.69000244140625,84.73999786376953,78.48961603628341,76.04548150779512,62.956166339151835,-2.6089003755071976
2021-05-03,84.81999969482422,85.37999725341797,82.19999694824219,84.05999755859375,79.02012856221772,76.35977625488526,61.486875461647635,-2.4373328856288636
2021-05-04,81.48999786376953,82.72000122070312,79.02999877929688,80.19000244140625,79.13154512214044,76.50998120337628,53.7924402532687,-5.536573191229531
2021-05-05,81.04000091552734,82.05999755859375,77.5,79.0199966430664,79.12092145746672,76.60841318140335,51.68655739373937,-6.750060614703772
2021-05-06,73.9000015258789,75.56400299072266,67.43000030517578,69.06999969482422,78.16369081340554,76.31278912310613,38.0457811314695,-17.83249857141716
2021-05-07,74.93000030517578,78.22000122070312,71.13999938964844,71.62000274658203,77.54048242608901,76.12875828481107,42.25208120832154,-10.687117388587438
2021-05-10,69.9000015258789,70.55000305175781,66.75,68.87000274658203,76.71472245661217,75.84410120488052,39.16397118061247,-12.844842226875727
2021-05-11,64.94999694824219,71.73999786376953,64.83999633789062,71.29000091552734,76.19808230984218,75.66550903667058,43.10479783262324,3.2141323736960743
2021-05-12,70.86000061035156,71.44999694824219,68.16500091552734,69.69000244140625,75.57826517951494,75.43117544469943,41.20433827081184,-2.6947783177345492
2021-05-13,70.05000305175781,71.43000030517578,65.62000274658203,66.6500015258789,74.72795435535913,75.08681568317706,37.79474000162021,-3.223466142250593
2021-05-14,67.22000122070312,72.63999938964844,67.22000122070312,72.30000305175781,74.49672089787329,74.97752891331749,46.63345078762822,1.4167514704162179
2021-05-17,69.0,71.58999633789062,68.9000015258789,70.95999908447266,74.15989024897799,74.81997872395102,45.00032489093677,1.8223512678654161
2021-05-18,72.6500015258789,73.91999816894531,71.58999633789062,72.43000030517578,73.99513882575873,74.72625408007748,47.18542914139225,8.672166011958174
2021-05-19,68.66500091552734,70.83000183105469,68.16000366210938,70.79000091552734,73.68988759621288,74.57189121087944,45.03571943665882,-2.0885229218448234
2021-05-20,71.48999786376953,74.73999786376953,71.0,74.5,73.76704115847832,74.5690719477077,50.52678741014238,4.988727397407705
2021-05-21,75.12000274658203,75.79000091552734,73.38999938964844,74.80000305175781,73.8654184816478,74.57812806943515,50.953485769245376,3.2721285884250824
2021-05-24,75.8499984741211,79.40899658203125,75.18000030517578,78.87999725341797,74.34299741229258,74.74682882174821,56.45416184523184,11.428162499311586
2021-05-25,79.5,80.7300033569336,78.94000244140625,79.58999633789062,74.84271159568287,74.93675695963616,57.350566527975616,6.832209849517618
2021-05-26,80.0,81.06999969482422,79.41000366210938,79.87999725341797,75.32245308689573,75.13060952017662,57.733287443131935,6.7914358213930255
2021-05-27,80.3499984741211,83.0,78.0999984741211,82.80999755859375,76.03555256039078,75.4317619922714,61.49305482992263,4.982252081665088
2021-05-28,82.41999816894531,83.80000305175781,81.95999908447266,82.05999755859375,76.60930922688631,75.69169279879385,60.02126455711335,3.103406626904473
2021-06-01,82.33000183105469,83.36000061035156,80.31999969482422,83.06999969482422,77.22461308097563,75.98103816726564,61.362409175635555,3.993493429007039
2021-06-02,83.12999725341797,84.12000274658203,82.5,83.86000061035156,77.85655475044001,76.29001708660235,62.42421381815184,1.2679665290593245
2021-06-03,83.23999786376953,83.37999725341797,80.44999694824219,81.91999816894531,78.24354936172622,76.51080065845893,58.19481864526009,-0.1706061343085868
2021-06-04,82.80999755859375,84.0999984741211,82.7239990234375,83.08000183105469,78.70416388261465,76.76841639071759,59.94245580899614,0.012040611854115542
2021-06-07,83.06999969482422,86.1500015258789,82.19999694824219,85.83999633789062,79.38376697359331,77.12416462394006,63.81811749361522,2.361072875182706
2021-06-08,86.83999633789062,90.83999633789062,86.83999633789062,89.77999877929688,80.37388428842222,77.62047184571877,68.50304678874198,9.594727522016932
2021-06-09,89.77999877929688,90.8000030517578,87.70999908447266,90.12999725341795,81.3030379041361,78.11104146955012,68.88842593452519,8.485791125401771
2021-06-10,90.0,93.6449966430664,88.80999755859375,93.47000122070312,82.46179631523772,78.71335361665416,72.36352953753119,8.888636076798782
2021-06-11,92.94000244140624,94.4000015258789,92.20999908447266,94.0,83.56067285664365,79.31282994541283,72.88117125658215,4.700380127067066
2021-06-14,94.6999969482422,97.3249969482422,93.66999816894533,95.63999938964844,84.711084907406,79.95311110008873,74.47439316475884,6.113394323909767
2021-06-15,94.33000183105467,95.83999633789062,92.81999969482422,93.4000015258789,85.538600775832,80.48044013639424,68.55053325184609,-0.07489001167223071
2021-06-16,92.70999908447266,95.20999908447266,92.0,94.76000213623048,86.41682947682233,81.04042295991722,70.10531002142476,0.8085129108834925
2021-06-17,94.41000366210938,101.29000091552734,94.0,100.69000244140624,87.77617928297317,81.81099470428934,75.73764004839974,5.280220706802288
2021-06-18,102.3000030517578,102.4459991455078,98.8000030517578,101.68000030517578,89.10035271365913,82.59017139452018,76.53256103449701,8.865094907951029
2021-06-21,100.9800033569336,101.8499984741211,96.61000061035156,101.08000183105467,90.24127167722061,83.3152627841882,74.93024331394308,6.669480321178471
2021-06-22,101.0,103.23999786376952,100.66000366210938,102.56999969482422,91.41543625032571,84.07035050617394,76.2595103775507,1.8671141204033592
2021-06-23,102.79000091552734,104.16999816894533,102.12999725341795,103.73999786376952,92.58920402303464,84.84170922607964,77.27830595797637,2.025961400876271
2021-06-24,104.73999786376952,109.9800033569336,103.87000274658205,104.56999969482422,93.73023218225269,85.61536767583434,77.99959061610393,3.452708548227705
2021-06-25,105.0,106.22000122070312,102.52999877929688,104.83999633789062,94.78830495898012,86.36927468218948,78.24155852365824,2.213119479204749
2021-06-28,105.77999877929688,106.63500213623048,104.12000274658205,106.04000091552734,95.85989505007986,87.14067571094783,79.32969439124189,2.217084151841001
2021-06-29,105.33000183105467,108.0,104.8499984741211,107.5999984741211,96.97800013808379,87.94300209381737,80.68219892779675,2.8975794091418052
2021-06-30,107.04000091552734,107.4499969482422,105.76000213623048,105.83999633789062,97.82199977616062,88.64484500534965,74.74035869327724,0.9538344476635452
2021-07-01,106.0,106.47000122070312,103.27999877929688,104.38999938964844,98.44752354887375,89.26230204002803,70.15631656853965,-1.556018023041433
2021-07-02,105.8499984741211,107.5999984741211,105.3000030517578,106.0199966430664,99.16871146260638,89.91946653426483,72.21905829146566,-1.4684032095360058
2021-07-06,106.41000366210938,109.1999969482422,106.0199966430664,108.93000030517578,100.09835801904156,90.66497766253585,75.47775539764793,2.9195049831827493
2021-07-07,109.91999816894533,110.94400024414062,106.8000030517578,108.3499984741211,100.88422853857294,91.35850789044116,73.6240644320815,3.793465952319317
2021-07-08,103.7699966430664,109.68000030517578,101.6999969482422,108.77999877929688,101.63620665673713,92.04170361157276,74.13130841329819,2.6032844969071878
2021-07-09,108.38999938964844,109.47000122070312,105.66000366210938,108.97000122070312,102.33466328187674,92.70555841977395,74.3658945252124,0.0367216702609732
2021-07-12,110.3000030517578,111.97000122070312,106.05999755859376,107.27999877929688,102.80564761496437,93.27710510053956,68.42243645693578,-0.9875401106533318
2021-07-13,107.68000030517578,108.91999816894533,105.9499969482422,106.51000213623048,103.15844328365638,93.79604223919411,65.84050486032481,-2.086777595642353
2021-07-14,107.68000030517578,108.77999877929688,103.6999969482422,104.37999725341795,103.274781756967,94.21109929857543,59.18702069943177,-4.212172080267096
2021-07-15,104.06999969482422,106.0,101.38999938964844,102.66999816894533,103.21718332001255,94.54282082290366,54.43141779208832,-4.29716691163982
2021-07-16,103.5999984741211,104.25800323486328,101.3499984741211,102.66000366210938,103.16411859068845,94.8611417185588,54.40390343683238,-3.6146825621098087
2021-07-19,101.0,106.62999725341795,99.51399993896484,105.5199966430664,103.38848792901015,95.27913602932381,60.549333980187185,1.09216269366315
2021-07-20,104.48999786376952,108.66000366210938,102.3000030517578,107.68000030517578,103.79720339340687,95.7654444322984,64.4467612752415,4.879713865375166
2021-07-21,107.01000213623048,109.77999877929688,105.61000061035156,109.5199966430664,104.34223132194587,96.30483863664224,67.40118418002399,6.682245018747234
2021-07-22,110.16000366210938,115.37999725341795,109.76000213623048,113.7699966430664,105.24011373348117,96.98974679375692,72.98525609018472,7.818423296492871
2021-07-23,114.0500030517578,117.4000015258789,112.52999877929688,117.23999786376952,106.38295984112767,97.78387428669859,76.52151906220217,8.87815521127392
2021-07-26,116.93000030517578,117.48999786376952,115.25,116.7300033569336,107.3683925569187,98.5268597404333,74.96826775156535,6.583278793702963
2021-07-27,116.56999969482422,116.99199676513672,112.2699966430664,115.47000122070312,108.13997433442198,99.1912966612282,71.12692847297419,1.494246838180182
2021-07-28,116.38999938964844,119.93000030517578,115.87000274658205,119.75,109.24569106447703,99.99752032157218,75.68460560556005,2.140909401198603
2021-07-29,119.38999938964844,122.7699966430664,119.11000061035156,120.38999938964844,110.3070537621124,100.79722538306537,76.28737446940676,3.1354372718755217
2021-07-30,119.37999725341795,122.08000183105467,117.98999786376952,118.62999725341795,111.09971504699865,101.49654977013802,71.06975245672655,2.736638087216249
2021-08-02,119.2699966430664,120.4499969482422,114.83999633789062,118.58999633789062,111.81307516994075,102.1668810080891,70.95097890132278,-0.968687818045407
2021-08-03,118.79000091552734,120.0,117.41999816894533,119.56999969482422,112.55182988659631,102.84935625070617,72.17776618480487,-0.6811194442905906
2021-08-04,119.9000015258789,121.25,118.81999969482422,120.0,113.26117942120618,103.52193051538435,72.72211138649722,1.1548535600615746
2021-08-05,118.9800033569336,122.23500061035156,117.8000030517578,121.45999908447266,114.04201938913631,104.22538418476037,74.54329250266969,2.420105266218849
2021-08-06,117.27999877929688,121.33000183105467,115.0,118.81999969482422,114.49706513253517,104.79772204790014,65.96690453775203,-0.6272476389681424
2021-08-09,117.9800033569336,125.45999908447266,117.12999725341795,123.43000030517578,115.34782086326285,105.52839962661683,72.020548602224,2.8583335876464844
2021-08-10,125.7300033569336,127.6999969482422,122.38999938964844,125.47000122070312,116.31183804016193,106.31042321854179,74.20696065935843,3.3015002193780716
2021-08-11,123.25,124.0,116.37999725341795,119.01000213623048,116.56880604931132,106.80844592119625,58.592652242736456,0.1599077948950211
2021-08-12,117.4000015258789,125.77999877929688,117.0019989013672,122.2300033569336,117.10796769765629,107.41321287946046,62.79496254937115,-0.9722084949163434
2021-08-13,122.30999755859376,123.52999877929688,120.16000366210938,121.75,117.55006601216522,107.97543982536398,61.788286404565966,-2.964853099953033
2021-08-16,119.5199966430664,120.99199676513672,116.63999938964844,120.37999725341795,117.8195832732369,108.46189305783669,58.88664570096772,1.1511596442282568
2021-08-17,120.22000122070312,121.33000183105467,117.93000030517578,119.83999633789062,118.01200356510869,108.90809318646626,57.73573942643179,-1.955335804142718
2021-08-18,118.98999786376952,119.31999969482422,116.54000091552734,116.93000030517578,117.90895563559127,109.22267777935683,51.85421640890266,-3.9589319875352924
2021-08-19,115.88999938964844,120.0,115.00299835205078,118.1500015258789,117.93191238704723,109.57276890667143,53.97124558361398,-1.8524636803609262
2021-08-20,119.0,122.41500091552734,118.1500015258789,119.95999908447266,118.12506350108775,109.98011126658521,56.992681296088776,0.10013580628263852
2021-08-23,121.16000366210938,124.33999633789062,120.0999984741211,124.18000030517578,118.70172414909614,110.53696966025544,63.07806370863412,6.200290756074757
2021-08-24,125.0,125.75,122.83999633789062,124.0199966430664,119.20822629137902,111.06571581644411,62.71571732499203,4.968256488682118
2021-08-25,124.38999938964844,125.43000030517578,122.80999755859376,123.23999786376952,119.5922045363686,111.54313864182943,60.8797410781782,2.734243751525183
2021-08-26,123.22000122070312,124.22000122070312,120.76000213623048,120.9000015258789,119.71675663060768,111.91007444120392,55.61930043670718,-2.6413261163119564
2021-08-27,122.47000122070312,124.97000122070312,121.5,123.56999969482422,120.08373216053306,112.36732641193413,59.87920018870633,-0.3628422515905184
2021-08-30,122.58999633789062,124.62999725341795,121.05999755859376,123.41999816894533,120.40147178038184,112.80076452005221,59.53347116688001,0.14605672532937192
2021-08-31,123.41999816894533,123.44000244140624,120.37000274658205,120.73999786376952,120.43371235975209,113.11210700411957,53.581034405398796,-0.13234380487178082
2021-09-01,120.0,129.6699981689453,119.2699966430664,126.86000061035156,121.04573981219013,113.6512400867169,62.7422256587834,2.662459273005199
2021-09-02,128.0,129.6219940185547,126.18000030517578,128.61000061035156,121.76614560249122,114.23785814646727,64.87684818114253,4.205155176150483
2021-09-03,128.47999572753906,131.593994140625,128.03900146484375,130.44000244140625,122.59222720619742,114.87323635411194,67.00568077193041,8.033795551811432
2021-09-07,131.00999450683594,132.08999633789062,127.61100006103516,131.27999877929688,123.41963402268308,115.51663880215841,67.96547228791188,3.4841543021281116
2021-09-08,130.4199981689453,131.17999267578125,126.51000213623048,128.17999267578125,123.87300151345434,116.0132409148495,60.922073902973985,-0.33435030909695995
2021-09-09,129.0,131.32000732421875,127.9499969482422,127.98999786376952,124.26509640396054,116.48291765794441,60.50819623084886,-1.8782616772314742
2021-09-10,129.30999755859375,130.44000244140625,127.38999938964844,127.4800033569336,124.5712780185294,116.91417592064987,59.342799518833324,-2.8945730177463624
2021-09-13,127.98999786376952,128.27000427246094,120.83000183105467,124.6999969482422,124.58353696421634,117.21950223545741,53.314810732581485,-2.7149289486553156
2021-09-14,125.20999908447266,128.9199981689453,125.20999908447266,126.76000213623048,124.79081936155102,117.59363948646812,56.815395153576,-0.961009257026648
2021-09-15,126.5199966430664,128.8350067138672,125.08000183105467,128.5500030517578,125.14883685585643,118.023300802754,59.646843028746865,0.8393470871100521
2021-09-16,129.0,133.9499969482422,128.10299682617188,133.49000549316406,125.94323386893335,118.6298382415936,66.22790800151772,7.04892442665434
2021-09-17,133.0,134.5399932861328,130.50999450683594,131.41000366210938,126.46387861114059,119.13102119926089,61.6675729186279,3.668350779042651
2021-09-20,125.27999877929688,129.4199981689453,124.83999633789062,127.19000244140624,126.53303326164207,119.44705967934502,53.60304867943361,-1.0579545531430308
2021-09-21,128.99000549316406,131.39999389648438,127.76000213623048,130.39999389648438,126.90131522686515,119.8765865113897,58.092466064751946,-2.3147887253910744
2021-09-22,130.60000610351562,137.07000732421875,130.39999389648438,136.97000122070312,127.86023770246877,120.54691649999023,65.45926441722042,4.231030670153549
2021-09-23,136.97000122070312,137.0,130.82000732421875,135.6699981689453,128.60402441356177,121.13997852622377,63.09579338329965,6.667187329794755
2021-09-24,130.77000427246094,132.99000549316406,127.80999755859376,130.36000061035156,128.77126024182746,121.50154801971898,54.448164555737286,-0.030669699390139873
2021-09-27,127.98999786376952,128.60000610351562,121.7300033569336,122.80999755859376,128.20352093866234,121.55285976634153,45.003610055253205,-10.338032807120298
2021-09-28,119.33000183105467,119.33000183105467,112.8000030517578,113.08000183105467,126.76318578555684,121.22059082770284,36.271585012836795,-16.650694068529486
2021-09-29,115.29000091552734,115.83999633789062,110.68000030517578,112.33999633789062,125.38954869530292,120.87233222025922,35.70417936736774,-13.823261881014455
2021-09-30,113.13999938964844,115.31999969482422,110.77999877929688,112.6500015258789,124.1762584886911,120.54988787930314,36.15476187876865,-8.272938876875582
2021-10-01,113.01000213623048,115.0199966430664,108.93000030517578,114.9800033569336,123.30042466661897,120.33146103528865,39.58189273550653,1.6802277105704213
2021-10-04,114.0,115.81999969482422,111.56999969482422,115.7300033569336,122.57943216093464,120.15101171456885,40.6855952625203,3.01763141316711
2021-10-05,116.73999786376952,125.62000274658205,116.73999786376952,125.58999633789062,122.86615255873997,120.36430522920892,52.873970085026585,11.48690158609455
2021-10-06,123.9800033569336,135.10499572753906,123.9800033569336,133.44000244140625,123.87318588089866,120.87707766890294,59.9330760169544,16.05496481607075
2021-10-07,134.0399932861328,137.02999877929688,132.5399932861328,136.9199981689453,125.1157394321412,121.50621180615951,62.60713501938771,18.309854140985117
2021-10-08,137.14999389648438,139.89999389648438,134.74000549316406,139.66000366210938,126.50090745404293,122.2181252122752,64.60987464455522,11.203127426140242
2021-10-11,135.3249969482422,145.6999969482422,134.92999267578125,144.27000427246094,128.19320238913036,123.08290478326288,67.74047710407822,8.116008417948105
2021-10-12,145.99000549316406,151.468994140625,144.8000030517578,150.94000244140625,130.35956429887094,124.17533998554302,71.64829579312105,10.239559202419564
2021-10-13,151.8000030517578,159.47000122070312,151.19000244140625,159.42999267578125,133.12817652524333,125.5578753851602,75.68571725716225,14.155798722090106
2021-10-14,161.86000061035156,166.13999938964844,159.5500030517578,165.27999877929688,136.19025483515318,127.11560571434204,78.00949183147102,14.562967966062812
2021-10-15,162.42999267578125,168.9499969482422,162.26699829101562,167.69000244140625,139.19023079765347,128.7067585271681,78.90398894590977,11.097124505812978
2021-10-18,167.60000610351562,182.8999938964844,167.0,180.77000427246097,143.1502092238256,130.7484544387482,82.95614600023643,13.38519260932102
2021-10-19,179.5,180.0,171.32000732421875,172.88999938964844,145.9825701919992,132.40106404466587,73.763683139155,4.604308244528374
2021-10-20,175.8000030517578,176.8000030517578,168.2899932861328,175.4499969482422,148.78899178783186,134.08925749186494,74.7428688862247,4.6275832750061605
2021-10-21,176.8800048828125,183.8000030517578,176.00999450683594,182.0,151.9519449508955,135.96811013924278,77.09803526121429,0.6804202569388418
2021-10-22,182.61000061035156,184.4669952392578,177.22000122070312,181.3500061035156,154.75176029876408,137.74779233392016,76.33731165253425,4.89328864811928
2021-10-25,182.0,192.0800018310547,179.72999572753906,189.41000366210935,158.05254538098745,139.77376140561387,79.09219010085383,7.9566867806702595
2021-10-26,190.80999755859375,191.17999267578125,181.61300659179688,185.36000061035156,160.65325540283166,141.56145706070163,74.40466458758728,1.8461541815118476
2021-10-27,180.5,187.5099945068359,178.11000061035156,178.64999389648438,162.36723049746524,143.0159094856343,67.28913430000193,-1.4888404279898615
2021-10-28,177.49000549316406,186.47000122070312,174.74000549316406,184.0500030517578,164.43225645501693,144.62508962548227,69.79278650228017,-2.829840297090802
2021-10-29,183.36000061035156,196.8000030517578,182.77999877929688,194.72000122070312,167.31680357555848,146.58959596254977,74.02352941556278,5.049633458961505
2021-11-01,194.75,194.7740020751953,188.6300048828125,194.2599945068359,169.88282175948967,148.45902335644334,73.54529002494795,8.7377560277984
2021-11-02,194.9900054931641,196.3500061035156,189.1999969482422,192.3699951171875,172.02445731736566,150.18102224902154,71.50133249157183,4.520506344729575
2021-11-03,193.52000427246097,196.0,189.4600067138672,194.8500061035156,174.1983191065228,151.93274710606053,72.578265167823,0.06676503800198678
2021-11-04,195.0,202.27999877929688,193.5,201.08999633789065,176.75943122379593,153.8604823700539,75.12531040649202,3.5159075590390794
2021-11-05,216.0800018310547,218.0,192.4900054931641,197.2599945068359,178.7118658221807,155.5624240224767,70.77970550587864,2.541976146887944
2021-11-08,194.5,211.2599945068359,192.55999755859375,210.0,181.69168812483016,157.69723092355605,75.7952671188817,7.775208325339158
2021-11-09,207.0,209.8999938964844,200.3000030517578,204.6000061035156,183.87343269422877,159.5365554404172,70.28813684897487,1.745491983463508
2021-11-10,202.9900054931641,204.9499969482422,192.8500061035156,195.36000061035156,184.96739154338331,160.94139642747345,61.988517816115305,-0.963192714891059
2021-11-11,200.57000732421875,202.9900054931641,195.8000030517578,196.2599945068359,186.0428775399026,162.32643948940924,62.45356482359306,-6.542859758649566
2021-11-12,199.3800048828125,207.4600067138672,197.43099975585935,204.7599945068359,187.82546010818197,163.9905004704848,66.60865120322676,0.0781956982148709
2021-11-15,205.63999938964844,209.0,204.7599945068359,206.6000061035156,189.61351210773756,165.66146147570169,67.44843885946433,5.7534835473216415
2021-11-16,205.0,214.9429931640625,204.63999938964844,212.1699981689453,191.76174887547162,167.48532565975046,69.91506485408242,8.10659538745439
2021-11-17,211.97999572753903,216.0,208.0399932861328,211.8000030517578,193.67015403511792,169.22315614571153,69.53811766213906,3.438175783251876
2021-11-18,211.08999633789065,221.63999938964844,208.5,217.25,195.91585365082096,171.10656178705617,71.9381189597164,5.15488556720966
2021-11-19,216.8000030517578,220.7899932861328,210.94000244140625,211.0399932861328,197.35624790180304,172.6725787085886,65.59629017865852,-0.5325940955670402
2021-11-22,209.72999572753903,212.5,185.67999267578125,186.4499969482422,196.31755733479724,173.21286961994755,47.67416195516934,-11.968841236192436
2021-11-23,183.88999938964844,191.41000366210935,178.4199981689453,184.6499938964844,195.20636081686268,173.6613842974588,46.668994981070725,-15.005756549374269
2021-11-24,182.0,198.27999877929688,180.0,197.38999938964844,195.41432639522324,174.5919182226427,54.05302018302486,-6.467965471349027
2021-11-26,198.63999938964844,205.7899932861328,196.72999572753903,200.1199951171875,195.8624853211246,175.59301927733074,55.47563768034348,7.331723460816174
2021-11-29,197.5,199.2100067138672,185.7100067138672,191.08999633789065,195.40796256081663,176.20074386794093,49.96493579355969,3.487680830911126
2021-11-30,192.55999755859375,196.97999572753903,182.58999633789065,188.2400054931641,194.72529998294496,176.67287177481242,48.33305177689927,-4.635490108301906
2021-12-01,190.1199951171875,190.5249938964844,163.86000061035156,164.2100067138672,191.81908157636613,176.18413196850085,37.27778903542084,-17.94422810288993
2021-12-02,163.82000732421875,174.47999572753906,162.52000427246094,166.3699951171875,189.39535905644436,175.79926385668463,38.636470150230934,-12.936313618946624
2021-12-03,166.97000122070312,167.6999969482422,150.1999969482422,159.69000244140625,186.56627747405977,175.167528114909,36.03661350328441,-15.16680950840422
2021-12-06,153.47000122070312,155.60000610351562,144.52000427246094,147.69000244140625,182.86377508999755,174.08997808849713,31.88574926014887,-10.06029084527518
2021-12-07,155.64999389648438,160.69000244140625,155.27000427246094,156.25,180.32912984333112,173.3903711046345,37.42290845851234,-6.082824676444325
2021-12-08,156.83999633789062,162.3300018310547,150.02999877929688,160.44000244140625,178.434927233624,172.88251350999812,39.9942922804542,0.46965995900412827
2021-12-09,165.66000366210938,170.39999389648438,148.7570037841797,150.1999969482422,175.74588625406383,171.99300305659594,36.091081324297996,1.6995019739618051
2021-12-10,151.50999450683594,155.66000366210938,139.69000244140625,140.47999572753906,172.38723001344243,170.75719884761332,32.81710806161886,-10.092802734375
2021-12-13,140.4600067138672,147.74000549316406,140.0800018310547,145.02999877929688,169.7817794197143,169.7482890410127,35.75505694006544,-9.604838835462628
2021-12-14,134.0399932861328,138.75,127.2699966430664,132.0,166.18351471307483,168.26796398058084,31.505968719503272,-12.117175311603882
2021-12-15,132.0,141.75999450683594,129.5,139.0500030517578,163.59937074533036,167.12216159121525,35.94168154562702,-1.0179333138326119
2021-12-16,142.99000549316406,143.49000549316406,128.64999389648438,131.8699951171875,160.577525447412,165.739723690273,33.55810847617807,-9.073987294267269
2021-12-17,129.7899932861328,137.80999755859375,127.2699966430664,134.58999633789062,158.10252267507664,164.51816575488544,35.30838602712442,1.962118437795928
2021-12-20,128.47999572753906,134.76699829101562,123.9000015258789,131.88999938964844,155.60609188598823,163.23862981899381,34.3413099291281,-5.149229417452258
2021-12-21,134.5399932861328,144.6699981689453,131.88999938964844,144.33999633789062,154.53313040521704,162.49750693738193,42.202407507573554,9.456283978490742
2021-12-22,143.41000366210938,145.25999450683594,135.8300018310547,136.80999755859375,152.8452129912529,161.49015362840984,39.14940941996606,1.6494548488802776
2021-12-23,137.1300048828125,138.0,133.27000427246094,137.27000427246094,151.36185977993938,160.54034384974517,39.43764395539887,4.079160594214664
2021-12-27,138.0800018310547,141.33999633789062,137.10000610351562,138.94000244140625,150.17882574769814,159.69327163765345,40.53880629416379,-3.7411625561104613
2021-12-28,140.80999755859375,140.80999755859375,132.42999267578125,132.92999267578125,148.53607974084892,158.6437312862075,37.870168163393345,-2.8360536160018204
2021-12-29,132.42999267578125,134.13999938964844,129.07000732421875,133.3000030517578,147.08502481807832,157.64985959073888,38.140160184840695,-2.892111238536317
2021-12-30,132.00999450683594,136.69000244140625,132.00999450683594,133.1999969482422,145.76264121142725,156.69104144789588,38.09197854573569,-4.131283570104108
2021-12-31,133.27000427246094,134.875,130.5760040283203,131.5,144.40429442938657,155.70315746954702,37.23096560980945,-1.0757487057635133
2022-01-03,131.07000732421875,132.10000610351562,122.70999908447266,126.16000366210938,142.66674292774113,154.54460241827496,34.586373639191656,-5.356338504265535
2022-01-04,124.5199966430664,125.97000122070312,108.58000183105467,114.95999908447266,140.0280054188584,152.99226503263566,29.804499581777417,-13.693692403654548
2022-01-05,113.5,116.16000366210938,103.45999908447266,105.9499969482422,136.78248080260926,151.1474702057967,26.616387424501408,-19.42966011540517
2022-01-06,103.5199966430664,108.58000183105467,102.1500015258789,104.04000091552734,133.66414938479193,149.30011846892342,25.981911552064098,-17.533292727087566
2022-01-07,102.87000274658205,110.04000091552734,101.7699966430664,107.0,131.1247065862403,147.64129029367152,28.813984790250913,-6.924146788330822
2022-01-10,102.0,111.02999877929688,100.01000213623048,110.75,129.18425833993172,146.19457302725303,32.34570555406932,4.530441897136302
2022-01-11,110.2300033569336,115.8000030517578,109.05999755859376,114.13999938964844,127.75147177323807,144.93753092381755,35.46283333821939,9.707803138450117
2022-01-12,117.0,122.12999725341795,112.0,113.97000122070312,126.43895076823473,143.72311799428365,35.37481306799541,6.514019832432827
2022-01-13,112.94000244140624,114.05999755859376,98.48999786376952,98.9800033569336,123.82381291953939,141.96848604772092,28.62745173082764,-10.627536472294723
2022-01-14,99.25,101.9499969482422,95.58000183105467,100.29000091552734,121.58249749058587,140.33403565038,29.886080513136193,-12.134219859981158
2022-01-18,97.0999984741211,100.1500015258789,93.30999755859376,93.62999725341795,118.92035461085558,138.5025047328521,27.254628870030032,-17.846805079782982
2022-01-19,94.98999786376952,99.47000122070312,93.86000061035156,94.31999969482422,116.57746366647164,136.76985747645884,27.96232522789184,-4.708025362764285
2022-01-20,95.86000061035156,102.61000061035156,93.19000244140624,93.41000366210938,114.37103890415143,135.0694710523667,27.58123409322106,-6.8601028922244005
2022-01-21,94.37999725341795,96.43000030517578,87.83999633789062,88.55000305175781,111.9118926324949,133.24517818959774,25.57640835692472,-5.425605415656142
2022-01-24,84.6500015258789,94.43000030517578,80.11000061035156,93.27999877929688,110.13742655123794,131.67791625193888,30.84501228133422,-1.1026303211326383
2022-01-25,90.63999938964844,92.44000244140624,83.52999877929688,84.77999877929688,107.7224334301007,129.83878223340392,27.128364554239628,-9.238844389761175
2022-01-26,88.75,90.56999969482422,79.0,80.06999969482422,105.08886831245532,127.88706527110668,25.30857672978839,-9.576513907037361
2022-01-27,82.56999969482422,83.7300033569336,79.44000244140625,80.33999633789062,102.73183288630631,126.0224743325492,25.61660838107643,-13.87221549179333
2022-01-28,81.08000183105469,84.48999786376953,76.61000061035156,84.18000030517578,100.9649916881034,124.3815929981424,30.035949694447368,-0.7077122938902569
2022-01-31,86.5,96.47000122070312,86.47000122070312,96.4000015258789,100.5302307202725,123.28427568550461,41.87164689200563,20.39465704170631
2022-02-01,97.62999725341795,104.06999969482422,95.7699966430664,102.43000030517578,100.71116115692996,122.46646096470741,46.666240062244505,27.495649706504757
2022-02-02,103.21499633789062,103.24500274658205,97.0,99.8000030517578,100.62438419453261,121.5775802622388,44.92571031484611,18.555479555660714
2022-02-03,96.63999938964844,100.8499984741211,94.2699966430664,96.66000366210938,100.24682414382563,120.60042039556706,42.86986828471908,0.2697117553060103
2022-02-04,98.45999908447266,106.08000183105467,94.52999877929688,103.19000244140624,100.52712683883331,119.9176589071686,48.18061137604095,0.7419722092806161
2022-02-07,103.6500015258789,115.11000061035156,103.25,107.0999984741211,101.15311461362262,119.41500555685302,51.11115216068379,7.314624448034742
2022-02-08,104.52999877929688,110.9499969482422,102.12999725341795,109.95999908447266,101.99186551560834,119.0442209893087,53.19617733393271,13.759564368376768
2022-02-09,111.3499984741211,115.3000030517578,108.33000183105467,114.80999755859376,103.21263999589266,118.8781730116336,56.57814920108303,11.260776085149955
2022-02-10,113.87000274658205,123.12000274658205,113.83999633789062,115.95999908447266,104.42667419480505,118.7637348184116,57.36482931036106,8.272643078041156
2022-02-11,119.5,120.87000274658205,103.6999969482422,104.91999816894533,104.47365743043746,118.22084318509921,48.31523147720037,-4.583485774363764
2022-02-14,104.87000274658205,108.45999908447266,104.0199966430664,105.55999755859376,104.57711839502377,117.72433943504018,48.819294656501015,-8.056789649594082
2022-02-15,109.01000213623048,115.68000030517578,107.29000091552734,115.3499984741211,105.60310697398542,117.63122802480807,55.90382653823748,-0.5260439937630554
2022-02-16,109.86000061035156,113.0,107.91999816894533,111.98999786376952,106.211382296822,117.41000331261048,53.182891666512646,6.738467230470081
2022-02-17,110.68000030517578,111.08000183105467,102.6999969482422,103.80999755859376,105.98267898841931,116.87666975362944,47.164376547516774,-1.6578249720294072
2022-02-18,104.76000213623048,107.56500244140624,94.0199966430664,95.87000274658205,105.01956696538718,116.05287889060799,42.17522805076856,-16.88772950604712
2022-02-22,94.8000030517578,98.79000091552734,93.37999725341795,94.7300033569336,104.03960852648684,115.216687693209,41.496504481351195,-15.412085754150905
2022-02-23,95.1500015258789,97.75,90.7300033569336,91.33999633789062,102.83012165138244,114.28034685574553,39.462727837739905,-12.012331677076345
2022-02-24,87.83999633789062,109.33999633789062,86.85800170898438,108.37999725341795,103.35868123252868,114.04896059683072,52.155984524414116,13.048914309415638
2022-02-25,107.83000183105467,109.9000015258789,100.52999877929688,109.2699966430664,103.9216636525799,113.86155024570272,52.713671609717785,15.348878677167896
2022-02-28,110.61000061035156,117.3000030517578,108.54100036621094,116.41999816894533,105.11198122556708,113.96188153681027,57.04551358266883,27.45785289751621
2022-03-01,116.55999755859376,123.36000061035156,116.18699645996094,117.6500015258789,106.30607839702535,114.10651369324434,57.762352504647815,8.55324276377817
2022-03-02,118.0999984741211,120.5500030517578,110.52999877929688,119.8000030517578,107.59121407842844,114.32978778573506,59.04881369570421,9.636685945079657
2022-03-03,117.63600158691406,118.5500030517578,101.4499969482422,104.0,107.24919369000668,113.92469806864742,47.579872459039436,-10.668268651681117
2022-03-04,106.87000274658205,109.12999725341795,97.2699966430664,100.91000366210938,106.64546130639741,113.414317895842,45.710012971048016,-14.228642283601937
2022-03-07,103.87999725341795,105.33999633789062,92.0999984741211,92.16000366210938,105.26589391170332,112.5808153768721,40.81815498336783,-23.071785213316712
2022-03-08,91.8000030517578,96.11000061035156,90.01000213623047,92.1500015258789,104.01676130352956,111.77960699055863,40.81277813176639,-11.394229302039513
2022-03-09,94.3000030517578,99.26000213623048,93.12999725341795,98.4000015258789,103.48183180089616,111.25491658017904,45.63213303847719,-2.4873670053913077
2022-03-10,97.0,98.69000244140624,94.25,97.52999877929688,102.91499056074385,110.71668450955622,45.08184768796971,5.8268173869391
2022-03-11,99.22000122070312,99.79000091552734,88.66999816894531,88.72000122070312,101.5630868140733,109.8540694786208,39.84221861520527,-3.7221923476718755
2022-03-14,88.31999969482422,91.83999633789062,82.02999877929688,84.16000366210938,99.90565032341007,108.84645905444388,37.41809892011218,-14.47154232007248
2022-03-15,83.97000122070312,87.16000366210938,80.8499984741211,85.94000244140625,98.57558862036208,107.94816663824633,38.978839724536385,-11.883519412440396
2022-03-16,88.98999786376953,95.4000015258789,86.91000366210938,95.16000366210938,98.25029481481421,107.44667005094685,46.43114074033451,7.258794356174392
2022-03-17,94.5,107.5,93.7750015258789,106.30999755859376,99.01788555231703,107.40209465908987,53.78216505567228,26.3189079523018
2022-03-18,105.87000274658205,110.3000030517578,104.26000213623048,109.83999633789062,100.0485627699907,107.49769864649382,55.84788563435041,27.810092177713575
2022-03-21,106.6999969482422,108.58999633789062,100.54000091552734,104.4499969482422,100.46774697744323,107.3781809328369,52.024330779499174,9.76249782326553
2022-03-22,104.91999816894533,117.68000030517578,104.86000061035156,114.86000061035156,101.83843779962497,107.67158562607277,58.00446049124723,8.042520222094243
2022-03-23,112.4000015258789,121.87999725341795,110.5,117.58999633789062,103.33858623184075,108.06054290888916,59.432574179423455,7.0557176423780925
2022-03-24,116.58000183105467,123.4499969482422,111.0,122.38999938964844,105.15300653258434,108.62248237872286,61.886718979102454,17.175684983787978
2022-03-25,122.62999725341795,122.93000030517578,114.68000030517578,119.62999725341795,106.53176755361612,109.0541496287109,59.65211202682266,4.152878824411658
2022-03-28,119.8000030517578,127.33999633789062,119.73999786376952,126.27999877929688,108.41255147987142,109.72967312481232,63.10853293387741,7.39008649718454
2022-03-29,130.1999969482422,132.4499969482422,125.30999755859376,130.02000427246094,110.47040412678471,110.52537238550443,64.92822834725281,6.234173478930367
2022-03-30,128.55999755859375,132.0399932861328,122.12999725341795,124.4000015258789,111.79703245050797,111.06947548904853,60.12864884164214,3.987297819924231
2022-03-31,125.0500030517578,126.87999725341795,119.62999725341795,119.6999969482422,112.54969573600647,111.4079273109777,56.37541336086043,-5.210644515886264
2022-04-01,120.48999786376952,125.83499908447266,119.05999755859376,123.5,113.5925818563868,111.88212623995896,58.62416497345116,-5.014616257662988
2022-04-04,124.0,128.39999389648438,123.51000213623048,126.9000015258789,114.8599551582432,112.47106252568132,60.58203652320781,2.0096462776006683
2022-04-05,126.66999816894533,126.81999969482422,119.22000122070312,120.44000244140624,115.39138823283015,112.7835699733568,55.23413940714947,0.6182168020305042
2022-04-06,118.02999877929688,118.02999877929688,107.13999938964844,109.62999725341795,114.84268433002899,112.65990045492784,47.65340558596948,-11.230771454722303
2022-04-07,108.66000366210938,113.9499969482422,108.2300033569336,112.36000061035156,114.60623826148829,112.64813967670916,49.53704720384404,-11.457841403226602
2022-04-08,110.41999816894533,113.29000091552734,108.7300033569336,109.7699966430664,114.14564382163859,112.53527132244866,47.78041166912544,-8.859187630397766
2022-04-11,107.2699966430664,111.33999633789062,104.125,109.63999938964844,113.71653482811571,112.42173124665258,47.689002824376125,0.009123539616043475
2022-04-12,112.58000183105467,119.97000122070312,112.4800033569336,113.91999816894533,113.73591228914711,112.4804868122327,51.01194426700179,1.3883922660374601
2022-04-13,113.54000091552734,121.91000366210938,112.80999755859376,121.62999725341795,114.48772990479195,112.83929114325957,56.386537720243304,10.804410105719615
2022-04-14,120.58000183105467,122.5199966430664,113.5500030517578,113.9800033569336,114.43937499547211,112.88402495556052,50.46984723183061,3.9584129801581462
2022-04-18,112.55999755859376,113.552001953125,105.04100036621094,108.1500015258789,113.84038704598704,112.69837697792595,46.468091765589215,-5.0649549998319126
2022-04-19,107.5,112.41999816894533,104.5500030517578,111.1500015258789,113.58415985359579,112.63765637196332,48.72125765979105,-8.61629200377586
2022-04-20,111.31999969482422,111.69000244140624,101.37999725341795,103.6999969482422,112.64281100546688,112.28715992397426,43.7918605173072,-9.019131519499155
2022-04-21,105.13999938964844,108.87999725341795,97.04000091552734,98.48999786376952,111.29492403959094,111.7460947451427,40.69128366864446,-8.93204209506911
2022-04-22,98.54000091552734,102.83000183105467,95.02999877929688,95.22000122070312,109.76397900922068,111.09801264614507,38.832867777606054,-14.331983883479138
2022-04-25,94.55999755859376,99.49500274658205,93.2699966430664,98.70999908447266,108.71121901638753,110.61220819274615,41.88359114056694,-4.811955651512804
2022-04-26,98.16000366210938,98.7300033569336,90.5199966430664,90.73999786376952,106.99967414470963,109.83290582690394,37.30746151115234,-7.868819340132112
2022-04-27,92.12000274658205,94.86000061035156,89.80000305175781,90.58999633789062,105.43684768691735,109.07828192537401,37.22502655798564,-4.862428926125476
2022-04-28,92.51000213623048,97.04000091552734,88.44000244140625,95.25,104.46667171673474,108.53599635967308,41.54621863582717,-3.5052164082300385
2022-04-29,94.16999816894533,97.81999969482422,85.87000274658203,86.13999938964844,102.72127435225033,107.65772196869172,36.28738388444795,-5.069427575948575
2022-05-02,85.97000122070312,90.05999755859375,84.80999755859375,89.91000366210938,101.50115333414168,106.96173301549241,39.689573697722594,-0.7506266732200241
2022-05-03,89.7300033569336,93.6500015258789,87.69000244140625,89.68000030517578,100.37532923614492,106.28401800724471,39.55081330000625,-5.84776870847687
2022-05-04,89.83000183105469,90.76000213623048,80.91999816894531,90.4000015258789,99.4252980256434,105.66111540013233,40.25497851060061,4.945440174616949
2022-05-05,88.19999694824219,88.19999694824219,75.80000305175781,77.80999755859375,97.36669798116247,104.56891470046415,33.013147959930315,-13.457908587111882
2022-05-06,65.41000366210938,70.14800262451172,60.900001525878906,65.61000061035156,94.34225061251382,103.04111414791072,27.795024409412317,-26.83987467987893
2022-05-09,63.16999816894531,64.41999816894531,56.0,56.560001373291016,90.74394116115927,101.21832541165112,24.678823975623818,-37.433627855526616
2022-05-10,59.290000915527344,60.869998931884766,51.0,56.97999954223633,87.5283276736428,99.48348910304662,25.098517506720032,-26.77033629344568
2022-05-11,56.540000915527344,60.900001525878906,54.630001068115234,54.810001373291016,84.41229659741883,97.73158762344836,24.343773394907394,-16.460904033822835
2022-05-12,53.08000183105469,63.099998474121094,51.5,56.72999954223633,81.77588735406812,96.12368220849888,26.451204373406505,0.30056252619822194
2022-05-13,59.119998931884766,67.59700012207031,58.900001525878906,66.37999725341797,80.30961210638715,94.95726319065257,36.0874123247701,16.49701261266931
2022-05-16,64.19999694824219,64.94999694824219,57.0,57.36000061035156,78.12393482105043,93.48286073652312,31.882586646793698,4.652434178378191
2022-05-17,59.970001220703125,61.290000915527344,53.80500030517578,56.27000045776367,76.04260773883264,92.02353288245412,31.406358884821188,-0.8108568450281409
2022-05-18,55.2400016784668,56.40999984741211,51.709999084472656,53.36000061035156,73.88235944088207,90.50731593060696,30.113150687458013,-19.61433742360692
2022-05-19,54.040000915527344,59.349998474121094,53.70000076293945,58.0,72.36975377984568,89.2325192274459,34.72829670640829,1.1157590356317726
2022-05-20,59.560001373291016,61.400001525878906,53.25,55.689998626708984,70.78120567002314,87.91712626271112,33.54077362916776,-1.0307478697997126
2022-05-23,54.59000015258789,58.15999984741211,54.27000045776367,56.75,69.44490036811618,86.69488601711461,34.64514540942142,6.353072246762297
2022-05-24,55.2599983215332,55.2599983215332,50.029998779296875,50.5,67.6406241425813,85.2754787223258,31.33843889791964,-12.931034482758621
2022-05-25,51.15999984741211,52.849998474121094,50.11000061035156,51.959999084472656,66.14723127990429,83.96898932476293,32.94841547218149,-6.697790688124414
2022-05-26,50.40999984741211,56.56999969482422,50.150001525878906,56.04999923706055,65.1855901329668,82.87412696838244,37.37824051043351,-1.2334815205981553
2022-05-27,57.77000045776367,59.56999969482422,56.08399963378906,58.90999984741211,64.58791486767588,81.934357277364,40.346103379868836,16.653465044380415
2022-05-31,59.86000061035156,59.86000061035156,55.18000030517578,56.0,63.77001821361151,80.91732365864385,38.354310096397825,7.775213600291667
2022-06-01,57.09000015258789,59.13999938964844,53.97999954223633,55.11000061035156,62.94525463234866,79.9052717743971,37.74064223564194,-1.677071613744916
2022-06-02,54.849998474121094,59.880001068115234,54.31999969482422,57.900001525878906,62.464754336494394,79.0423199999454,40.93127012125546,-1.7144768700548076
2022-06-03,56.459999084472656,57.79999923706055,53.900001525878906,54.540000915527344,61.710015915449915,78.08144474173294,38.38033190510017,-2.6071412222726003
2022-06-06,55.41999816894531,56.689998626708984,53.439998626708984,53.90999984741211,60.96715724230346,77.13354494195565,37.9033423818265,-2.177464615585672
2022-06-07,53.43000030517578,54.95000076293945,51.75,54.72999954223633,60.373142223249445,76.25497453412352,38.96656694562765,-5.474960103801929
2022-06-08,55.279998779296875,57.40999984741211,54.58000183105469,55.060001373291016,59.86712880896769,75.42379911605165,39.41614080757881,0.9534294995136856
2022-06-09,55.040000915527344,55.040000915527344,51.56999969482422,51.599998474121094,59.079783062791826,74.48953242421125,36.38954339098664,-4.284921869466309
2022-06-10,49.20000076293945,49.4900016784668,45.779998779296875,47.36000061035156,57.963613305416565,73.4256292158246,33.041338356305914,-13.466104501238261
2022-06-13,43.9900016784668,45.72999954223633,41.279998779296875,41.59000015258789,56.404221576575736,72.17717317412904,29.115323393432828,-24.46422245684373
2022-06-14,41.7400016784668,42.56999969482422,39.63999938964844,40.790000915527344,54.91715294219018,70.94630367379172,28.60777574330288,-20.949608291200395
2022-06-15,41.45000076293945,44.56999969482422,40.97999954223633,43.560001373291016,53.835519459437876,69.8723310345564,32.96520589534113,-8.023646934307628
2022-06-16,41.4900016784668,41.630001068115234,38.959999084472656,39.70000076293945,52.48927958358088,68.68910239645378,30.19911788184698,-4.544360141174066
2022-06-17,40.130001068115234,42.2400016784668,40.099998474121094,41.209999084472656,51.41506239318962,67.61149050186629,32.58230358973357,1.029659621276041
2022-06-21,41.849998474121094,44.70000076293945,41.849998474121094,43.619998931884766,50.67267539687487,66.67064769520034,36.319359792622755,0.13773543779210654
2022-06-22,42.95000076293945,45.45000076293945,42.599998474121094,44.34000015258789,50.06956346884754,65.7949360268626,37.435161317248365,11.687655668712093
2022-06-23,45.220001220703125,48.45000076293945,43.779998779296875,48.20000076293945,49.89150987780867,65.10493856553228,43.18290482823332,16.96190690064958
2022-06-24,49.369998931884766,51.849998474121094,48.849998474121094,51.84000015258789,50.077080380168596,64.58474490227957,48.031397155630756,18.844569972454945
2022-06-27,51.5099983215332,52.470001220703125,48.7400016784668,49.25,49.99831082015254,63.98338235709213,45.083397134309145,11.073522396290606
2022-06-28,48.79999923706055,49.849998474121094,44.79999923706055,45.439998626708984,49.56418584934839,63.25619083825358,41.08827385435997,-5.7261454202146185
2022-06-29,45.650001525878906,46.68000030517578,44.209999084472656,45.869998931884766,49.212358523875665,62.574379390945005,41.716030027655236,-11.51620602455785
2022-06-30,45.25,45.38999938964844,41.900001525878906,43.75,48.692133902554176,61.83616843443736,39.4822388206656,-11.16751269035533
2022-07-01,44.65999984741211,45.97999954223633,43.220001220703125,45.900001525878906,48.42621653334701,61.21122071253311,42.8259326519198,1.012330354472191
2022-07-05,44.72999954223633,50.58000183105469,43.81999969482422,50.5,48.623719720647294,60.79117284145338,49.28254491874403,10.093745750878723
2022-07-06,50.459999084472656,52.25,49.40999984741211,50.349998474121094,48.78812722097813,60.381715023126624,49.08787335917688,15.085710797991071
2022-07-07,49.959999084472656,53.59000015258789,49.90999984741211,52.7400016784668,49.164496216929436,60.08203999000271,52.319614935656446,14.901960621355157
2022-07-08,51.27000045776367,54.150001525878906,49.900001525878906,52.08000183105469,49.442163418274696,59.76823457200475,51.35024851320449,3.128716497137995
2022-07-11,51.939998626708984,52.290000915527344,48.84000015258789,50.689998626708984,49.56100486669701,59.41222531924806,49.27941297813997,0.6752734119001891
2022-07-12,51.02000045776367,53.560001373291016,47.02000045776367,47.369998931884766,49.352337634810134,58.9399811471946,44.64801462845773,-10.182029912173
2022-07-13,45.459999084472656,48.84000015258789,44.290000915527344,46.779998779296875,49.10735298190411,58.463119093551555,43.859144465649656,-10.176656807637597
2022-07-14,46.11000061035156,46.33000183105469,43.66999816894531,44.61000061035156,48.679033708422914,57.919859545190775,40.990488918418144,-11.994472639724673
2022-07-15,45.65999984741211,46.689998626708984,44.25,46.599998474121094,48.48103035277512,57.47594342475667,44.570908582769704,-1.625502375186638
2022-07-18,47.91999816894531,50.290000915527344,47.349998474121094,48.83000183105469,48.51426573165889,57.13688689167032,48.35269641372412,4.382221259623182
2022-07-19,50.20199966430664,50.31999969482422,46.869998931884766,49.540000915527344,48.61195479678922,56.83896979456668,49.53329246859246,11.051334314556803
2022-07-20,50.439998626708984,55.93000030517578,50.400001525878906,53.0,49.029863863761676,56.68842195948564,54.939053722409604,13.733909303523028
2022-07-21,53.18000030517578,55.880001068115234,52.529998779296875,55.81999969482422,49.67654346672001,56.65436618440088,58.81150182930926,14.314965393517687
2022-07-22,55.18000030517578,56.29899978637695,51.4900016784668,51.650001525878906,49.864491853306575,56.458116589949036,51.73180848854151,4.259185650701561
2022-07-25,51.25,51.44499969482422,49.130001068115234,49.790000915527344,49.85739747827998,56.19662185761877,48.90394785480156,-6.056602046174823
2022-07-26,48.54999923706055,48.709999084472656,45.24700164794922,45.68000030517578,49.45955012846053,55.78420532615042,43.27472845767531,-18.165531073244786
2022-07-27,47.470001220703125,49.09000015258789,46.25,48.68000030517578,49.38530728814769,55.50560905081808,47.981529947495474,-5.750244207088793
2022-07-28,48.15999984741211,49.40999984741211,46.2599983215332,48.650001525878906,49.315278167931616,55.236761696898895,47.93869457835917,-2.289615120880468
2022-07-29,48.7599983215332,50.439998626708984,47.91999816894531,50.31999969482422,49.41096593239758,55.04394750073911,50.583521812945726,10.15761680965379
2022-08-01,49.61000061035156,53.38999938964844,48.529998779296875,51.15999984741211,49.57754059097039,54.89163582805962,51.90698632453307,5.09449368670741
2022-08-02,50.0,54.040000915527344,49.733001708984375,53.08000183105469,49.91110832812128,54.82059135758884,54.88141125287678,9.105858512294773
2022-08-03,54.11000061035156,58.724998474121094,54.11000061035156,58.36000061035156,50.71576473595274,54.959391720442284,61.86612737090215,15.977744364641396
2022-08-04,57.41999816894531,58.970001220703125,55.63999938964844,58.43000030517578,51.450453837783506,55.095494017882814,61.95022666191439,14.210321500091677
2022-08-05,68.58000183105469,74.55999755859375,66.0,74.23999786376953,53.620886602163125,55.84625887458426,75.23472019309008,39.864346840197534
2022-08-08,74.42500305175781,77.1500015258789,73.33000183105469,73.68000030517578,55.53127838340242,56.545621283627064,74.2459290047789,26.250855953738363
2022-08-09,72.68000030517578,73.69999694824219,70.02999877929688,71.62999725341797,57.06448970435628,57.13716543930514,70.5885209510743,22.591129350161786
2022-08-10,75.625,78.7300033569336,74.0999984741211,78.61000061035156,59.11644312397488,57.97923740679716,75.08828906861136,5.886318524147846
2022-08-11,79.94000244140625,80.98999786376953,74.01000213623047,74.94999694824219,60.62440063104796,58.64475738881461,69.11699209199384,1.7236653607575965
2022-08-12,76.5,77.69999694824219,74.30000305175781,77.62999725341797,62.243981261749866,59.38927659919121,70.93937415443624,8.376378933497303
2022-08-15,77.0,80.31900024414062,76.79000091552734,78.08000183105469,63.75217369692175,60.12224621612704,71.24619295298228,-0.6742129184350667
2022-08-16,76.66999816894531,78.7699966430664,72.76000213623047,77.80000305175781,65.09006220690614,60.81549158223021,70.74569659800169,3.802543321627802
2022-08-17,75.44999694824219,76.73999786376953,74.06999969482422,74.51000213623047,65.98719934303227,61.35253121179885,64.97033810555129,-4.019058646881673
2022-08-18,74.69999694824219,74.69999694824219,72.81999969482422,73.04000091552734,66.65889473088895,61.810863357043104,62.514683311287804,-6.454919053962917
2022-08-19,71.0,71.77999877929688,67.31999969482422,68.52999877929688,66.83709511645161,62.07435886379815,55.57449223473526,-11.915172119330002
2022-08-22,66.27999877929688,67.55000305175781,64.54000091552734,65.77999877929688,66.73641927481782,62.21967807617065,51.79836942403145,-11.716552283775378
2022-08-23,66.0999984741211,68.33999633789062,65.23999786376953,65.26000213623047,66.59580811876188,62.3389064706828,51.09144767208717,-10.65169589509541
2022-08-24,65.75499725341797,67.6449966430664,65.41000366210938,66.1500015258789,66.55335034801112,62.48836117872971,52.291566543750974,-3.4729276168278194
2022-08-25,68.0,68.98999786376953,66.93000030517578,68.23999786376953,66.71398344475001,62.7139155585352,55.07915026398307,3.7397371999448845
2022-08-26,68.02999877929688,68.25,64.25,64.38999938964844,66.49265162997844,62.779644336225914,49.35792116632823,-1.3331331874091847
2022-08-29,62.59000015258789,65.1500015258789,62.220001220703125,64.2300033569336,66.27716131825989,62.83652116056739,49.129530652077605,-2.902491496079829
2022-08-30,65.30000305175781,66.33000183105469,61.59000015258789,63.779998779296875,66.03933631454912,62.873520282870516,48.450465325312436,-6.535755017719001
2022-08-31,65.16000366210938,65.94000244140625,62.349998474121094,62.56999969482422,65.70892330314675,62.86161751471184,46.5859056940032,-2.826525410896041
2022-09-01,61.0,61.4900016784668,57.060001373291016,59.31999969482422,65.10045438806841,62.722730541382916,41.91954903810704,-7.644408229007733
2022-09-02,60.52000045776367,61.68000030517578,58.40999984741211,58.709999084472656,64.49183959724976,62.56536852346487,41.08765815088242,-7.949200049953515
2022-09-06,58.31999969482422,59.52000045776367,57.150001525878906,58.54999923706055,63.92595003913651,62.40790306125294,40.85862020309689,-6.4248049822129145
2022-09-07,58.54999923706055,61.34000015258789,58.06999969482422,61.02000045776367,63.64919293614862,62.35347550817493,45.874638877672695,2.8658138430297084
2022-09-08,59.459999084472656,62.720001220703125,59.16999816894531,62.58000183105469,63.547365211853965,62.3623588933859,48.82668886303907,6.591726804515573
2022-09-09,63.68000030517578,67.12000274658203,63.54999923706055,65.83000183105469,63.764759175587365,62.498344890941546,54.40592076367119,12.433821842624548
2022-09-12,65.45999908447266,67.08599853515625,64.28199768066406,66.94000244140625,64.06716329614154,62.67252753997938,56.163797267699394,9.70174031339157
2022-09-13,62.310001373291016,62.75,59.060001373291016,59.849998474121094,63.665528551187215,62.561840125631996,44.39093317634032,-4.362421343968158
2022-09-14,60.0,61.54999923706055,58.0,61.41999816894531,63.45166851478322,62.5170620096835,47.03836522926376,-6.699078747448852
2022-09-15,60.4900016784668,63.13999938964844,59.900001525878906,60.95000076293945,63.213414443179055,62.45560862745825,46.3273204156701,-8.94831410218419
2022-09-16,59.63999938964844,59.720001220703125,57.349998474121094,58.91999816894531,62.80451765515679,62.31695723692833,43.28393271192267,-1.55388526129689
2022-09-19,58.45000076293945,61.41999816894531,58.45000076293945,61.20000076293945,62.651706522564666,62.2731550222621,47.458807524472746,-0.358185302123784
2022-09-20,60.5,62.04999923706055,59.779998779296875,61.130001068115234,62.506782193569485,62.22832545543282,47.343583255348854,0.2953245330970203
2022-09-21,61.849998474121094,65.29000091552734,61.0099983215332,61.599998474121094,62.420421839336306,62.203685181655885,48.25204024310017,4.548541053058479
2022-09-22,61.29999923706055,62.209999084472656,56.33000183105469,56.91999816894531,61.896571965965734,61.99648176939273,40.71878061455634,-6.99346820365721
2022-09-23,56.099998474121094,57.439998626708984,53.09000015258789,54.43000030517578,61.18546990303336,61.69975700609011,37.375364246287646,-10.960249706970973
2022-09-26,54.2599983215332,57.36000061035156,53.75,53.779998779296875,60.48018693886798,61.38917825209822,36.5320872154408,-12.694805013849953
2022-09-27,55.29999923706055,57.91999816894531,55.29999923706055,56.47999954223633,60.09921671061735,61.19666143994677,42.35062227236812,-0.773012369752747
2022-09-28,56.630001068115234,57.970001220703125,55.79999923706055,57.5,59.851672261987126,61.05169432465475,44.42349130361857,5.640271316574457
2022-09-29,55.77000045776367,56.47999954223633,53.380001068115234,54.849998474121094,59.37532237742845,60.80849056581029,40.362893527974755,1.989586684847835
2022-09-30,54.4900016784668,57.90999984741211,54.0099983215332,55.310001373291016,58.988148948462985,60.59286353865267,41.36481733393037,-2.071526519879618
2022-10-03,56.0,57.279998779296875,53.45000076293945,55.790000915527344,58.68356342151674,60.404515984804625,42.45128965135043,-2.9739114512567935
2022-10-04,58.40999984741211,60.66999816894531,58.18000030517578,60.52000045776367,58.85846218687359,60.40904478766576,51.90796529859813,10.337287404516074
2022-10-05,58.81999969482422,61.439998626708984,57.970001220703125,60.779998779296875,59.041465671866284,60.42359200302385,52.37126928259495,9.88970759390959
2022-10-06,60.77000045776367,62.95000076293945,60.29999923706055,61.02000045776367,59.22989755623746,60.446980569876395,52.82307418455999,9.37443888942602
2022-10-07,58.58000183105469,58.625,55.04999923706055,55.38999938964844,58.86419296894327,60.24866758241647,42.61159601427327,-8.476538382869665
2022-10-10,55.13999938964844,55.369998931884766,50.369998931884766,51.38999938964844,58.15236500901043,59.901268829758905,37.120985519285085,-15.44916021427578
2022-10-11,50.849998474121094,51.099998474121094,47.65999984741211,49.97999954223633,57.37404448836528,59.51219944593449,35.38990986277566,-18.092430076543383
2022-10-12,49.779998779296875,51.560001373291016,48.11000061035156,51.459999084472656,56.810802068946934,59.196426882739914,38.62520429029383,-7.0951441568534115
2022-10-13,47.599998474121094,51.11000061035156,46.31999969482422,49.880001068115234,56.15072578315344,58.83107685079385,36.52261260090885,-2.9383116160094063
2022-10-14,50.88999938964844,51.5,45.619998931884766,45.70000076293945,55.15541863837115,58.31613269048584,31.61879875406942,-8.563423006196707
2022-10-17,48.77000045776367,52.880001068115234,48.2400016784668,51.720001220703125,54.82823602716467,58.05746086814142,43.40457874966334,0.5052509538596568
2022-10-18,54.0,54.900001525878906,52.29999923706055,53.09000015258789,54.662689753395455,57.86265848713932,45.69831408610219,6.4354430948971695
2022-10-19,52.060001373291016,53.400001525878906,50.70000076293945,51.630001068115234,54.373862259559246,57.61824054913838,43.66719966991534,12.975930429271965
2022-10-20,51.61000061035156,55.56100082397461,51.529998779296875,53.630001068115234,54.30301833656458,57.46183900086296,47.133579971942744,3.692961721446269
2022-10-21,52.31999969482422,54.689998626708984,50.70000076293945,54.380001068115234,54.31035002528369,57.34098261134344,48.41546863846389,2.42983784482898
2022-10-24,54.31999969482422,54.65999984741211,52.29999923706055,53.91999816894531,54.27317365801337,57.20682635870038,47.65226930563753,4.435400064797394
2022-10-25,55.130001068115234,57.814998626708984,54.849998474121094,57.54999923706055,54.585252284589295,57.22028411863608,53.836471820632376,7.309338226502251
2022-10-26,54.459999084472656,58.79499816894531,53.86000061035156,55.58000183105469,54.679990336633615,57.155959323044655,50.35942760355427,2.206694997001485
2022-10-27,56.380001068115234,58.060001373291016,55.119998931884766,55.97999954223633,54.80380073716721,57.109843253209036,51.05071165974065,3.8204774540913338
2022-10-28,54.279998779296875,55.5,51.89500045776367,55.349998474121094,54.85581956925805,57.04082973246049,49.8726959874714,-3.822764191320294
2022-10-31,54.810001373291016,57.13999938964844,54.720001220703125,56.31999969482422,54.99526529550245,57.012561887847305,51.719974738994026,1.33141029037546
2022-11-01,58.79999923706055,60.09000015258789,55.54999923706055,55.58000183105469,55.050954489364564,56.95638306209073,50.20010767317793,-0.7145368246740454
2022-11-02,54.7400016784668,54.7400016784668,49.790000915527344,49.939998626708984,54.56419678815927,56.68123073129145,40.444753140437285,-9.774164402084955
2022-11-03,49.25,52.369998931884766,48.900001525878906,50.369998931884766,54.16474937327599,56.43373144504021,41.380067960318364,-10.564632093714758
2022-11-04,47.0,47.07500076293945,39.37900161743164,41.09000015258789,52.91953516178189,55.83201649239502,30.314904580057743,-26.07053112828556
2022-11-07,41.459999084472656,41.790000915527344,38.279998779296875,39.02000045776367,51.59576995187539,55.172721745938894,28.48515259405832,-21.86623642217135
2022-11-08,39.5,41.11000061035156,37.90700149536133,40.36000061035156,50.525696681254075,54.5918307210139,31.372847142867553,-19.872937331346186
2022-11-09,39.900001525878906,40.77000045776367,37.369998931884766,37.84000015258789,49.31753510709539,53.93489618891876,29.001193004568716,-7.909466994234878
2022-11-10,41.52000045776367,47.36000061035156,41.52000045776367,47.27000045776367,49.122531807159035,53.67352772887347,45.57995477227918,21.1430033398642
2022-11-11,47.95000076293945,53.77000045776367,46.59000015258789,53.709999084472656,49.559433452617476,53.67495797811265,53.55602820349732,33.077299980756386
2022-11-14,52.7599983215332,53.9900016784668,51.09000015258789,52.209999084472656,49.811868274698924,53.617508609734614,51.65692332652625,37.97568412774437
2022-11-15,55.0,57.41999816894531,54.619998931884766,56.400001525878906,50.43930953671607,53.72662597899517,56.31668665896309,19.31457791347602
2022-11-16,54.900001525878906,55.84000015258789,52.4900016784668,52.68000030517578,50.65270865752176,53.68558183492382,51.56449616287961,-1.9177039598845265
2022-11-17,50.47999954223633,50.66999816894531,48.119998931884766,48.400001525878906,50.43816512117482,53.47830417574559,46.683531189682824,-7.297448047124846
2022-11-18,50.439998626708984,50.48500061035156,46.30500030517578,47.0099983215332,50.11167304501848,53.224645122639224,45.18753528086788,-16.648941401246486
2022-11-21,46.060001373291016,46.97999954223633,44.650001525878906,45.31999969482422,49.65532320214283,52.914659027430794,43.36787593534082,-13.97114762284549
2022-11-22,45.189998626708984,45.36000061035156,43.779998779296875,44.970001220703125,49.209102061053336,52.60310381932383,42.981845999203415,-7.086777266611863
2022-11-23,45.279998779296875,46.97999954223633,44.125,46.790000915527344,48.978711475765145,52.375138999567106,45.68910401469367,-0.46798003373909564
2022-11-25,45.810001373291016,46.65999984741211,45.150001525878906,46.29999923706055,48.723596024459944,52.13689822456685,45.068660735973864,2.162399710581307
2022-11-28,45.41999816894531,47.189998626708984,45.334999084472656,45.560001373291016,48.42230129577719,51.878980700987405,44.09480538553013,1.3119860719867371
2022-11-29,46.0099983215332,46.470001220703125,44.540000915527344,44.61000061035156,48.05922504002237,51.59392265821737,42.81571517230597,-4.659115756615308
2022-11-30,43.95000076293945,49.13999938964844,43.13999938964844,49.13999938964844,48.162155930462944,51.49769037317546,50.22956814703473,6.133909717896129
2022-12-01,48.72999954223633,50.972999572753906,48.72999954223633,49.56999969482422,48.29623628897354,51.42209466029894,50.88056072604645,8.801576384244832
2022-12-02,48.0,49.779998779296875,46.83000183105469,48.369998931884766,48.30326130258413,51.30240463173368,48.95610071976088,8.42859957428629
2022-12-05,47.959999084472656,48.2400016784668,42.76499938964844,43.25,47.82199832138564,50.986624057940205,41.70764199894089,-11.986160892971425
2022-12-06,43.540000915527344,44.15999984741211,41.31999969482422,43.599998474121094,47.41990309783664,50.69695246641789,42.336168093919696,-12.043577279518269
2022-12-07,43.779998779296875,45.13999938964844,43.56999969482422,44.27000045776367,47.11991237021064,50.44491513274518,43.59006522392439,-8.47632533524502
2022-12-08,44.619998931884766,49.82500076293945,43.5099983215332,49.20000076293945,47.318016026661006,50.39609496138025,51.881440432030836,13.757227197547868
2022-12-09,48.77000045776367,51.310001373291016,48.36000061035156,48.41999816894531,47.42296670687856,50.318600969520055,50.61386373438929,11.055045558511072
2022-12-12,48.61000061035156,51.0,47.86000061035156,50.91999816894531,47.75601732231349,50.34218517341909,54.45477046852609,15.021453902007865
2022-12-13,55.459999084472656,55.5099983215332,50.529998779296875,51.7400016784668,48.1354444038519,50.397001506950375,55.67253137580843,5.1626034067882225
2022-12-14,51.70000076293945,53.849998474121094,51.18000030517578,52.31999969482422,48.5339734791826,50.472413200592484,56.55730341323315,8.05452638034219
2022-12-15,50.79999923706055,52.20800018310547,48.779998779296875,49.060001373291016,48.584071373859594,50.41702450148262,50.46070832793886,-3.652782526588261
2022-12-16,49.060001373291016,49.650001525878906,45.790000915527344,47.540000915527344,48.48463609211367,50.30420004713144,47.86969106027176,-8.117511841302111
2022-12-19,47.34000015258789,47.34000015258789,44.54999923706055,45.06999969482422,48.15943262570515,50.09893728821743,43.922883588873745,-13.857033719970014
2022-12-20,44.15999984741211,46.619998931884766,43.70000076293945,46.5099983215332,48.00234364435544,49.95819458364158,46.68283815950298,-5.197723156090394
2022-12-21,46.86000061035156,48.18000030517578,45.22999954223633,46.5099983215332,47.86021551837237,49.822971200813804,46.68283815950298,-2.1666019649943355
2022-12-22,45.369998931884766,45.45000076293945,44.06999969482422,45.31999969482422,47.618290201843976,49.64638408293186,44.57998046872413,0.554692703999973
2022-12-23,44.599998474121094,45.16999816894531,42.90999984741211,43.779998779296875,47.25273863779187,49.41632975729912,41.9466285952222,-5.869704667291705
2022-12-27,43.0099983215332,43.5099983215332,41.79999923706055,42.58000183105469,46.80771608476928,49.14823846607385,39.96556323525893,-8.449788502054204
2022-12-28,42.130001068115234,43.13999938964844,41.619998931884766,42.220001220703125,46.37079085962012,48.876542887824016,39.36491685961923,-6.840243810670479
2022-12-29,42.70000076293945,45.650001525878906,42.20000076293945,45.36000061035156,46.27452512159454,48.73863926909961,46.8658859604575,3.6089581432374427
2022-12-30,44.27000045776367,45.36000061035156,43.880001068115234,45.209999084472656,46.17314168948769,48.60026122264365,46.569508040486866,6.176602020481465
2023-01-03,46.349998474121094,47.720001220703125,42.290000915527344,43.02000045776367,45.8728425245616,48.38142746715816,42.35782645444008,1.8948347085036485
2023-01-04,43.650001525878906,44.040000915527344,42.22999954223633,43.04999923706055,45.60400030670436,48.17235185029159,42.434626173779385,-5.092595551605553
2023-01-05,42.84000015258789,43.130001068115234,38.720001220703125,38.90999984741211,44.96647645343843,47.809122359982595,35.42074568317403,-13.934968733994683
2023-01-06,39.5099983215332,40.18000030517578,37.560001373291016,39.900001525878906,44.483955031766094,47.4989607586452,38.05736828835027,-7.252438165238815
2023-01-09,41.029998779296875,42.83000183105469,40.20000076293945,40.400001525878906,44.09500707882446,47.2205702004975,39.40299579457712,-6.155627777341123
2023-01-10,40.154998779296875,41.849998474121094,39.470001220703125,41.79999923706055,43.87643490341837,47.00799879016664,43.12839399384194,7.427395016658296
2023-01-11,42.25,43.7239990234375,41.52000045776367,43.529998779296875,43.84344098683537,46.87160663287763,47.42937964874693,9.097737129317085
2023-01-12,43.97999954223633,44.060001373291016,41.2400016784668,43.47999954223633,43.80882751592117,46.73860243324464,47.31800125110727,7.623757178287424
2023-01-13,42.5,44.0,42.189998626708984,43.93000030517578,43.82036778156447,46.62846117332037,48.49040239728119,5.095696428211275
2023-01-17,42.5099983215332,46.59000015258789,41.52000045776367,46.36000061035156,44.06223757478229,46.617933308105904,54.39276029771652,6.50126788517314
2023-01-18,46.869998931884766,47.439998626708984,44.22999954223633,44.25,44.08011971051731,46.52507317837626,49.12856056276479,1.7709302342924267
2023-01-19,43.25,44.130001068115234,41.66999816894531,42.70000076293945,43.94867981074799,46.37507033855521,45.6345918053216,-2.799907884570197
2023-01-20,43.06999969482422,45.619998931884766,42.97999954223633,45.599998474121094,44.10594825487876,46.34467536347937,52.448551803505886,-1.6393488486295889
2023-01-23,45.83000183105469,47.97999954223633,45.40999984741211,47.619998931884766,44.44061974792695,46.39468805243644,56.5350783430051,7.61581679521981
2023-01-24,46.650001525878906,48.97999954223633,46.06999969482422,46.66999816894531,44.65294150230965,46.40548452759366,54.17697675043428,9.297417646539092
2023-01-25,44.11000061035156,46.59000015258789,42.2599983215332,46.15999984741211,44.796470868509886,46.39585767739046,52.90130087927273,1.2280732281358027
2023-01-26,48.0,49.560001373291016,46.810001373291016,49.52000045776367,45.2463308293912,46.518373080542354,59.64340405420015,3.989923495371455
2023-01-27,49.060001373291016,53.7599983215332,48.810001373291016,53.11000061035156,45.99525176091123,46.776868277789774,65.3505911045088,13.799020128720494
2023-01-30,52.040000915527344,52.59000015258789,49.779998779296875,49.970001220703125,46.37379932851046,46.90208917751187,57.66870975782885,8.253902482420864
2023-01-31,50.31999969482422,53.5099983215332,50.0,52.90999984741211,46.9962946160249,47.137693517507955,62.154459436871704,6.84571760563657
2023-02-01,53.18000030517578,56.255001068115234,51.970001220703125,55.5099983215332,47.80712354035902,47.46601919609718,65.62376452753891,4.518918628507532
2023-02-02,60.005001068115234,65.51000213623047,59.790000915527344,63.290000915527344,49.28168329037505,48.08656749881993,73.46296136354728,26.655992334267935
2023-02-03,58.529998779296875,62.935001373291016,58.45000076293945,59.43000030517578,50.24818967273703,48.531408001029966,65.48409160334218,12.322813223524461
2023-02-06,58.2400016784668,59.939998626708984,56.45000076293945,56.650001525878906,50.85788603970292,48.84978421769071,60.39634452034817,2.0536898555507213
2023-02-07,56.560001373291016,58.810001373291016,55.31999969482422,58.369998931884766,51.573325362767854,49.223125971188516,62.34561939425393,-7.773742949078584
2023-02-08,59.27000045776367,61.29999923706055,57.84000015258789,58.06999969482422,52.19205625153513,49.570062195644816,61.77450367024185,-2.288407543947328
2023-02-09,59.56999969482422,61.02000045776367,57.974998474121094,58.16999816894531,52.76138405319324,49.90731458675464,61.89978993164133,2.6831361026037044
2023-02-10,63.64500045776367,64.31999969482422,58.0099983215332,60.099998474121094,53.460299712329224,50.307027680376855,64.32978154003978,2.963850563463539
2023-02-13,60.0,64.12000274658203,58.369998931884766,64.08000183105469,54.4716999141126,50.84714431373677,68.75530312543458,10.3495818285085
2023-02-14,62.43000030517578,68.94000244140625,62.11000061035156,68.37999725341797,55.79629966071311,51.53470717411643,72.69664373743417,17.552001729172094
2023-02-15,68.80000305175781,72.41000366210938,67.47000122070312,72.4000015258789,57.37760460025271,52.352954011440445,75.7734643272973,20.465895780436938
2023-02-16,69.05999755859375,71.29000091552734,68.0,68.31999969482422,58.419737466402374,52.97911266569079,67.46393656902605,6.61672556587651
2023-02-17,67.12000274658203,67.19000244140625,63.5099983215332,64.44999694824219,58.994047893244264,53.42895126500653,60.66792739491801,-5.7472952077068715
2023-02-21,63.02000045776367,64.4000015258789,61.150001525878906,61.939998626708984,59.27461462976471,53.762717828210555,56.67989947601747,-14.44751751204185
2023-02-22,62.400001525878906,64.06999969482422,61.209999084472656,61.470001220703125,59.48369906699694,54.064964235759284,55.938391681583816,-10.026344415572407
2023-02-23,62.959999084472656,63.7239990234375,59.56999969482422,61.7400016784668,59.69858502999407,54.365946096257616,56.29214446928094,-4.204802789908127
2023-02-24,60.25,60.880001068115234,58.57500076293945,59.20000076293945,59.65110081408411,54.555516867500046,52.05786125347119,-4.423632425765059
2023-02-27,60.11000061035156,61.470001220703125,59.650001525878906,60.2599983215332,59.70909105288879,54.77922202256017,53.625573449616724,-1.9684445666846553
2023-02-28,59.709999084472656,61.099998474121094,59.470001220703125,60.0099983215332,59.73774888799778,54.984350504872836,53.1838519394022,-2.8020785712692504
2023-03-01,60.20000076293945,60.650001525878906,58.349998474121094,58.5099983215332,59.6208202626202,55.1226112035654,50.496210548991435,-1.1655446495166386
2023-03-02,57.57500076293945,60.06999969482422,57.09000015258789,59.400001525878906,59.59978990674008,55.29035200051887,52.04471688218808,-1.427143743127167
2023-03-03,59.560001373291016,62.459999084472656,59.150001525878906,61.58000183105469,59.78838151857956,55.53700493504969,55.70005375811317,2.6162365496319717
2023-03-06,62.0099983215332,62.75,60.02000045776367,60.099998474121094,59.818059323869235,55.715945858150526,52.75979932879578,2.717484529482082
2023-03-07,60.25,61.43000030517578,59.42300033569336,59.599998474121094,59.79729162389322,55.86826164701212,51.76562454417276,0.3366951904118293
2023-03-08,59.47999954223633,60.63999938964844,58.61000061035156,59.29999923706055,59.749930444194874,56.002839591719905,51.1429229414813,-3.7025049142566595
2023-03-09,59.029998779296875,60.40999984741211,56.80099868774414,57.369998931884766,59.523270300165336,56.05645368349108,47.20850339622057,-4.542428638183509
2023-03-10,56.0099983215332,56.38999938964844,51.88999938964844,52.720001220703125,58.87533991164513,55.92561241044057,39.35331673881149,-11.54361984825441
2023-03-13,52.0099983215332,56.25,50.349998474121094,55.25,58.5300694438694,55.89911780610957,44.740881292687455,-6.829678396571429
2023-03-14,56.33000183105469,56.790000915527344,54.19499969482422,54.79999923706055,58.174824662268556,55.85601511712726,43.99229872409631,-4.479692770912497
2023-03-15,53.939998626708984,55.900001525878906,52.880001068115234,55.25,57.896269932528696,55.832249818416386,44.98361426612195,4.798935357959259
2023-03-16,55.65999984741211,56.974998474121094,54.380001068115234,55.529998779296875,57.67091077507805,55.82039683649013,45.62847106598514,0.5067851208993213
2023-03-17,55.5099983215332,55.915000915527344,53.709999084472656,54.529998779296875,57.371776299289365,55.76979299111001,43.66019746156174,-0.4927015721216908
2023-03-20,53.810001373291016,54.290000915527344,52.5,53.720001220703125,57.02398819656687,55.68940900011366,42.0769029320729,-2.7692285598133486
2023-03-21,54.5,58.09000015258789,54.48500061035156,57.2599983215332,57.046465351325566,55.751000738208546,50.52179047907914,3.115432343357659
2023-03-22,57.04999923706055,58.540000915527344,55.41999816894531,55.439998626708984,56.8934685204097,55.73880457697327,46.7481572753539,1.6688059192798008
2023-03-23,56.47999954223633,58.63999938964844,56.290000915527344,58.18000030517578,57.01599535705409,55.83453774278514,52.50037515574707,8.302306372163335
2023-03-24,57.68000030517578,57.70000076293945,55.38999938964844,56.63999938964844,56.98018621730117,55.86612447403468,49.27847011033547,-1.082778466746145
2023-03-27,57.2599983215332,58.150001525878906,56.060001373291016,56.099998474121094,56.896358813188776,55.87529600344983,48.16233677126677,1.1904759447345032
2023-03-28,56.5,56.90999984741211,55.880001068115234,56.47999954223633,56.85670554928854,55.89900986771597,49.037095016382715,-2.9219676074635883
2023-03-29,57.400001525878906,57.90999984741211,56.45000076293945,57.09000015258789,56.8789240829361,55.945715369083494,50.48166568325801,0.794492880982791
2023-03-30,58.349998474121094,60.04999923706055,57.77000045776367,58.90999984741211,57.072359870029054,56.06196181921403,54.61519322810156,5.008915240144379
2023-03-31,59.0,62.22999954223633,58.78499984741211,61.65999984741211,57.509277963113156,56.28149272228062,60.0426629296614,9.171388716641408
2023-04-03,60.70000076293945,61.61000061035156,59.630001068115234,61.18000030517578,57.85887056711912,56.47359105886474,58.72262862536103,7.164127065434052
2023-04-04,61.5,63.09000015258789,60.540000915527344,61.22999954223633,58.179930469511234,56.66011688174206,58.82417742492511,3.938210322243169
2023-04-05,60.529998779296875,60.70000076293945,56.599998474121094,57.63999938964844,58.128508461905255,56.698543646758,49.422538235024916,-6.5196245016409815
2023-04-06,56.599998474121094,59.470001220703125,55.619998931884766,59.08000183105469,58.21912687801473,56.79193416378924,52.68889946810509,-3.432491767973129
2023-04-10,58.27000045776367,59.31999969482422,57.029998779296875,58.86000061035156,58.28016247157061,56.87303480875247,52.13493417391119,-3.8706499258585576
2023-04-11,58.02000045776367,61.310001373291016,57.869998931884766,60.70000076293945,58.51062326122479,57.0231119049951,56.2755526050741,5.308815762826953
2023-04-12,62.52000045776367,64.25,62.20000076293945,63.040000915527344,58.94199256163456,57.25906833678068,60.90710988331232,6.702774139710894
2023-04-13,63.77000045776367,65.81999969482422,63.584999084472656,64.87999725341797,59.50751681799488,57.55792829429587,64.12506232559988,10.227653042204835
2023-04-14,64.12999725341797,65.48999786376953,63.130001068115234,64.68000030517578,60.00013429296449,57.837225235899005,63.513083865455336,6.556836066246522
2023-04-17,64.70999908447266,65.6500015258789,64.04399871826172,64.69999694824219,60.44774026013379,58.10635353834384,63.55053955954534,2.633242399439704
2023-04-18,65.94000244140625,66.19999694824219,63.70000076293945,64.45999908447266,60.82986014816606,58.355516108780265,62.71837266044268,-0.647346157098036
2023-04-19,63.93000030517578,64.53500366210938,62.599998474121094,62.869998931884766,61.024159079948795,58.53255465086279,57.35952722179638,-2.7983941941109993
2023-04-20,61.459999084472656,62.81999969482422,61.02000045776367,62.40999984741211,61.156143914945304,58.68461132523728,55.87216603956417,-3.5394083598829202
2023-04-21,62.540000915527344,63.45500183105469,62.11000061035156,62.79999923706055,61.31270156467057,58.84599908648525,56.89275941854893,-2.575240259058545
2023-04-24,63.380001068115234,64.1989974975586,61.619998931884766,62.5,61.42577760613052,58.98929323995642,55.82322210002106,-0.5885142964383274
2023-04-25,61.47999954223633,61.560001373291016,57.810001373291016,58.09000015258789,61.10808451531693,58.95402684437334,43.02015497836488,-6.921967161330399
2023-04-26,59.33000183105469,62.0099983215332,59.15999984741211,59.52000045776367,60.95683841459758,58.9762218880357,47.2453080961254,-5.222928055962824
2023-04-27,61.400001525878906,61.400001525878906,59.11000061035156,59.58000183105469,60.825711120926826,58.99989953285998,47.42148106805625,-4.6719970703125
2023-04-28,44.40999984741211,47.099998474121094,43.0099983215332,47.04999923706055,59.51373856055861,58.53127599184824,27.082168263598362,-19.00499377952836
2023-05-01,46.66999816894531,46.810001373291016,44.22999954223633,44.720001220703125,58.10481119485809,57.98965737337196,24.940031325047528,-24.865589924789834
2023-05-02,44.59000015258789,44.65599822998047,42.709999084472656,42.880001068115234,56.65482927802543,57.397121831989345,23.368097886797898,-28.029540533238062
2023-05-03,42.5,43.27000045776367,41.779998779296875,41.900001525878906,55.24960758734481,56.78939162390658,22.552774622088492,-10.94579765077885
2023-05-04,41.939998626708984,42.849998474121094,39.900001525878906,40.47999954223633,53.842978249715436,56.149807620703825,21.38829879961716,-9.481219952435708
2023-05-05,41.65999984741211,44.33000183105469,41.27000045776367,44.06999969482422,52.91221838734484,55.67608966282619,31.077377613625192,2.775183295398388
2023-05-08,45.02000045776367,46.380001068115234,44.599998474121094,46.310001373291016,52.283435814577814,55.30879208284442,36.34894161295718,10.525058918406815
2023-05-09,45.470001220703125,47.650001525878906,45.470001220703125,47.150001525878906,51.7945373108922,54.98883951198303,38.25610294124095,16.47727781390704
2023-05-10,48.48500061035156,49.4900016784668,47.790000915527344,49.209999084472656,51.548390813137964,54.76221831874733,42.78375629622624,11.663261686503034
2023-05-11,49.099998474121094,50.125,48.189998626708984,50.02000045776367,51.40282982691184,54.57624899086562,44.50690136127806,8.011226461790548
2023-05-12,49.79999923706055,50.59000015258789,48.29999923706055,49.43000030517578,51.21494130103222,54.374435316917,43.47973580776324,4.835628219535618
2023-05-15,49.38999938964844,51.314998626708984,49.099998474121094,51.209999084472656,51.21447061374083,54.25033977838977,47.422200034330686,4.064214666143053
2023-05-16,50.959999084472656,51.4900016784668,50.709999084472656,51.209999084472656,51.214044753810526,54.13111073156949,47.42220003433068,2.3790456133917988
2023-05-17,51.5,54.470001220703125,51.25,54.20000076293945,51.498421516584706,54.13381230142714,53.71220725774921,9.650010981821111
2023-05-18,54.26499938964844,58.84000015258789,54.15999984741211,58.52000045776367,52.16714332050651,54.30581968010701,60.97619798882945,14.27455868771432
2023-05-19,58.1150016784668,60.220001220703125,57.8849983215332,57.9900016784668,52.72170125935987,54.45029740553288,59.73759428269837,13.239606942406487
2023-05-22,57.60499954223633,58.66999816894531,56.7400016784668,56.79999923706055,53.110110590569455,54.54244257539671,56.94084455541648,4.797045087679971
2023-05-23,55.779998779296875,58.7400016784668,55.70000076293945,55.91999816894531,53.377718931367156,54.59646436337901,54.89415483342545,-4.442929371975808
2023-05-24,54.79999923706055,56.56999969482422,54.75,56.22999954223633,53.649364703830884,54.66052456647146,55.50095252628548,-3.0350096314689425
2023-05-25,57.93000030517578,58.89500045776367,57.310001373291016,58.029998779296875,54.066567949113356,54.79266081011167,58.95380033328889,2.165492180911483
2023-05-26,57.7599983215332,62.97999954223633,57.209999084472656,61.13999938964844,54.74022808630718,55.04157604852488,64.13229097642909,9.334766437102653
2023-05-30,63.0,66.58999633789062,62.560001373291016,66.16000366210938,55.8278257601931,55.47759281768506,70.58360262199292,17.659619777187213
2023-05-31,65.4000015258789,69.44000244140625,64.25,69.16000366210938,57.097556988947034,56.01415794883896,73.63547385461987,19.179743437773958
2023-06-01,67.75,71.30000305175781,66.70999908447266,69.6500015258789,58.29302789722626,56.548896912644445,74.10797231730061,13.918878346719922
2023-06-02,71.48999786376953,72.0,69.69999694824219,70.63999938964844,59.46892994412361,57.101489166644605,75.07972988047383,6.771456287123529
2023-06-05,67.75,69.9990005493164,66.70999908447266,69.91000366210938,60.46331791726511,57.603783852741266,72.90687318959961,1.0844418164929939
2023-06-06,69.45999908447266,70.62999725341797,68.29000091552734,68.62000274658203,61.24014504386672,58.03579243681345,69.10105993062159,-1.478820899830379
2023-06-07,68.88999938964844,68.9000015258789,61.72999954223633,62.779998779296875,61.386797780574355,58.22183974436182,55.08257591581785,-11.126841277271252
2023-06-08,62.310001373291016,64.37000274658203,61.88999938964844,63.119998931884766,61.55186455688963,58.41392441838233,55.64672346163901,-9.712493741299479
2023-06-09,63.91999816894531,67.2699966430664,62.83000183105469,63.81999969482422,61.76787742716912,58.62592737039966,56.84837649056176,-6.995049343679749
2023-06-12,64.47000122070312,65.31999969482422,63.61000061035156,65.25,62.09950814839111,58.885694924501635,59.27570866767535,3.9343760253746036
2023-06-13,67.13999938964844,69.44000244140625,66.56999969482422,69.12000274658203,62.76812668155215,59.287040329289106,65.01177097490131,9.505709626472115
2023-06-14,68.41000366210938,69.55000305175781,66.94999694824219,68.87000274658203,63.34925773536452,59.662842777026086,64.3809140399807,7.912884794587936
2023-06-15,67.55000305175781,71.05000305175781,67.55000305175781,70.25,64.00647128437743,60.07802541322114,66.3235358832266,7.662835249042145
2023-06-16,71.01000213623047,71.38999938964844,67.1500015258789,67.62999725341797,64.35156899571462,60.37418117166023,59.66976237758326,-2.155679157923273
2023-06-20,66.9000015258789,68.79000091552734,66.052001953125,67.18000030517578,64.62094340613949,60.641076039641234,58.582680916171526,-2.4539020967152836
2023-06-21,67.0,67.19999694824219,63.137001037597656,63.9900016784668,64.56085371778971,60.77240645685008,51.429695419772976,-8.911029639193172
2023-06-22,62.8849983215332,65.55000305175781,62.560001373291016,65.0,64.6026771732383,60.93819443893439,53.37098010501287,-3.8888028393126257
2023-06-23,62.560001373291016,64.38999938964844,62.540000915527344,63.40999984741211,64.48908885649296,61.03512798436489,49.98401489211762,-5.611789878889325
2023-06-26,63.0,65.38999938964844,62.78400039672851,63.189998626708984,64.36536597746591,61.11963271543721,49.51578211800021,-1.250200079346178
2023-06-27,63.77000045776367,64.66500091552734,62.220001220703125,63.93000030517578,64.32390258010494,61.229843209152456,51.17264352267152,-1.6461533766526442
2023-06-28,63.709999084472656,67.36000061035156,63.494998931884766,66.4800033569336,64.52924551123148,61.43573184239877,56.473836532240526,4.841513194936204
2023-06-29,66.12000274658203,66.77999877929688,63.59000015258789,64.08000183105469,64.48646039883369,61.539428704699006,50.875318903733536,1.408455805804558
2023-06-30,65.31999969482422,66.5199966430664,64.5199966430664,65.37000274658203,64.57060728909543,61.68964729457677,53.541293784405894,2.252467440219404
2023-07-03,65.4800033569336,66.37000274658203,64.75,65.81999969482422,64.68959704202199,61.85162189850805,54.46953872882884,-0.9927852418505321
2023-07-05,65.38999938964844,65.85600280761719,63.900001525878906,65.08000183105469,64.72677845050129,61.978225033117724,52.60807957665892,1.5605492687663693
2023-07-06,63.29999923706055,63.400001525878906,61.65999984741211,63.150001525878906,64.57660921958487,62.02417705244169,48.000651736641686,-3.396054960115787
2023-07-07,63.709999084472656,64.41000366210938,62.2400016784668,62.36000061035156,64.36550363775312,62.03734660373228,46.216396126565634,-5.256759496376501
2023-07-10,61.599998474121094,65.5199966430664,60.560001373291016,65.4800033569336,64.47164646815126,62.17235275091665,53.558612637594564,0.6146304772966904
2023-07-11,66.0999984741211,68.44000244140625,64.93000030517578,67.94000244140625,64.80196608465174,62.39853509172017,58.38270673870211,7.585116072506188
2023-07-12,69.47000122070312,69.61000061035156,63.5099983215332,64.2300033569336,64.74749344391668,62.4703573766305,49.954938989513195,2.9987215014100186
2023-07-13,65.54000091552734,67.98999786376953,65.19000244140625,67.62000274658203,65.02106575845625,62.6723042538835,56.17959330321945,3.2681723884209846
2023-07-14,68.0,70.26000213623047,65.72000122070312,66.54000091552734,65.16572624960587,62.8239786327715,53.88030405830034,-2.060643914586719
2023-07-17,66.66500091552734,72.12999725341797,66.0199966430664,71.18000030517578,65.73851425489823,63.151665757179515,61.22316765805926,10.820483551308952
2023-07-18,72.8499984741211,73.86000061035156,70.18000030517578,72.93000030517578,66.423417688258,63.53512985710094,63.57844634375466,7.852702370471514
2023-07-19,73.91000366210938,76.06999969482422,72.20999908447266,72.69999694824219,67.02118714158982,63.894536409694716,63.0365165994022,9.257583330266211
2023-07-20,71.68000030517578,72.14199829101562,66.86000061035156,67.2699966430664,67.04488328458758,64.02690739923871,51.80889494921752,-5.493121165138662
2023-07-21,68.44999694824219,69.3499984741211,66.5,66.56999969482422,66.99965627603869,64.12663650886951,50.558714894894216,-8.72069187404103
2023-07-24,67.5,67.5,64.62999725341797,65.38999938964844,66.846355620192,64.17618015125299,48.43686377465093,-10.055017696627976
2023-07-25,65.62999725341797,68.33000183105469,65.5999984741211,67.08999633789062,66.86955949806806,64.29044745268976,51.58905903354072,-0.26757888235205385
2023-07-26,65.87999725341797,67.34500122070312,64.23999786376953,65.73999786376953,66.76198219956343,64.34729256684976,49.02593573834573,-1.2468106276996418
2023-07-27,67.66000366210938,68.05000305175781,64.2699966430664,64.76000213623047,66.57131743162697,64.36347725584508,47.19292757724261,-0.9634458775017215
2023-07-28,66.0,67.86000061035156,65.21700286865234,66.93000030517578,66.60547770529828,64.46412521856394,51.51567379908421,-0.2384797159759007
2023-07-31,67.87999725341797,70.12999725341797,67.80500030517578,68.7699966430664,66.81162236603811,64.6329829214856,54.88780079922141,4.609064310552344
2023-08-01,67.69999694824219,68.72000122070312,66.63999938964844,68.62999725341797,66.98480092674095,64.78972858156139,54.57676938890394,5.97590331922241
2023-08-02,66.81999969482422,66.81999969482422,62.720001220703125,64.11000061035156,66.71101042041815,64.76307258269041,45.59361091006529,-4.213356763732369
2023-08-03,63.59000015258789,65.55500030517578,63.5099983215332,65.04000091552734,66.5518666580476,64.77393251731147,47.508058728447885,-5.423870742496439
2023-08-04,71.83000183105469,75.1240005493164,68.0999984741211,69.5199966430664,66.83454570423987,64.96005267910577,55.61108665901808,1.296808138228671
2023-08-07,67.30000305175781,68.2300033569336,64.93499755859375,67.79000091552734,66.9255414386482,65.07103104131838,52.25644107128219,5.740134565809983
2023-08-08,64.48500061035156,67.05000305175781,63.56999969482422,66.58999633789062,66.89358476238557,65.13059830785062,50.00321013707597,2.383141759755484
2023-08-09,66.86000061035156,67.19999694824219,63.43000030517578,63.59000015258789,66.57895765669056,65.07018269391875,44.80220000515744,-8.529914811309107
2023-08-10,64.37999725341797,65.62000274658203,62.58000183105469,63.290000915527344,66.26572368134168,65.00037164378575,44.305909913435514,-6.63814712970342
2023-08-11,62.900001525878906,64.0,62.650001525878906,63.61000061035156,66.01279767458072,64.94584728953343,45.00570040433264,-4.475140248421074
2023-08-14,62.86000061035156,65.7300033569336,62.70000076293945,65.63999938964844,65.97729307601574,64.97306894051833,49.35322102140234,3.223776115963917
2023-08-15,64.81999969482422,65.46900177001953,62.08000183105469,62.11000061035156,65.60897950785724,64.86079175110002,42.989006052815505,-1.8644340150203476
2023-08-16,62.90999984741211,62.95000076293945,60.79999923706055,60.849998474121094,65.15574321892998,64.7035057402381,40.95872047609739,-4.338943734865049
2023-08-17,60.310001373291016,60.56999969482422,57.84000015258789,58.310001373291016,64.50376780505961,64.4527800787892,37.14979265833644,-11.166968440760494
2023-08-18,57.0,59.22999954223633,56.36100006103515,58.97999954223633,63.97769463717168,64.23816123421851,38.76736745261061,-5.039447814131196
2023-08-21,59.41999816894531,60.41999816894531,58.54999923706055,58.56999969482422,63.46267607123383,64.01588038953638,38.120799142152954,-3.7469167402962813
2023-08-22,59.13999938964844,60.39400100708008,58.41999816894531,59.79999923706055,63.11384970607447,63.850551716890266,41.28457875808353,2.555304113664499
2023-08-23,59.52000045776367,65.0,59.029998779296875,63.11000061035156,63.11348312552943,63.821510497026004,48.861874519951606,7.002375551321746
2023-08-24,64.66999816894531,64.97000122070312,59.11000061035156,59.900001525878906,62.807437258896044,63.66772583149083,43.05847910843929,2.270790230467115
2023-08-25,59.02000045776367,62.470001220703125,59.02000045776367,62.20000076293945,62.74958616404304,63.610167985665285,47.838901113897336,4.0133805292618225
2023-08-28,62.880001068115234,63.45000076293945,61.709999084472656,61.83000183105469,62.66200670375843,63.54035754822958,47.15308957214847,-2.0282027680521435
2023-08-29,61.709999084472656,64.08000183105469,61.08000183105469,63.22999954223633,62.71610125980394,63.52818664603377,50.0698325175497,5.559261989198357
2023-08-30,63.43000030517578,64.52999877929688,62.56999969482422,64.41000366210938,62.877425298118744,63.562767705487715,52.45189238395464,3.553059279842815
2023-08-31,65.0,66.11000061035156,64.87999725341797,65.02999877929688,63.08243229632618,63.62030617897043,53.70170267905072,5.1754760690221415
2023-09-01,65.86000061035156,66.9209976196289,63.59000015258789,63.9900016784668,63.16886747557767,63.63480404169578,51.26736725353897,1.2019644816267998
2023-09-05,63.400001525878906,65.37999725341797,63.029998779296875,65.30999755859375,63.37278462634111,63.700497905103546,54.11070764487836,1.397289000642949
2023-09-06,64.55999755859375,65.3949966430664,63.040000915527344,63.9900016784668,63.43156720273403,63.711850994255045,50.911727830618844,-1.5992574509491986
2023-09-07,60.77000045776367,64.01000213623047,60.74599838256836,63.529998779296875,63.44094163859716,63.70471953484492,49.80666138060954,-0.7188668340427891
2023-09-08,63.400001525878906,64.11000061035156,62.305999755859375,62.68000030517578,63.368471035414174,63.66453446701476,47.74443846681092,-4.0269443450192
2023-09-11,63.790000915527344,65.75,63.54999923706055,65.45999908447266,63.56766418294355,63.73494484416997,54.395179933374926,2.297229828797655
2023-09-12,64.2699966430664,65.94999694824219,64.22000122070312,64.83000183105469,63.68788681609699,63.77788825542036,52.75650687545031,2.046282192250658
2023-09-13,64.31999969482422,65.26000213623047,63.53099822998047,64.45999908447266,63.76142131784705,63.80463769969692,51.770087108366624,2.8398193532712734
2023-09-14,65.0999984741211,65.7699966430664,63.959999084472656,65.58000183105469,63.934619461962065,63.87425982249526,54.54088912301383,0.183322255209894
2023-09-15,65.0,65.18000030517578,61.53400039672851,62.7599983215332,63.82275078192122,63.83056329304577,47.18978959715924,-3.1929715425828
2023-09-18,61.7599983215332,62.72999954223633,61.0099983215332,61.720001220703125,63.62248891894807,63.7477961529539,44.79207003850066,-4.2506948536857045
2023-09-19,61.16999816894531,61.31999969482422,59.70500183105469,60.16999816894531,63.29368027609067,63.60749034965945,41.41461855907717,-8.2494716545548
2023-09-20,60.22999954223633,61.150001525878906,59.40999984741211,60.0099983215332,62.98094866137091,63.466412230909405,41.07035729055079,-4.381771946377609
2023-09-21,58.41999816894531,58.810001373291016,56.08300018310547,56.54999923706055,62.368477287627066,63.195180348797685,34.40919377423205,-8.376542257598615
2023-09-22,57.44499969482422,58.189998626708984,56.529998779296875,57.7599983215332,61.92957452895146,62.982035955571625,38.18499615134345,-4.0053181332087
2023-09-25,57.29999923706055,58.290000915527344,56.66999816894531,57.75,61.53151981190847,62.77685807496098,38.16544540405281,-3.7660363018578105
2023-09-26,56.86000061035156,57.689998626708984,56.43000030517578,56.68000030517578,61.06947033507678,62.53776561340077,36.03885969889355,0.22988694937070311
2023-09-27,60.25,61.27000045776367,58.560001373291016,60.540000915527344,61.01904467607207,62.45942189975868,47.42077045447089,4.813024021432048
2023-09-28,59.810001373291016,63.83000183105469,59.257999420166016,63.09000015258789,61.216278530978336,62.48415045869316,53.32931499879943,9.246753510974703
2023-09-29,63.939998626708984,65.58000183105469,62.7599983215332,63.040000915527344,61.38996637712586,62.50594851582391,53.20307092303822,11.220890218962815
2023-10-02,62.90999984741211,63.779998779296875,61.54999923706055,62.5099983215332,61.496636086117036,62.50610733173408,51.803159518809856,3.2540425771625534
2023-10-03,61.54999923706055,61.77000045776367,57.900001525878906,58.400001525878906,61.2017185089515,62.34508357464172,42.47060616129354,-7.433822500183661
2023-10-04,59.150001525878906,59.88999938964844,58.119998931884766,59.25,61.01584055571802,62.223707748185184,44.68987649384427,-6.012057202546504
2023-10-05,59.0,59.27000045776367,56.709999084472656,58.16999816894531,60.74480794745396,62.06473874507774,42.44919122650384,-6.942889568264256
2023-10-06,57.400001525878906,62.689998626708984,57.34000015258789,62.54999923706055,60.91673092741649,62.083768568292754,52.787765805681374,7.106160278681918
2023-10-09,61.0099983215332,64.80999755859375,61.0099983215332,63.689998626708984,61.18085166068244,62.14675798234829,55.051073716980675,7.493668568285206
2023-10-10,63.69499969482422,66.1449966430664,63.560001373291016,65.55999755859375,61.59791317476923,62.28061051475007,58.56041726383602,12.7041423796944
2023-10-11,66.26000213623047,66.8499984741211,64.8010025024414,65.29000091552734,61.949540578650954,62.39862582458448,57.85803756252006,4.3804983403474775
2023-10-12,65.31500244140625,65.3499984741211,62.33000183105469,62.619998931884766,62.01339375514941,62.407307122909984,51.30469590892349,-1.6800121179081084
2023-10-13,62.400001525878906,63.5,60.64500045776367,61.15999984741211,61.93211814488871,62.35839311210615,48.09665659652616,-6.711406154719844
2023-10-16,61.900001525878906,64.52999877929688,61.47999954223633,63.5099983215332,62.08239244742628,62.40355410071113,53.17223640708815,-2.726301989637158
2023-10-17,62.0,65.8499984741211,62.0,64.62999725341797,62.325021476568345,62.490865596895716,55.41023702608311,3.209834487093475
2023-10-18,64.19999694824219,64.6500015258789,62.2400016784668,62.43000030517578,62.33501946024524,62.488478722710624,50.32267563666237,2.076521355350216
2023-10-19,62.75,63.959999084472656,61.9900016784668,62.790000915527344,62.378351027414965,62.50030312242893,51.11366918130963,-1.1336756810490147
2023-10-20,62.060001373291016,62.619998931884766,58.805999755859375,59.380001068115234,62.09279388843404,62.377938335985256,43.97161747927028,-8.123157060826097
2023-10-23,58.5,59.7400016784668,57.29999923706055,58.70000076293945,61.76967073362503,62.233705489983464,42.69059265043289,-5.974690892204098
2023-10-24,59.689998626708984,61.27000045776367,58.790000915527344,59.630001068115234,61.565892670243144,62.13159943422393,45.04848224016006,-5.032648194516386
2023-10-25,58.56999969482422,59.040000915527344,56.40999984741211,56.4900016784668,61.08247448055016,61.91036030654718,39.18625717542021,-4.866957456489935
2023-10-26,56.54999923706055,57.10499954223633,54.61000061035156,55.529998779296875,60.55366727090699,61.66015005057658,37.576265591895535,-5.4003440246017425
2023-10-27,56.33000183105469,56.91999816894531,54.92300033569336,55.349998474121094,60.05807976645119,61.4126931260097,37.267093189319304,-7.177599391797934
2023-10-30,56.41999816894531,56.90999984741211,55.14500045776367,55.880001068115234,59.66016750946682,61.19572481001384,38.862187753680175,-1.0798381876913383
2023-10-31,56.0099983215332,57.28900146484375,55.2599983215332,56.689998626708984,59.3772942825375,61.019029665570514,41.31795206347673,2.088960693160666
2023-11-01,56.70000076293945,56.71500015258789,53.88100051879883,54.95000076293945,58.955647280671016,60.781028532134,37.80497411913902,-0.7226697781548443
2023-11-02,57.470001220703125,58.08000183105469,55.400001525878906,56.58000183105469,58.72939533308851,60.61628238699364,42.71830855806618,1.252685664923634
2023-11-03,57.470001220703125,64.57499694824219,57.36000061035156,64.41999816894531,59.27135750793202,60.76544771177606,59.35156157880596,13.635561350312695
2023-11-06,64.30000305175781,64.5,61.400001525878906,63.11000061035156,59.636942565305304,60.85739096270059,56.404337396386516,14.849863028419737
2023-11-07,64.02999877929688,66.23999786376953,63.40999984741211,66.0,60.24294803527623,61.05906190533979,61.00482480086005,16.648988801861474
2023-11-08,65.68000030517578,66.16000366210938,63.880001068115234,64.58000183105469,60.65600077773132,61.197137980858024,57.778546042308705,0.248375763205947
2023-11-09,65.0999984741211,65.4000015258789,62.02000045776367,62.18000030517578,60.801143589868886,61.23568160141951,52.70514563826411,-1.4736179625757106
2023-11-10,61.810001373291016,63.31999969482422,61.34000015258789,63.08000183105469,61.018177708077054,61.30800788493462,54.32482540753877,-4.424239649917141
2023-11-13,62.86000061035156,64.25,62.38999938964844,63.88999938964844,61.29168453489338,61.409262453746926,55.792194507576994,-1.0684459923233502
2023-11-14,66.04000091552734,70.94999694824219,66.04000091552734,70.61000061035156,62.17914320874654,61.770075714790245,65.65134004101338,13.557414383727624
2023-11-15,70.58999633789062,72.69000244140625,70.13999938964844,70.80999755859375,63.00112933730342,62.12458245376293,65.89511863285718,12.254273150216582
2023-11-16,69.5,70.95999908447266,68.94999694824219,70.69999694824219,63.734354824059494,62.46087321825232,65.61926827093319,10.658941342386548
2023-11-17,70.48999786376953,73.1500015258789,69.81999969482422,72.69000244140625,64.58727364475918,62.86201554072894,68.21183330480561,2.945760958894193
2023-11-20,72.51000213623047,73.87100219726562,72.31999969482422,72.80999755859375,65.37039020798152,63.252132482605994,68.3667337134035,2.824459919441521
2023-11-21,73.33000183105469,75.677001953125,72.9000015258789,73.8499984741211,66.17797194761386,63.66773507050855,69.742894843585,4.455447895117943
2023-11-22,74.83999633789062,75.04000091552734,73.12999725341797,73.68000030517578,66.89245083881023,64.06037292284844,69.21285657205247,1.3619450137830795
2023-11-24,73.43000030517578,73.83999633789062,72.41000366210938,73.4000015258789,67.51221757091201,64.42663286806533,68.292247516173,0.8103337276043051
2023-11-27,73.0,75.55000305175781,72.69499969482422,73.94999694824219,68.12533941637203,64.80009812611148,69.1599894919786,0.1354075506936344
2023-11-28,73.20999908447266,75.08000183105469,72.83000183105469,74.54000091552734,68.73625955914872,65.18205509824544,70.10514261430961,1.1672103783788261
2023-11-29,76.0,79.08000183105469,75.19999694824219,78.30999755859375,69.64804413052444,65.69687637120028,75.31168908542269,6.68936775291988
2023-11-30,79.05999755859375,79.61000061035156,76.58999633789062,77.1500015258789,70.36251626341534,66.14601853412886,71.20256616527382,4.327254509390191
2023-12-01,77.44000244140625,78.87799835205078,75.79000091552734,78.77999877929688,71.16418126492788,66.64146873982172,73.3989142052383,5.688218153598522
2023-12-04,78.5,80.16999816894531,78.05999755859375,79.81999969482422,71.988544924918,67.15827387531202,74.72354564156268,1.928236730055626
2023-12-05,79.0999984741211,79.2699966430664,76.91500091552734,77.94999694824219,72.55630226047269,67.58147870170144,68.15200032407463,1.0369350700465427
2023-12-06,78.19000244140625,80.03099822998047,76.61000061035156,76.66000366210938,72.94713096539047,67.9374992883841,63.97241973882251,-2.6910321782648055
2023-12-07,76.69000244140625,77.30000305175781,75.7300033569336,76.80000305175781,73.31407116409213,68.28504845557524,64.22881547175825,-3.7835087128699056
2023-12-08,75.9800033569336,78.33999633789062,75.77999877929688,77.5199966430664,73.71463549542301,68.64720328645724,65.58527600264549,-0.5516360769857322
2023-12-11,77.0999984741211,78.95999908447266,76.88999938964844,77.81999969482422,74.10562256203265,69.00692079266771,66.1610765886817,1.5131698112456433
2023-12-12,77.31999969482422,78.625,76.5,78.19000244140625,74.494611121973,69.36704164163785,66.89671245744829,1.809894966685972
2023-12-13,78.5999984741211,81.44999694824219,77.5199966430664,80.37999725341797,75.05512408687251,69.79892225386453,70.9255576047017,3.6893714321482345
2023-12-14,82.68000030517578,84.88999938964844,81.80999755859375,84.66000366210938,75.96987452260936,70.38170976007021,76.85433482632834,8.789519396181754
2023-12-15,84.80000305175781,85.4800033569336,83.36000061035156,85.05000305175781,76.83464866824255,70.95693694797953,77.30840497634443,8.773500954284131
2023-12-18,84.80999755859375,85.5999984741211,83.91999816894531,84.69999694824219,77.58372945681394,71.4958804774016,75.86987463369465,5.374471065487031
2023-12-19,85.38999938964844,86.90499877929688,85.04499816894531,85.51000213623047,78.33861256913933,72.04545387578705,76.939326321476,1.0040142184656213
2023-12-20,85.13999938964844,86.16999816894531,82.66999816894531,82.83000183105469,78.76636392741698,72.46837732501324,66.44622991732018,-2.6102306185128845
2023-12-21,84.62000274658203,85.11699676513672,83.36000061035156,84.8499984741211,79.34575769376976,72.95393109556649,69.79048588973947,0.17709743953186682
2023-12-22,85.0,85.30999755859375,83.54000091552734,84.31999969482422,79.81949502720352,73.39965927592954,67.87886544466203,-1.3916529197489607
2023-12-26,84.5,85.94999694824219,84.33000183105469,85.76000213623047,80.38525760901561,73.88437860378448,70.26221175547785,3.5373659789987633
2023-12-27,86.2300033569336,86.91000366210938,84.93000030517578,85.55000305175781,80.877138127372,74.34185407233245,69.45288219237558,0.8249906779317354
2023-12-28,85.69999694824219,85.7699966430664,84.37000274658203,84.68000030517578,81.23931547763904,74.74727157165964,66.05805794669486,0.4269456969337018
2023-12-29,84.18000030517578,84.79000091552734,82.75,83.26000213623047,81.43176182607631,75.08110414281929,60.83159284722882,-2.915111867684809
2024-01-02,81.43000030517578,81.72000122070312,78.38999938964844,79.3499984741211,81.23349864969963,75.24851176365465,49.27169882445222,-7.2472289380115065
2024-01-03,77.23999786376953,78.31999969482422,75.80999755859375,76.38999938964844,80.77221300588523,75.29327598428186,42.66222005812822,-9.789797928260807
2024-01-04,76.0,77.83999633789062,75.6500015258789,76.83000183105469,80.39676432256805,75.35353974297884,43.867620430766486,-7.722796228920316
2024-01-05,76.30000305175781,77.63999938964844,76.1500015258789,76.27999877929688,80.00469141368508,75.38987146989328,42.660336497457045,-3.8689347874725626
2024-01-08,76.9800033569336,79.7699966430664,76.66999816894531,79.63999938964844,79.9699588399673,75.55654315302094,51.450707237746904,4.254483605141127
2024-01-09,78.94999694824219,81.6500015258789,78.6500015258789,81.62999725341797,80.12805773648641,75.79471782362475,55.77502487300567,6.2475534400197335
2024-01-10,82.55000305175781,83.0,80.36000061035156,80.97000122070312,80.20824283022134,75.99767011370626,54.05534840639108,6.148403928238082
2024-01-11,80.80999755859375,81.88200378417969,78.12000274658203,80.81999969482422,80.26650538875495,76.18678107767168,53.65047469416501,1.4816678983163791
2024-01-12,81.0,81.58999633789062,79.12000274658203,79.37000274658203,80.18112418473848,76.3116132999819,49.769835972062715,-2.768583342983401
2024-01-16,78.45999908447266,79.52999877929688,77.08999633789062,78.44999694824219,80.01625492411978,76.39547148226661,47.42586070390886,-3.112269031084812
2024-01-17,77.4000015258789,77.4000015258789,74.37000274658203,77.06999969482422,79.73565918799639,76.42192356903358,44.072883347914974,-4.639940626280593
2024-01-18,78.76000213623047,79.68299865722656,76.62999725341797,77.95999908447266,79.56654870194652,76.48224025591355,46.690558220378996,-1.7764944101253606
2024-01-19,78.62000274658203,81.37000274658203,77.91000366210938,81.3499984741211,79.73640106120124,76.67313273505894,55.277092348843375,3.6966241410974154
2024-01-22,83.87999725341797,87.16999816894531,83.54000091552734,84.68000030517578,80.20722003681786,76.98712754173019,61.78801965955748,9.874141222894837
2024-01-23,84.97000122070312,85.63999938964844,83.3499984741211,83.93000030517578,80.56177053856624,77.25939706186531,59.680616669597136,7.657774872770841
2024-01-24,85.37000274658203,86.23999786376953,82.30000305175781,82.33000183105469,80.73017351880323,77.45824430771589,55.3439461620681,1.204675323067585
2024-01-25,83.02999877929688,83.60600280761719,81.26000213623047,81.86000061035156,80.83777609895068,77.63086220193689,54.10032781102668,-3.33018385056838
2024-01-26,81.23999786376953,82.5,79.80000305175781,80.18000030517578,80.77513078525784,77.7308284020639,49.79325170093789,-4.468009038919003
2024-01-29,80.22000122070312,84.31999969482422,80.16000366210938,84.30000305175781,81.11083290587689,77.98844309420876,58.51571394376147,2.3928108549610707
2024-01-30,84.23999786376953,84.55000305175781,82.2699966430664,82.95999908447266,81.28694397050506,78.1834060742191,55.15920168606775,1.3437557609570725
2024-01-31,81.62000274658203,82.61000061035156,79.05000305175781,79.05000305175781,81.07390197824343,78.21739026941671,46.73526071333355,-1.4093255788439116
2024-02-01,79.91999816894531,80.75,78.1449966430664,79.58999633789062,80.93257763154315,78.27121795837647,47.91824687510293,-5.587196374091916
2024-02-02,79.54000091552734,83.38999938964844,78.13999938964844,82.6500015258789,81.09614181195609,78.44293496102362,54.13469899270403,-0.3736711210400329
2024-02-05,81.7699966430664,82.19000244140625,79.11000061035156,80.81999969482422,81.06984256270543,78.53615318587855,50.270295374065604,2.2390848510246166
2024-02-06,80.86000061035156,82.23999786376953,79.58999633789062,81.58999633789062,81.11938101748497,78.65591174085941,51.828480625321056,2.5128786179474347
2024-02-07,81.9800033569336,83.93000030517578,80.01499938964844,83.3499984741211,81.33182077525984,78.83999357353635,55.277814804368134,0.8469412405552206
2024-02-08,83.75,91.08000183105467,82.9000015258789,90.30999755859376,82.18688523081545,79.28979765138173,65.7287571627239,11.742140435045426
2024-02-09,110.0999984741211,116.0,105.01000213623048,107.91999816894533,84.63765789158973,80.41255061285482,79.06137569059628,32.27111534852095
2024-02-12,106.79499816894533,109.83000183105467,104.19000244140624,105.62000274658205,86.63597644920804,81.40107814751079,74.95966056452741,26.71866188380969
2024-02-13,99.91000366210938,102.83000183105467,97.62999725341795,99.87999725341795,87.8973117638947,82.12574164186009,65.7867051442979,10.596833078879342
2024-02-14,101.87000274658205,104.5,99.41999816894533,104.37000274658205,89.4661394765316,82.99806560675115,68.98402681877938,-3.2894694983277115
2024-02-15,104.5,104.5,99.43000030517578,101.22000122070312,90.58555488073841,83.71265131710221,64.43457592870521,-4.16587901103923
2024-02-16,101.31999969482422,101.8000030517578,97.71900177001952,98.5199966430664,91.34121600096013,84.29333152596355,60.737119616390416,-1.3616346092810974
2024-02-20,98.0,98.3000030517578,94.05999755859376,97.98999786376952,91.97443332122769,84.8304556960736,60.00917757259841,-6.112872199786795
2024-02-21,93.88999938964844,95.9800033569336,93.4000015258789,95.08999633789062,92.27115360852892,85.23279062320368,56.05067016896017,-6.056120143138957
2024-02-22,99.45999908447266,99.93000030517578,97.4000015258789,99.47000122070312,92.9567581430217,85.79111260741935,60.30924425192374,0.9642758932265735
2024-02-23,100.0,101.66000366210938,97.13999938964844,98.4499969482422,93.4799237435189,86.28753944431436,58.87843967215099,0.469434732626689
2024-02-26,98.70999908447266,100.3000030517578,97.8270034790039,99.08000183105467,94.0132645137604,86.78920463595124,59.51728058512105,4.196030756995777
2024-02-27,100.5500030517578,102.3000030517578,97.9000015258789,98.25,94.4167631314975,87.23864759140413,58.23371677228356,-1.2265016645533133
2024-02-28,97.3000030517578,98.18000030517578,95.73999786376952,97.4800033569336,94.70850029582475,87.64026938613078,57.00547069498182,-0.9852652324799558
2024-02-29,97.66999816894533,99.56999969482422,96.72000122070312,98.54000091552734,95.0734051167488,88.06770983826398,58.30909635684609,-0.545015043952166
2024-03-01,98.27999877929688,101.8499984741211,97.11000061035156,99.91999816894533,95.53498540743419,88.53250545907501,60.00913405113962,1.6997436834049127
2024-03-04,99.9000015258789,101.2300033569336,97.4800033569336,100.87999725341795,96.04403415467074,89.01672082355906,61.194593651552715,3.487888571397474
2024-03-05,99.05999755859376,99.22000122070312,93.81999969482422,95.97000122070312,96.03698339905478,89.28939848619216,52.605418899714955,-2.608077603964436
2024-03-06,98.7300033569336,99.36000061035156,95.76499938964844,97.48999786376952,96.1753657290276,89.61099061864617,54.72403500764598,-2.431945906431214
2024-03-07,98.41999816894533,101.9800033569336,97.66000366210938,100.75,96.61104518340592,90.04781451595417,58.961224742454235,-0.12886326026694064
2024-03-08,101.22000122070312,104.0199966430664,97.2699966430664,97.98999786376952,96.74237401010721,90.35927268645673,54.325770410102294,2.104820899627777
2024-03-11,96.76000213623048,98.39900207519533,95.20999908447266,97.05999755859376,96.77262387186784,90.62204621085426,52.81890804737713,-0.4410712017622836
2024-03-12,97.47000122070312,98.38999938964844,95.37999725341795,96.75,96.77046921740423,90.8623581241541,52.298176245167184,-3.970223325062035
2024-03-13,96.33000183105467,98.0500030517578,95.5999984741211,95.9000015258789,96.68756753249706,91.059912767359,50.818750335354366,-2.132867010361839
2024-03-14,96.0500030517578,96.86000061035156,92.66999816894533,94.20999908447266,96.45160863268521,91.18344556410855,47.91643217877133,-2.936326546269078
2024-03-15,93.1500015258789,93.68000030517578,90.8000030517578,91.5999984741211,95.98955052234577,91.19978097234434,43.75986353807065,-5.322998993156492
2024-03-18,92.95999908447266,95.74199676513672,92.08999633789062,94.63999938964844,95.86102184304126,91.33469149851314,49.2788274824934,-1.3138708197939426
2024-03-19,93.18000030517578,95.54000091552734,91.8499984741211,95.16999816894533,95.79521006455593,91.48509568166735,50.196436032452844,1.0189991442542048
2024-03-20,95.30999755859376,98.41999816894533,94.66999816894533,97.9800033569336,96.00328561621095,91.7397979434425,54.85930629098736,6.9650709487893545
2024-03-21,100.0,100.9000015258789,96.31999969482422,96.41000366210938,96.04202066820127,91.92294326574316,51.933678172301946,1.8702496659721424
2024-03-22,96.0999984741211,96.8000030517578,94.7699966430664,96.56999969482422,96.0923043850225,92.10518077276595,52.21336344800552,1.4710534336604861
2024-03-25,95.79000091552734,97.0,95.3560028076172,96.08000183105467,96.09113271321604,92.26105610838512,51.230202895128265,-1.9391727503390273
2024-03-26,97.26000213623048,100.27999877929688,97.0,99.06999969482422,96.37483433051206,92.52807350393175,56.60039615243107,2.759045671274322
2024-03-27,99.52999877929688,100.7699966430664,95.05999755859376,96.5500030517578,96.3915170658688,92.68579623129747,51.45756823977983,-0.0207068894373127
2024-03-28,96.0999984741211,97.66999816894533,96.0999984741211,96.83000183105467,96.43327751969602,92.84831409795463,51.97966210748516,0.7805994855399632
2024-04-01,97.16000366210938,97.88999938964844,94.94000244140624,95.66000366210938,96.35963239040206,92.95857643380384,49.580014653463145,-3.442006705580917
2024-04-02,92.91000366210938,95.48500061035156,91.26499938964844,94.97000122070312,96.22728656471644,93.03745583721165,48.16773613452484,-1.6364596386472177
2024-04-03,94.0,95.8499984741211,93.56999969482422,94.66999816894533,96.0789733841668,93.10147710512278,47.533756123792266,-2.230717361627277
2024-04-04,95.0,97.12999725341795,93.1999969482422,93.25,95.80954734757948,93.10730153237287,44.545163744867224,-2.5193430585911316
2024-04-05,94.0,97.3000030517578,92.94000244140624,96.16000366210938,95.84292413943948,93.22701534138216,51.30231037044258,1.2530298263772515
2024-04-08,96.5999984741211,96.76499938964844,94.26599884033205,95.33000183105467,95.79407439578378,93.30948539980069,49.451452104595,0.6971624325285433
2024-04-09,96.0,97.36900329589844,94.75499725341795,97.0,95.90892445332818,93.45421146255362,53.11648620978126,4.021447721179625
2024-04-10,93.37000274658205,95.9000015258789,93.2750015258789,94.83000183105467,95.80616991787356,93.50816402602425,48.22368280427011,-1.3831133323664504
2024-04-11,96.0,96.33000183105467,94.03299713134766,96.08000183105467,95.83224914770034,93.60902041053525,51.022413662357856,0.7867407800213428
2024-04-12,94.94000244140624,95.29000091552734,92.62000274658205,93.76000213623048,95.63489228946511,93.6149412625233,46.04736470627538,-3.340203983267543
2024-04-15,93.18000030517578,94.09400177001952,90.04000091552734,90.33999633789062,95.13061648455326,93.48651204979261,39.874888322731714,-4.7347942702387185
2024-04-16,89.91999816894531,91.20999908447266,88.06999969482422,91.04000091552734,94.74103404940793,93.39057043668417,41.60042063585976,-5.245629495708769
2024-04-17,90.56999969482422,90.93000030517578,87.34600067138672,88.0,94.09903080660717,93.17917551759852,36.677483914429054,-6.143346848330242
2024-04-18,87.7300033569336,88.3499984741211,86.02799987792969,86.70999908447266,93.39531349973723,92.9254823241426,34.795768461965594,-4.018150764408949
2024-04-19,86.27999877929688,86.69999694824219,83.13999938964844,84.0999984741211,92.5100454020595,92.57938491825941,31.297165233943392,-7.623025452125843
2024-04-22,84.83000183105469,85.4800033569336,82.83000183105469,84.69000244140625,91.76527940580681,92.26999737014752,32.938659968347864,-3.761360862038352
2024-04-23,86.0,88.87999725341797,85.01000213623047,87.87999725341797,91.39525253415073,92.0978405028248,41.128735869699405,1.349323239878602
2024-04-24,89.48999786376953,89.9000015258789,87.16999816894531,87.68000030517578,91.04141898853406,91.92459186762288,40.79236939283403,4.2568393531615945
2024-04-25,85.01000213623047,87.5469970703125,84.5199966430664,86.76000213623047,90.63366500260038,91.72205893698005,39.20401935534396,2.444207858249115
2024-04-26,88.02999877929688,89.4229965209961,86.88999938964844,88.01000213623047,90.38379234866039,91.5764880820487,42.48108902247925,0.1479345549335957
2024-04-29,88.9000015258789,91.0199966430664,88.5,89.6500015258789,90.31390750839549,91.50093958964989,46.5517301335899,2.246807953748188
2024-04-30,89.26000213623047,91.58999633789062,87.31999969482422,87.4000015258789,90.03639265291771,91.34011848910986,42.14495151872817,0.7376664060513866
2024-05-01,88.12000274658203,90.81999969482422,86.51000213623047,88.04000091552734,89.84626010649959,91.21070211367525,43.775350475277726,0.034085647731765714
2024-05-02,89.43000030517578,89.5,85.31999969482422,88.97000122070312,89.76280687928087,91.12283149042145,46.15014154743547,-0.7585056258805397
2024-05-03,78.2300033569336,78.91999816894531,72.68000030517578,74.4000015258789,88.29968255990926,90.46703423690998,26.947053577413072,-14.874141616748982
2024-05-06,74.69999694824219,75.9000015258789,73.83999633789062,74.30000305175781,86.96637974960912,89.83303301396283,26.864431861883155,-15.606539891966596
2024-05-07,74.73999786376953,75.08999633789062,73.01000213623047,74.12999725341797,85.74386713092424,89.2172276900199,26.714468727716692,-16.67978393129652
2024-05-08,73.33999633789062,73.75,72.08000183105469,72.44999694824219,84.4777842563831,88.55968922955803,25.216437427967744,-2.6209738409191288
2024-05-09,72.52999877929688,74.29000091552734,72.4000015258789,73.33999633789062,83.41704254986001,87.96283852792402,27.534735422741793,-1.292068202471595
2024-05-10,73.68000030517578,73.77999877929688,71.7699966430664,71.91999816894531,82.32208594215385,87.33370753345427,26.14225555816907,-2.981248032314959
2024-05-13,72.23999786376953,73.6500015258789,71.93000030517578,73.56999969482422,81.48855391859864,86.79395428488054,30.538039114993637,1.5458975759269582
2024-05-14,73.61000061035156,74.31900024414062,72.94000244140625,73.3499984741211,80.71345340007697,86.26674033151743,30.279270798859955,0.013638037537371969
2024-05-15,74.52999877929688,74.81999969482422,73.97000122070312,74.25,80.09788640959346,85.7954956126344,32.788366586294984,3.2397134182085816
2024-05-16,74.25,76.16500091552734,73.47000122070312,75.13999938964844,79.62570669340822,85.37763301565455,35.26919911315276,2.134021613887095
2024-05-17,74.9800033569336,76.25,74.61000061035156,75.2300033569336,79.20706828041064,84.97968675452825,35.52836528111246,2.563060561583777
2024-05-20,75.55999755859375,75.62000274658203,74.12000274658203,75.62000274658203,78.86544299147458,84.61264032284409,36.71081795403348,1.8451215442182238
2024-05-21,74.62999725341797,75.25,73.9000015258789,74.37999725341797,78.43825768308824,84.21136020247444,34.5416060598315,-1.011448153318949
2024-05-22,74.44999694824219,75.69999694824219,73.55000305175781,74.9800033569336,78.10890012821636,83.84934620853166,36.49693289258827,-0.332314221513269
2024-05-23,76.04000091552734,76.3499984741211,73.47000122070312,73.62000274658203,77.68138609187024,83.44819548453363,34.01658369215987,-2.644802866117852
2024-05-24,73.52999877929688,74.29499816894531,72.74099731445312,74.19000244140625,77.34887336325463,83.0851290906855,35.98035067207076,-0.2554380465548995
2024-05-28,74.44999694824219,74.69999694824219,73.18000030517578,73.87000274658203,77.01755235214296,82.72375158699516,35.34438279155459,-1.4803955196794718
2024-05-29,72.95500183105469,75.9000015258789,72.54000091552734,75.19999694824219,76.84445183748574,82.42870238547545,40.084548190996564,2.146147979780551
2024-05-30,74.25,74.48999786376953,67.0999984741211,67.9800033569336,76.00021864886172,81.86208673729733,28.058490462441252,-8.37039881401431
2024-05-31,68.48999786376953,68.8550033569336,66.37999725341797,67.69000244140625,75.20876948624691,81.30631872569376,27.699024310089406,-8.366048565581961
2024-06-03,68.55999755859375,68.7699966430664,66.23999786376953,67.43000030517578,74.4679343261449,80.76214937586953,27.360584608108717,-10.332442763813212
2024-06-04,67.11000061035156,68.62000274658203,67.01000213623047,68.0199966430664,73.85384502299456,80.26245711183803,29.466633873802493,0.058830956395846366
2024-06-05,69.0199966430664,69.87999725341797,68.16000366210938,69.8499984741211,73.47252630405423,79.85412540055502,35.69439447426684,3.1910118995557393
2024-06-06,69.81999969482422,71.52999877929688,69.81999969482422,71.25,73.26085713223954,79.51670871818031,40.0550480247573,5.6651337350372275
2024-06-07,70.6500015258789,71.30000305175781,70.19000244140625,70.7300033569336,73.01982343935326,79.17213203734711,38.997272060546095,3.9841323840221494
2024-06-10,70.52999877929688,72.1449966430664,70.37000274658203,71.72000122070312,72.89603084710086,78.879891613165,42.13058608387446,2.6771693449282656
2024-06-11,71.66999816894531,72.9800033569336,70.87999725341797,72.62999725341797,72.87069431436916,78.63479771670434,44.93056776406921,1.9368382504111843
2024-06-12,74.26000213623047,75.88500213623047,73.63999938964844,75.41999816894531,73.11348515766213,78.508727146204,52.51634035979159,6.6308420605383205
2024-06-13,76.04000091552734,76.55999755859375,73.5,73.51000213623047,73.15124867943054,78.31269871444033,47.67472565085547,2.495818300419425
2024-06-14,73.66000366210938,75.81999969482422,73.61000061035156,75.58999633789062,73.38351036118864,78.2059260722227,52.78018046540186,4.075449809181094
2024-06-17,77.02999877929688,77.94000244140625,75.0199966430664,77.68000030517578,73.7926998796636,78.1853015323385,57.2896524933236,2.996555543753699
2024-06-18,77.37000274658203,79.88999938964844,77.02999877929688,79.08000183105469,74.29625244646276,78.22038781856267,60.042402807071774,7.577199745555393
2024-06-20,80.0,80.0979995727539,77.47000122070312,78.44999694824219,74.69184716091794,78.22939209815794,58.22381423288447,3.783570245945288
2024-06-21,76.95999908447266,78.20999908447266,75.81999969482422,77.94000244140625,75.00119528286922,78.21804348416768,56.72597692181109,0.33470923688081516
2024-06-24,77.43000030517578,78.94000244140625,77.0999984741211,78.5999984741211,75.34393844394083,78.23302211122468,58.223776420271086,-0.6069845040710363
2024-06-25,80.58000183105469,80.83999633789062,78.91999816894531,80.66000366210938,75.85023036948068,78.3281978583182,62.57759003559218,2.817089611010758
2024-06-26,80.5,81.0999984741211,79.2699966430664,79.27999877929688,76.17687497993937,78.3655233846311,58.20163517895085,1.7192664818018293
2024-06-27,79.25,82.36199951171875,79.05000305175781,81.79000091552734,76.71145840237632,78.49981662113684,63.237123938433385,4.058527357931887
2024-06-28,82.01000213623047,84.22000122070312,81.80000305175781,82.83000183105469,77.29417682415522,78.66962780583951,65.11253333237565,2.6903025916482632
2024-07-01,82.6500015258789,84.12999725341797,81.19000244140625,83.94999694824219,77.92806445502065,78.87670110554158,67.06130131365664,5.890512412778736
2024-07-02,83.87999725341797,85.18000030517578,83.5,85.05000305175781,78.60634432137657,79.11879137794223,68.89881781222203,3.9858199043149503
2024-07-03,85.37999725341797,85.61000061035156,84.52999877929688,84.52999877929688,79.17050188879755,79.33099558976006,66.99611513028378,2.052392744973746
2024-07-05,84.69000244140625,87.18000030517578,84.55000305175781,86.95999908447266,79.91235876457613,79.63017219739585,71.02322361509722,3.5854702151880122
2024-07-08,86.26000213623047,86.86499786376953,84.52999877929688,84.87999725341797,80.38546719208487,79.83604768978887,63.842321466830434,-0.19988923249818752
2024-07-09,84.87999725341797,85.20500183105469,81.94000244140625,82.58000183105469,80.59447049103439,79.9436537345444,56.981721004342106,-2.3068697224680212
2024-07-10,82.9000015258789,82.9000015258789,79.9000015258789,82.37000274658203,80.76356880108655,80.03880467619294,56.385922700766756,-5.278284712758469
2024-07-11,83.86000061035156,84.5,81.87000274658203,82.0199966430664,80.88322859556082,80.11649847881543,55.34719382079594,-3.3694635990771022
2024-07-12,81.69000244140625,82.98999786376953,81.26000213623047,82.20999908447266,81.0095876897429,80.19859654178238,55.822963044700046,-0.44805369142398055
2024-07-15,82.56999969482422,84.66000366210938,81.63500213623047,83.43000030517578,81.24010317692698,80.32531825799389,58.85445340503601,1.2868732830505276
2024-07-16,83.77999877929688,84.69000244140625,82.72000122070312,83.94999694824219,81.49818829800462,80.46746252035656,60.11088533173529,2.3530850818913494
2024-07-17,82.30000305175781,82.66000366210938,79.27999877929688,80.58000183105469,81.41074196781891,80.47187582665845,49.55054372657334,-1.9827238432919934
2024-07-18,81.01000213623047,81.20999908447266,77.68000030517578,78.5199966430664,81.13543288927104,80.39533154494896,44.41402685230316,-5.885177567001365
2024-07-19,78.79000091552734,79.66999816894531,78.19000244140625,78.66000366210938,80.89967772477945,80.32727947111212,44.83259772854864,-6.301362094621944
2024-07-22,79.37000274658203,79.58999633789062,77.72000122070312,78.66000366210938,80.68637543309659,80.26189610605319,44.83259772854864,-2.382722915508008
2024-07-23,81.12000274658203,83.41999816894531,79.20999908447266,80.97000122070312,80.71338741286864,80.28966493407867,51.780554176611346,3.120230110011171
2024-07-24,79.5,80.25,75.58999633789062,76.0,80.26449337354782,80.12144277980109,40.08363873577861,-3.3816470102590426
2024-07-25,75.81999969482422,79.58999633789062,74.78500366210938,78.04000091552734,80.05263694897444,80.0398176086531,45.52332439174609,-0.7882058450509422
2024-07-26,79.08999633789062,79.2249984741211,77.22000122070312,78.05999755859375,79.86286176893819,79.96217760668999,45.57548400520332,-3.5939281440511075
2024-07-29,78.61000061035156,78.97000122070312,77.16000366210938,77.37000274658203,79.62544662395189,79.86052369060732,44.00965217466295,1.8026351928710938
2024-07-30,77.2300033569336,78.5,75.55000305175781,76.02999877929688,79.28302301969903,79.71030702741868,41.059322490606185,-2.575604962391211
2024-07-31,77.80500030517578,78.33999633789062,76.5199966430664,77.5,79.11321130353721,79.62362832046108,45.38478502550736,-0.7173937690343919
2024-08-01,77.16999816894531,78.80000305175781,73.9000015258789,74.4000015258789,78.66433418185547,79.41878021086963,38.9012807831806,-3.8386986109216994
2024-08-02,79.5,80.7300033569336,75.30999755859375,79.45999908447266,78.74011179162854,79.42039663728544,51.16459420826609,4.511377561812847
2024-08-05,69.26000213623047,80.1500015258789,69.26000213623047,77.69999694824219,78.64105323511555,79.35292998281315,47.58684262106119,0.2580605783770161
2024-08-06,78.66999816894531,78.66999816894531,76.18000030517578,76.23999786376953,78.41238129498736,79.23085421343889,44.78892235429875,2.4731133066584823
2024-08-07,78.75,79.9800033569336,76.18000030517578,76.37000274658203,78.21786905228208,79.11866395983667,45.098467980073174,-3.888744492188704
2024-08-08,77.44999694824219,77.47000122070312,75.12999725341797,76.81999969482422,78.0847386372861,79.02852026316951,46.222385823096644,-1.1325576421890413
2024-08-09,77.51000213623047,78.9000015258789,76.87000274658203,77.70999908447266,78.04904915606576,78.97681355027945,48.46927265292956,1.9281233760391974
2024-08-12,78.0,79.0,76.5,76.62999725341797,77.91390135581359,78.88478153863782,45.959828508715546,0.34044061475115456
2024-08-13,77.13999938964844,81.7699966430664,77.13999938964844,81.75,78.27924408383134,78.99714304692654,57.257755022247046,6.41760000619727
2024-08-14,82.30000305175781,83.36000061035156,80.69999694824219,81.45999908447266,78.58217313151147,79.09372563663423,56.53676895771178,4.8256338234204055
2024-08-15,82.36000061035156,83.44999694824219,81.25,82.16000366210938,78.92291889633032,79.2139718337117,57.91433657945899,7.2165034671781205
2024-08-16,81.27999877929688,82.83999633789062,80.80000305175781,82.37999725341797,79.25216445414819,79.33812969330802,58.36100473620276,0.7706388421014908
2024-08-19,82.55000305175781,84.30999755859375,81.80999755859375,84.06999969482422,79.71100590564114,79.52369322277924,61.7219582989134,3.2040273013568727
2024-08-20,84.30000305175781,84.91999816894531,82.2300033569336,82.33000183105469,79.96043408901386,79.63374454075083,56.65179430790457,0.20691110195715876
2024-08-21,82.33000183105469,82.51499938964844,81.08999633789062,82.37000274658203,80.18991681830606,79.74104878411676,56.7397728993243,-0.012132200982226697
2024-08-22,82.12000274658203,82.55000305175781,80.61000061035156,80.62999725341797,80.23182924069766,79.77590950840307,51.813544401392015,-4.091831157242212
2024-08-23,81.18000030517578,82.69999694824219,80.67500305175781,82.38999938964844,80.43736925488345,79.87842283707937,55.97699925830055,0.07287447741938353
2024-08-26,83.0,84.18000030517578,81.52999877929688,81.63999938964844,80.5519054581944,79.94750427051345,53.84207052661897,-0.8862490379896041
2024-08-27,80.6500015258789,82.69999694824219,80.20999908447266,81.26000213623047,80.61934323705498,79.99897477505138,52.74444456872729,0.7813529756579443
2024-08-28,80.55000305175781,81.0999984741211,79.11000061035156,79.8499984741211,80.54607230725175,79.99313256717177,48.77140957203643,-3.082899544051304
2024-08-29,80.44000244140625,82.58999633789062,80.33000183105469,81.27999877929688,80.61597006649414,80.04359790882374,52.665649145070134,-0.4409610644818413
2024-08-30,82.0999984741211,83.69000244140625,81.66000366210938,82.13999938964844,80.76111571631836,80.12580973160118,54.88671786919868,1.0829402292442403
2024-09-03,81.5999984741211,81.76000213623047,77.19000244140625,78.11000061035156,80.50862856336914,80.04675839351296,44.378109504037894,-2.1790831521849734
2024-09-04,77.0,79.63999938964844,76.5,78.02999877929688,80.27256858393369,79.96766978119076,44.19720372748514,-3.998523682099045
2024-09-05,77.2699966430664,79.37999725341797,77.1500015258789,78.4000015258789,80.09422886411895,79.90619259470795,45.30765595215734,-4.553199283613409
2024-09-06,78.63999938964844,79.20999908447266,75.70999908447266,76.05000305175781,79.70906450103693,79.75496947537657,39.87962519027857,-2.6373032166136583
2024-09-09,77.01000213623047,77.70999908447266,76.08999633789062,76.23999786376953,79.37867720224956,79.61712745139198,40.50027200658414,-2.2939907004103035
2024-09-10,76.6500015258789,77.20999908447266,74.87999725341797,76.80999755859375,79.13404104571092,79.50704392618421,42.420737527544624,-2.0280662453307667
2024-09-11,76.48999786376953,78.69999694824219,75.22000122070312,78.55999755859375,79.07937023741404,79.46990485294538,47.972981966059805,3.3004528680001437
2024-09-12,78.88999938964844,79.83999633789062,77.77300262451172,78.86000061035156,79.05847789197952,79.44598703951033,48.882979713442026,3.4365199632660253
2024-09-13,79.05000305175781,80.26000213623047,77.91000366210938,78.58999633789062,79.01386060111392,79.41241877670171,48.068091734866975,2.317405072092367
2024-09-16,78.1500015258789,80.30999755859375,77.87000274658203,79.93000030517578,79.10111200150077,79.43271609154384,52.31652022427418,1.7438935707199057
2024-09-17,80.80000305175781,80.80000305175781,77.80999755859375,79.11000061035156,79.10195853567703,79.42006058247748,49.6403066051869,0.31701749691234943
2024-09-18,79.33999633789062,79.69000244140625,77.5999984741211,78.08999633789062,79.00558118350689,79.36790120033682,46.45681065524402,-0.6362132883303556
2024-09-19,80.08999633789062,82.9000015258789,79.19999694824219,82.83000183105469,79.36981172136859,79.50366985252184,59.46601388465399,3.628176547987727
2024-09-20,82.94999694824219,83.33999633789062,81.41999816894531,82.44999694824219,79.66316269535655,79.6192120915697,58.244230020145416,4.221964747973451
2024-09-23,82.66999816894531,86.12000274658203,82.5,85.61000061035156,80.22952821107036,79.85414497465918,64.7331866181916,9.629920124368223
2024-09-24,86.0999984741211,86.45500183105469,83.76000213623047,85.5,80.73147790525414,80.07555105408431,64.35825263181331,3.2234674754579986
2024-09-25,85.30999755859375,85.33999633789062,83.4000015258789,83.41000366210938,80.9865755963832,80.20631390145785,57.53916191082103,1.1643502115225421
2024-09-26,84.80999755859375,84.80999755859375,81.18000030517578,82.36000061035156,81.1173779786659,80.2907722037674,54.419507062890546,-3.796285453602748
2024-09-27,82.19999694824219,82.69000244140625,81.23999786376953,81.58999633789062,81.16238925097302,80.34172216981145,52.18502847608564,-4.573103698373538
2024-09-30,80.8499984741211,81.77100372314453,79.38999938964844,80.88999938964844,81.1364473594183,80.36322323725604,50.16833909334891,-3.021225466755013
2024-10-01,80.05000305175781,80.30000305175781,78.01000213623047,78.11000061035156,80.84821433569766,80.27486156561272,43.05252129658191,-5.16027193844609
2024-10-02,78.87000274658203,79.80000305175781,77.80000305175781,79.33999633789062,80.7045745263827,80.23820018413343,46.65757339599264,-2.7576910172688582
2024-10-03,78.76000213623047,79.87000274658203,78.0999984741211,79.43000030517578,80.58318650531537,80.20650607123314,46.92235719299165,-1.804919143885534
2024-10-04,80.0,83.45999908447266,79.5,83.43000030517578,80.85431162911159,80.33291760981912,57.11159226739351,6.8109072503568555
2024-10-07,83.1500015258789,83.25,80.47000122070312,80.48999786376953,80.8196150800314,80.33907761977797,49.57816219369949,1.4494600188552023
2024-10-08,79.4800033569336,81.83999633789062,79.16000366210938,81.76000213623047,80.90917575205036,80.39480014983494,52.4933407359624,2.9334027723815344
2024-10-09,81.94000244140625,84.94999694824219,81.62999725341797,84.94999694824219,81.29401586597339,80.57343531839993,58.918223164579636,1.8218825812135464
2024-10-10,84.58000183105469,93.69000244140624,84.4800033569336,92.45999908447266,82.3574428391638,81.0395750739322,69.4077676611565,14.871414509120156
2024-10-11,92.94000244140624,94.30999755859376,92.0999984741211,93.47000122070312,83.41578173264374,81.52704276596243,70.49874278926995,14.322405551018916
2024-10-14,94.9000015258789,96.3000030517578,92.33999633789062,93.75,84.39999299620148,82.0063744221992,70.80953011236636,10.359038690865903
2024-10-15,94.0,94.9000015258789,92.56999969482422,93.8000030517578,85.2952320491116,82.46886966257405,70.86855156667268,1.4492796674818231
2024-10-16,93.6500015258789,93.95999908447266,91.12999725341795,91.33999633789062,85.87092388613817,82.8167569831747,64.01130213382001,-2.2788112281961914
2024-10-17,92.0500030517578,92.16000366210938,90.16999816894533,90.4000015258789,86.30226461373253,83.11413912210428,61.56015195107594,-3.5733317057291667
2024-10-18,90.5199966430664,91.48999786376952,90.11000061035156,90.8000030517578,86.73062065544923,83.41554555071814,62.22307142851365,-3.198294139014722
2024-10-21,90.16000366210938,92.79000091552734,90.00499725341797,90.73999786376952,87.11246610386068,83.70277897475937,62.0501956661051,-0.6568847144481549
2024-10-22,90.04000091552734,90.37999725341795,87.80000305175781,88.45999908447266,87.24080257820468,83.88933662612068,55.715978839588075,-2.1460203635625863
2024-10-23,88.13999938964844,88.80000305175781,86.9000015258789,87.63999938964844,87.2788213221517,84.03642144037667,53.596871431838395,-3.480180127646137
2024-10-24,88.19999694824219,90.11000061035156,88.0,89.56999969482422,87.49702878621575,84.25342450917854,57.677035743071585,-1.2893962932441867
2024-10-25,89.81999969482422,90.6500015258789,88.47000122070312,88.76000213623047,87.61731196240763,84.43015304357274,55.47249023448664,0.3391397861889328
2024-10-28,89.37999725341797,90.08000183105467,87.77999877929688,87.94000244140625,87.64804438897893,84.56779419642896,53.253384405511305,0.3423129322765003
2024-10-29,88.44000244140625,89.62999725341797,87.33000183105469,89.5199966430664,87.82632555603487,84.76199821394415,56.83636799360684,-0.055825669228736094
2024-10-30,89.5,91.30999755859376,89.35700225830078,89.8499984741211,88.01905631013832,84.96152763591188,57.56790228236319,1.2280264890233765
2024-10-31,88.29000091552734,88.7300033569336,87.0999984741211,87.70999908447266,87.98962228864636,85.06931082997309,51.47536589529373,-0.2615457704664532
2024-11-01,88.61000061035156,88.69999694824219,86.25700378417969,87.55000305175781,87.94775378989507,85.16659287788622,51.04044286130589,-2.200618482106674
2024-11-04,87.0,87.76000213623047,85.5999984741211,86.48999786376953,87.80891989216883,85.21849111262674,48.13849922250918,-3.739566686046546
2024-11-05,86.91999816894531,88.1500015258789,86.42500305175781,87.70999908447266,87.79949886286444,85.31619730760109,51.552641386965476,0.0
2024-11-06,90.25,92.62000274658205,89.81500244140625,92.51000213623048,88.24811822223263,85.59830730088068,62.11897225354696,5.665332851605291
2024-11-07,94.88999938964844,97.53299713134766,94.11000061035156,95.66000366210938,88.95401207364947,85.992883628772,67.17806071710073,10.602388744168461
2024-11-08,88.44999694824219,92.1999969482422,87.23999786376953,91.25,89.17267759044475,86.19904505509467,55.91855491269948,4.0360289048891715
2024-11-11,91.25,95.36000061035156,90.8000030517578,93.2300033569336,89.5590895682056,86.47476891006875,59.22314258919681,0.7782955400247803
2024-11-12,92.88999938964844,94.0,89.44999694824219,90.91000366210938,89.68774805333929,86.64869968465858,54.105073634706955,-4.965502632404205
2024-11-13,91.41999816894533,99.16999816894533,91.25,94.16000366210938,90.11367715893644,86.94326062495077,59.39850003166407,3.189045109160959
2024-11-14,94.45999908447266,95.4499969482422,91.05999755859376,91.93000030517578,90.28666031572114,87.13881904378313,54.73369191705768,-1.3944041670584475
2024-11-15,90.43000030517578,91.12999725341795,87.7699966430664,89.7699966430664,90.23745425165878,87.24200247904915,50.58938985968874,-1.2539951304810202
2024-11-18,89.9749984741211,92.9000015258789,89.55000305175781,92.29000091552734,90.43293488631292,87.43996320204829,54.881607626458035,-1.9859841481022935
2024-11-19,91.46499633789062,96.55999755859376,91.41999816894533,96.37000274658205,90.99836992062427,87.7901608312457,60.8164486567124,4.829764414953761
2024-11-20,96.55999755859376,96.95999908447266,93.16000366210938,96.47000122070312,91.51947766348893,88.13054672887148,60.95202119619798,7.463523257415883
2024-11-21,99.76000213623048,104.48999786376952,99.33000183105467,104.23999786376952,92.73095577780137,88.76228991063219,69.71900523046918,12.948311658572804
2024-11-22,104.0,105.94000244140624,102.87000274658205,104.2300033569336,93.82610316629015,89.36886690852637,69.69732853828874,8.156065566398793
2024-11-25,106.75,106.75,103.0790023803711,103.7300033569336,94.76933175587524,89.93204873003253,68.54907772156668,7.525657763413008
2024-11-26,104.0,105.0,101.66999816894533,102.2300033569336,95.479871908357,90.41432146049924,65.08484966284153,-1.9282372870563278
2024-11-27,101.87999725341795,101.87999725341795,98.58000183105467,99.37000274658205,95.85036055961652,90.76552464818876,58.9660473024667,-4.662765474264231
2024-11-29,99.55999755859376,101.13999938964844,98.88999938964844,99.83000183105467,96.2293740140392,91.12099434163449,59.62353903214376,-3.759762267103247
2024-12-02,106.02999877929688,108.61699676513672,104.61000061035156,105.0500030517578,97.06943392239334,91.6672299773256,66.2351855803836,2.7584853782878627
2024-12-03,103.37000274658205,105.88899993896484,103.20999908447266,104.91000366210938,97.81615484998535,92.18655443555242,65.92339630450127,5.575124043878408
2024-12-04,107.0,110.8499984741211,106.94000244140624,110.72000122070312,99.04509259957752,92.91335627026422,71.84638692071638,10.908543714221228
2024-12-05,109.41000366210938,112.83999633789062,108.61000061035156,110.45999908447266,100.1322265505199,93.6014599100371,71.2495543127296,5.149924679249528
2024-12-06,111.27999877929688,113.6999969482422,110.3499984741211,112.95999908447266,101.35391917280111,94.36061830903456,73.52676107624796,7.673239101478289
2024-12-09,112.95999908447266,114.69499969482422,111.27999877929688,113.87000274658205,102.54592713220882,95.12569220854623,74.32397253045664,2.8450157976424526
2024-12-10,112.8000030517578,113.87000274658205,109.7300033569336,111.1999969482422,103.37012425754533,95.75605710029902,67.8663223618027,0.6699238365950402
2024-12-11,112.3949966430664,115.83999633789062,112.0,114.51000213623048,104.4310650078963,96.4915059252375,71.20630461521236,1.3721698515584426
2024-12-12,112.4000015258789,115.12000274658205,111.33000183105467,114.88999938964844,105.42715399663459,97.21301547286147,71.57162360670443,0.8957553512459264
2024-12-13,114.8000030517578,115.29000091552734,112.61000061035156,113.5999984741211,106.20552013734759,97.8556422572246,68.39899797907127,2.158274812719615
2024-12-16,113.9000015258789,115.43000030517578,112.16999816894533,114.6500015258789,107.00975646006486,98.51424458148556,69.58097353619621,0.12225952933078155
2024-12-17,118.2300033569336,119.41999816894533,116.01000213623048,117.55999755859376,108.01454132659143,99.26113685509765,72.6357390819654,2.323960469257251
2024-12-18,117.58000183105467,117.58000183105467,108.47000122070312,109.0999984741211,108.11791819778473,99.64697456564758,55.26113320487302,-3.9612676588416793
2024-12-19,110.37000274658205,111.12999725341795,107.0,108.58000183105467,108.16192616285807,99.99728936036944,54.39978902269502,-5.294373845650675
2024-12-20,108.0,113.5,107.06999969482422,112.69000244140624,108.5931715227198,100.49504281452775,59.74106751845225,-4.142561431034605
2024-12-23,112.16000366210938,113.2699966430664,110.52999877929688,111.58000183105467,108.87763155208502,100.92974708968568,57.77287154212205,2.2731470133996794
2024-12-24,111.75,113.0999984741211,111.7030029296875,112.58000183105467,109.23023824532022,101.38661982464133,59.08079991747911,3.68391962842643
2024-12-26,112.11000061035156,113.54000091552734,111.5500030517578,112.61000061035156,109.55212037532321,101.82675240447311,59.12170464047081,-0.07099283815906443
2024-12-27,111.94499969482422,112.36000061035156,108.20999908447266,110.61000061035156,109.65287087389734,102.171193510586,55.16255607472071,-0.8693325011517812
2024-12-30,108.66999816894533,109.4000015258789,107.48999786376952,109.02999877929688,109.59354972203063,102.44016626622172,52.18919450934542,-3.153315858961504
2024-12-31,109.0,109.04000091552734,106.98600006103516,107.68000030517578,109.4113069204254,102.64564995402385,49.723034034897196,-4.377941815518112
2025-01-02,114.5,114.75,110.68000030517578,112.54000091552734,109.70927777710178,103.03366371722007,57.50768069209244,1.7448696270915307
2025-01-03,113.4000015258789,114.8000030517578,112.05999755859376,114.7300033569336,110.18744211803813,103.49234370309118,60.4773548822853,5.227923178440925
2025-01-06,116.36499786376952,117.08000183105467,112.51499938964844,113.98999786376952,110.54959028429826,103.90401641527464,58.97746458869952,5.859953139590062
2025-01-07,116.63999938964844,118.12999725341795,112.9499969482422,113.66999816894533,110.84677198759798,104.28699609188918,58.30407726444639,1.0040849868716104
2025-01-08,112.43000030517578,115.9000015258789,111.48500061035156,115.6999969482422,111.3089838886117,104.73456475292264,61.32113393668124,0.8454576509432198
2025-01-10,111.12999725341795,113.25,109.5009994506836,112.62000274658205,111.43384282746602,105.04379761541908,54.83766227636224,-1.201855551242983
2025-01-13,110.03500366210938,111.16000366210938,108.58499908447266,110.70999908447266,111.36490532813332,105.26600159459765,51.22094927718308,-2.6040284438760053
2025-01-14,112.45999908447266,113.9000015258789,111.31999969482422,112.0,111.42539053497777,105.53007996343696,53.45380077731692,-3.197923116538522
2025-01-15,113.55999755859376,115.5199966430664,113.13999938964844,114.4800033569336,111.7163060418307,105.88105735141723,57.48314662163477,1.6515721585773078
2025-01-16,115.41999816894533,116.47000122070312,114.11000061035156,114.81999969482422,112.01189591354438,106.23160410998221,58.01968728806102,3.7124023523978154
2025-01-17,119.41999816894533,121.0199966430664,116.7750015258789,117.16000366210938,112.5021918895982,106.66016879830093,61.61041130003455,4.607146126883371
2025-01-21,119.26000213623048,120.4499969482422,117.94000244140624,119.8499984741211,113.20198299288609,107.17741702088212,65.2862574571029,4.6907712785826545
2025-01-22,120.70500183105467,123.12999725341795,119.87000274658205,123.08999633789062,114.14369854955319,107.80143973919618,69.1213836921957,7.202575043587285
2025-01-23,122.98999786376952,124.63999938964844,122.0,123.93000030517578,115.07572728818391,108.43393231041107,70.04536576081102,5.778419623979481
2025-01-24,125.0,125.70999908447266,123.27999877929688,125.12000274658205,116.0323249508885,109.08828801379032,71.35314333461218,4.397166741390397
2025-01-27,121.75,130.64500427246094,121.5,126.47000122070312,117.02638935753751,109.76992382582611,72.8037478733223,2.7459622904969065
2025-01-28,128.8300018310547,140.25,125.6709976196289,139.97999572753906,119.21244710706146,110.95463252785407,82.40557258014363,12.95085563046914
2025-01-29,137.83999633789062,138.11000061035156,134.23800659179688,136.44000244140625,120.85316666271335,111.95405879897378,74.93957430193201,9.047314135495764
2025-01-30,137.25,139.5970001220703,135.8300018310547,137.25999450683594,122.41572169548692,112.94644843457621,75.49344135084029,8.53166219813912
2025-01-31,138.72999572753906,142.41000366210938,138.1300048828125,138.39999389648438,123.93803333367715,113.94462668798438,76.27838939083769,-1.1287340186308097
2025-02-03,133.0,138.6199951171875,130.09500122070312,136.83999633789062,125.16679171503081,114.84248432131405,72.84017053996408,0.29316467995238504
2025-02-04,139.52000427246094,141.6699981689453,137.99400329589844,140.13999938964844,126.59281149356582,115.83454373575853,75.36936761713392,2.0982114221701123
2025-02-05,139.77999877929688,144.3000030517578,139.0399932861328,144.2899932861328,128.2782573785722,116.95044371812615,78.12782006965563,4.255780093497573
2025-02-06,142.94000244140625,144.0,140.52999877929688,141.52000427246094,129.53937613037112,117.91395589672751,72.30698287728669,3.4200585061506836
2025-02-07,153.5,171.3800048828125,152.3300018310547,166.66000366210938,133.07467399053667,119.825565613017,83.97581816656083,18.923936340775995
2025-02-10,167.5,176.72500610351562,164.52999877929688,172.49000549316406,136.828515086025,121.89083776517964,85.50151412862483,19.543983310824267
2025-02-11,170.0,174.89999389648438,168.5,172.5500030517578,140.23056155895193,123.87747169798664,85.51679704791493,21.926227983682413
2025-02-12,171.69000244140625,173.25,169.1699981689453,172.8300018310547,143.33527015629505,125.79717876202852,85.59312099495341,3.702146905897422
2025-02-13,173.9199981689453,176.50999450683594,171.75999450683594,176.5,146.49381585569552,127.78552469292937,86.59059183486451,2.324769191914054
2025-02-14,175.5,177.3679962158203,170.9199981689453,171.16000366210938,148.8429765991635,129.48648465250506,78.11580105815617,-0.8055632367804106
2025-02-18,166.44500732421875,170.37600708007812,164.3300018310547,168.80999755859375,150.74459764291876,131.02858319784187,74.65307074996811,-2.325987519453124
2025-02-19,166.30999755859375,167.69200134277344,159.88999938964844,160.58999633789062,151.68225466148752,132.1878543013732,63.971104492716535,-9.014166380798512
2025-02-20,158.25,158.25999450683594,151.83999633789062,156.3800048828125,152.12965944447086,133.1365660888806,59.29169145379037,-8.635194241099917
2025-02-21,156.82000732421875,158.05799865722656,150.39999389648438,151.9600067138672,152.11350204155622,133.87474023103695,54.76254163752374,-9.981630879935267
2025-02-24,151.22000122070312,151.6199951171875,144.3800048828125,148.0,151.7217399423604,134.42867198668256,51.00346609215301,-7.839838486203428
2025-02-25,146.6999969482422,147.60000610351562,140.22000122070312,143.13999938964844,150.90443131829258,134.77029266915181,46.76110789728222,-8.466559073895548
2025-02-26,145.27000427246094,146.8800048828125,144.0500030517578,144.9199981689453,150.33448530406903,135.1683203358104,48.45227005574288,-4.632803523217689
2025-02-27,148.0,150.69000244140625,140.64999389648438,140.72000122070312,149.4188201532723,135.38603331168855,44.83340861128436,-4.91891809411951
2025-02-28,140.0,145.7100067138672,137.94000244140625,145.3000030517578,149.02655185788996,135.7748164387501,49.28198859669646,1.5090147207766311
2025-03-03,145.9499969482422,149.16000366210938,141.72000122070312,142.91000366210938,148.4440234582918,136.05462770241124,47.145491804514165,-1.3869683495943186
2025-03-04,135.25,144.27999877929688,132.80999755859375,140.92999267578125,147.7284014790051,136.24581848568064,45.38988367094061,0.14922644489519124
2025-03-05,140.05999755859375,143.96499633789062,137.24000549316406,143.75,147.34950610005222,136.54010011369317,48.34044980767562,-1.066760508742509
2025-03-06,140.13999938964844,141.89999389648438,129.72000122070312,131.02000427246094,145.79431544980542,136.32362576697818,38.28459463032677,-8.319920988708859
2025-03-07,129.92999267578125,132.36000061035156,121.0250015258789,126.75,143.98057112125252,135.94818946239081,35.60881364768252,-10.061728100989304
2025-03-10,122.9250030517578,122.9250030517578,113.83000183105467,116.61000061035156,141.37385012021434,135.18982911525202,30.20922794603613,-18.87999957540761
2025-03-11,116.58499908447266,123.36000061035156,116.51000213623048,120.06999969482422,139.3449119844629,134.59689462817641,33.89284230389355,-8.357505892661841
2025-03-12,124.97000122070312,126.0,116.0,119.4000015258789,137.445396702693,134.00093803592947,33.52385415961824,-5.798815364198101
2025-03-13,115.48999786376952,116.5999984741211,111.0199966430664,113.6999969482422,135.18393005941195,133.20482269915743,30.483300445905357,-2.4955009406380513
2025-03-14,115.38999938964844,117.79000091552734,114.5,116.1500015258789,133.37117496098023,132.53600618255828,33.28423884342525,-3.264760705345691
2025-03-17,115.66999816894533,118.0500030517578,115.29000091552734,116.0199966430664,131.71868178784558,131.88831953395075,33.207779300390996,-2.8308248238002856
2025-03-18,115.4800033569336,116.16000366210938,111.91000366210938,115.12000274658205,130.13785521248715,131.2307384834657,32.64863654669883,1.2489057488596502
2025-03-19,115.76000213623048,119.18000030517578,113.91999816894533,117.58000183105467,128.94186917616025,130.6954154774888,35.82917432789025,1.2311668414891537
2025-03-20,117.62999725341795,120.55999755859376,116.68000030517578,117.94000244140624,127.89407234427892,130.195203201564,36.30322480451558,1.6548921340229783
2025-03-21,116.3000030517578,119.56999969482422,115.11399841308594,119.22000122070312,127.0679703325098,129.76480312388318,38.05541525061193,3.561499631950634
2025-03-24,122.62999725341795,124.95800018310548,121.1500015258789,123.93000030517578,126.76911604419227,129.53598732707113,44.144167993266066,5.400576947808803
2025-03-25,131.7899932861328,132.41000366210938,126.05999755859376,127.5,126.83872403998349,129.45614468679383,48.29282776007624,8.105814279038416
2025-03-26,127.52999877929688,127.7020034790039,120.4000015258789,121.1500015258789,126.2969409434021,129.13041358244422,42.27774951587962,1.618856136063038
2025-03-27,119.0,121.0999984741211,115.80799865722656,118.56999969482422,125.56104177687088,128.71627970449833,40.09272985388388,-4.325022671792658
2025-03-28,117.3000030517578,117.84300231933594,112.4000015258789,114.91999816894533,124.54760905230654,128.1752490560453,37.16622246287956,-9.86666810278798
2025-03-31,110.25,112.9020004272461,106.0999984741211,112.69000244140624,123.41831318460176,127.56798448292218,35.463060763716584,-6.983077984250397
2025-04-01,114.16500091552734,115.7300033569336,111.33999633789062,115.66000366210938,122.67942656341201,127.10100484289032,39.44328077278905,-2.4542430970773377
2025-04-02,112.5749969482422,120.3249969482422,112.5,119.5500030517578,122.38138622896875,126.80488712559101,44.28960576804244,4.028893975447026
2025-04-03,112.5999984741211,113.22000122070312,105.3040008544922,107.38999938964844,120.95363510141443,126.04351897908346,34.88982297744595,-4.7031705891687805
2025-04-04,101.25,102.5,94.16000366210938,97.08000183105467,118.67995574233255,124.90769477719998,29.226161104807566,-16.06432754864383
2025-04-07,90.9749984741211,103.38999938964844,89.41999816894531,98.36000061035156,116.74472192023913,123.86660873144122,30.729586927708997,-17.724802928053684
2025-04-08,103.58999633789062,105.26499938964844,95.79000091552734,97.4499969482422,114.90712906576323,122.83066317131578,30.23779918664478,-9.255985192196933
2025-04-09,97.23500061035156,115.41999816894533,96.41000366210938,112.55999755859376,114.68359273174708,122.42789197081687,45.759816170189914,15.945607164777817
2025-04-10,108.29000091552734,108.9800033569336,102.0999984741211,105.5,113.80896485253308,121.76405307000053,41.152491020733976,7.259047728083292
2025-04-11,105.56500244140624,107.2699966430664,102.83499908447266,106.25,113.08906343800612,121.15565883196129,41.822622665288165,9.030275348732612
2025-04-14,110.0,111.69000244140624,106.0999984741211,107.12000274658205,112.52058146739431,120.60524094626015,42.63863285133253,-4.832973463045695
2025-04-15,107.16999816894533,110.29000091552734,106.18000030517578,109.13999938964844,112.19862126951375,120.1556236303146,44.58222542059917,3.4502363882923577
2025-04-16,109.0250015258789,113.66000366210938,107.68000030517578,109.5500030517578,111.94637191544176,119.73971694095943,44.98965436748186,3.10588522518381
2025-04-17,110.8000030517578,110.9000015258789,106.8000030517578,107.9000015258789,111.56100330691196,119.27541437566215,43.60042233341574,0.7281541815697431
2025-04-21,105.66000366210938,106.44000244140624,100.25,102.11000061035156,110.66090781200144,118.60226089466958,39.04426836993411,-6.441267013570871
2025-04-22,104.1999969482422,107.43000030517578,103.0,106.80999755859376,110.29415445453404,118.13981919521564,44.14651662694991,-2.5011459761160353
2025-04-23,113.18000030517578,118.0,112.12000274658205,112.8000030517578,110.53280670188869,117.93041464057023,49.90199941221688,4.5412432405792575
2025-04-24,112.9000015258789,119.66000366210938,112.9000015258789,118.87000274658205,111.32682537281187,117.96726123296285,54.96625579642699,16.41367352467865
2025-04-25,117.88600158691406,121.08999633789062,117.83000183105467,121.0,112.24808009921074,118.08619216500352,56.6232734043983,13.285275503935756
2025-04-28,121.41000366210938,122.5,118.06199645996094,121.0,113.08159628023829,118.20045913892496,56.62327340439829,7.269500643966887
2025-04-29,120.88999938964844,122.87000274658205,120.48999786376952,122.2300033569336,113.95287314468546,118.35848048080766,57.66647939941403,2.826617761181267
2025-04-30,118.70999908447266,120.93000030517578,117.0749969482422,120.77999877929688,114.60307558607703,118.4534419827092,55.95794847828603,-0.18181919066373967
2025-05-01,125.6999969482422,125.9800033569336,122.5,122.61000061035156,115.36563987410317,118.61644428183243,57.66280683054556,1.330579016819473
2025-05-02,125.11499786376952,126.0500030517578,123.41999816894533,124.2300033569336,116.20986496770607,118.83658385340503,59.16959887122074,1.6362594658200575
2025-05-05,122.58999633789062,126.24500274658205,122.38999938964844,124.63999938964844,117.01273491265296,119.06416877639498,59.56185618917438,3.1958938974697295
2025-05-06,122.0,123.4810028076172,120.45500183105467,122.29000091552734,117.51533167483147,119.19067199753742,56.22752318945414,-0.26098988111186927
2025-05-07,122.08000183105467,122.73999786376952,120.5500030517578,121.70999908447266,117.91482380908302,119.28946913820155,55.40315408994009,-2.028498916820072
2025-05-08,123.80999755859376,126.2699966430664,121.45500183105467,124.30999755859376,118.52388797570309,119.48635260566792,58.35100610418334,-0.26476398641741367
2025-05-09,133.6199951171875,136.38999938964844,130.1999969482422,132.33999633789062,119.83970781972096,119.99041706575508,65.85731275561545,8.21816611916242
2025-05-12,139.0,143.27999877929688,136.32000732421875,142.36000061035156,121.98449760930482,120.86765563613142,72.5141516260364,16.966561236720413
2025-05-13,143.4199981689453,151.32000732421875,143.0,150.36000061035156,124.68692646654738,122.02421818414005,76.46033596685895,20.955678194329526
2025-05-14,152.0,154.6199951171875,150.4499969482422,154.49000549316406,127.52531494527277,123.2973863139057,78.20038804682402,16.737199462149
2025-05-15,152.94000244140625,154.47000122070312,150.593994140625,152.8000030517578,129.93242809827134,124.45435167617441,75.73337883948884,7.333522335379307
2025-05-16,152.68499755859375,157.50999450683594,152.41000366210938,157.19000244140625,132.5283875595223,125.73810268657566,77.70128135675064,4.54243269708026
2025-05-19,154.44000244140625,158.6699981689453,154.02999877929688,157.52000427246094,134.9085415321831,126.98445176837508,77.84671636242253,1.961291133121843
2025-05-20,156.3000030517578,157.8800048828125,155.27699279785156,157.4199981689453,137.05248978330332,128.17800260761314,77.68136767648443,3.023556953478969
2025-05-21,156.13999938964844,160.20899963378906,155.2100067138672,156.52000427246094,138.9065387822707,129.28945365329344,76.11452379806822,-0.42623459414669795
2025-05-22,157.36000061035156,160.47999572753906,155.89999389648438,158.2100067138672,140.7449642995656,130.4235929890022,77.05060299147267,0.438041152038543
2025-05-23,155.1699981689453,159.17999267578125,154.92999267578125,158.0399932861328,142.3921099173339,131.50658907908576,76.72484484767067,0.3938477476807697
2025-05-27,160.0,162.8000030517578,159.2760009765625,161.75999450683594,144.23667035442932,132.69299713507596,78.83353210801894,3.3478086451195908
2025-05-28,162.0,163.00999450683594,161.2899932861328,161.97999572753906,145.92651086615405,133.8415068838,78.95496488752265,2.3829017468472387
2025-05-29,164.80999755859375,165.49000549316406,159.75999450683594,164.16000366210938,147.66303398957837,135.03046754177294,80.16904893749334,3.8724440875520854
2025-05-30,163.6199951171875,166.52000427246094,161.1199951171875,165.88999938964844,149.3989354562517,136.24064526129746,81.10082916273436,2.553168288243214
2025-06-02,165.0,170.0,162.27499389648438,169.6999969482422,151.3323698840603,137.55277670000117,82.99575277426196,4.76602137568189
2025-06-03,169.82000732421875,173.19000244140625,167.72999572753906,172.57000732421875,153.35500202121827,138.92600143036265,84.2748054662046,5.123052798792385
2025-06-04,172.5800018310547,174.48699951171875,170.6199951171875,170.9199981689453,155.02785879719227,140.1806679691306,80.52466510197311,3.03212899982128
2025-06-05,172.0,181.11599731445312,170.74000549316406,176.3300018310547,157.0566343242268,141.59828890489234,83.16920584083202,3.9068974673197103
2025-06-06,178.38999938964844,181.80999755859375,176.14999389648438,179.6699981689453,159.2102880237238,143.0912971113258,84.56289022677637,4.114266989273134
2025-06-09,180.2100067138672,180.2100067138672,173.14999389648438,177.8000030517578,160.98073707401275,144.45242283448,80.5416544517933,4.025277882352878
2025-06-10,179.47999572753906,181.8000030517578,176.2899932861328,179.33999633789062,162.72923795628682,145.82056297186864,81.3290782158786,1.7070234648553306
2025-06-11,179.0,181.5,177.43499755859375,179.7100067138672,164.34645402843734,147.1495607656725,81.52255298204604,0.022267793916408127
2025-06-12,176.0,181.4900054931641,168.1199951171875,170.80999755859375,164.96202960273794,148.07742103206158,64.27079125143499,-3.931386599093175
2025-06-13,167.125,173.91000366210938,167.125,171.97000122070312,165.6294554711156,149.01438496102793,65.30146314281868,-4.109510018781227
2025-06-16,174.11500549316406,179.47000122070312,173.8040008544922,179.27000427246094,166.92855535695801,150.2008798359861,70.97569663673254,-0.24484025650659416
2025-06-17,178.27000427246094,182.58999633789065,176.02000427246094,181.22999572753903,168.29059729701333,151.41770791016464,72.28611298510367,6.100344428241599
2025-06-18,181.72000122070312,182.97999572753903,178.86000061035156,181.3999938964844,169.53911125886773,152.59348383119678,72.40249665339806,5.483510268560735
2025-06-20,182.25,184.8459930419922,178.88999938964844,179.3000030517578,170.46872000104776,153.64079831043446,68.57163101413325,0.01673385317226957
2025-06-23,178.61000061035156,184.92999267578125,175.25,183.8699951171875,171.7450319168706,154.8262570087385,72.03884902832306,1.456712162382566
2025-06-24,185.9600067138672,187.8999938964844,183.61000061035156,186.42999267578125,173.14359960819542,156.0656191917598,73.78362900940796,2.7728770388863446
2025-06-25,187.6699981689453,192.0,187.41000366210935,190.1199951171875,174.7603991804804,157.4010849143256,76.09877105793916,6.034574389999493
2025-06-26,192.0,192.4600067138672,188.3500061035156,190.9600067138672,176.30321894556485,158.71712106332723,76.60525615903596,3.855991616337917
2025-06-27,191.7100067138672,194.7100067138672,189.0,194.0500030517578,177.99338886044038,160.1027242785598,78.41707245639309,4.087330727533984
2025-06-30,195.55499267578125,196.1999969482422,192.32000732421875,195.8300018310547,179.69211390526078,161.5037939865008,79.40647491184636,3.0033699034904844
2025-07-01,195.3000030517578,198.0099945068359,180.6499938964844,184.9499969482422,180.192864671259,162.42325292617693,60.999481927623876,-3.147260973147297
2025-07-02,182.96499633789065,187.11300659179688,181.64100646972656,185.63999938964844,180.71163940634372,163.33371357180326,61.60731129326685,-4.333936371990792
2025-07-03,185.8500061035156,191.8500061035156,185.8500061035156,191.27000427246097,181.71719796502157,164.42925438359376,66.23178424277754,-2.328549004726914
2025-07-07,190.3300018310547,194.1499938964844,188.8000030517578,192.8500061035156,182.7774654067829,165.54379366672796,67.41789793083922,4.271429729995728
2025-07-08,194.0,194.88999938964844,187.77000427246097,192.80999755859375,183.7329446593363,166.6130565644482,67.35338341082773,3.862313182783345
2025-07-09,194.4199981689453,195.8999938964844,192.25,193.4900054931641,184.6621885482723,167.66705456165275,67.91536905060823,1.1606635494924598
2025-07-10,194.0800018310547,194.48500061035156,179.5500030517578,181.9199981689453,184.40102755976497,168.22599352664463,51.630116967379365,-5.667621254159263
2025-07-11,182.42999267578125,185.3800048828125,180.10899353027344,181.38999938964844,184.11426297213484,168.742229050684,51.02651829569911,-5.922928433975446
2025-07-14,179.94000244140625,184.8999938964844,178.50599670410156,182.8999938964844,183.99861829826338,169.29743551522517,52.722363113480085,-5.473156905282029
2025-07-15,184.2400054931641,187.75,180.6999969482422,186.97000122070312,184.28160714801956,169.99047730759688,57.04043176266452,2.7759471760042453
2025-07-16,188.77000427246097,190.1199951171875,186.0800018310547,189.80999755859375,184.8081205204552,170.76771339587125,59.79955985184567,4.641930755431616
2025-07-17,190.47999572753903,193.1000061035156,189.0850067138672,191.25,185.4216328518404,171.57094032152338,61.1616409275387,4.565339738743477
2025-07-18,191.7100067138672,197.3500061035156,191.5279998779297,197.3500061035156,186.557668399619,172.58188407767994,66.36117774254429,5.551695360241084
2025-07-21,198.3000030517578,200.76499938964844,195.0399932861328,197.7599945068359,187.6245566003063,173.5692609572547,66.68401410186489,4.18839737131761
2025-07-22,196.6300048828125,197.22000122070312,188.6499938964844,190.5500030517578,187.9031705480636,174.2351724119411,56.42788873348053,-0.36601147620506536
2025-07-23,190.02000427246097,190.8300018310547,186.0800018310547,189.1499938964844,188.02191562886557,174.82006737211927,54.66960745916349,-4.155060528718736
2025-07-24,190.1999969482422,192.6199951171875,186.72000122070312,191.5800018310547,188.360780981455,175.47731970384223,57.16454367239221,-3.124996383213188
2025-07-25,191.8999938964844,200.0099945068359,191.5800018310547,198.4199981689453,189.3188016659779,176.37703258482668,63.2893807177145,4.130146938412709
2025-07-28,200.91000366210935,202.33999633789065,198.6199951171875,199.41000366210935,190.27986852275234,177.28028635256325,64.08972399687357,5.424271793125149
2025-07-29,200.0,202.36000061035156,197.67999267578125,199.42999267578125,191.15130891827891,178.1489022868071,64.10673915348052,4.097500140776226
2025-07-30,200.4499969482422,203.0800018310547,199.0,200.8500061035156,192.07499436449194,179.0391416521682,65.36233978275652,1.2246789421403212
2025-07-31,204.77000427246097,210.97999572753903,203.0,207.67999267578125,193.56118467985283,180.1623122805452,70.67579410920806,4.147228755727322
2025-08-01,198.66000366210935,211.27000427246097,192.8000030517578,200.11000061035156,194.18488143513844,180.94457456798858,59.73779571325847,0.3409757606900281
2025-08-04,204.57000732421875,211.75,202.7100067138672,208.8000030517578,195.57679777957838,182.03694431245012,66.20390247142771,3.958176104881414
2025-08-05,209.0,215.5800018310547,204.6999969482422,207.80999755859375,196.74186442519888,183.04765228288713,64.92464692558282,0.06259865533386097
2025-08-06,209.4499969482422,215.5500030517578,208.4750061035156,215.52999877929688,198.5312105541606,184.32146979255026,69.82168182691895,7.705760892465684
2025-08-07,218.16000366210935,219.0,204.3300018310547,210.44000244140625,199.66538121008875,185.34572597485834,63.524355491774244,0.7854403092330946
2025-08-08,210.58999633789065,211.7899932861328,204.1999969482422,204.6000061035156,200.1353454856532,186.1007957838253,57.154941642819,-1.5446761430104294
2025-08-11,202.11000061035156,206.1199951171875,200.1000061035156,201.1699981689453,200.23388383644294,186.69174489696726,53.74634679127468,-6.662645892303943
2025-08-12,202.47000122070312,204.0,197.22999572753903,202.3300018310547,200.43351412164407,187.3050098747746,54.72964315882537,-3.853830315654775
2025-08-13,204.0,204.52000427246097,195.85499572753903,199.33999633789065,200.3293695708104,187.77697012823015,51.67993910230733,-2.5708746865646166
2025-08-14,195.97000122070312,198.16600036621097,192.9550018310547,195.3800048828125,199.85800150528678,188.07512835390006,47.874974811169764,-2.878159436711978
2025-08-15,195.6300048828125,202.8999938964844,195.0,200.91000366210935,199.95819218688894,188.57845679735925,53.071152037426224,-0.7018228419387045
2025-08-18,199.9900054931641,203.30999755859375,196.55999755859375,202.3699951171875,200.18788770406022,189.11930143735253,54.364601563058734,1.5200154685268763
2025-08-19,201.7899932861328,203.0,193.5099945068359,196.5099945068359,199.83761216146743,189.40913253811658,48.57731330219199,0.578354793624439
2025-08-20,195.0,195.5,184.52000427246097,193.1999969482422,199.20545833163646,189.55779388753328,45.62299431092646,-3.837542468434701
2025-08-21,191.0,193.4900054931641,190.2899932861328,192.77000427246097,198.59255794504833,189.68376292223633,45.23809575778333,-4.743781724740081
2025-08-22,192.3000030517578,197.9900054931641,190.4759979248047,196.1699981689453,198.36183796637184,189.93812508877394,48.90849220223491,-0.17301732603670153
2025-08-25,196.5,197.4600067138672,194.1300048828125,195.8800048828125,198.12547291079477,190.17113998265782,48.609232878185786,1.3871676899085459
2025-08-26,196.3999938964844,201.5,195.94000244140625,198.5500030517578,198.16590435279124,190.49972284811273,51.548750713601784,2.9983911662560327
2025-08-27,201.3999938964844,205.6499938964844,199.7599945068359,205.2400054931641,198.839628270922,191.07777314791866,58.02704329725878,4.6235445832076305
2025-08-28,205.8000030517578,215.6499938964844,205.8000030517578,213.4199981689453,200.2282349278766,191.95393883501774,64.31060749359705,8.954458264704618
2025-08-29,212.47999572753903,214.4340057373047,206.0,208.7100067138672,201.03602271701857,192.6110395361491,58.84776873857124,5.117100733290282
2025-09-02,202.6499938964844,208.7100067138672,199.38999938964844,208.0500030517578,201.70402084413658,193.2164890857808,58.10295970640573,1.3691275986090898
2025-09-03,208.77999877929688,208.9709930419922,203.86000061035156,205.7100067138672,202.08554330792043,193.7064309535489,55.424587561880635,-3.6125909105175897
2025-09-04,204.9900054931641,211.13999938964844,200.6699981689453,209.97999572753903,202.83739591931268,194.34460996429362,59.127161396531775,0.6084945488085529
2025-09-05,212.11000061035156,214.7100067138672,208.4600067138672,214.42999267578125,203.94145275326207,195.1322720314108,62.61255466045468,3.0665655036958834
2025-09-08,216.6999969482422,220.9900054931641,216.22999572753903,217.9199981689453,205.27274279285095,196.0259083505298,65.12438306222914,5.93553597616748
2025-09-09,217.9199981689453,219.1999969482422,214.8500061035156,218.55999755859375,206.5381956276836,196.90959812339506,65.5810503689114,4.086104393576498
2025-09-10,219.97000122070312,225.2899932861328,219.5099945068359,222.97000122070312,208.10312949368546,197.93157471544635,68.62927297533695,3.9826558021826695
2025-09-11,224.8999938964844,230.1000061035156,223.08999633789065,224.63999938964844,209.67806948377716,198.97896391835624,69.72279267150857,3.0837010266003015
2025-09-12,223.8000030517578,225.52000427246097,220.42999267578125,221.32000732421875,210.78682546858113,199.85508326760575,64.88080177684358,1.262815609652022
2025-09-15,220.57000732421875,229.5399932861328,220.5099945068359,226.0099945068359,212.23665109127205,200.88076606130105,68.23659742710815,1.3634090996500008
2025-09-16,225.0,225.16200256347656,218.38999938964844,219.2400054931641,212.90363722478557,201.6007362350996,59.41144843099839,-2.4038434433565894
2025-09-17,219.6499938964844,220.19000244140625,208.59100341796875,213.8800048828125,212.99662462078814,202.08227618206874,53.510702756676096,-3.361649283929018
2025-09-18,216.75,223.80999755859375,215.82000732421875,223.57000732421875,214.0036134496863,202.92493230529033,61.043560177602664,-1.0795926029471936
2025-09-19,224.0,227.6199951171875,222.17999267578125,225.94000244140625,215.14041240127867,203.8274840753341,62.63813027665698,3.056010208160237
2025-09-22,224.5249938964844,230.1000061035156,222.7599945068359,228.27999877929688,216.39180158013755,204.78640622058754,64.19640285203056,6.732744327537448
2025-09-23,228.33999633789065,228.33999633789065,219.5500030517578,223.2599945068359,217.04591519220406,205.51086066318553,58.55422638113238,-0.13866476147369078
2025-09-24,226.0,226.98500061035156,217.22000122070312,217.57000732421875,217.0958287285864,205.9837683753829,52.88103065001414,-3.704521123636846
2025-09-25,213.6499938964844,219.2899932861328,210.8699951171875,218.1999969482422,217.20098760664888,206.46283616255386,53.41915626203915,-4.415630753879634
2025-09-26,218.0099945068359,220.0,213.5500030517578,216.33999633789065,217.11898843819571,206.85017577727294,51.547359559560206,-3.0995244733526923
2025-09-29,218.94000244140625,219.875,216.33999633789065,218.5800018310547,217.25813257084894,207.31016895585262,53.65355542967793,0.46421587205761433
2025-09-30,218.83999633789065,218.83999633789065,211.36000061035156,214.58999633789065,217.00402435818626,207.5956523825992,49.523975280277604,-1.6544457657384106
2025-10-01,213.25,218.9900054931641,212.1699981689453,217.05999755859375,217.00935513917744,207.9668031738147,51.987570934853764,0.33281003646619395
2025-10-02,219.0500030517578,224.81500244140625,215.36599731445312,224.55999755859375,217.7284639410266,208.61751667910016,58.595699919041266,2.7358384469962322
2025-10-03,225.0,225.0,212.0,216.6699981689453,217.62765767701887,208.93330026693724,50.69146144437423,0.9692911442989705
2025-10-06,219.5,225.3710021972656,219.21499633789065,221.02999877929688,217.95169016295011,209.40768060075527,54.35563254574485,1.8289879597144345
2025-10-07,222.0,222.22000122070312,213.67999267578125,217.38999938964844,217.89819580358804,209.72071271012365,50.9514737632214,-3.1929098000076648
2025-10-08,218.7100067138672,221.9900054931641,216.1999969482422,220.0,218.09836763181775,210.123822015609,53.21405729107799,1.5369002903937659
2025-10-09,218.7599945068359,221.52200317382812,214.3000030517578,220.9499969482422,218.36995137623913,210.5483778953201,54.04501246382472,-0.036195010404253325
2025-10-10,222.1199951171875,226.9499969482422,213.1499938964844,213.82000732421875,217.9366233712848,210.67667708861026,47.260592218083644,-1.6422062079455904
2025-10-13,217.2599945068359,223.6999969482422,215.8500061035156,222.55999755859375,218.3769447224571,211.1426896560606,54.757918783675386,1.16363525390625
2025-10-14,217.3300018310547,217.9600067138672,210.3300018310547,217.5500030517578,218.2981883728667,211.39395684804873,50.340209024903174,-1.5388069443064205
2025-10-15,220.9900054931641,225.0099945068359,217.2599945068359,217.3800048828125,218.21074232619486,211.62870382980418,50.192237387722,1.664950629805034
2025-10-16,218.77999877929688,221.4600067138672,209.13999938964844,211.3999938964844,217.56209961860338,211.61973481281126,45.16314032049924,-5.014379845673405
