Date,Open,High,Low,Close,EMA20,EMA50,RSI14,ROC3
2015-10-21,55.46784834428267,56.364579687678166,50.84552764892578,50.84552764892578,,,,
2015-10-22,52.75916133412993,53.80380666406214,51.492646614287565,52.46333312988281,,,100.0,
2015-10-23,53.406288958951954,53.618915268728095,52.019592874415885,52.12128448486328,,,98.39966160622816,
2015-10-26,52.69446001546263,52.69446001546263,50.42027890327282,50.86402130126953,,,92.5375659133902,0.036372230162392105
2015-10-27,50.66063219867552,50.83628263544456,45.6315487419987,49.78239059448242,,,87.69715431377247,-5.110126207123011
2015-10-28,49.93955716962216,50.068981595090776,46.31565562374544,47.95195770263672,,,80.06469077307092,-7.999278650619961
2015-10-29,47.951945931001625,48.50662643812246,46.92301847456454,47.16615295410156,,,76.96774554798112,-7.270106162596453
2015-10-30,47.66536911968622,47.88723852348412,45.90888596129168,46.620723724365234,,,74.80487349497149,-6.350974375400139
2015-11-02,47.01824518838546,49.1537550250178,46.12151387338877,49.070556640625,,,77.81976047158777,2.332749259008404
2015-11-03,49.079800072648005,50.845526393618925,48.18306875139158,48.423431396484375,,,75.25797031011537,2.6656370376577
2015-11-04,48.95961613060156,49.95803901547444,48.76547952294868,49.403358459472656,,,76.51854549050988,5.968664818588268
2015-11-05,49.4126084821166,49.78239201839797,47.71159434088013,47.8317756652832,,,70.3298211558109,-2.5244893478877373
2015-11-06,48.257023960921,48.46965026855469,47.88723693148387,48.46965026855469,,,71.34291386594556,0.09544732939695816
2015-11-09,48.830190711590966,49.59749756383507,48.07213047469103,49.181488037109375,,,72.47251709940524,-0.4490998775827953
2015-11-10,49.64371635184189,49.92105484008789,49.07979276069657,49.92105484008789,,,73.63529784658138,4.36797326828305
2015-11-11,49.92105654618265,50.3832885512399,49.02432532787549,50.235374450683594,,,74.13535156701676,3.642948055836175
2015-11-12,50.22613782795834,50.29085003487284,49.23695796537077,50.03199768066406,,,73.16834026840436,1.7293288135424947
2015-11-13,49.874838799618054,49.874838799618054,46.70392666089574,47.5174560546875,,,62.34099271372507,-4.814799673404014
2015-11-16,48.025912647978906,48.025912647978906,45.14158552644054,45.77021789550781,,,56.125996107697404,-8.888470732032177
2015-11-17,46.48205707281863,46.935046065205974,45.12309714875844,45.28025436401367,48.94760036468506,,54.48561274792603,-9.49740873226576
2015-11-18,45.65927987877963,45.736934522154534,43.643947922920006,43.70866012573242,48.448653675261,,49.489254609010345,-8.015572055396994
2015-11-19,43.875069291968245,44.24485637589956,42.36819521234297,44.004493713378906,48.02540034555794,,50.41107883524874,-3.857801564676855
2015-11-20,44.254094421568325,44.82726468898184,44.0229784020937,44.44823455810547,47.684717889610084,,51.83110908430145,-1.837489249109537
2015-11-23,44.466725854447326,44.6423763064579,42.50686277115513,42.525352478027344,47.193349755173635,,45.721153613728,-2.707261316867579
2015-11-24,42.525349933366435,42.95060258632791,41.27732476985534,42.78419876098633,46.77343061287008,,46.633149915191844,-2.7731144013175313
2015-11-25,42.98757900813693,43.292653842229264,42.06311494344582,42.211029052734375,46.33891617857144,,44.83667225519787,-5.033283160991425
2015-11-27,42.14631514030048,42.91361844905554,41.970668244694,42.580814361572266,45.98100171980961,,46.274666976956816,0.130420749771748
2015-11-30,42.8026849733365,43.32962920172712,42.414411763596256,42.848907470703125,45.682707029418516,,47.34632496389231,0.15124441170043104
2015-12-01,42.98758105431059,44.614636333931216,42.93211193823065,44.04146957397461,45.52639870032862,,51.93884759733588,4.33640345264613
2015-12-02,44.263340357809504,44.4926049347053,43.31113997413512,43.64394760131836,45.34711764328002,,50.36199759755162,2.4967423843014505
2015-12-03,43.8565810325327,44.24485783613014,42.75646988768367,43.50528717041016,45.17170521729242,,49.79412324735159,1.5318469908616028
2015-12-04,43.76413165076837,45.16007092248394,43.53301562040448,44.88273239135742,45.1441839957748,,55.198530171726055,1.9101606406883826
2015-12-07,44.97518220731256,46.58374784983862,43.92129011637204,44.36503601074219,45.0699794257717,,52.893984877376646,1.652207119325856
2015-12-08,44.827266047592325,45.29874118992763,43.44981297809385,44.022979736328125,44.97026516963422,,51.36797516522844,1.1899532208353445
2015-12-09,43.856576626639786,45.70550486846938,43.57923809567549,44.14316177368164,44.891493417638735,,51.89312692362639,-1.6477842998217112
2015-12-10,44.438992115195106,45.63155173403543,44.263345193459685,45.28025436401367,44.92851826967444,,56.66156994526058,2.062927105592523
2015-12-11,44.383518441193445,45.50212264587467,43.99894457614295,45.1046028137207,44.94528822625028,,55.742399671684375,2.4569510829818135
2015-12-14,44.420504048308146,45.02140718816586,42.52535314602382,43.38510513305664,44.796699360231834,,47.60166178111023,-1.717268564747342
2015-12-15,43.38510045784081,45.38194277106278,43.357367663360854,43.95826721191406,44.716848679439664,,50.21180895905926,-2.919566532184179
2015-12-16,44.6701020807545,45.271005116703144,43.717905249114786,44.83650588989258,44.7282446042447,,53.993503435207096,-0.5943892798155195
2015-12-17,44.9751756008024,45.289493505989014,43.46829827359447,43.893550872802734,44.64874996315499,,49.634318866200594,1.1719361706898135
2015-12-18,43.4128274570356,43.89354914763585,42.52534288664293,42.858150482177734,44.4782166792524,,45.30870788706369,-2.502638978995428
2015-12-21,42.75646396470878,44.18938259226998,42.608549852055056,43.82884216308594,44.416371487236546,,49.73171022471307,-2.247418050998922
2015-12-22,43.893554232418026,45.04913433603018,43.04304896890377,43.098514556884766,44.29086130339352,,46.6733472592302,-1.8112827513587837
2015-12-23,43.48678962605409,44.36503117619195,43.27416331838711,43.49603271484375,44.21516334257925,,48.52877511559782,1.4883568830887244
2015-12-24,43.09851527402867,43.921287757243064,43.08927218472824,43.21869659423828,44.12026174749916,,47.29246936915069,-1.3921097129997664
2015-12-28,43.71790648145966,43.91204308874302,42.77957601970618,42.92286682128906,44.00622413547915,,45.94781234714946,-0.40754939561517745
2015-12-29,43.30189298858029,44.50369545794518,43.1770919028923,44.3095588684082,44.03511315766287,,52.73216031655492,1.8703456448496363
2015-12-30,44.30955743997675,44.882724101987094,43.91203765904455,44.753299713134766,44.103511877231625,,54.69192753891929,3.550785284674852
2015-12-31,44.61463814857143,45.19242824000654,43.84733474095203,44.3742790222168,44.12929922437307,45.839736785888675,52.68271856171812,3.38144282619971
2016-01-04,43.717911134415274,44.1986329225788,42.904381683173064,43.81035614013672,44.098923692541035,45.7601532311533,49.75403997066635,-1.1266253626086211
2016-01-05,44.92895478392784,45.049136106861866,43.86582316274449,44.827266693115234,44.16828969259572,45.72356944534789,54.64990520360689,0.16527715376204982
2016-01-06,44.14315838863037,44.244849998381056,43.06153714284691,43.514522552490234,44.10602615544282,45.63694015543191,48.130199589697405,-1.937510847885798
2016-01-07,42.91361378480292,43.523763361914824,42.673254715542186,43.126243591308594,44.01271353028718,45.53848146664276,46.36819428800964,-1.5615315854540097
2016-01-08,43.08002284911973,43.10775916837129,39.85364532470703,39.85364532470703,43.616611796422404,45.31554671597861,34.80326349692375,-11.095080595605605
2016-01-11,39.93684859588722,40.54699474204235,38.91993600126163,40.10325241088867,43.28200614065729,45.11114301773979,36.11211466776764,-7.839383133496758
2016-01-12,40.630190264135805,40.75961464956325,39.62252444345788,40.36209487915039,43.00391935384711,44.92490583583432,37.5130466956467,-6.409435373859626
2016-01-13,40.14947112896718,40.288142137262305,39.012380851217976,39.446876525878906,42.66515337023109,44.710081157012546,34.622187578611964,-1.0206564431283054
2016-01-14,39.261991089456195,39.34519299874253,37.50550790521165,38.8182487487793,42.2987815015214,44.479028905709285,32.75504972939842,-3.2042380227506837
2016-01-15,37.41306076159319,37.662666475140895,36.66424362095006,36.99705123901367,41.793854809854,44.18561801681926,28.03756656127873,-8.33713822390071
2016-01-19,37.6164445428798,39.10483237078055,37.49626674393748,38.52241897583008,41.48228949232791,43.96353177991773,36.31121818504226,-2.34355069771454
2016-01-20,37.884535341559385,37.884535341559385,35.46244058219913,36.88611602783203,41.04455868618545,43.68598606414967,32.05381348877009,-4.977382502367587
2016-01-21,37.23740914190326,37.78284304809773,36.618019948819025,37.4777717590332,40.704864693123326,43.4425266796353,35.02049262046365,1.2993482018713096
2016-01-22,38.097159688855974,38.82286377055917,37.93075589068388,38.68881607055664,40.51286006240269,43.25610665574986,40.72541396514445,0.4319487175272253
2016-01-25,38.337529949888555,38.4669543683989,36.72896075535053,37.200439453125,40.19739143294767,43.018629510548884,36.48572746566935,0.8521456286039965
2016-01-26,37.23741353939641,39.114078096731504,37.191191038812946,38.31903839111328,40.01850066705868,42.83433181959062,41.42147477876875,2.2447082432997343
2016-01-27,38.18961368091657,38.65184573624649,37.436173173736336,37.54248809814453,39.782689946209715,42.62680853639666,39.14710483709962,-2.962944046469542
2016-01-28,37.73662135469425,37.8105801697056,36.2020112087127,36.94158172607422,39.512108210958715,42.40385846540362,37.434227249610004,-0.6958458847696114
2016-01-29,36.4978423688922,37.03403324145936,36.00787752272273,36.76593780517578,39.25056817231272,42.18276353755155,36.92563972462889,-4.05307818553632
2016-02-01,35.98014195310499,37.02478739891047,35.91542974665738,36.91385269165039,39.02802384082107,41.97613958281033,37.693345326198404,-1.6744638896887865
2016-02-02,36.83065366152711,36.97856779163159,31.460439376605688,32.3377571105957,38.39085558079961,41.59816379958623,26.818123445099697,-12.462445841156363
2016-02-03,34.42704305906462,34.732114364287256,32.6798030277785,34.28837203979492,38.00014286260868,41.31150529920226,35.37708590267816,-6.73875307767092
2016-02-04,33.51182328003321,36.48859877988684,33.28070725741229,35.94316482543945,37.80424019240209,41.10098214336843,41.615470206506004,-2.629603239519074
2016-02-05,35.804495670999074,35.81374228725514,34.376200269358854,34.852298736572266,37.52310291089449,40.855935735258775,38.94636885333182,7.775868986141449
2016-02-08,34.242147721869806,34.334592712101454,32.22681590117707,33.23448181152344,37.114662806192484,40.55705518922994,35.3275533894965,-3.073608239692291
2016-02-09,31.83854446805654,32.71678612722079,31.058298605600637,31.39480209350586,36.569914166889,40.19775114626037,31.718378170186444,-12.654318989502016
2016-02-10,32.38397506329859,32.43020108778167,30.581272958076,30.756919860839844,36.016295661550984,39.827522468400744,30.552833643163343,-11.750670756861542
2016-02-11,29.85094877182064,30.026595693833546,29.26853535970281,29.582853317260746,35.40358686685668,39.42577073698349,28.47852988895264,-10.987469324695647
2016-02-12,29.897164957647124,31.73684981127739,29.740004248800233,31.570446014404297,35.03852583328978,39.117718787078424,36.35617632766664,0.5594681577393035
2016-02-16,32.0049452954244,33.09581318626517,31.53439412501488,32.95714569091797,34.840299153063896,38.87612768526821,41.22053289415605,7.1535961339206935
2016-02-17,33.63200542067846,36.35917525952546,33.61351571523111,36.14654541015625,34.96470355850126,38.76908524310696,50.576955938603774,22.187488213200105
2016-02-18,35.83222961425781,35.9616575601321,35.16661781108755,35.83222961425781,35.04732508762093,38.65391443413248,49.7367161334828,13.499282201806839
2016-02-19,35.03719220443103,35.84147501622148,34.833808965786,35.601112365722656,35.10006673315443,38.534196705959545,49.09090953471616,8.022438288802686
2016-02-22,36.44237017224838,37.117232013853325,36.28521298074475,36.923091888427734,35.273688176513794,38.47101612487987,52.86124932715845,2.148328338047195
2016-02-23,36.285219507230046,36.46918909442573,35.75827520033193,35.998634338378906,35.34273066812,38.37405997638963,50.068714952796775,0.4643995808033127
2016-02-24,34.445532576160325,35.73054070318933,34.362330661842634,35.65658187866211,35.3726212596002,38.2674922078513,49.03649801956948,0.15580837017008517
2016-02-25,35.32377115676676,35.85996200841761,35.05567573094134,35.77676010131836,35.41111067309717,38.16981643896766,49.43096165369352,-3.104647331738361
2016-02-26,35.84146713861256,35.9246690337212,35.36998855748022,35.55488204956055,35.4248031851413,38.06726999232424,48.68177953366833,-1.2326920089445328
2016-02-29,35.582623670960544,35.80449307329739,35.101901930496616,35.11114501953125,35.394930978892724,37.95134352280295,47.14291363231968,-1.5296947446812448
2016-03-01,35.85071553707409,36.50708770751953,35.52253121512665,36.50708770751953,35.500850667333374,37.89470603985066,52.255963879039285,2.0413464051325865
2016-03-02,36.11881115027448,36.59028980368192,35.98014012831921,36.55331039428711,35.60108492704325,37.84210228904425,52.42008812926748,2.808132912197083
2016-03-03,36.14654709209166,36.63651549286845,36.06334517698246,36.42388916015625,35.67944723495878,37.786486087911385,51.882304083377385,3.738824637860032
2016-03-04,36.2759691384677,36.913848032897405,36.04577709320537,36.73820114135742,35.78028094033008,37.74537687432103,53.13965282611904,0.6330645591055655
2016-03-07,36.155791729672,37.67283625469751,36.155791729672,37.533241271972656,35.94722954334366,37.73705783109168,56.253565229838934,2.6808266258661475
2016-03-08,38.76277963881915,38.864471253132514,37.91227084083062,38.10641098022461,36.15286587066566,37.75154226831258,58.399790340241545,4.619281078608306
2016-03-09,38.56865057133097,39.16030714139278,38.27282228630006,38.85523223876953,36.41023409619936,37.79482422793835,61.08587383377654,5.7624789228694615
2016-03-10,38.80900375453603,38.924561770786994,37.764358300193145,38.42997360229492,36.60259023963703,37.81973204654057,58.765252627461734,2.3891683743068737
2016-03-11,38.910689911813606,39.67799319821947,38.83673109904903,39.53932571411133,36.88227933244411,37.887167092327665,62.741635614481446,3.760298325209195
2016-03-14,39.35443627784663,39.57630921253087,38.776646217945725,38.864471435546875,37.07105953273961,37.92549275284607,59.01342075604065,0.02377851384484824
2016-03-15,38.32827739678156,38.64259530442998,37.99546978555966,38.28205490112305,37.186392424966606,37.93947558219026,55.92484499101718,-0.3849045089196776
2016-03-16,38.00471669109352,39.36367993845276,37.99547007596093,39.067848205566406,37.365578689785636,37.98372548898933,59.039647173067785,-1.1924267802489474
2016-03-17,39.2804765212476,39.75195160487917,38.9754017115358,39.483856201171875,37.56731940515576,38.042554144369035,60.626085708885604,1.5937043339240886
2016-03-18,39.502348371306674,39.80742320007202,39.1972770690918,39.1972770690918,37.72255346838776,38.087837396318946,58.93274707867178,2.3907341712262706
2016-03-21,39.178789369194995,39.28972407326178,38.799759230962025,38.864471435546875,37.83130756049815,38.11829363315142,56.9436305359485,-0.5205732574504935
2016-03-22,38.49468625835352,38.82749391328697,38.365261842890696,38.51317596435547,37.89624740848456,38.133779214767266,54.83954238382379,-2.4584230878330384
2016-03-23,38.51317112890395,38.51317112890395,37.60719680786133,37.60719680786133,37.86871877985378,38.11312892430037,49.735485794179645,-4.056608979311712
2016-03-24,37.19119339439034,38.087924774018866,37.11723809408284,38.04170227050781,37.8851933980113,38.11032787905361,52.04092753512496,-2.11702136848445
2016-03-28,37.94001017613824,38.35601975567832,37.46853147714251,37.99547576904297,37.8956964809667,38.105823874739464,51.76888180390964,-1.344215797190134
2016-03-29,37.78285157828492,38.411487528250674,37.644184061603454,38.38375473022461,37.94217821899126,38.116723123974175,53.946573292442075,2.0649183887083846
2016-03-30,38.91994217045061,39.28972926830214,38.75353832907253,39.11408233642578,38.053788134937406,38.15583524995267,57.80563741561276,2.8189591998077894
2016-03-31,38.44846021458413,38.698065932789454,38.18961140750476,38.55015182495117,38.10106086731967,38.171298645050655,54.04008556960523,1.4598476389131798
2016-04-01,37.65341347816585,38.06942293023763,37.588701288571336,37.949241638183594,38.08660189311623,38.1625905271343,50.28141241057795,-1.1320234174455737
2016-04-04,38.124904187448095,38.55939995231318,37.93076403022012,38.04170227050781,38.0823257385821,38.157849811188164,50.84790282227352,-2.74167256870371
2016-04-05,37.17269924089677,37.50550686884585,37.02478513142502,37.209678649902344,37.99921649204117,38.12066662839264,45.79170481316422,-3.4772189254549737
2016-04-06,37.154203834707936,38.55938942232499,37.08024855459651,38.2635612487793,38.02439218315909,38.126270338996044,52.26636259711012,0.8282632195723312
2016-04-07,37.7920940971997,38.078675716528835,37.32986203861646,37.5794677734375,37.98201842985227,38.104827101131,48.238687324104326,-1.2150731157702797
2016-04-08,38.14338640951189,38.29130052132895,37.7458700993259,38.02320861816406,37.98594130492958,38.10162637630877,50.88271019717219,2.186339677684515
2016-04-11,38.060181928045054,38.707307445950526,37.9816033328877,38.25432205200195,38.01150137607933,38.10761444202223,52.25077515800847,-0.024146201962940664
2016-04-12,38.124901191648334,38.288529617061,37.6719122291129,38.21734619140625,38.0311056442057,38.11191764788043,52.00122166386971,1.697412059730194
2016-04-13,38.77202627155513,38.83673848175051,38.476198017361696,38.781272888183594,38.102550143632165,38.13816687299036,55.492564791193004,1.9936883223931725
2016-04-14,38.88295939490386,39.68724213474149,38.568641475367805,39.27123260498047,38.21385323518915,38.18260082326449,58.32866863621735,2.6582893080581935
2016-04-15,40.038531807783336,40.67641061375935,39.79816922474322,40.648677825927734,38.44574129144996,38.27930972532971,65.06793295973246,6.361853652382085
2016-04-18,40.51926057572577,40.85206466790373,40.362099855081595,40.60245895385742,38.65114297358401,38.37041361664453,64.68988994647916,4.696045101265183
2016-04-19,41.08317745620696,41.48069724445336,41.08317745620696,41.38825225830078,38.91182004831894,38.488760230042814,68.0849213037036,5.390764467759097
2016-04-20,41.2865630893025,41.406744399619434,41.00922458795988,41.138648986816406,39.123898994842506,38.5926774361908,65.91687786093806,1.2053803151652427
2016-04-21,41.22185803335342,41.22185803335342,40.283527452486624,40.32512664794922,39.23830162847172,38.66061662096564,59.2900903424047,-0.6830431285538071
2016-04-22,40.21418500252376,40.26040749836601,39.59479579982677,39.73346328735352,39.28545988169856,38.70268903925536,54.96234639217915,-3.9982093484398726
2016-04-25,39.97382577334094,40.029291357544345,39.539326555478965,39.71497344970703,39.326365935794605,38.74238646711621,54.82766045096709,-3.460676449451747
2016-04-26,40.436059599840405,40.828956120649806,40.25116608223877,40.73188781738281,39.46022516261253,38.820406127910985,60.553065638034205,1.0087040097474314
2016-04-27,40.51001802946451,40.82433597577392,40.41757302677678,40.639442443847656,39.57253157034921,38.8917408853987,59.81090233038264,2.280141426238299
2016-04-28,40.73188478565781,42.05386857726941,40.63019318221842,41.60087966918945,39.76570757976257,38.997981622017946,64.66185981438338,4.748602493391151
2016-04-29,41.94293822650678,42.636286351048454,41.48995276000807,42.386680603027344,40.01532405816874,39.13087177813596,68.05568228001891,4.062646919444595
2016-05-02,42.9875770906392,43.03379958650185,40.26040751613803,41.1663818359375,40.124948608432426,39.21069570197132,58.63764759924732,1.2966206237153146
2016-05-03,40.53775090295664,40.76332319880218,40.35286089722544,40.63019943237305,40.17306773452201,39.26636251492825,55.033877528321916,-2.3333166138198607
2016-05-04,40.79659929434419,41.24034161276967,40.57472637185622,40.6117057800293,40.21484278647508,39.319121074343975,54.90853017487186,-4.18757684665516
2016-05-05,40.482280220829274,40.482280220829274,39.354432989642184,39.68724060058594,40.164594959247545,39.3335571341966,48.911348018874655,-3.593080492831408
2016-05-06,39.7889336356059,40.38983315334201,39.677995410274214,39.96458053588867,40.1455459665467,39.358303149949236,50.652664324276515,-1.6382368429972012
2016-05-09,39.83516597996663,39.89987819746479,39.50235827480392,39.67800521850586,40.10101827625709,39.370840485971065,48.801695149260965,-2.2990922040575366
2016-05-10,39.91835907868588,40.237300313361175,39.90911246305874,40.14947509765625,40.105633211628444,39.401375176625386,51.91489710995933,1.164692959438173
2016-05-11,39.91835771554692,40.33436724079773,39.83515581049676,39.89986801147461,40.08603652589951,39.420923915246924,50.17537488798195,-0.16192469318162836
2016-05-12,40.24192251370196,40.34361413241004,39.557821031294345,39.87213897705078,40.06566533077106,39.438618623552955,49.97504134795185,0.4892729800196148
2016-05-13,40.2789006761034,41.12016286857332,40.26965758675787,40.35285949707031,40.093017156132895,39.47447120682815,53.44535445851889,0.5065680159438378
2016-05-16,40.4268182722591,40.69491373152132,40.241924730473045,40.32512664794922,40.11512282202016,39.50783024373486,53.21599817287118,1.0658146446808077
2016-05-17,39.548573161098034,39.65026477658166,38.83673537926334,38.90145111083984,39.99953504000299,39.48405066989584,43.011598023132514,-2.434501612190015
2016-05-18,38.938425685177016,39.47461653913008,38.513173058866315,38.6795768737793,39.87382473845788,39.45250267789127,41.670517965745425,-4.146627139056896
2016-05-19,38.577882521530505,38.64259471978343,37.080251820240875,37.45928192138672,39.643868279689194,39.37433715802835,35.174595165641136,-7.106846189429751
2016-05-20,38.08791632416683,38.19885101329255,37.68114991978886,37.930755615234375,39.480714692598255,39.31772611713447,39.12317808592844,-2.495268088688287
2016-05-23,37.89892723619953,38.142351202446704,37.49634446787719,37.543155670166016,39.29618526189042,39.24813511921414,37.12133279914601,-2.938039387870491
2016-05-24,38.329596709991854,38.87261666654064,38.26406031130022,38.694732666015625,39.2389040622833,39.226433062225965,45.96732950200111,3.298116464756756
2016-05-25,39.5279836166966,39.649692028699235,39.15348685439329,39.3220100402832,39.246818917330906,39.230181179012526,50.086526521103934,3.667879541239747
2016-05-26,39.42499510977148,39.60287909980457,39.013047974903365,39.22838592529297,39.245063394279676,39.230110776905875,49.480208552063765,4.488781576947021
2016-05-27,39.36882008716586,39.424995671302256,38.90070093375969,39.30328369140625,39.2506081844822,39.23298030296471,50.001644617971934,1.572697324576935
2016-05-31,39.68713991335481,39.949285487535626,39.55606712626441,39.72459030151367,39.2957493384852,39.252259126437224,52.94383096854381,1.0238038717198021
2016-06-01,39.649695727141605,39.90248052955572,39.378189299185244,39.82758331298828,39.34640019319978,39.27482085924315,53.661705701844134,1.5274586847300613
2016-06-02,39.98674037999842,40.7638199502336,39.865031961970686,40.75445556640625,39.480500704933725,39.332845749720136,59.630448119197936,3.6922407969624733
2016-06-03,40.25824987910113,40.48294865917369,40.02419028678078,40.42677307128906,39.570621882681856,39.3757448603699,56.8428101107305,1.767627468139387
2016-06-06,39.93057182080184,40.42677706264245,39.91184662299155,40.23952865600586,39.634327289665094,39.409618734708566,55.253287385518846,1.034321715631783
2016-06-07,40.76382124983491,41.597072863735384,40.76382124983491,41.47536087036133,39.80966382115997,39.49062823022436,62.672465947275306,1.7688993606611145
2016-06-08,41.17576561194208,41.381739208856594,40.84808359091097,40.91361999511719,39.91480250439399,39.54643182884761,57.96766058956951,1.2042685746141875
2016-06-09,40.3986859587349,40.904251950012515,40.351871184377806,40.72636795043945,39.99209445163641,39.59270383361592,56.446492985581926,1.2098533722783347
2016-06-10,39.46244857498741,39.58415699117209,39.20029940378103,39.47180938720703,39.94254349311933,39.58796287493322,47.46038549528561,-4.830702954982733
2016-06-13,38.35768524648758,38.88197642177039,38.3015096613648,38.74154281616211,39.828162476266264,39.554769931452,43.153838041874806,-5.308934235626922
2016-06-14,38.338962394524984,38.61983319437268,38.30151200215436,38.52621078491211,39.70416707708968,39.51443427864652,41.945211130086214,-5.402291626409576
2016-06-15,38.22660866714532,39.37818126213047,38.22660866714532,38.99432373046875,39.636562948840066,39.494037786561115,45.5175770999124,-1.2096877851589856
2016-06-16,37.98318588108528,38.81643736014264,37.8240270913622,38.7602653503418,39.55310603469737,39.46526239690546,44.05775971780776,0.048326764549699024
2016-06-17,38.947513478063115,39.65905661580162,38.910066658813065,39.45308303833008,39.54358003504334,39.464784775000545,49.24653157648158,2.4058225154625292
2016-06-20,40.651466211594624,40.74509218663875,40.23952263579777,40.267608642578125,39.612535140522844,39.49626806392516,54.58035807765885,3.2653083584944347
2016-06-21,40.60466261621149,40.614027001203006,39.76205011176371,39.883758544921875,39.6383659409418,39.51146376906228,51.81669881247454,2.8985694097426267
2016-06-22,40.36123311491952,40.445494703589176,39.434355639553274,39.48116683959961,39.62339459795683,39.51027565418139,49.01351353510339,0.07118277991670977
2016-06-23,40.76381494807572,41.00161741041305,40.370593019297,40.98851013183594,39.75340560118342,39.56824563369726,58.14361860223355,1.7902763872984162
2016-06-24,38.07681218927635,38.71345455648943,37.91765338320603,38.001914978027344,39.586596970406646,39.50682090210236,42.06923919503426,-4.718320528329779
2016-06-27,37.178027430083425,37.178027430083425,36.2417889942427,36.40095138549805,39.28320215279631,39.38502209752964,36.27922139367517,-7.80173358760032
2016-06-28,37.46825846079706,38.04872522640325,37.19674848746975,37.543155670166016,39.117483440164854,39.3127920415546,42.37302021438556,-8.405659172749246
2016-06-29,37.37463962850758,37.85212326893046,37.25012044946182,37.5338020324707,38.96665663943208,39.24302772747288,42.337313344922514,-1.231814096282524
2016-06-30,37.80530582442347,38.40449780097368,37.4963454525652,38.32023620605469,38.905092788634235,39.206839824672166,46.42511766224909,5.2726226856841825
2016-07-01,39.05050132641292,39.18157412600928,38.61983253589177,38.835166931152344,38.89843318315977,39.19226441708315,48.97572262291267,3.4414029346314
2016-07-05,38.3202329831946,38.35768337144576,37.26228272962573,37.44017028808594,38.759551002676545,39.12355484339699,43.00278962225742,-0.24945979174655494
2016-07-06,36.41967949059479,37.54316284613136,36.326053496655746,37.5338020324707,38.642813005514085,39.06121159590968,43.50085153066965,-2.052268596036801
2016-07-07,37.26228406741916,37.664866826908685,36.97205247671675,37.01886367797851,38.48815116479641,38.981119520696694,41.36027876875362,-4.676954926944975
2016-07-08,38.348317324666475,39.28455556152727,38.1423473411536,38.61982727050781,38.50069174629274,38.96695119715988,49.654962041088915,3.1507788916154067
2016-07-11,39.64032899464107,39.65905418885312,39.2939218303822,39.350093841552734,38.58158718393655,38.98197639890078,52.925916038485084,4.839082935191983
2016-07-12,40.108451902664434,40.23016389074154,39.846306302005395,39.85566711425781,38.70292812968143,39.01623877989517,55.100836518527046,7.663129427624325
2016-07-13,39.977374529225905,40.00546053423628,39.209659439574416,39.39690780639648,38.76902143222572,39.031166977012866,52.72056223901508,2.0121284604555583
2016-07-14,39.98673825133539,40.248887412556265,39.83694026126596,40.08036422729492,38.89391122223231,39.07231196722001,55.78498850638384,1.8558288289799194
2016-07-15,39.827581264931005,39.87439246931174,39.64969368823186,39.668418884277344,38.96767385671279,39.0956887090654,53.532772391936284,-0.46981582178430853
2016-07-18,39.5841559355409,39.94928831728943,39.378185929008765,39.51861953735352,39.02014487391667,39.11227423174336,52.69956191100443,0.3089372687703281
2016-07-19,39.1441262435886,39.64969223238973,39.11603666481877,39.45308303833008,39.06137708005128,39.12563928298206,52.31591928874561,-1.5650586042770096
2016-07-20,39.59352021778174,39.64969223238973,39.32294596633833,39.45308303833008,39.09868240941117,39.13848021456433,52.31591928874561,-0.5428394980285297
2016-07-21,39.56542676060116,40.11406457355762,39.556065949572705,39.958648681640625,39.180583959147306,39.17064368386144,55.231695414078764,1.1134729639813985
2016-07-22,40.0897271998354,40.25825039417948,39.93992920169244,40.183349609375,39.27608544964518,39.21035764172472,56.50471457991638,1.8509746635907816
2016-07-25,40.42677036838219,40.838713937596005,40.20207160333284,40.698280334472656,39.411532581533514,39.26870755124425,59.356912205993304,3.156146998531964
2016-07-26,40.50167087238835,41.06341604500212,40.50167087238835,40.81999206542969,39.54567157999982,39.32954223807505,60.02418447627556,2.155586868443864
2016-07-27,41.95284422270554,42.1307282339656,41.60643344132624,41.9153938293457,39.77135941327086,39.43094818283076,65.51211521164971,4.310353011404025
2016-07-28,41.906027250885664,41.91539163446831,40.87616648768106,41.372371673583984,39.92383677139592,39.5070824373701,61.03864096521264,1.6563140593936905
2016-07-29,42.177538867520695,42.29925085855529,41.82176727836283,42.289886474609375,40.14917483836863,39.61621200745792,65.34464016608779,3.600917919884987
2016-08-01,42.158813637824935,42.89844282446264,41.99029044159189,42.860992431640625,40.40744318058501,39.74345829860234,67.73498221374595,2.255969742631624
2016-08-02,42.69246826359764,44.07810419474277,42.13072666991844,43.5444450378418,40.706205262228515,39.89251660210193,70.36896458048474,5.250057650537517
2016-08-03,43.46954259281754,44.218532484720434,43.4227313942234,43.90021133422851,41.01039631670471,40.04968110140101,71.6656518936583,3.8078249762764536
2016-08-04,43.73169050407954,44.04065085998459,43.41805152809039,43.68487930297851,41.26510898206411,40.19223789361974,69.67812324882856,1.9222300385412399
2016-08-05,44.003205305814134,44.08746690564136,43.81595690936851,43.8908576965332,41.51518028820403,40.33728180745948,70.52033745297229,0.7955381183302723
2016-08-08,44.368331558534045,44.51812954061307,44.078099977205355,44.42450714111328,41.79225903610015,40.49756515387728,72.64061127723244,1.1942899383629735
2016-08-09,44.49004399135851,44.77091476420416,44.19980883558747,44.433868408203125,42.04384088106234,40.65192998738026,72.67773481906995,1.714527125117979
2016-08-10,44.87391014748525,45.051794171036235,44.69602612393427,44.892635345458984,42.315154639576306,40.818232158285305,74.50358167718838,2.282428964711046
2016-08-11,45.00497702655893,45.13604982362281,44.77091743995463,44.98625183105469,42.56954484828853,40.981683910158615,74.87259344705699,1.2644927903353862
2016-08-12,45.27648820369112,45.50118341276326,45.182862223689426,45.323299407958984,42.83180718730476,41.151943341444905,76.20771484939658,2.001696074680857
2016-08-15,45.323299348488945,45.59480933293866,45.323299348488945,45.57608413696289,43.09316689679601,41.3254390589162,77.18676356299004,1.5224073753848781
2016-08-16,44.82709397786357,45.05178918575168,44.53685879858666,44.873905181884766,43.26276101918542,41.46459459315027,68.72667106243468,-0.24973551829087323
2016-08-17,44.58366490032639,45.30456878844151,44.5368537016624,45.29520797729492,43.45632739614823,41.61481472586182,70.79500488163212,-0.061980109636787635
2016-08-18,44.99561620889244,45.55735778808594,44.90199023138296,45.55735778808594,43.656425528713726,41.769424257713744,72.03440210902886,-0.04108810406062458
2016-08-19,44.40578952527634,45.313941955566406,44.330888735721345,45.313941955566406,43.814284236033025,41.908424951747186,69.1019712812598,0.9806072636158262
2016-08-22,44.71474303807883,45.46373659222854,44.6866570298113,45.323299407958984,43.95799996669264,42.04234159708883,69.15395660737853,0.06201854880132984
2016-08-23,45.763330013489785,45.97866439819336,45.538631245579325,45.97866439819336,44.15044419826414,42.19670719713214,72.62751441339645,0.9247828025215306
2016-08-24,45.40756004945194,45.54799723076855,45.28584806374193,45.435646057128906,44.27284437529888,42.32372440732809,65.99605680664763,0.26857981519647894
2016-08-25,44.976895545501385,45.34202796591642,44.976895545501385,45.313941955566406,44.37199652580055,42.44098784059234,64.5729617105792,-0.020646008818446505
2016-08-26,45.26712719158966,45.819508014611785,45.18286558904506,45.63226318359375,44.492021921780854,42.566135893259066,66.60152094813743,-0.7533955566861149
2016-08-29,45.3139378420403,45.66970584573181,45.07987825312784,45.56671905517578,44.59437402972323,42.68380582117737,65.76647516322659,0.2884805420881861
2016-08-30,45.30457060669253,45.50117979185131,45.2671202176721,45.454368591308594,44.676278273683735,42.79245534157468,64.27876133155773,0.3098971964961379
2016-08-31,45.11731824596647,45.39819256733274,44.90198388532693,45.07050704956055,44.71382387138629,42.88179070267216,59.339698121887785,-1.231050346490753
2016-09-01,45.19222916783585,45.49182517788328,44.87390796072719,45.23904037475586,44.76384449075482,42.97423186628329,60.765125900615196,-0.7191184426140989
2016-09-02,45.17349886156849,45.49182003267444,44.99561486680501,45.40755844116211,44.8251505812698,43.069656437847165,62.19237373195803,-0.10298273102716693
2016-09-06,45.17350066010646,45.61353383013099,45.17350066010646,45.56671905517578,44.89577615021323,43.16758046205613,63.54134168639387,1.1009683229647016
2016-09-07,46.39060624116668,46.89617577149599,46.15654667025114,46.587215423583984,45.05686560481997,43.301683793880756,70.74805852587791,2.9801141617062887
2016-09-08,45.96930121670219,46.54040717741628,45.81950322466783,46.315711975097656,45.17675573532261,43.41988097745789,66.95600152817747,2.000005208631307
2016-09-09,46.08165736726393,46.14719377264187,45.12669372558594,45.12669372558594,45.171987924871495,43.48681481071782,53.44555320952807,-0.9656726196525721
2016-09-12,44.34024752916636,45.646300417751455,44.28407194408345,45.538631439208984,45.206906354808396,43.56727820791355,56.70501267065124,-2.250797723884077
2016-09-13,45.042427872511475,45.28584827359361,44.39642112122055,44.54622268676758,45.14398410070927,43.60566818747646,47.98811717619632,-3.8204946288669186
2016-09-14,44.490048509671546,44.80836970361546,44.37770090341663,44.4432373046875,45.077246310611955,43.63851403521023,47.17762992300016,-1.5145280198334834
2016-09-15,43.95639122928928,44.9207155865362,43.90021564258394,44.79900360107422,45.05074700494169,43.684023429949995,50.30039502049104,-1.624176692973567
2016-09-16,43.58189206319726,43.81595163772728,43.43209407835667,43.67551803588867,44.919772817412834,43.683689885084846,41.88027413770501,-1.9546093885476588
2016-09-19,44.52749434226723,44.873901509433466,44.48067957061139,44.68665313720703,44.89757094310752,43.72302177732493,49.99359960730569,0.5477004990675101
2016-09-20,44.46196420312914,44.60239782345756,44.24662622331985,44.536861419677734,44.863217655161826,43.7549370574172,48.90445128149622,-0.5851518121492295
2016-09-21,45.45437273525762,46.02547871975554,45.22031313973985,45.96930313110352,44.968559129061035,43.841774942659804,58.26756305932405,5.251878394046801
2016-09-22,47.21449832499452,47.39238231841544,47.008524753637666,47.30812072753906,45.19137451939228,43.9777100714786,64.76624405146477,5.866332352711694
2016-09-23,47.4204775524713,47.71070917785644,46.97107996655117,47.01789474487305,45.36532882658092,44.096932999847006,62.49433124338734,5.570741282858151
2016-09-26,47.01788617438038,47.17704496297134,46.868088196867795,47.13023376464844,45.53341501115878,44.21588597101569,63.034854507741194,2.5254475366615066
2016-09-27,46.88681999413243,47.420475587398826,46.685528598674686,46.92426681518555,45.66587708773276,44.32209698451255,61.290783196653784,-0.8113911659358435
2016-09-28,47.42047265740553,48.25372419640831,47.36429707209781,48.206912994384766,45.9078805074139,44.474442710389894,67.34934332220976,2.528863225296518
2016-09-29,48.20691828173498,48.3099015088957,47.214504261244926,47.5328254699707,46.06263717051455,44.594379289196986,61.86883226829915,0.8542111361735757
2016-09-30,48.14137512594584,48.85291828502141,47.8979547219248,48.56268310546875,46.30073678336733,44.749999046697845,66.3712337075004,3.4916183064430575
2016-10-03,48.60949369857066,48.787381271836686,48.45033489245463,48.740570068359375,46.533101858128475,44.90649202793947,67.09398847516347,1.1070135813026873
2016-10-04,49.19932460863432,49.59254657303977,48.90441081392965,49.31167221069336,46.797727605991795,45.07924419196904,69.37003376942228,3.742354305965798
2016-10-05,49.910868938772914,50.238550940660474,49.62063375748254,50.219825744628906,47.123641714433425,45.28083562540668,72.6139205645993,3.4123786685368334
2016-10-06,49.89215069989169,50.079399114852045,49.723627483574006,49.761077880859375,47.3748261112359,45.45653140013032,68.658325381513,2.093754363292679
2016-10-07,49.920229101029335,50.14492787901633,49.74234509824465,50.07939147949219,47.63240376535554,45.637820030693526,69.88421661460326,1.5568712931060291
2016-10-10,50.72539516321087,50.86583234727204,50.2104647740965,50.407073974609375,47.89665807099876,45.8248495971216,71.13583372644882,0.3728571877820489
2016-10-11,50.01384945440893,50.12620062452107,49.55509467658121,49.92022705078125,48.08937892621614,45.985452634520016,66.70046183283708,0.3198266128859154
2016-10-12,49.7142564217165,50.163653985852235,49.54573322803209,50.098114013671875,48.28068702978335,46.14673347291813,67.49788636459802,0.03738570622878772
2016-10-13,49.517644427203706,49.742343196600494,49.049525264804025,49.16187286376953,48.36460949016299,46.26497423334367,59.43121639031455,-2.4702904030237223
2016-10-14,49.480194587659994,49.629992578436166,49.2742245825089,49.35848617553711,48.45926441257957,46.38628842715518,60.498853577553184,-1.1252770839217354
2016-10-17,49.386570055188535,49.395930866692495,48.768652923423,48.88100051879883,48.49942975602902,46.484120273886305,56.60299475371791,-2.429459708884239
2016-10-18,49.36784425806786,49.40529464655786,48.628215156985746,49.05888748168945,48.55271144418716,46.58509153693741,57.69596007509331,-0.2094822188028856
2016-10-19,48.69375976076476,49.330402186568634,48.63758774002492,49.1993293762207,48.61429410438083,46.6876106678897,58.582838711438754,-0.322450730661361
2016-10-20,49.133790602910146,49.57382379198352,49.04016819187864,49.4146614074707,48.690519561817965,46.79455383414778,59.96857330751279,1.0917552484766302
2016-10-21,48.703115553967,49.246131896972656,48.67502954855145,49.246131896972656,48.74343502230889,46.89069415033699,58.32383131323518,0.38167277102052
2016-10-24,49.46147217156864,49.948312955193586,49.45210778834561,49.85469055175781,48.8492688822564,47.006929303333884,62.34044793949669,1.3320530662636678
2016-10-25,49.61127181458175,49.66744382993036,49.227414233347424,49.6299934387207,48.92362360191967,47.10979456354513,60.039588776190605,0.4357654694309921
2016-10-26,49.42402916161632,49.8921483916264,49.292956348648104,49.72362518310547,48.99981422869927,47.21229772509652,60.690656570250816,0.9696056679776829
2016-10-27,49.732983596097974,49.7704339898433,49.386576382619026,49.620635986328125,49.05894011037821,47.30674236279188,59.54152577466545,-0.46947350959223844
2016-10-28,49.27422143987592,49.79851258842114,49.18995985222178,49.49891662597656,49.10084263567329,47.392709980955985,58.14039623719786,-0.2641080597884507
2016-10-31,49.36784593592078,49.470832722035645,48.92781278487209,49.405296325683594,49.12983822519808,47.47163493565119,57.028798628676775,-0.6401963980897217
2016-11-01,49.70489818353472,49.71425899635043,47.76688492726295,48.03839492797851,49.025891244510504,47.49386081770324,43.847311091621606,-3.1886754913531705
2016-11-02,47.879232538382226,48.41288815553148,47.654537316143674,48.03839492797851,48.93184397626936,47.51521509653757,43.847311091621606,-2.9506134629855434
2016-11-03,47.72007009597717,48.0664772873077,47.242586534918686,47.28003692626953,48.77452901912652,47.505992423193725,38.17049932041384,-4.301683336547939
2016-11-04,47.21449447194527,48.16009351775391,47.17704408539739,47.81368637084961,48.6830201954811,47.51805885251356,43.69479070015004,-0.4677686618501578
2016-11-07,50.10747966491925,51.48375125766554,49.72362206325434,51.3901252746582,48.9408397268313,47.66990459455845,65.76883624538188,6.97719054040996
2016-11-08,50.95945288435193,51.27777406126414,50.69730729329453,50.95008850097656,49.132196752940374,47.79853925755524,62.521085354600736,7.7623703645372855
2016-11-09,50.54750899993644,50.8377405964512,50.26663464380942,50.75347900390625,49.2866045863657,47.91441924760822,61.07000744702711,6.148433338218684
2016-11-10,50.05130777003592,50.75348662283036,49.46148010514435,50.116844177246094,49.3656750235924,48.00078885269206,56.49740635036268,-2.4776765781499215
2016-11-11,49.9764025535103,51.39012084616774,49.78915417509762,50.99690246582031,49.5210300180903,48.11828350418729,60.860154820395714,0.091882008885721
2016-11-14,50.15428698649406,50.7628433287809,49.78915460970827,49.864051818847656,49.553698761019575,48.186745006722994,53.43182865152418,-1.752445748576445
2016-11-15,49.414658833890115,50.78156953543548,49.39593363836584,50.64113235473633,49.657263865183076,48.28299549095881,57.28335688451879,1.0461316671017968
2016-11-16,49.761069147844026,50.491333909415616,49.742343952487595,50.060665130615234,49.69568303331947,48.3527080258473,53.70985329684229,-1.8358709841888399
2016-11-17,49.83596766197236,50.13556365258376,49.704894862513115,49.89214324951172,49.714393530099684,48.41307803461845,52.682324573389195,0.056336036963294825
2016-11-18,49.79851784527609,49.83596823740142,49.35848823793439,49.39593505859375,49.68406415186102,48.45162144732337,49.66918432363824,-2.4588654286402782
2016-11-21,49.80788185166841,50.201100251607194,49.77043145982683,50.023216247558594,49.71636435145127,48.51325261596005,53.30504627263092,-0.07480700258163027
2016-11-22,50.39771294657446,50.95009015380293,50.32281216300494,50.84710693359375,49.824054121179124,48.60477631469078,57.63399952173938,1.91405624590276
2016-11-23,49.75170620579062,50.45388498040331,49.64871941407954,50.2760009765625,49.867096678834685,48.670314536724966,53.903542553722126,1.7816565612632105
2016-11-25,51.20287829128227,51.43693789805229,51.00626907874733,51.287139892578125,50.00233888966739,48.77293513891529,58.96750026383877,2.526674092214568
2016-11-28,50.556871871648525,50.875193059624955,50.28536188777859,50.34153747558594,50.03464351689773,48.83444895603963,53.09334966294824,-0.9942934583634926
2016-11-29,50.38834983407215,51.48375060688208,50.38834983407215,51.24969100952149,50.150362325719044,48.92916433068598,57.47476540431858,1.936689502040751
2016-11-30,51.43693515423908,51.48374993026877,50.659859158376776,50.669219970703125,50.19977733952705,48.99740180676508,54.002597967553285,-1.2048242954651884
2016-12-01,50.566230124031435,51.165425649245144,50.50069372730687,50.99690246582031,50.27569401822165,49.07581359731627,55.63208113751941,1.3018374549092913
2016-12-02,50.74411914438693,51.05307594187285,50.500695174037176,50.64113235473633,50.31049766931829,49.137198646626864,53.4194115008892,-1.1874386806978046
2016-12-05,51.52119927696026,52.26082848831285,51.427576863242834,52.04549407958984,50.47573542267748,49.251249447919534,60.15611132037604,2.716193597774885
2016-12-06,51.55864830061883,52.494886698772746,51.55864830061883,52.466800689697266,50.66536068620317,49.3773494966167,61.93469972618089,2.882328441148213
2016-12-07,52.72894401173239,53.46857317135198,52.72894401173239,53.31877517700195,50.91806682818401,49.531915209572986,65.307299778731,5.287486076553327
2016-12-08,53.0472626952909,53.337497858177514,52.84128912347035,53.15024948120117,51.13065565228088,49.673810671205466,64.09753446202023,2.1226725217016935
2016-12-09,53.19706309090273,53.31877507716733,53.15961269951887,53.25323867797851,51.332806416633034,49.81418039696127,64.52995997157582,1.4989249924584656
2016-12-12,53.431121522408965,53.66518110628896,52.88342295328156,53.23451232910156,51.513921265439556,49.94831106096677,64.37812511663101,-0.15803597817216142
2016-12-13,53.40303819312943,54.29246537076728,53.39367380928379,54.10521697998047,51.760711333491074,50.11132697935947,68.13267694447738,1.7967319214880852
2016-12-14,54.30183056033336,54.74186377843286,54.142671736787925,54.180118560791016,51.991131069424405,50.270887433533254,68.44083367297692,1.740513639775667
2016-12-15,54.189479064910465,54.58269747478193,54.0209558688324,54.432899475097656,52.223680441393284,50.43410359202598,69.51232428013887,2.251147035193135
2016-12-16,54.39544177648655,54.82611409276824,54.37672015407328,54.62950134277344,52.452806241524726,50.598628994016075,70.35534318771677,0.9690088905603313
2016-12-19,54.620143250902665,55.106987601593445,54.620143250902665,54.929100036621094,52.68864374581962,50.768451387843726,71.64217808382388,1.3823917254623725
2016-12-20,54.42353396049287,54.91037831027039,54.339272369733955,54.863563537597656,52.895778964084194,50.929044021167414,70.916983317843,0.791183395800959
2016-12-21,54.86356970398227,55.060182485495154,54.31118889613702,54.32991409301758,53.03236326207785,51.06241147496546,65.13523268549916,-0.5483982873577697
2016-12-22,54.78866777330818,54.86356498291934,53.74008183849119,54.05840301513672,53.13008133379774,51.1799013392859,62.349998443440114,-1.5851288677656896
2016-12-23,54.71376583790044,54.779302234227224,54.44225944088907,54.610782623291016,53.27110050422567,51.314445703364534,65.57516665425725,-0.460744614471518
2016-12-27,54.68568134111551,54.80739332542515,54.470346951315896,54.573333740234375,53.39512271717888,51.44224523422218,65.1675940595572,0.4480398161499779
2016-12-28,54.44226104783265,54.55460864892814,54.011588695945896,54.06776428222656,53.45918381861199,51.54520676551647,59.76686156641303,0.01731695086742117
2016-12-29,54.45162418148317,54.57333617121449,53.95541898164422,54.10521697998047,53.52071078636137,51.64559932294643,60.0311206412026,-0.9257615786207898
2016-12-30,54.71377027807242,54.732495474466205,54.259697658520665,54.432899475097656,53.607585899574346,51.75490521126609,62.36052243119438,-0.2573312926147722
2017-01-03,55.38786216585393,55.48148457484143,54.62950779577768,55.181888580322266,53.75751948821701,51.88929671593496,67.08280713761579,2.0606073006461334
2017-01-04,55.088265952968136,55.6874579396313,55.04145474865994,55.62192153930664,53.935081588320784,52.03567415998875,69.50356857722353,2.8032501189069614
2017-01-05,55.65000860318074,56.06195578042505,55.55732191688718,55.57511138916016,54.09127490268644,52.17447561995626,68.92289479048944,2.0983852138632706
2017-01-06,55.20997816019129,55.38786216585393,55.06018016293171,55.181888580322266,54.19514287198509,52.29241338310787,64.07973109023521,0.0
2017-01-09,54.08648868221425,54.76994223364799,53.88987949032218,54.563968658447266,54.23026913736244,52.38149398214079,57.26942487028101,-1.9020430283260634
2017-01-10,55.219337463378906,55.406585847702445,54.99464225936335,55.219337463378906,54.32446612079258,52.492781961797185,61.89500415821808,-0.6401677241633927
2017-01-11,55.238063949633926,55.696822323372515,55.09762676524339,55.62192153930664,54.448033303508204,52.61549331777795,64.44140896913626,0.7974227963290291
2017-01-12,56.707962068728314,56.76881628164732,54.31119037475579,55.500213623046875,54.548240952988074,52.72861960425908,63.0692324260764,1.7158666930189757
2017-01-13,56.26791790564808,56.41490871224284,55.724901572895746,56.01513671875,54.68794531163207,52.85750262835676,66.33531901777545,1.4411604556082596
2017-01-17,55.85598507381832,56.09004468334177,55.790448668869054,56.00578308105469,54.8134536706247,52.980964606893934,66.22075286478051,0.690126358681768
2017-01-18,56.17429943627819,56.26792184008568,55.93087904349925,56.0806770324707,54.93414160984813,53.102521956916554,66.71642258762076,1.0458759913363405
2017-01-19,56.04322367393805,56.63305478678799,56.04322367393805,56.60496520996094,55.09326766700173,53.23987267272222,70.03164956339803,1.0529805437634567
2017-01-20,56.464533010293216,56.64241700109795,56.183658663859035,56.50197982788086,55.227430729942604,53.367798443512754,68.5865022267208,0.8859741254006721
2017-01-23,57.17607186589435,57.372681048890605,57.04499907723019,57.1854362487793,55.413907446022286,53.5175097299938,72.62396268230053,1.969946289466046
2017-01-24,58.4774408990307,58.75831166291329,58.02804696252542,58.68341445922851,55.72528906632764,53.72009422917947,78.99594412260214,3.671849707102762
2017-01-25,58.77704545832775,58.90811826255688,58.299565446997875,58.571075439453125,55.99631633995864,53.910328786445106,77.53837081375046,3.66198780622422
2017-01-26,57.99060384759918,58.40255101965746,57.82208065384189,57.91570663452149,56.179115415631294,54.06740242754614,69.48369048906854,1.2770216223676762
2017-01-27,58.07486991193184,58.177856712868746,57.87826069457934,58.05614471435547,56.357880110747885,54.22382369369553,70.19811954037455,-1.0689046481929714
2017-01-30,57.0356456822153,57.316520079423746,56.79222525229648,57.05437088012695,56.42421256497446,54.33482554414382,59.497784545395,-2.5895112014701525
2017-01-31,57.05436540914749,58.689039672568086,57.05436540914749,58.16849136352539,56.59033435531264,54.485165380198,65.75055630164724,0.4364700764148549
2017-02-01,58.51489518361008,58.59915677553311,57.73781566126817,58.17784881591797,56.741526208703625,54.62997649532427,65.7983148866889,0.2096317317681041
2017-02-02,60.86486470457476,60.96785150731995,60.106506689548105,60.4903678894043,57.098558749722734,54.85979576568035,75.05559584181776,6.022320387155759
2017-02-03,61.31424362991526,61.61383959708516,61.239349995321255,61.5108528137207,57.518777232008254,55.12062153227017,77.89850826212373,5.745999890743502
2017-02-06,60.22821306317529,60.76186862183634,60.15331228299406,60.46227264404297,57.79911012839251,55.330098046457344,69.17449933536616,3.9266213423483642
2017-02-07,60.35928886969278,60.55589807028305,60.20013006106236,60.38737487792969,58.04561153311034,55.52842262808371,68.58367331989245,-0.17026348998722157
2017-02-08,60.11586210990584,61.136365600497086,60.03160408909647,61.0427360534668,58.33105196362048,55.74467021339285,70.92384185722074,-0.7610311657871982
2017-02-09,61.04273857512983,61.04273857512983,60.46227535998003,60.64015579223633,58.550966613964846,55.936650040014165,67.5930300294363,0.29420519675236734
2017-02-10,60.42482762942438,61.164456827916425,60.29375482391259,61.06147003173828,58.79006217756232,56.137623373022954,69.22208373755898,1.1162849108298651
2017-02-13,61.791730783022416,62.14749878274198,61.613843211696775,61.950889587402344,59.09109335945185,56.365594597116264,72.37872949119715,1.4877339920348642
2017-02-14,62.12878620793288,62.325395431909115,61.82919017955014,61.969627380371094,59.365239456682254,56.58536058861645,72.44285300781713,2.1923947436575943
2017-02-15,61.07084061078687,61.81982712641172,61.03339021356569,61.80110549926758,59.59722669883324,56.78989960472042,70.84978339844598,1.2112965297835971
2017-02-16,62.231764448531806,62.484545660877714,61.77300965571722,61.82918167114258,59.80979383905318,56.98751850928599,70.96434448386952,-0.19645870635651827
2017-02-17,61.26744120521395,61.45468602200047,61.033381612764856,61.40787124633789,59.96199168736601,57.16086567544489,66.72652147002408,-0.9065023589461498
2017-02-21,61.08954582767062,61.51085018310285,61.01464505334859,61.39850616455078,60.098802589955035,57.32704765540983,66.63126932623712,-0.6514435809268302
2017-02-22,60.68697567369821,61.7917373236875,60.6308036527787,61.679386138916016,60.249334356522745,57.49772759593949,68.10200149845764,-0.24227319233059863
2017-02-23,62.19431599743746,62.32632452356416,61.45468681855961,61.48277282714844,60.366804687058526,57.65400387951631,65.91204485639555,0.12197390870313501
2017-02-24,61.0989089699283,61.27678937666856,60.63078985431454,60.93974304199219,60.42137024467125,57.78285639569184,60.15810637792354,-0.7471893881735294
2017-02-27,61.26743909546889,61.875988300535624,61.24871032867602,61.62320709228515,60.535830896824955,57.933458383793536,64.3736055533817,-0.09108236989314142
2017-02-28,61.089558274340185,61.53895586890376,60.83677703816422,60.91167068481445,60.571625162347765,58.050251023049256,57.54709766317085,-0.9288815648239722
2017-03-01,61.41722891020312,62.016420829878776,61.39850728774562,61.67001724243164,60.676233931879565,58.192202639495626,62.15359354774898,1.198354577793736
2017-03-02,61.670022765584605,61.960254368721195,61.59512198318427,61.76364517211914,60.77979690714048,58.33225920940243,62.6918501888253,0.22789803786692803
2017-03-03,61.866625661577615,62.222393627349504,61.63256609761244,62.04450607299805,60.900245399126916,58.47783751777873,64.33066654286358,1.8598002245668408
2017-03-06,61.55766684840249,61.56703123121386,60.86485252191649,61.05209732055664,60.91470748688213,58.57878888259355,55.11766084065929,-1.0019778646175639
2017-03-07,61.13636840487701,61.54830843039373,60.79932202031576,61.40787124633789,60.96167546397315,58.689733289014896,57.46921456583984,-0.5760248197621773
2017-03-08,61.71683353191261,61.73556229992979,61.258078716541526,61.304893493652344,60.99436289537117,58.79228859115754,56.545722524393895,-1.1920678012578856
2017-03-09,61.192536000648545,61.58575437325245,60.902304412716816,61.0146484375,60.99629485176439,58.87943995768078,53.915932227298605,-0.06133922453149098
2017-03-10,61.36106429580207,61.66066029175046,61.21126272636189,61.5389518737793,61.047976472908665,58.983734542625825,57.73941729466954,0.213458999279711
2017-03-13,61.91342578986059,62.381544861093886,61.88533978845542,62.11003494262695,61.14912489859612,59.10633455831215,61.48751888764224,1.3133396097621075
2017-03-14,62.03515495379671,62.344108180084774,61.894717772975746,62.08196258544922,61.23796658305832,59.22302585349399,61.200181023323424,1.7492752564861793
2017-03-15,62.59689987691908,63.65484669546049,62.409655054446446,63.53313827514648,61.4565543632572,59.39204987002939,69.21027333052666,3.2405270818674268
2017-03-16,64.75024616527794,65.06856376805406,64.53490820704053,64.91876220703125,61.786288443616634,59.60878368716672,74.60189285276459,4.522179494825287
2017-03-17,64.86260430148356,64.86260430148356,64.0387169654477,64.06680297851562,62.003480304083205,59.78360797310197,66.85055702398336,3.1971289411710924
2017-03-20,64.18848710760872,64.32892426269716,63.654831632616954,63.6641960144043,62.16164370506617,59.9357878962903,63.493173936376735,0.20628248944706715
2017-03-21,64.29148359891215,64.35701999547136,62.79350371832203,62.812225341796875,62.22360386094528,60.04858936474154,56.972544365376095,-3.2448814389227825
2017-03-22,63.68292777886249,64.0293385308684,63.402060566877736,63.83272933959961,62.37685390653141,60.196987010814404,62.005856862736984,-0.36535870065892107
2017-03-23,65.1247298633995,66.54781599205911,65.05919347214089,66.21076965332031,62.74198873955892,60.43282162424601,70.62824105843846,4.0000091076935025
2017-03-24,67.56831496183862,67.61512973301703,66.64144106454219,67.01593780517578,63.149031507712905,60.690983043106,72.87297532833955,6.692506817747862
2017-03-27,68.71988983488899,69.39398252615766,68.48583026947242,69.21609497070312,63.72684707561674,61.02530115791373,77.85365717116217,8.433550761182731
2017-03-28,69.74976085527489,70.18042966246433,69.64677405975871,70.08680725097656,64.33255756850815,61.38065433803384,79.46087322457137,5.854089324064935
2017-03-29,69.91827955091838,70.20851115072139,69.7965711381146,70.07743835449219,64.8796890719352,61.721704691620445,79.39410667025888,4.568317104233614
2017-03-30,69.34716630460424,69.80592104319918,69.20672913970716,69.70293426513672,65.33904575700201,62.0346940866603,76.62260373236515,0.7033613997433064
2017-03-31,69.38463088233344,69.8621144834685,69.34718048783928,69.61869049072266,65.74663096973731,62.332105710349026,75.98007473991427,-0.6679099514086992
2017-04-03,69.84337256863277,69.899551721266,68.63562435951842,69.01948547363281,66.05833139867974,62.59435589714447,71.39421116842574,-1.5096911441135132
2017-04-04,69.01949381507391,69.19738139120442,68.74798383048125,68.90714263916016,66.32964675491597,62.84191616153724,70.53464655532574,-1.1416902808560718
2017-04-05,68.82287925209863,68.93522327632722,67.77428978739988,67.80237579345703,66.46990666334845,63.03644399023998,62.5581958988329,-2.608946942930025
2017-04-06,68.2143299843316,68.26114476122231,67.85856196593124,67.98027038574219,66.61375082738596,63.23031953516164,63.2783186686759,-1.505683620732918
2017-04-07,67.51214116157543,67.65257832845758,67.30616760253906,67.30616760253906,66.67969528216244,63.39015671427448,58.67323163097703,-2.323380385985203
2017-04-10,67.30617753679591,67.64322392988805,67.24064113496867,67.3436279296875,66.74292696287911,63.54519480115343,58.852439523609185,-0.6765955593753703
2017-04-11,67.48405596456887,67.68066514338489,66.76314849931234,67.25935363769531,66.79211045571874,63.69084808886095,58.240569007919056,-1.0604793772607237
2017-04-12,67.24999435746368,67.35298113508982,66.99720603313374,67.09083557128906,66.82056046672544,63.824180931309115,56.96518603477516,-0.3199291222783524
2017-04-13,66.91296225110278,67.17510787065568,65.15282941764929,66.12651824951172,66.75446120794318,63.914468669277845,50.19179818449568,-1.807312313863678
2017-04-17,66.35122513379635,66.9785032151291,66.33249636373492,66.77252960205078,66.756182007382,64.02654949017091,54.126928423191316,-0.7238012399983756
2017-04-18,66.04225029329635,66.50100505856776,65.86436273122054,66.08905792236328,66.69264638023735,64.1074321737863,49.65696965023467,-1.4931661536117211
2017-04-19,66.96913561032996,67.1938308397338,66.65456086057804,66.71635437011719,66.69490428403543,64.20974284815222,53.456146091201184,0.8919812145255721
2017-04-20,67.71812169155221,67.81174409813418,66.84741973876953,66.84741973876953,66.70942956543868,64.31318115758819,54.23328677020419,0.11215710587134908
2017-04-21,66.77251674333488,66.77251674333488,66.26694719302986,66.30439758300781,66.67085509092146,64.3912680762321,50.473082727387926,0.3258325468907379
2017-04-24,68.90500355916039,69.50055800219131,68.43233924213375,69.33039855957031,66.9241449450785,64.58495946773556,65.02545408870303,3.918146029010208
2017-04-25,69.60454021559224,70.36080595871078,69.56483658863132,70.09611511230469,67.22623734195719,64.80108321850298,67.61829482589377,4.859866523241448
2017-04-26,70.78619650754658,71.1926880569181,70.67181689253826,70.80510711669922,67.5670820824088,65.03653513607931,69.84728505290786,6.787950268391892
2017-04-27,71.5330180260752,71.6653634615938,71.07926430780721,71.48575592041016,67.94028911459941,65.28944575507268,71.85057757444919,3.1088200928023078
2017-04-28,71.3722854521847,71.67479021461656,71.06978068975283,71.08868408203125,68.24013625435482,65.51686686593379,68.97172312445097,1.416011383992273
2017-05-01,71.51409864100471,71.73152014549221,71.13596581878036,71.57081604003906,68.55734385299142,65.75427663746733,70.5164467299452,1.0814317702786909
2017-05-02,71.67480353226432,71.77879023982317,70.99416588725506,71.42901611328125,68.8308364492095,65.97681544044042,69.42177572811376,-0.07937218596677979
2017-05-03,71.23996322285531,71.9489596663851,71.21160451907969,71.86387634277344,69.11969739145368,66.20768057386525,70.91302458782657,1.0904580254259189
2017-05-04,74.33118059474565,77.2711529347264,74.22719387823564,77.00646209716797,69.87081783961695,66.63116220223006,82.0571473681667,7.594780048460014
2017-05-05,77.21443738895528,78.01796522582494,76.95920185010382,77.970703125,70.64223548584391,67.07585008155438,83.3455906542668,9.158304800592672
2017-05-08,77.63983083799673,78.43391056652797,77.20498057258284,78.19757843017578,71.36179195673266,67.51199629130424,83.6432080080247,8.813471259457401
2017-05-09,78.93493086617657,80.8350431974846,78.91602746931427,79.84244537353516,72.16947323452338,67.99554331413682,85.64597709924915,3.682786092404426
2017-05-10,79.49266887522701,79.82353961494353,79.27524736246448,79.4075927734375,72.8588179525152,68.44307466548194,82.76092238658856,1.8428583953307782
2017-05-11,78.26375227024164,78.7364165497728,77.65874256942453,78.44336700439453,73.3906797669799,68.83524299249812,76.59932425433382,0.31431737293274326
2017-05-12,78.04632154894979,79.78572980389993,77.98488009852242,79.53048706054688,73.97542331874818,69.25466432850004,78.53929626473295,-0.39071738287675745
2017-05-15,79.67229363217459,80.47582150353132,79.6061209183519,80.2583999633789,74.57380204680825,69.6861833730051,79.74984429425409,1.0714431205198407
2017-05-16,79.96533966064453,80.52308726305165,79.8046355359263,79.96533966064453,75.08728181955456,70.08928754114781,77.84597774543512,1.9402184204621615
2017-05-17,80.19221646767227,80.37182397402269,78.20702810761672,78.24483489990234,75.38800116054007,70.40911292776563,67.63715712188821,-1.6165526053747907
2017-05-18,78.04632124434114,79.94643361189203,77.82889972099868,79.61557006835938,75.79062677080857,70.77015046269088,70.91027313562213,-0.8009502996731158
2017-05-19,79.09563920684555,79.34142665288766,78.50954011311723,78.77423095703125,76.07477955044882,71.08403597227286,66.46680813144252,-1.4895312252384432
2017-05-22,78.89712249546096,79.80463706763955,78.87821909724848,79.73846435546875,76.42370191283167,71.42342532063348,68.8741079748551,1.9089176397102607
2017-05-23,79.43595957431364,80.25839803689826,79.37073167137663,80.15441131591797,76.77900757026846,71.7658169282917,69.87865466519825,0.6768038551955791
2017-05-24,79.82356088938229,80.58927485870063,79.71957415129143,80.43801879882812,77.12748483013128,72.10590327615587,70.57594752915396,2.112096584864683
2017-05-25,80.46637097422797,81.07138068580014,80.46637097422797,81.01465606689453,77.49769161458492,72.45526613069464,71.99545935275029,1.6004718948895276
2017-05-26,80.36238306513252,80.92957875980554,80.31511375212453,80.82559204101562,77.81463451234023,72.7835142056092,70.78959943364025,0.8373596837387858
2017-05-30,80.60817338697697,81.07138963311894,80.54200066785461,80.81614685058594,78.1004928302684,73.09851940737299,70.72586758191161,0.47008623211306805
2017-05-31,81.59130131469416,81.99779286210952,81.1186370601314,81.97888946533203,78.4698639383697,73.44676921356746,73.84734643980472,1.1901962499739847
2017-06-01,82.42320159125023,84.21932013198911,82.32866296297158,83.75611114501953,78.97331605328873,73.85105713244793,77.75221056236863,3.6257316896816416
2017-06-02,85.48606501816708,85.87364599120227,84.60690913752045,85.63731384277344,79.60798250943013,74.3132632779509,80.98810436950123,5.965598683021777
2017-06-05,85.19300907718957,85.68457673567531,85.08902236269148,85.49551391601562,80.1686997862478,74.75178291081617,80.04305144789954,4.289670759898176
2017-06-06,85.07957169181967,86.15724568959995,85.00394367492306,85.56169128417969,80.68231802414607,75.1757008862422,80.15941248724681,2.155759280697601
2017-06-07,85.4576964622741,86.00598871436709,85.10792232650084,85.61840057373047,81.1524211241065,75.58521852104566,80.26559837806883,-0.0220853132755807
2017-06-08,86.69607713144308,86.89459525385854,85.7507486176832,86.82842254638672,81.69299268813319,76.02612848282375,82.42676271975509,1.559039263370524
2017-06-09,86.62991870069388,86.9135201864734,84.28550763908659,84.55964660644531,81.96600734702005,76.36077625237753,67.50042193188938,-1.171137062270358
2017-06-12,84.15313970241854,84.2193124087745,82.65007085278312,82.95257568359375,82.05996623621755,76.6192781908566,59.30776471416473,-3.1136121117341333
2017-06-13,83.98298808426033,84.12478881455974,83.10383942343047,83.3685302734375,82.18459138261944,76.88395474311469,60.63937115152841,-3.984746205772454
2017-06-14,83.86954656732904,83.97353328041942,83.08492217302317,83.58594512939453,82.31805364421707,77.14677789551781,61.351284896197264,-1.151496625314141
2017-06-15,81.1280976856539,82.88640940493346,80.69324740840949,82.76351928710938,82.36047894354014,77.36704226381552,57.14105492119596,-0.22790901298290406
2017-06-16,83.70885244968404,83.9640880044829,83.05940781991285,83.21727752685547,82.4420788086178,77.59646325452297,58.82016518350672,-0.18142666793566195
2017-06-19,84.39892542131166,85.01339037490118,84.19095200203977,84.87158966064453,82.6734607945251,77.88176232927285,64.31002874344189,1.538110898022112
2017-06-20,84.54073729627443,84.69198612244053,83.76556812992537,83.88845825195312,82.78917483808968,78.11731903212305,59.25438733724487,1.3592207950235897
2017-06-21,84.2382401220047,84.50293100117341,83.76085173009581,84.30441284179688,82.93348321939513,78.35995016191418,60.663395349230036,1.3063817361611851
2017-06-22,84.2004247999691,84.98504933122548,84.03026534996513,84.5029296875,83.08295431159559,78.6008513197803,61.35032860905581,-0.43437382829590276
2017-06-23,84.11534998875796,84.43675828138123,83.51978829834282,84.30441284179688,83.19928369542428,78.82452039907507,60.21785615585264,0.4958424537907938
2017-06-26,84.48401189341008,84.99449015644906,83.5764973854355,83.9735336303711,83.27302178446683,79.02644248657688,58.28661551874609,-0.3924814849807438
2017-06-27,83.48195721966354,83.48195721966354,82.47045601687957,82.53662872314453,83.20288911195995,79.16409684879523,50.684575612382915,-2.326902714056234
2017-06-28,82.42319626102058,83.10383395181626,82.12069142203187,82.97148132324219,83.1808502749392,79.31340604387158,52.69535231942326,-1.5810934132902708
2017-06-29,81.6669310526329,81.71420036400202,80.5703537092558,81.25098419189453,82.99705350512542,79.38938950065679,44.89559075848581,-3.2421518075689093
2017-06-30,81.90326787811266,82.18686933800957,81.05247071070667,81.3171615600586,82.83706379607143,79.46498840494706,45.23139095605485,-1.4774860349293384
2017-07-03,81.61966771750227,82.19631873946344,81.11864471435547,81.11864471435547,82.673404835908,79.52983767198269,44.35813721607271,-2.233100553753398
2017-07-05,80.3434654169982,81.74255473943157,79.76681446778079,81.57239532470703,82.56854678722219,79.60993797208953,46.88244955202146,0.3955781410024612
2017-07-06,80.8066898385229,81.34552683827575,80.42855696571914,81.01465606689453,82.42055719481003,79.66502495619953,44.226483534128334,-0.372006950759884
2017-07-07,80.61762503989421,81.59131238240695,80.40965158570991,81.38333892822266,82.3217745027541,79.7324098178475,46.38858421614087,0.3263050249412573
2017-07-10,81.38332766993732,84.0586090745188,81.38332766993732,83.67102813720703,82.45027484889248,79.88686543821454,57.41901245669287,2.57272427044245
2017-07-11,84.4651084060062,85.87364599120227,84.20041755373147,85.63731384277344,82.75380237211924,80.11237321878548,64.23103073422811,5.70595247860083
2017-07-12,85.52387825417455,88.08571785450746,85.43879493112131,87.80211639404297,83.23459418373102,80.41393177467793,69.93390120711724,7.887090343493349
2017-07-13,87.47124619526002,87.91555175054545,87.14983796258454,87.68867492675781,83.65879234973357,80.69921581985754,69.31027702928985,4.801717964983634
2017-07-14,87.66977277854988,88.86088883988599,87.35781982034212,88.766357421875,84.14522711850894,81.0155743140543,71.8760335251072,3.6538320023049264
2017-07-17,88.23696930177509,88.84198624957725,88.06681707517802,88.62455749511719,84.57183001151925,81.3139658113509,71.03451869811748,0.9366984929875998
2017-07-18,88.43548906255994,89.9669167033284,88.33150234469485,89.94801330566406,85.08384746810448,81.6525559091671,74.08423741030039,2.5765452389300765
2017-07-19,90.03309515592585,92.2829818725586,90.02364706263333,92.2829818725586,85.76947931614772,82.06943535871187,78.40440410263771,3.961663577080589
2017-07-20,93.738774574638,94.6084750363454,93.21411698514252,94.5233917236328,86.60318525971773,82.55782580439505,81.57770567229078,6.6559815870907
2017-07-21,93.86167201414962,94.72191723893842,92.84071545551912,94.5517578125,87.36019216950652,83.0281760792227,81.61454208027499,5.118228116046714
2017-07-24,94.72192084261508,96.18718302670732,94.551761409703,96.06429290771484,88.18915414457398,83.53939634700671,83.50816391224024,4.097517178604159
2017-07-25,95.61052056257192,95.86576328750664,94.75027540810493,95.85630798339844,88.91935927208107,84.02241248961032,82.25362274998267,1.4101443414798485
2017-07-26,97.26485508408425,99.883419237466,97.26485508408425,99.64708709716795,89.94104763637506,84.6351448271616,86.29490610156427,5.388931313971128
2017-07-27,99.92122374190758,99.95903774896234,97.37829487496344,98.35198211669922,90.74208901545356,85.1730600149866,79.62357574284539,2.3814147168938904
2017-07-28,99.1366063262926,101.15015351479084,98.91917758925756,99.98739624023438,91.62259446543268,85.75401437676103,81.56199884989795,4.309667609513408
2017-07-31,99.94013276627648,100.21427890386155,98.28580784836556,99.4391098022461,92.36702449751014,86.29068478560359,78.85363646780904,-0.20871387311006673
2017-08-01,102.8328452912979,103.7781739035912,101.86861328016413,102.3979949951172,93.32235502109177,86.92234400950609,82.27441385032162,4.113809189546582
2017-08-02,100.20483781096672,105.36633142141584,97.52955597619714,104.43045806884766,94.38026959706852,87.60893671771557,84.16885328198683,4.443621892041447
2017-08-03,102.73829316035214,103.65526288337992,101.70788143029664,102.41687774658205,95.14566084940314,88.18964028747504,75.55363187689794,2.99456416118147
2017-08-04,102.72885629025023,103.70254358536756,102.47362074399304,103.1826171875,95.91108526255522,88.7776001659074,76.53717210839537,0.766247612973489
2017-08-07,103.3716715521358,104.82747832901065,103.35276815526292,104.51551818847656,96.73055506502392,89.39477342169442,78.18261226728916,0.0814514474051515
2017-08-08,105.33796914393334,105.6593774150604,104.27447443907494,104.61006927490234,97.48098498977424,89.99145169044768,78.29887414050889,2.14143564671741
2017-08-09,104.0901320273474,105.24343406560544,103.90106919352483,105.17726135253906,98.21396369098994,90.58697363798068,79.02108804037229,1.933120344693779
2017-08-10,104.1657470104266,104.29809241999754,102.5681395790978,102.72884368896484,98.64395226222565,91.06312540468593,68.43359868309705,-1.709482506023407
2017-08-11,100.76256771422584,101.94422841382386,100.3655314501092,101.69844818115234,98.93485663545677,91.48019688611599,64.51599484761286,-2.7833086374301304
2017-08-14,102.6248643957006,104.31700335439048,102.52087767891128,104.03340911865234,99.42043306242778,91.97247971876448,68.86561889412104,-1.0875470792614483
2017-08-15,104.53442315458646,104.78020336208708,103.61745339164176,104.23191833496094,99.87866975504998,92.45324201743885,69.21115876781087,1.4631476341221141
2017-08-16,104.47770187990176,105.1016221472196,104.4020810817926,104.88419342041016,100.3553862946081,92.94073030775145,70.374632231118,3.1325406594043024
2017-08-17,104.68568292350852,104.94092567409632,103.2771453857422,103.2771453857422,100.6336490651923,93.34607991865305,63.961576034940656,-0.7269431419358823
2017-08-18,103.98613602253587,105.89569643790834,103.52292707242052,105.43248748779295,101.09068129591617,93.8200566860703,68.15323779063411,1.151824865175995
2017-08-21,104.38318710586464,106.7465087151024,104.335925001051,106.68033599853516,101.62302936283227,94.3243813649905,70.30657049439806,1.7125007301390716
2017-08-22,106.71813148652474,109.3177848054604,106.68031748186614,108.8829345703125,102.31444890640182,94.89530502010118,73.68839704702242,5.4279087242705675
2017-08-23,108.80731427701868,110.01733366276584,108.64661015503636,109.29888916015624,102.97963369247367,95.46015145696609,74.28404395969145,3.6671824448900874
2017-08-24,109.56358322840488,109.64865933821432,107.77691279955984,107.92816162109376,103.45092206662797,95.94909303202992,68.75987954320132,1.169686625823659
2017-08-25,108.325196444302,108.74114331946168,107.76273200830052,107.7674560546875,103.86202054168126,96.41255824860473,68.12027445241026,-1.02447506583749
2017-08-28,107.7958133132108,107.8808966330282,107.03955480120814,107.60675048828124,104.2186614889765,96.85154617957244,67.44464440286409,-1.548175544030919
2017-08-29,107.11517856324032,107.7485541900509,106.97338504676786,107.54058074951172,104.53503475188461,97.27072400584457,67.14932809967401,-0.35911004668340024
2017-08-30,108.29683412563726,108.5898908743901,107.95651527773896,108.33464813232422,104.89690269287885,97.70460338335359,68.9087145868085,0.5263110946489192
2017-08-31,107.56893241036556,108.49535031466236,107.50275970291575,108.23065948486328,105.21440333973452,98.11738989713828,68.3921359777244,0.5798046997525415
2017-09-01,108.63715573547856,111.22736116725493,108.61825233779663,110.3765640258789,105.70603769079588,98.59814182375557,72.90596504806834,2.6371284742946344
2017-09-05,109.5824878948882,110.54672709093082,109.13818230575922,109.8093719482422,106.09683142960029,99.03779790706878,70.05814189722743,1.361267001224481
2017-09-06,111.6338447845147,111.64330008943546,110.00788574008295,110.46163940429688,106.51252742719043,99.4857916912738,71.43977222490805,2.061319712965077
2017-09-07,105.12997665032924,105.49865417092018,101.4431942321362,102.65321350097656,106.14497371993197,99.61000431126214,44.792957039523365,-6.997273916853876
2017-09-08,104.4115387229824,104.49662204552718,103.0030011589385,103.38113403320312,105.88175089262445,99.75789175133826,46.78564461829848,-5.853997524062861
2017-09-11,104.75184781813412,105.44194079022176,104.35481158271688,105.38522338867188,105.83446255891468,99.97857142339056,51.930060802590276,-4.5956370401538065
2017-09-12,105.37577196221216,105.51757268358924,103.62691563131963,103.9294204711914,105.65302997913152,100.13350668016707,48.27886964456261,1.2432216456649972
2017-09-13,103.8065222154528,104.03340625253396,102.40744004820677,102.85174560546876,105.38624099116363,100.24010428508088,45.71640622090069,-0.5120745024564501
2017-09-14,103.34332348860008,103.45203425944904,102.49252629605728,103.25824737548828,105.18357493252789,100.35846283764587,46.86208911310638,-2.018286762404138
2017-09-15,104.54388018543786,104.68568090944912,103.61746225149513,104.03340911865234,105.0740353312064,100.5025783780775,49.06952518116137,0.10005698770326783
2017-09-18,105.6404589644807,106.59524276069092,105.22451212013485,106.18875122070312,105.1801987492537,100.72556554837655,54.703984227175354,3.244481263385507
2017-09-19,106.73705425615977,107.71074154713344,106.58579822029192,107.28533935546876,105.380688330798,100.98281158002723,57.29272394613408,3.9000196907626816
2017-09-20,107.08682429762926,107.46495718588992,105.88626013060804,106.8315887451172,105.51886932263793,101.21217539042291,55.86985694830756,2.68969329196304
2017-09-21,106.8694018415202,107.6067570005679,106.71814580259506,107.36096954345705,105.6943074389064,101.45330457289484,57.20519591867432,1.1039006573470076
2017-09-22,106.7559478307734,107.62564832012896,106.42508429811468,107.26642608642578,105.84403302438444,101.68127012244507,56.87420240375132,-0.01762894087543274
2017-09-25,106.7654151091603,106.84103591633182,103.6836418330178,104.11849212646484,105.67969579601115,101.77684745593605,47.10181887048778,-2.539601489148837
2017-09-26,104.11849673197202,104.572257656497,102.51144091500466,103.02191925048828,105.42657422024706,101.82567380082045,44.249549072871645,-4.041552820750584
2017-09-27,103.22986592510377,104.8652873498029,103.08807242458742,104.534423828125,105.34160751623544,101.9318992920873,48.85040862090609,-2.5469313726361835
2017-09-28,103.72144631648692,104.21301397323596,103.42366552490488,104.01449584960938,105.21521592893772,102.01356974532345,47.402235155647354,-0.09988261905402199
2017-09-29,104.0144934784228,104.9031045744519,103.905782720595,104.4398956298828,105.1413759004563,102.10871978001205,48.74117116068546,1.3763831907915038
2017-10-02,104.70459013222816,106.67086799573316,104.70459013222816,106.28328704833984,105.25012934311187,102.27242830033863,54.1838880667011,1.6730022093873271
2017-10-03,106.42509692521068,108.24012613024544,106.35892421082768,108.07942199707033,105.519585786346,102.50015354334772,58.776864088112745,3.908038119358166
2017-10-04,107.78634904531908,108.47644200226782,107.31558164067128,108.19284057617188,105.77418148061513,102.72339617208593,59.055987503323514,3.5934016628941055
2017-10-05,107.89980374053864,108.21176390345458,106.71814301338864,106.98283386230467,105.88929123125223,102.89043294425137,54.79341413568265,0.6581907968716296
2017-10-06,105.83899050958324,106.55744227397696,105.12999405074711,106.44400024414062,105.94212066105112,103.02978852463919,52.960216574696574,-1.5131666349714865
2017-10-09,106.52907574346,110.18749258642748,106.49693059183969,108.55207824707033,106.1906880501958,103.246348905911,58.771770476619764,0.3320346050490603
2017-10-10,109.94173021231492,109.94173021231492,108.68444131588537,109.3461685180664,106.49120999951681,103.48555751815239,60.73943641717527,2.2090783824286526
2017-10-11,109.9700811854768,110.72633976160118,109.74792838059224,110.14968872070312,106.8396365443917,103.74689599668379,62.680348532716614,3.4813502574716373
2017-10-12,109.62975976304328,110.07406536252292,109.25162687759558,109.74319458007812,107.11616588112373,103.98204496073848,61.03642872263367,1.0972763969536852
2017-10-13,109.47850038356084,110.05515139350976,108.59934451694072,108.67497253417967,107.26462365760526,104.16608133616755,56.81911759999947,-0.6138267055748154
2017-10-16,108.61825430388816,111.38333604805511,108.19285211935772,110.423828125,107.56550027354761,104.41148317102373,61.50823829514048,0.24887896414486124
2017-10-17,109.610848523776,110.1213268343618,109.04365280499783,109.44068908691406,107.74408968434442,104.6087069324312,57.71398241257117,-0.27564852136988627
2017-10-18,109.84717351904932,110.48621797804418,109.3083365394662,110.18749237060548,107.97679470208357,104.82748283196746,59.74533586406352,1.3917830399727984
2017-10-19,108.46700385633252,109.74319605107522,107.41768851098551,109.5730438232422,108.1288184279082,105.01358326299784,57.30610133024366,-0.7704716601517462
2017-10-20,108.75059499359642,108.95856842423252,108.12195065545887,108.33464813232422,108.1484212569002,105.14382110101064,52.6412842093735,-1.0106304737458878
2017-10-23,108.43862987860425,108.70332070099956,107.44603929462184,107.49330139160156,108.08602888877653,105.2359575829946,49.68234454766273,-2.4450969171185575
2017-10-24,108.44808500207265,109.21379876733708,108.14558017522758,108.32518768310548,108.10880591680785,105.35710386143032,52.523913386107736,-1.138834969438011
2017-10-25,109.22325101810183,109.94170266637975,107.62564361446444,108.44808197021484,108.14111792189424,105.47831868922579,52.94666049555361,0.10470688726664107
2017-10-26,109.00583802509156,109.15709406224876,108.40082830103252,108.77896118164062,108.20186489901293,105.60775564971264,54.13092360105328,1.196037123611417
2017-10-27,109.71483630188868,109.78100901617762,108.87349441494987,109.2705307006836,108.30364259441014,105.75139388700562,55.90647289719513,0.8726899420138716
2017-10-30,110.253671733126,111.00993749606138,110.04097424113948,110.77360534667967,108.53887714224533,105.94834335601244,60.89146600804007,2.144365611835839
2017-10-31,111.54876491845287,113.77974079380468,111.52986152153277,113.1369171142578,108.97678571100842,106.23024820927697,67.17518993106947,4.0062488971007895
2017-11-01,114.3847511291504,114.51709654520964,113.32598058839211,113.43942260742188,109.40179874876208,106.51296093077285,67.88645381444077,3.8152023972115665
2017-11-02,112.01197879182862,112.65480249960991,109.2043518212586,110.70742797851562,109.52614438969098,106.67744983460591,56.0699283528276,-0.05974109803227767
2017-11-03,111.78508723971912,111.88907394436666,110.9437455110498,111.00991821289062,109.66745618237667,106.84735055532296,56.96315828029047,-1.8800219730391818
2017-11-06,110.78305767905088,111.3124393715279,110.09296464797076,110.83977508544922,109.7791056017169,107.00391622317105,56.27010469653201,-2.291661454386292
2017-11-07,110.14967034906977,110.14967034906977,107.90924648700263,108.6087875366211,109.66764673837444,107.06685235311026,48.019953515458134,-1.8956636245779306
2017-11-08,107.23806629771724,107.23806629771724,104.43989483059464,106.633056640625,109.3786381576364,107.04984075654221,42.129058708489154,-3.9427662345195547
2017-11-09,104.76130736627852,104.76130736627852,102.8432364143188,103.45675659179688,108.81464943708026,106.90893549517965,34.74871349923174,-6.660982925994379
2017-11-10,103.7781715029412,103.97668964145636,103.1069890692133,103.57019805908205,108.31517787727091,106.77800461533269,35.185432956780524,-4.63920976545302
2017-11-13,104.1752079251172,104.96928769256904,104.11849051754378,104.40209197998048,107.94250302990991,106.68483157080908,38.43928582727813,-2.0921886054184116
2017-11-14,104.15630518910172,104.20829855046962,103.22987998989682,103.90106964111328,107.55760461192928,106.57566443631121,37.227129426543335,0.4294674064348505
2017-11-15,102.39799146310042,103.15425721176314,101.69845033357248,102.57760620117188,107.083319049,106.41887783885477,34.16253517412321,-0.9583759387463393
2017-11-16,103.65526848132862,104.29809213130136,103.43783975918736,104.00503540039062,106.79014917770387,106.32421735107187,39.90838922320287,-0.3803147734491711
2017-11-17,103.6458207664532,103.87269759709042,102.9179209625285,103.2015151977539,106.44837451294673,106.20175844309861,37.903073205763356,-0.6732889716878947
2017-11-20,103.90577668653933,104.82747047608494,103.83487272593818,104.15628814697266,106.23008057333016,106.1215439216819,41.654642053697465,1.5390122700901416
2017-11-21,105.6026419954374,106.18874824035808,105.2812337791248,105.39466857910156,106.15051752626077,106.0930390062866,46.195135123199556,1.3361210573711495
2017-11-22,105.85789818646812,106.16890632907148,105.20089510798256,105.7066421508789,106.1082436809863,106.07788618842748,47.30761702819448,2.4274129583511406
2017-11-24,106.98282314314604,107.78635091464152,106.9166504375472,107.49330139160156,106.24015393914014,106.13339266698334,53.26702901710069,3.2038519267508074
2017-11-27,106.58578037512326,106.78429847974924,105.66881064498168,105.6877212524414,106.18754130231169,106.11591535660915,47.42908364205835,0.27805265417187564
2017-11-28,106.42507908016988,106.56214853259232,105.41357792290115,105.59318542480467,106.13093598064435,106.09541614359722,47.13778726072919,-0.10733169057843317
2017-11-29,105.6971920688391,105.80117879537424,101.54342071266105,102.47362518310548,105.78262066659303,105.95338512553873,38.692749804010695,-4.669757225344896
2017-11-30,102.7666682995968,103.12400094231728,101.726808311812,102.66268157958984,105.48548361068796,105.82433792765839,39.401312507064006,-2.8622432549435666
2017-12-01,101.71734964769392,102.294000635132,100.20482542338276,101.5944595336914,105.11490988906924,105.65846034358125,36.81241083663696,-3.786916622532286
2017-12-04,101.17851036821942,101.2616968546738,98.17236538533818,98.63557434082033,104.49783031304554,105.38305304935534,30.77960706525949,-3.7454035957321867
2017-12-05,98.7490225573607,99.85505526451996,98.4748764038086,98.4748764038086,103.92421565502298,105.11214416129468,30.4873856806439,-4.079189352300943
2017-12-06,99.05153022683515,99.49583582581866,98.49378981094348,98.85301208496094,103.44124388644563,104.86668800143846,32.12047434119972,-2.698422198723674
2017-12-07,98.51268512335356,99.36726147873011,98.32362230250232,98.90972137451172,103.0096703138805,104.63308146704918,32.37705943535239,0.27793930893950936
2017-12-08,100.43170648347176,100.69639733233768,100.01576681194734,100.05357360839844,102.72813729431078,104.45349292357268,37.50822345318159,1.6031471805216568
2017-12-11,100.83818719748464,101.12178862630492,100.57349637713712,100.62076568603516,102.52743523637977,104.30318989464965,39.94176801411276,1.7882647820128053
2017-12-12,100.20482516811671,101.5093759559585,100.13865245885556,100.8192901611328,102.36475475302292,104.1665663756882,40.81058649868199,1.9306179009348223
2017-12-13,100.81928245425004,101.28343619285184,100.01575469970705,100.01575469970705,102.14104046223093,104.00378944721835,38.38984433410642,-0.03779865858606128
2017-12-14,100.63021665960233,101.23522632694548,99.1555064969889,99.27839660644533,101.86840771406088,103.81847992405079,36.264101575750885,-1.334087522031382
2017-12-15,99.11769116632036,99.12714647070112,98.2196319818173,98.6733856201172,101.56411989559005,103.61671151997497,34.57251279477612,-2.1284662266377192
2017-12-18,99.7227126558591,101.17851957498728,99.7227126558591,100.87601470947266,101.49858606834077,103.50923321368076,44.6882603844469,0.8601244997335711
2017-12-19,99.9590395529838,100.47897314401482,99.64708661064972,99.70380401611328,101.32765444431911,103.36000069612909,41.050722386212286,0.4284994764312464
2017-12-20,100.01576343929528,100.08193614928032,99.53364385952732,99.78887939453124,101.18110443957741,103.21995672351741,41.42338962950802,1.1304910309944922
2017-12-21,99.63762939249006,100.75311735632336,99.50528397409326,100.4033432006836,101.10703194063514,103.10950129124943,44.168736894641434,-0.46856679474340573
2017-12-22,99.67544158281338,100.96108894862236,99.67544158281338,100.71530151367188,101.06972428092435,103.01561110389345,45.56364947764422,1.0145024129622218
2017-12-26,100.71530921445486,102.06712939161756,100.2048309085034,101.13125610351562,101.07558445450447,102.94171482936883,47.44896839662968,1.3452167387080167
2017-12-27,100.34662509972276,101.24468432007896,100.34662509972276,100.96109008789062,101.06468022911267,102.86404327087949,46.73585659569705,0.5555062903555126
2017-12-28,100.54515602080416,101.02727565284604,100.48370735048243,100.91383361816406,101.0503138852128,102.78756446096908,46.526731323392085,0.19712208721853175
2017-12-29,100.15756116081356,100.26154788262907,99.07988714589328,99.10824584960938,100.86535502467915,102.64327745660204,39.29228061216242,-2.0003808237440888
2018-01-02,98.42761126994462,99.6187200506749,97.9833056972646,99.40129852294922,100.72592107213345,102.51614102783134,40.898530338413984,-1.5449432683259916
2018-01-03,100.52624281755416,101.51884076165028,100.52624281755416,101.31086730957033,100.78163023760362,102.4688753918211,50.15355610751449,0.39343831977343474
2018-01-04,106.45345553168212,106.48181423606516,104.95037928881572,105.22452545166016,101.20476311513282,102.57694010005008,62.95680204262485,6.171312537739651
2018-01-05,106.57634585537608,106.84103671316277,105.90516340533566,105.99969482421876,101.66142327790291,102.71116577550768,64.88090213150403,6.638138937134855
2018-01-08,106.65197827258672,107.39878877343811,106.42510141545633,107.31370544433594,102.19973586518225,102.89165752722644,67.92253108425662,5.925167056780841
2018-01-09,108.7127852622414,108.76005457553012,107.43659313857636,108.06996154785156,102.75880497781742,103.09472827313331,69.55674415772774,2.704156739104128
2018-01-10,107.76745428522344,108.49535409251672,107.5783914608649,108.02268981933594,103.26012734367633,103.28798166710204,69.31901729535038,1.908491339028799
2018-01-11,109.5824870769725,111.0288386479562,109.5824870769725,110.75469970703124,103.97389614018633,103.58079413925613,74.70064785374504,3.206481640390431
2018-01-12,112.10651076513771,112.19159408615084,111.00047807795946,111.39751434326172,104.68090739762208,103.88733218647204,75.77725235856232,3.079072804089758
2018-01-16,112.24831579378208,112.4751998503224,111.05720695222712,111.13282775878906,105.2953760034475,104.17146926773937,74.37380017125994,2.8791524675553988
2018-01-17,112.35229893023056,113.62849105532204,111.84182063773704,112.91949462890624,106.02148253920548,104.51452908582435,77.41456951700248,1.95458515765139
2018-01-18,112.89113889934906,113.3354444922381,112.38066059340964,112.85332489013672,106.67213419167513,104.84154068599346,77.04992305974784,1.3068608895428733
2018-01-19,114.18622734773594,114.5549048759613,113.32597497368752,114.34693145751952,107.40306726461269,105.21430110840626,79.40776290773903,2.8921280629217714
2018-01-22,114.24296790123208,114.8196189647656,113.91210431042238,114.73454284667967,108.10130303433336,105.58764392167188,79.9825202827304,1.607382519500582
2018-01-23,113.94044935238236,113.94044935238236,111.9269021306805,112.42792510986328,108.51336227962192,105.85589024277743,67.84659579069768,-0.376949266392963
2018-01-24,112.7398778547347,112.9289406680188,111.63383803894224,112.3995590209961,108.88347625499088,106.11250470466837,67.71053201372979,-1.7030386488743534
2018-01-25,112.75879286599866,112.8627795877014,111.26517196543644,111.7472915649414,109.15622057022426,106.33347673840457,64.50697771076857,-2.6036198058767233
2018-01-26,112.44682747877928,113.48669464751444,112.37120667655851,113.401611328125,109.56054349954815,106.61065848702106,68.56875310875698,0.8660537115758774
2018-01-29,112.1726908582552,112.67371384317448,111.378611114163,112.22940826416016,109.81472109617786,106.83100161553632,63.061846823972004,-0.15138027081062974
2018-01-30,112.28612146085533,112.49409489109004,111.59603567393204,111.63384246826172,109.98797075066204,107.0193483156432,60.407346565001745,-0.10152290502160144
2018-01-31,111.85126322607128,113.57176073673902,111.80399391810394,112.9667510986328,110.27166411713544,107.25257979732906,64.05420950175026,-0.38346918037517425
2018-02-01,117.1734728312458,122.769816209129,117.1640247384339,121.18167114257812,111.31071240527284,107.79881867361334,77.69217730721365,7.9767531673574945
2018-02-02,123.2235748352906,123.48826565937142,119.82984179495269,120.1890640258789,112.15626970247341,108.284710648212,74.0369942796171,7.66364515317073
2018-02-05,120.35923936018833,121.17221533639938,113.94045717823175,114.8101577758789,112.40902094755964,108.54061053557149,58.0883967215585,1.6318134843380638
2018-02-06,114.40365249573108,120.61446048476591,113.84591213970651,119.96218872070312,113.12837025928759,108.9885155624394,65.70804804023197,-1.0063258002443287
2018-02-07,117.97700918875634,119.24374601890416,117.29637145996094,117.29637145996094,113.52532275458981,109.31431383293045,59.663723525116076,-2.4067851674883824
2018-02-08,117.5137860511899,117.77091840902312,113.0802001953125,113.0802001953125,113.48293012989673,109.46199565106308,51.582065206694466,-1.5067983653009687
2018-02-09,112.73987244536384,114.41310062072549,110.81140155080304,113.66629028320312,113.50039300164019,109.62686995036269,52.544361403608164,-5.24823571880483
2018-02-12,113.05182750434308,116.62517515520584,113.05182750434308,115.85000610351562,113.72416567800929,109.8709145053883,56.04933227466244,-1.2330861888076636
2018-02-13,116.10525949280012,117.49489370228189,115.62313988267104,117.0033187866211,114.03646597406755,110.1506166340641,57.821180988048035,3.4693240589710403
2018-02-14,115.36789715079895,119.5462476124198,115.33008314331062,118.99795532226562,114.50898876913404,110.49757109242493,60.767050491117736,4.690629935910189
2018-02-15,122.44840788214472,122.44840788214472,120.47267464300316,122.04192352294922,115.22641112664024,110.95029079558275,64.80667012229526,5.344770904803338
2018-02-16,123.19521939339086,124.02709868055022,122.2120696568819,122.61856842041016,115.93042610699928,111.40787031028187,65.53073023452866,4.799222528063149
2018-02-20,119.9243807349944,122.43895814628644,119.8771114224604,121.38018035888672,116.44945032146475,111.7989412925801,62.55424301273382,2.0019041757227214
2018-02-21,122.49567790655516,123.23303303764112,120.9926017289468,121.01150512695312,116.88393173151127,112.16021830569277,61.656382353164545,-0.8443151060318466
2018-02-22,120.8035263665042,120.89805777129762,119.2635883619362,119.7825698852539,117.15999250805818,112.45913405391086,58.635177762235934,-2.3128622130318326
2018-02-23,120.1039989511471,122.5334859005105,120.1039989511471,122.47676849365234,117.66635212573381,112.85198246331248,62.924373692890676,0.9034326127406677
2018-02-26,123.0156043181208,123.3464606437516,121.18166469041438,122.2309799194336,118.10107858227664,113.21978628512116,62.289805262449285,1.0077345878816384
2018-02-27,122.08917339246253,122.26878812037673,119.11139430467313,119.120849609375,118.19819963247649,113.45120053313111,54.76394934327726,-0.5524345290911719
2018-02-28,119.20592075147724,119.58405358868085,117.30580847343496,117.41925048828124,118.12401399969599,113.60681033529387,51.12453386360064,-4.1293692408558496
2018-03-01,117.40981369070376,117.57052504013916,113.6379544530042,114.8857879638672,117.81561152009324,113.65696632072812,46.20147904203067,-6.009271921412924
2018-03-02,113.93099142976372,114.72507114651948,112.1159623804424,114.48873901367188,117.49876651948168,113.68958485770631,45.46259919169991,-3.8885808915004336
2018-03-05,112.54136227536084,114.98975966034604,111.85126928796986,114.85741424560548,117.2472091600649,113.73538208860431,46.321032755154995,-2.1817855522178036
2018-03-06,116.03907775878906,116.70080484887453,115.4624267750213,116.03907775878906,117.13214902661005,113.82572309527822,49.08717189838212,1.003857670615083
2018-03-07,115.613688998217,118.39295013779724,115.613688998217,117.90138244628906,117.20540935229377,113.98555287374924,53.18190156571668,2.9807677698412425
2018-03-08,118.44967233840654,118.65763856484222,116.18088233498888,117.0505828857422,117.19066397452696,114.10575012912152,51.15762614917089,1.9094706724347408
2018-03-09,117.4097948214228,118.02425977844578,117.2207320095468,117.89191436767578,117.25744972625542,114.25422715808443,53.060326381589775,1.596735035018305
2018-03-12,117.7879452556175,118.09045012718536,117.30582563733324,117.52325439453124,117.28276445656739,114.38242430461176,52.10252402643851,-0.3207155369277252
2018-03-13,118.13770867582346,118.42603416871724,116.1430648814996,116.36994171142578,117.1958289570301,114.4603661637025,49.11555445191316,-0.58149319510935
2018-03-14,117.1545738474626,117.19238785698872,115.28282004348546,115.56642150878906,117.04064729529286,114.50374088311767,47.090039260480104,-1.9725634886495105
2018-03-15,115.7743918117692,116.606278361904,115.39625893905898,116.07689666748048,116.94886152121549,114.56543326681818,48.5419251474589,-1.2306991790707738
2018-03-16,116.44557424994524,116.51174696175669,115.2544582250547,115.27336883544922,116.78929078923775,114.59319544598019,46.38429501150834,-0.942316254394837
2018-03-19,115.72711627884566,115.7554749806251,113.7513831238456,114.63053894042967,116.58369537506556,114.59465989674291,44.673530989486444,-0.8098222270283012
2018-03-20,114.50763906982796,115.70821030854307,114.50763906982796,115.02757263183594,116.43549320904368,114.61163686674657,45.99830714260495,-0.9039904285608962
2018-03-21,116.5212079269987,117.6555993880937,116.32268978192133,116.77644348144533,116.46796466355812,114.69653124379357,51.50648862405191,1.3039218521857565
2018-03-22,115.26391207908028,115.85946647788518,113.827015835429,113.83646392822266,116.21734554590712,114.66280311377119,43.477876991382246,-0.6927255333063346
2018-03-23,114.28077139994616,114.5265588500584,111.88909124775212,111.91744995117188,115.80783167974187,114.55514220543397,39.184390383224496,-2.703806234891616
2018-03-26,115.04648059368267,115.47188276464716,112.71152515494214,114.67780303955078,115.70020990448558,114.55995243422286,47.25319380514391,-1.7971436527162257
2018-03-27,115.982360266384,116.14306438638478,112.4751922670292,113.15582275390624,115.45788731871612,114.50488852519085,43.80238497482169,-0.5979113816690453
2018-03-28,114.84795991242105,115.0842920424973,112.8344127605936,113.0802001953125,115.23144092601102,114.44901839460739,43.631886402572285,1.0389356124964586
2018-03-29,114.5454647886252,114.71562422520212,113.25036922183656,113.93099975585938,115.10758938599658,114.4287039381859,46.17054078261657,-0.6512186873983313
2018-04-02,113.14637730021369,113.48669615773134,110.14968029305628,111.09500885009766,114.72543885876811,114.29797079747657,39.744934344840374,-1.8212177276024786
2018-04-03,113.92154372327488,114.7250715352223,112.95730457911051,114.01607513427734,114.65788040881661,114.2869160655864,47.80276153214877,0.8276205183121337
2018-04-04,110.8397692728992,114.04443238747406,110.68851324738942,113.8553695678711,114.58145080491704,114.26999267351913,47.42698977400642,-0.06638244915812885
2018-04-05,114.30913284644454,115.14102663223824,113.94991057403308,114.70616912841795,114.59332874048856,114.28709763253477,49.68213431386982,3.2505153163027307
2018-04-06,114.69671453033644,115.36789693435514,113.00457556290152,114.14842224121094,114.55095669293831,114.28165938189463,48.221808985027785,0.11607758535603672
2018-04-09,114.88577053144073,115.25444806650694,113.44887439634722,113.61903381347656,114.46220213298957,114.25567406548608,46.81524766473754,-0.2075754136950454
2018-04-10,115.28281074655436,115.94454504146924,114.56436626035094,115.43406677246094,114.55476067008209,114.30188554419098,51.9862588195067,0.6345758467690379
2018-04-11,114.12005524328733,115.13155642825168,113.57176299401738,113.84590911865234,114.48725099851735,114.28400411573848,47.62311147218169,-0.265017349008419
2018-04-12,114.88578240431984,115.46243342128088,114.78179568242297,115.34899139404295,114.56932151237693,114.32576832273082,51.75052280255268,1.5225948703334236
2018-04-13,115.07484517925722,116.228139928029,115.0275758678234,115.736572265625,114.68048825078151,114.3810939675502,52.783745305596334,0.2620591144556566
2018-04-16,115.79329904790016,116.65260673281408,115.55696689615851,116.28487396240234,114.8332868899835,114.45575200656401,54.275482485137104,2.142338589617713
2018-04-17,116.9749543934644,118.58201727830996,116.70080824465629,118.3834991455078,115.17140234289057,114.60978130613044,59.54394917970008,2.630718929391139
2018-04-18,117.400354016897,118.58201469518195,117.33418130740442,117.9770050048828,115.43860259641365,114.74182929431682,58.14641592395071,1.9358036058954813
2018-04-19,117.22073852587144,117.56105737599384,115.84055972805707,116.45502471923828,115.53540470334933,114.80901342862747,53.11932770942723,0.14632234704141422
2018-04-20,115.7271205749995,116.3510408864462,115.4624297321862,115.97290802001952,115.57707168588935,114.8546563537801,51.59755255681953,-2.036256017847023
2018-04-23,115.65111014995782,116.19190147019503,115.30835498552696,116.04146575927734,115.62129969287868,114.90119789909372,51.80897596555529,-1.6406072060613397
2018-04-24,116.8507427706719,117.69048776365284,115.81295437568728,116.86978149414062,115.7402027215703,114.97839725576223,54.40058297382062,0.3561518928893639
2018-04-25,116.5936767393866,117.41247989069024,115.94625116077248,116.93643188476562,115.85412930854129,115.05518292748786,54.61209477381815,0.8308180601798674
2018-04-26,117.54576235344597,117.6409704934258,116.2889960195319,117.08876037597656,115.9717132197256,115.13493106272271,55.124423230619946,0.9025175697726734
2018-04-27,117.10780580448149,117.18397522639331,115.98433225498756,116.14618682861328,115.98832975390538,115.17458815158118,51.26809236808909,-0.6191460754665841
2018-04-30,115.9652892849142,117.46007963159546,115.77486573710776,116.80313110351562,116.06592988243969,115.2384525810688,53.69926651524684,-0.1139942266934915
2018-05-01,116.7840942385991,116.87453725334092,115.37498901807668,116.61271667480467,116.11800481504588,115.29234529062707,52.875856627068494,-0.40656652239146984
2018-05-02,120.35445890702472,121.078046637368,119.60230219497768,119.78319549560548,116.46707059414679,115.46845706337132,63.03850573088875,3.131406003331832
2018-05-03,118.23128605694588,127.05721311573032,117.7847513307732,124.7150650024414,117.25259387112723,115.83106913941329,72.84783528655785,6.773734423192738
2018-05-04,128.4567729822483,130.86557437009407,127.84743220682152,130.75132751464844,118.53818755146258,116.41617731099115,79.88444003033385,12.12441596680386
2018-05-07,132.68410663116506,134.77871504383984,132.50320605650003,133.66476440429688,119.97881391839918,117.09259249112078,82.2724183096407,11.588911826284239
2018-05-08,130.2467471450867,131.38925953986669,128.74243358962357,130.2181854248047,120.95399215710447,117.60732162577506,71.46420049729647,4.41255466791887
2018-05-09,129.99919943300165,130.2181920033381,128.5139317919696,129.14231872558594,121.73383278267413,118.05967445321862,68.44163903903717,-1.2305869620193632
2018-05-10,128.5710288642555,129.36603536342636,128.40917429840087,129.07565307617188,122.43305376300725,118.49167361490306,68.24901463036878,-3.4332992307862664
2018-05-11,129.11372927614863,129.76114753332314,128.64719704177463,129.53265380859375,123.1092061483012,118.92465323034192,68.89528844642469,-0.5264484480217259
2018-05-14,128.8661965265882,129.71356136650746,128.5710345698162,128.72337341308594,123.64388874494736,119.30891676692012,66.32088577154767,-0.32440590863961133
2018-05-15,127.59992002194056,128.10452977939528,126.88584796578768,127.47614288330078,124.00886532955245,119.62920014403309,62.44797314898222,-1.2392036412375687
2018-05-16,127.06671840015082,127.79507114352474,126.0098914266446,127.42850494384766,124.33454529281866,119.9350552342219,62.29833073363279,-1.6244157769324536
2018-05-17,127.15241358151584,127.92360895565906,126.97151303146626,127.32378387451172,124.61923468155133,120.224809298547,61.94691449553624,-1.0872846954397308
2018-05-18,126.78109950824928,127.00007750778126,125.97181214396018,126.1812744140625,124.76800037036192,120.45839616582212,58.096513961055706,-1.0157731791615947
2018-05-21,128.05691629302154,128.53296430898072,127.07625854237222,127.64752197265624,125.04224052296138,120.74032266805091,61.41146206584403,0.17187443963584997
2018-05-22,127.49517554086432,127.80936895605744,126.0194238735626,126.11463928222656,125.14437373812949,120.9510801823323,56.38909972321932,-0.9496612144961618
2018-05-23,124.41989686291718,125.13396885463136,123.877209703687,125.01972198486328,125.13250214258032,121.11063476282372,53.05165109354293,-0.9205426356589147
2018-05-24,124.2866061601276,125.45769470687898,124.0961898646026,125.14350128173828,125.13354967964298,121.26878639101645,53.387522469764235,-1.9616680780174867
2018-05-25,124.84835599429442,125.63859743577106,123.6677516971789,124.90547943115234,125.11182870359626,121.41140180435511,52.60812499711175,-0.958778344810781
2018-05-29,121.68739080230426,122.9251185421152,119.91649161219505,120.93523406982422,124.71405778609416,121.3927285598637,41.678275735773774,-3.267074866422748
2018-05-30,123.41068053925537,124.71506195581266,122.63948509328412,124.01050567626952,124.64705282325372,121.49538648599726,50.29280279515514,-0.9053571251119358
2018-05-31,124.13428884154528,125.65763381949364,123.35832822888064,125.05782318115234,124.68617380972026,121.63508988580726,52.84719837125559,0.12196722729363653
2018-06-01,127.25714099742302,127.39994957074852,125.14348694522316,126.53353881835938,124.86211333435256,121.82718592237794,56.258146096660404,4.629175931724637
2018-06-04,126.2574585303136,126.5049982747813,125.59574479822751,125.91470336914062,124.96236000433237,121.98748072421176,54.478435537712215,1.5355132071165263
2018-06-05,129.33271276659642,130.8798687141198,128.9042724866947,129.9515838623047,125.43752418128211,122.29979849433306,62.755580521323495,3.9131983563023427
2018-06-06,130.40858790695015,132.85546702790978,130.3628833482123,132.77931213378906,126.13674208152088,122.71075981352742,67.24797608806192,4.936061516777445
2018-06-07,131.61774246281823,132.24611471574724,129.5802578176714,129.91348266601562,126.49643166099656,122.99321953323285,59.42481978451683,3.175784233197842
2018-06-08,129.69451746184083,130.02775687086574,128.7519371977836,129.8373260498047,126.81461207897829,123.26161586721607,59.227636919211754,-0.08792337046162235
2018-06-11,132.09380183896536,132.99829011675274,131.92241700764686,132.41751098632812,127.34822149872589,123.62067057776949,63.630783329821014,-0.27248307107991715
2018-06-12,133.8456475647544,134.15031070784136,132.76502391436873,133.90277099609375,127.97246430799902,124.0238902020175,65.91283002011555,3.0707269547487024
2018-06-13,135.75935466377229,138.12056302137083,135.55942265480613,137.06373596191406,128.83829970360998,124.5352567024056,70.19860228318433,5.565741479716992
2018-06-14,140.98636327373907,142.41450713040842,140.2151679155905,142.17648315429688,130.1086028893897,125.22706950444056,75.5527209564197,7.369850177123739
2018-06-15,142.6715773178788,142.6715773178788,141.14821805722508,141.76707458496094,131.21893352706314,125.87569715465705,74.40003293377771,5.873144767927624
2018-06-18,139.4344428073758,141.21487203408623,139.28210397543137,140.7292938232422,132.12468212669924,126.4581911416604,71.42530570330275,2.67434550474144
2018-06-19,138.38714470786874,139.2725869204335,137.8206464858311,138.4823455810547,132.7301738842569,126.92972660987193,65.33432060411363,-2.598276094108425
2018-06-20,137.55880643928077,138.1491157542128,136.1592243561975,136.3496551513672,133.07488638588646,127.29913557228352,60.09590730459511,-3.8213523481766516
2018-06-21,134.76918541888494,134.90247827155386,133.29343378215907,134.1503143310547,133.1773080949501,127.56780924909808,55.18222590134886,-4.674918287055987
2018-06-22,134.8262933866508,134.97863220875035,131.71293590120362,132.79832458496094,133.14121442733207,127.77292749756329,52.34866064707171,-4.104509475373417
2018-06-25,131.37019960862804,131.38924559607253,129.00900563962193,130.34193420410156,132.87461631083394,127.87367285860401,47.56930365321051,-4.406113781949954
2018-06-26,130.3133893182581,130.81799909197497,129.6945326607815,130.56094360351562,132.65426652918458,127.97905602507113,48.02493020778417,-2.6756334828118646
2018-06-27,131.19881629140102,132.24611305165797,128.70431518554688,128.70431518554688,132.27808068693338,128.00749756077607,44.49488390177381,-3.0828772969909126
2018-06-28,125.55287870288022,128.78048314612855,125.36246243296767,128.58055114746094,131.92593501650742,128.02997025045,44.261327243198465,-1.3513556227288197
2018-06-29,129.11372857434108,130.25624077527056,128.2663637848034,128.54246520996094,131.60369979683634,128.05006809199944,44.18446613351949,-1.5460047529101466
2018-07-02,126.4192881744594,128.69479671757182,126.30504131921978,128.67575073242188,131.32484750498733,128.07460466613367,44.5473831026203,-0.022193858134297976
2018-07-03,128.12357547989885,128.46631611935985,127.45709660672516,127.52375030517578,130.96283824786244,128.0530025343314,42.005184732189626,-0.8218978942415466
2018-07-05,129.40888675143913,129.63739502176728,128.13308159639573,129.4279327392578,130.81665677085246,128.10692136589714,47.35328023304795,0.6888521453595546
2018-07-06,128.68528562942095,129.03755646433297,127.85695231557322,128.87570190429688,130.6318039264186,128.13706962230498,46.027640601490766,0.1553914943078853
2018-07-09,129.51360814767082,129.88492497911994,128.3806116669378,129.8468475341797,130.5570461747768,128.20411973649615,48.74507699269954,1.821697702149228
2018-07-10,131.74150971003598,131.76055569650453,130.59899749505055,131.10360717773438,130.6090996036299,128.31782512634862,52.10573302232776,1.2946775885328659
2018-07-11,129.56122043445365,130.47522442367307,129.2755887398858,129.68499755859375,130.521089885055,128.3714397315347,48.259245209929915,0.6279660497196423
2018-07-12,130.779902927488,133.07445770023892,130.56092492233626,132.9697265625,130.754293378145,128.55176470529807,56.30289016110666,2.4050480143526585
2018-07-13,136.38775329821024,136.81619359672194,135.09290214477187,135.68319702148438,131.22371277274877,128.83142871769755,61.612044506493994,3.493107430325351
2018-07-16,135.1976318359375,135.26428552921598,134.18841240161532,135.1976318359375,131.60218125495723,129.08108374194225,60.20245085238478,4.250787971718204
2018-07-17,134.79774169014632,137.89205342080828,134.33120946073512,136.79713439941406,132.09693869728645,129.3836739638039,63.190007364310624,2.878405435477119
2018-07-18,135.88315149463844,136.35919952691287,135.5880040390816,136.1782989501953,132.48563967375395,129.65012984562316,61.27351316268499,0.36489553576228156
2018-07-19,135.39758631218598,136.2354209612784,134.16460913702912,135.69273376464844,132.79107720622008,129.88709470519277,59.74242915150162,0.36620606588120147
2018-07-20,133.31247249953782,133.95989074067413,133.1601336682714,133.29342651367188,132.83891999740595,130.02067634474096,52.73087593862504,-2.5612436262825655
2018-07-23,126.15271572113566,130.43714757581574,126.10510801718402,129.9515838623047,132.56393560358677,130.01796683562583,44.837580768276815,-4.57247236592956
2018-07-24,128.01882561389968,128.5615127415363,126.65732087448804,126.86678314208984,132.02134965487278,129.8943910045068,39.029738665805716,-6.504364955802806
2018-07-25,125.7623574127086,129.77068797322198,123.88672712661352,128.07595825195312,131.64559809268997,129.82307991617137,42.19068567723828,-3.9142727426124013
2018-07-26,126.16222878100076,127.54277952722605,125.07683998189694,125.32439422607422,131.0435786768218,129.6466608695009,37.43462143726793,-3.5607027622944476
2018-07-27,124.89595951435204,125.6671695592862,124.19141769765946,125.2958526611328,130.49617619913712,129.47604093976096,37.38754095826923,-1.2382520010755023
2018-07-30,125.2386932806433,125.25773926719424,123.67725652358156,124.24851989746094,129.9011613132632,129.27104011457274,35.61734804233095,-2.9884128190263377
2018-07-31,126.20983671153942,127.44756435116412,126.0479821435023,126.26696014404295,129.5550469161946,129.15323305690492,41.377982866449344,0.752100916816266
2018-08-01,128.31396477291918,128.91377529352152,110.9572538254093,112.3473129272461,127.91621510772333,128.49417736554577,24.85902627301862,-10.334372175036394
2018-08-02,116.62224595407578,122.10632136874408,115.81772361012136,120.13548278808594,127.17519298204358,128.16638542133165,39.42930130532524,-3.3103308697515126
2018-08-03,124.5817633593077,124.77693024846802,117.5838521757709,118.85965728759766,126.38323720162016,127.801415690597,38.12510627560309,-5.866382502592276
2018-08-06,117.72666014157691,118.34552393279682,116.87929536698432,118.05036926269533,125.58963073124637,127.41902171303222,37.282689109411145,5.076273020559396
2018-08-07,119.81176000952313,119.81176000952313,118.0122991077389,119.13577270507812,124.97497758589702,127.09418841860266,39.22238031225731,-0.8321522166529768
2018-08-08,119.97361415338156,120.57343199417124,119.54040874752005,119.81175231933594,124.48324184622454,126.80860268921965,40.457472907022854,0.8010245473235326
2018-08-09,119.91648725446792,120.03074138848685,117.70762484418071,117.8980484008789,123.85608056571543,126.4591691877161,38.09713604012373,-0.12903039843735145
2018-08-10,114.4229009405067,115.2988275429644,113.923049073002,114.8513412475586,122.99848634493858,126.0039602488864,34.63291979113905,-3.5962594275740227
2018-08-13,115.5177981690809,116.37468593838229,114.99414251453136,116.15570068359376,122.34679247242956,125.61775399142395,37.26310854934933,-3.051496672878674
2018-08-14,115.91767758771408,115.91767758771408,114.85132754848902,115.20360565185548,121.66648896570821,125.20935601732323,36.12062288438978,-2.285400636880548
2018-08-15,114.79421488741404,114.79421488741404,113.2232550283635,113.5184097290039,120.89048141935542,124.75088753542836,34.12621238662496,-1.1605711383740778
2018-08-16,114.50857668610712,115.11792477678036,113.99445126546186,114.7275619506836,120.30353670805334,124.35781594386975,36.82173082070489,-1.2295037819972323
2018-08-17,113.78499414997846,115.11316486400467,113.52792416409213,115.01319885253906,119.79969500752817,123.9913603716607,37.472636123220155,-0.16527850690006052
2018-08-20,115.70821809439028,117.46959412555964,115.70821809439028,117.44103240966795,119.57506047439863,123.73448476530805,42.861171029142014,3.4554947431243126
2018-08-21,118.8882305022974,120.50679080173131,118.53595236619933,120.27828979492188,119.64203469540084,123.59894770764585,48.4520081596312,4.8381816451606445
2018-08-22,120.87810892671985,121.13517891799717,118.76445461584468,119.09768676757812,119.5901920356082,123.42242767078045,46.4167923342311,3.5513210273160682
2018-08-23,118.65971103294947,120.13546260379954,118.31695592312514,118.81204986572266,119.51608325752386,123.24162854117034,45.914285898605094,1.1674092333182156
2018-08-24,120.2116344964205,121.99205650557644,120.2116344964205,121.41127014160156,119.69657724648364,123.16984978040294,51.1019462333517,0.941965793337645
2018-08-27,121.16372771490308,122.48713318667949,121.12564300677845,122.0586929321289,119.92154064511652,123.12627500203925,52.3284745916397,2.4861995601386053
2018-08-28,123.3440367732976,124.1818713544539,122.59663794438588,123.81055450439452,120.2919229174287,123.1531094923277,55.57563494504286,4.207068764759972
2018-08-29,126.30504187185814,128.20923361594345,125.76710537970122,127.7712631225586,121.00424103220298,123.33421355625833,61.89513728034769,5.238387650124566
2018-08-30,128.09497055714473,128.16162424067446,125.50051805645684,126.56209564208984,121.53356051885888,123.46079716746742,59.12968929073278,3.6895386979648124
2018-08-31,126.52403260596816,126.52403260596816,123.69630641879144,124.8102569580078,121.84562684639687,123.51371715925332,55.276321727316294,0.8074452599094029
2018-09-04,123.8295919612268,123.8295919612268,121.7254608678701,122.42049407958984,121.90037610670096,123.47084566593318,50.44670134489257,-4.187771891897379
2018-09-05,121.51600651001264,121.73499178008964,119.87840753691512,121.02091979980467,121.81661836318703,123.37477014177128,47.811970084019435,-4.37822699930261
2018-09-06,120.01171075243776,121.1923078278638,120.01171075243776,120.37350463867188,121.67917896085225,123.25707345537522,46.59953980242695,-3.5547978407164575
2018-09-07,120.1545035190383,121.86827909944036,119.92600252962318,120.78289031982422,121.5938181378972,123.16004666574577,47.50603186435812,-1.3376875923249922
2018-09-10,121.30654228182613,121.55408198616658,120.0402529896477,120.66863250732422,121.50570522069978,123.06234414972924,47.26487730324976,-0.29109619482583304
2018-09-11,119.67845820648785,124.11522882747262,119.25001793384864,123.33450317382812,121.67987645433105,123.07301705263508,53.230396737272635,2.4598424246634276
2018-09-12,124.95308815480304,126.84774995589544,124.28660931181662,126.42882537841795,122.13215730424409,123.20461737913637,59.024470497965744,4.674449372459721
2018-09-13,127.32378326607436,128.29492517190292,126.6573190278904,127.05719757080078,122.60120875820186,123.35569895528008,60.10533502377095,5.294304684433045
2018-09-14,126.72399329393768,127.86650567747222,125.17207204400198,125.80997467041016,122.9068055117455,123.45194506175577,56.897222746754466,2.007120013361624
2018-09-17,126.89534120052576,127.37138915356728,125.45768161235932,126.43833923339844,123.24314205666484,123.56905855868293,58.110320684451196,0.007525067920236349
2018-09-18,126.7334974636078,131.95097940675373,126.43835003196764,131.6939239501953,124.04797842747726,123.8876807308991,66.58193148064969,3.6493220911871465
2018-09-19,130.3419345797062,130.82751283003373,128.2568565752256,129.3041534423828,124.54856652413493,124.1000914254671,60.58230023854921,2.7773463758549415
2018-09-20,129.36128222423315,131.4749365612472,129.21847363166427,130.7132568359375,125.13567988716375,124.35943124548555,62.71566871587757,3.38102954250909
2018-09-21,130.71324347450224,131.3130685576426,129.65641641402348,130.88462829589844,125.68319878323372,124.6153213258939,62.978098808068125,-0.6145277094203212
2018-09-24,130.88461835653246,132.71264065489703,130.61803267934366,132.34132385253906,126.31730593269137,124.91830181713489,65.219104776409,2.3488575805955034
2018-09-25,133.31247424790976,133.5790599422069,131.8176766861866,132.37940979003906,126.89464915720067,125.21089428666055,65.27828355809528,1.2746625663170537
2018-09-26,133.1410897857214,135.6927144023361,133.08396635505173,134.0455780029297,127.57568999965106,125.55735247161228,67.85506010932909,2.4150656560563464
2018-09-27,134.2074526724711,134.69301638117855,133.28391843070565,133.47433471679688,128.13746568699827,125.8678223635803,66.04536721839887,0.856127799900405
2018-09-28,130.68469584104898,132.45559503787103,129.92303063935418,130.35147094726562,128.34832333083327,126.04365171980326,57.082584238798134,-1.531914099020277
2018-10-01,132.97924945517332,133.11254231694534,130.5799634154446,131.17027282714844,128.61708042572042,126.2446956847972,58.66643360818276,-2.1450205360138086
2018-10-02,130.646618975334,131.58919927921306,129.75164637873155,130.9798583984375,128.8421068993125,126.43038834023407,58.12917892777676,-1.868880877849741
2018-10-03,130.78942085503496,131.55396253172648,129.12325288071818,129.3041534423828,128.8861113319859,126.54308501090658,53.487007208739115,-0.8034566064133717
2018-10-04,129.74212472013886,129.85637159011634,125.08637590674144,126.6858901977539,128.67656646205904,126.54868521431236,47.15096532175308,-3.418749182068023
2018-10-05,125.400565420159,127.04768736495664,125.24822657971386,125.94325256347656,128.41625085267023,126.52494275741684,45.50442745113679,-3.845328508173911
2018-10-08,122.63948507292535,123.86769706490934,122.15867193759968,123.46780395507812,127.9449701957567,126.40505496124669,40.43560867392944,-4.513659717748611
2018-10-09,121.82067019223553,123.39163717865948,121.27797580779608,122.77276611328124,127.45237933075903,126.26261226132648,39.11805128386633,-3.0888397108504897
2018-10-10,117.85044030556703,118.8310980115892,111.99504852294922,111.99504852294922,125.98025258715809,125.70309995786072,25.33327080875244,-11.074991122289239
2018-10-11,111.8236568015178,112.40443586216546,109.2530008632428,110.00515747070312,124.45881495701953,125.08749437012905,23.674484804594826,-10.903770904739812
2018-10-12,111.98552610495038,112.64246735838071,109.091153600825,110.728759765625,123.1511906530772,124.52440673857987,25.582704179182702,-9.809998364411982
2018-10-15,109.1863711473182,110.51930701935034,108.89122370750908,109.50056457519533,121.85113102661225,123.93523645766284,24.46468236273484,-2.2273162792931336
2018-10-16,116.91738245951574,117.16492216992027,115.71773956048932,115.9176788330078,121.28604034150706,123.62082243316657,39.372954087213664,5.374767418408826
2018-10-17,113.7564285107785,113.89923709366332,111.96648345685443,113.23277282714844,120.51906248299672,123.21344793881292,36.15745023101816,2.261393577263557
2018-10-18,110.87157824087411,111.11912523911649,108.47229947487588,108.77696990966795,119.4007679522035,122.64731154551312,31.552116552451277,-0.6608136390296611
2018-10-19,110.36697050029336,112.28068556222392,110.21463891211418,110.9287109375,118.59390537937459,122.187758580493,35.80435474961706,-4.303888712864029
2018-10-22,109.70050496603228,111.02391785729608,109.0721181039792,110.70972442626952,117.8430310028884,121.73763959405287,35.56221925154273,-2.2281962526259007
2018-10-23,107.55827493227775,110.49073204617385,106.94893413769094,109.7576141357422,117.07299130125543,121.26783467411911,34.4707100062818,0.9015182413047605
2018-10-24,107.9867283435072,108.49133806953692,106.36149974757974,106.434814453125,116.05983160143349,120.68614760662915,30.905567673008118,-4.051157221963008
2018-10-25,108.64367785480748,111.0334409083953,107.49164253770196,109.85283660888672,115.46868922119094,120.26131188122748,38.00815530456031,-0.7739950775087229
2018-10-26,107.8629617348522,111.89032393461363,107.55829129122031,110.60499572753906,115.00548031703362,119.88263281637697,39.482417249333096,0.7720481157224005
2018-10-29,112.13787322949295,112.77577584888397,108.12002667812509,109.51008605957033,114.48210943537045,119.47586627689437,38.063358266928944,2.889347458579644
2018-10-30,109.41487325347792,110.79541684560232,108.91978651748876,110.70972442626952,114.12283467259893,119.13209600824241,40.58314126124556,0.7800324905888493
2018-10-31,112.14738741610468,113.29942269112608,111.05247557597028,111.49996185302734,113.87303726121115,118.83279662960653,42.249853066461036,0.8091552461996502
2018-11-01,114.28008335248754,114.63236149253645,112.4710994738278,114.23248291015624,113.9072701801583,118.65239217002025,47.711773185764606,4.3122939817772235
2018-11-02,114.4800186464671,115.15505434788544,111.576130264671,113.80403137207033,113.89743791272136,118.46226037402222,46.9617759967653,2.794973035870536
2018-11-05,110.84302144475024,113.08996872508958,110.26224226765056,111.94745635986328,113.71172538387773,118.20677786366305,43.752325386608774,0.4013405021840261
2018-11-06,109.9385298980236,110.79541777898922,109.36632215898928,110.4336166381836,113.39952455095448,117.90194801168347,41.275310524900206,-3.32555694772077
2018-11-07,110.38601864137964,111.3285916993733,110.10038692008877,110.5097885131836,113.1243115949763,117.61205940389917,41.454915079290906,-2.89466271024842
2018-11-08,110.39552277509668,111.11911773281628,108.1485757463218,108.72935485839844,112.70574428673079,117.26371804917365,38.491596315432645,-2.874653525954195
2018-11-09,106.39672458315414,106.97750370561616,103.61755766874276,104.79720306396484,111.9525498845626,116.77483510857722,32.898331554041945,-5.103892950174286
2018-11-12,103.38809852611271,103.5499603625758,101.16972042306035,101.32205200195312,110.94012151479026,116.16884361419982,28.901240550394284,-8.313957193153428
2018-11-13,103.7022891408807,106.24438358429148,103.55947329558347,104.35923767089844,110.31337067251485,115.70572181250172,36.197348153730054,-4.01926158137454
2018-11-14,107.17743214626782,107.72012650338812,104.78766947084696,105.49222564697266,109.85421400341559,115.30519255110843,38.72351311945345,0.663207187489148
2018-11-15,104.49252124868208,106.97749203898944,103.50234067679698,106.44432067871094,109.52946225820563,114.95770737964187,40.84317936659951,5.055433220656717
2018-11-16,105.0352182105808,106.12060694320309,104.77529353403102,105.43509674072266,109.13952268511201,114.58427166831171,39.29162999658059,1.0309188662502393
2018-11-19,105.20661549555132,105.24470020993463,103.43571622826856,103.60709381103516,108.61262469710469,114.15379410528126,36.580968511942594,-1.7869865048122608
2018-11-20,100.69367185321012,101.91235353297226,99.94151516500034,100.19857788085938,107.81128690508133,113.60653072393139,32.12995888940993,-5.867614878865701
2018-11-21,100.35091341666411,102.62642212960851,100.33186743009269,101.61720275878906,107.22137412924397,113.13636099980816,35.63995472694275,-3.6210845344242872
2018-11-23,101.5981604378735,102.50265597084642,101.5505599975586,101.5505599975586,106.68129659289298,112.68201586246505,35.54695087460707,-1.9849353338946003
2018-11-26,102.81684897650574,104.14978488076194,102.62643267471896,103.98793029785156,106.42478551717474,112.34107133051943,41.55413319908225,3.7818425142699112
2018-11-27,101.86474520681068,102.15037690172376,98.9989415837173,99.75109100341795,105.78919556348362,111.84734661180957,35.381036777325576,-1.836413229953532
2018-11-28,97.7231280382361,103.21672575503165,97.46606532703996,103.14055633544922,105.53694420843273,111.50590385587387,42.712977897158325,1.565718926541469
2018-11-29,103.08342863774078,104.56870330714564,102.88348935345697,103.97840118408205,105.38851153944695,111.21070767266635,44.392589046859776,-0.009163672882249792
2018-11-30,103.30241963188033,104.74008667632194,103.22625020586251,104.34972381591795,105.28957937530133,110.94164948220563,45.159990334892505,4.610107785530314
2018-12-03,106.45384798597956,107.1107965291447,105.7588219962944,106.330078125,105.38867449432026,110.76080354662895,49.187499840863914,3.092403127221206
2018-12-04,106.25391602683712,106.63475589352583,102.90254118059237,103.17864990234376,105.17819596175107,110.46346418802953,43.68881844392974,-0.7691513551188498
2018-12-06,101.13163236979229,102.48360686741228,100.26522157376536,102.37887573242188,104.9115940351483,110.1464215034959,42.393583437797325,-1.888695064466896
2018-12-07,103.12151568423698,103.94984182124436,99.26553123328742,99.81774139404295,104.42646521218589,109.74137522469383,38.461241775067506,-6.124642101081918
2018-12-10,100.19857454052514,101.06498533129738,99.0465393265332,99.90342712402344,103.99569967997994,109.35557333839303,38.66622185578076,-3.174322189154685
2018-12-11,102.3788700995174,102.41219694241506,99.5701901238211,99.9319839477539,103.60867913405365,108.98602081326993,38.739458737431995,-2.3900358029552713
2018-12-12,100.82696623902336,101.6743310843478,100.31283353558224,100.36995697021484,103.30022940416424,108.64813595667954,39.92427575773809,0.5532238742929971
2018-12-13,100.7412884547892,100.85554260456452,98.77997276577284,99.11320495605467,102.90146517101095,108.27421709390994,37.6727119818973,-0.7909860459419036
2018-12-14,97.22804472469784,97.9040320032226,96.2569027509915,96.6282196044922,102.30401321229488,107.81751131001121,33.633653192413384,-3.3060129627657218
2018-12-17,95.96175357043263,96.83768011842,94.71926804054785,95.15247344970705,101.62291418728651,107.32084315862674,31.47542480731986,-5.198252224075484
2018-12-18,96.88529427829936,97.32325758147635,95.93319824602338,95.97128295898438,101.08466359411489,106.87576236648391,34.0058005980328,-3.170033698802677
2018-12-19,99.19887658915636,101.1982765756273,96.9614453579064,97.52318572998048,100.74547522610209,106.50899465524849,38.63123345053737,0.9261954004238682
2018-12-20,98.1706127468566,98.67522243176272,95.580910633308,96.65677642822266,100.35607534058975,106.12263315614943,37.069155889941456,1.580939437492092
2018-12-21,96.14265888752996,96.49492976452798,93.11499326622788,93.45774841308594,99.69909182368463,105.62597100936263,31.93457724026977,-2.6190486032917333
2018-12-24,92.7341491871527,93.1844901754284,91.2012740901017,91.36312866210938,98.90519057020127,105.06664385848995,29.093041787330787,-6.31650516927011
2018-12-26,91.2964807024196,93.65768187104392,89.35420407917599,93.58151245117188,98.39817360648419,104.61624654839905,35.62611874817724,-3.1816330842923084
2018-12-27,91.69636041925926,94.9810958695598,91.4583364270889,94.97157287597656,98.07183067976918,104.2380240514413,39.39423698566948,1.6197955638728607
2018-12-28,94.6859375200284,95.03821562983406,93.36252475582666,93.68624114990234,97.65415548644853,103.82422864353781,37.2244865933407,2.5427243153905073
2018-12-31,94.79067662105776,95.15247775448891,93.0512011588731,94.67642974853516,97.37056255902822,103.46549143196908,39.96763867665528,1.1700145345851056
2019-01-02,93.40061428652682,94.4574414065864,92.93408928971724,93.97187042236328,97.04687759363155,103.09319256884729,38.672702208620855,-1.0526333547395212
2019-01-03,94.1146814061676,94.15276611510966,91.99151154603452,92.33426666259766,96.59805750496166,102.6712739058571,35.771654068840704,-1.4430875555584148
2019-01-04,95.42857193802482,97.8564120403348,94.50503778488108,97.332763671875,96.66802952085817,102.461920563348,48.47653905007386,2.805697183971962
2019-01-07,98.37054848035368,100.6651030949646,98.01827038097292,99.47498321533205,96.9353584441414,102.34478576538659,52.78691910995192,5.856127762738605
2019-01-08,102.46456696169298,104.01648071803716,102.2551046941304,103.37857818603516,97.54899841955985,102.38532664462771,59.44488585029594,11.961227313143626
2019-01-09,106.78709018470468,107.62017417954036,105.81594820293184,105.86355590820312,98.34086103752588,102.52172779221891,63.01999029567609,8.764563867812127
2019-01-10,104.60678525618496,105.95875976978948,104.16882198828132,105.4827117919922,99.021037299856,102.63784481181787,62.116221033130955,6.0394366326811175
2019-01-11,106.3871993920378,106.39672238543174,105.12091729943582,105.53031158447266,99.6409681841052,102.75127488133374,62.189206689244024,2.081411290611236
2019-01-14,105.3113271978544,106.05396083140646,104.84480224465904,105.56838989257812,100.2054845372931,102.86174997981392,62.251858995001726,-0.278817401411441
2019-01-15,107.15840759968418,107.43450904716528,106.06349574798286,106.98703002929688,100.85134601272203,103.02352566802894,64.60497214308354,1.4261277623115438
2019-01-16,106.5395355154712,108.46276608884465,106.45384310494076,107.71060943603516,101.50460919589472,103.20733287461742,65.7768069863547,2.066039433435446
2019-01-17,108.12000917297966,109.24062791817494,107.55351094452416,108.26282501220705,102.14824879744828,103.40558746824838,66.68335852971298,2.5523124131860517
2019-01-18,108.7864720486384,108.99593429438691,107.32024359231342,107.8629379272461,102.69250490504807,103.58038552546398,65.33370385416316,0.8187047511360619
2019-01-22,106.85373229708802,107.21552614521984,105.29228824704349,106.339599609375,103.0398472578411,103.68858999934285,60.32477800516687,-1.2728642367160143
2019-01-23,105.882601410336,106.28248001011666,104.24499503342498,104.92098236083984,103.21900298193623,103.73691911155842,56.01766857798012,-3.0867868550357858
2019-01-24,105.63503731727548,107.08222715468244,105.4731827574346,107.0060577392578,103.57967486358591,103.86512062637017,60.48356954487341,-0.7944157691738973
2019-01-25,106.60618896823992,106.81565124788474,105.73026240237613,105.9111557006836,103.80172065759521,103.9453572959511,57.19915016870422,-0.40290156279056955
2019-01-28,104.83528471146106,105.15899384492798,103.62611879782744,105.13043212890624,103.92826460724388,103.99183081881209,54.90946832137094,0.19962619807166995
2019-01-29,105.4827200685511,105.72074407612598,104.51157804985252,105.25421905517578,104.05454598323739,104.04133623984596,55.21557635307012,-1.6371397293700243
2019-01-30,105.50175711313948,107.52972627429264,105.12092451821664,107.2917022705078,104.36284658202504,104.16880157438172,60.025877356120425,1.303494953568233
2019-01-31,110.48121153030225,120.98282837535528,110.48121153030225,120.24971771240234,105.87588192777527,104.79942573665704,76.96885932014521,14.381454805548136
2019-02-01,120.03075089125537,121.43985626671616,119.8260537235045,121.03997039794922,107.3200808296966,105.43630984102144,77.59261463874049,14.997737368131835
2019-02-04,119.9736132652142,121.12564849853516,119.76415099298936,121.12564849853516,108.63489679815741,106.05157802366904,77.66324759391632,12.893770846461829
2019-02-05,121.839718296787,122.0301345787406,120.93522279771852,121.18276977539062,109.82993231979867,106.644958092364,77.71368667732315,0.7759286930051961
2019-02-06,120.94474395824508,121.53504604562094,120.67815826198354,120.87809753417967,110.8821385306921,107.2031204234156,76.71858512382866,-0.13373504903987327
2019-02-07,117.46008443550735,118.80253599884745,117.13827116892338,118.62163543701172,111.61923347415112,107.65090532590956,69.60943270469927,-2.067285577054079
2019-02-08,117.298219300613,118.36456939022428,116.89834074097716,118.32648468017578,112.25801930329632,108.0695554966651,68.7125128994918,-2.3570059510183667
2019-02-11,117.35535367176377,118.03134095247812,117.3267919543121,117.58385467529295,112.76524171967695,108.442665268376,66.39442237919063,-2.7252603458250437
2019-02-12,118.15511011473998,120.61627736073363,118.15511011473998,120.38301849365234,113.49074426957937,108.91091441446528,70.44212234892008,1.48487503999717
2019-02-13,119.7831943187595,120.10691073297768,118.97391417908794,119.2500228881836,114.03924699516072,109.31636964872875,66.92821132592336,0.780499995841202
2019-02-14,118.53595088392632,119.4975698687687,118.21224173365388,119.06912231445312,114.51828273985524,109.69883053758069,66.35902465100295,1.2631561052848006
2019-02-15,119.65941379373672,120.34492400849572,119.29857153725844,119.9450454711914,115.03511728569678,110.10064288791837,67.78752498925067,-0.3638162823471911
2019-02-19,119.7165505955519,120.83050845091782,119.70703486544508,120.31637573242188,115.53809428062299,110.50125986221262,68.40012382651895,0.8942160499525954
2019-02-20,120.26876525857384,120.66864383134102,119.55469326552566,119.74510955810548,115.93876240228799,110.86376377185547,66.31083062414628,0.5677267376399429
2019-02-21,119.5832462094388,120.6591192489363,119.51659978553398,120.24971771240234,116.34932957467983,111.23184039697496,67.26207923331118,0.2540098592768587
2019-02-22,120.20210752415824,120.5258166438806,119.63085143623242,119.99264526367188,116.69631202125049,111.57540137213955,66.23599328928769,-0.2690660076646273
2019-02-25,121.03995329013851,122.1253493360484,120.6971981733071,121.90635681152344,117.19250676318124,111.98053687956637,69.91529070887279,1.804873085333998
2019-02-26,121.93493102644776,123.51349606120588,121.89683905419412,122.86798095703124,117.73302811497648,112.4074954708395,71.59056921150805,2.1773550029372326
2019-02-27,122.43001801757588,122.92511199268824,121.60074759472384,122.50618743896484,118.18761471726108,112.80352260684442,70.01096826254349,2.094746865334713
2019-02-28,121.99205162161348,122.68707755686536,121.89683622102318,122.11581420898438,118.56172895456807,113.1687105128107,68.26085080378282,0.1718182734184852
2019-03-01,124.04859270160355,125.60051397130212,123.69632179855134,125.48626708984376,119.22120877697527,113.65175194720416,74.24671279636078,2.130975142928557
2019-03-04,125.48626815254384,125.829023327655,123.80105399759456,124.53417205810548,119.72720527994005,114.07851352018069,70.21808519875128,1.6554140338021897
2019-03-05,124.25805343004384,125.5338732107916,124.14190340388689,125.44817352294922,120.27205939832187,114.5243825398971,71.79999030152034,2.7288515705770675
2019-03-06,124.1913983025172,124.35039088825054,123.07935092792442,123.87720489501952,120.61540658848355,114.8911598871568,65.37267816747996,-1.2822615829923565
2019-03-07,122.3348205804889,122.8775077473935,121.15421630747316,122.17296600341795,120.76374558038206,115.17672091132391,59.18323797320755,-1.8960306361420467
2019-03-08,120.925708935633,122.81086211731169,120.74480838024284,122.70613098144533,120.94873466619761,115.47199189446593,60.44498551444695,-2.1857971021015055
2019-03-11,122.55380136520256,124.61033226361656,122.37290079619868,124.4960708618164,121.2865762086375,115.82587734416595,64.42133937695469,0.4995801829088337
2019-03-12,123.99146184834603,124.4484784025246,123.6011135174215,123.95338439941406,121.54055794109242,116.14460311103842,62.374034407075534,1.4572932574513238
2019-03-13,124.46750957271924,124.61033269350406,122.89655693891343,123.8200912475586,121.75765635123206,116.44560264580392,61.85408069851602,0.907827715863449
2019-03-14,124.40086970179765,124.96260286801024,123.63918997874995,124.90547943115234,122.05744902551018,116.77736251973916,64.45262606038654,0.3288526027382485
2019-03-15,125.67667114310308,125.86708743623838,125.31487001666368,125.46720886230467,122.38218805758585,117.1181408076829,65.75289403881801,1.221285300296945
2019-03-18,125.35295771654096,126.10987226222396,125.1530111724778,125.94325256347656,122.72133705814687,117.4642236216356,66.85924291169596,1.7147147078684066
2019-03-19,126.08606239865374,126.34313237847893,125.16254267288332,125.30535125732422,122.96743364854471,117.77171882303516,63.88118895202367,0.32013953910827714
2019-03-20,126.5240255415862,126.5240255415862,124.72456484365736,125.43863677978516,123.20278632771047,118.07238227231947,64.23960511365321,-0.022772549719244792
2019-03-21,125.56240996148613,126.2650484728017,125.28629401925384,126.0479736328125,123.473756547244,118.38515056096627,65.90531722202131,0.08314940832829223
2019-03-22,124.77218358470056,125.048285032187,122.344335881486,122.48714447021484,123.37979349228884,118.5460130672113,50.96531330452023,-2.2490713755089113
2019-03-25,123.69630913006064,125.00067598590012,122.99175286828071,124.8388214111328,123.51874853217875,118.79278986501215,57.773433742094504,-0.4781743361141343
2019-03-26,125.67667963441798,126.952484865239,125.45293647971307,126.5906982421875,123.81131517122719,119.09859019352884,62.00552360380838,0.4305698804456776
2019-03-27,127.4761156335625,128.0854564101115,125.90516325697163,126.4192886352539,124.0596935963726,119.38567640692982,61.3575557844133,3.2102504977534525
2019-03-28,126.60018404462932,127.23808650924052,125.89087729812684,126.67635345458984,124.3088992971552,119.67158531075962,61.99892935627518,1.4719235752839135
2019-03-29,127.38091163715347,128.28541441815935,126.82870876683492,127.39044189453124,124.60237954452434,119.97428556894675,63.79652012644746,0.6317554634335795
2019-04-01,129.23749962731478,130.12294181993158,128.2473117792414,128.58055114746094,124.9812530305183,120.31178617986889,66.6297028413467,1.709598697745188
2019-04-02,128.69481746969402,129.79925234120117,128.37110830909677,129.4564971923828,125.40746676021969,120.67040229800669,68.57875247251079,2.1946824817542425
2019-04-03,130.1038887882561,130.68466782312433,129.48503231259969,129.65640258789062,125.81212731523597,121.02279446623744,69.023412651008,1.7787525183682285
2019-04-04,130.25625004341532,130.38954290087744,129.2565463485334,129.9325408935547,126.20454765602823,121.37219628691655,69.66208392460751,1.0514729747450204
2019-04-05,130.90369113341276,131.38925488885175,129.9706265444523,130.38003540039062,126.60221315549131,121.72544487960181,70.71579837723719,0.7133965679879011
2019-04-08,130.55141334464656,130.7704059089642,129.8468715243502,130.56094360351562,126.9792351029222,122.07193502563764,71.1520206385357,0.6976446959584859
2019-04-09,129.75162235769122,130.27051285692835,129.28509015728238,129.90396118164062,127.25778044375252,122.37907330626521,67.23504978153058,-0.021995807761102746
2019-04-10,129.30414731966323,130.56092093414014,129.0946850505837,129.97061157226562,127.51614531313473,122.67678068924562,67.4309351616381,-0.31402340616619695
2019-04-11,130.3514522779655,130.7798925245145,129.9515737459977,130.68467712402344,127.81791024750508,122.99081584355064,69.53252989466321,0.0947707002513428
2019-04-12,132.20806253111093,132.40800910058283,131.56062964086058,131.9319610595703,128.2097246105589,123.3414489892769,72.8304359672337,1.5611532238759056
2019-04-15,131.38923241486626,131.38923241486626,129.49455636958947,130.4656982421875,128.42457924214258,123.62083131292046,64.05291343335267,0.38092201300953277
2019-04-16,129.5326754445855,131.7224993486067,129.44699028349987,131.47494506835938,128.71509027321085,123.92883577391807,67.00093671937069,0.6047135454036061
2019-04-17,130.33240607419663,131.61774133952318,129.96108925743147,131.09408569335938,128.94166126560594,124.20982596683734,64.83990316073215,-0.6350814158160034
2019-04-18,130.76085483790527,133.5981112409121,130.66565395920244,133.20774841308594,129.34795527965167,124.5626856706118,70.52228235683658,2.101740310168183
2019-04-22,133.20774405709702,134.20744768168925,132.70313438019602,132.96018981933594,129.69197761676446,124.89199955879707,69.11341691407614,1.1296789287147608
2019-04-23,132.1527807577861,133.8520978440969,131.96077092106097,133.4104766845703,130.04612038512693,125.22605748529799,70.27657298933241,1.7669683410655004
2019-04-24,131.78796914525432,132.2487956926566,131.00070975442247,131.02951049804688,130.13977658635739,125.4536438779548,57.867214348037635,-1.6352186272860076
2019-04-25,130.0790586401546,130.7511004173093,129.61821743632393,130.14625549316406,130.14039362510087,125.63766786286497,54.05405788272447,-2.1163735776817116
2019-04-26,129.38778459704423,130.0886269726268,129.09976256685405,129.99261474609375,130.12631944614782,125.80845009357984,53.39494892867448,-2.561914194008616
2019-04-29,129.1958066009095,130.57349595932783,128.79737187705402,130.1078643798828,130.12456182078924,125.97705457539564,53.84954193745945,-0.7033882021392429
2019-04-30,130.60706850842018,130.74628185656763,129.51740140589973,130.59747314453125,130.16960099447897,126.15824746045979,55.82105395212714,0.3467004483973707
2019-05-01,130.7030704979848,130.86627956776448,129.08056051391557,129.22457885742188,130.07959888618782,126.27849575053673,49.44283563999309,-0.5908304023055697
2019-05-02,129.43579736124786,129.89662384358593,128.3557256795929,129.34938049316406,130.0100542773284,126.3989226031888,50.002104878262166,-0.5829654420459661
2019-05-03,128.58135437328252,129.71423742185831,128.58135437328252,128.78297424316406,129.8931895121699,126.4924148243643,47.437320736476295,-1.389382855332197
2019-05-06,125.04831539015994,127.81330394226082,124.2898714009051,127.04524993896484,129.62195717186466,126.51409463278002,40.562995518831805,-1.6864662572137792
2019-05-07,132.78641461863785,133.51607244261217,131.28871751592672,132.20077514648438,129.8675588837332,126.73710171174882,59.37337006488205,2.2044130729107008
2019-05-08,132.97843412223477,136.4730658328544,132.6040098192902,135.4073944091797,130.39516226710907,127.07711319007944,66.47919002335132,5.143863313412531
2019-05-09,135.6666019648754,136.36744437882447,133.8712874958157,135.52259826660156,130.88348950515598,127.40830868327639,66.70450661001179,6.672699948805179
2019-05-10,135.78181912562331,136.3578632777898,133.94330335478148,135.68582153320312,131.34085446020808,127.73291703033235,67.04251882854115,2.636176968597319
2019-05-13,132.26798521253565,133.4872556115423,131.8839509279032,133.14163208007812,131.51235709067188,127.9450235028714,57.28114968242549,-1.673292909141127
2019-05-14,134.94657241636418,136.47307042205367,134.7113614609185,135.3114013671875,131.87417083129242,128.2339010661779,62.319883782729875,-0.15583888009481164
2019-05-15,133.22805840757243,138.76761601841758,132.91123559378886,137.903564453125,132.44839879527646,128.61310355194055,67.28453188727472,1.6344691691896343
2019-05-16,137.32751053106932,138.8444129938598,137.04909849300608,137.92276000976562,132.96976652998973,128.9781881189141,67.3188715759201,3.591008954142824
2019-05-17,137.23152683598687,138.20118603496354,136.37323246350658,136.6938934326172,133.3244452826209,129.28076479788285,62.776047802137136,1.0217114385491366
2019-05-20,136.021813723321,136.55946168398285,134.95615711313644,135.8874053955078,133.56853672194347,129.53984874288776,59.918284130468834,-1.4620064866434275
2019-05-21,137.10670670781454,138.229979577646,136.32905738634742,138.11477661132812,134.0015119495039,129.87612042400306,64.69808653573054,0.13922038795402894
2019-05-22,137.01070757040756,137.9611613306086,136.7706916270177,137.164306640625,134.30273049151543,130.16193164818432,61.3367288411373,0.3441362274458158
2019-05-23,136.71308613391136,136.86669986549342,135.35940724140332,136.64588928222656,134.52588847158316,130.41620449657813,59.520316909028125,0.5581708507209632
2019-05-24,137.43313097263166,138.78682448453426,137.1931150158863,138.52760314941406,134.90700415518612,130.73429856139524,63.72002797709837,0.2989010649075456
2019-05-28,137.2987225907005,139.33406786502465,137.2987225907005,138.74842834472656,135.27285407799948,131.04857816074156,64.18956690458008,1.15490811195657
2019-05-29,136.04104109887297,137.52914295779243,135.3401986083229,137.35633850097656,135.47128116590207,131.29594131133902,59.00517210054393,0.5199199350100081
2019-05-30,136.49225365221858,137.36591512983554,136.40585143559522,137.2891082763672,135.64440755737493,131.53096746683033,58.758349349375834,-0.8940419417428674
2019-05-31,134.8601836180728,137.6923693278716,134.50975500412005,137.308349609375,135.802878228994,131.7575314724203,58.811453302662265,-1.0379063406567919
2019-06-03,136.33865855844326,137.33713314043572,135.3209932475208,136.30026245117188,135.8502481549157,131.93567778531252,54.82816163207169,-0.7688586208179822
2019-06-04,136.72268443743224,138.3931860147169,136.2522479182855,137.3275146484375,135.99094020191777,132.14712236818016,57.953343818423036,0.027974813554036124
2019-06-05,138.71003064282513,139.62208843420106,138.06678957628813,139.07485961914062,136.28464681308185,132.41879833880606,62.68271956322125,1.2865277419698977
2019-06-06,140.54374776012304,142.77110294515006,140.29413643052322,142.55027770996094,136.88137356516557,132.81611125532194,69.92789991500729,4.58547558632036
2019-06-07,144.18238480027273,145.29606240406017,143.9519788473595,144.33599853515625,137.59133784802182,133.26787154080566,72.84517517695217,5.103481195782707
2019-06-10,144.77764019402045,148.013050874777,144.5376242171237,147.69622802734375,138.5537083412906,133.83368944223852,77.3064257197264,6.199084746023056
2019-06-11,149.1074954859183,149.32830604187023,147.60979841179204,148.5410614013672,139.50488482320264,134.41044912691024,78.27291678155424,4.202575952602044
2019-06-12,148.56028900850984,149.32832838751818,148.30106766091785,148.45468139648438,140.35724640161044,134.9612033335602,77.90757321770172,2.853538204694602
2019-06-13,147.8882171350855,148.31064753907663,147.55220360420935,147.8978271484375,141.0753969489273,135.46852191453578,75.46226953540182,0.13649578177204832
2019-06-14,147.10097939548686,147.19026755728933,146.2033220693822,146.75535583496094,141.61634541426383,135.91114285259167,70.56840570001586,-1.2021629235441926
2019-06-17,147.33140130041872,148.39707273409942,147.32179128652783,147.98423767089844,142.22281134346713,136.3845975513488,72.62489879988367,-0.31689382992881376
2019-06-18,150.3267996084473,152.18932582404818,150.1731858763662,151.89170837402344,143.1436586797106,136.99271954439487,77.91025694782994,2.700432658538981
2019-06-19,150.58601230900274,152.1221055934319,149.64513924105543,151.52687072753906,143.94205982712282,137.56268625745935,76.42653856726217,3.251339527222506
2019-06-20,155.57834844487212,157.1048464369975,154.17664879054178,154.72389221191406,144.96890100662674,138.2356747262615,80.01768583719381,4.554305679503459
2019-06-21,154.75269487898976,155.87021061073088,154.57028040293136,155.73196411132812,145.9939546356459,138.92180372175432,81.00052423135433,2.528285301688956
2019-06-24,156.36559512104182,156.97044003651723,155.62635650147388,155.73196411132812,146.9213841095204,139.58102569781605,81.00052423135433,2.775146984557118
2019-06-25,155.00231200906757,155.76077068534158,152.7653613889036,153.36061096191406,147.53464380974836,140.12140159052578,71.41725716777557,-0.8811058399001577
2019-06-26,153.32219783330575,153.87903663846532,152.41973544733722,153.13018798828125,148.06755277913246,140.63155007671227,70.54388497599385,-1.6706757266523287
2019-06-27,152.6117368252342,154.5702603868804,152.59253144881723,154.43585205078125,148.67405747167044,141.17289525216597,72.58941060010311,-0.8322710549135072
2019-06-28,154.8774978938842,156.11597373931744,154.76228027729186,154.97349548339844,149.27400394897788,141.71409526123392,73.40829613714027,1.0516941158280353
2019-07-01,156.07757094864118,156.99922394544046,156.01035945439008,156.6728057861328,149.97865174299264,142.30071136024958,75.86275395524542,2.313467934959155
2019-07-02,158.23771890451914,158.60253317852033,157.80567848493746,158.52572631835938,150.7926588454085,142.93698645664605,78.22309299842085,2.6482673636127587
2019-07-03,161.46353829078578,162.711624280005,160.48428366872926,160.82029724121094,151.74767202596112,143.6382927619231,80.7354170694039,3.7727752991406454
2019-07-05,158.94814866881234,159.35521182256522,158.07448715934697,158.99615478515625,152.43800371731305,144.24056186087344,73.47805084523654,1.4829306128562856
2019-07-08,159.54340119189084,159.8506286510458,159.0441785448813,159.22659301757812,153.084536031624,144.82824935721482,73.79847262022973,0.44211543166894823
2019-07-09,158.67933983333458,159.0921748749891,158.41052314782445,159.02496337890625,153.65029101707944,145.3849832404184,72.96779534757913,-1.116360243764445
2019-07-10,160.39786945810977,160.82989524727864,159.95623365511648,160.33065795898438,154.286516440118,145.97108813134255,74.93531516697715,0.839330470369786
2019-07-11,160.04262280133517,160.33832114461188,159.4761887096266,159.7834014892578,154.81002930194083,146.5127474787118,72.5517898637331,0.3496956514156009
2019-07-12,160.36904686325215,160.81068264640984,159.43779847702626,159.86021423339844,155.29099929541297,147.03617754752304,72.6831281223014,0.5252325400648252
2019-07-15,161.37711444154513,162.0299654182191,161.12750313689918,161.741943359375,155.90537492055222,147.61287424602705,75.7449999914198,0.8802342723196823
2019-07-16,163.27805436770862,163.72927086760075,162.2603744537121,162.36598205566406,156.52067083818193,148.1914274934638,76.67857708808744,1.6163009063115208
2019-07-17,162.74041594836171,163.44127309786225,161.9819719618835,162.01077270507812,157.04353768264824,148.73336259980164,74.91110459875249,1.3452743585967164
2019-07-18,161.96275329589844,162.69241112873266,160.56777784067424,161.96275329589844,157.51203440771968,149.2521622349427,74.66055889490963,0.13651989826338312
2019-07-19,160.75309408066218,161.53074345860753,159.71622336026442,159.8506317138672,157.73475796068612,149.66778848901816,64.449980687426,-1.54918555595872
2019-07-22,160.51305321858752,161.4827122870659,160.33063877069137,160.42665100097656,157.99112872642806,150.08970466595773,65.8227543969241,-0.9777878826522683
2019-07-23,161.79954922599143,162.02996980919312,161.07950138407332,161.7035369873047,158.3446914179401,150.54514907071643,68.70744910720568,-0.1600468646764567
2019-07-24,161.42514218085535,161.88596874708267,160.06185321243237,160.82029724121094,158.58046340110877,150.94809605779466,64.6430547750977,0.6066072538765142
2019-07-25,160.5706802563829,160.69549324573927,158.14652487460884,159.62982177734375,158.68040229408354,151.28855588993383,59.53136617120424,-0.4966937966111142
2019-07-26,158.9385709369732,159.5722165844217,158.66975423491837,159.22659301757812,158.73242045822587,151.59985146356695,57.8623732484169,-1.5317809467093022
2019-07-29,158.45853557505663,158.62174466565608,157.79608919888685,158.10330200195312,158.67250441477134,151.8548887395821,53.373285906311416,-1.689460401371258
2019-07-30,154.4070600017393,155.48232675105442,153.42779084109256,153.74461364746094,158.2031814845513,151.9289955987146,40.30612868991738,-3.6867848778855805
2019-07-31,155.81835848182968,156.71121078876493,153.35098747125528,154.64707946777344,157.86450510200103,152.03558712299142,43.39615877213703,-2.876098434951204
2019-08-01,156.18317476842276,158.92895787190844,156.05837643377205,156.4904022216797,157.73363816101804,152.21028575431254,49.18247036111081,-1.0201556576304223
2019-08-02,155.22309922267416,156.01995388876236,152.26611578026393,153.1109619140625,157.2933832803556,152.24560638802822,40.92301177411954,-0.412145647490072
2019-08-05,152.63092074935864,152.89973740957555,149.29949858587463,150.51878356933594,156.64818330787756,152.17788784611872,35.93765989692509,-2.669494899383332
2019-08-06,150.7300249593609,151.28686375217202,148.406672192439,150.33639526367188,156.04706063700084,152.10567245072866,35.608956441837265,-3.9325139884874396
2019-08-07,149.14591405591796,152.00690001796798,148.8866927335296,151.79568481445312,155.6421677015201,152.0935160728355,40.312920264276485,-0.8590352272410178
2019-08-08,152.24693654848193,154.40708034516967,151.8917175897275,153.70623779296875,155.45779342451522,152.15676006186035,45.88664207904234,2.1176454845348407
2019-08-09,152.72694943143213,153.14937984282807,150.47559867251445,152.52532958984375,155.1785111545465,152.1712137688401,43.20127732863679,1.45602421977243
2019-08-12,151.82448949610003,153.24537982528474,151.28685610934966,151.69967651367188,154.8471935697013,152.15272211177466,41.378000334722074,-0.06324837290243486
2019-08-13,152.198921764619,155.059907950748,151.89170894870625,154.39747619628906,154.80436334366203,152.2407516837164,48.95817233887601,0.4497139564702383
2019-08-14,152.65015402666637,153.23579356834264,148.8867054463283,149.6739501953125,154.31575256762875,152.1400928018182,39.361309910836454,-1.8694464730539522
2019-08-15,149.49153548891672,149.8851504995283,147.93622222598856,149.1171112060547,153.82064386652647,152.02154450394514,38.40555588185497,-1.7024197855718135
2019-08-16,147.97464488423816,150.43240597965527,147.97464488423816,149.60675048828125,153.41932068764598,151.9268466994093,39.79000339877654,-3.1028523432062145
2019-08-19,150.73003900575767,151.16206485009536,149.8947880634106,149.94277954101562,153.08822153082403,151.8490401441782,40.773864100286325,0.1796099757855821
2019-08-20,148.87711009896762,149.59715799540433,148.3586674098625,148.8386993408203,152.68350513177606,151.73098756365437,38.545204004868836,-0.1867068527431817
2019-08-21,150.9412447539548,151.31566908209217,150.10599386412812,150.2404022216797,152.45082866414782,151.67253323651812,42.81845020862966,0.42354488105005106
2019-08-22,149.8179591434242,149.96196285387467,148.28185120136777,148.91549682617188,152.1141303938644,151.5644141616026,39.98806156912068,-0.6851164944309607
2019-08-23,147.8594266535098,149.4339307643762,146.8129605842718,147.10098266601562,151.6366877531169,151.3893776323639,36.43580986169818,-1.1675167026456965
2019-08-26,149.75075873820126,150.691631880875,148.35866905288907,150.34600830078125,151.5137659005135,151.3484611879881,45.72203830805424,0.0702913980127268
2019-08-27,153.34139340255686,154.61828003192812,152.89975760278338,153.98463439941406,151.7490867099326,151.45184052961267,53.861477928033885,3.4040363033266847
2019-08-28,151.2484420804044,152.62614591590196,150.20197607173907,151.3540496826172,151.71146413590256,151.44800559443638,48.23040176907855,2.8912566996631885
2019-08-29,152.97657299517303,153.14939210886317,151.85330002912914,151.90130615234375,151.72954432794458,151.46578208690335,49.41523217651117,1.03447897895033
2019-08-30,152.01650740121227,152.9765712569472,150.73962071515538,151.4500732421875,151.70292803406295,151.46516605377724,48.4309959573501,-1.6459831639124942
2019-09-03,152.37173289652094,152.9285570117902,151.3252522157985,151.69967651367188,151.70261836545427,151.47436254240057,49.03569433572232,0.22835651360465864
2019-09-04,154.0902284240358,154.7622701041029,153.4565828473683,153.60060119628906,151.8833786350576,151.5577444503962,53.5070243307543,1.1186836288564022
2019-09-05,156.5384034887301,156.8264255548751,155.03109631057075,155.41513061523438,152.219735966503,151.70901449607612,57.35329530503136,2.6180623674616883
2019-09-06,157.402458383601,157.8152934387135,156.39438845537074,156.59600830078125,152.63652380786283,151.90066131194692,59.69044293444612,3.2276481398219032
2019-09-09,157.91129275754466,157.91129275754466,153.98463525592487,154.32066345214844,152.79691805969955,151.9955633566607,53.595672068843506,0.4687886963015165
2019-09-10,148.0418311677545,148.51226769126896,143.65434733391626,145.00802612304688,152.0551188276374,151.72154228867586,36.96120612114571,-6.6963264458160525
2019-09-11,146.64973898459937,147.73461571858152,145.01763352643678,145.49766540527344,151.4305994540789,151.47746868540517,38.04990891215289,-7.0872450811075005
2019-09-12,146.45774249207642,149.18432029615622,146.30412876100982,148.2722625732422,151.12980546542778,151.35177432806546,43.956477293606106,-3.9193720034658424
2019-09-13,147.87862146540976,148.1378427853976,146.48653192743382,146.5057373046875,150.68941802154777,151.161733660482,41.259240269428204,1.0328470924566195
2019-09-16,145.44965661156044,145.9872899620606,144.68160268967017,144.9312286376953,150.14101903260945,150.91740013017665,38.964291971255875,-0.3893098669317858
2019-09-17,145.59367215938389,147.97464097591808,145.44966844642917,147.81143188476562,149.91915358995766,150.79559745388602,44.99185102281703,-0.3108003347887981
2019-09-18,147.70582625776288,148.8002984391164,146.90897152011078,148.5986785888672,149.79339406604427,150.7094437729049,46.54571295536072,1.4285729164496843
2019-09-19,148.31067143284776,148.62749428688326,147.48501586914062,147.48501586914062,149.57354852348203,150.5829956198161,44.62530240950463,1.7620682964258645
2019-09-20,146.64016117470456,146.9176210402295,145.37286983115482,146.0065155029297,149.23383109295324,150.40352581131077,42.13955617307785,-1.2210939024276941
2019-09-23,145.01763446664296,147.05296495829495,145.01763446664296,146.6689453125,148.9895562567196,150.25707167410252,43.65396147281272,-1.2986207513367218
2019-09-24,145.6320989223359,145.92012102931338,144.25919989382206,144.6432342529297,148.57562082778722,150.03692118699772,40.189797115875095,-1.9268273454520775
2019-09-25,142.72308616866113,144.56640688277125,141.7726177452279,144.34559631347656,148.17276135023383,149.8137319762714,39.691409975022935,-1.1375651173729968
2019-09-26,145.92970299453242,146.16012358883825,144.89283229427346,145.4304656982422,147.91159033575843,149.6418391810546,42.49079248651714,-0.8444047999520604
2019-09-27,147.033771199209,147.43701090338968,145.0464466686035,146.04490661621094,147.73381093389676,149.50078300204112,44.07416430772065,0.9690549098412875
2019-09-30,147.23537583296994,148.49305698915276,147.0145652744839,147.93621826171875,147.75308782226077,149.43942752202847,48.75145852535679,2.4875174857737976
2019-10-01,147.917031519783,148.37785802581635,145.35364837203423,145.89129638671875,147.57577435220915,149.30028512456533,44.42522325795124,0.31687355621397323
2019-10-02,142.11823241279913,142.41584982442467,140.10209272524366,141.03335571289062,146.95268686275026,148.97609181430357,36.20549933494226,-3.431513648394522
2019-10-03,141.24458400083518,143.47193908691406,139.6316838207736,143.47193908691406,146.62118707457537,148.7602426877393,42.00618553367623,-3.0177053511715344
2019-10-04,143.86555436814484,144.07676955859506,143.34711175543617,143.58712768554688,146.33222903752505,148.55737543275137,42.27319717969329,-1.5793736557554063
2019-10-07,143.0014876162185,144.54719078547265,142.9534815005205,143.8079376220703,146.09182033129127,148.37112296958742,42.81671207856125,1.9673231875926265
2019-10-08,143.0302753416883,143.24149051201377,141.62762378611055,141.6477813720703,145.66857852565118,148.10746251478284,38.95282727390341,-1.2714386704836345
2019-10-09,143.15512519243413,143.86557773474092,142.60788175118185,143.33753967285156,145.44657482538454,147.92040671706005,43.265829396606975,-0.1738233898249609
2019-10-10,142.1950559241139,144.5856201594304,142.08944831574058,144.15357971191406,145.32343243362544,147.77268801097588,45.276583139267544,0.24034979957233185
2019-10-11,145.98728605236911,148.4450468170685,145.92008921006124,147.1969757080078,145.50186512642375,147.7501110579183,52.095593079537466,3.91760060213105
2019-10-14,148.1474602231611,149.02112190074675,147.9362449901313,148.58909606933594,145.7958871209868,147.78301243091508,54.866068410756974,3.663769036688043
2019-10-15,149.20349004051982,150.91240210461308,149.16507929222098,149.86593627929688,146.18351085034968,147.8646957190869,57.30500354652427,3.962687974033499
2019-10-16,152.5445389024766,154.74693138713147,152.15090922266634,153.4853973388672,146.87892861116086,148.08511539045085,63.35080122540429,4.272113336984322
2019-10-17,153.32218842816934,154.02303091175295,151.28685782681958,151.31565856933594,147.30147432146325,148.21180335825028,58.0445668773012,1.8349680912842405
2019-10-18,150.73002890407142,150.8452318816639,148.87038857033258,149.62596130371094,147.52285403405827,148.26726053258207,54.23479925112402,-0.1601264313584305
2019-10-21,150.7780264703652,150.85002832727398,149.136310885788,149.81796264648438,147.74143580667027,148.3280723801861,54.59945080340103,-2.3894355788686523
2019-10-22,150.71082855812148,151.0468567865385,147.70583848006314,147.7538299560547,147.74261620184973,148.30555306943583,49.98810785204076,-2.3539061634187366
2019-10-23,146.89933868965826,147.3937708998467,145.5456600317678,145.90087890625,147.56721264988784,148.21125212185993,46.21472766937847,-2.489596300671219
2019-10-24,147.0337745926072,149.43393424739614,147.00497384870266,148.8386993408203,147.68830662045283,148.2358578951525,52.355495336988895,-0.6536354442189058
2019-10-25,148.80987259023254,150.23076275571108,148.6322631507239,149.85633850097656,147.89478584716937,148.29940615420443,54.301803491688474,1.4229807413772004
2019-10-28,150.74922792128515,152.20851440724314,150.74922792128515,151.16204833984375,148.20595370361454,148.41166663207264,56.743478870859335,3.6059888556081727
2019-10-29,151.0852216805526,151.92048707165156,150.32677779375803,151.47885131835938,148.51765823835214,148.53194838447604,57.3390675979675,1.7738343517054491
2019-10-30,152.2373131722939,152.28530463941553,150.6243984831738,151.82447814941406,148.8325934679771,148.66106719878735,58.01820671092397,1.3133509520684534
2019-10-31,153.19737948950652,153.92702266510105,152.80374983648133,153.72540283203125,149.29857531217272,148.85966859616946,61.63562455140676,1.695765915016278
2019-11-01,154.11904426118943,155.59755075157904,154.11904426118943,154.9351043701172,149.83538760340554,149.09792097946152,63.77480038580616,2.2816736604992407
2019-11-04,165.03497429591084,165.98544280619788,162.5868231335501,163.20126342773438,151.10832815810352,149.65099323233497,74.31429953820684,7.493380130129049
2019-11-05,161.6747392051324,161.6747392051324,158.1417114278306,158.986572265625,151.8586371207246,150.01709437089536,64.07755632531234,3.4224463469725888
2019-11-06,158.66975294331462,159.15457521481792,158.18011101544857,158.8329620361328,152.52285854123969,150.3628146714929,63.73297425833552,2.5158002002594686
2019-11-07,159.3609958925376,159.56260108744524,158.2761191076167,158.37213134765625,153.07993214185078,150.67690552153854,62.64460480874244,-2.9590041024507556
2019-11-08,158.8521621916236,159.12097888265177,158.074498211066,158.31451416015625,153.57846376264177,150.97641958579806,62.500892581022256,-0.42271375242049786
2019-11-11,157.2584736093387,158.160936041393,157.0088476135883,157.83450317382812,153.9838008494214,151.2453640402306,61.240423949693614,-0.6286219494399082
2019-11-12,158.13211584058502,158.70814533420534,157.05683441688709,158.4297332763672,154.407222985321,151.5271040102752,62.25691055769568,0.03637125308649826
2019-11-13,157.44088355091048,158.1993275828745,156.86483935364765,157.31607055664062,154.68425608735143,151.7541223062111,59.132265850152734,-0.6306709203589294
2019-11-14,157.4024543188587,159.26498040209077,157.08563151248728,158.86175537109375,155.08211316199356,152.03285301463785,61.98413683447833,0.6508413411573766
2019-11-15,160.2442557310329,160.8106898690412,159.95623365511648,160.33065795898438,155.58197457123077,152.35825713010243,64.51816874883683,1.1998534891813433
2019-11-18,159.09217505964472,159.3705871094567,158.42011869567872,158.74655151367188,155.88336285146326,152.60877847847772,59.88239299224086,0.909303767866624
2019-11-19,159.0825878809109,159.3322138745846,157.19126079527493,157.6616973876953,156.05272804539013,152.80693216119215,56.868789968921234,-0.7554102499970224
2019-11-20,159.38020972840062,159.70664260221574,157.11445823943532,157.8441162109375,156.22333644210892,153.00446879059393,57.25830269220292,-1.5508835176632154
2019-11-21,159.14977698932623,159.6489996075917,158.66974509909429,158.8041534423828,156.4691285373731,153.23190740438957,59.339466150306,0.03628546772304317
2019-11-22,159.81222685855644,159.89862908484096,158.23772280992384,158.65054321289062,156.67688231599382,153.4444029262916,58.8457399197496,0.6271947096723867
2019-11-25,159.99462065485216,161.0794973976381,159.62980638557488,160.96429443359375,157.08520727957477,153.7393006324603,63.73964780239042,1.9767466140369465
2019-11-26,161.72273918158655,163.48925300312845,161.61713158087423,163.24923706054688,157.67225773490546,154.11223931591468,67.81060993317178,2.7990978332797978
2019-11-27,163.9596975973429,164.5549324764417,163.61407403703137,164.0557098388672,158.2802055543304,154.5021793364226,69.12804224837846,3.406963831648188
2019-11-29,161.7995380519845,162.72599602874527,161.3579169431102,161.5499267578125,158.59160757370964,154.77856158824184,60.80143910350533,0.3638274725953924
2019-12-02,160.5130629255769,160.589869784568,157.56566014061067,158.51612854003906,158.58441909431244,154.92513284125351,52.548611773633915,-2.899314328037177
2019-12-03,160.50345655166066,161.3579273837827,159.48579128342152,161.30992126464844,158.84399072958254,155.1755167009945,58.17828185439062,-1.673692782113843
2019-12-04,162.1163878085746,162.36599914427256,160.74348883870493,160.9259033203125,159.04226811917587,155.4010220586148,57.17418405104105,-0.3862728074371117
2019-12-05,161.7035571376404,161.96277849486825,160.0762564298166,160.2730712890625,159.1594874686889,155.59208281275002,55.422968798825714,1.1083684450315459
2019-12-06,160.89708704157067,161.1851091084373,159.20738004504963,159.53379821777344,159.19513611145885,155.74665988745681,53.427289232069754,-1.1010624969316396
2019-12-09,157.25845186942985,158.10329804376943,156.711208476934,157.1432342529297,158.99971688683704,155.80142750963222,47.4742432024093,-2.350565688516694
2019-12-10,158.4393266961469,159.22658603866728,157.82488645417942,158.2569122314453,158.92897358632354,155.8977210281347,50.25503926653622,-1.2579524691212278
2019-12-11,158.612156926606,159.3610055662569,158.34332556805845,158.63134765625,158.90062825964986,156.0049220723745,51.19066401776484,-0.5656798569363571
2019-12-12,159.32258104624137,160.56107152366368,159.02015861223336,159.58180236816406,158.96550198427028,156.14519188789566,53.57748818574931,1.551812349305081
2019-12-13,159.52420787138544,159.6106100993399,157.01844071482688,157.3832550048828,158.81481179575718,156.1937433826795,47.75957708219048,-0.552049963722789
2019-12-16,159.1017743715912,159.3129895798941,158.15130593422828,158.65054321289062,158.79916716881752,156.29008847406033,51.058600276831775,0.012100733508373939
2019-12-17,160.33064885080162,160.92588369764593,159.87941770902916,160.74346923828125,158.98433879448072,156.46473085697096,56.000455655497134,0.7279444478494845
2019-12-18,160.71466456478058,161.30030403342707,159.78340156300814,160.8394775390625,159.16101867491707,156.63628955038632,56.218849505269446,2.1960548052411664
2019-12-19,159.37060520633315,160.7626949122891,159.07298774533572,159.86984252929688,159.22852570866752,156.7630955495593,53.33930518742179,0.7685440539400434
2019-12-20,160.61866716771414,161.11790441601443,160.08103381542617,160.34024047851562,159.33440330579592,156.9033757428517,54.55539584848646,-0.2508523435984145
2019-12-23,161.2907131092361,162.23157150053834,161.04110180321194,161.85714721679688,159.57466463065316,157.09764129084954,58.327171676734615,0.6327238146413509
2019-12-24,161.31949834410906,161.78032480686244,160.41703614455224,161.30029296875,159.73901018666237,157.26245116057112,56.474149622592904,0.8947593972834423
2019-12-26,161.11790947170692,161.57873598106966,160.4458531108485,161.35792541503906,159.8931925893649,157.42305799407967,56.62772869377203,0.6347033866771576
2019-12-27,161.7227427857281,163.47485627573897,161.51152757959633,161.98196411132812,160.09212321050427,157.60183862612863,58.34174517727644,0.07711546674183382
2019-12-30,161.02189997636722,161.02189997636722,158.6217405021779,158.69854736328125,159.95940170124493,157.64484681189933,47.667757013544154,-1.6129825666050135
2019-12-31,158.4105270716314,159.21697714813743,157.68088385708944,158.928955078125,159.86126392761446,157.69520399881014,48.38144572663489,-1.5053306682435041
2020-01-02,160.37864962529144,162.0337985644301,159.97542461511486,161.78033447265625,160.04403255095178,157.85540519386294,56.32036140489545,-0.12447659822997179
2020-01-03,160.10025765547968,161.05072623161897,159.62791662651188,160.0714569091797,160.04664439459253,157.9423091826989,51.23456436543966,0.8651053010306844
2020-01-06,158.18011230306655,159.6490087997989,158.18011230306655,159.22659301757812,159.9685442634483,157.99267325465493,48.88426508794524,0.18727735251692468
2020-01-07,159.35137779844493,159.4857861380381,158.58332386530813,158.62173461914062,159.84027667827615,158.017342327772,47.214381956926495,-1.9524003728954364
2020-01-08,160.36907764210358,162.22200870501854,160.0906655390819,161.80917358398438,160.027790669296,158.1660415927215,55.78578226274049,1.0855880919423517
2020-01-09,163.94049615851375,164.170916754062,162.25078907272797,163.12445068359375,160.3227106706577,158.36048900804985,58.7615470248824,2.447994139763647
2020-01-10,167.4543355469111,167.55034779201284,163.52767790248558,164.46853637695312,160.7175512141144,158.60002027741862,61.6053636744536,3.686002912432516
2020-01-13,165.8126256346253,167.3295135498047,165.28458761381677,167.3295135498047,161.34726191275158,158.94235334692397,66.84624232777266,3.4116359681888317
2020-01-14,166.73429006126952,167.12311475553855,164.36293113729593,164.69895935058594,161.66647119254532,159.16810260196954,58.88701948355227,0.9652192914023672
2020-01-15,166.052649384157,166.40306331260683,164.96777254948813,165.6878204345703,162.04945683464294,159.42377781109113,60.77762228845178,0.7413479103520769
2020-01-16,165.68782540114148,166.48468017578125,163.76289264284262,166.48468017578125,162.4718590576085,159.70067594303976,62.28281428102821,-0.5048920277724811
2020-01-17,168.00156967598275,168.39518470052457,166.4558663716365,166.99349975585938,162.90249150506096,159.98666903373856,63.25254653934918,1.3931723760252614
2020-01-21,165.466995818841,167.33911723140278,164.8237402045714,167.19509887695312,163.31131125476497,160.2693525570019,63.65130588784928,0.9097098618531425
2020-01-22,168.01116239681457,168.2799790846966,165.68780979474218,166.20623779296875,163.5870185441177,160.50217158586335,60.20054109181328,-0.16724805100295673
2020-01-23,165.09259252888563,165.98544491248128,163.91170339976497,165.38059997558594,163.75783582330516,160.6934825031074,57.402354190079016,-0.9658458458751147
2020-01-24,166.83991346800082,167.06552908413263,164.99659242636366,165.59182739257812,163.93250168704543,160.88557445955723,57.940972295330425,-0.9589225372897588
2020-01-27,160.7146643783339,161.9339494311985,159.97062083884748,161.33871459960938,163.68547434538485,160.9033446611279,45.47312564280782,-2.9286044001684832
2020-01-28,162.74040297032437,165.19817850575612,162.6828014885286,164.41091918945312,163.7545643305342,161.04089660341518,53.29170123522649,-0.5863328505737433
2020-01-29,165.23657689008812,166.25424214761384,164.4205168216289,165.7550048828125,163.94508247837024,161.2257635947641,56.247541786308204,0.09854199497872602
2020-01-30,163.67169947636276,165.66863426715636,163.24926899088922,165.59182739257812,164.10191532734243,161.39698178291366,55.785979843087794,2.6361390094892
2020-01-31,162.6444065196037,163.61406565189455,161.828346456704,162.07797241210938,163.909158859225,161.42368729778408,46.86722969848369,-1.4189731368483265
2020-02-03,161.92436872872355,169.528072487727,161.6027409006375,163.45086669921875,163.86551198684344,161.5031845292129,50.216153948625866,-1.3900866433702908
2020-02-04,161.53074383903638,162.2795924750742,157.84410214632524,161.799560546875,163.66875470684644,161.51480711814082,46.42581873778983,-2.2901292324726743
2020-02-05,162.76921668850207,163.0476434052605,160.17704725515176,161.17552185058594,163.43130395863116,161.50150181353084,45.042181646042614,-0.5568002536635956
2020-02-06,160.89707803016424,163.2588412669018,160.34023930525197,162.0587615966797,163.3005856384453,161.52335513836022,47.43026866868899,-0.8516963725256994
2020-02-07,160.7338806130538,161.5787414499901,160.05224351458926,160.10023498535156,162.99579033815067,161.4675465049089,42.971297283873305,-1.050265869560953
2020-02-10,161.069918835669,161.30993480207218,159.76423139245932,160.85870361328125,162.79225826911548,161.4436703130804,45.122904758422365,-0.1965672167008006
2020-02-11,163.10523879496392,164.70854358695613,162.95162507072953,164.32452392578125,162.93818833165508,161.55664496455887,53.71606534302368,1.39811159037512
2020-02-12,165.55337963760775,167.2306051066615,165.4765727869885,166.84945678710938,163.3106900893174,161.76420621250202,58.78010573666773,4.21562267061965
2020-02-13,164.53573657660004,165.98542762182294,164.26691988807409,165.4285888671875,163.51239473482883,161.90790749307791,55.12496760236989,2.840931296383355
2020-02-14,166.06224040328192,166.7726929050933,165.57261312802694,166.3406524658203,163.78175261397087,162.0817406292639,56.9744735070393,1.2269188383285177
2020-02-18,169.57606407608043,171.76979860126272,169.55685869933325,170.57452392578125,164.42868321509567,162.41479095461753,64.32491173924532,2.232591708958845
2020-02-19,173.15710705785352,173.72354118237195,171.79381822368887,172.05303955078125,165.15481238992288,162.79276148780042,66.47859664391689,4.004417089546787
2020-02-20,171.82261169028146,172.7058685884223,169.7584804733601,170.74734497070312,165.6874345404734,163.10470593811033,62.869036530990066,2.6491975590803336
2020-02-21,169.28806765736763,169.28806765736763,165.80303104523784,165.9950408935547,165.716730383624,163.2180524069513,51.836918163041794,-2.684740327470674
2020-02-24,155.41513303660727,158.50653965261208,155.39592765872217,156.48080444335938,164.83711838931308,162.9538466044575,37.60835970323772,-9.05083406144984
2020-02-25,158.41051850313647,158.7465466748769,154.80068408254965,155.0598907470703,163.9059538519566,162.64427970808939,36.01826510380249,-9.187524541786855
2020-02-26,155.42473829500364,157.81530258919864,153.4758098238138,153.5142059326172,162.91626357392428,162.28623759924733,34.31844077214082,-7.518799895317903
2020-02-27,151.77646588923764,154.925473634033,149.5683164628555,149.85633850097656,161.6724611860245,161.79879057578574,30.633961494658923,-4.233404835786513
2020-02-28,147.9554413932888,151.69008920612123,146.41933336434812,151.4500732421875,160.69890042946858,161.39295852348778,33.96073739781078,-2.3280149931042153
2020-03-02,150.1155661308541,155.01189703717014,148.46425533535825,154.77188110351562,160.13442239842544,161.1333084285869,40.379021086338035,0.8192565393267094
2020-03-03,154.7718753373687,157.04722161583246,149.88513997667036,150.4707794189453,159.21407544799877,160.71517003605194,35.559907123764674,0.4100199725383961
2020-03-04,151.28685505663623,154.2294529416039,149.32831670491834,153.97503662109375,158.7151193692459,160.4508510786026,41.66817306507576,1.6671919166843316
2020-03-05,149.39553067920954,150.97003474815824,147.00496650861442,148.03224182128906,157.69770245991668,159.96384679400208,35.519178182003785,-4.3545631378085465
2020-03-06,146.18891015650016,147.16816462616896,143.33751966963072,146.1024932861328,156.59339682431823,159.42026430349742,33.77614970747773,-2.903079355128603
2020-03-09,135.53220557282611,139.50686913893105,131.70154571768433,132.22958374023438,154.2730336734531,158.3539631049381,24.47687525119099,-14.12271323849152
2020-03-10,140.0637169875319,141.55662391859107,135.72422420633362,140.49574279785156,152.96091073291964,157.6536407399543,35.81615659180201,-5.091119968672695
2020-03-11,140.50533801953046,141.4942025265975,134.75455078717076,137.3275146484375,151.47201586773087,156.85653775597328,33.72605000522339,-6.006043045761069
2020-03-12,127.64050247419812,129.5222343098762,123.11860935817651,124.79872131347656,148.93170210065904,155.5993684837185,27.012753985757968,-5.619667109711074
2020-03-13,138.18196920884256,138.18196920884256,127.3716566026282,136.59786987304688,147.757051412315,154.85421167545687,39.27250833306421,-2.7743708436867265
2020-03-16,124.19386791239424,134.10171984022088,122.62896637688544,124.1554718017578,145.50928192559527,153.6503395235471,32.98121970929886,-9.591699726307958
2020-03-17,133.45847484762066,134.380142619285,127.746097684543,131.15432739257812,144.14214339864125,152.76814296939145,38.909544099972265,5.09268525527372
2020-03-18,128.75414994293885,133.06484144901913,125.00029716911511,128.69654846191406,142.67113435704817,151.824158871059,37.65003504972085,-5.784366490104309
2020-03-19,130.53989533935615,133.91932451635003,127.83250799174404,131.24073791503906,141.58252517209493,151.01696589239157,39.82162064572148,5.706769110099705
2020-03-20,131.93197513652862,142.07985726484387,131.7015545341515,133.98651123046875,140.85909527289243,150.34910492525734,42.16286853772301,2.159428433812314
2020-03-23,127.50606334465104,132.12396760387742,124.32825469970705,124.32825469970705,139.28472950401763,149.32867942621615,36.74722359892745,-3.3942586762532736
2020-03-24,135.16738567188074,143.99037497196926,133.4104816830789,139.1612548828125,139.2729700162838,148.9299568951023,47.83015254488617,6.0351054814252265
2020-03-25,143.37593746394427,150.67242886975518,142.0702499907806,147.90744018554688,140.09530050859456,148.88985820060992,53.053539130493384,10.389798814249955
2020-03-26,145.5936800029344,151.46928084801448,145.16165419138449,150.90283203125,141.12458922503794,148.9687983508311,54.725425036137445,21.374527773858933
2020-03-27,146.51534230433805,147.91704194783028,143.51033781586798,144.0383758544922,141.40209271355738,148.77544844901388,50.304175840451535,3.50465434922005
2020-03-30,145.17125129853235,148.2626432071335,144.48959956580342,148.12823486328125,142.04267768019776,148.7500675240832,52.753318290085275,0.14927895274057382
2020-03-31,146.36174159657594,150.20199727454138,145.459279168348,146.47695922851562,142.46499020860898,148.66092602229622,51.646613180673334,-2.932928920656595
2020-04-01,146.62094567097174,146.91856310702076,141.14858490491102,142.52146911621094,142.47036915219013,148.42016300637133,48.995062908050436,-1.0531267999117344
2020-04-02,140.4861404013139,142.33905654038668,135.8874265043352,136.18505859375,141.8717681466244,147.9403549901901,45.00865496223866,-8.062727730843827
2020-04-03,133.5448805850287,135.0713785128305,128.87896992597686,129.44540405273438,140.68830489958725,147.21506279656438,41.17153406788426,-11.627463640346793
2020-04-06,134.2841219548488,141.30218614242116,133.36246889036337,141.13897705078125,140.7312260568438,146.97678492418075,49.254989895933335,-0.9700237262516666
2020-04-07,144.5376089343534,145.3728597578264,140.16931568683356,140.63014221191406,140.72159902399335,146.7278969746801,48.939862196229534,3.264002427332408
2020-04-08,144.6720165734875,148.80988921351891,144.0575763265823,147.8594207763672,141.40139157183847,146.7722704570992,53.49249086752847,14.225315188580339
2020-04-09,147.84982976208278,152.26612923811737,146.73615220386029,150.76841735839844,142.29348926579655,146.9289821002874,55.22259445895045,6.822665509437944
2020-04-13,151.1908562911833,151.30607391881847,146.41933761762184,147.29299926757812,142.76963307549005,146.94325728331842,52.700217641526194,4.737858435515108
2020-04-14,149.347540927292,150.83564293193902,148.2722740255969,149.53955078125,143.4143871427053,147.04507271460986,54.15786348004882,1.136302303945825
2020-04-15,146.74576065913982,147.13937569155215,144.0095729140091,144.5856170654297,143.52593284963143,146.94862347346555,50.464695789174975,-4.100859053439113
2020-04-16,148.54107294017751,149.96196326839006,145.92010285685717,148.13784790039062,143.96516285446563,146.99525972550182,52.94268992500821,0.5735836984877438
2020-04-17,156.38478448961484,156.86481636718742,154.1622345525482,154.8966827392578,145.0062599863506,147.30511945153148,57.317787114350196,3.582418116157345
2020-04-20,153.8122111204618,154.1217820709884,151.52906815812372,151.8966827392578,145.66249072472272,147.48518075693252,54.87885478314763,5.056564976666822
2020-04-21,153.183364545789,153.84122677734436,148.10434040491913,148.16238403320312,145.90057580172086,147.51173774815882,51.91746033185096,0.016563041221577854
2020-04-22,152.1675728971704,153.58003196987562,151.35493249132583,152.87380981445312,146.56469332674297,147.72201508409194,55.20202336451554,-1.305949804109007
2020-04-23,151.43230925542335,154.0927504085571,151.19045096877483,151.90635681152344,147.07342318243636,147.88610691654023,54.3805453087717,0.006368850254769079
2020-04-24,152.85445292144072,152.85445292144072,150.12628408107415,151.25819396972656,147.4719727812259,148.01834562450833,53.80286796808298,2.089470925244877
2020-04-27,152.4287756950204,154.30559850265553,152.3320412301908,153.33816528320312,148.03065778141422,148.22696600328067,55.43876836979167,0.30375083169157635
2020-04-28,154.3346430966968,154.3539958972628,150.78416442871094,150.78416442871094,148.2928965097282,148.327248294474,52.95889701629649,-0.7387395803355689
2020-04-29,153.82188388842658,154.73127348840663,152.12887573242188,152.12887573242188,148.65822786427046,148.47633172341315,54.12250835347662,0.5756261792135203
2020-04-30,151.27753110720002,152.96571215009348,149.52163741363233,150.5519561767578,148.8385829416502,148.55772876079922,52.48299768390836,-1.8170356357788753
2020-05-01,148.68482726578907,148.89766377420787,142.29009251814944,144.1378936767578,148.39089824975568,148.38440189475838,46.33474834642374,-4.407804212819316
2020-05-04,149.23622866101869,154.71190369550294,148.26879553528752,153.36717224121094,148.86482910608476,148.5798046534428,54.57992453856407,0.8139786104559736
2020-05-05,150.46486639448506,152.38522165696628,149.24106413352928,150.958251953125,149.06420271056479,148.6730770965676,52.32039939117539,0.26987080519244117
2020-05-06,153.17371835288608,153.66710402867835,150.426211284406,150.62936401367188,149.2132656918131,148.7497942305717,52.00385835694434,4.503652836409396
2020-05-07,152.7480328127692,152.7673856107809,150.3971771385031,152.15789794921875,149.49370685918507,148.88344535679315,53.41451528348044,-0.7884831377671095
2020-05-08,153.17370304198676,155.36978057822648,153.0769538155285,154.66354370117188,149.98607227270762,149.11011588010211,55.712391234727924,2.45451421178183
2020-05-11,153.54133526829818,155.92121276047334,153.04793487070944,154.8376922607422,150.4481313191871,149.33472671855858,55.87529931776097,2.793829924614396
2020-05-12,154.92474701762714,154.97312162842528,151.7709202024944,151.79994201660156,150.57687519513132,149.43140182828577,52.263872270247695,-0.23525294279279008
2020-05-13,153.07694980073282,153.18336804230208,148.4381094176101,149.71995544433594,150.49526379029368,149.44271765636617,49.886301561688505,-3.1963500502662283
2020-05-14,146.2759063949843,149.9328029477194,146.05340087784288,149.76834106445312,150.42603305449933,149.45548720178135,49.943348732868806,-3.273977493640516
2020-05-15,152.3900685141836,153.5026106924648,151.00663148260466,152.26429748535156,150.60110585743763,149.56563662466647,52.920590066868975,0.30589963512582624
2020-05-18,156.1243941926807,158.9492977208555,155.92122669988802,157.45944213867188,151.2542807413647,149.8751976252157,58.45888102167262,5.169308707958696
2020-05-19,154.56681616586673,156.11470052557533,152.9898952274314,153.0963134765625,151.42971243043115,150.00151589389597,52.837160096680705,2.2220800393837408
2020-05-20,154.76029224627823,155.29238346573726,152.87380043352294,153.61871337890625,151.6381887112383,150.1433667756611,53.414799096912496,0.8895163974240171
2020-05-21,155.62130680860415,155.63097582643837,152.6851434723225,153.58969116210938,151.82404608751176,150.27851675160025,53.37568689963477,-2.4576176087010873
2020-05-22,154.33463393972994,155.64163432695193,153.6864553969123,155.25369262695312,152.15067909126807,150.4736216878886,55.39250289539652,1.4091646633417454
2020-05-26,158.73644113606204,159.07503389875168,157.16920407675897,157.47877502441406,152.65811679918673,150.7483335834386,58.008245059723585,2.5127548334471643
2020-05-27,159.56843778911374,159.61681240252213,155.87283580023237,158.049560546875,153.1715876322999,151.03465620945573,58.67764197636791,2.903755682442492
2020-05-28,159.43299591588146,163.8735108056961,158.94927931101645,161.26144409179688,153.942050152252,151.4357067146456,62.31785518629874,3.8696351521115204
2020-05-29,164.45398108561793,164.54104653400296,161.64841584438005,163.21566772460938,154.82525182580983,151.8976659699383,64.37424281572197,3.642962487678684
2020-06-01,162.99315288002666,164.86997578208272,162.96413106293178,163.9315643310547,155.6925196834522,152.36958355272716,65.12507584032215,3.721619828506374
2020-06-02,163.89286409110207,165.78902492117638,163.89286409110207,165.63424682617188,156.63935083990168,152.8897664261956,66.91126511106371,2.711623202311034
2020-06-03,168.46883096510624,171.1969999032555,168.28501627981615,170.4520721435547,157.95484810691624,153.57848429746457,71.3782319108694,4.433645690899698
2020-06-04,168.43011818869522,170.4617189570615,168.2849943583315,168.32369995117188,158.94235780636916,154.15672804859034,67.07053123687972,2.679249501485514
2020-06-05,167.6561887857502,168.5462256234828,164.83128540637443,165.28598022460938,159.54651232239203,154.593169310395,61.37713808059333,-0.210262435598838
2020-06-08,165.75032911221936,167.31756614580553,164.24113570774986,166.97897338867188,160.25436575727582,155.07888711738627,63.24952078882554,-2.037580835014883
2020-06-09,166.43720571842377,169.6200692988461,166.1566565780807,168.82676696777344,161.07078492018036,155.61801966053872,65.23072282158307,0.2988687966979662
2020-06-10,170.07475069768748,171.21631472882976,168.85577548127503,169.95864868164062,161.91724813555751,156.18039726920938,66.42475816305651,2.8270204470345863
2020-06-11,163.84448843416985,165.41172550481744,158.92992597400104,159.9070281982422,161.72579861771797,156.32653965858321,50.00249758218423,-4.235230967655153
2020-06-12,164.6377634006344,164.95701810577748,159.6264668600531,162.42234802246094,161.79213665626492,156.56559096697057,53.1255613459803,-3.7934855120071154
2020-06-15,159.37495558473307,164.37658361116289,158.88155518996595,164.1734161376953,162.0189251783059,156.86393705209704,55.22250538870121,-3.403905943487446
2020-06-16,167.64650831072527,167.64650831072527,163.0995748005898,164.16375732421875,162.22319490648806,157.1502045137489,55.20783448398308,2.662002523553468
2020-06-17,163.40913177095013,165.27627060604595,162.85768780709824,164.27981567382812,162.41906355099664,157.4297971082618,55.36129254114271,1.1436034966754227
2020-06-18,162.8867373003014,164.10571268570973,161.7935477274665,163.08990478515625,162.48295319234518,157.65176211519884,53.34343122183086,-0.6599797811542774
2020-06-19,162.78997721976015,164.3281923564616,162.28690785790866,162.73193359375,162.50666561152659,157.8509845261224,52.72086444828633,-0.8721923485467861
2020-06-22,167.09503815403195,167.09503815403195,165.03440102662108,165.86639404296875,162.82663974785441,158.16531431109678,57.408242214000545,0.9657780309972598
2020-06-23,169.13633643664886,169.89093309954208,167.39495384464212,167.414306640625,163.26356040430875,158.5280198926469,59.541477556833456,2.651544779037935
2020-06-24,165.04408979307564,165.93412645762734,162.04504133233135,163.1962890625,163.25715360985077,158.71108927185685,51.91149758209434,0.2853499362388418
2020-06-25,162.3159517384777,164.62811664733238,160.91317645903922,164.55072021484375,163.38035042937392,158.94009440687594,53.9520480557515,-0.793213016847865
2020-06-26,166.56298130573185,166.80968150890598,163.40915421696067,164.0960235595703,163.4485097751069,159.14228770698162,53.136871688056836,-1.9820785616475314
2020-06-29,165.5955273033177,166.17308500076422,163.6026174148559,165.41171264648438,163.63548147714286,159.38814750853075,55.24409325175063,1.3575208092727675
2020-06-30,163.01251308186235,166.35015505609212,162.61586188107177,165.44076538085938,163.8074132774968,159.6255050721515,55.291899379724555,0.5408941175423284
2020-07-01,164.13472281094977,167.1434407002795,163.29304587577795,166.34046936035156,164.04865671395916,159.88883700502208,56.829753187797195,1.367763674033496
2020-07-02,168.2656758727318,169.1267057276294,166.37918378819884,166.55332946777344,164.2871969762272,160.15018965062018,57.204815181573885,0.6901668588178578
2020-07-06,170.07475562448047,171.44850896565353,169.47493701612805,170.2779083251953,164.85774091422417,160.54735508883883,63.22534502124221,2.923791444750877
2020-07-07,170.6939316923586,170.99383364973343,167.55944252504705,167.85934448242188,165.14360792071918,160.83409977094013,57.562383138175555,0.9131122016855071
2020-07-08,169.86191289416138,170.84869883261436,168.3527195540911,170.18116760253906,165.62337550946393,161.20065145061068,61.15903726223563,2.1781840965644452
2020-07-09,171.4291739908033,171.8451779767086,168.79775429244228,171.77745056152344,166.20947789537436,161.61542788633275,63.45239616591692,0.8806440313233774
2020-07-10,172.4159507498837,173.460780405576,170.83902986742316,173.17054748535156,166.87243690394362,162.06856983139232,65.37390210644871,3.1640794376424326
2020-07-13,173.6542397634883,174.47656379524506,170.1424529208,170.5874786376953,167.22625040239618,162.40264468654146,59.16277145329315,0.23875205516581963
2020-07-14,168.59460957754715,172.367593637986,168.54623495895467,172.2998809814453,167.70945331468656,162.7907716000671,61.756801372168745,0.30413213038970005
2020-07-15,173.2769657307052,174.54236709149868,172.39659795203954,173.17054748535156,168.22955752141655,163.19782163478413,63.04225064360721,0.0
2020-07-16,171.39048580883735,172.1837734332914,170.71328545580084,171.6129913330078,168.55178931299668,163.52782828961645,59.2081891741341,0.601165281005501
2020-07-17,171.4678795885835,171.90031352503397,169.77487135127785,171.77745056152344,168.8589951461897,163.85134288851478,59.48834942626147,-0.3032099714439934
2020-07-20,172.49333778409758,175.50688267190242,172.2127738971471,174.90223693847656,169.43454198355036,164.28471128263092,64.48009153359435,0.9999907480060851
2020-07-21,176.32436619660655,177.0886466759853,174.61202009533994,174.96029663085938,169.96080433091313,164.7033616884438,64.56745174380777,1.9504964465984145
2020-07-22,176.7306978798706,177.52400022542625,175.42467185794385,177.06930541992188,170.63780443462826,165.1883006583057,67.67729090728447,3.0806458246410626
2020-07-23,178.00771432409877,179.32342410740344,175.8406585745794,176.24697875976562,171.17201151321277,165.62197430934336,65.27175686178595,0.7688534148148646
2020-07-24,173.7896968394684,174.53462452556698,172.49333991384358,173.35435485839844,171.37985373656377,165.92520491911023,57.5259820508595,-0.9178892602412762
2020-07-27,175.42468220184105,176.7307083007775,173.17540272989993,174.0702667236328,171.63608354485606,166.24461910752288,58.828223296061694,-1.6937089628136328
2020-07-28,173.17055093790503,174.29760417365128,172.62879068234324,173.0641326904297,171.77208822538688,166.51205101273493,56.21945393188533,-1.8059010666357762
2020-07-29,174.63134730956875,176.45979531728318,174.05089629424262,176.2663116455078,172.20010950349362,166.89457103754955,61.995832175240906,1.6797713501272913
2020-07-30,172.47399869783732,175.61815676159128,172.23214038524088,175.12477111816406,172.47864870489082,167.21732398188738,59.00695497599349,0.6057923701613334
2020-07-31,175.09573873255465,175.90837907098015,172.25148278620637,175.78260803222656,172.79331149797042,167.55321747405753,60.19782395672531,1.5707907233785852
2020-08-03,175.64718160214187,183.09641480598876,174.46691183540253,180.3779296875,173.51565608744943,168.05614736478077,67.33624650947432,2.3326170517830613
2020-08-04,176.58558943356726,180.99225555080776,176.27601847062496,179.46853637695312,174.08259706740216,168.5036920319248,64.85725784179918,2.480383118307199
2020-08-05,181.8774480518425,182.6997722057569,180.12639625962387,180.6488037109375,174.7079500810722,168.97997092129785,66.57707925533782,2.768303265712617
2020-08-06,179.69103787499122,181.30664945759216,179.11057208257463,180.5617218017578,175.26545214970892,169.4341572303355,66.31919833488622,0.10189279507544381
2020-08-07,180.46497758583172,181.18088344807973,178.47206761146364,179.89419555664062,175.70628485513097,169.84435481175925,64.26430458012179,0.23717760688338796
2020-08-10,177.8916271823475,178.81068579912733,176.82744472384897,178.24957275390625,175.94850275025243,170.17397120164736,59.38238744006356,-1.3281189289635948
2020-08-11,181.6839565457141,183.04319900054097,179.28472636108208,179.44918823242188,176.2819013676019,170.5377052028542,61.66968872743244,-0.6161513958963072
2020-08-12,184.8377817511553,187.517575803837,184.4121087883485,186.35665893554688,177.24140208835857,171.15805632962648,71.59028088488856,3.5923690360935017
2020-08-13,187.4015033044732,190.12965742171932,187.1983358246389,187.99163818359375,178.2652340974286,171.81819679448793,73.34858274272062,5.465407450450121
2020-08-14,188.46566040080717,189.04612622884852,186.908092349484,187.97227478027344,179.18971416246143,172.45169004883246,73.2907292386961,4.749582113914327
2020-08-17,189.4911238733068,192.08385235735705,189.4330802469679,190.7681427001953,180.2924216422456,173.16998230967022,76.20866900887016,2.3672262584264234
2020-08-18,192.5192325645407,193.11903650501657,189.7427036327572,189.90716552734375,181.20811153606448,173.8263424358535,73.54413062654474,1.0189428435531183
2020-08-19,190.6810917856819,190.6810917856819,188.09803212197275,188.36892700195312,181.8900939613872,174.3966398698182,68.90851693138498,0.21101634384291323
2020-08-20,186.19221171724195,189.07515869875863,185.9232653890533,188.66883850097656,182.53568867944333,174.95633393378517,69.31462790933051,-1.100447993834036
2020-08-21,185.37953378069443,188.28183320410255,185.30213735798057,187.4982147216797,183.00831020727537,175.44817239605555,65.70698346675944,-1.2684886317874142
2020-08-24,190.9519821358208,190.9519821358208,188.61755634318197,189.0654754638672,183.58518308885553,175.9821842810678,68.10078132800214,0.3697788552497516
2020-08-25,191.81298921526545,191.8371691410913,189.1041732390904,190.88424682617188,184.28033201621898,176.56657889067972,70.66030372927928,1.1742311781835904
2020-08-26,189.6749387486997,193.45760586260775,189.61689512229427,192.79974365234375,185.09170455299275,177.20317358721556,73.10765121670062,2.8275090184371057
2020-08-27,191.99680791859151,192.08387336762317,187.98195110265775,189.1428680419922,185.4775296471832,177.67139689916758,62.4053897288277,0.040934273132161934
2020-08-28,189.72335083284668,190.30381673527313,188.88651568858504,189.90716552734375,185.899399731008,178.15123096301764,63.60460216532006,-0.5118711025524809
2020-08-31,189.30731378591815,189.79103036623195,187.9529132657829,188.40760803222656,186.13827671207645,178.55344182847682,59.58838206866204,-2.2780816700861806
2020-09-01,187.90455596073025,189.28799318400385,187.25637745483775,189.200927734375,186.42995776181917,178.9709902953748,60.991699112564376,0.03069621021603759
2020-09-02,191.11644755759232,191.11644755759232,188.65915875793476,190.28445434570312,186.79705267457,179.41465555225042,62.887305126594896,0.19867013301562397
2020-09-03,189.71366981187936,189.71366981187936,183.8123209707073,184.750732421875,186.6021650314562,179.6239134687063,49.624157021495414,-1.9409383986903888
2020-09-04,185.69880395503515,186.67592095655328,181.0454525205033,185.4956512451172,186.49678276609058,179.8541776952322,51.11868087981131,-1.9583817762562794
2020-09-08,180.46499635964648,184.38310407004468,179.7877960205078,179.7877960205078,185.85783164746366,179.85157449230184,41.06544740808988,-5.516298407711907
2020-09-09,182.8642228203992,185.54400208585733,182.53528432197905,183.25119018554688,185.60958007966207,179.98489275478204,47.776707015208636,-0.8116569913801192
2020-09-10,183.812310884546,184.9712939868158,181.4227496620981,181.74200439453125,185.24123953822104,180.05379909359573,45.353077249812706,-2.0235767390717982
2020-09-11,184.4895018787557,185.98902623903643,183.4350032702335,185.47628784179688,185.26362509094255,180.26644571117225,51.86039273839892,3.1640033123495184
2020-09-14,185.5439893618057,186.73394271365595,184.79907649688735,185.73748779296875,185.30875487208792,180.48099638104662,52.28836043344638,1.3567702370197052
2020-09-15,188.13674762532364,188.4172967760602,185.04579126781624,185.3408660888672,185.31181308320976,180.6715795068435,51.53909907453843,1.9802035893273278
2020-09-16,185.77621411187204,186.15351250574489,182.3321539499847,182.6997833251953,185.06304834435124,180.75111691148476,46.73651621946857,-1.4969592873078195
2020-09-17,181.7903668551444,184.712004341146,181.62590499098076,183.94773864746097,184.95682837321883,180.87647462662108,49.14780622859479,-0.9635906928507173
2020-09-18,182.52562374271452,183.5801224090717,180.61977911944396,181.800048828125,184.6561827022575,180.9126932227585,45.343365408733476,-1.9104352620454668
2020-09-21,177.9109479742629,178.41401733877996,174.77647405824158,178.1044464111328,184.03220781738847,180.80256589681238,39.655051199703344,-2.5152393891365814
2020-09-22,177.0886623133559,177.89163369564838,176.04770022189314,177.3305206298828,183.3939518947689,180.66640725889357,38.56398650075194,-3.5973358880264175
2020-09-23,177.46594547614413,178.1818365840742,175.385955275289,175.66651916503906,182.6580059205089,180.47033321599733,36.254312243872555,-3.3737777864320697
2020-09-24,176.0824912382532,178.74293223336025,174.91190546704627,176.87579345703125,182.10731901922532,180.32937087250846,39.108492120568656,-0.6898496802630991
2020-09-25,173.41239320952317,176.14056179508052,173.11249129306654,175.34725952148438,181.46350382896426,180.13399395678204,36.86180754232422,-1.1183980633191852
2020-09-28,177.8722855658454,178.07545305227924,176.98224870908777,177.31117248535156,181.06804370100116,180.02329507554947,41.51099543388116,0.9362360728326067
2020-09-29,177.6497665854425,178.26892325462865,176.16959494251543,176.4114532470703,180.62455889586488,179.88165421953067,40.05580487120618,-0.26252332265790823
2020-09-30,176.89516463129738,179.1637966419632,176.41144803647498,178.0947723388672,180.38362684281748,179.81158042028898,44.0104526042009,1.5668980655190532
2020-10-01,178.4817622959918,179.05254436005762,176.96288503597373,178.5881805419922,180.2126319570246,179.7636039544734,45.152649366169946,0.7202073274576785
2020-10-02,174.70876465009863,176.52270196867534,174.6749009439722,174.97964477539062,179.71425222544042,179.57599771215644,38.90212286231563,-0.8116301097947368
2020-10-05,175.34726475163842,176.79841452889335,174.7571299184137,176.6823272705078,179.4254974678278,179.46252043993493,42.917477081383915,-0.7930862033793256
2020-10-06,175.38594628423965,175.5794447204341,170.29725331608844,170.74227905273438,178.59852428543795,179.12055018945648,34.419064883821115,-4.393292694648945
2020-10-07,174.6603865026448,178.5978467815427,174.60234287152207,177.42724609375,178.48697398146766,179.05414610727192,47.111827362416946,1.398792026067485
2020-10-08,176.34373622247193,176.87582747620388,175.07640099385782,175.41500854492188,178.19440584465377,178.911434830317,44.330537776310706,-0.717286638207805
2020-10-09,175.8696598043058,177.4272277127967,175.318230603907,176.88546752929688,178.069745052715,178.8319851322378,46.80208667446142,3.597930466106262
2020-10-12,178.7236093627916,179.54591870120117,178.1237907585802,178.87838745117188,178.14675861447282,178.83380483101953,50.03951696984703,0.8178796601820179
2020-10-13,179.74909640518425,179.74909640518425,177.5336660502386,178.1915283203125,178.15102239598136,178.80861751687416,48.93421494647141,1.5828290853912814
2020-10-14,179.93290845093796,180.77457062175503,177.89645091072288,179.71038818359375,178.29953342337302,178.8439810724318,51.48614270408605,1.5970337720530907
2020-10-15,175.8213158987766,182.47724630762227,175.81163211914176,181.59689331054688,178.61356769834197,178.95193841510297,54.525824770943565,1.5197508755030933
2020-10-16,184.83778517080347,187.9916268562066,184.66365428017488,186.250244140625,179.34087021665465,179.2381464827705,61.014524543351975,4.522502217853118
2020-10-19,186.259912270121,186.71460705373943,182.67074337526273,183.20281982421875,179.70867494118457,179.39362386870965,55.435799232276395,1.9433665888346423
2020-10-20,186.07610858667087,188.03999691192425,185.6697883912936,186.26959228515625,180.333524212039,179.66326968896246,59.45359123796213,2.573116141705488
2020-10-21,183.59945880588216,185.83422698128905,183.16411684838937,183.74456787109375,180.65838551290136,179.82332059806566,55.05262468813763,-1.3453277772024732
2020-10-22,183.0383740647619,185.5440227231542,182.51596658752143,183.90907287597656,180.9679747855752,179.9835461775916,55.284857090618765,0.385503374039469
2020-10-23,184.3056868324948,184.7410435659544,182.35148246897765,183.7832794189453,181.23609903637234,180.13255532431134,55.05062609642204,-1.334792671046755
2020-10-26,180.00062641016163,180.57140847935185,178.3850146695492,179.3814697265625,181.0594676735333,180.10310098714473,47.471351227583476,-2.3745453784474257
2020-10-27,180.62945538321324,180.62945538321324,178.8106762825268,179.30406188964844,180.89228617030616,180.07176612057626,47.347897432338655,-2.5039607422922647
2020-10-28,173.28661180159864,174.67971782470937,171.2356583574954,171.35174560546875,179.98366325936928,179.72980453174853,36.768855089763505,-6.764235491270191
2020-10-29,171.3324343208002,173.98803386579144,170.54590766452836,172.7545623779297,179.29517746113694,179.45626562375563,39.34348664823847,-3.6943098742219256
2020-10-30,172.59978227500903,173.46079733988813,170.95514858232391,172.6094512939453,178.6584416356901,179.18776310101796,39.16583234845614,-3.733663657783325
2020-11-02,174.81518616565697,177.79488236144945,174.8055171473799,177.21441650390625,178.5209154326631,179.11037695995478,47.29855321894004,3.4214246710600134
2020-11-03,186.7049340901073,191.74525267419497,185.41340430396377,189.62657165527344,179.5785969776736,179.52277675192806,62.032175586494525,9.766462341199064
2020-11-04,195.51825577141793,196.66948888031988,193.19640723256063,195.614990234375,181.1058725259309,180.15384394731814,66.84776494836765,13.328087638290674
2020-11-05,197.53051459116045,200.51021078302003,196.82429244950765,200.3457489013672,182.93824170454388,180.94568335728084,70.07661436568384,13.052737386605939
2020-11-06,200.2586715404804,202.13549430232243,199.77495494255652,201.22610473632812,184.6799429456662,181.74099399959644,70.64949312617208,6.117039916822284
2020-11-09,205.77303071950456,206.5276274053357,198.6817438666765,199.0977478027344,186.05306721776793,182.42165101148422,67.29515610605597,1.7804144581080197
2020-11-10,196.83395541153791,198.89457798524933,195.760104023378,197.93682861328125,187.18485401734063,183.03008934880958,65.46925498800216,-1.2023815335716856
2020-11-11,201.05198244880435,203.2190234526306,201.05198244880435,202.4547576904297,188.63913055763481,183.79184104848096,68.99497366810084,0.6105832817822016
2020-11-12,202.0484375383797,202.38703031435827,197.39507126646257,198.7881774902344,189.60570645597764,184.37993267364777,63.342442362639446,-0.1554865968683491
2020-11-13,201.28416487395603,201.7195068954191,198.80753805136945,199.9587860107422,190.5917140326219,184.99086809863186,64.3467343854619,1.0215165169748845
2020-11-16,201.70981639709615,202.11613655798385,199.00100056265313,200.90684509277344,191.57410746692204,185.61502405918645,65.17878325493447,-0.7645721025845874
2020-11-17,203.84787985459977,205.10553135187013,202.7836973056747,203.4996032714844,192.70986897211847,186.31638010672756,67.418204659366,2.3700734323002943
2020-11-18,207.52407140173008,208.4624827006896,205.86008526925696,207.05970764160156,194.076520273974,187.12984393162458,70.247633632494,3.5511926094999895
2020-11-19,205.54087259768664,207.19517517089844,204.99909758350353,207.19517517089844,195.325915978443,187.91671966649807,70.35313539578,3.1299730356231596
2020-11-20,205.0184517364504,205.8214231021145,202.2225702457727,202.90945434570312,196.04815772770587,188.50467004607475,62.769768278518136,-0.29000003749096925
2020-11-23,203.7898004526827,204.31222265444384,201.12162390213388,203.12228393554688,196.72188403321454,189.0779098064462,62.98315668418844,-1.9015885567026642
2020-11-24,203.1609694838009,204.72820652459535,201.85492877523288,203.45120239257812,197.36277149601108,189.6415683392357,63.33293441367399,-1.8069787461181053
2020-11-25,204.39929304814828,206.14067582640232,203.9639510440497,205.47314453125,198.13518797555764,190.26241446441273,65.49158779771297,1.2634651223195528
2020-11-27,205.8117523193359,206.71145814477757,205.68598127462957,205.8117523193359,198.86628934163176,190.87219241950777,65.85412940071723,1.3240636781351054
2020-11-30,207.5724589954778,207.5724589954778,203.8381663615682,204.2348175048828,199.37757773813186,191.39621693265974,62.55790657329883,0.3851612097099475
2020-12-01,205.6666069042325,207.94974969638665,205.4247486201563,207.40798950195312,200.1423788584958,192.02412958243596,66.22173740257544,0.9416534579821249
2020-12-02,206.614717865323,208.18195494263773,205.3473679595255,207.775634765625,200.8693556115557,192.64183566805121,66.62917609098328,0.9542129757692098
2020-12-03,208.38510606649345,209.4492884947671,207.7079057766189,208.3367462158203,201.5805356691047,193.25732235619904,67.27791619949757,2.0084375235576233
2020-12-04,205.28934044380176,205.8311007223464,203.0149067948436,203.4899139404297,201.7623812187547,193.6586004575414,56.9745674530341,-1.8890668440168943
2020-12-07,202.97716011689587,204.9942648618079,202.64823636722608,203.7994842529297,201.9563910315333,194.05628217500762,57.42307132446699,-1.9136750645379996
2020-12-08,203.6640523585097,208.9075388132908,203.6446995601476,207.0307159423828,202.4396600706618,194.56508349921842,61.88875139022422,-0.6268842617348724
2020-12-09,209.6234234067422,210.4070567163353,206.60503647862475,207.94976806640625,202.9644322607327,195.08997309008853,63.075039141938,2.191683135352917
2020-12-10,206.4792655665451,208.15776279784615,205.3135215240154,206.9629821777344,203.3452465385424,195.55558128960408,60.88372055004344,1.5522600247989782
2020-12-11,206.1310179817139,208.3561027370204,205.86980686035184,207.89173889160156,203.77824581026232,196.03935217595694,62.214295189176816,0.41589140302175015
2020-12-14,210.2716277399026,211.59700659979345,208.7624194344289,209.35255432128903,204.309132335122,196.56143853459741,64.27283074790162,0.6745793793984042
2020-12-15,213.06749086767596,214.81854257793464,212.35158499351968,213.83175659179688,205.2160489309958,197.23870590938955,69.72006226804368,3.3188420179236435
2020-12-16,216.32774818542447,216.34710098361663,214.31548526737325,214.95399475097656,206.14347234242254,197.93342311886354,70.91650750471524,3.3970834517178123
2020-12-17,216.43414812132377,218.52380729348863,215.96978433701773,216.44381713867188,207.12445756111296,198.65932092356192,72.4715889497352,3.387234915939944
2020-12-18,218.65925652226775,218.98818026821127,217.22744475429175,218.37869262695312,208.19628947214537,199.43262961781255,74.38703386581034,2.1264082134611626
2020-12-21,213.76405623653417,217.95302919549965,212.7772701936545,217.32420349121097,209.06561461681827,200.13425996578897,71.46842108217044,1.102658614453889
2020-12-22,218.1368354383523,221.5422044612076,217.4789879431119,220.12974548339844,210.11934136601639,200.91839665275404,74.35176274945616,1.7029492426503692
2020-12-23,220.74889522948067,221.46480109468868,217.61442118377045,218.0013885498047,210.87001252637717,201.5883179036188,68.6812676795909,-0.17277513323745816
2020-12-24,217.68215700154803,218.63992126294303,216.49221820056175,218.1852264404297,211.56669956581075,202.2391770619251,68.90188470578477,0.3961928470859635
2020-12-28,221.96790367936245,222.18556731961525,220.2168517290888,221.16493225097656,212.48081696439797,202.98136353992712,72.30697262094134,0.47026210170047006
2020-12-29,226.05046285671793,226.05046285671793,221.93887143292287,222.161376953125,213.40277505856244,203.73352092867998,73.35756133857709,1.9082394066356692
2020-12-30,225.42158709504,225.789216406258,221.2480850822639,222.209716796875,214.2415314145922,204.45807762939353,73.41026163823851,1.8445292663039696
2020-12-31,221.56155622577637,222.60638585616312,219.6460278558044,222.04527282714844,214.9847448824547,205.14777155871727,72.88211143734011,0.3980470896592549
2021-01-04,224.1155931820336,224.7444188980505,218.5528519214564,219.6170196533203,215.42591390825143,205.71519305262328,65.39976888145917,-1.1452743652833655
2021-01-05,218.65927203946717,220.748916685763,218.15620260523843,218.71731567382812,215.73938074306827,206.22508021423917,62.826131704949226,-1.571668950120362
2021-01-06,214.1220001243685,216.45351776846903,213.9188326493729,214.5283203125,215.62404165444272,206.5506974729945,52.4723989883319,-3.385324271460633
2021-01-07,213.8124298358784,215.147492523147,212.95625667357308,214.866943359375,215.55193705491246,206.8768247626565,53.1446128696973,-2.1628907911798527
2021-01-08,212.4386666050764,213.6576419636208,209.5073450001597,210.87142944335935,215.10617442524074,207.03347592660563,45.048402321174855,-3.58722683034813
2021-01-11,208.50121590487828,212.54507976018925,208.20711537341384,210.86175537109375,214.7019440391315,207.18360453227183,45.03051477282211,-1.7091286297609671
2021-01-12,209.54604557493397,212.19680320350403,208.89785231404943,210.86175537109375,214.33621178503265,207.3278457416374,45.03051477282211,-1.8640317238479938
2021-01-13,213.2029255364001,214.71211891126495,212.13874315060636,214.4702606201172,214.348978340755,207.60794044275426,53.08868465444975,1.7066471196490358
2021-01-14,212.3903064581911,213.4835108432664,208.24002397386127,209.12039184570312,213.85101772217863,207.66725226247775,43.019757885237915,-0.825831845289353
2021-01-15,207.8240064151105,208.1335773619091,202.92878203950943,203.22869873046875,212.83936829439673,207.49319133965386,35.1199463261738,-3.6199341256510222
2021-01-19,204.6024569448563,204.6024569448563,201.622760856812,203.57696533203125,211.95723467893336,207.33961384915887,35.8696143988512,-5.079163543042831
2021-01-20,204.63147026123605,207.11293872855188,204.35090637254,206.6920928955078,211.4557926043214,207.3142208705843,42.292614172176265,-1.1611966335578612
2021-01-21,206.4599246565867,210.04909359500613,206.06327349808691,209.10101318359375,211.23152789758544,207.384291157369,46.73529259177119,2.8895104332253454
2021-01-22,206.84688322417048,207.509572582148,203.9252309243942,205.16355895996097,210.65362609400216,207.29720362021575,41.157750242309746,0.7793581289228884
2021-01-25,204.7378933694874,205.0184425029952,201.8742845948607,203.31576538085935,209.95478221656,207.14106878729982,38.816555581322184,-1.6335058914688876
2021-01-26,204.2058030532492,204.75723230493273,201.5260089372175,201.70982360839844,209.16954806340175,206.92807878028407,36.85438787216322,-3.5347459405688006
2021-01-27,199.7943119431112,202.512796918738,197.1628924140963,200.5005340576172,208.34392768189846,206.67601820292458,35.40312554053277,-2.2728329172988264
2021-01-28,201.4099195104604,201.9903705711563,199.7459332317859,200.23931884765625,207.5720601738754,206.42359862036506,35.08176613573911,-1.51313722644192
2021-01-29,202.67727231215008,203.3602740674089,200.21999827432396,201.40025329589844,206.9842690426395,206.22660468607225,37.78473047695984,-0.15347309663063463
2021-02-01,205.56987540887857,210.6295466513162,204.90234417331527,209.92332458496097,207.26417909428918,206.3715740938718,53.19309787156098,4.699633630220647
2021-02-02,204.2154819071829,205.9568647155881,198.05293680712717,201.02294921875,206.66977624899974,206.161824098769,41.605210877345094,0.3913469020986545
2021-02-03,195.12159771407025,195.2618796565337,187.91422357598785,193.48663330078125,205.4142388253599,205.66475779296556,34.71011279305365,-3.929299921728723
2021-02-04,193.56403917133397,197.43377202619024,193.48664274281373,194.77333068847656,204.40081900279958,205.23764300455423,36.640767619059616,-7.216917856287494
2021-02-05,197.2306088733313,197.443445365956,195.1216115069627,196.0793609619141,203.6082991893819,204.87849468915658,38.62464241541594,-2.4592158636854813
2021-02-08,200.7423927972781,202.20321164264183,199.8813778234653,201.8839569091797,203.44407611507694,204.76106183503984,46.62397918491908,4.340001924238624
2021-02-09,201.57438820954007,202.72563611408825,201.11969341090577,202.36767578125,203.3415617975696,204.66720355842062,47.24108764436554,3.8990682481678918
2021-02-10,201.95169245130776,202.2322416006924,199.76529860418836,200.40379333496097,203.06177432494022,204.5000110006379,44.96795099024074,2.2054500544230358
2021-02-11,198.75915767868503,199.1171180182026,196.96941502853664,198.2560882568359,202.6040899375017,204.2551512851947,42.55630577974199,-1.7970069082685087
2021-02-12,197.38539563449345,199.13355404923507,196.8049298067518,198.66241455078125,202.22869228162355,204.035828276002,43.17720042059773,-1.8309550752927382
2021-02-16,196.85330540485415,197.02745105879217,194.99583541338515,195.3924865722656,201.5776250712085,203.6968736993849,39.479006283250584,-2.500604743703289
2021-02-17,191.80330310393003,193.98971160844084,191.56144480117328,193.41891479492188,200.8006050448955,203.29381648744518,37.397048241056964,-2.4398612443354546
2021-02-18,192.6062675334283,193.42859163805548,191.0293614940684,192.9545440673828,200.05336114227524,202.88835482391335,36.90390321662183,-2.8731506643091844
2021-02-19,192.68366709983815,192.88876836892825,191.55177203650013,191.8323211669922,199.27040495415304,202.45478487658312,35.679416579020234,-1.822058497605888
2021-02-22,189.500820954207,192.19028408365517,188.9590607212044,190.31346130371097,198.41736270172999,201.97865454039206,34.03348624741119,-1.6055583263423632
2021-02-23,188.33022147239345,191.10675006503013,185.9222817447005,190.40052795410156,197.65385463052726,201.52461036053754,34.2208135228604,-1.3236361577415594
2021-02-24,188.9203607850849,191.04871094785673,187.82715650669329,190.01356506347656,196.92620800509386,201.07319681947632,33.761925360578715,-0.9480968026927941
2021-02-25,189.8103946556565,190.74880605923417,187.14028428492,188.48501586914065,196.12228494452688,200.57954266456122,31.939937924529197,-0.9607546528999309
2021-02-26,190.00387018937764,192.00646395284392,188.61077881349615,190.95196533203125,195.62987355286063,200.20199061230514,37.77626674451053,0.28961966852456333
2021-03-01,188.6494539753777,192.09835532918373,188.45597030828728,191.2615203857422,195.21383991789696,199.85138393675365,38.48905760304203,0.6567717004039837
2021-03-02,190.35214842176163,191.6001454987273,188.94937325400105,190.08126831054688,194.72502357433982,199.46824214749066,36.76002412431095,0.846885591433141
2021-03-03,186.385703942795,188.67851615011077,184.68301187969544,185.2151031494141,193.81931686720404,198.9092955201151,30.647061734377584,-3.004348330556213
2021-03-04,183.28022354858084,184.8377916485117,179.0912358666318,181.66461181640625,192.6617259099852,198.23303341408732,27.105320858437242,-5.017689156700518
2021-03-05,183.2608615772452,183.2608615772452,177.83357556809298,182.7481231689453,191.7175732679814,197.6257820319249,29.772574879348028,-3.857899942892308
2021-03-08,182.04191613334729,185.67945990406423,181.60077270439973,182.38052368164065,190.82833045023466,197.0279287632863,29.37980018265299,-1.5304256616085816
2021-03-09,186.6759244343466,188.59917333020204,186.46791506879032,186.74363708496097,190.43931203449432,196.62462320727354,39.570066003142074,2.7958253496766208
2021-03-10,188.0980199655484,188.0980199655484,185.55368082321425,185.58270263671875,189.97677780613475,196.1916067143106,37.99889512608975,1.5510854057597907
2021-03-11,191.4743849914964,191.4743849914964,189.14286734144193,190.41021728515625,190.01805775651775,195.96488556022612,47.35901184615174,4.402714413482028
2021-03-12,187.58528927774628,189.76201395108615,186.50176883081195,189.43309020996097,189.96234656160757,195.70873672296082,45.8501996123604,1.4401846119000057
2021-03-15,188.88167378945465,189.4040812512973,187.5853020103266,189.25897216796875,189.89535852411817,195.4558047796278,45.57158486017681,1.9809332868949319
2021-03-16,190.79720174020505,190.90361999654257,188.1512710030438,190.21673583984375,189.9259658875206,195.2503510957147,47.46275011966916,-0.10161295337568169
2021-03-17,189.03644400198792,191.4356889998649,188.03031995522548,191.10675048828125,190.03842156378352,195.08785695424675,49.22817815116438,0.8835099910291586
2021-03-18,187.9335537221564,189.24926336384837,187.14993525207848,188.31085205078125,189.87389113397379,194.82209205607163,44.20308430943885,-0.5009644226251193
2021-03-19,189.99420130268095,190.83586344403736,187.1499453964795,190.6423797607422,189.94708052699934,194.65818176998027,48.888547291316534,0.22376786091882878
2021-03-22,195.2377064721537,202.5902052520714,194.7443208171683,201.28416442871097,191.02680280335284,194.9180242271854,63.821640040898124,5.325512528692072
2021-03-23,199.910400465438,200.113567937339,195.6827220077854,196.21481323242188,191.52089903469275,194.968878697979,55.50269583595536,4.197294577324299
2021-03-24,194.5121256842814,195.7020644411267,192.77558478265723,193.82525634765625,191.74036163592737,194.92403076267223,52.058100223900986,1.6695535331171378
2021-03-25,192.79975639165065,197.6272533854095,192.6449782982952,197.30799865722656,192.270612780813,195.01751969971357,56.31367592963111,-1.9753991988240318
2021-03-26,196.4953678244763,198.13033237743028,194.97649053762467,197.60791015625,192.7789268165689,195.1191036391856,56.67036073881206,0.7099856024519225
2021-03-29,197.08548484793073,198.80751469450624,196.26316075588645,197.77235412597656,193.25449132222678,195.2231526778833,56.878256169370744,2.0364207702842236
2021-03-30,196.85329391167335,202.14515444148245,196.6501412161092,201.9710235595703,194.08463724959284,195.48777506540043,61.90417702176455,2.363322791816764
2021-03-31,202.1935363920809,203.51891513650207,201.8162380390485,202.46441650390625,194.88271146428937,195.76136884730263,62.45791417366733,2.4576477448783174
2021-04-01,203.14163923919423,204.49605470990008,200.80045243569853,201.2648162841797,195.4905309709456,195.97719031541547,60.16799513184023,1.76590007922872
2021-04-05,203.4512090662924,207.54344745252425,202.77400876483765,206.56634521484375,196.54537042274544,196.39245129186364,66.08583330402783,2.27523808825877
2021-04-06,202.16451337237015,203.55761951737352,201.54051483620017,202.3773498535156,197.10079703519975,196.62715319624215,58.66877995822367,-0.04300343334107483
2021-04-07,200.9165106043816,203.33509349259995,200.55856506072,202.0000457763672,197.56739215340616,196.83785486605098,58.0369590652294,0.3653045304994484
2021-04-08,201.8356094929238,203.11745563377465,201.21741230646035,202.35801696777344,198.02364213572685,197.05433181121657,58.49367115792683,-2.037276809391845
2021-04-09,200.9745797103856,202.9094461241347,199.81364805264877,202.38702392578125,198.43920230620822,197.2634569921799,58.53305484689838,0.004780214916667152
2021-04-12,202.35799223404229,205.50215000292772,201.4486027020673,205.07647705078125,199.07132371045327,197.56984993565447,62.121764227052296,1.5229854342805238
2021-04-13,203.4995855113066,204.60245880127664,202.7740105899616,203.35446166992188,199.47924161135504,197.79669745464537,58.623400325704004,0.49241671621397953
2021-04-14,204.7572316033641,204.7572316033641,200.1232330541038,200.6649932861328,199.59217034228627,197.90917964411548,53.551113455065824,-0.8508602015314655
2021-04-15,204.15741351214783,205.0958248350304,202.1354818007239,204.08001708984375,200.0195843182441,198.15117326943817,58.46534267188032,-0.4858967616704063
2021-04-16,204.0800326315561,205.71499711782823,203.69306525242413,205.09584045410156,200.50303728356388,198.42351315903284,59.826865618320355,0.8563268147055633
2021-04-19,206.7184373184916,206.81564820450663,204.72056298675935,206.3003845214844,201.05516559193728,198.7324100752074,61.44096285074661,2.8083579218603205
2021-04-20,203.18935767662128,204.1712721986352,201.6532832403539,204.01573181152344,201.33712427951693,198.9395991629061,56.78103232248145,-0.03150003573941867
2021-04-21,203.5101993706303,209.2267280838304,203.34492749869565,208.77951049804688,202.04592296699596,199.32547803879396,63.070463313528194,1.7960725267705668
2021-04-22,208.3711769360492,208.41005832470145,206.2653959362102,207.1559295654297,202.53259026208488,199.63255456925026,59.87251446150377,0.4147084097442322
2021-04-23,208.18644386412905,209.97528432084096,207.72950969475912,209.8975067138672,203.23401087654034,200.0351017121764,63.26013145437264,2.883000663780934
2021-04-26,210.91832360825748,212.1578847854794,210.02390335360815,211.9877471923828,204.0677000494777,200.50383290747862,65.64170719556918,1.5366626191826187
2021-04-27,212.43497770275255,213.58217904626676,211.9099973147472,212.8627471923828,204.90532358689725,200.98849621276898,66.6172479540899,2.754841552894406
2021-04-28,211.50165800341043,212.85301250311335,210.97666282536025,211.53082275390625,205.5363235075648,201.40192078300967,63.65447089573077,0.7781493289796925
2021-04-29,210.89888656325795,211.229445128599,208.75033747863745,210.43223571777344,206.002600860918,201.7560507804514,61.235368845919076,-0.7337742370542386
2021-04-30,209.4017016765295,209.81975448069215,207.08786596516111,207.45730590820312,206.1411441987547,201.97962941291226,55.125843616009796,-2.5394021995282783
2021-05-03,213.271047473798,214.81685340107725,211.9196929931641,211.9196929931641,206.69148217917464,202.3694358278241,61.35431327771983,0.18383620608815499
2021-05-04,202.99491431325583,203.6268369827602,195.2659443625273,197.3367156982422,205.80055203813345,202.17207425411502,41.21938126006589,-6.223153014015705
2021-05-05,200.01025915634105,200.126932985627,196.00480876882017,197.5992126464844,205.01947209607164,201.99274634793343,41.5909574675034,-4.751866037477989
2021-05-06,195.65481372435465,196.5297858394836,193.41875574344968,194.5465087890625,204.02204701921363,201.70073703189928,38.53977604658922,-8.1980036676733
2021-05-07,193.3701519006538,196.05342753666991,192.48546310639745,194.92567443847656,203.1557258210482,201.43504830274546,39.1370193970764,-1.2217905072730983
2021-05-10,193.8951513019434,195.80065087615515,193.28266187866544,194.0118103027344,202.28487672406595,201.143940930196,38.17415755044983,-1.8154942500545563
2021-05-11,191.27993640860487,193.3021098163503,190.34661989942904,192.37852478027344,201.34141463418095,200.80019912039512,36.448247931710256,-1.1143782647570943
2021-05-12,192.5340666431968,194.0118116129671,190.0258091018756,190.13275146484375,200.2739229037679,200.38186783978526,34.161225038368336,-2.4588464230993745
2021-05-13,192.329910333401,192.98905445023223,189.90913224717875,191.75631713867188,199.46272235471113,200.04361094954552,37.22777473194005,-1.162554568478628
2021-05-14,193.21459953191675,193.9826292803023,192.41739020121855,193.12709045410156,198.85932884036737,199.772374851685,39.77814286809829,0.389110829643332
2021-05-17,194.03124412483575,196.11174688157672,193.71041706172545,196.0436859130859,198.59117237110246,199.62615175605364,44.907069214796635,3.108846005068786
2021-05-18,197.29785311337304,199.09641040889355,197.06452026638857,197.92005920410156,198.5272568313881,199.55924616578102,47.97677878674358,3.2143619346695482
2021-05-19,195.11038821280167,197.3756109755865,194.9645496350707,197.1131134033203,198.39257650490543,199.46331939078257,46.76986205488218,2.0639377623545077
2021-05-20,200.27275542926176,202.5963076779955,199.9810931097825,202.3143768310547,198.76608129787203,199.5751255649109,54.683121072385696,3.198619169376783
2021-05-21,205.20182044815988,205.92123740906595,204.42405915148916,205.35736083984375,199.39382220663126,199.80187988941807,58.564171780764454,3.7577300985306406
2021-05-24,205.61985580293427,207.01982315214383,205.51291344057623,206.31983947753903,200.05344289909866,200.05748614777576,59.73867313425018,4.670783143372356
2021-05-25,206.34899507680004,207.8753528323513,206.02816800395368,207.08786010742188,200.72338739512944,200.33318708736974,60.69604405507799,2.3594384893137614
2021-05-26,206.4656573900996,207.4573033735077,205.73650898588585,206.6114959716797,201.28415964051518,200.5793952789113,59.747058650494054,0.6107086333340763
2021-05-27,205.969833361414,207.74895717481684,204.08376719306688,204.1615447998047,201.55819632235227,200.71987173071105,54.98548746477651,-1.0460916813427963
2021-05-28,204.14209768714423,205.7073367983081,203.53933977518264,205.04624938964844,201.89039185257096,200.889533599689,56.33866958753145,-0.9858669246542993
2021-06-01,207.2823294673233,207.29204610628767,205.14348213009688,206.7864990234375,202.35668777360587,201.12078714571837,58.952562008741275,0.08470150750072505
2021-06-02,206.45595064993844,208.50728885218956,206.2031845314684,208.4489593505859,202.93690411427065,201.40816644787003,61.33402652870087,2.1000108296522466
2021-06-03,208.44895111816615,210.24265739445252,207.8364617063916,209.44058227539065,203.55630203437732,201.7231631469885,62.72326215254881,2.1430935210093436
2021-06-04,211.209989229918,212.07524474891588,210.21834323958,210.85028076171875,204.2509666750765,202.08108932795832,64.66680547379053,1.9652065088739932
2021-06-07,212.72661343676552,213.93699503714777,212.37662161038773,213.2710418701172,205.11002145555656,202.5199109962783,67.77403046681245,2.3133157078616637
2021-06-08,214.6321108539045,215.29902821486036,211.5210808840919,212.736328125,205.83633637645593,202.92055480524778,66.38530672207057,1.5735946748256333
2021-06-09,208.73090314399587,210.7433600813056,206.2809600830078,206.2809600830078,205.87868149136563,203.0523354043756,52.42042076293586,-2.1670925275526254
2021-06-10,206.49481917009572,207.31147664533884,205.06568713162284,205.7656707763672,205.86791856612768,203.15874071308116,51.489318511980315,-3.519170267063635
2021-06-11,205.13375591367443,205.46429963779008,204.11294515667015,205.4351348876953,205.82670107294365,203.24801107286996,50.86519610966518,-3.4320387597433
2021-06-14,198.05615806804929,200.04916673693825,196.90410592604664,199.57278442382812,205.23108996350408,203.10388453761342,41.302742202802555,-3.25196065428448
2021-06-15,198.56170227298568,199.10613071752377,197.4854695966153,198.81446838378903,204.61998314638836,202.93567213942424,40.24868666805382,-3.3782128798991673
2021-06-16,197.2492205084654,197.86170989889928,195.73259424125953,197.1131134033203,203.90504317085808,202.7073365027143,37.91103587387867,-4.050924146409706
2021-06-17,192.09657885748183,196.6173079780821,191.8438127447708,195.33399963378903,203.08875331018484,202.41818603726625,35.58363245008681,-2.1239292733608814
2021-06-18,194.88679239275956,195.22705274799816,194.19652537485803,194.52706909179688,202.2733548131955,202.10873047077726,34.547674904564616,-2.1564825371339755
2021-06-21,195.9075891624688,197.48255981319247,195.4117735848601,196.5589599609375,201.72912673202808,201.89109241156785,39.33689935641669,-0.2811347417809484
2021-06-22,196.46174625598357,196.46174625598357,194.68262238364105,195.88815307617188,201.17284352670845,201.65568302586607,38.33950159048593,0.28369533384959317
2021-06-23,195.48954187303303,195.48954187303303,194.07985798329784,194.5465087890625,200.54176402788502,201.37689187932475,36.3541092924957,0.009993312168010639
2021-06-24,196.17009060467,198.05615689967576,195.82009876812705,197.62838745117188,200.26429959200757,201.2298917056717,43.58153991801348,0.5440746585385393
2021-06-25,198.37699497409272,199.20335433214467,196.91869804681625,198.54226684570312,200.10029647331191,201.1244946523396,45.55588270156477,1.3549128560618913
2021-06-28,199.3686172218308,200.3456659588851,198.71723161771232,199.70887756347656,200.06301848189904,201.0689802566979,48.054891287224,2.6535396633672685
2021-06-29,201.2352498860173,201.68245261538357,200.40887573216352,201.1185760498047,200.1635477740805,201.0709251897609,50.982753619649834,1.7660360657929948
2021-06-30,200.61304295266137,201.1769046812407,199.52417121523817,200.3213806152344,200.17857947323802,201.04153128487752,49.290774918962335,0.8960881719527835
2021-07-01,199.11585163592744,199.34918447484313,197.4047886542342,197.90060424804688,199.96162945179125,200.91835767559004,44.4650261681842,-0.9054546485320544
2021-07-02,199.03807665378457,201.8866242826006,198.20198584648895,201.04080200195312,200.0644077899019,200.9231594138788,51.14662834815484,-0.038670743090535135
2021-07-06,201.04079462963196,201.25079269627471,199.33944832650093,200.13665771484375,200.07128873513446,200.89231620999507,49.30717168012351,-0.09221327240423645
2021-07-07,201.20607800847665,201.80397020531632,199.10612704578733,201.2741241455078,200.18584448850336,200.90728907021128,51.662452487672056,1.7046536620133799
2021-07-08,199.13528896381845,201.4967583908002,198.13392635719777,199.9422149658203,200.16264167681928,200.86944302690182,48.8031212044236,-0.5464497879003386
2021-07-09,202.68381095516543,203.55879795259307,201.8088387923003,203.2671356201172,200.45830776665719,200.96347018742009,55.434177834791626,1.564170173029354
2021-07-12,204.76432947269228,204.76432947269228,203.37409351126664,203.7532501220703,200.77211180050605,201.07287332211226,56.324845481156316,1.2317161915807204
2021-07-13,203.12129378540345,204.0448936292208,202.98518667703493,203.8310089111328,201.06343533485145,201.18103550207385,56.47469356230591,1.9449589202446722
2021-07-14,204.1712929320172,204.91988953210145,203.89907868372543,204.47268676757812,201.38812594749209,201.31011986542697,57.762547756976055,0.5930870938792454
2021-07-15,201.08941650390625,201.546350718278,198.67836978851017,201.08941650390625,201.35967742905532,201.30146483164185,49.45391014456365,-1.307382148048258
2021-07-16,201.3519004641891,205.34763428372685,200.2922083513674,201.1380157470703,201.3385667926758,201.29505506361946,49.56613349721114,-1.3211891450905802
2021-07-19,198.71724886268328,199.60389585770017,197.59922718879815,198.4353179931641,201.06206690700802,201.1829085118369,43.748912135279916,-2.952652928787817
2021-07-20,196.85061033960116,198.5714046338014,196.31589857196136,198.46446228027344,200.81467599017614,201.0763027772658,43.82547366574816,-1.305366671836666
2021-07-21,199.446398150463,200.88526175869305,199.11585441663843,199.89361572265625,200.72695596469805,201.0299228927713,47.59237516928628,-0.6186796761378451
2021-07-22,201.001924874712,201.4491424560547,199.8936198121953,201.4491424560547,200.79573563054154,201.04636287564517,51.411481952988616,1.5187943826584438
2021-07-23,203.97684765230645,206.54344962347375,203.6074076876216,206.21290588378903,201.3116566070413,201.24897240537632,60.82642891811992,3.904197010633153
2021-07-26,205.28931114930205,206.14483520973624,205.0365302023825,206.0962371826172,201.76733094757233,201.4390612201701,60.51714912509618,3.102961261437587
2021-07-27,206.3101183164789,206.3101183164789,204.3073782258066,205.51290893554688,202.12405266071278,201.59881995410643,58.904459728407446,2.017266705604707
2021-07-28,204.793473302928,206.88370760294853,204.32682248374215,206.3392791748047,202.525502804912,201.78472031570246,60.50994509531193,0.061282920423453464
2021-07-29,208.11840551864287,210.403061616436,207.8753560507141,210.2280731201172,203.25908093016966,202.1158321903854,67.03632345907596,2.0048090125191727
2021-07-30,211.93913847709743,213.34882244042257,211.7544185058122,212.2210693359375,204.1126036354809,202.51211600001488,69.79173526498823,3.2641065883089824
2021-08-02,210.81139595156745,211.14193968805344,205.7656863124656,206.2517852783203,204.31633522051322,202.65876969720333,54.97059106051549,-0.04240292824239862
2021-08-03,205.7656753963717,206.08650247696315,202.2463238173494,205.4254150390625,204.42196186989887,202.7672655929625,53.28361649141217,-2.284498930031391
2021-08-04,206.93233548690793,207.36982158881787,204.64766441589805,205.8531951904297,204.5582698051875,202.888282439922,54.06941420078387,-3.000585269612284
2021-08-05,210.52945321239037,213.4265987319132,210.1308485225611,213.3196563720703,205.39268757346207,203.29735592745723,65.10284221046219,3.4268169287419608
2021-08-06,214.30156931126345,214.80711635721764,213.18354769486092,213.35855102539065,206.15134123555052,203.69191259796443,65.14980711501556,3.8618084256125926
2021-08-09,214.85572324133727,216.7369236934725,214.7876622717571,215.944580078125,207.08403064912903,204.1724093618923,68.21291483964444,4.902224072043197
2021-08-10,216.4015253759087,216.56679723752023,214.75850856371488,215.0501708984375,207.8427106728727,204.59898824567838,66.05058816770385,0.8112306928475634
2021-08-11,217.3251040707521,218.0348191926161,216.3723543173614,217.8112030029297,208.7920908947829,205.1171143145902,69.28722281181186,2.0869339223292473
2021-08-12,217.86955652643343,217.86955652643343,216.5619491569506,217.04318237304688,209.57790913080802,205.58480325805908,67.36337215506911,0.5087427035790478
2021-08-13,219.35701766285328,221.1555748831732,219.3181214393672,219.60006713867188,210.5324003696522,206.13442144945566,70.31819508892721,2.1157370957789987
2021-08-16,219.2209069216225,219.88297344544196,217.48066439620763,219.59033203125,211.39506052789963,206.66210421736918,70.29210070905586,0.8168216344208806
2021-08-17,216.6348586711489,217.0528966453088,212.5078833549217,213.1543884277344,211.56261556597914,206.91670359816783,55.601971346399544,-1.79171439655199
2021-08-18,213.67935611106012,214.26268074720505,212.27940368652344,212.27940368652344,211.63088110126907,207.12700556241708,53.95117706818942,-3.3336344326004346
2021-08-19,206.0865024011735,208.09895913289913,205.90178243048615,207.23370361328125,211.21210229288928,207.13118979970588,45.55234104735309,-5.627127708067891
2021-08-20,205.13375477674504,208.2933979190409,204.9781995540601,208.16700744628903,210.92209325987974,207.1718100995719,47.189989696698575,-2.339797467100349
2021-08-23,207.9045181722324,211.27804593120817,207.66146870737572,211.10304260253903,210.9393265306092,207.3259760800804,52.07358175510033,-0.5541569570835783
2021-08-24,209.02253688208785,211.68636432046927,208.64338031554468,209.1100311279297,210.76510792083022,207.39593902313334,48.77623492025221,0.9054161953066533
2021-08-25,210.51972565086876,212.68287190101515,210.28640765019463,211.9196929931641,210.87506840390964,207.57334113960513,53.26869315374394,1.8027282963383713
2021-08-26,209.63504292993343,210.63640560408,208.4781250277774,208.6725616455078,210.66530585549043,207.6164478261111,48.02638080146323,-1.151324456089099
2021-08-27,208.65311408527003,211.29749363017476,208.65311408527003,210.3058624267578,210.63107314799208,207.72191506535216,50.65682411458182,0.5718670177503523
2021-08-30,210.62665898809863,212.7946708818884,209.81974782425704,211.54052734375,210.71768783330236,207.87166456646582,52.60939090693363,-0.17891949731463686
2021-08-31,210.8794369959664,211.6085853758325,209.7711320519524,211.35580444335935,210.778460843784,208.0082975028146,52.27608869113442,1.2858627778815583
2021-09-01,211.48218813756972,213.1835343027772,211.2391386853972,211.42385864257812,210.839927300812,208.14224107692297,52.395746091312446,0.5316048744050925
2021-09-02,213.84463953255383,214.50572693116615,212.9502044815725,213.4168701171875,211.0853504261811,208.34908927458042,55.884231688726544,0.8869897399794568
2021-09-03,213.2224438874227,213.55298760280135,212.21134979565468,212.69744873046875,211.23888359801802,208.51961317481135,54.33634272644262,0.6347799582050025
2021-09-07,214.23353184653504,214.54462746348003,212.74607023235015,214.3988037109375,211.53982837067701,208.75016966642414,57.345284892579365,1.4070999779588065
2021-09-08,213.37798943587788,214.30157446746216,212.92105523933023,213.24188232421875,211.7019287472048,208.92631526084747,54.70550465449335,-0.0819934210789728
2021-09-09,217.32510492172148,217.3640011438028,213.28077306443492,213.446044921875,211.86803504955432,209.10355956127992,55.098321094349664,0.35195353582020383
2021-09-10,216.4792988777424,216.6251374596164,212.9502158471771,213.0085601806641,211.97665649061238,209.25669684047148,54.01726499398082,-0.648438100497893
2021-09-13,214.5057562544768,214.5057562544768,210.92807489972228,213.1932830810547,212.09252568970211,209.41107277147475,54.423885870699934,-0.022790665058082207
2021-09-14,215.55572940311228,217.00430968060343,214.45714097896163,214.6418609619141,212.33531952515088,209.61620172011945,57.59096597183899,0.5602427725830107
2021-09-15,215.4779429202989,215.8279347592369,213.0280000477327,215.3223876953125,212.6198022080234,209.83997371914663,59.03129596387017,1.086260342159924
2021-09-16,215.6529504166128,216.1973788800035,212.23080957371863,212.77523803710935,212.6346056203173,209.95508212377263,51.923117265898554,-0.19608734285798438
2021-09-17,212.4349561522519,212.44468762529704,209.6058715593109,210.3739013671875,212.41930045335255,209.97150640782812,46.26685808755023,-1.9884097051711151
2021-09-20,206.5434397908676,207.83646477114615,205.7948432581668,207.2434234619141,211.92635978750127,209.86452276289032,40.129584547677574,-3.7520316952969983
2021-09-21,208.80866198316997,209.5864232634075,208.06979692595377,208.74061584472656,211.62295560247512,209.82044798178586,43.95842651893379,-1.8961897209482244
2021-09-22,208.60452215987212,210.733623218604,207.93370319792277,209.83920288085935,211.45307439089265,209.82118346802403,46.65428006416022,-0.2541657890323992
2021-09-23,211.1516486150269,211.83218412764424,209.8780718340084,211.0835876464844,211.41788517713948,209.87068951423817,49.61110561903486,1.8529727604485524
2021-09-24,209.74197253973057,211.5599777985234,209.74197253973057,211.4141540527344,211.41752983195803,209.93121753535567,50.39763904678855,1.280794442992625
2021-09-27,209.84892913754945,211.5405440417356,208.4003488813154,210.5294647216797,211.3329522024077,209.95467820932916,48.22794800180123,0.3289479903391797
2021-09-28,209.13920649535535,209.13920649535535,204.65737360452243,205.4351348876953,210.77125531529225,209.77744121632392,38.06546563654758,-2.675931758488456
2021-09-29,206.51425159299384,206.553147811726,203.48099925256537,203.55877685546875,210.08435260483287,209.53357202570214,35.129279414389416,-3.715634477011523
2021-09-30,202.4893571618768,204.61847272334367,202.00325826052136,203.30599975585935,209.43879519064492,209.28935350531614,34.740507124495515,-3.4310945384152163
2021-10-01,203.99627524019797,204.61848126652876,201.81854673075932,203.3740692138672,208.86120224047562,209.05738157231815,34.94928160315352,-1.0032683430489349
2021-10-04,202.0616271553723,202.4699485319826,199.9714074057939,201.4783172607422,208.15807033764386,208.76016336402105,31.889468519629265,-1.0220436705628935
2021-10-05,200.97276146021687,205.4156983788371,200.59360485300613,203.879638671875,207.7506006551897,208.56877023883885,39.15601056791829,0.28215542910908165
2021-10-06,200.418587207012,202.27548871976396,200.2727634587069,201.808837890625,207.1847184871359,208.3036748526344,35.6261679446822,-0.7696317083552072
2021-10-07,203.646309803827,206.56290371155217,203.5199193207652,205.34765625,207.00976017883724,208.18775255449188,44.78642043791633,1.9204741442476543
2021-10-08,206.3198390637392,208.9447704209612,205.9795638656745,206.98092651367188,207.00701411548815,208.1404260430872,48.433538952243815,1.521136618643956
2021-10-11,207.42812629414425,211.12248095613944,206.6406484379327,209.17808532714844,207.21378280231295,208.18111856403078,52.937238940535835,3.6515979743748255
2021-10-12,209.70308278745563,211.3460996019911,209.0614286170638,209.62530517578125,207.44345159978613,208.23775333311903,53.82131172615829,2.083125273450132
2021-10-13,210.9863975256105,210.9863975256105,207.89966615138113,208.09896850585935,207.5058817813169,208.23231079087356,50.34528299859935,0.5401666767172485
2021-10-14,211.81273766402575,217.18899050733975,211.1030373978192,217.1306610107422,208.42252742221456,208.58126570145666,64.82279413116454,3.801820669290549
2021-10-15,216.53763199525213,218.19036544217337,215.91542593872077,218.18064880371097,209.3518723156904,208.9577120976235,66.06165860985972,4.081255180883641
2021-10-18,215.9445979021237,216.97512532693744,215.0112962034317,216.21681213378903,210.00567610789028,209.24238268727706,61.6858923942554,3.9009533234188605
2021-10-19,217.5195607255882,219.5320026390728,217.24734650380827,218.44314575195312,210.80924464542008,209.6031969251075,64.55244847411387,0.6044677131738684
2021-10-20,218.151492914688,218.569545738552,216.6737479074417,216.83901977539065,211.3835089435125,209.88695468394215,61.01052324981959,-0.6149166003843569
2021-10-21,217.81121177850227,219.4250638586486,217.45150330125816,218.36537170410156,212.04844825404479,210.21944162590918,63.08600359831577,0.9937060624976094
2021-10-22,218.161196206949,218.2487052895615,216.06126008093077,216.8001251220703,212.50098890814246,210.4775076453665,59.58326076422768,-0.7521502330627017
2021-10-25,221.0389014215554,226.30334619618037,220.1250330787324,224.58741760253903,213.65207735522785,211.03083744760858,68.84991368660285,3.5733411058463735
2021-10-26,229.7498123069861,229.94424891792255,223.5082888036177,223.6055145263672,214.60002375247922,211.52396203893244,66.7710934749247,2.3997132793409843
2021-10-27,224.22773184668137,226.35684770461896,223.6055257596891,225.0054931640625,215.59102083929668,212.0526495340356,68.24335711744648,3.784761672702964
2021-10-28,229.7303720730381,231.3831055745149,228.00957759639033,228.52484130859375,216.82281326494402,212.69861783892023,71.64455227167464,1.7531808985946513
2021-10-29,228.6220594558319,230.9358803473708,228.4859523445649,230.576171875,218.1326569420922,213.39969838935474,73.43076862575118,3.1173906258071487
2021-11-01,234.6399768126682,237.33295440331537,232.25808001171268,233.07473754882812,219.55571223797182,214.17126855247136,75.4586209146948,3.586243282905962
2021-11-02,233.3858163171469,242.0869842128586,232.73444552992467,241.89254760742188,221.68302989220516,215.25837753501844,80.97679766897038,5.849563759581278
2021-11-03,254.3950183598991,254.6769343678656,246.5396433056735,248.571533203125,224.2438397313404,216.56477579651283,83.92514221073213,7.804519080089789
2021-11-04,249.32014999548323,251.13815522424343,247.6771184242172,250.1756591796875,226.71353682165915,217.88284965467656,84.54470394022165,7.337097881436768
2021-11-05,258.818533977295,259.25603491321885,254.24919184101145,255.2213897705078,229.4285704358352,219.3471061298072,86.32951277597097,5.510232661122701
2021-11-08,255.06582831864904,256.60191762448807,253.48117065429688,253.48117065429688,231.7192942661649,220.68569689547346,82.77893701562381,1.9751406719448725
2021-11-09,253.62698711673008,253.74364611501036,249.15973668131195,249.53404235839844,233.4159369416157,221.8170045606862,75.22199116481815,-0.25646652571752565
2021-11-10,247.86184046046577,249.73819003682215,245.69384339491168,245.9466094970703,234.6093343278495,222.7632635777993,69.05192947805934,-3.634013701507259
2021-11-11,249.01877115419109,251.2548143380756,247.9687808631093,250.9242706298828,236.163137785186,223.86761679552808,72.43096303955903,-1.0087139876362723
2021-11-12,252.57699471882165,253.6921087611261,251.11869791404987,251.38121032714844,237.61247802727766,224.9465812477485,72.72536193025066,0.740246882265854
2021-11-15,252.95615338490137,253.05337910081263,251.09925198675072,251.6534118652344,238.94970982136877,225.99390793863031,72.9109392463277,2.3203419554486966
2021-11-16,251.46868966674472,252.5235159856391,250.3215033689254,250.72010803222656,240.07070012716474,226.96356284426156,71.12404239628802,-0.08136422879450868
2021-11-17,256.1935858125041,261.0351421466116,254.98806988293063,258.8768615722656,241.86176312193626,228.2150647551637,76.5363385044563,2.981786600264323
2021-11-18,259.42128087847203,260.0143370181081,257.0685786041781,258.4101867675781,243.43780346914025,229.3991871870231,75.66254702013092,2.684952630788139
2021-11-19,261.32677217506847,264.3405914665288,260.6851476980784,263.7669982910156,245.3739172616998,230.7469444852189,78.6724821481212,5.2037670058406595
2021-11-22,267.7141180992227,271.0293163390608,265.4100139341073,267.64605712890625,247.495073439529,232.19396851046156,80.5485111298749,3.3874002888406847
2021-11-23,263.83506096097557,264.2433674489627,257.59353762248196,259.5379333496094,248.64201247858426,233.2662808570948,67.2354933657762,0.43641723112315967
2021-11-24,256.71856828735366,261.3802701485508,256.56301306718694,260.8698425292969,249.80656772150928,234.34877347169098,68.16626994946446,-1.0983768934286091
2021-11-26,257.18522078676864,258.49769378359775,253.96724836137636,255.4060821533203,250.3398548102532,235.17455028273528,60.5653250549089,-4.573194579022251
2021-11-29,258.70185386816115,260.374035357245,257.70049126923516,258.3810119628906,251.10567930098057,236.08460760352568,62.985463087993324,-0.44576196311169836
2021-11-30,259.0129793324083,260.21849524247966,252.48951001731103,253.2186584472656,251.30691541015057,236.7565311660253,56.505021273219135,-2.932950780300339
2021-12-01,256.3880276667001,257.23383508040735,249.70903293735648,249.71873474121097,251.1556601083468,237.2648528748561,52.556907907664375,-2.2267862081276637
2021-12-02,253.1603070317856,256.4171756708129,252.9950500166782,255.1824951171875,251.5391682044269,237.9675055118103,57.54412340221863,-1.2379070820275697
2021-12-03,254.61863581874044,255.28945477420743,249.66042036625117,251.6145477294922,251.54634720681406,238.5026836379939,53.582955143179234,-0.6334883565096667
2021-12-06,251.69232233710272,254.054756054989,249.72846363951243,251.34231567382812,251.52691563224397,239.00619861979132,53.28158173813271,0.6501638470576554
2021-12-07,256.31026869167954,259.57488123342887,255.83387154549868,258.5074157714844,252.19172516931448,239.77095223358322,59.70539425046083,1.3029579684805461
2021-12-08,260.2767895634153,260.9573398737042,256.73604692760625,259.6448669433594,252.901548195414,240.55032143788816,60.630850605319345,3.191516264194902
2021-12-09,256.2227369552688,256.95188535829357,252.53326265067292,253.01449584960935,252.91230511486117,241.03911259128898,52.99075343126167,0.6652999003762036
2021-12-10,252.57701193372563,254.2297602927632,251.65344169589704,254.03530883789065,253.0192578503878,241.54876734605767,53.95281169112571,-1.7299723956650352
2021-12-13,252.6547906722676,253.55892758319388,250.5451082109814,251.21592712402344,252.8475120669245,241.92787165107595,50.85708964250291,-3.246334086463832
2021-12-14,249.1354363884301,249.6020723791542,244.88692159661127,246.26744079589844,252.2208386125411,242.09805083322584,45.88104406545697,-2.6666673903622216
2021-12-15,251.3131776078048,253.27700684478248,248.79518840212637,253.22840881347656,252.31679767929685,242.53453545990234,52.86719661587793,-0.3176330204274886
2021-12-16,251.92564032935897,252.8103439567241,248.89238770360691,249.4465179443359,252.04343770453866,242.8055935965468,49.1546071962286,-0.7043379772708377
2021-12-17,246.7438286501544,249.17430855242435,245.25733130454705,245.48968505859375,251.41927078587725,242.91085208525453,45.55042702560211,-0.31581752536636626
2021-12-20,243.47725673056843,244.0800147119116,240.79884663390885,242.66061401367188,250.58511299804817,242.90103882754542,43.11618679104805,-4.173226396406705
2021-12-21,242.4661505787494,243.02031050291671,239.9773263256868,242.0967254638672,249.77669513765,242.86949712700903,42.62720582389068,-2.9464401993010907
2021-12-22,240.42452900256387,244.65358070940903,240.15231479389823,243.72999572753903,249.2008190033537,242.90324217016706,44.58744580139247,-0.7168078490282438
2021-12-23,243.0494730672989,247.40491547098736,242.8939178442408,246.4132843017578,248.93533950796362,243.04089088120983,47.74619517640249,1.5464686361811093
2021-12-27,247.59935444093,251.3714870459243,247.2104812141433,250.9631805419922,249.12846722549014,243.35156890712287,52.67268573101185,3.662360596218933
2021-12-28,251.12845086879955,251.50079841244855,249.95209965301152,250.34097290039065,249.24394395643304,243.62566318136868,51.951353834754286,2.712418368169136
2021-12-29,249.36875351431593,250.9145445664489,248.13405806643507,250.63259887695312,249.3761968060064,243.9004449733524,52.28120248660821,1.7122918462579064
2021-12-30,249.90345992144185,252.47007663499403,249.62154389041385,249.6895751953125,249.40604236689268,244.12746968793908,51.06052781251224,-0.5074869325170123
2021-12-31,249.50488327688748,253.18949195581752,249.50488327688748,251.624267578125,249.61730191081958,244.42146176206404,53.46125620439615,0.5126187147339092
2022-01-03,252.1881100040455,252.6450441688012,249.6992859442641,252.27560424804688,249.87047356198408,244.72946734974965,54.27449952701637,0.6555433644529121
2022-01-04,254.50197291359615,264.38923891552747,254.50197291359615,261.7059631347656,250.99766304510615,245.39521228249538,64.06546030078111,4.812530891629597
2022-01-05,261.20043054506687,261.33652282713234,254.90057728652323,255.48390197753903,251.42492389581403,245.7908471724971,55.60538154085109,1.5338879816970292
2022-01-06,255.1921987020872,255.72692530964105,251.79923777217235,254.3074951171875,251.69945448832578,246.12483336640653,54.14941243366583,0.8054250331485852
2022-01-07,250.36039705449343,251.4103874201911,247.0549300685443,249.87429809570312,251.52563006998076,246.27187119892798,48.948074021948074,-4.520976479611119
2022-01-10,245.0230447897152,247.50215249511143,242.2425580974844,247.15216064453125,251.1091091723189,246.30639235365751,46.024664260659016,-3.261160984514896
2022-01-11,244.54664186778817,247.59934253846023,243.15640605602184,247.268798828125,250.74336533001474,246.3441337840288,46.17300812053733,-2.7677895556397174
2022-01-12,249.5243310664219,252.2853697024852,249.13545781766155,251.2256774902344,250.78929982146423,246.53556687054666,51.084540675887126,0.5408236880824346
2022-01-13,248.9604384904933,250.76874210913564,243.88557882891791,244.03140258789065,250.1456905611239,246.4373643496582,43.34107200749374,-1.2626869409121024
2022-01-14,239.5495567509831,240.3856475388012,235.75799087283272,238.5676422119141,249.0430192897706,246.12874779523688,38.560518176879995,-3.5189060073280936
2022-01-18,231.8497415400427,233.0698546016179,229.63313160561648,230.07061767578125,247.2361238979621,245.49901720231705,32.54792544211618,-8.420739482442231
2022-01-19,234.5427426071174,235.37883339176256,231.30045609402492,232.43307495117188,245.8263097125535,244.9866273101153,35.556626028422706,-4.7528012844746526
2022-01-20,233.5608180315238,236.5357410943688,229.69145988764177,230.0220184326172,244.32113911446433,244.39977990315458,33.894948492248446,-3.582054841999916
2022-01-21,227.66929313607244,229.21509904441663,225.44296651105617,225.85128784179688,242.56210565992458,243.67238805761116,31.180401652366612,-1.8339281550199138
2022-01-24,220.75698047868644,225.2874113405388,215.27182684808685,225.27769470214844,240.91597128299352,242.95102753386752,30.8148914546896,-3.0784690391101166
2022-01-25,219.1723005345451,222.9735979460182,217.93760502767157,220.35838317871097,238.95810574925233,242.06504148072412,27.80453145429588,-4.201178356643755
2022-01-26,221.70972489830316,226.39571086865143,217.9375924551512,219.969482421875,237.14966543235926,241.19854896861239,27.575183249260128,-2.6042824356361125
2022-01-27,219.2111803264112,219.3181226897636,214.4085202833245,214.9723968505859,235.0375446150475,240.1700724149643,24.750169163073103,-4.574486553223881
2022-01-28,216.37235138917876,220.66946411132812,214.85572511483923,220.66946411132812,233.66915599564564,239.4053426775668,33.15777515756444,0.1411704552056329
2022-01-31,219.2500746661148,225.6665719084336,218.9681289676254,224.5388336181641,232.79960148350455,238.82234232229612,38.20759047024997,2.0772659670697524
2022-02-01,227.48458951820157,229.1567710750069,224.75270098751005,228.94288635253903,232.43229528055545,238.4349126764233,43.44473576719612,6.49873644552754
2022-02-02,230.41090514743635,232.41363047265617,228.8262178037926,231.78170776367188,232.3703345646618,238.17400267984482,46.58723238697001,5.035696124561033
2022-02-03,226.1818428878915,228.4762306002048,222.90554060495305,223.14859008789065,231.49207318592167,237.5847708134937,39.41467536970201,-0.6191550512093573
2022-02-04,221.40835073422835,225.1026908139587,220.34864376979132,223.73190307617188,230.7530093659455,237.0415210983046,40.085880013377064,-2.2761062199342574
2022-02-07,219.66809898577552,221.83609601534448,217.8306456615188,219.25006103515625,229.65749047729892,236.34381678210272,36.719778928524576,-5.406659071341851
2022-02-08,215.1960066279255,221.6999979827663,213.96131116689992,220.7764129638672,228.8116735712578,235.7333303578582,38.61043741162993,-1.0630482240954988
2022-02-09,225.4526657280397,227.985251698614,224.6360231296627,227.2998504638672,228.66769041817298,235.40260565613306,46.031888513673834,1.5947423405595256
2022-02-10,218.8417322105875,223.04161902134075,217.99591003130095,218.25840759277344,227.6763301490873,234.7302841634523,38.99543283244996,-0.4522933483807802
2022-02-11,216.31401905540704,217.7528677026376,210.1794530683094,212.1044006347656,226.19328924296144,233.84299461330772,35.06635434214004,-3.9279614215495355
2022-02-14,211.66691301032267,213.77658052402572,210.5099952175845,212.1432952880859,224.85519458059235,232.99202601231863,35.110854916579044,-6.668088494053209
2022-02-15,218.53062605056755,219.813934300943,217.33579112526303,218.00564575195312,224.20285659691243,232.40432482563764,41.606561999125695,-0.1158085242204807
2022-02-16,217.32511452571208,218.5209286372813,214.9821288341682,217.84039306640625,223.59690768924517,231.83319024684425,41.4805070596355,2.704325046757412
2022-02-17,219.29868482433457,219.33270047616375,214.8265686035156,214.8265686035156,222.76163730012806,231.1662639078902,39.150843170420266,1.26484002795651
2022-02-18,215.0696334470488,215.9543371490892,213.0669080271779,214.25299072265625,221.9512900070355,230.502998292783,38.70531117334064,-1.7213568099821812
2022-02-22,210.9669406757889,213.78630860352976,208.08922841401767,210.41278076171875,220.85238436462438,229.71514662489813,35.77031335604845,-3.409657961103327
2022-02-23,214.88491441328057,215.29323577728545,209.0906228655203,209.3142242431641,219.75351197210435,228.91511045306544,34.95376244332774,-2.565950941815349
2022-02-24,199.18391612928136,209.87322759487017,198.62003955119505,209.55726623535156,218.78244094955647,228.15597930727273,35.30562305464389,-2.1916727843408053
2022-02-25,206.300382878405,209.46975739540753,204.4532128786478,207.48646545410156,217.70663375951315,227.34541013656013,33.6360876449791,-1.390749790494468
2022-02-28,206.14483752571277,211.9391435744984,205.79484568606043,209.3239288330078,216.90828090936978,226.6386853795581,36.50524686160933,0.004636373795814078
2022-03-01,208.92533163431975,209.38226585345816,201.85746328253703,202.6838226318359,215.5535705972237,225.6992789972945,31.247714625647287,-3.2799834274399062
2022-03-02,203.16993404699073,205.39238912028145,202.2463489131732,204.21990966796875,214.47417431824704,224.85695078830133,33.62910085296131,-1.5743464418190751
2022-03-03,205.21153639083835,205.50319873042105,197.73533209786444,198.0756072998047,212.91240603077634,223.80670202404656,29.262919327090398,-5.373643422380386
2022-03-04,195.1298416444627,195.5964924698908,191.2118705679247,192.8937835693359,211.0058705582582,222.59443071209714,26.17625893355807,-4.830202497356225
2022-03-07,189.8508135301517,190.4535715090464,176.2983718020854,178.1552734375,207.87724226104314,220.85171866211294,19.784149332709948,-12.763024071867418
2022-03-08,181.50933751757012,183.67733459196128,173.89702649267977,176.43446350097656,204.88269190294156,219.10986551853898,19.194784945400308,-10.9256985722994
2022-03-09,190.46330079767645,193.66182547311777,188.13488259222228,192.2229766845703,203.67700473928716,218.05547772112845,37.570667683074376,-0.34775972162134206
2022-03-10,188.41196436730192,189.11194807320155,184.49400784279985,187.59532165527344,202.145415874143,216.86096179697728,35.05440570545768,5.298775632979044
2022-03-11,189.8313442952657,190.1035585028365,184.47453955431516,185.1550750732422,200.5272881788191,215.61759369016414,33.77001938421834,4.942691693687927
2022-03-14,189.08278814173937,191.52494302888812,186.8953427136818,187.5661468505859,199.29289376660643,214.51753695135716,36.255205386603045,-2.4226187286788625
2022-03-15,188.0716792020431,189.8702512357005,187.15684656365363,189.7730255126953,198.38623964718633,213.54716395376258,38.52888042233942,1.1608519008931575
2022-03-16,195.7228856426568,203.24768779050385,195.64510803158456,203.09213256835935,198.8344199253933,213.13716272296244,50.097624732471964,9.687586196609388
2022-03-17,199.1839061586636,203.88934033183293,198.9116919393604,203.70462036132812,199.29824853833946,212.76725910093757,50.55842677156547,8.604150472631945
2022-03-18,199.12557317827589,204.6670980237295,199.10612506736217,203.7823944091797,199.72531004984805,212.41491146596667,50.620780057938475,7.382170810965537
2022-03-21,204.16155657004705,204.48821363644112,199.8644436833393,201.7699432373047,199.92003702008202,211.99746173150933,48.9021960684549,-0.651029320699865
2022-03-22,205.24069532054017,208.97393162454475,205.24069532054017,206.485107421875,200.54528182025277,211.78129097426879,52.93405101525992,1.3649602329170982
2022-03-23,204.17126572370333,204.62819990127895,201.7018897048274,202.1004943847656,200.69339730258733,211.4016518923275,49.057651323830505,-0.8253411828290537
2022-03-24,204.064330576609,207.8461797641964,202.81020182940745,207.19480895996097,201.31257936519435,211.23667765968568,53.333639739325974,2.6886391677654444
2022-03-25,208.20591610298573,208.59478934835852,204.8712694273886,207.40870666503903,201.89316291756052,211.0865611500917,53.51008959774553,0.4472958145485063
2022-03-28,209.02253204530672,210.9960924401789,207.2823044685087,208.4781036376953,202.52030012900192,210.9842686986252,54.43764750724915,3.155662371012222
2022-03-29,218.0056492892052,219.30839083634584,212.98910486744225,216.69317626953125,203.87009785667138,211.208147426896,60.8926683497937,4.584268957918623
2022-03-30,216.20708553671713,218.1611979314314,213.85436845165103,215.0404510498047,204.93394101792217,211.35843384348067,59.079240249745354,3.679567992818532
2022-03-31,216.13903419348392,216.76124022715547,211.86135473175025,212.0266265869141,205.60943488163568,211.38463748047806,55.81495645763476,1.7021082249412611
2022-04-01,214.30157990872135,215.6529492556984,212.28913793276683,214.9335174560547,206.49744274586607,211.52380924422616,58.21317020685283,-0.8120508655463298
2022-04-04,223.23606705120528,225.68600980313903,221.89444409680516,224.99574279785156,208.25918560795992,212.05212036397617,65.24515539010272,4.629497240842919
2022-04-05,222.4777613008046,223.87772863413176,218.40424977342033,219.5028381347656,209.3300096581319,212.34430537459536,59.371490312416555,3.5260720166138437
2022-04-06,215.08906652506923,215.68210783135456,211.9391400210117,214.07797241210935,209.78219658708213,212.412292317243,54.18349539174979,-0.39805101320238045
2022-04-07,215.2057322578518,216.11960067657793,210.86972300556488,215.24461364746097,210.30242678330868,212.5233637419574,55.09231004431957,-4.333917179558167
2022-04-08,211.86135920710893,216.10014253683704,211.68637071014328,213.4071502685547,210.59811473428448,212.5580220371181,53.299067511740105,-2.7770428473769484
2022-04-11,213.1446607047576,217.09178157871503,212.503006567285,214.6223907470703,210.98137911645455,212.6389776728025,54.35722023147371,0.25430843202911935
2022-04-12,219.4347968907503,220.26115621387956,214.2529802480017,215.54600524902344,211.41610541479443,212.75297875422294,55.18827127296431,0.14002283098061943
2022-04-13,212.15301096940553,217.73343183616225,212.04218195993516,217.25704956054688,211.972385809628,212.92960898192192,56.75901867508708,1.804016073101308
2022-04-14,217.51955174262048,218.51118286619743,213.23702141109817,213.87380981445312,212.15347381008755,212.9666364655506,52.81678118972605,-0.34878976513656507
2022-04-18,213.87381333629696,216.42096699166055,212.9113321109694,214.36962890625,212.36453620019824,213.02165577695058,53.32838746863405,-0.5457657827684409
2022-04-19,213.1844243127479,218.22481751410336,212.85164874548823,218.1073760986328,212.91147333338247,213.22109578956557,57.104391871456784,0.39139192021889346
2022-04-20,218.5967103533086,219.38946968558616,216.629477263823,216.923095703125,213.2935326066913,213.36627225676398,55.57029877003764,1.425740669845126
2022-04-21,218.5673665465641,221.15118212669827,212.22526154018948,212.27420043945312,213.1964533526686,213.3234459109871,49.90285166930001,-0.977483833641969
2022-04-22,209.70016597081505,210.8159041736753,205.83423188667985,205.9810485839844,212.50927194612726,213.03550876090856,43.44371035922409,-5.559797074063477
2022-04-25,204.58146807716167,208.85846191433905,204.18998676327104,208.8291015625,212.15877952863895,212.87055161587293,46.79975398899886,-3.73127357158051
2022-04-26,206.9401825453407,207.1750653600267,200.19681461605657,201.4104156494141,211.13512582585562,212.42113451914906,40.121176725047434,-5.117807424335445
2022-04-27,201.4104145382724,205.57486531464252,201.35169383492484,203.4657287597656,210.40470705765657,212.06994213642815,42.56652742036088,-1.2211413824283153
2022-04-28,206.19635409939335,210.83548398870192,204.3563739413587,209.48484802246097,210.31710143525697,211.96856589666473,49.11977474738621,0.31401105260451884
2022-04-29,208.59422139389537,211.28569652968685,205.11976868633528,205.2763671875,209.83703150689917,211.70612673159945,45.2335390223141,1.9194397298773238
2022-05-02,205.04146428866477,206.5878408472243,202.4185066632467,206.0789031982422,209.4791145251223,211.48545129891878,46.109150927525654,1.2843314962206716
2022-05-03,209.58272582628396,211.2661224139694,208.0852880958745,209.6708068847656,209.49737094032642,211.41428877287356,49.964964518316414,0.08876960031242553
2022-05-04,204.3367968851254,207.9286911029681,198.6308676440229,207.24359130859375,209.2827252611138,211.25073200956848,47.49215192970759,0.9583295671327241
2022-05-05,202.0074451123148,202.0074451123148,195.2053561173078,197.7598114013672,208.1853048935189,210.72167629944295,39.30658548727402,-4.03684786155537
2022-05-06,194.8530043946481,196.18406175453575,190.55643206003467,193.6491851806641,206.80091253991367,210.05216684380457,36.379753164594874,-7.6413221001753175
2022-05-09,188.8045409776556,189.9789998895133,186.29902464994456,186.50454711914065,204.8679253569829,209.1287307761707,31.92952831326639,-10.007085892741483
2022-05-10,190.31176394665565,190.7326205669873,183.7298925644427,186.6513671875,203.1330150551274,208.2472655373993,32.11330767034995,-5.617139364742735
2022-05-11,186.07392221981715,190.9773105608215,184.32202299799897,184.4884033203125,201.3573377470498,207.31554545045472,30.794272305513935,-4.730606974568513
2022-05-12,181.55223965252043,186.7394494865464,180.0567582507581,184.9679718017578,199.7964457522601,206.43917001325093,31.46641410860984,-0.8238808871513807
2022-05-13,186.9645507511783,192.0441009844174,186.15221279139496,189.78326416015625,198.84280941015498,205.78599723469821,37.97982621746716,1.6779394760661537
2022-05-16,188.4130537640928,188.4130537640928,182.99096097588804,183.61734008789065,197.39276471279646,204.91663813090184,33.579010428320174,-0.47215067003940026
2022-05-17,187.52241397034751,189.2449526341413,186.1326209778818,188.27601623535156,196.5245029530398,204.26406472323322,39.3017672949751,1.7884417509530763
2022-05-18,184.37096441487307,184.9777650026503,177.80375782712738,179.27183532714844,194.88139175057395,203.28397729593578,33.32534844457794,-5.5386489844211555
2022-05-19,179.59480162278888,185.97604889195705,179.28160460965043,184.42967224121097,193.88598989253938,202.5445927839858,39.04351667483059,0.4424049237024564
2022-05-20,187.96282256434972,189.088342456462,180.70073572709308,185.447509765625,193.08232511854754,201.8741189401285,40.13462388130282,-1.5023190559709056
2022-05-23,184.51774662462688,186.7785833454666,182.98213748349897,185.6237030029297,192.37198015515537,201.23684772690504,40.333724180351716,3.543148684895145
2022-05-24,186.27944946510135,187.2092288315155,184.5960528519059,186.4654083251953,191.809449504683,200.65757559350467,41.337444455202174,1.1038007383767716
2022-05-25,184.0871187609837,188.53539157710975,184.0186162466983,186.97433471679688,191.34896238202717,200.12097791206517,41.97305783929278,0.8233191985708136
2022-05-26,188.03134379923216,193.9232317952603,188.03134379923216,192.8270721435547,191.4897347402679,199.83494239173143,48.838438152870175,3.8806300187381293
2022-05-27,196.1351212538828,197.5738382022221,195.51853894320493,197.5640563964844,192.06824156466948,199.74588803897666,53.621232448409714,5.952121721114658
2022-05-31,191.6134533443838,192.51387232140527,189.11087908079804,190.82069396972656,191.94942750800826,199.39588042841783,46.8997146491317,2.0571589457748978
2022-06-01,187.9236908417913,188.79474951026975,183.7641381678331,185.1441345214844,191.30130436643455,198.8369884320675,42.11396411943989,-3.9843666849593293
2022-06-02,186.83731313863512,193.7862188801832,186.7159590016676,193.6687774658203,191.52677799494748,198.6343134922147,50.31357585971803,-1.971653650827452
2022-06-03,188.51091477099996,189.82239358645657,185.4034814716336,185.67263793945312,190.96924084680515,198.1260124901456,44.01542285491002,-2.6978499675146184
2022-06-06,188.5011361914002,190.1160152897374,187.38539801177245,189.15687561035156,190.79663463380956,197.77428163211445,47.12154730962882,2.1673606345879213
2022-06-07,185.36924308100467,187.3364764540056,183.9207441548274,187.091796875,190.44379294249435,197.35536066124723,45.50990053647291,-3.3959942727376657
2022-06-08,187.4832818345516,190.69347677813735,186.7003041798597,187.78668212890625,190.19073476977167,196.98011836586133,46.176982998084405,1.1385868229773866
2022-06-09,185.2811403290318,190.2921727416119,182.9713647762229,183.46072387695312,189.549781351408,196.44994603296297,42.67443859184508,-3.01133739654913
2022-06-10,178.89990449802372,179.77096315363713,176.82502656196826,177.9505615234375,188.44509374874414,195.7244799737659,38.65277676634075,-4.885962668726707
2022-06-13,170.4144099596466,171.70632516529403,167.56635131820516,167.85995483398438,186.48460432829083,194.63175349769605,32.59484686001907,-10.61136341992728
2022-06-14,167.78166443809866,168.55486022792755,163.88636993799358,165.15870666503906,184.4535664556002,193.47594773955265,31.18577861633509,-9.975986590017602
2022-06-15,169.1322872925487,174.76971360034815,168.76036960306075,173.1058807373047,183.3728344824292,192.67712158260176,39.47562225565468,-2.7224869338188236
2022-06-16,173.1352539009342,176.19374845779112,169.044218750029,170.35569763183594,182.13310716332506,191.8017716237482,37.77949716187424,1.4868005894079286
2022-06-17,172.13696594028187,173.57568292365326,169.554121140991,172.2837677001953,181.19507483350318,191.03635970517752,39.734483226642084,4.314069284646735
2022-06-21,179.59478887057324,181.54244345583797,179.01734871941312,180.50498962402344,181.12935243260034,190.62336480003424,47.333277467157295,4.274325548735807
2022-06-22,177.5003415306105,181.59137662682605,177.16758091144618,179.8394775390625,181.00650720464435,190.20046726038828,46.818642987901036,5.567045915730054
2022-06-23,179.92756134871095,182.15903778696617,178.92927947595055,181.6598968505859,181.06873478997213,189.8655429305921,48.46908521178299,5.442259172498912
2022-06-24,182.7854106527028,187.97262024132095,182.530949290006,187.8551788330078,181.71506279407077,189.78670512284373,53.73166953317647,4.072014421481752
2022-06-27,184.8994444904884,185.4475243047144,182.384146428618,182.49180603027344,181.78903834037578,189.5006306486253,49.060508386405104,1.4748310701885974
2022-06-28,184.33179135294637,185.91732507079985,181.0530941806443,181.1313934326172,181.72640549201782,189.17242526760538,47.922484997420696,-0.29093015416793516
2022-06-29,179.02713146874552,181.498403885791,178.165854673286,180.86712646484375,181.6445693941917,188.8467272753402,47.69105853027511,-3.719914676600973
2022-06-30,177.48075422745305,181.46414445686307,175.45481532574073,179.57521057128906,181.4474876015343,188.48313838498527,46.50860773622366,-1.5982062550800462
2022-07-01,179.22287855250335,183.96966796953575,178.92927502902106,183.9403076171875,181.6848990315965,188.30498815879713,50.935115608787996,1.5507605453359794
2022-07-05,181.51309389442255,186.07390960658745,180.92585696860556,185.9368896484375,182.0898505189147,188.21212155054775,52.8567671488298,2.803031862497794
2022-07-06,184.79180474527496,186.43605929868804,182.2765064131281,185.77052307128903,182.44039076199795,188.11637259057682,52.67165096177852,3.4499820327597566
2022-07-07,186.778593120746,188.64794862121784,186.68073025310105,188.47178649902344,183.0148094036194,188.13031039090805,55.402749823269424,2.463559477820789
2022-07-08,187.38541462202696,190.83049232839952,187.38541462202696,189.5092315673828,183.6333258001683,188.18438573116197,56.44234302689542,1.9212658261089355
2022-07-11,188.66752656877597,189.7147473601783,186.41647154331432,186.6219940185547,183.91796086858605,188.12311546792247,52.756527127059215,0.4583455616039275
2022-07-12,187.56156429220144,188.35432368296833,184.66455170956448,184.8407287597656,184.00584352488886,187.99439442054378,50.56276185443029,-1.926578936140479
2022-07-13,183.05944036975345,187.91388907517936,182.60923837358115,187.0526123046875,184.29601198010778,187.95746178854944,53.16702036125471,-1.2963058540089247
2022-07-14,184.9483819457721,186.2598607673057,181.3740951459337,184.73306274414065,184.33763586239664,187.8310147672001,50.18163252703449,-1.0121696986188182
2022-07-15,187.316894760013,191.38836647045576,186.6611552913785,189.3526306152344,184.81525441028595,187.89068597692693,55.536453063669455,2.440967359165117
2022-07-18,194.7453552263784,195.37173431552267,190.86963927919044,190.92835998535156,185.39745494124458,188.00981044784555,57.225363866165004,2.072009384370911
2022-07-19,195.95897738501623,197.30961340526167,194.57898101077035,194.745361328125,186.28773173999508,188.2739496980526,61.081756191749065,5.419873646468797
2022-07-20,191.68198180467988,193.87919957232643,190.2139043793718,191.4275054931641,186.77723400220165,188.39761855276285,56.327977839719836,1.0957729349669532
2022-07-21,193.96238122343317,197.8968328837,193.96238122343317,197.740234375,187.8213292758015,188.76399564383098,62.334409062977294,3.5677645741947708
2022-07-22,198.30786965640647,200.06956533882257,195.78277500061904,196.1644744873047,188.61591453403992,189.0542105004378,60.11196066034843,0.7287019056585561
2022-07-25,198.97341790167368,199.27681816162777,196.722362999938,197.3193817138672,189.44481617021395,189.37833486174875,61.20374139640039,3.0778629254579597
2022-07-26,193.64917980472867,193.9427982457102,190.71302526302193,191.4862060546875,189.63923425444952,189.46099647715812,53.27254312861506,-3.162749523423842
2022-07-27,194.03089749017127,196.90833160028143,192.85643855018185,196.45811462402344,190.28865143250417,189.73539326723127,58.239897598194574,0.149690782434591
2022-07-28,200.6568140644121,204.27611213796123,199.3648988429714,203.07424926757812,191.50632741679692,190.25848565940174,63.76066126287009,2.916524217603758
2022-07-29,204.9435934868772,206.754228204539,204.00403233952747,206.73464965820312,192.95664382074037,190.9046097377861,66.40671701811448,7.963207333671202
2022-08-01,209.3380370827781,209.97419794487593,207.2240021675979,208.67251586914065,194.45339353963564,191.60139037038826,67.7492899529808,6.217305540416504
2022-08-02,206.881466347376,209.87634177228776,206.0671720548721,206.54869079589844,195.60532661166067,192.18755901452593,64.69751384635573,1.710921764256905
2022-08-03,207.33165948732852,211.42759275665168,206.51932159087383,211.10951232910156,197.08191572760742,192.92959639941125,68.02813272997957,2.1161729193105514
2022-08-04,211.1878332454362,212.84186955927052,209.64145654179393,211.4031524658203,198.44584303600865,193.6540495784861,68.23591715519018,1.3085751064563058
2022-08-05,207.63507264218663,209.28910888909823,206.2159341536599,207.42955017089844,199.30143419171245,194.1942652879925,62.33237922777005,0.4264657266070126
2022-08-08,208.7605990641675,210.81884037209264,208.39357973210463,209.0150604248047,200.22654145200696,194.7754729404165,63.68253594204901,-0.9921163102455586
2022-08-09,208.26144802217436,208.3006051149023,205.53083069957853,205.99082946777344,200.77552126303235,195.2152908434501,59.31523771537171,-2.560190297503695
2022-08-10,211.25632438267647,212.22524581966965,209.5044104835755,210.4244079589844,201.694462853123,195.81172680876517,63.28991621743665,1.4437951514712069
2022-08-11,212.00993556035127,212.166534059372,209.8371799221169,210.6886749267578,202.55105447918348,196.39513653888253,63.51869395681357,0.8007147899063594
2022-08-12,210.1503790606349,211.23675689081728,209.4554825479368,211.21717834472656,203.3763996092352,196.97639308028818,64.001861808957,2.5371755094421666
2022-08-15,209.97420320274412,210.8061196746773,208.98570316336367,210.09165954589844,204.0159481746317,197.49071725541015,62.115110959301106,-0.15813204195913658
2022-08-16,205.48189304571687,208.27124602430544,205.0708331739137,207.64486694335935,204.3615594859391,197.8889192039572,58.10492959184906,-1.444694635084962
2022-08-17,206.3529535052658,208.81932769185437,204.89467286166084,206.8814697265625,204.60155093742705,198.24156824405935,56.87126323519872,-2.0527253759103687
2022-08-18,206.58784761630696,207.86018431342444,205.07083135951515,207.8503875732422,204.91096395036183,198.61838468834102,58.08758504362221,-1.0668067344989496
2022-08-19,204.2976525496215,204.4150939605331,201.1951174942445,202.63381958007812,204.69409305795386,198.77585272331112,49.924116168848585,-2.4132777453382066
2022-08-22,198.19043320475657,199.2474506406018,195.4451358538961,196.29171752929688,203.89386681712938,198.6784356568792,42.16553856166833,-5.11875336697009
2022-08-23,197.19215057266948,200.1772442483843,197.19215057266948,197.60321044921875,203.29475668685217,198.63626996246114,44.10017593130333,-4.930073618656373
2022-08-24,197.19213609739484,200.8427656867236,196.95725329035469,199.26702880859375,202.91116355558947,198.66100560348596,46.54326850187795,-1.6615147355270896
2022-08-25,200.20659707964975,202.6827529862982,199.60957836693683,202.5163726806641,202.8735644246442,198.81219646925766,51.043304836851384,3.17112470649108
2022-08-26,200.14787914859673,201.03851632702532,193.54153105933983,193.58067321777344,201.98852716684698,198.60703869468966,40.85735693553992,-2.0356639056120236
2022-08-29,194.14832676584723,195.90024072686663,193.86450505559935,194.7551422119141,201.29963336161526,198.45598393065924,42.482022434474345,-2.264241416985024
2022-08-30,195.00959994768772,195.72406004701477,190.409627427577,191.27088928222656,200.34451487786396,198.17421551307365,39.054450618093774,-5.552876169755349
2022-08-31,191.4764431971331,192.1419793914879,189.67560515085324,190.51730346679688,199.40858998157185,197.87394445243535,38.33405043615763,-1.58247706243399
2022-09-01,188.40325750931544,189.92027373840924,186.0347612069992,189.7245330810547,198.48629884818925,197.55435969277337,37.549347881322305,-2.5830430322530695
2022-09-02,191.8483509501806,193.95258916364455,186.33816255579748,187.11134338378903,197.4029697563416,197.14482964144065,35.0056435745354,-2.174688429612506
2022-09-06,184.69392914259248,187.052628795824,183.18669466134924,186.2990264892578,196.34545134995267,196.71950402762957,34.22939173944849,-2.2141175109977445
2022-09-07,188.14880371402333,191.26112061306165,187.79646454299487,191.11431884765625,195.84724825449587,196.49969284410122,42.38542180300394,0.7325282313425507
2022-09-08,186.25009149818248,189.8713461440149,185.2713732190896,189.5875244140625,195.2510840792165,196.22862741547226,40.66357271890932,1.323373017099506
2022-09-09,192.9836470809031,193.61004106421032,191.40792511907995,191.63302612304688,194.90650713100987,196.04840775694578,43.94881451169427,2.863138758321223
2022-09-12,196.21342687090475,198.4938421424017,196.21342687090475,197.67172241210935,195.16986096730506,196.1120671551875,52.33843422871328,3.431141948961044
2022-09-13,193.51215523044837,194.2070367589691,190.87940099821148,191.3589782714844,194.80691975817928,195.92567151268935,44.79087242436288,0.934372587487886
2022-09-14,194.5691782141563,196.80065448179784,193.76662213390668,195.37171936035156,194.8607101964814,195.9039478988722,49.751292766695435,1.9509649839292764
2022-09-15,194.2168502405273,197.0747057137357,192.28877410997023,192.4551544189453,194.63160964623987,195.7687010957378,46.48232503158293,-2.6390056855418322
2022-09-16,192.20068726758828,193.2381261829466,191.08494910317685,192.70960998535156,194.4485620594886,195.64873673846776,46.81068909094013,0.7058104751954694
2022-09-19,190.56622793461105,194.3049237054907,190.56622793461105,194.2168426513672,194.42649354442943,195.5925840291697,48.81406321391598,-0.5911176462824045
2022-09-20,190.55643766939872,190.8109139686969,187.89432287125936,189.871337890625,193.99266919644805,195.36822143550128,43.703186394155665,-1.3425551194621375
2022-09-21,188.6773159917317,192.55304709875944,188.01179470439456,188.3836975097656,193.45848141676402,195.09431853645282,42.07891930795651,-2.2447829539558466
2022-09-22,187.26793935717075,187.50283710463316,183.85222235039336,185.10498046875,192.66290989790554,194.70257978869978,38.667889798983424,-4.691592169981682
2022-09-23,182.57990388046423,182.65820313742097,179.72204820479723,182.28628540039065,191.67465994576125,194.2156662832759,35.968462624231236,-3.994838070084965
2022-09-26,183.294349332323,186.2598643811748,181.78712982571403,182.46243286132812,190.79730498533905,193.7547551686897,36.26789062549781,-3.1431937724497208
2022-09-27,186.15221162246095,187.0526306371069,182.56031737029937,185.16371154785156,190.2607722770069,193.4178514972843,40.836949249085926,0.031728524512325405
2022-09-28,183.1964815354971,187.70837342960428,181.47394272905197,187.16029357910156,189.96548859149212,193.17245706912027,44.03083735230313,2.673820560885961
2022-09-29,181.68925294728595,182.9322292900027,179.252239160521,182.45265197753903,189.2499803425442,192.75207255572494,38.72276951282646,-0.005360491820540624
2022-09-30,180.91607970161667,184.22413732682455,180.642039778441,181.06288146972656,188.4702566403711,192.29367290529365,37.2934273635423,-2.214705054162424
2022-10-03,179.94714349898896,183.76413881611148,178.89990777138655,182.72669982910156,187.923251229774,191.91849749054103,40.14207637116729,-2.368875184589397
2022-10-04,188.43262330677427,191.87771572518335,188.43262330677427,189.6560211181641,188.0882769334302,191.82977292691842,50.27374737937086,3.9480758775223683
2022-10-05,185.37901789259917,190.50749170408864,183.44114510359455,189.40155029296875,188.21335058671957,191.7345485099008,49.93944831997912,4.605399381449919
2022-10-06,186.6807290623639,188.14880647417655,185.1842620106601,186.8177490234375,188.08043615212128,191.541732843765,46.55443233383211,2.238889663175751
2022-10-07,183.45095645801945,183.5781946130852,180.769262999451,181.06288146972656,187.41209761094083,191.1307974957635,40.04392887476737,-4.530907902514533
2022-10-10,180.65181018942272,180.9160682894069,177.16757572821317,178.234375,186.53802879085123,190.6250554371061,37.28409067847564,-5.896031619432481
2022-10-11,179.44799864090524,182.04159605189335,178.12672301851933,179.2522430419922,185.84414443381704,190.17906279416047,38.915624436862956,-4.0496719508681
2022-10-12,179.10544801476885,180.387566591983,178.12672971960615,178.6160888671875,185.15575818937612,189.72561283623997,38.2459565792709,-1.351349643106261
2022-10-13,174.21184140274727,180.08415066351404,173.05696108314274,179.5458526611328,184.62148147240057,189.32640655486324,39.87446254696893,0.7358163435828877
2022-10-14,181.63052552088408,182.3058434689753,176.7271527104788,176.78587341308594,183.87523308579918,188.8346209414602,36.77428831600966,-1.375921208600146
2022-10-17,182.74626353651124,185.06582089209337,181.94370744399907,184.5764617919922,183.94201677210327,188.66763430814774,48.86065005309982,3.3369742684471198
2022-10-18,188.63815421567077,189.36239613728404,185.8488013281113,186.9547576904297,184.22894447861054,188.60046267608038,51.884545465148285,4.126469600654116
2022-10-19,185.09518734826065,185.67264245530737,182.13946903868205,183.57818603515625,184.16696748399585,188.40351065094612,47.582694492533136,3.8421127723249047
2022-10-20,183.5781829370693,185.6334822301648,181.6207465051375,182.6875457763672,184.0260701785074,188.1793551656685,46.48781206227598,-1.0233786027135505
2022-10-21,180.965006603113,184.6743573007751,180.23096788254756,184.3611602783203,184.05798352134673,188.02962203283133,48.86872161655306,-1.3872861242739813
2022-10-24,185.46710546264345,188.6773000775099,185.37902440569985,187.6496429443359,184.40004632353617,188.01472089210603,53.26844369784019,2.217832628763394
2022-10-25,190.00835398239835,194.66020752026887,189.9398514729416,192.32791137695312,185.15508109052826,188.183865617002,58.71149042804141,5.27696924254868
2022-10-26,191.49601684580884,195.19557064509945,191.2023983832823,192.9836578369141,185.9006598282793,188.3720927628809,59.424880605677714,4.676959911500258
2022-10-27,194.53002982491032,194.9655666051732,191.90707213946757,192.1125946044922,186.4922726641091,188.51877910961076,57.99150274124986,2.378342740295094
2022-10-28,192.43556654198295,194.93130092370916,191.652603933959,194.42236328125,187.2475193895511,188.75029221438092,60.69860015127309,1.0890004936370643
2022-10-31,192.5530218512072,193.8840791854095,191.11430491886887,192.58238220214844,187.7556015621794,188.9005702531169,57.51875641772345,-0.20793244322519885
2022-11-01,196.58533602769432,197.42703426754423,191.4372837301336,192.76834106445312,188.2330053243007,189.05224753983597,57.7596045511215,0.34133444572488436
2022-11-02,188.79475285244715,193.42898456977537,186.23932679527616,187.51263427734375,188.16439855792385,188.99187054915,49.25932096187658,-3.5539785070458616
2022-11-03,185.13434248003193,189.65601588731997,184.90922653642525,188.42283630371097,188.18901167657023,188.96955548070142,50.61481387693961,-2.1598787235227523
2022-11-04,197.39767654091412,198.679794996021,193.02280498346948,194.96066284179688,188.83393083516324,189.20450086741104,59.07225645096818,1.1372831063637858
2022-11-07,196.15470579511708,196.7223641604029,194.41748691110368,195.635986328125,189.48174564401674,189.45671598351748,59.837373038929755,4.332162513788947
2022-11-08,197.877255519956,201.9683057133884,197.66195123677565,199.9521484375,190.47892686244373,189.8683015699482,64.41599904577771,6.118850750768561
2022-11-09,197.9359734619227,200.7546717130488,196.96703707100323,197.20193481445312,191.11921333406366,190.155895030517,59.74242357225236,1.1496021504989222
2022-11-10,207.3708212639251,209.67080012084077,206.33533870120505,208.271240234375,192.7527397055219,190.86630072478596,69.37378137325271,6.4585530215580444
2022-11-11,210.42441083983357,213.88906666128224,209.84697069193453,212.2448272705078,194.6091289974253,191.70467431481427,71.96654846671306,6.147810328154685
2022-11-14,211.30526084039707,211.9805788116045,208.23208618164065,208.23208618164065,195.9065534911601,192.35280811351336,65.89927133445288,5.593328167680389
2022-11-15,211.34441587514715,212.27419520199464,208.05592204210865,210.8550567626953,197.33022046940155,193.07838649191265,67.8096764153798,1.2406016910508875
2022-11-16,209.8371801670556,210.58101557124493,208.7605990866548,209.3869781494141,198.47848310559323,193.71793910593232,65.59469000965487,-1.3464870535814608
2022-11-17,206.6074228811031,209.2528861715678,206.4606061871973,209.0052795410156,199.48103514706202,194.31744265240619,65.00019257558547,0.37131326567054
2022-11-18,209.86654636688132,211.8239828593052,209.05422336449405,211.7261199951172,200.64723370401964,195.00013588153212,67.2768789203945,0.4131099560975691
2022-11-21,210.28739772951937,211.40313590498903,209.38208038755968,209.56314086914065,201.49636771974545,195.5712341163403,63.72791802674628,0.08413260522861003
2022-11-22,210.33633945144632,212.40143552449575,209.92038121479308,211.75547790527344,202.47342583265288,196.2059103433573,65.70276807179768,1.3158511451468557
2022-11-23,212.00014989633024,213.84502832704425,211.84355140015936,212.95928955078125,203.47207952009367,196.86290560639353,66.77254832724,0.5824361943120205
2022-11-25,212.94950930477032,214.2414095725059,212.92993075909192,213.49758911132812,204.4268899573541,197.5152461359988,67.26425701129074,1.8774524116549167
2022-11-28,214.30992008325416,215.21033901262473,211.2367456095565,211.35418701171875,205.08663253396026,198.05794969975253,63.25060394549669,-0.1895067355632711
2022-11-29,210.96271880026785,212.4992986653971,210.49782166444956,210.6397399902344,205.61549991074827,198.55135324055576,61.92422648689692,-1.089198581306188
2022-11-30,214.9754496984164,218.3031005859375,213.4388698683812,218.3031005859375,206.82384283219486,199.32593156782562,69.34896983959536,2.250850463750926
2022-12-01,221.3664853352917,223.53924103243932,220.15288427011197,223.22605895996097,208.38595865388686,200.26319146555642,72.99239882113798,5.617050750730558
2022-12-02,219.85926457389644,221.8558432101298,218.6554453216683,221.7579803466797,209.65948452939094,201.10612436285538,70.30841214986937,5.278320395268596
2022-12-05,222.0907300486032,222.2081714525935,218.919677734375,218.919677734375,210.54140769177036,201.80469508330714,65.30845592026444,0.2824408571305552
2022-12-06,218.733743526199,219.0665041416364,214.2903543800921,216.3946075439453,211.0988552967394,202.37684851313608,61.142617861871294,-3.0603288199613736
2022-12-07,216.28695372940552,217.98013213826297,215.0929162570629,215.3963165283203,211.50813731879472,202.88741588628056,59.5259975157451,-2.868741773537994
2022-12-08,214.9558914310205,215.99333037404557,214.04567570380163,215.6409912109375,211.90174245137976,203.38755609509064,59.80649979419159,-1.497666430614646
2022-12-09,215.2984481574931,216.8252463210439,214.7503682971473,216.022705078125,212.29421508249837,203.88305213364103,60.26911727650481,-0.1718630930970804
2022-12-12,217.55926119227487,218.024158308942,216.2967212905673,217.79415893554688,212.81801925897918,204.42858573371578,62.43024844121454,1.1132234969818038
2022-12-13,224.34179215655996,225.27352784231863,218.1856461739536,220.6911773681641,213.56784384080632,205.06633442526277,65.71472831331424,2.341941635895449
2022-12-14,221.11202849835212,222.482243028928,219.34055082925948,220.3877716064453,214.21736077086717,205.66717509903464,65.0730948694775,2.020651730447352
2022-12-15,219.2622466664722,219.80054468664332,216.45333008947273,217.66693115234375,214.54589128338876,206.13775376779185,59.465775428077514,-0.058416526790682335
2022-12-16,216.3456651525628,217.5984232773234,213.46823120117188,213.46823120117188,214.4432569898443,206.42522347106166,52.01683941617982,-3.2728749074289754
2022-12-19,213.73249631253975,213.73249631253975,211.4814413496898,211.53038024902344,214.16584015738516,206.6254256976484,48.968031806414515,-4.019003092984147
2022-12-20,208.90740388710643,210.40484158915925,208.67252106893665,209.5337829589844,213.72469185277558,206.73947892358316,45.977902276234175,-3.7365107094136434
2022-12-21,209.2303826875996,210.4439986729626,208.9954849353843,209.3478240966797,213.30784730457597,206.84176696958696,45.69801332167051,-1.9302202867878393
2022-12-22,208.6627255109735,208.81932401334396,205.8733874910188,208.03634643554688,212.80579960276367,206.888613223154,43.6785608874616,-1.6517881778320556
2022-12-23,206.31381041598524,207.7916695995833,205.41339141663528,206.5193328857422,212.20708848685686,206.87413164129472,41.399556094259864,-1.4386463274193284
2022-12-27,207.29252533086043,208.4376238746687,205.82444797714905,207.48826599121097,211.75767682060487,206.89821534129143,43.429824525230636,-0.8882624471940784
2022-12-28,207.4882696380797,208.70188564807177,205.56509185508867,205.7755126953125,211.18794690391036,206.85418778654716,40.7426984334695,-1.0867493969063808
2022-12-29,209.24016156031684,212.31236545838945,209.15208050474155,211.98057556152344,211.26343534749256,207.05522260125213,52.26572064502176,2.644422001306148
2022-12-30,210.9529263332243,211.6869650252451,208.27613130562636,209.66102600097656,211.11082493353865,207.15741096986878,48.47125239667341,1.0471724747353341
2023-01-03,212.0490997058321,214.10439907114193,209.41634522293148,210.7865447998047,211.0799411112783,207.29972994359176,50.35466806568227,2.4351935946391823
2023-01-04,214.5350421112568,214.9950408935547,212.00016537241925,214.9950408935547,211.45280775720937,207.6015068435903,56.72411097287099,1.4220479041752376
2023-01-05,212.6265438948991,213.80100283063743,211.1780450386236,211.4814453125,211.45553514342754,207.75366129335148,50.85749666787094,0.8682678637254013
2023-01-06,212.2252622219825,220.02074951654944,211.5988831379393,219.31118774414065,212.20369253397163,208.206897624755,60.629275564316714,4.044206404366217
2023-01-09,225.10520173490104,227.79667697303572,223.90138244628903,223.90138244628903,213.31775823990662,208.82236761775633,65.02061349683858,4.142579994272486
2023-01-10,225.2030673952648,227.189864178315,224.38093274423505,227.01368713378903,214.6221324202764,209.53575269681644,67.65492595473266,7.344493886136201
2023-01-11,228.00219792393668,229.88133507157227,227.49326027956,228.7362365722656,215.96633281570394,210.28871284879486,69.04445559612738,4.297568639827292
2023-01-12,229.13751101463507,232.05410214074416,227.7183725444983,230.82090759277344,217.3810542230439,211.09389695640186,70.6857588816734,3.090434311250537
2023-01-13,229.7834622671309,231.41791990081012,229.6170819619838,230.89920043945312,218.66849671984477,211.87057552436465,70.74848782227616,1.7115766695486467
2023-01-17,232.3085687223768,234.6927309635116,232.3085687223768,232.7979278564453,220.01415682809244,212.69125600797565,72.2967524807117,1.7757095880592968
2023-01-18,236.7910884738804,237.47618824088897,234.60855102539065,234.60855102539065,221.40409913259703,213.5507577733645,73.72495714335355,1.6409446926270554
2023-01-19,234.35407588443744,234.89237389475724,231.6332404148809,232.92515563964844,222.50134260945907,214.31053808184623,70.1062039948744,0.8774197556074096
2023-01-20,235.08812711340656,237.33918213698084,234.4226058534929,237.22174072265625,223.90328528690642,215.20901661677996,73.65992554332904,1.9002801730000272
2023-01-23,236.80088922397275,240.0600229485328,236.51706748852584,238.45492553710935,225.28915578692576,216.12062088816543,74.59347438191513,1.6394860694154396
2023-01-24,237.5349109292688,239.23298765207144,236.6638523037826,238.8463897705078,226.5803209282193,217.0118275110024,74.89762137288837,2.5421187825757814
2023-01-25,237.59362988574648,240.54936309385647,237.2021485710804,240.35362243652344,227.89206392901016,217.92719201788557,76.08471949407287,1.3202338471703459
2023-01-26,241.50850954766324,243.2144266846719,241.05830751656575,242.4970245361328,229.28301255825994,218.89071486173842,77.69978044842725,1.6951207822270031
2023-01-27,243.52467547371504,250.63212075933697,243.52467547371504,248.3203887939453,231.0960960092776,220.04481972182498,81.37911122185177,3.9665657213996237
2023-01-30,248.34974966476213,249.6318681504299,245.2667932287526,245.9029541015625,232.50627297044758,221.05886420730488,75.78886934408433,2.3088196503069645
2023-01-31,241.35191553540784,246.23570982478768,241.2638195470001,245.961669921875,233.787739346774,222.03544482356253,75.83229417624831,1.4287372772386098
2023-02-01,244.49359875514105,251.00206901390172,243.92594038940305,247.9289093017578,235.13451743772484,223.05087480309962,77.30125966884182,-0.15765096619285146
2023-02-02,259.5560687516869,264.59646131706563,257.02116242580803,259.8301086425781,237.48647850485372,224.49319769876544,83.74014870555945,5.6636792314676505
2023-02-03,254.90716794001497,258.38160561371325,254.1731292877033,254.50588989257812,239.10737482749414,225.67016602009144,73.67175796224947,3.473801415243697
2023-02-06,254.858248838055,257.4127192276094,253.4488920441174,255.74888610839844,240.69228066377073,226.8497236706133,74.44428375884458,3.1541206020161288
2023-02-07,256.9233512514203,261.56246644935857,256.6962938619358,261.2297058105469,242.64822591584465,228.19795826433617,77.56956570853754,0.538658577822493
2023-02-08,260.78923768696626,262.1398735532653,259.50711926156265,260.8871154785156,244.38526301705141,229.47988599822557,76.93621214628104,2.507299767652092
2023-02-09,263.84285399546616,264.3713702161461,259.4288549764921,260.6424560546875,245.9335671158739,230.70194756906722,76.4561045762374,1.9134276675656514
2023-02-10,252.80292840174687,254.59399964139615,251.45232221848136,254.153564453125,246.7164240051359,231.62161881942242,64.89018836068774,-2.708781275646249
2023-02-13,256.042455567976,259.26244682920174,255.6020502960848,257.8335266113281,247.77519568191613,232.6495367720462,67.8596391988092,-1.1704636549745466
2023-02-14,255.69013925189705,260.5348064691771,255.4258960805966,259.95733642578125,248.93539956228423,233.72043087611425,69.46475371092464,-0.2628580313724866
2023-02-15,258.37180989641513,261.6162631419217,258.37180989641513,261.5428771972656,250.13611171799676,234.81150720243392,70.64346264764774,2.907420464489877
2023-02-16,259.66371161741705,262.98644900501097,258.51372973118964,260.2215881347656,251.09663328149855,235.80798096448615,68.27813184184582,0.9262028700547505
2023-02-17,259.25267772717143,261.8951989401136,258.73392840900226,261.2003173828125,252.05888891019512,236.80375886324404,69.10337209289072,0.47814805849348496
2023-02-21,257.4420354735502,258.0096788694631,256.2088410231187,257.2071228027344,252.54919689996078,237.60389078243975,62.01478794443211,-1.6577604563327712
2023-02-22,256.23822633218197,256.70312348124736,254.04590697841397,255.05398559570312,252.78774820431718,238.28820822609714,58.52849761571689,-1.985846976072662
2023-02-23,258.34246153407025,258.9884191648116,255.69994017352175,256.57098388671875,253.1480563645459,239.00517982063133,60.22508269269395,-1.7723307316311743
2023-02-24,252.21567580088853,254.4862791785056,251.6088454668618,253.59564208984375,253.19068357647905,239.57735481158085,55.434965787597854,-1.4041138027349496
2023-02-27,255.32800964657756,257.01140615091714,254.9756555619855,255.7977752685547,253.4389780233434,240.2134497314622,58.0917692855649,0.29162048619407777
2023-02-28,254.19268133364923,256.5122385905184,253.37546003432917,254.8288421630859,253.57134603665222,240.7866023758396,56.49582958611978,-0.6790096437413327
2023-03-01,260.0454361865315,260.1432841114795,256.5612018040876,257.12884521484375,253.91015548219426,241.42747464403584,59.35062535182237,1.3932428396179846
2023-03-02,256.7373664368932,259.409248018174,255.93481034128175,258.9492492675781,254.39006917604033,242.11460306064535,61.50383202899072,1.232017751411167
2023-03-03,266.11347045111455,267.3319698213484,264.7775296767293,265.6730651855469,255.46464022456476,243.03846432044543,68.2033801185005,4.255492796816482
2023-03-06,267.6794210983529,268.0121816939731,264.1853900421783,264.6062316894531,256.33526798312556,243.88425911923005,66.23380202466322,2.908030978928736
2023-03-07,267.71859299133104,268.24707933048006,262.4335205230703,262.9522399902344,256.9654557933264,244.63202307495573,63.187186231699016,1.5458591727832618
2023-03-08,262.8543737622485,264.9977691696839,261.64074279334676,263.9211730957031,257.6279050602194,245.3884603306713,64.22533299855417,-0.6594165233198267
2023-03-09,262.44330331699035,263.0501038774927,257.5301482569472,259.0471496582031,257.7630712124083,245.9240952062608,55.71391496962611,-2.1008885526831595
2023-03-10,260.1139218081104,260.1139218081104,253.83056777367165,255.67056274414065,257.5637846916209,246.306309619511,50.701034174219615,-2.7692014513221683
2023-03-13,252.70508045161617,256.08164071177134,252.33316271364893,254.5254821777344,257.27442254744125,246.62863011199036,49.08800624198943,-3.5600368124165827
2023-03-14,256.97226257092643,258.17609677675705,255.03438967405273,257.3050231933594,257.2773368946715,247.04731219361267,52.997061469628974,-0.6725132730247676
2023-03-15,248.87825718440064,251.53059021248944,246.80337927360776,250.8357086181641,256.6638484873851,247.19587675928136,44.443783424526174,-1.89104841561873
2023-03-16,250.865074361048,259.6637420584895,250.865074361048,258.73394775390625,256.86100079848234,247.6483501316196,54.168954638585994,1.6534554969364865
2023-03-17,252.84204843911175,254.8190483898793,251.51100606468012,253.6837615966797,256.55840658878685,247.88503293417097,48.34188789797246,-1.407380839960666
2023-03-20,257.14839782534773,258.1271159778298,255.09311359962152,256.8939514160156,256.5903632389991,248.23832385502763,51.8850238893513,2.4152234270096384
2023-03-21,260.04545653742497,261.6113818764485,259.5756610148511,260.9654541015625,257.0070385592432,248.73742700195058,56.006445462499386,0.8624714178514905
2023-03-22,263.3339318874508,265.2326476958292,259.5267333984375,259.5267333984375,257.2470094963093,249.1605370567148,54.238452600638475,2.3032502218440327
2023-03-23,263.3143522121936,264.95859161560827,258.59985040669716,260.45648193359375,257.55267353795546,249.60351528718064,55.222189682154074,1.3867708826701572
2023-03-24,258.60671941607535,260.0601015989508,255.69992518221557,259.7224426269531,257.7593182130981,250.00033596717174,54.23098279122712,-0.47631265176026705
2023-03-27,262.4922288473332,262.9130704980291,259.80075384183266,260.50543212890625,258.02085287174646,250.41230052253388,55.155638051598196,0.3771090236650905
2023-03-28,261.1318151821032,261.26885007447277,259.262459731202,260.6424560546875,258.2705293653599,250.81348309242227,55.32573277665272,0.0714031456284379
2023-03-29,264.04841369785316,264.4888190039429,262.25734251542,263.1479797363281,258.73504844830927,251.2971888431637,58.43060338604429,1.3189222597506516
2023-03-30,263.54922480843186,264.25390307803093,262.10071117978157,263.17730712890625,259.1581207036042,251.76307583476145,58.46698978706995,1.0256503974465578
2023-03-31,264.95860047236766,266.3190032809177,264.4398810050902,265.1739196777344,259.73105393923566,252.28899127958394,60.971659657733056,1.7385746327129805
2023-04-03,264.44967774518733,265.7415631092775,263.07944832843015,265.1739196777344,260.24942210480697,252.79428258931534,60.97165965773308,0.769886184737661
2023-04-04,267.56200315019674,267.83604306873576,264.4545547485749,265.0662536621094,260.7081679674072,253.2755363568759,60.742570539158244,0.7177467365291889
2023-04-05,269.1377171515558,269.4215538020033,263.7645636138409,264.7922058105469,261.0971239524681,253.7271704530983,60.12334053611508,-0.14394849525601783
2023-04-06,263.76457395580485,267.894766252917,263.76457395580485,266.15264892578125,261.5786025213551,254.2144441186937,62.184300840979255,0.36908955799134535
2023-04-10,264.33222402832814,267.48274235404347,264.3292969533486,267.1802978515625,262.1120973147082,254.7229089709631,63.710060643450916,0.7975531250190687
2023-04-11,268.42325132763597,269.7640904239837,267.6794159704355,268.38409423828125,262.7094303550485,255.2586417265442,65.46771046463586,1.3564932610985891
2023-04-12,271.4768670406248,272.2745247864198,270.06261203188546,270.7428283691406,263.4745158802001,255.86586473213623,68.66970934036213,1.7246416527830173
2023-04-13,276.97723876644875,278.7976402039817,273.76704440232515,276.91851806640625,264.75489704079115,256.691458980539,75.16325191477559,3.6448122459441294
2023-04-14,278.8759899729319,280.51043277954864,278.29854977008256,279.45343017578125,266.15475733936165,257.58408530192105,77.2477598574531,4.12443813740774
2023-04-17,274.647915663872,275.41131471840055,272.00539426040166,275.0589904785156,267.0027795430906,258.2693757010032,66.78360897670689,1.5941925905753587
2023-04-18,274.17815488525525,275.64623231376544,272.9899715319113,274.62835693359375,267.7290250088528,258.91090437679105,65.84234290145547,-0.8270162460797618
2023-04-19,274.00196907256264,274.2270850358639,272.29900877488643,272.7002868652344,268.2024785189844,259.4516644743771,61.65254414370861,-2.4165540950057496
2023-04-20,267.38582171569914,270.7721782933273,266.8964626202225,270.126220703125,268.3856920603311,259.8702745225633,56.48479939392532,-1.7933497708288562
2023-04-21,270.91896925169414,272.842146836102,268.93217259796097,272.1130065917969,268.7406743966612,260.35038166253327,59.3191655204833,-0.9159106400673318
2023-04-24,274.8722069108595,276.65055254589345,274.8722069108595,276.2030029296875,269.4513723521875,260.97205308477464,64.45230370870746,1.2844563182231379
2023-04-25,275.97624922821973,276.1931199010602,273.1963998005842,273.265380859375,269.81461125763394,261.4541443700531,58.721110497643224,1.1621086424260938
2023-04-26,274.2610402326123,275.2665152045342,270.72212812801456,271.49102783203125,269.9742699790051,261.84774764307184,55.51033985143313,-0.22857369721347792
2023-04-27,272.44721279923294,274.90177133193293,271.38256397983577,274.2807312011719,270.384409143021,262.33531562574245,59.28018489781548,-0.6959633704652278
2023-04-28,271.3431705724899,274.9954366764658,270.7122630750015,274.6750793457031,270.7930444004193,262.81922792848604,59.79875841674061,0.515871597746796
2023-05-01,275.60164949131257,276.2276232635951,274.69475765455604,275.1679382324219,271.2097009558481,263.30349107766,60.47622891371115,1.354339563171676
2023-05-02,270.35738332004183,272.388067815616,269.4997679367965,271.8557434082031,271.2712288084534,263.63887352199504,53.90214916346729,-0.8841261952120643
2023-05-03,274.8229304483068,277.50422706362707,273.51183900681315,273.6893005371094,271.50152135403965,264.03300791474464,56.707736631397545,-0.3588890593722408
2023-05-04,286.0311289659231,289.4616206211147,284.6313218293247,287.637939453125,273.0383230777621,264.95869150448505,71.11181467000884,4.531778411687731
2023-05-05,291.40162537488624,293.5032766089115,290.407973118837,292.5865173339844,274.900055864069,266.0421356546615,74.3698752472015,7.6256523647003105
2023-05-08,293.5032645435158,293.57820210537074,291.45287538119305,292.7442321777344,276.5995012272752,267.089276694782,74.46870519760103,6.962249383965725
2023-05-09,291.0585656833017,292.3301877857994,289.8854965499969,290.0037841796875,277.8760996036954,267.98788483144494,69.45697803559237,0.8225078830214784
2023-05-10,290.01364471565296,290.88603100584515,286.5732857883565,288.0223693847656,278.8424110114164,268.7735508923595,65.99849107168833,-1.5599310558828055
2023-05-11,290.1615279178955,290.45724700931595,288.4561342685025,289.4320373535156,279.85094685352107,269.5836876163264,67.24798568372437,-1.131429575769681
2023-05-12,292.64563692365795,292.8329356955006,290.0727907683302,292.0541687011719,281.01315845805925,270.464882952987,69.49366879283161,0.7070199195104119
2023-05-15,291.5908640023931,292.06404461094684,288.4265495316243,288.8307189941406,281.75768803292414,271.18511181734596,63.71041769255433,0.2806551488003126
2023-05-16,291.13743321804185,291.53173537071103,288.2491330976657,288.4364318847656,282.3937588759567,271.8616341729311,63.01957582714327,-0.3439859242444388
2023-05-17,290.13193897040094,290.2305220228602,288.64341610324016,289.156005859375,283.037782398187,272.5398448273014,63.79124184960752,-0.9923374333897143
2023-05-18,291.61060352143215,292.0640494767729,289.42219205581404,290.9599914550781,283.7922784988433,273.2622035185868,65.72236782408862,0.7372042933496612
2023-05-19,294.23276013807157,294.9622206081911,292.921668658001,293.99615478515625,284.76407624039695,274.07529964668754,68.74378129288151,1.9275383709544056
2023-05-22,294.370753873318,298.5455071867228,294.15388318063043,297.2393493652344,285.9521974903815,274.98369375329725,71.62133757595836,2.795495629369891
2023-05-23,288.5941603784505,288.5941603784505,284.2567464248247,285.77484130859375,285.9353064254493,275.4068760103677,53.034263380713746,-1.7820835505780939
2023-05-24,282.1866267621735,283.3695331185325,279.9242705983611,282.87664794921875,285.6440056181893,275.6998082432638,49.53454273239211,-3.7821946494719665
2023-05-25,282.4133696743465,283.3498636453923,281.25016775065694,282.5218200683594,285.3466546134436,275.96733811875777,49.107277299535,-4.951406779857656
2023-05-26,284.2567162664225,287.4308979139039,284.0792848280514,286.6225891113281,285.4681721846707,276.38519109885857,54.04118149025119,0.2966488578394258
2023-05-30,288.0223860884789,288.0223860884789,283.14284069512746,283.2709655761719,285.2589144124327,276.6552214705179,49.79232523747062,0.13939560929183234
2023-05-31,284.0793131941176,284.325755799793,279.17019574239276,282.5908203125,285.0048102124391,276.88799005255646,48.95123615364996,0.024422978771667832
2023-06-01,284.7594814367856,289.01801664723075,284.0201536606663,288.91943359375,285.3776314868497,277.3598113678974,56.34120921424263,0.8013480338528898
2023-06-02,294.0552945349501,296.01699806258273,293.34553865267253,294.3510437011719,286.232242173928,278.02613420449643,61.49345833418973,3.9114768089497525
2023-06-05,293.94687960272614,294.124311055706,291.669752372842,292.2119140625,286.8017347347444,278.58243929696715,58.56231801040068,3.4046023644223893
2023-06-06,292.70479106529876,293.58707480677293,291.7091834403639,292.89208984375,287.3817685546497,279.14360206350767,59.22780644398237,1.3750048588237083
2023-06-07,291.45288412103406,293.89267191157734,289.92492192982206,290.3389587402344,287.66340571518157,279.58263565867344,55.61711675999251,-1.36302725836794
2023-06-08,292.3795069707487,294.75521724729975,292.3795069707487,293.99615478515625,288.2665246742268,280.1478717028492,59.432214159323415,0.6105982120477901
2023-06-09,293.16810631016216,294.6418282215397,292.40414027890074,293.5624084472656,288.77089455737337,280.67393196733616,58.78679454234595,0.22886196888185742
2023-06-12,296.26341677540836,297.5449061424178,294.8439051252908,296.3028259277344,289.4882213545506,281.28682976970475,61.6225085348541,2.0541050410103106
2023-06-13,296.9830358415317,298.25468807342736,295.6719744538606,295.83953857421875,290.0931087088047,281.8575242326269,60.86011847540311,0.6270094894300882
2023-06-14,300.38394436377837,300.876829542238,296.4408629361012,298.4814147949219,290.89199500272065,282.50944150957963,63.62388214480369,1.6756254227761183
2023-06-15,301.11340567343626,302.3653532836774,299.3390310591715,301.754150390625,291.9264859920449,283.264135975503,66.75560267040751,1.8397814620303874
2023-06-16,304.3171774034815,304.88894109274554,302.2569208392781,303.6369934082031,293.04177241263136,284.0630715610991,68.43906862095353,2.635704095390275
2023-06-20,302.3357606604315,303.6763938178705,300.94582093838784,301.8034362792969,293.876216590409,284.75877213828335,64.98777010035411,1.1129743158908125
2023-06-21,302.73992523260006,304.72133331174643,301.1922886081666,303.9129943847656,294.83210018987154,285.50991810873364,67.04677815769242,0.7154314170479416
2023-06-22,302.09915221766516,304.54387334717694,301.64570631124633,302.9173583984375,295.6021247811635,286.19256282597695,65.10088520499028,-0.2370050505664713
2023-06-23,301.8034403109801,304.6128916980319,301.5274258288012,303.1440734863281,296.3204056102268,286.8573279499123,65.34751183984314,0.4442087285548959
2023-06-26,303.12436075285393,304.35657360144273,301.4978458093809,302.12872314453125,296.873578708732,287.4562061928385,63.193643555559575,-0.5870993584352693
2023-06-27,304.8495106344176,309.9952335693971,304.7213556630175,309.6206359863281,298.08758416374116,288.3253995180734,70.83281255902527,2.2129063924668113
2023-06-28,310.85280298316513,313.48482292244546,310.85280298316513,313.4355163574219,299.54929199171073,289.3101099823616,73.81323627774698,3.394901557116503
2023-06-29,313.8298374202805,318.12781183390297,313.7214171206585,316.10699462890625,301.12621605239605,290.36096820379476,75.68685014090137,4.626594697415818
2023-06-30,320.2176672102275,322.4159461289121,319.27133600793576,320.5823974609375,302.9791857103524,291.54612229231014,78.46643176490038,3.540384651588085
2023-07-03,320.8879760455803,321.3808612552073,318.5024284776479,321.2330017089844,304.71764437688876,292.71031364198365,78.84506552561828,2.4877478602873917
2023-07-05,317.02373101305955,318.20663731006795,315.08176234006595,315.45635986328125,305.74037918511664,293.60231545458356,67.49679419310816,-0.20582738651158686
2023-07-06,308.43769562479326,310.28108134428635,306.7717413462161,309.0685729980469,306.05735002444334,294.2088353582488,57.620541632010664,-3.5915335820312992
2023-07-07,310.16281272218504,313.04124544005384,308.32926413706576,310.0149230957031,306.4342617455157,294.82868193618816,58.58732337396104,-3.4921936891913985
2023-07-10,309.7783434791725,314.26358669749015,309.5319008829282,313.7608642578125,307.1320334133535,295.5711204586048,62.257581182792926,-0.537473901684397
2023-07-11,314.4607720844351,315.7718335401611,312.8490277795322,313.8594665527344,307.7727413313898,296.2883105015119,62.35216439046622,1.5501069902431572
2023-07-12,315.63382028742495,318.44327188627597,314.4508837984378,318.08837890625,308.755183005186,297.143215144835,66.25773815538406,2.6042152196830086
2023-07-13,321.2034188965272,321.47844065149883,318.40383461087634,318.7586975097656,309.7078986722888,297.9908811199303,66.84486628324049,1.59287974418839
2023-07-14,322.23847225063565,324.81131832912035,321.9328557767649,324.1015625,311.0787237987375,299.0148294093448,71.1534124545943,3.2632745029995003
2023-07-17,323.8156915762421,325.1859267982157,322.958076187904,324.0325622558594,312.3124226994158,299.99591697195325,71.02504568859224,1.8687206901580333
2023-07-18,321.5780221676144,322.10047927803,318.92629737607336,321.6766052246094,313.2042496065771,300.8461400406849,66.60654244639777,0.915397050383027
2023-07-19,318.70940746040884,319.7937608552981,316.0182435917278,316.52099609375,313.5201302244031,301.46084027806,58.0900167673132,-2.3389478124623357
2023-07-20,315.72252296982373,316.14639699559376,312.9968836258321,314.1255798339844,313.57779209198225,301.9574967312335,54.597004747314664,-3.05740335258416
2023-07-21,316.4421437583294,316.4421437583294,313.40595429048676,313.4848327636719,313.5689388226194,302.4095491246625,53.6673976425216,-2.5465863317034287
2023-07-24,312.8638128289399,314.1255977314106,311.93817900055086,312.6469421386719,313.48112961462436,302.81101551736873,52.410685412445076,-1.2239484909022191
2023-07-25,309.9557903323395,312.81451857417943,309.39389396497984,311.61187744140625,313.3031055981274,303.15614735752706,50.827298040691176,-0.8002221257837769
2023-07-26,309.86705011718925,314.09601336806224,309.551596383249,312.834228515625,313.25845063788904,303.53567995196227,52.64670837076021,-0.20753930654672176
2023-07-27,316.82660775171,317.49692441896286,311.9470622106867,312.75537109375,313.21053830035197,303.8972364673265,52.51172069114771,0.03468095812369477
2023-07-28,317.1321502111757,319.00510773747106,316.5801212578112,317.2406005859375,313.594353756122,304.4205056484485,58.95760341595145,1.806324967696279
2023-07-31,317.91095476132875,317.91095476132875,314.79591667986983,315.83099365234375,313.8073670795717,304.8679757662483,56.36803777254268,0.9579402966670802
2023-08-01,312.48919951359426,314.9930646144155,312.0653254850404,313.1003723144531,313.7400342447985,305.1908148465701,51.636602548845424,0.11031024647046242
2023-08-02,307.4617621614702,317.57577544798505,307.32376995758784,309.09814453125,313.2979495101748,305.3440434616556,45.59561345978833,-2.5666500566600035
2023-08-03,307.56036853064217,311.81890393029533,307.32379325843664,309.68963623046875,312.95430062639326,305.51445886435414,46.590110749675404,-1.9445075199412512
2023-08-04,310.94153522819295,311.5921472711747,306.8210223726321,307.0181884765625,312.38895661212365,305.5734286530682,42.78599247736375,-1.9425667855106103
2023-08-07,307.99410214590216,308.3292604675103,304.4650273134943,307.79693603515625,311.95162131907915,305.6606250209932,44.21589179606108,-0.4209693649462192
2023-08-08,304.30731543769076,306.55487060546875,302.8187926003354,306.55487060546875,311.4376450606401,305.69569347528636,42.395940266809525,-1.0122281336748158
2023-08-09,309.31500761866755,309.8078927751817,305.1599893592522,307.1758728027344,311.0317619884586,305.7537397234216,43.6448987808138,0.05135992983162054
2023-08-10,311.730181087944,314.1157285837677,309.1523710628533,310.2810974121094,310.96027012404437,305.93128316219367,49.53678562185331,0.8070780069978951
2023-08-11,308.693972760973,309.0389983930684,306.51542875544,306.7618713378906,310.5604226206012,305.96385524751514,43.931061840483274,0.0675248551794441
2023-08-14,305.8057118904713,311.8031239387155,305.8057118904713,311.07958984375,310.6098671180439,306.16447229050476,51.22399072001786,1.2708410349410995
2023-08-15,310.0543576066148,312.1934925760777,309.8769261575326,311.24713134765625,310.67055894943553,306.36379225353033,51.48767515973402,0.311341536305
2023-08-16,310.63595669053586,312.6469366849123,308.6939878426147,308.88128662109375,310.50015206102205,306.46251752284655,47.57640036122675,0.6908991896416753
2023-08-17,307.75751950042337,307.75751950042337,301.6062919758749,301.6654357910156,309.65875051149766,306.2743966706179,38.07581704753949,-3.0262847065803786
2023-08-18,299.1714413192364,302.72022068396956,297.45621049433385,301.3992919921875,308.8721354144205,306.0832160949932,37.77618362181413,-3.1639936126733095
2023-08-21,307.73779559655617,308.4179795777735,305.2635323544872,307.5307922363281,308.74438844507836,306.13998378681026,47.940459428556494,-0.4372211730723213
2023-08-22,307.6885359701328,308.7433175736823,305.6381165834828,306.140869140625,308.4964342256066,306.1400185065677,46.10202353774448,1.4835751195273876
2023-08-23,304.898752404322,309.3642908159343,304.4867011265321,308.339111328125,308.4814510925131,306.2262574407464,49.4065557836035,2.3025333901970098
2023-08-24,308.151824185763,308.3982667786685,302.9567950739865,303.1539611816406,307.97407110100147,306.10577523450695,42.748745840315685,-1.4232171753793155
2023-08-25,306.8702807338309,308.12222826153635,303.0060780249266,306.83087158203125,307.86519495633763,306.13421038539025,48.090680182212516,0.2253872354067497
2023-08-28,307.70818743347695,309.12769904587134,307.20546504644005,308.8516845703125,307.95914634814477,306.24077800048525,50.8073776398193,0.16623685525318757
2023-08-29,307.60961964246843,316.0774132559789,307.60961964246843,316.0281066894531,308.7276187616027,306.6245948118173,59.011379892633784,4.246735044342272
2023-08-30,315.19019961916484,318.0883668321819,315.19019961916484,315.7323913574219,309.3947399612045,306.9817633038018,58.577859190393376,2.90111608701369
2023-08-31,314.9536238736714,316.4322793848154,312.76521251384537,313.2186584472656,309.7589226741627,307.2263474270749,54.88663319874267,1.413938824076237
2023-09-01,308.29966398694256,308.29966398694256,301.42884373328513,303.9327087402344,309.20404515664575,307.09718512563023,43.88524385173215,-3.827317157300937
2023-09-05,302.92721070118046,302.92721070118046,299.74319178518584,300.8275451660156,308.40628325277623,306.85131689191985,40.93081094579972,-4.720721281502398
2023-09-06,298.6884011214763,299.57558837546975,295.91838898308816,298.20538330078125,307.43476897163384,306.5122606726595,38.569468531846766,-4.793225033562952
2023-09-07,294.4988908409579,295.49452851699175,292.3991951908354,294.538330078125,306.20653669606156,306.04269476699153,35.48620546303308,-3.090940327234926
2023-09-08,294.8537522962043,296.3225705611519,292.4682049173243,292.9610900878906,304.9450655905215,305.5296906619288,34.21913377196186,-2.614938427192162
2023-09-11,294.4003021082425,298.6785417169349,293.17795652956556,298.3729553222656,304.31915032687806,305.24903437409887,41.886598680797015,0.056193493098464796
2023-09-12,294.9720588152339,297.702631726571,293.56238441757455,293.8778381347656,303.32473964191496,304.8031051098113,37.931717463282794,-0.22424651595742476
2023-09-13,294.19331121436284,295.35651302932376,292.89208710780105,294.79461669921875,302.5123469807058,304.41061536821945,39.19273729778255,0.6258601136342211
2023-09-14,295.2874998631008,298.8560138430415,294.3608733162825,298.3631286621094,302.11718333131563,304.17345902680336,43.96494545029885,-0.0032934151641312312
2023-09-15,299.6150356037605,301.76400769668544,296.6084481396522,296.67742919921875,301.5991115092112,303.87949707278045,42.277047262474746,0.952637695384603
2023-09-18,295.73110314408046,296.2929994600519,293.25680995444486,295.4156494140625,301.01021035729224,303.5475814783209,41.007947277336996,0.21066623325669293
2023-09-19,296.5000095136827,297.5321081989954,294.74533946534905,294.853759765625,300.4238817295144,303.2066472935093,40.42597295672139,-1.176207298877962
2023-09-20,300.5909462087339,303.5354417687598,298.4814132988288,298.5997009277344,300.25015022458297,303.0259827301456,45.93467419963563,0.6479332565689789
2023-09-21,292.51749764293965,292.66538726897977,287.31263115609437,287.42108154296875,299.02833415966734,302.41402582084453,35.411467754007816,-2.7062100084915777
2023-09-22,286.38600338902404,288.18998005263774,284.1483154296875,284.1483154296875,297.61118951871686,301.6977234525639,33.02599303200535,-3.630764058917581
2023-09-25,283.0146768153312,285.1340770759814,281.7134527180982,284.0102844238281,296.31586522396555,301.00409839261346,32.92525200709137,-4.885944781115875
2023-09-26,283.59627545345114,284.90243320539093,281.5261516940833,281.67401123046875,294.9214029388706,300.2460557588039,31.191002915246056,-1.9995298471663523
2023-09-27,285.2031146716739,286.12974130412664,280.96428367393065,283.5174255371094,293.8353098529886,299.59003104422766,34.138789823399954,-0.22202837684400725
2023-09-28,286.7803431009594,290.920560804539,285.7945726834416,290.250244140625,293.4938750232397,299.2237648911452,43.636285559117226,2.197089351695797
2023-09-29,294.5876250387716,295.94799301478366,289.41233039814097,291.3345947265625,293.288229280699,298.91438566900473,45.01161844096779,3.4297035263893605
2023-10-02,291.551452740072,293.24697897097826,290.8071913012647,292.36962890625,293.2007435307515,298.6577285410536,46.35713740264346,3.122278411060828
2023-10-03,291.35431087371825,293.0084425882506,289.31375882867457,290.3586730957031,292.930070155985,298.33227538633395,44.099347296346195,0.037357059043709756
2023-10-04,291.6204286809771,295.3269348144531,290.2305189642472,295.3269348144531,293.158342980601,298.214418893319,50.51220601254785,1.3703625179281267
2023-10-05,296.1747088974918,296.9140366480264,292.8477340200861,295.68182373046875,293.3986744805884,298.11510143595234,50.94510818844135,1.1328792380417956
2023-10-06,295.70153444885744,301.06412758411506,293.41454000637214,301.05426025390625,294.127777887571,298.2303625660682,57.06775014028548,3.6835776400857934
2023-10-09,295.75080827513807,297.16048273275885,293.6609799556691,296.2338562011719,294.32835677458064,298.1520681988174,50.925989962816246,0.3070906442341763
2023-10-10,302.6610832161036,304.81992278812334,300.2163618061626,300.8669738769531,294.95108221290184,298.25853508815607,55.84478451116177,1.753624920553433
2023-10-11,308.21096113617403,308.6052632593752,303.53348564034667,305.411376953125,295.9473007595898,298.5390386907039,60.07216285905417,1.4472861787586064
2023-10-12,308.60527228905187,308.9404306077456,303.0553802447198,304.67205810546875,296.7782300306259,298.7795492559888,59.081153643264706,2.8484934208757378
2023-10-13,309.57135364295624,310.0445041950836,307.294226360865,307.580078125,297.8069774681853,299.1246680351657,61.75380872427285,2.2312532883028773
2023-10-16,307.58005268887666,312.5779155656934,307.47163239075553,310.5570983886719,299.0212746987078,299.572998637264,64.32289242417167,1.6848492963432231
2023-10-17,303.93270412525845,307.89548987530645,303.1835090755025,305.1649169921875,299.60638348856304,299.79228955314335,56.87127708450691,0.1617670126310488
2023-10-18,301.8231725249129,302.83851482911547,298.8461567599996,299.17144775390625,299.56496103764334,299.7679428159184,49.945343291843876,-2.7338020142112383
2023-10-19,297.8603812385567,299.5953467317359,295.83953391222315,297.1013488769531,299.3303313080538,299.66337050458645,47.78094309404661,-4.332777959845072
2023-10-20,297.63365985073716,298.93488404332305,296.37187489883377,297.4069519042969,299.1471523172198,299.5748835006535,48.138249644744874,-2.5422205030499088
2023-10-23,296.4211513120376,301.5865782328315,295.8395203419575,299.04327392578125,299.1372591370828,299.5540360663448,50.106811300752334,-0.04284293474102976
2023-10-24,296.4704571024163,298.33357765687185,296.4704571024163,296.6183166503906,298.89735985263593,299.43890981473874,47.24477190547864,-0.16258163363726486
2023-10-25,295.73111781553234,297.05204653177606,293.4835625234673,295.0509338378906,298.5310335655173,299.2668323254506,45.43819847848807,-0.7921866154508713
2023-10-26,294.96222387864145,295.7488727587408,292.1232002787814,292.8822326660156,297.9930525274695,299.01645586821786,42.98876234279333,-2.0602507385920066
2023-10-27,296.91405683228487,297.5252296676094,293.1286720188923,293.99615478515625,297.61239559963013,298.8195813159409,44.6395249453835,-0.8840188612913571
2023-10-30,296.0662550160406,297.68293278475204,294.282013139184,295.1297912597656,297.3759570910716,298.67488366667914,46.34230985209469,0.02672671489266545
2023-10-31,295.9775431145249,299.2798797537829,295.73110053074925,297.3477783203125,297.3732733986184,298.6228403197628,49.60811640876173,1.5246898433026836
2023-11-01,297.74209148961785,301.3105754218162,297.3871985124796,300.6402587890625,297.68441486437496,298.70195476953927,54.076424026715905,2.2599288785805944
2023-11-02,314.4607226556916,320.7203700167561,311.04996587404145,318.8178405761719,299.69712207502226,299.490813036466,69.92967123428824,8.026315884714139
2023-11-03,324.7127448168572,327.2757537241325,323.8206238601891,326.69415283203125,302.26826786140407,300.5576106755078,74.10151796757518,9.869377426491447
2023-11-06,328.5671262680714,332.1060383579983,327.0884706831441,328.7544250488281,304.7907590221111,301.66336810191257,75.07561233031338,9.35143096703203
2023-11-07,327.60107207304554,328.69529288802306,325.99429155043913,328.62628173828125,307.0608088046035,302.7207372641231,74.88694840290219,3.076503229676052
2023-11-08,333.8114180734828,335.46750503969736,329.6120267603524,332.4214782714844,309.4761106585921,303.88547220558826,76.75044119819974,1.7531153801818458
2023-11-09,334.0578870648568,335.1816497081383,330.43025911404055,331.1104431152344,311.53652327351045,304.9531181236136,74.68863656586328,0.7166498416124204
2023-11-10,331.66244856214104,335.1658622107046,329.4740371668213,334.7281799316406,313.74525247904666,306.12076760628133,76.55989391272725,1.8567894695102145
2023-11-13,333.5058342228502,338.95714309082774,333.3481073558152,336.4237060546875,315.90510520053624,307.3091181336698,77.40307250217225,1.2039618510854935
2023-11-14,345.6307816714575,348.9380518952602,344.8815866083433,348.71624755859375,319.0299759013036,308.93292713072566,82.35793223380523,5.317199988534379
2023-11-15,349.6724705950727,350.04213448778216,346.2617135016709,346.67572021484375,321.6629039311646,310.4130366634362,79.25141053265264,3.569326097863375
2023-11-16,347.79949559606,349.86961930897127,347.03453685611396,348.9725646972656,324.2638240041266,311.925175017704,80.15863421011763,3.7300756209308985
2023-11-17,351.8411676799493,354.31543080967447,351.1412490692257,354.2267150878906,327.1174326787708,313.5840589420251,82.08804370662847,1.5802153091163231
2023-11-20,356.35598462661954,360.3434389637376,355.8236602096557,359.1358642578125,330.16680711487,315.37040424852654,83.68444848673927,3.5941784545069617
2023-11-21,357.20373026100987,359.11612715028957,355.2223523104257,355.9518127441406,332.62252193670525,316.96183203266827,78.78016650359287,1.9999417584386645
2023-11-22,360.4272319631434,360.72295104636567,357.6966287336512,359.0668640136719,335.1410307059402,318.6130097574135,80.01418678057173,1.3663986141136515
2023-11-24,360.1019236701262,363.3549841176619,359.549894639634,362.21148681640625,337.71916938312745,320.3227539558054,81.20259659460358,0.8563952711739912
2023-11-27,362.7536221021399,364.6463144141014,362.5564860817905,364.3998718261719,340.2601886634174,322.0512683820943,82.00454617433795,2.373371557487683
2023-11-28,362.5269406265399,364.409765745702,361.2355837782304,363.0296630859375,342.42871003699076,323.65826425283325,79.71147398136422,1.1036381992950308
2023-11-29,363.2169435551688,364.4984630912733,360.21035594801,361.20599365234375,344.2170227622625,325.1307242292846,76.63977884461067,-0.27759836467366183
2023-11-30,356.5137037601637,357.4797695206118,351.9397149555809,353.85211181640625,345.1346502912286,326.2570531542698,65.6530720552398,-2.8945564543988582
2023-12-01,353.2606568492876,354.10350134920384,350.5005118349279,351.91015625,345.77993657301636,327.2630571972396,63.08136384905114,-3.0629747281299315
2023-12-04,349.29787033214643,351.06240772301254,348.1248011817001,348.60784912109375,346.04926157759513,328.10010786092016,58.85912047211357,-3.4878005217641976
2023-12-05,352.72836102980887,357.5980690645014,352.57063416060265,357.08544921875,347.10032706722893,329.2367879141684,65.28333874312983,0.9137538803276508
2023-12-06,360.7919828072831,361.0877019074011,356.0997058632343,356.533447265625,347.99871946707617,330.3072451436373,64.57625324372711,1.3137702716202866
2023-12-07,359.618888802258,359.618888802258,356.17855981342575,358.573974609375,349.0058866234856,331.4157443383721,66.04050995000769,2.8588356554242065
2023-12-08,359.64845551483603,363.0099360616173,359.6090162769976,361.5312805175781,350.1987812800658,332.5967457571645,68.0986294365258,1.2450328929826024
2023-12-11,363.857693155391,367.1206208134666,363.1183653650398,366.6671447753906,351.7671968510491,333.9328398363106,71.34643523982349,2.842285229474082
2023-12-12,364.9814730116054,366.53897693188645,363.9158615178887,366.0658264160156,353.1289710953316,335.19295695708337,70.4421839553436,2.0893462262012
2023-12-13,361.7974206888129,364.7251598127247,359.2048699550597,364.6364440917969,354.2249209045188,336.34760351138584,68.22852128635851,0.8588920908235969
2023-12-14,357.59806031964365,360.5060647901708,355.82365564695857,358.67254638671875,354.64850428377594,337.2230914672813,59.78646971861895,-2.180342172072474
2023-12-15,355.58708984187535,355.81382785746445,349.33730929250316,349.4555969238281,354.15394167806664,337.70279756361646,49.57698433554464,-4.537497983575992
2023-12-18,341.56943283366235,342.9298007561153,339.4105933190434,341.9736022949219,352.9939093558624,337.87028010209906,43.13724593527092,-6.215188351049642
2023-12-19,340.4949462567165,344.4183231494617,340.0809094656935,343.6986999511719,352.10865131732044,338.09884558637646,44.913932688651414,-4.17479580926781
2023-12-20,341.7271719816671,341.86516419494683,333.66357729408935,334.24517822265625,350.4073681654477,337.9477213760345,37.921434580716515,-4.352604117680603
2023-12-21,333.9789960132126,333.9789960132126,329.8535493387842,331.26812744140625,348.58458333458657,337.68577651585304,36.01962196672401,-3.130497436548656
2023-12-22,332.8453731310972,333.27418085305334,329.6662575401643,329.8584899902344,346.8011458732197,337.3788241030837,35.121446416778994,-4.026843849832348
2023-12-26,329.66135938442926,332.3820653058784,329.50363250613384,331.1104431152344,345.306793229602,337.13300524081507,36.632751864297745,-0.9378549973677354
2023-12-27,334.8760438057991,335.0535053356389,332.7862154357517,333.5255432128906,344.18476941848667,336.9915361416808,39.5577363053968,0.6814467147563601
2023-12-28,333.7424103105278,334.141646102559,332.07645599728096,332.15533447265625,343.0391089474552,336.8018811742681,38.47269176191829,0.6963120708185726
2023-12-29,334.1761541412308,335.3590906139985,331.80044394869395,333.6142578125,342.14150407745944,336.6768763365517,40.34883288838709,0.7561871723853293
2024-01-02,331.42584480331215,333.1312383586355,330.28234757401907,332.91436767578125,341.26272918206155,336.5293269773058,39.723052020105314,-0.18324699548401885
2024-01-03,327.0194614026018,330.2626544273866,326.58572002188123,328.6065673828125,340.0573804392759,336.2186305226198,36.02011155519951,-1.0684058696446714
2024-01-04,330.80481361245336,333.22983042725036,329.30151978721807,329.6613464355469,339.0672819627303,335.96148212704827,37.555053785211804,-1.184874832050723
2024-01-05,328.6163958005277,332.6974995685644,328.54741473801766,330.1640625,338.21935629961314,335.73413233775227,38.31463919820664,-0.8261299129209461
2024-01-08,333.92972506336025,339.3514622968613,333.92972506336025,339.2430419921875,338.3168501750964,335.87173663792623,50.11616387812095,3.2368417631118023
2024-01-09,338.00094342655876,340.317509772613,336.2167014944182,338.20794677734375,338.3064784229295,335.96335272182495,48.96595118977233,2.5925394148288015
2024-01-10,341.4905817874059,346.4884146557126,340.5442205805946,346.41943359375,339.0791408201505,336.37339510895924,57.33213542084331,4.923422304252147
2024-01-11,348.48952749553877,349.17464511703076,342.791776007308,345.5420837402344,339.6946591934918,336.732951525872,56.27071959298582,1.856793203791616
2024-01-12,345.45336887006164,346.44900656466285,343.4029496656674,346.3011169433594,340.32384564586016,337.1081736991068,57.01220945109821,2.392956831184009
2024-01-16,336.1181156959177,342.91992505890175,335.00419039287533,341.8059997558594,340.4650031801458,337.2924021719207,51.44842962792879,-1.3317479882785246
2024-01-17,337.2911650941117,338.80925975980074,334.9992371429359,338.40509033203125,340.2688210041349,337.3360370017289,47.65890403071477,-2.065448390815531
2024-01-18,340.81041852584286,342.65873806545386,339.9232010801689,342.1609191894531,340.4490208313081,337.5252480679142,51.874717846466275,-1.1955484840620414
2024-01-19,341.352583059323,345.21681637889515,340.75127753743834,344.43804931640625,340.8289283060793,337.79633831295314,54.279187437109016,0.7700419426302816
2024-01-22,336.91658941407775,337.7840721364251,332.34263062805155,332.3623352050781,340.022586105984,337.58324015186,42.22959034215882,-1.7856572786846039
2024-01-23,329.20786302816515,329.40502913470806,325.83654522288,328.5572509765625,338.93064942699147,337.22927979204445,39.27123788569648,-3.975810050170671
2024-01-24,332.1651611766311,332.5939688624866,329.8584622199635,330.4696350097656,338.1248385301128,336.9641956829355,41.48974366495286,-4.0554213840088895
2024-01-25,329.21770629763165,330.5682067871094,325.4569902192746,330.5682067871094,337.40515931649344,336.71337258898154,41.60815152196329,-0.5398109917785106
2024-01-26,334.1761642087325,336.1477050005244,333.1411173263717,335.32952880859375,337.207480220503,336.6591042054369,47.1696481066704,2.0612169757027665
2024-01-29,334.96475233288294,340.0809028474377,333.9100009234842,340.0217590332031,337.4755067740935,336.7909730222121,52.01962358656954,2.8904695050591345
2024-01-30,343.0481094010752,345.3153693551656,342.34822081959396,344.43804931640625,338.1386060638376,337.09085836708243,56.10415667996969,4.195758165645146
2024-01-31,348.0853415535569,349.63794183329594,340.9976806640625,340.9976806640625,338.4108988829066,337.24406708461106,52.36437101168498,1.6903229117958574
2024-02-01,367.47548885747335,385.8502635709107,367.38677313138817,383.9082946777344,342.7439841966997,339.07403679414534,74.86719617878718,12.906978591404126
2024-02-02,374.4645969067247,374.9870540152132,366.2137034748759,373.8534240722656,345.7067879943727,340.4379343344638,66.89307644791144,8.540106069651424
2024-02-05,365.6419689760755,369.3090360570926,363.5521104639613,366.3714294433594,347.6748490847524,341.4549341426558,61.632575656279094,7.441032657431501
2024-02-06,368.47110444724154,373.8731066664286,368.47110444724154,373.1436462402344,350.1004488138459,342.69762873471774,64.36425609977114,-2.803963495119638
2024-02-07,378.5949661286898,380.3989427535623,375.2827921234456,375.6179504394531,352.5306870639037,343.9886217427466,65.3353494876943,0.47198347094620113
2024-02-08,375.6179622012631,380.2510650381992,374.5927525603983,379.6694641113281,355.11533249699175,345.3878704630831,66.9247285411212,3.6296593018109813
2024-02-09,384.3716113033028,387.9893718594528,383.7505711319948,386.9740295410156,358.14949412023213,347.0187002308452,69.62849245114892,3.7064501674181214
2024-02-12,384.450431414925,385.0418996337664,380.83757470663113,381.7395629882813,360.3961673457606,348.38030269192114,65.49661946048224,1.6297444096231875
2024-02-13,373.39008851838,375.20390233561585,369.9694642321643,371.4776916503906,361.45155061286823,349.2860826510768,58.204476443779825,-2.1576063484882937
2024-02-14,374.5927545231366,377.4416454383219,373.40981800183863,377.0079040527344,362.93310808333166,350.3732129021222,60.74120055717475,-2.5753990519988976
2024-02-15,382.79436324224696,384.24344691198064,380.7725532359818,383.5632629394531,364.8978847362956,351.6747834918215,63.564201984870444,0.4777340700282099
2024-02-16,385.2883494123648,385.99810527156296,383.2970740411936,383.69140625,366.687743928077,352.93033732547553,63.619273826129685,3.287872966300245
2024-02-20,384.9236148757463,386.7738896873528,383.7998222432389,384.89404296875,368.4216771700458,354.18381597815295,64.1666823226642,2.091770180742031
2024-02-21,388.63010250478504,396.9500068655638,388.3146788485244,396.54583740234375,371.1001686207409,355.8450717202781,69.02895264856956,3.3847283400913115
2024-02-22,401.8591522181165,407.113295047983,401.8591522181165,405.9895324707031,374.42296517788014,357.81152116147126,72.30862478324369,5.811473975566302
2024-02-23,409.8241845301735,411.8548691874491,408.1779647764561,410.1495056152344,377.82549283858054,359.8639911400502,73.63316687243494,6.561666283968675
2024-02-26,413.254647328449,413.9052593694449,410.691638401796,413.3630676269531,381.2100237708065,361.9619941395366,74.64221838424913,4.24092970809482
2024-02-27,412.8307803939807,418.1243624511147,411.42110590593063,415.3149108886719,384.45810825822224,364.05426538460074,75.26147701969015,2.296950456140562
2024-02-28,420.0959185242335,423.9601216570716,419.1101481212998,422.4617614746094,388.0775038026401,366.3447554273462,77.43448129797636,3.0018945996061395
2024-02-29,421.7421324752389,421.8013063752639,412.1456721740868,418.7256774902344,390.9963774871729,368.39890923373395,73.78571765719232,1.2973122862831163
2024-03-01,418.95239867730135,420.4862571009686,416.89214225615774,419.29742431640625,393.6917152804332,370.3949294330544,73.9877223849927,0.9589141452236267
2024-03-04,405.2699091571616,409.1439794860645,402.9730774348069,407.68505859375,395.02441464360624,371.8572874393562,63.31591296830388,-3.49776103505346
2024-03-05,407.3005982779576,407.86249461440315,404.1067118742875,405.6050720214844,396.0320962986423,373.1807299719887,61.60196559883797,-3.13346092061813
2024-03-06,406.2162344058303,411.1155142705474,405.6642054140304,410.7015075683594,397.4291830862344,374.65213301498363,64.16185289114819,-2.0500762107139265
2024-03-07,413.8461276156244,415.7890591314278,412.66319112782656,415.7486572265625,399.1738949091228,376.2637614154377,66.54083552967094,1.977898984237172
2024-03-08,418.46939483678653,420.3916290332871,414.7333166625749,414.7530212402344,400.65762122637153,377.77314415366504,65.6155167753476,2.2553833395518894
2024-03-11,411.35213231967344,412.13580292897166,407.08372970658735,407.1231689453125,401.2733876757945,378.9241255180434,58.86048802384278,-0.8712747718490604
2024-03-12,409.94245889311094,419.0115584911612,408.28637186216,417.9666442871094,402.86322163877685,380.4552046854578,64.46027783025528,0.5334922968465973
2024-03-13,415.3247648933135,419.0184254017316,414.4967214216509,416.4386901855469,404.15612340513593,381.86632176389264,63.155754019440046,0.4064271648394147
2024-03-14,418.5581151057896,418.8143949514441,413.0476622160048,414.3981628417969,405.131555732437,383.14208023753594,61.36955596482097,1.78692701654167
2024-03-15,416.4485431806966,418.49896240234375,415.2064929678948,418.49896240234375,406.4046420819519,384.5286246361559,63.59776312589691,0.12735899443418633
2024-03-18,420.3522425338392,423.29475284514893,418.67642075939614,420.4606628417969,407.74331072574665,385.93772417363203,64.64823821503708,0.9658018697681487
2024-03-19,425.0740201942941,427.4300257485866,422.8954761646552,427.19342041015625,409.59570212426183,387.55559461428004,68.05545214730985,3.087672368191499
2024-03-20,426.62170845159216,429.3325770258125,425.08390904888233,427.9623718261719,411.344908762539,389.1401741127856,68.42969858635608,2.261274285963469
2024-03-21,426.19780901783713,427.617320702453,422.4321591299444,424.9754333496094,412.6430539613076,390.5454783965826,65.23272876314665,1.0737676331712471
2024-03-22,425.91194230234936,428.800242257275,424.7881797274483,427.12445068359375,414.0222346015253,391.979947898034,66.44729113703409,-0.016144847571922083
2024-03-25,432.61518512458395,435.9470939039377,432.21104573220936,433.3348083496094,415.8615273394381,393.6017071314291,69.7374448525842,1.255352544316596
2024-03-26,435.19791766013833,436.49911169682025,431.73785400390625,431.73785400390625,417.37355845033983,395.09724230289885,67.89379163974503,1.5912497814276518
2024-03-27,436.3216762454577,436.4301266294588,432.34902285869777,432.9109191894531,418.85330709216015,396.5801315925677,68.55149125644692,1.3547500023935386
2024-03-28,431.2548502273405,432.43775667052614,429.3621578015877,429.73675537109375,419.8898259758681,397.8803913485883,64.68989479237746,-0.8303170918161642
2024-04-01,429.23401224933303,430.5796093465011,423.9305625085843,425.60638427734375,420.4342600998182,398.9676851889317,59.95692480811138,-1.4201834909076618
2024-04-02,419.8790326140427,420.5296446663971,413.067355766656,413.619384765625,419.78522435370456,399.54226164291964,48.79835393002747,-4.45623650702736
2024-04-03,407.2710123018838,415.20648163461857,405.03332444718194,413.54052734375,419.19049130513747,400.09121323903065,48.734097155528886,-3.768871948911538
2024-04-04,413.4715407843467,417.31603934443393,407.70477790255336,408.1385192871094,418.13792254151576,400.40679386836706,44.41909704329842,-4.104230019926475
2024-04-05,409.73543539098216,415.39377759353374,408.8778200093791,412.8997497558594,417.6390489428818,400.89671370709226,48.72809236641731,-0.1739848363667486
2024-04-08,418.4989739238763,419.652308444896,415.6205111200073,417.5230407714844,417.62800054560586,401.54872653314686,52.57305632805364,0.9630285702141025
2024-04-09,416.4879897545124,417.0892952523869,409.341154427364,414.5164489746094,417.33166230074903,402.0572646681062,49.949721134025864,1.5626875156601863
2024-04-10,408.3553821050485,416.0246744992466,408.3553821050485,413.84613037109375,416.9997068788771,402.5195731270469,49.35837346697534,0.22920348481537076
2024-04-11,414.0235652789268,415.80780728453425,409.439738965718,414.3981628417969,416.75194078010753,402.9854001746842,49.88457159846202,-0.7484324515153609
2024-04-12,405.6839734003945,407.99067260918895,403.96871238616814,404.5601806640625,415.59082076905565,403.04715627230684,41.590593816725224,-2.401899450594959
2024-04-15,413.5208030478489,413.8461241167389,404.1658518595204,405.0826110839844,414.590038894287,403.12697802962754,42.14073811793776,-2.117579130014136
2024-04-16,406.15710252937095,407.67519734310383,403.8701381032609,405.4867858886719,413.7230624175617,403.21951951429594,42.59124087263112,-2.1504383349612146
2024-04-17,413.2546566554744,413.786981079817,407.5322668645956,410.0804748535156,413.376149316224,403.4885765864222,47.586360689370004,1.3645174323364886
2024-04-18,408.0892290217338,411.95343202944093,404.50101043125267,406.7485656738281,412.74495087409105,403.61641929573227,44.55798634354968,0.4112629237245519
2024-04-19,409.9128764707249,410.770521955818,402.29289082436225,402.8350524902344,411.8011510280095,403.5857774602226,41.23837712542392,-0.6539629627204534
2024-04-22,403.2656575582976,407.66558414360736,402.2983615859729,407.0256652832031,411.34634286183746,403.7206750219081,45.887336327024165,-0.7449292901359679
2024-04-23,415.28979530476227,422.184817834865,414.2381800092215,421.3812255859375,412.3020459784184,404.4132456322622,58.112914202133155,3.597470562156404
2024-04-24,419.23831097853184,421.5499027725984,414.69454199780984,417.006103515625,412.75005145815237,404.9070831963157,54.10118188496975,3.517829676883484
2024-04-25,408.3649866178221,411.74305934858296,406.6188946570026,408.9503173828125,412.38817202240574,405.0656413997077,47.58712962328353,0.4728576755154315
2024-04-26,413.72227870056815,419.38714696634383,413.4345937612215,419.1192626953125,413.0292282769683,405.61676380345693,54.959400959173195,-0.5367972641590055
2024-04-29,415.60727266764894,419.40697242567353,414.38895633341326,419.0994262695313,413.60734237149813,406.14549566487165,54.943166073234316,0.5019885167766786
2024-04-30,413.2560044148003,416.2025195355374,409.74102238654103,412.4127502441406,413.4935716927022,406.39127035425474,49.621930884584174,0.8466634488724437
2024-05-01,414.64493281278146,418.24620194263895,411.0337027966156,412.65081787109375,413.4133094239776,406.6367428058955,49.80831345899512,-1.5433422894048945
2024-05-02,419.94272102614474,421.63919023184474,416.5398217279694,421.2026672363281,414.1551530251538,407.2079555286576,56.092472315444695,0.5018477322954342
2024-05-03,428.6532825174874,430.6672284649069,425.4289828795437,426.8873596191406,415.36774412934307,407.97969686553927,59.70413710746351,3.509738572929984
2024-05-06,423.2562834922498,425.1313219328925,422.0955223423281,424.2781372070313,416.2163529938848,408.61885138873504,57.371467527790564,2.8177138714819576
2024-05-07,416.2025164735232,417.4525623568368,397.8289794921875,397.8289794921875,414.46517456515176,408.1957191574979,40.217923186027996,-5.549273440622856
2024-05-08,396.83687579994825,406.0236591631174,396.11263760216303,403.0076904296875,413.37398559986946,407.99226705052496,43.7633756120696,-5.593904024414785
2024-05-09,401.0135614157176,405.0414531421192,400.874684257695,404.2080993652344,412.5010440537137,407.84386831776845,44.58378338919989,-4.730396426720317
2024-05-10,400.1306251681376,402.298344158602,397.3031564008468,401.7973327636719,411.48164297847165,407.60674927643134,43.22012017705939,0.9975023128153752
2024-05-13,403.1862607416212,405.1406835707565,402.25369165911496,402.5215759277344,410.6283032593538,407.40733071373734,43.77648811642519,-0.12062164407702217
2024-05-14,403.76168377241714,408.40466787926925,403.5136607289795,407.7697143554687,410.35605669707905,407.4215418369425,47.770326599843514,0.8811339990038433
2024-05-15,408.2955212749088,418.00811211611057,407.7697136348004,413.9107666015625,410.69460049750603,407.6760212394766,52.061528101064724,3.0148119089221215
2024-05-16,417.37320527308526,418.3851284288423,415.11123624308306,416.2521362304687,411.22388961493107,408.0123394744175,53.62593121436017,3.411136476619429
2024-05-17,417.89899464455755,420.4883406693126,416.440617947181,418.96051025390625,411.9607106281668,408.4416795049857,55.43751020574061,2.744391136582082
2024-05-20,416.34140119395573,417.2739702502528,413.1111372395531,413.3551940917969,412.09351857708396,408.6343663515273,50.99728228419204,-0.1342251892424022
2024-05-21,411.3710307407635,415.2699458779561,410.90474618883775,415.0616149902344,412.3761944259554,408.88641531775113,52.25110350695444,-0.28600964093915315
2024-05-22,414.6052522001363,415.39891384440034,410.53666903543495,411.7678527832031,412.3182571266457,408.99941286541593,49.612366215098525,-1.71678649769261
2024-05-23,414.6747101113128,415.2848371280545,409.17851082666607,410.2598876953125,412.1222219427092,409.0488432509021,48.40707157156184,-0.7488248462161521
2024-05-24,413.02781796961307,415.1905716260004,412.23412607076665,412.86907958984375,412.1933512424363,409.19865644066454,50.641491178024374,-0.5282433550118122
2024-05-28,411.85716646384014,411.85716646384014,406.9066058457903,408.8808898925781,411.877878732926,409.18619500740624,47.27150258159064,-0.7011142009050895
2024-05-29,403.6227896700074,404.6545740421451,401.63860525695486,402.9779357910156,411.0302651194107,408.94273386166543,42.73818350436656,-1.7749607316484615
2024-05-30,404.39661898707425,407.72013392273954,404.17835749134025,405.7458801269531,410.5269903582243,408.8173670485395,45.38312666911298,-1.7252925479348127
2024-05-31,405.3291706361801,407.9681394160283,404.0493632718975,407.7498779296875,410.2625034602684,408.77550473015316,47.28174142379792,-0.2766115978635652
2024-06-03,406.04349972562807,407.9284688750779,403.09698464196777,405.8153076171875,409.8389609990226,408.6594185688604,45.632602594364045,0.7041010373439741
2024-06-04,407.3133740284396,410.0912200971614,406.8570200906321,407.491943359375,409.61543550953235,408.613635227312,47.34667223503119,0.43033418648035376
2024-06-05,417.2541079004276,419.36230374330336,413.7024312843327,419.0597229003906,410.51489145151885,409.0232857242955,57.33993670676056,2.7737212401209836
2024-06-06,419.8335537371962,420.1907226590713,413.1964547530816,413.6230773925781,410.81090916019116,409.203669711287,52.3145472518238,1.9239712324395184
2024-06-07,411.6289652092178,413.40481866794016,408.63285776020746,409.66461181640625,410.7017379845926,409.22174587227204,48.95058625177547,0.5331807149657267
2024-06-10,407.8987048339554,410.9146736204465,407.511804616894,410.2102966308594,410.6549340461418,409.26051256868726,49.43330341772253,-2.1117339094968894
2024-06-11,407.7300608174568,409.12394913907207,405.9046148135221,407.69036865234375,410.37259448482774,409.19893829745814,47.21308692496131,-1.4343273053412153
2024-06-12,419.9922996057294,425.74645241215984,418.86133026483225,423.9804992675781,411.6685854165182,409.7786073551099,59.786841915700855,3.4945384683575327
2024-06-13,416.6787326870161,417.5716096303807,411.5694638057471,413.3849792480469,411.8320514957114,409.92003370385254,51.23789870889113,0.7739158776027355
2024-06-14,401.20208457521034,406.9363763509161,399.8230921438455,406.7379760742187,411.34690145556925,409.79524713014143,46.72415811484266,-0.23360683777575467
2024-06-17,408.97016724354313,414.2480745922532,406.7974829632727,412.7698669433594,411.48242197821594,409.91189888752257,50.94716393736901,-2.644138667600279
2024-06-18,411.88693553133095,411.88693553133095,407.83918236588295,411.0833129882813,411.4444115982222,409.9578366953955,49.759485992728806,-0.5567851700737486
2024-06-20,415.5477210752873,417.28388241156625,412.9186828213151,416.76800537109375,411.9514205289719,410.2249021336582,53.67913144492521,2.4659682367709004
2024-06-21,409.5058944981901,411.5992248247541,406.9314139778229,411.37103271484375,411.8961454990549,410.2698484309596,49.713646854594394,-0.33888961877819784
2024-06-24,417.6708130421976,420.0379314497404,416.59736856328334,418.3454284667969,412.51036292455416,410.5865378441297,54.40158219403084,1.7665799727372025
2024-06-25,419.4863140346623,421.6838248087227,419.4506183359682,420.468505859375,413.268281299299,410.9740660015903,55.75381426517009,0.8879041674483369
2024-06-26,413.9008881555847,415.1310728255156,409.1735541734277,409.25787353515625,412.886337702714,410.90676433624,47.70844968305461,-0.51368691804615
2024-06-27,406.7577841402649,408.95029932864657,405.7656919838252,406.2220458984375,412.25164324516385,410.7230498876987,45.781830062886065,-2.89793595039167
2024-06-28,406.62882433209046,406.88677799195943,403.91050139809096,405.14068603515625,411.57440922516315,410.50413365818724,45.08344397657941,-3.6454144866072595
2024-07-01,407.7498798608379,408.4443564869161,405.2696494480591,406.9958801269531,411.13835883485746,410.36655508833496,46.58879774245475,-0.552706143113167
2024-07-02,403.16644215303273,411.1031799316406,402.749750098105,411.1031799316406,411.1350084631225,410.39544233709205,49.865405971985766,1.201592597567561
2024-07-03,416.38112015443687,419.3772277832031,414.74217580103794,419.3772277832031,411.9199817317016,410.7476692173317,55.754010432078324,3.5139748336239656
2024-07-05,420.64708910042975,421.63918129170435,414.95248961091386,419.0498352050781,412.59901539583274,411.07324435410607,55.47634729610577,2.9616897041722
2024-07-08,426.6194738563276,426.8774275148607,423.7721741071389,424.0003662109375,413.68485833060464,411.58019030927596,58.81626297691917,3.137213942602306
2024-07-09,425.3396831252473,426.6789833217241,422.5221450208906,422.9189758300781,414.56429809245924,412.0248485649937,57.796355973005696,0.8445255994457346
2024-07-10,425.7067801160167,431.6097106933594,425.63732639391515,431.6097106933594,416.1876707211164,412.7928823739492,63.30372095146854,2.997227163240523
2024-07-11,430.24064826908153,431.0243793274415,424.1094953124523,425.0817565917969,417.034726518324,413.27479900994325,57.259419412767585,0.2550446808627024
2024-07-12,426.7385496523954,433.087933620781,426.7385496523954,431.7188415527344,418.4332136644583,413.99809479593506,61.30479630520044,2.0807450659749755
2024-07-15,431.9569273582367,432.0958347954715,423.6828822438707,425.1710205078125,419.0749095543016,414.43624874542047,55.70330526680661,-1.491785292597667
2024-07-16,423.3455752201584,426.44089796995064,422.1153906083821,425.8258056640625,419.7178520409455,414.8828980363476,56.1349382701218,0.17503669840626218
2024-07-17,419.99229440196933,420.9149328511053,416.97632573652754,417.3830871582031,419.49549348068433,414.98094466857725,49.44484043104106,-3.3206228254877175
2024-07-18,423.52416147869263,423.69283047717187,416.4406387913472,419.0895080566406,419.45682820220395,415.1420648014425,50.72313465960964,-1.4303685241548882
2024-07-19,416.20249064618463,417.1549209154407,413.0178833007813,413.0178833007813,418.8435953544494,415.0587635661224,46.24277690510793,-3.0077844491617
2024-07-22,417.9088985725558,424.2880742748382,416.38109842026,423.8118591308594,419.3167633331551,415.40202221571997,54.01865557593393,1.5402569415131848
2024-07-23,417.9287696991746,420.8554235222948,417.71050820420874,419.82366943359375,419.36504010462545,415.57542014583265,51.07875910792091,0.1751800898947587
2024-07-24,413.1071961062325,414.0992883304434,409.7340885991652,410.3988037109375,418.5111128290361,415.37241557975835,44.86467862217704,-0.6341322484422437
2024-07-25,405.5474521944242,407.5762940844327,400.95406042017026,402.7100830078125,417.0062528460624,414.87585351811344,40.53252550871418,-4.979043334540417
2024-07-26,406.75780222691304,412.5506179287041,405.2498329815222,410.5277404785156,416.3892516682008,414.7053392812665,46.2189082360469,-2.2142460351556053
2024-07-29,406.49984396510297,408.9701741043697,403.78152105475624,408.4443664550781,415.6325959336177,414.4598109351415,44.984400490230264,-0.47622878970085253
2024-07-30,410.96427261813534,411.8571798395132,405.8748346717901,407.0256652832031,414.81288825262584,414.1682758115361,44.120189330574114,1.0716350192073298
2024-07-31,408.3649958326381,412.7798183338194,405.2845688581891,409.7440185546875,414.3301387575841,413.9947755269538,46.25092029734244,-0.1909059599516004
2024-08-01,426.0242567125937,430.5481948378904,412.88893506168654,418.2859191894531,414.70687975109547,414.16305567058123,52.393781213395236,2.409520988082327
2024-08-02,420.7661405046088,430.3199932685228,418.9803866488076,430.1612548828125,416.1787250017352,414.7904360318452,59.349494383920586,5.684061614029163
2024-08-05,411.0734071216114,424.9924594087177,409.7440072132413,419.4367370605469,416.48901186447915,414.9726439153237,51.96522767170551,2.3655546065197073
2024-08-06,411.6091341280888,418.3851103142087,411.14284959806304,413.52386474609375,416.2066169008234,414.91582904594213,48.3904010654649,-1.1384687422869022
2024-08-07,422.0757195899113,422.92890437275855,413.9504818265071,414.64495849609375,416.0578875289444,414.9052066714383,49.10529702970323,-3.6070883210868927
2024-08-08,412.3631194789253,418.50417265780766,408.9404195330608,417.224365234375,416.1689806437473,414.9961540660633,50.79414939690936,-0.5274625779507036
2024-08-09,417.7799340020819,418.920864259071,416.0735644743273,416.787841796875,416.227919801188,415.0664163300167,50.48880733468095,0.7893080252539603
2024-08-12,417.66089546387695,420.1808181888029,415.19059551587486,418.99029541015625,416.49100319251835,415.2202939410026,52.05484274218615,1.047965693306129
2024-08-13,420.56773309779766,429.1145975976224,420.0567910890584,428.3953247070313,417.62474809866245,415.7369618141802,58.1432263047613,2.6774465739509345
2024-08-14,434.37763666466213,452.8007957223253,434.37763666466213,449.3185424804687,420.6432047064535,417.0538865461915,67.90704955200779,7.805098282940749
2024-08-15,454.7055872738966,459.3386709918438,449.7649876840889,450.538818359375,423.49040600673175,418.36702112710066,68.37045521333027,7.529654814161125
2024-08-16,454.4575740492047,457.24538093870257,453.0785816579325,456.0647888183594,426.59272817926774,419.8453649581304,70.4512355325483,6.458862297400308
2024-08-19,456.9278935684508,462.5133772755405,456.9278935684508,459.398193359375,429.7170581964208,421.3964562679831,71.66228602214547,2.2433195886511754
2024-08-20,464.299130713611,466.08488449047104,461.46176166962783,463.0391845703125,432.89059404155336,423.0295044367019,72.96561974549822,2.7745369991552
2024-08-21,471.35289253134056,476.95823746735664,470.4302540870273,475.0038146972656,436.901376961145,425.0677126822142,76.74987514889827,4.152705129456782
2024-08-22,476.59118458972887,477.39477684642367,470.02350881987286,473.2676696777344,440.364833410344,426.9579070741954,75.10695823710522,3.0190533003488875
2024-08-23,476.7002985796342,480.43057491248703,476.40268303233256,480.1130981445313,444.1503824326475,429.0424243710713,77.18107159872,3.687358250266211
2024-08-26,478.3967735097424,478.4463962857239,475.7776658332112,476.0554504394531,447.1889603380576,430.88607245218435,73.28328690116365,0.22139522034317544
2024-08-27,478.94242266409026,487.7025831485211,478.32733036676046,485.3910217285156,450.8272518990536,433.023521443413,76.25453529911393,2.561626924365337
2024-08-28,486.6807295082382,487.0378984308977,480.6884843608391,482.8909301757813,453.88093554445624,434.9791060995843,73.8847424005692,0.5785786811452023
2024-08-29,485.3711797245584,491.4676056890108,483.2381875432829,486.71051025390625,457.007561707261,437.0077886154401,75.1551010246649,2.238197210979792
2024-08-30,490.37131966212166,492.8614807128906,487.980373884227,492.8614807128906,460.4222206601781,439.19812948200683,77.08799415568821,1.539059984622729
2024-09-03,493.72460406970674,494.29010388563694,480.7083593504949,482.8314208984375,462.55643020667895,440.90923894931785,67.82211744702613,-0.012323544226052113
2024-09-04,480.1726270017133,483.6449497176347,474.8153351523989,483.0695495605469,464.510060621333,442.5625844634837,67.9207039436574,-0.7480752144555015
2024-09-05,469.1802395424147,474.2696469119231,467.5135016968665,473.3767700195313,465.35450913544713,443.7709838970542,59.87887305452428,-3.953384765467167
2024-09-06,478.8332974228977,480.3908894534386,465.62358727094875,466.9778137207031,465.5091095721382,444.68105565484433,55.22974717267884,-3.2834663386725085
2024-09-09,467.93020389836687,471.7200033137005,466.64643031272624,468.2476806640625,465.7699258666072,445.60523702775487,55.960505494716244,-3.068268101346478
2024-09-10,467.5730438884206,467.8409281604468,458.79305209925735,463.3864135742187,465.54292469590354,446.30253806879267,52.43226035586764,-2.110445015056488
2024-09-11,464.289227359921,471.41247249429153,460.11252759997274,471.29339599609375,466.09058862925497,447.28257171300055,57.16312848498726,0.9241514582899973
2024-09-12,462.2455127816276,469.74572741265206,461.7098047910196,468.1683044433594,466.28846632583634,448.10162005536756,54.841594447565505,-0.01695175950269625
2024-09-13,467.503615509544,469.7556538906253,464.80512353063233,465.3805236816406,466.2019955978177,448.779224119143,52.782256719771645,0.43033417661964823
2024-09-16,464.80512242329223,464.88447647707807,458.8307400961251,459.9934692382813,465.61070737309996,449.2189984375406,48.9565984843702,-2.397641650362973
2024-09-17,463.0094483667966,464.6761560199532,458.9319336237599,459.1601257324219,464.996366264464,449.60884656675165,48.372515889139166,-1.9241325449504754
2024-09-18,458.5846718813853,460.400217494948,452.90496846741866,453.9119262695313,463.9407053125656,449.7775947903901,44.75141394248453,-2.4643483834219935
2024-09-19,466.551180407514,473.97204084228673,466.4023726351842,470.3112182617187,464.5474208315326,450.5828349265206,55.8684846034164,2.2430207629953736
2024-09-20,467.1266129170358,467.7615361738984,462.41417502260344,466.8388977050781,464.7656567242512,451.22032758450325,53.41754548827854,1.6723516573673685
2024-09-23,476.20426226204125,477.9106620795303,472.4243933524364,473.1882934570313,465.5678126035636,452.0818164422495,57.12178922439119,4.24671969866986
2024-09-24,470.3112123886282,474.2200579663504,470.2119971162303,474.1506042480469,466.3852213316096,452.94725910130035,57.671179534592135,0.8163500757049008
2024-09-25,472.54342423452346,472.9700166059852,467.42422494823114,470.3608093261719,466.7638487596632,453.63014342384434,54.69878108471734,0.7544169173577928
2024-09-26,474.7954554753227,477.5683664007995,471.2735403965777,474.2498168945313,467.4767981058411,454.43875806975365,57.14000741714659,0.22433425597761403
2024-09-27,469.0909427020286,474.3420860022852,467.7119502844527,467.9500427246094,467.52186902191426,454.9686123699441,52.22992856624319,-1.3077198400434267
2024-09-30,468.25759426066287,469.83501724731184,461.3228793752293,466.3924560546875,467.4143058821784,455.416606239934,51.06162755837082,-0.843682805370062
2024-10-01,462.01734065413706,462.63243296195986,451.1737501093317,452.255126953125,465.97057455560184,455.29262666005917,41.90040610644003,-4.637785647537259
2024-10-02,455.6778529537126,456.16396842943726,452.3245765692233,453.54486083984375,464.78717324933916,455.2240868239723,42.90678302669419,-3.078358920728454
2024-10-03,447.0664999685679,448.7232769398329,442.770723912413,446.53076171875,463.0484673892831,454.8831721139636,38.95488301704428,-4.258579674283709
2024-10-04,444.6953987000427,447.33436758911216,443.256883173657,446.25299072265625,461.4488981829377,454.54473362803003,38.80246406213112,-1.3271571448853592
2024-10-07,446.17361975225646,447.73118143956674,443.0683664351743,445.9751892089844,459.97521161398976,454.20867306257725,38.63963105590315,-1.6690017425933057
2024-10-08,453.03890170257944,457.4140319824219,450.89597889553914,457.4140319824219,459.73128974431665,454.3343734123751,48.26653931423222,2.4372946270892677
2024-10-09,452.5527679788853,456.7989212561721,452.5527679788853,452.89007568359375,459.0797455480573,454.27773428575625,45.24328947812307,1.4872919843493915
2024-10-10,451.04479961786825,451.69955380829833,447.67166201201417,449.68560791015625,458.1850657730191,454.0976508984778,43.18012449758604,0.8319787268329785
2024-10-11,461.9974979743137,465.9063437451684,460.63833647643435,465.37060546875,458.86940288689823,454.53972754829243,54.191449159266966,1.7394686061213556
2024-10-14,472.4541310359817,475.5960791652237,471.76958502146806,475.4403381347656,460.44758719621893,455.3593593359973,59.60393222923274,4.979191124277659
2024-10-15,475.599101537293,475.708217148355,465.86664905284874,467.0472412109375,461.0761256738112,455.8177076448185,53.88866664226302,3.860838104529681
2024-10-16,465.52934526235384,468.8429296556624,464.9241835386254,468.2575988769531,461.76007550268184,456.30554651666694,54.5652569175311,0.6203643664376195
2024-10-17,476.32330544487775,479.1904664548912,473.49583660048336,478.50592041015625,463.35491787482226,457.17614941445083,59.92686528194316,0.6447880058762857
2024-10-18,477.55348319052314,480.63890565246953,475.6387525255336,478.5356750488281,464.80070427234665,458.01377787070095,59.941645700621294,2.459801241541213
2024-10-21,478.3769274566959,478.5753580018524,473.1585129368352,476.3828125,465.9037621987898,458.73413216988916,58.267077045649714,1.7352016587737185
2024-10-22,475.0137286374778,476.4225128693501,472.99978270208175,474.7260437011719,466.74397948473097,459.3612659554297,56.94855530782116,-0.7899331121638818
2024-10-23,474.9145542955932,479.93453846939144,474.9046236850664,478.6249694824219,467.87550234165394,460.1167053094294,59.283630415003266,0.018659932425025304
2024-10-24,481.1647187622189,483.5784928996297,476.5217345155148,482.6330261230469,469.2809807970247,460.99969828251244,61.59001049398324,1.3120149298096004
2024-10-25,483.1984814205453,484.54277721627824,479.22021238913777,480.8968505859375,470.3872541102545,461.7799787649997,60.00442531755284,1.2998669372877283
2024-10-28,484.974333699943,487.41487196557506,484.4088338956348,486.6013793945313,471.93145651828087,462.75336702498134,63.34360563264607,1.6665260737932261
2024-10-29,483.2133707752203,486.0805013765972,482.4345747957568,484.0814514160156,473.0885988894937,463.5897624912964,60.92386717524892,0.30010902996088695
2024-10-30,474.81534383425213,480.78772811538977,473.8530131671936,475.0534362792969,473.27572625995117,464.03931832612,53.097997324468615,-1.215107626411122
2024-10-31,477.1467666422854,477.1467666422854,469.4878134716026,472.1168518066406,473.1653572643978,464.35608434496396,50.81164418897476,-2.9766721183391422
2024-11-01,478.1983520070804,478.9771479862817,471.61084552826344,472.9898681640625,473.14864401674686,464.6946641025757,51.48052057995636,-2.291263839898941
2024-11-04,476.9383760858503,476.9383760858503,471.1445614951753,472.2854614257813,473.0664361509406,464.9923424289759,50.87933193999261,-0.5826659996809707
2024-11-05,443.3957643364081,449.5665790962663,435.7467418714255,437.5126647949219,469.68036268846265,463.9147080119542,31.39102434785045,-7.3295809881175735
2024-11-06,433.28631957188145,439.7250182677573,430.4687814751711,439.496826171875,466.8057401630733,462.9571440182256,32.968752169219314,-7.0811330742014995
2024-11-07,443.2866297087944,452.94959773533526,443.24693754473,449.0804443359375,465.11761675096517,462.41295971695945,40.13013103185524,-4.913345632065455
2024-11-08,446.7887265443534,452.0864952380864,444.63587315738414,450.8662109375,463.76034000682563,461.9601460393336,41.386725682760556,3.052150764329855
2024-11-11,451.15391861129166,454.0309798764874,448.1974730170385,448.8820190429687,462.34335705788686,461.447278313986,40.372769700799516,2.1354404200915447
2024-11-12,441.36197510464115,441.7230799466706,432.5521916776486,433.663330078125,459.61192591695715,460.3577117165012,33.57778698694566,-3.4330406617037257
2024-11-13,432.8894926287607,438.4055226566222,431.5799237016784,436.4114379882813,457.40235563803566,459.41864215853184,35.68286280169841,-3.206000493841053
2024-11-14,438.29642425413186,439.0503937429923,436.1634320660537,436.9075012207031,455.45046474114685,458.5358523178327,36.076686295616945,-2.6676314297007564
2024-11-15,432.552209354032,433.0482554656765,426.5996560142976,427.5818176269531,452.7963078731284,457.32196860446487,32.09766163423227,-1.4023580112425653
2024-11-18,424.6154686329777,431.86766031299686,424.0499688033109,431.540283203125,450.77192457122334,456.31092211813785,35.35680656265855,-1.1161840321167542
2024-11-19,424.1392444981574,427.0857595296858,421.8872061139425,425.0916748046875,448.3261864982199,455.08663790976726,32.610784602352425,-2.704422877383119
2024-11-20,422.5618201962192,424.5956273561664,419.0994281335238,423.7821044921875,445.98865487859774,453.8590091482936,32.066125258832166,-0.8886517101811641
2024-11-21,423.9408410766298,427.92110839553646,421.84751081613064,426.113525390625,444.0957854035527,452.77095096171837,34.17396671918229,-1.257532152553563
2024-11-22,429.9132398117978,435.1514855324626,429.9132398117978,434.1593933105469,443.149462347076,452.0410859557901,40.97990993988252,2.133120699205795
2024-11-25,434.6157253912088,437.41146462629433,431.5600948229779,431.7981872558594,442.0683885288649,451.2472467910869,39.683199551570134,1.8915576374508407
2024-11-26,430.7069318091125,430.94005894869105,426.71870169970987,428.2862243652344,440.755801465662,450.3468145390927,37.76891198681263,0.5098873528169817
2024-11-27,429.6552651565606,431.6692110576159,427.7355692230331,428.1572265625,439.5559371891704,449.476634618442,37.69697965640637,-1.3824799924929014
2024-11-29,427.5818000652612,431.2128610865139,426.9567771460598,430.7267456054687,438.7150618002464,448.74134485322736,40.142452184830844,-0.24813481899955397
2024-12-02,432.0561624263582,434.9729159794193,430.3497625944738,433.9411315917969,438.2604017803941,448.1609443331713,43.1487011711405,1.3203570194076806
2024-12-03,437.621765939528,441.3639407822592,435.1812276599208,440.9949035644531,438.52083052173305,447.8799231265549,49.18047068568067,2.998355792105065
2024-12-04,444.6061073673283,445.1517762357061,439.2190540604173,442.2052612304687,438.87172868446976,447.6573873659241,50.15766232485968,2.664918243900725
2024-12-05,442.8501327828068,445.26587493154426,440.7369714967649,441.9969177246094,439.16936573591164,447.4354081643039,49.979509783359525,1.8564237280900304
2024-12-06,448.7828206678184,454.8544504668045,448.34632794656943,454.8147583007813,440.65940312304207,447.72479444416575,59.5083454853443,3.13379012424536
2024-12-09,451.49121683314263,453.59444736521664,444.52674077908154,444.9335021972656,441.06646017773005,447.61533200311084,51.382168168217845,0.6169625750732591
2024-12-10,446.3919011197502,447.4038242725042,442.1764780756115,445.0128784179687,441.4423095339433,447.51327499977197,51.43953412066727,0.6823488066128196
2024-12-11,443.95131271735977,447.54268150633334,442.9314572321416,445.9751892089844,441.87401236013767,447.4529579099372,52.17626978048141,-1.9435537063093906
2024-12-12,447.2153274111244,452.07657320877047,447.08635057899016,448.2867736816406,442.48475153361414,447.48565656765106,53.98233136539858,0.7536567751844172
2024-12-13,454.2591625219398,454.36827812680934,447.19247384663794,450.5884094238281,443.25652847553926,447.60733315024623,55.77328878668856,1.2528920568952018
2024-12-16,441.92749169345416,442.29456097080663,432.97880048852807,433.5046081542969,442.32777415923044,447.0542851111894,42.53946672917731,-2.7962499610810805
2024-12-17,430.47874011530826,432.4430936163,428.75250933568793,428.94097900390625,441.0528412872948,446.343959381492,39.82124787806773,-4.315495306464955
2024-12-18,431.0938188792216,433.3954800304307,417.3037434688543,419.486328125,438.99888765279053,445.29071894006097,34.85250812445287,-6.902548012408634
2024-12-19,424.81388967997225,424.86348217918334,418.0081214839009,421.9367980957031,437.3739267425917,444.37487890694894,37.04505947930261,-2.668439929126758
2024-12-20,419.8633402881146,426.87743955548274,417.68075556810214,423.5539245605469,436.05773605858747,443.55837089336455,38.515663826898674,-1.2558964302896125
2024-12-23,421.0240826454019,427.82982044259165,418.9506136299717,426.7484436035156,435.17113677715207,442.8991580584685,41.42647203410577,1.7311924111985921
2024-12-24,427.6710956321355,430.5977797557506,427.0659339179566,430.5481872558594,434.7308558703623,442.41480626228775,44.77546816150566,2.0409192085216104
2024-12-26,429.734650911746,431.7039393499834,428.08777426520027,428.3258666992187,434.120856901682,441.8622988284419,43.21905249869225,1.1266433532927094
2024-12-27,426.3218587333984,429.2981353148166,424.9130744966432,428.7326354980469,433.60769295847865,441.34741007038724,43.60546227974503,0.46495585965738806
2024-12-30,424.86347945664306,425.9051641434095,421.5846220420228,423.3951721191406,432.6350719261607,440.6434007389658,39.78001374805701,-1.6613738829814115
2024-12-31,421.639176614415,423.286053266812,419.2680617709713,421.4804382324219,431.5727258600904,439.891912013219,38.47597847196897,-1.5981823651112466
2025-01-02,417.6013598840732,419.81373637577246,413.08735251263073,413.1270446777344,429.8159943189136,438.84230937261174,33.34096303205261,-3.6399353648886366
2025-01-03,413.21633308727854,416.52495210635146,409.90274876299134,414.119140625,428.32105587187425,437.87277334329366,34.459720090995134,-2.1908685088951394
2025-01-06,421.8872028930238,425.0817409490252,420.2700877825906,423.3951721191406,427.8519240858996,437.30502427567984,43.934435520432274,0.4542877232330498
2025-01-07,427.62149302147213,428.1968931668611,423.4447934025902,424.585693359375,427.54085449289727,436.8062269848444,45.03273710903334,2.7736379956870425
2025-01-08,424.9329264340713,431.0541181814283,424.0797114223872,430.43902587890625,427.81687081537433,436.55653282382724,50.19832865210558,3.940867169113659
2025-01-10,430.9549398836442,430.9549398836442,424.069817679928,425.895263671875,427.6338606112315,436.1384438374762,46.54189970496653,0.5904865518945657
2025-01-13,413.10719211636473,415.6171842083266,411.132938297653,415.0616149902344,426.43650388542227,435.31190152974125,39.2086907806491,-2.2431463231332476
2025-01-14,420.7760709854113,421.1233093117799,416.9565099478593,418.6331481933594,425.69332715284486,434.65783277145175,42.4291459073925,-2.7427526259824258
2025-01-15,428.9310725233114,429.3626302120326,425.6770112895477,428.266357421875,425.93837765465724,434.4071866793115,50.10664001519303,0.5567316549983462
2025-01-16,429.66519571020115,431.1285377210989,428.6830341470141,429.5163879394531,426.2791405389235,434.2153906502975,51.01943844711466,3.4825607637937908
2025-01-17,434.03040227615406,435.2109944037053,431.937102289005,432.4232177734375,426.86429075173436,434.14510936100885,53.16521427039784,3.2940701517761157
2025-01-21,434.3677033400433,437.1158180395775,431.2624802666217,436.7487487792969,427.80566770674034,434.24721286760837,56.237537095576855,1.980634530455558
2025-01-22,432.5521871048591,433.0482331909885,428.6830336882997,429.0798645019531,427.9270197824749,434.04457175522975,49.977841127272605,-0.10163138118993835
2025-01-23,424.96268838052794,427.9359675508837,422.2741270689169,426.5798034667969,427.79871346669603,433.75183574391866,48.098266880990515,-1.3513183535168563
2025-01-24,427.8397588033512,429.8933969119076,426.599643560443,428.9508972167969,427.90844525241994,433.5635636448159,50.01815991116573,-1.7854319180752831
2025-01-27,423.0975607408682,429.2187829218906,422.4824684225282,428.90130615234375,428.00300343336505,433.38073001766014,49.97652088353261,-0.04161424582732015
2025-01-28,427.7207224394754,429.30807604222286,422.69080763204346,427.6810302734375,427.9723393228958,433.1572123806318,48.89781851450642,0.258152588962487
2025-01-29,426.6294101039368,428.7376060415327,423.7424181515378,425.5976257324219,427.746176123803,432.86075800227064,47.03133903328926,-0.7817378413548851
2025-01-30,426.59964880941527,431.4013714558874,424.6997837565532,428.53424072265625,427.82122989512237,432.69109065797204,49.93234785954227,-0.08558272600762845
2025-01-31,427.8893628196629,433.6782427282732,424.9527783227651,425.13134765625,427.5650506342774,432.3946301481006,46.73797283495354,-0.5961645330767564
2025-02-03,419.1688890286391,426.4309809905716,416.6390357292402,425.5480346679687,427.3729538755813,432.12613620770327,47.18354648030876,-0.011652100823598183
2025-02-04,450.0973501825782,466.4420753362384,449.99316960146865,455.6679382324219,430.0677142905185,433.04934413024125,68.0137475196251,6.331745501598395
2025-02-05,456.7691797525586,461.39233310165,453.8921183880173,460.519287109375,432.9678640827905,434.12659679608964,70.06181078439083,8.32400142878637
2025-02-06,457.8406109782868,460.6383181953552,456.2532877094897,457.9100646972656,435.3433117603596,435.0592818118221,67.55639533182872,7.604788976301397
2025-02-07,449.8046902467632,451.0051133131483,442.6020912959513,442.9096374511719,436.0639142071036,435.36713889571814,55.31066974192895,-2.799911889947893
2025-02-10,451.9277519772356,457.5429973794145,449.9683638559374,457.1560668945313,438.0726906535253,436.2216066603775,62.300148377270176,-0.7303103928511285
2025-02-11,462.8804637706226,473.22797812238633,462.3149639518491,471.2041015625,441.22806312104666,437.5934692055588,67.66977284512579,2.9031982238746714
2025-02-12,474.22006251123344,480.152784652979,472.6823317412056,478.7340698242187,444.800063759444,439.20682609256505,70.1259549513992,8.088429183705953
2025-02-13,486.5418632013281,492.3455782686858,484.0318711816864,486.5716247558594,448.7783076638645,441.06426917740015,72.47031934231529,6.434467349662105
2025-02-14,499.8755438344793,503.186160960644,497.76934621590016,499.855712890625,453.6428224473655,443.3698159896835,75.91961446563981,6.08050974792389
2025-02-18,502.3657127243201,504.01555645008426,497.7227285846904,500.6990051269531,458.1243636549453,445.6180194852627,76.12412678868031,4.588128710120736
2025-02-19,498.3675938716521,498.76442469780073,494.50837094369854,496.87945556640625,461.81532478937015,447.6282718806017,73.09603793743612,2.118461144485953
2025-02-20,498.4271225976479,504.1316528320313,495.7980842840086,504.1316528320313,465.8454512696236,449.8440907414421,75.11972609395666,0.8554348447232689
2025-02-21,503.7745123937821,504.1812738335172,494.6333551409343,499.448974609375,469.0457868257904,451.7893803048904,71.38594010565149,-0.24965708035732517
2025-02-24,500.15338486171714,501.5690721169481,494.7564007785895,495.2722778320313,471.5435478740038,453.49459197262144,68.13299867092935,-0.3234542536162776
2025-02-25,504.8955587447723,505.1038896224071,495.9121411663099,500.510498046875,474.3023050333249,455.3383529951412,69.98057111043937,-0.7182954620710591
2025-02-26,499.22080521149326,504.5562678383896,472.67240835420864,476.2042541503906,474.48344304447403,456.1566236286804,54.260265806087155,-4.6540731167111415
2025-02-27,461.5213049371665,463.89238955863993,454.2790136896559,456.85845947265625,472.80487318049137,456.18414660295394,45.49947541859908,-7.75610105365172
2025-02-28,461.322863122519,464.9142319654232,453.9714564447713,460.8962707519531,471.67072056824964,456.36893578526764,47.40811631332135,-7.914764515331271
2025-03-03,469.3488891211671,472.41445034588935,455.87629054307126,460.5292053222656,470.6096238781559,456.532083610248,47.24613237426957,-3.2916650138061647
2025-03-04,455.9655885695458,461.85861875521186,449.4277044986725,455.9556579589844,469.21400807633006,456.50947868274744,45.17498203429782,-0.19761076870809463
2025-03-05,453.26709490414953,456.3326562077119,449.3582491646877,455.5687561035156,467.91446026939536,456.47258760120894,44.995283444528035,-1.1559031796342483
2025-03-06,442.4731258812147,448.8096122899823,440.3401336838986,443.1676025390625,465.5576166760303,455.95082348112476,39.56300626510235,-3.76992437885757
2025-03-07,439.9135439004275,449.44753556705774,439.9135439004275,446.0049743652344,463.6954602654783,455.5607901824624,41.3089320994515,-2.182379672245479
2025-03-10,447.86018673830927,447.86018673830927,430.0422188199334,433.6236572265625,460.83147902367676,454.7005104587017,36.37131688421498,-4.817077243103717
2025-03-11,438.742842737237,441.1337885609302,430.3795127976126,437.76068115234375,458.6342601787879,454.0362034270798,38.99519226990999,-1.2200624223748764
2025-03-12,442.0068351525937,449.1499110788153,439.7646970998142,446.7887268066406,457.5061141433453,453.7519886576508,44.38499249333967,0.17572728701551063
2025-03-13,439.596061402416,441.4710999232792,436.034454025193,437.17535400390625,455.56985127292256,453.1019245535824,40.30180071939517,0.8190735717834777
2025-03-14,444.9037510962553,447.6121433761192,442.235020704768,445.6775817871094,454.62773036951177,452.810773856858,45.11118130637413,1.8084997067177189
2025-03-17,446.0843384876352,452.3345070570495,445.627954289884,450.6082763671875,454.2449252264333,452.7244014062827,47.74055755740533,0.8548894211916596
2025-03-18,447.2351573634715,448.316564518389,441.7687498594824,442.8997192382813,453.16442941803786,452.3391197526356,44.17752409540849,1.3093979754229028
2025-03-19,447.4137566635443,452.0269793940562,444.0703804770804,449.695556640625,452.8340605820938,452.23545061098815,47.871247041428965,0.9015429578943743
2025-03-20,442.28463021610025,444.2588840456782,439.3778072775378,440.5187072753906,451.6611697909792,451.77597048018043,43.669157145382826,-2.2390998170604353
2025-03-21,432.2843286813526,434.9431284094195,430.0223597628666,432.8696594238281,449.8715021369648,451.03454651718624,40.47963484772493,-2.2646344937186518
2025-03-24,428.583814738696,433.7575717394865,426.81292659325766,432.3835144042969,448.20597949575836,450.3031334931514,40.278278705516115,-3.8497249929829915
2025-03-25,432.40339484031136,433.0284177754479,427.849695239497,430.5481872558594,446.5242849967204,449.52842971914,39.47985003882277,-2.2633590480638026
2025-03-26,417.6807429260643,421.242350257792,405.8351597461254,410.4583129882813,443.0894305197262,447.9962682787142,32.00180458006346,-5.177389070275214
2025-03-27,403.3648272873483,423.6134324179347,399.7139353125625,423.4447937011719,441.2185127274829,447.0334653541047,39.92346823504021,-2.0673130231248638
2025-03-28,433.4301996894633,435.20108785550394,424.18885865454774,426.3119201660156,439.7988372454384,446.2208557388855,41.54265939336443,-0.9839240334151699
2025-03-31,422.0359994657013,426.7186756792405,417.80970744537257,424.4963989257813,438.3414621673758,445.3689162560187,40.79290829940467,3.4201002862623935
2025-04-01,429.91322604534975,432.0412528937657,424.6154573831124,427.2048034667969,437.2808280054159,444.65659810742176,42.461231756814364,0.8879574909305572
2025-04-02,430.1910061906035,437.3092857469141,428.7921525838381,435.0721130371094,437.0704741989105,444.2807359478017,47.12221135285032,2.054878706577646
2025-04-03,434.5363688378616,436.37174540076006,425.8853239367062,427.8199157714844,436.18946863439373,443.6352135879461,43.61486072814938,0.7829316936759574
2025-04-04,420.8157646406258,428.6334257974288,410.98909254423904,411.5694580078125,433.84470571757646,442.3777329769605,36.97391885935897,-3.6599179906458104
2025-04-07,395.4082727323975,418.64308584348646,388.44379624830594,395.5471801757813,430.1973223326436,440.54124071024756,31.828153541383518,-9.08468542959838
2025-04-08,405.5672663804744,409.9622576969682,390.2394605425906,394.7137756347656,426.81793693284567,438.7440852170914,31.581941322753877,-7.738335434202193
2025-04-09,402.08505751669657,430.6077083590099,394.654266326796,428.5838317871094,426.9861173951565,438.3456439061118,48.88703543631638,4.134022447062606
2025-04-10,418.603380099688,424.55593322588015,409.73407351956155,420.4585876464844,426.364447895283,437.64419071945974,45.88848003645124,6.297961082577414
2025-04-11,415.0417732194658,425.4686415353941,412.1845428716612,425.19085693359375,426.252677327503,437.1558246886415,47.89309677563626,7.721311791010053
2025-04-14,426.5500538623102,431.312084315849,423.0678005489561,426.13336181640625,426.2413139454938,436.7235712426715,48.30386659120572,-0.5717597792910555
2025-04-15,430.01244898627783,434.2784333694695,428.1572414018259,430.5481872558594,426.6514923560048,436.48139932162,50.281018744296745,2.3996654856906368
2025-04-16,428.8814577641539,433.474849620891,426.480611528717,429.3279113769531,426.9063894056189,436.20087038261346,49.715041448132254,0.9729876303538436
2025-04-17,436.01459904506345,438.11782970227375,432.1156838960131,436.4908142089844,427.8191917678442,436.21224072874566,53.055423085039436,2.4305659496898278
2025-04-21,431.3815445952304,433.81215235849805,427.13539112211737,431.322021484375,428.15279459798995,436.02046742504484,50.45099444513552,0.17973231601501624
2025-04-22,444.6199951171875,449.8800048828125,444.1700134277344,447.1600036621094,429.96300498504894,436.45731198336114,57.35835391844006,4.153490097572422
2025-04-23,445.2300109863281,448.5799865722656,439.75,441.6799926757813,431.0789085746425,436.66212299090705,54.52600311572925,1.1888402454014626
2025-04-24,454.0,456.989990234375,452.5700073242187,456.8200073242187,433.53044178888786,437.45262825888005,60.35119241531319,5.911589153758842
2025-04-25,458.2699890136719,460.9800109863281,456.05999755859375,460.7999877929687,436.12754140832413,438.3682109857071,61.73873268167923,3.05035871257533
2025-04-28,454.8800048828125,458.5199890136719,452.4599914550781,458.2000122070313,438.2296814843915,439.145928680661,60.2552470364466,3.740268928906782
2025-04-29,458.739990234375,463.30999755859375,457.8999938964844,462.739990234375,440.56399660343754,440.0711859964929,61.973477495890535,1.2959114783155108
2025-04-30,453.3399963378906,461.9200134277344,449.3200073242187,461.7799987792969,442.58456823923365,440.9225119879754,61.36931854754238,0.2126760009309045
2025-05-01,463.6199951171875,464.6799926757813,458.9500122070313,460.1199951171875,444.2546088942769,441.67535446363075,60.275086202130254,0.4190272498920571
2025-05-02,463.9500122070313,466.8200073242187,462.1799926757813,462.8399963378906,446.02464579366864,442.50534041948407,61.48683390822895,0.021611727022981635
2025-05-05,467.0,468.8269958496094,463.6000061035156,466.4599914550781,447.9708691899934,443.4447384993113,63.10007151130721,1.0134680341618705
2025-05-06,470.75,477.2900085449219,468.4500122070313,474.1400146484375,450.46316875746425,444.6484748188849,66.32307498784513,3.0470354864015974
2025-05-07,469.739990234375,478.4100036621094,469.739990234375,476.739990234375,452.9657231838367,445.9069656194924,67.36238494245636,3.003196354348092
2025-05-08,484.5299987792969,487.2799987792969,480.7099914550781,480.7099914550781,455.60803444776445,447.2717901620644,68.93868381654411,3.054924379591155
2025-05-09,486.2799987792969,489.010009765625,485.25,488.2799987792969,458.7196500983866,448.8799552058775,71.74129439719071,2.9822380929700283
2025-05-12,492.510009765625,493.0499877929687,482.989990234375,486.760009765625,461.3901605428855,450.36544754155386,70.368361925488,2.101778692054752
2025-05-13,491.0899963378906,492.260009765625,489.5750122070313,490.8800048828125,464.19871714668807,451.9542537117993,71.9360843508554,2.1156234753828187
2025-05-14,495.9299926757813,498.8800048828125,493.22900390625,495.6499938964844,467.19407683714485,453.6678121504144,73.67278059024791,1.5093788677833486
2025-05-15,494.3900146484375,496.5350036621094,491.9949951171875,494.7900085449219,469.8222608093141,455.2804473031402,72.79809102222146,1.6496833384409126
2025-05-16,497.7900085449219,499.3349914550781,496.2000122070313,498.739990234375,472.57633027836755,456.9847431043651,74.30695855897528,1.601202997347368
2025-05-19,492.7300109863281,497.9200134277344,492.7300109863281,497.6300048828125,474.9623945264099,458.57867493881406,73.08020219276612,0.3994776577646134
2025-05-20,497.739990234375,501.0700073242187,497.739990234375,499.0199890136719,477.2535940013872,460.16460882410263,73.66649528290924,0.8549041807027438
2025-05-21,499.3900146484375,503.1000061035156,495.8299865722656,496.1199951171875,479.0503941076539,461.57462397285104,70.229835365319,-0.5253228472728394
2025-05-22,492.9700012207031,494.0700073242187,490.6099853515625,491.2999877929687,480.2170220776839,462.74032451481645,64.81739160339986,-1.2720328412139197
2025-05-23,476.2000122070313,478.5499877929687,474.3699951171875,476.2200012207031,479.8363534246381,463.2689392875963,51.45614613800085,-4.568952806486493
2025-05-27,483.55999755859375,484.3699951171875,478.2650146484375,483.4700012207031,480.18241511950146,464.061137794777,56.13749063444543,-2.5497851368591475
2025-05-28,477.3200073242187,479.489990234375,474.8699951171875,475.3999938964844,479.7269464315951,464.50579881837336,50.320457511661346,-3.2363106638595105
2025-05-29,477.1499938964844,479.6000061035156,475.510009765625,479.0199890136719,479.65961715369764,465.07498274760076,52.68873112488449,0.5879609814353643
2025-05-30,480.5400085449219,481.2699890136719,474.6000061035156,478.760009765625,479.5739402595955,465.6116504737978,52.495182930599235,-0.9742055232353544
2025-06-02,474.9200134277344,480.2900085449219,473.7099914550781,480.0799865722656,479.6221351465164,466.1790362031495,53.43055573703202,0.984432632702198
2025-06-03,474.3900146484375,477.6700134277344,473.8699951171875,475.739990234375,479.2524070596458,466.55397557692305,49.94818842750224,-0.6847310873290633
2025-06-04,478.69000244140625,482.0950012207031,477.4299926757813,480.9599914550781,479.4150341449251,467.1189173760664,53.8446703683823,0.4595165938212168
2025-06-05,481.7900085449219,483.4100036621094,479.1099853515625,480.3599853515625,479.50502949793815,467.6381749437329,53.33074475554286,0.058323360091730725
2025-06-06,481.1400146484375,485.1300048828125,481.1400146484375,482.6099853515625,479.8007395792357,468.2253047636478,55.06285123505673,1.4440650897989409
2025-06-09,480.0700073242187,481.2879943847656,478.2300109863281,479.1199951171875,479.73590677332635,468.6525475226101,51.84840968619006,-0.3825674423196761
2025-06-10,488.3299865722656,489.1300048828125,483.4299926757813,486.3900146484375,480.36963133286076,469.348134468721,57.424191715712674,1.2553146558329134
2025-06-11,487.94000244140625,489.0799865722656,481.1600036621094,482.3900146484375,480.56204879148714,469.85958075027855,53.73714342295695,-0.045579393257841515
2025-06-12,477.9100036621094,480.1799926757813,471.30999755859375,472.6600036621094,479.80947306487974,469.96940125662485,46.00001308436736,-1.348303456527228
2025-06-13,464.6000061035156,468.0899963378906,461.1000061035156,463.44000244140625,478.2504758626442,469.7133464011261,40.10711309510971,-4.718438190722215
2025-06-16,468.1099853515625,470.5679931640625,464.5050048828125,464.80999755859375,476.9704303098775,469.5210582112229,41.31022570532591,-3.644357585356725
2025-06-17,464.5499877929687,466.0799865722656,458.9700012207031,460.6499938964844,475.41610303241146,469.1731733361351,38.76387843863298,-2.540940564586167
2025-06-18,461.8699951171875,462.8999938964844,458.9450073242187,460.510009765625,473.99647510224133,468.83344143140926,38.67748354991018,-0.6322269679669474
2025-06-20,459.8299865722656,461.1080017089844,457.80999755859375,459.0499877929687,472.5730001204058,468.44977658284296,37.73288747408684,-1.2392181312535027
2025-06-23,454.1300048828125,461.1700134277344,453.2200012207031,461.0799865722656,471.4784274015353,468.1607652098792,39.92958190985512,0.09334476966863402
2025-06-24,462.3500061035156,475.4700012207031,460.6749877929687,472.4200134277344,471.56810226117335,468.32779455175586,50.44649511923125,2.5862637965613238
2025-06-25,478.0,478.7699890136719,473.260009765625,475.1199951171875,471.90637777126994,468.59415535824337,52.57543036942406,3.500709672486991
2025-06-26,469.2000122070313,477.7200012207031,466.2000122070313,477.5400085449219,472.4429140354273,468.94497313027,54.46379788930886,3.5698842829901163
2025-06-27,482.0,494.9700012207031,481.4599914550781,491.1000061035156,474.2197799466738,469.81379795275024,63.285416016904335,3.954106969398897
2025-06-30,489.7200012207031,491.1300048828125,487.37200927734375,490.739990234375,475.79313330740723,470.6344329441865,62.93680360389125,3.2875895095374497
2025-07-01,487.5299987792969,490.9800109863281,484.8699951171875,489.3699951171875,477.08616776548155,471.3691608725395,61.54739200287759,2.4772765340252714
2025-07-02,487.8200073242187,491.6000061035156,484.9800109863281,491.55999755859375,478.46462774577793,472.1609583896397,62.95526348366568,0.09366553642053234
2025-07-03,491.19000244140625,492.44000244140625,489.1499938964844,490.2000122070313,479.58228340875445,472.8683722648315,61.45060584277857,-0.11003342667994151
2025-07-07,485.75,488.5799865722656,484.0400085449219,486.3200073242187,480.2239714007034,473.39588736519966,57.246827595255674,-0.6232478131885545
2025-07-08,486.1499938964844,491.55999755859375,485.9750061035156,489.0299987792969,481.0626406748552,474.00898977359566,59.33906665548399,-0.5146876865209725
2025-07-09,489.44000244140625,491.1199951171875,487.25,491.010009765625,482.0100091596904,474.6756964399498,60.84669986395185,0.16523817593288806
2025-07-10,495.0799865722656,499.05999755859375,493.0,497.94000244140625,483.5271513769967,475.5880221654971,65.64762543523878,2.389372212161686
2025-07-11,493.6099853515625,494.9800109863281,490.3699951171875,490.6600036621094,484.2064706422455,476.1790802634035,57.65035471782626,0.3333138839910175
2025-07-14,487.0,490.8800048828125,486.5350036621094,488.2900085449219,484.59537901392895,476.65401862738463,55.288994220554855,-0.5539604420694946
2025-07-15,491.3200073242187,491.8500061035156,485.0,487.1099853515625,484.8348653317988,477.0640565381367,54.10078838916382,-2.174964260100421
2025-07-16,493.0799865722656,506.1449890136719,492.635009765625,505.2999877929687,486.78392461381503,478.17134795989483,66.17006110044603,2.9837329355545092
2025-07-17,502.8200073242187,508.260009765625,500.4530029296875,506.19000244140625,488.6321225021571,479.27011872387567,66.63238896531858,3.6658529937619244
2025-07-18,508.25,510.5899963378906,504.1300048828125,505.3999938964844,490.22906263495014,480.29481971103684,65.77314443075821,3.7548005778862046
2025-07-21,506.0,510.3800048828125,503.2879943847656,507.3399963378906,491.8586753685635,481.35541487287423,66.90187417029126,0.4037222628546279
2025-07-22,506.9500122070313,507.5499877929687,500.0,500.80999755859375,492.7111822438045,482.11833968407893,59.75828312448727,-1.0628429753381508
2025-07-23,511.0,517.5700073242188,505.9200134277344,517.5599975585938,495.07773608330825,483.5082086203344,68.92438087930685,2.40601579124672
2025-07-24,514.8300170898438,518.7899780273438,514.8300170898438,516.2000122070312,497.0893814284247,484.79024013353825,67.57845742845599,1.7463665260169663
2025-07-25,513.9400024414062,519.0999755859375,512.3400268554688,517.6500244140625,499.04753790324736,486.0788591249314,68.2894633047464,3.3625580434820495
2025-07-28,515.0,515.0,506.614990234375,507.30999755859375,499.83443882280415,486.9114527889966,58.44636711271799,-1.9804467208344443
2025-07-29,509.2099914550781,509.8200073242187,505.4200134277344,505.4200134277344,500.366398308988,487.6372786963981,56.83384296485967,-2.0883375676816844
2025-07-30,502.9200134277344,505.5400085449219,496.6610107421875,498.7900085449219,500.2162659505055,488.0746406512422,51.46924839532198,-3.6433912836164977
2025-07-31,456.2749938964844,458.6600036621094,431.989990234375,443.3900146484375,494.8042420169752,486.3223023766224,27.830294996817802,-12.599787746696942
2025-08-01,429.375,441.6099853515625,428.0050048828125,436.239990234375,489.22669422815613,484.35829013575,26.160334484661583,-13.68763035800339
2025-08-04,436.2799987792969,441.9299926757813,435.2869873046875,438.3200073242187,484.37843833254306,482.55286728039584,27.522825688118456,-12.123338516163791
2025-08-05,443.9100036621094,449.989990234375,441.760009765625,441.7900085449219,480.32239740038864,480.9543238005734,29.8483935378268,-0.36085749580631954
2025-08-06,439.19000244140625,443.7000122070313,437.7099914550781,442.9200134277344,476.76026559346917,479.4627822173248,30.629015908807588,1.531272543301327
2025-08-07,442.6600036621094,449.4200134277344,441.4200134277344,448.6799926757813,474.0859538870227,478.25561400000936,34.6225433739383,2.3635666130794455
2025-08-08,448.7699890136719,449.9100036621094,442.6400146484375,443.8399963378906,471.20538650139105,476.9059819348282,32.90822276405507,0.4640185955586871
2025-08-11,445.1199951171875,445.5270080566406,440.75,441.3500061035156,468.3620169396886,475.5116299414434,32.029561727217,-0.35446746062986567
2025-08-12,442.75,447.6600036621094,440.0,446.1600036621094,466.24753948468106,474.3605857736264,35.60633943046929,-0.5616450599108594
2025-08-13,449.4500122070313,452.3500061035156,446.5400085449219,451.2099914550781,464.8153920532903,473.45271932976175,39.22247768648004,1.6605072048479383
2025-08-14,454.6000061035156,465.1000061035156,454.4100036621094,464.4299926757813,464.7786873506704,473.09888691195863,47.529460177625005,5.229406650750658
2025-08-15,465.760009765625,466.8599853515625,459.6199951171875,460.5499877929687,464.3759540594607,472.6067732210179,45.561206898055154,3.2252967573842173
2025-08-18,461.0,464.1300048828125,459.7799987792969,463.1700134277344,464.26110257072486,472.2367042095166,47.1526790008257,2.6506553930880705
2025-08-19,467.739990234375,473.4299926757813,466.9500122070313,471.5,464.95052137351297,472.2078138483591,51.96114584497573,1.522297749007409
2025-08-20,471.2999877929687,472.6199951171875,467.6000061035156,468.4200134277344,465.28094918820074,472.05927265539344,50.14439548631816,1.708832014626716
2025-08-21,466.0700073242187,467.0799865722656,462.0799865722656,467.0199890136719,465.4465720287218,471.8616536890514,49.30059424776994,0.8312229795373375
2025-08-22,469.1600036621094,476.5549926757813,468.3999938964844,471.0199890136719,465.9773736463361,471.82864723119343,51.79637550368337,-0.10180508723820254
2025-08-25,470.9599914550781,473.06500244140625,467.5299987792969,467.5400085449219,466.12619601763,471.6604653219279,49.51276351140111,-0.1878666277243218
2025-08-26,469.6099853515625,471.260009765625,466.3800048828125,467.94000244140625,466.29893948656104,471.5145648168094,49.78679604056987,0.19699658459532057
2025-08-27,471.0799865722656,474.3999938964844,468.9200134277344,469.3599853515625,466.5904676641802,471.4300715044468,50.80757840456704,-0.35242743425506545
2025-08-28,479.6000061035156,480.2200012207031,475.9299926757813,478.9800109863281,467.77042417105145,471.7261475625598,57.161314292720924,2.446849944887033
2025-08-29,477.1199951171875,478.2799987792969,475.2200012207031,477.2099914550781,468.669430579054,471.9412002642272,55.734903160514904,1.9810208499609154
2025-09-02,482.8999938964844,492.2300109863281,482.2999877929687,492.0799865722656,470.89900734031227,472.73095659003263,63.887830083128776,4.840634466034694
2025-09-03,492.0,495.69000244140625,490.2999877929687,494.8200073242187,473.17719781497004,473.5971938737262,65.16116730825357,3.3070265928785703
2025-09-04,494.9599914550781,498.7000122070313,494.6499938964844,495.19000244140625,475.27365539844016,474.4439706803019,65.33889661959334,3.767735652705977
2025-09-05,493.8399963378906,497.2000122070313,488.6300048828125,488.7699890136719,476.5590205046527,475.0057753208262,59.6523614350842,-0.6726543750845376
2025-09-08,484.0,485.7799987792969,478.5700073242187,478.9700012207031,476.78863771570514,475.1612351600371,52.186071946306775,-3.203186182633525
2025-09-09,477.55999755859375,480.5199890136719,473.4299926757813,479.6199951171875,477.0582908015606,475.3360884916901,52.60974868767637,-3.1442491260838983
2025-09-10,478.3299865722656,481.2300109863281,472.6600036621094,473.6199951171875,476.7308340697155,475.26879071229786,48.35072689623982,-3.0996162278819046
2025-09-11,475.7099914550781,481.3800048828125,475.0700073242187,479.3599853515625,476.9812294298914,475.42922971775926,52.32686899934636,0.08142141049866616
2025-09-12,476.55999755859375,479.1000061035156,476.0,478.0,477.0782551984732,475.53004423863143,51.318818946213426,-0.3377663845711186
2025-09-15,478.2699890136719,479.80999755859375,475.1099853515625,478.94000244140625,477.2555644597049,475.66376808972063,52.007018696697685,1.1232649337159897
2025-09-16,488.5799865722656,488.7099914550781,480.1400146484375,480.3299865722656,477.54836656566306,475.84675704982044,53.063661396332535,0.2023533983529573
2025-09-17,470.3299865722656,473.5,467.4700012207031,470.0299987792969,476.83233153839006,475.61864888234896,45.133826668548785,-1.6673642721136244
2025-09-18,476.1700134277344,485.0899963378906,475.6000061035156,483.7699890136719,477.49306082175025,475.93830927965575,54.830938193010844,1.0084742447163886
2025-09-19,482.2300109863281,482.4500122070313,475.010009765625,479.5899963378906,477.69276896614457,476.0815126937042,51.82976708743039,-0.15405872110040927
2025-09-22,474.2999877929687,479.4500122070313,473.7000122070313,477.739990234375,477.69726622978555,476.1465510286325,50.511990207542574,1.6403190168928687
2025-09-23,487.489990234375,491.010009765625,484.8699951171875,486.5,478.53562182694884,476.55256863535277,56.19180412095876,0.564320038102027
2025-09-24,479.5299987792969,481.5249938964844,477.94000244140625,480.6000061035156,478.7322298532885,476.71129167332,51.873517431249255,0.2105985890734483
2025-09-25,474.7000122070313,476.1400146484375,468.8269958496094,473.1700134277344,478.2024949556167,476.57241801663037,46.97742906250453,-0.9565824297854226
2025-09-26,474.1000061035156,476.0700073242187,472.2200012207031,475.3599853515625,477.9317797552306,476.5248716376081,48.5197647849099,-2.2898282936151078
2025-09-29,481.6300048828125,483.1099853515625,480.1099853515625,482.0400085449219,478.3230396399631,476.7411515163263,53.00979800568593,0.2996259723509222
2025-09-30,482.1000061035156,485.5199890136719,480.8049926757813,485.2200012207031,478.9798931238431,477.07365542630185,55.02098213232699,2.546650770549961
2025-10-01,482.7699890136719,490.989990234375,481.75,490.239990234375,480.05228332484614,477.5899822815204,58.07177241980135,3.130260295638405
2025-10-02,501.9100036621094,504.489990234375,496.4100036621094,504.0899963378906,482.34158932608847,478.6291985190251,65.1042290962414,4.574306572503906
2025-10-03,499.44000244140625,503.7799987792969,497.69000244140625,501.1499938964844,484.1328659518405,479.5123669652,62.70013508006107,3.2830453476165475
2025-10-06,501.3999938964844,501.3999938964844,490.4700012207031,491.5299987792969,484.8373547925506,479.9836466441842,55.48080580088982,0.26313817122612637
2025-10-07,493.4200134277344,495.0,488.9849853515625,490.8599853515625,485.41093865531366,480.41016973074807,55.00576607450877,-2.624533532194928
2025-10-08,488.1700134277344,490.5400085449219,477.010009765625,479.2099914550781,484.8203722552912,480.3631039160159,47.40528915285533,-4.377931299733407
2025-10-09,419.1799926757813,422.8999938964844,402.8599853515625,407.3800048828125,477.445099172198,477.50102160098834,24.72268174351107,-17.120011821347404
2025-10-10,412.239990234375,412.9800109863281,393.3800048828125,395.7200012207031,469.6617565101509,474.2939227625458,22.814358164675014,-19.38230594671889
2025-10-13,386.7099914550781,387.1400146484375,377.6400146484375,378.7200012207031,461.0006369587749,470.5459258393363,20.348218093588915,-20.969928011986177
2025-10-14,375.80999755859375,386.6099853515625,372.30999755859375,382.19000244140625,453.49486224283504,467.08098766686845,22.196939854044707,-6.183416500437335
2025-10-15,381.125,391.760009765625,379.69000244140625,389.55999755859375,447.40582751100254,464.040948839093,26.11914432017595,-1.5566571421983253
2025-10-16,393.2699890136719,400.2799987792969,390.7799987792969,392.4599914550781,442.17289074377163,461.23385247109246,27.664399503780068,3.628007549135984
